Year,State,County,Crop Fire Emissions,Crop Residue Emissions,Manure Fertilizer Emissions,Soil Emissions,Synthetic Fertilizer Emissions,Corn Yield
2021,ALABAMA,BALDWIN,8564.807217461075,4668.087060000001,10456.16208,59019.54718414474,45922.7769,151.28205128205127
2021,ALABAMA,BARBOUR,589.2835116008519,1090.0070999999998,4432.23144,33297.90157583952,28706.698020000003,183.47826086956522
2021,ALABAMA,BLOUNT,296.5698848252269,4114.03356,5180.994,24484.589499483216,29192.38686,147.14285714285714
2021,ALABAMA,CALHOUN,0.0227745008872888,698.5797,1804.48632,21651.33199980057,11389.65828,157.0
2021,ALABAMA,CHEROKEE,3.507334454644426e-05,1162.9527,2349.95124,22010.477310909177,16576.7784,168.25
2021,ALABAMA,CHILTON,4.16047443970857e-05,595.28196,2796.1861200000003,26109.29452039008,19408.394460000003,136.6
2021,ALABAMA,COLBERT,332.1756281719735,4675.0431,2942.13192,22398.126230988284,23708.48844,172.20095693779905
2021,ALABAMA,COVINGTON,260.1496596473139,1216.34058,4344.15072,38930.21228281255,36973.1271,98.63636363636364
2021,ALABAMA,CULLMAN,187.66035976506924,16205.050679999998,13224.163679999998,28024.73621209742,51145.11948,172.35294117647058
2021,ALABAMA,DALE,3536.016856552951,1245.49152,4929.1788,20819.02697222484,33731.92368,118.94736842105263
2021,ALABAMA,DALLAS,1806.6413262728377,1411.01142,3709.95534,36957.76339627484,26418.21,150.0
2021,ALABAMA,DE KALB,62.19880592164888,14528.80884,12564.87414,29113.57359686031,64757.31444,155.98540145985402
2021,ALABAMA,ELMORE,77.71761350369499,817.89708,2988.43818,23253.23413236825,23627.62038,142.66666666666666
2021,ALABAMA,FAYETTE,3.764411806815907e-05,508.06938,847.06986,23623.780889536,6101.004,121.26666666666667
2021,ALABAMA,HENRY,4280.784738241078,1277.9403,5108.1849,20841.8298566396,41690.22312,159.21052631578948
2021,ALABAMA,JACKSON,52.6611617323492,15442.20132,7684.58964,41700.7618670335,43272.411,153.27868852459017
2021,ALABAMA,LAUDERDALE,376.3674895678054,7227.003420000001,3979.70118,25465.11322568184,29554.8435,172.17557251908397
2021,ALABAMA,LAWRENCE,814.75562506434,11275.2822,6618.48096,26251.81249838166,50679.43608,183.49056603773585
2021,ALABAMA,LIMESTONE,211.08182463152,8579.76756,3514.07238,20990.04855918693,25945.859939999995,188.00738007380073
2021,ALABAMA,MADISON,433.1538832891866,11631.86934,4777.1451,25237.08446147672,34859.18436,185.43130990415335
2021,ALABAMA,MARION,1.785044368458163,1204.90188,1455.9362999999998,27848.013905957523,9606.64068,116.0
2021,ALABAMA,MARSHALL,429.1887811024913,7996.8798,6586.25058,21605.72623911066,36526.0623,155.0
2021,ALABAMA,MONROE,3426.874592132835,572.208,2555.52024,38730.68710461265,22736.16072,185.86206896551724
2021,ALABAMA,PERRY,587.8719979947527,876.14982,1319.0268,27055.613914079902,8084.7039,148.0
2021,ALABAMA,RANDOLPH,3.45646402494622e-05,739.79724,3832.20474,21691.237029394004,24194.7615,135.0
2021,ALABAMA,TUSCALOOSA,7.71322892164681e-05,845.3772600000001,2866.0632,48404.80780181742,20620.7274,162.69230769230768
2021,ALABAMA,WALKER,4.776370000205363e-05,883.60818,798.9945600000001,29974.38222032507,3149.38806,124.57142857142857
2021,ALABAMA,WILCOX,29.31119341812319,402.25458,1384.40484,34210.0166765557,9676.79076,133.5
2021,ARKANSAS,ARKANSAS,19827.03192,70482.58308,38688.741,38531.16192815694,167737.30974,188.29313543599258
2021,ARKANSAS,ASHLEY,5066.772558556728,26698.75572,12060.74688,34626.169188890075,59805.81516,183.16455696202533
2021,ARKANSAS,CHICOT,10424.085601567454,53860.07172,24707.14974,24889.34057840388,118358.64222,176.0
2021,ARKANSAS,CONWAY,3388.3932796978006,1919.00982,4874.47506,21189.573731863533,23646.76314,139.73684210526315
2021,ARKANSAS,CRITTENDEN,20739.502740209897,44178.80922,17253.74742,22688.86291850399,83960.86608,183.60730593607306
2021,ARKANSAS,CROSS,36836.26464099473,46911.60474,21697.29744,23344.44563296305,95669.56308,189.34426229508196
2021,ARKANSAS,DESHA,11540.938861779849,48202.86744,20234.92926,29358.704522377942,96325.58754,179.21875
2021,ARKANSAS,DREW,4089.3059538932457,16336.03062,7008.2922,31165.83255886406,30847.1982,174.86033519553072
2021,ARKANSAS,JACKSON,42551.18814,46380.5706,23008.55466,24034.23267353552,113587.9836,178.83597883597884
2021,ARKANSAS,JEFFERSON,18424.00392008143,41454.01806,22351.77126,33035.66848711982,103592.07222,188.24480369515013
2021,ARKANSAS,JOHNSON,1011.774518967875,808.00902,1521.20514,25145.87294009688,6700.653960000001,134.76190476190476
2021,ARKANSAS,LAFAYETTE,2589.675549035328,1874.54904,8043.9177,20408.575183283418,35986.96374,146.44444444444446
2021,ARKANSAS,LEE,10688.686380809371,41856.7422,20270.42472,22837.081626138573,97897.49424,184.6886446886447
2021,ARKANSAS,LINCOLN,9009.627901413856,26183.47368,11221.998060000002,21702.63847865086,50446.7145,172.20657276995306
2021,ARKANSAS,LOGAN,1529.1180344500797,1505.49672,3358.67532,26981.504567820808,14956.463339999998,150.45454545454547
2021,ARKANSAS,LONOKE,22561.03986,46305.88872,24012.211860000003,29421.41243972917,99667.56618,188.4862385321101
2021,ARKANSAS,MONROE,12409.611660273173,43316.89362,24405.83418,23110.71614362077,120191.50962,172.17391304347825
2021,ARKANSAS,PHILLIPS,19570.56870050468,55434.70296,31653.54738,26274.61536840678,157004.51676,182.82894736842104
2021,ARKANSAS,POINSETT,55911.211740245424,63891.36936,30518.08032,28617.611020687888,135900.45377999998,175.4746835443038
2021,ARKANSAS,PRAIRIE,17249.8092,43842.2439,20367.77106,25231.38373357792,85644.88296,184.67680608365018
2021,ARKANSAS,SAINT FRANCIS,19037.36262167964,42013.078380000006,15787.33338,23994.32763943625,72183.00726,177.89772727272728
2021,ARKANSAS,WHITE,5795.347323425394,20188.48104,11054.9712,38696.48278329578,44197.16028,181.1764705882353
2021,ARKANSAS,WOODRUFF,21929.03664076161,42516.23376,22189.2216,22267.00968103247,117311.93292,192.41803278688525
2021,ARKANSAS,YELL,242.352761025264,1619.86734,3449.20212,35350.16053886073,16568.64846,150.76923076923077
2021,CALIFORNIA,COLUSA,25637.71506976614,31409.196000000004,28140.5124,43639.0064425742,141528.92754,140.5
2021,CALIFORNIA,HUMBOLDT,0.0002121206083288,0.0,8310.04902,133117.4969816631,4139.42802,0.0
2021,CALIFORNIA,KERN,154010.05639061486,29990.11470000001,101493.61404,298119.11710094794,378205.68786,40.0
2021,CALIFORNIA,MADERA,141104.69737793496,10061.88456,61058.80872,79707.45761818712,245891.27472,30.495049504950494
2021,CALIFORNIA,SACRAMENTO,10372.446360490796,19138.94346,39948.04086,25248.48590128582,163785.67296,100.74074074074075
2021,CALIFORNIA,SAN JOAQUIN,96374.36826,44754.45156,121983.15402,48467.51570841276,518012.73342,69.88603988603988
2021,CALIFORNIA,SUTTER,16392.31326,29825.59944,39478.59006,22004.77659783608,154332.50742,127.33333333333333
2021,COLORADO,ADAMS,3.429363909812412,6615.07938,3431.67552,40144.46549515576,34085.78082,34.46735395189003
2021,COLORADO,BENT,227.286447059202,7188.799800000001,6886.435920000001,57218.1198804121,39903.7548,151.66666666666666
2021,COLORADO,CHEYENNE,0.0001073820269293,11225.503379999998,6321.12936,67388.20314663809,59619.028560000006,59.322916666666664
2021,COLORADO,DELTA,706.5123672355587,4273.56384,7040.88294,42818.10285349941,48576.47886,165.58139534883722
2021,COLORADO,ELBERT,0.0001110883011,902.23224,620.0048400000001,69714.09663060082,3051.52302,13.8625
2021,COLORADO,KIOWA,17.385646332173675,7539.26082,3464.38092,66846.63481066238,39480.28266,33.94648829431438
2021,COLORADO,KIT CARSON,0.0888695920663816,32204.97462,19707.00732,81326.46190261953,149954.87052,91.02869757174393
2021,COLORADO,LINCOLN,0.000154836870756,2792.0529,1483.92972,97168.76091343528,13214.98542,30.265486725663717
2021,COLORADO,LOGAN,13.87900918131582,20445.7617,11818.65594,69514.57146766265,80413.40034,133.99795501022496
2021,COLORADO,MESA,2644.1878902504,1383.8097000000002,7813.26546,123825.3244791096,46873.26462,139.02439024390245
2021,COLORADO,MORGAN,39.063737011402,23142.95802,13804.14126,48473.2164309336,102753.19236000002,148.15592203898052
2021,COLORADO,PHILLIPS,5.130940137153247,22538.1156,13108.10592,25915.47006068483,85950.8286,120.22033898305085
2021,COLORADO,PUEBLO,8.090540519020898,918.41022,5111.63016,88201.52941549919,29302.25844,170.53571428571428
2021,COLORADO,WASHINGTON,0.5706312075127644,17772.458339999997,9295.61178,94951.18110036248,80535.08736,39.10687022900763
2021,COLORADO,WELD,427.9344502564834,54733.98294,35783.38218,147523.2147189745,224849.60316,122.87441860465117
2021,COLORADO,YUMA,9.64820035632101,40599.66456,25567.83138,89449.98695003138,168415.05408,159.31799163179917
2021,DELAWARE,KENT,394.0571574142344,28341.00906,10884.52638,19975.32051792148,57734.78802000001,186.42201834862385
2021,DELAWARE,NEW CASTLE,86.32759393127112,11361.5502,4162.163460000001,10101.67464615055,23592.50712,179.41520467836258
2021,DELAWARE,SUSSEX,692.6442956126992,35911.42464,20889.21198,33064.17208446234,125266.21926,177.84552845528455
2021,GEORGIA,ATKINSON,2860.052354452435,763.9359,3748.75956,12923.530711838075,24281.04042,157.8125
2021,GEORGIA,BAKER,21571.84680493269,2540.59806,13486.95894,13105.953730949328,84022.39482,188.10344827586206
2021,GEORGIA,BANKS,1.396211618254645e-05,310.18260000000004,1260.64302,8762.00560346538,7345.87308,146.0
2021,GEORGIA,BARTOW,2.5934835200752684e-05,709.9801800000001,2224.22928,16275.55367559628,13333.91514,170.0
2021,GEORGIA,BEN HILL,9990.86850324549,1252.8570599999998,6589.18806,9389.084730175016,42178.42902,226.05263157894737
2021,GEORGIA,BERRIEN,18642.677642230847,2016.49266,10062.4251,17022.34790722003,62249.36718,168.45238095238096
2021,GEORGIA,BLECKLEY,2562.753426287365,944.02854,3903.77442,8163.430075406404,23796.28524,191.1764705882353
2021,GEORGIA,BRANTLEY,2.684323572346765e-05,130.19915999999998,656.71788,16845.625602097596,4304.48382,105.0
2021,GEORGIA,BULLOCH,12655.502464662482,2760.3576,9439.673880000002,25339.69740522368,60658.30134,147.0
2021,GEORGIA,BURKE,5713.777098216482,2438.79636,8701.640220000001,31348.25557168167,55081.85592,198.91402714932127
2021,GEORGIA,CALHOUN,8813.13294335001,1758.38754,7887.204780000001,10529.228595096332,51767.89254,211.10091743119267
2021,GEORGIA,CANDLER,4208.64774204283,906.21258,3678.3201,9309.274658924123,22629.46686,60.666666666666664
2021,GEORGIA,CARROLL,2.833301260656817e-05,748.06914,2321.38452,17780.54357778079,11762.3961,135.66666666666666
2021,GEORGIA,CHATTOOGA,1.843144680405449e-05,611.4381,1590.15948,11566.759513072991,11160.567599999998,150.66666666666666
2021,GEORGIA,COFFEE,14230.28071259258,2234.10642,10316.58264,22232.805366111,68244.75294,160.78947368421052
2021,GEORGIA,COLQUITT,37737.93132314963,2752.29864,12177.72738,20630.90323935733,76194.70404,190.98360655737704
2021,GEORGIA,DECATUR,28428.31836518859,3458.83356,16440.10368,23059.409669131,103092.20922,181.3846153846154
2021,GEORGIA,DODGE,2941.787587879799,1474.11264,6850.12146,18783.87017502199,41563.7586,190.37037037037038
2021,GEORGIA,EARLY,20557.66122563172,3171.51198,15307.50312,19661.780956310857,97561.20738,191.171875
2021,GEORGIA,EMANUEL,3066.467595686178,1211.23548,4931.79414,25961.07580606941,30251.62686,130.85714285714286
2021,GEORGIA,FRANKLIN,1.587884130641281e-05,670.5153,1555.6632,9964.857381522776,8365.06944,142.0
2021,GEORGIA,GORDON,2.061160808242652e-05,849.75072,2503.4919,12934.93215164718,15154.67226,144.05405405405406
2021,GEORGIA,HART,278.6690534786868,756.0953400000001,1600.22772,9354.880413509349,7722.8151,178.88888888888889
2021,GEORGIA,IRWIN,25428.026463478887,2938.94874,14772.25386,13567.711995063672,94777.07694,176.72566371681415
2021,GEORGIA,JEFFERSON,2642.373488951092,1555.70142,5755.24404,20003.82411918844,35342.853,200.52631578947367
2021,GEORGIA,JOHNSON,1.831335473304425e-05,453.54582,1284.21384,11492.650160709203,7275.723,152.17391304347825
2021,GEORGIA,LAURENS,24.54184607694804,1412.30544,4878.056820000001,30584.359183978,29657.31678,157.19298245614036
2021,GEORGIA,LEE,10370.401080123036,1971.73158,9803.62656,13299.778187166175,64905.56982,184.75862068965517
2021,GEORGIA,LOWNDES,10958.779634801624,1088.3964,5135.55042,18008.572344892917,32620.39326,161.63636363636363
2021,GEORGIA,MACON,3479.744650419611,1295.06832,5416.30362,15055.59974712762,31777.18908,188.22222222222223
2021,GEORGIA,MILLER,25600.411024956124,3114.4604400000003,17112.38256,10614.739384551183,103512.59646,182.82178217821783
2021,GEORGIA,MITCHELL,41986.55850641924,3995.31132,19785.06348,19040.402546017376,122743.13142,183.04964539007094
2021,GEORGIA,PIERCE,165.09356038355713,862.3797,4358.062800000001,12866.523518606544,27623.6415,158.0
2021,GEORGIA,RANDOLPH,3844.181046357216,1206.80196,4844.51604,16127.33497150824,32932.41042,180.42372881355934
2021,GEORGIA,SCREVEN,6882.429244531366,2012.10828,7783.00068,24627.107491719085,49315.35336000001,167.72151898734177
2021,GEORGIA,SEMINOLE,18976.20348305724,2324.73696,12530.97846,9440.391203792697,76842.8934,195.859375
2021,GEORGIA,SUMTER,8477.51022362143,2094.35772,9547.97298,18287.90759129137,62120.50572,196.6153846153846
2021,GEORGIA,TATTNALL,4561.406599117973,1439.55084,5917.739100000001,18236.60111738299,34501.974780000004,161.33333333333334
2021,GEORGIA,TERRELL,4457.104502496692,1819.66512,7935.880680000001,12592.888990949845,55119.15864,193.6813186813187
2021,GEORGIA,THOMAS,14547.36822310524,1570.19772,7634.05734,20340.166561289378,49090.37952,126.85714285714286
2021,GEORGIA,TIFT,24471.61614330505,1944.7428,8834.6895,9679.821416818622,53640.896400000005,180.55555555555554
2021,GEORGIA,TOOMBS,4743.049518240719,1002.8928,4030.47918,13636.120627668255,24033.30384,153.0
2021,GEORGIA,TWIGGS,167.46685112705168,294.4305,1186.5945,13664.624224574723,7027.76802,160.0
2021,GEORGIA,UNION,1.967595553286637e-05,69.98082000000001,371.26362,12347.758060344964,1903.96752,100.5
2021,GEORGIA,WALTON,1.7986330542458097e-05,412.43202,1041.24384,11287.42426565709,4094.43762,56.25
2021,GEORGIA,WARE,69.94823041425241,382.42932,1990.0608,33651.346181723915,12582.160500000002,118.18181818181819
2021,GEORGIA,WASHINGTON,304.4676249778741,844.96776,2665.18434,25630.43408896028,15136.22838,186.9090909090909
2021,GEORGIA,WHITFIELD,1.539738902515853e-05,514.3866,1640.23314,9662.719257831714,9956.441040000002,127.14285714285714
2021,GEORGIA,WILCOX,12451.71930875196,1699.57242,7012.63836,14348.710543207742,43107.25146000001,168.69565217391303
2021,GEORGIA,WORTH,42214.61718,3557.45754,14458.9263,21457.507545575027,90823.15787999998,168.55072463768116
2021,IDAHO,ADA,381.0080220716083,17755.95276,13779.52758,34534.95767303354,44743.35684,71.94805194805195
2021,IDAHO,CANYON,4486.018992581867,56005.28388,34901.450220000006,20197.648573123297,127453.52802,80.34031413612566
2021,IDAHO,ELMORE,982.5127115926329,49019.24118,26611.14456,116397.28720452957,44926.77462,105.11520737327189
2021,IDAHO,GEM,27.04773320289208,10205.82108,7346.93778,21041.3550392,27364.92486,126.79245283018868
2021,IDAHO,GOODING,2307.690396410145,33890.6022,18117.2355,27762.503116982327,74658.64224000002,48.03719008264463
2021,IDAHO,LINCOLN,1598.64780255785,40998.47388,15304.12884,45149.69706166905,26743.19466,49.62264150943396
2021,IDAHO,OWYHEE,1569.451287909462,25495.21884,15698.03508,290166.61374660366,61877.87424,113.89728096676737
2021,IDAHO,PAYETTE,1553.0260284964718,17640.06972,10712.99502,15266.526354671438,41777.59404,46.48351648351648
2021,IDAHO,TWIN FALLS,5231.670860184878,88616.073,40370.87418,71857.56709668778,107116.50768,60.0
2021,ILLINOIS,BOND,86.53490113765405,19237.764,6768.068579999999,14445.622771846696,41536.54596,204.1274238227147
2021,ILLINOIS,BOONE,221.9530325774612,13135.6953,5463.898440000001,10244.192628211926,36055.36662,197.3368841544607
2021,ILLINOIS,BROWN,160.88173144588313,10004.21604,4372.90854,11623.76670607196,26393.17044,176.64041994750656
2021,ILLINOIS,BUREAU,470.6035653616915,54199.28514,25296.51852,32596.71311173713,161983.88388,201.4690618762475
2021,ILLINOIS,CALHOUN,163.23871445750825,6696.7173,2888.72766,10124.47752220769,16329.66972,178.5427135678392
2021,ILLINOIS,CARROLL,106.71536455158456,20425.09014,11415.42948,17090.756544475822,73540.94748,202.41732283464566
2021,ILLINOIS,CASS,312.25327957991755,19919.34672,10202.5014,14394.316297792964,60500.29986,208.3625
2021,ILLINOIS,CHAMPAIGN,271.37650569671126,62688.91356,25993.40562,35834.721680456634,161853.10596,220.29867674858224
2021,ILLINOIS,CHRISTIAN,627.3534255559426,54696.871320000006,23426.867100000003,26685.067166505247,143736.83142,216.4157894736842
2021,ILLINOIS,CLARK,270.1694603530387,31854.57366,13201.65756,18852.278813876623,81205.61904,202.48070562293273
2021,ILLINOIS,CLAY,616.1741509362352,28390.23096,9566.95194,17478.40545946768,55174.233660000005,207.19626168224298
2021,ILLINOIS,CLINTON,321.063498340391,24157.52976,9098.26554,17655.127757758673,54591.81,198.49017580144778
2021,ILLINOIS,COLES,311.2963387593479,35629.06074,14109.87396,19074.6068663168,88781.1015,217.17948717948718
2021,ILLINOIS,COOK,13.859948766045598,1504.7214,680.08122,5598.10637795262,3975.6171,167.93103448275863
2021,ILLINOIS,CRAWFORD,330.73693127638217,29589.39438,12371.02776,16777.2169758884,73023.2412,200.32374100719426
2021,ILLINOIS,DE KALB,440.07902531286334,39546.09204,17458.96698,22529.24277033356,114374.7423,199.96363636363637
2021,ILLINOIS,DE WITT,404.9381567541263,24528.73878,10017.09072,15044.198307027817,62443.4265,206.49052841475574
2021,ILLINOIS,EDGAR,519.6345890344538,44686.17972,17935.47756,23247.53341464393,113711.81094,205.1863354037267
2021,ILLINOIS,EDWARDS,193.66482688289,14919.49914,6268.26018,8197.634390618572,36375.79218,182.93577981651376
2021,ILLINOIS,EFFINGHAM,320.15911450883084,25372.00302,10474.04904,17940.163724061676,60768.86088,210.09259259259258
2021,ILLINOIS,FAYETTE,608.1076524363544,38068.86174000001,14262.28986,26958.701696196844,83025.42066,204.4890829694323
2021,ILLINOIS,FORD,158.77628170796652,31827.262739999995,12640.86642,18088.38241643452,79608.84204,196.4962962962963
2021,ILLINOIS,FRANKLIN,569.8720368392101,22230.36816,7400.68056,15534.460163586384,41246.90934,174.93506493506493
2021,ILLINOIS,FULTON,463.189177206209,36202.85214,15325.16076,32357.28288940881,94299.01572,190.59541984732823
2021,ILLINOIS,GALLATIN,470.98722967989886,22533.005040000004,12055.45614,12324.955183343049,63744.89394,189.15282392026577
2021,ILLINOIS,GREENE,672.4984375231504,33670.99008,15441.10386,20362.969428988887,93155.14572,192.7289719626168
2021,ILLINOIS,GRUNDY,309.87013388478744,24362.20332,10053.75462,15483.153695055951,64703.93202000001,198.85436893203882
2021,ILLINOIS,HANCOCK,375.35973241906873,39562.38468,16424.045820000003,30248.01674463872,99955.87056,198.33434650455928
2021,ILLINOIS,HARDIN,54.15648776945852,2391.13056,1011.77622,6772.454559902979,5186.17554,172.72727272727272
2021,ILLINOIS,HENRY,708.1511814806704,48586.60170000001,21802.82286,30424.73903973202,138018.88464,200.26872246696036
2021,ILLINOIS,IROQUOIS,377.3405947715602,72339.43626,29951.23404,42014.30143169647,188088.63528,192.3627760252366
2021,ILLINOIS,JACKSON,674.0133202359505,19299.18354,5673.63888,21993.375162096763,28535.155739999995,178.4498480243161
2021,ILLINOIS,JEFFERSON,410.9583762708136,25507.26906,7919.22768,21001.45000001348,43541.59992,171.6342412451362
2021,ILLINOIS,JO DAVIESS,188.489553645601,19274.32962,10160.841600000002,22711.66580059316,65362.45716,192.61133603238866
2021,ILLINOIS,KANE,446.7935532163868,20251.40208,8565.51696,13584.81415390523,55329.974700000006,203.9221140472879
2021,ILLINOIS,KANKAKEE,287.9382271795288,40550.45358,18202.3842,24552.99813107035,116620.36386,188.6039886039886
2021,ILLINOIS,KENDALL,215.3911325179305,18126.00972,7481.74518,10358.207014965692,48904.07886,208.89204545454547
2021,ILLINOIS,KNOX,477.1558432349621,36405.5601,15199.75002,26679.366451833288,95150.055,195.56549520766774
2021,ILLINOIS,LAKE,88.17805184940782,3073.00812,1451.96142,7764.3797222042895,9221.16468,161.875
2021,ILLINOIS,LAWRENCE,354.3067303100365,26943.83874,12172.04352,13909.755154888906,70097.39646,188.57519788918205
2021,ILLINOIS,LEE,521.0342686007496,46546.61466,22161.88338,27249.43837557295,142890.31301999997,196.65494505494505
2021,ILLINOIS,LIVINGSTON,431.8662427794944,68038.89456,26996.24382,39078.43098201683,170648.9421,206.6955017301038
2021,ILLINOIS,LOGAN,431.6622246339459,39433.97094,16989.42336,23019.50463561312,105094.1619,206.4955223880597
2021,ILLINOIS,MACON,411.6203035782313,35062.361880000004,14497.708680000002,20665.10756169165,89726.05824000001,218.15555555555557
2021,ILLINOIS,MACOUPIN,880.6288550936688,51434.79432,22737.49842,32100.75052320997,136454.61648,194.63841807909606
2021,ILLINOIS,MADISON,145.0050956609001,33585.73218,12720.04188,24267.9621721802,78853.68582,205.04265402843603
2021,ILLINOIS,MARION,592.4156579183162,28048.82262,9583.18452,21320.690285889148,55391.99484,199.07035175879398
2021,ILLINOIS,MARSHALL,97.33094115713176,21590.37426,9427.61274,14804.768088769288,58954.59024,211.76906779661016
2021,ILLINOIS,MASON,511.7710413819842,36850.79034,23524.7922,20539.69172640779,130082.7801,194.5593220338983
2021,ILLINOIS,MCLEAN,518.256648523067,73795.97316,30403.08726,42977.72299483839,190820.54082000005,203.73417721518987
2021,ILLINOIS,MENARD,214.5846112255456,18460.70226,8475.279540000001,11908.802672026128,51214.90374,198.36387434554973
2021,ILLINOIS,MONROE,200.5493545411584,18483.56874,7520.4948,14491.228526867968,39709.640880000006,182.49027237354085
2021,ILLINOIS,MONTGOMERY,713.1040461415073,45517.21356,19817.08638,26257.513221774618,119199.0891,210.15434083601286
2021,ILLINOIS,MOULTRIE,230.77513478388008,24835.95114,10268.32716,12615.691868387808,63022.88538,218.83069427527406
2021,ILLINOIS,OGLE,563.0249124998855,41073.37962000001,19542.89064,28475.09303150436,127313.73018,193.48267898383372
2021,ILLINOIS,PEORIA,417.42992957939583,26804.07912,11837.72772,21320.690281674004,73650.6771,212.27317073170732
2021,ILLINOIS,PIATT,224.70956201690927,28007.8344,11452.42644,16475.07884623799,71301.20087999999,210.05645161290323
2021,ILLINOIS,PULASKI,746.5318207474158,10202.90544,3121.0179,7530.650229518964,16171.242359999998,186.14457831325302
2021,ILLINOIS,PUTNAM,15.7629694975213,7709.476320000001,3407.04,6099.769678826142,21550.0467,197.82608695652175
2021,ILLINOIS,RANDOLPH,854.5948310404784,25785.537960000005,9936.7359,21856.557888893345,51278.43084,182.88315629742033
2021,ILLINOIS,ROCK ISLAND,456.88489223748985,17787.588,8157.5676,14918.78247639515,50305.15308,203.55555555555554
2021,ILLINOIS,SALINE,513.2150523482364,19393.35762,7516.00122,14365.812701322551,43067.73198,189.4512195121951
2021,ILLINOIS,SANGAMON,422.9997992427383,51666.746040000005,22845.917640000003,30561.556313080782,141100.67244000002,213.40414507772022
2021,ILLINOIS,SCHUYLER,158.80603700751425,14527.1217,5963.31372,16355.363745742514,36244.71396,178.89621087314663
2021,ILLINOIS,SCOTT,298.82959122943885,14594.42166,6692.19642,9531.602712701511,40647.88182,187.03406813627254
2021,ILLINOIS,SHELBY,439.5377775639924,49237.74492,21200.20812,28583.40669312097,127235.3082,205.3434650455927
2021,ILLINOIS,ST CLAIR,388.38451679827074,34556.76588,13454.93604,21543.018328154823,83089.60296,196.41386782231854
2021,ILLINOIS,STARK,238.1716937537312,18666.24396,8346.9204,10825.665999972964,53357.66436,214.42508710801394
2021,ILLINOIS,STEPHENSON,210.24393228008648,20949.38664,9954.70476,20876.034170398263,65568.03708000001,195.90595611285266
2021,ILLINOIS,TAZEWELL,575.3206502080697,36264.80676,18354.7728,22688.86291777724,108113.52006,202.07692307692307
2021,ILLINOIS,UNION,335.8424516031548,6836.37318,2114.0028,15745.38677098485,9547.85286,160.94017094017093
2021,ILLINOIS,VERMILION,287.3954869134624,52279.45086,20835.75858,33183.8872017312,131571.41087999998,194.5868544600939
2021,ILLINOIS,WABASH,118.56192638352827,16521.02634,7152.6819,8362.955250844663,42162.169140000005,185.19507186858317
2021,ILLINOIS,WASHINGTON,593.6777480691492,30880.2039,10632.68934,21343.493150100265,64275.12546,196.0956937799043
2021,ILLINOIS,WHITE,618.7429367912143,35697.67109999999,16060.30062,18732.563703293858,87604.79364,190.74973600844774
2021,ILLINOIS,WHITESIDE,361.34114896825145,42357.92106,23166.10296,25641.835527025185,142015.27704000002,199.79676674364896
2021,ILLINOIS,WILL,535.7207061827788,29487.47802,12159.40362,22951.096007223685,78110.79276000001,185.07847533632287
2021,ILLINOIS,WINNEBAGO,379.57808044849367,18676.47054,8199.57138,15614.270233529123,54468.32118,193.27464788732394
2021,ILLINOIS,WOODFORD,189.8220856126012,29704.6113,12269.7393,19353.94211504084,77005.06632000001,217.3872340425532
2021,INDIANA,ALLEN,310.7725400644671,28003.3299,8928.89088,20157.74353306468,57233.3853,192.77854195323246
2021,INDIANA,BARTHOLOMEW,160.9655577290729,15233.13246,6564.596220000001,14628.045789606194,39424.4487,197.77365491651207
2021,INDIANA,BENTON,142.710739491063,26895.7416,10955.61558,15186.716287199642,68471.01534,185.53846153846155
2021,INDIANA,BLACKFORD,21.55632776287851,9895.23444,2808.47112,6156.776872203022,18530.69946,203.8815789473684
2021,INDIANA,BOONE,58.1947424198856,25619.95254,9983.93214,15277.927792881694,62050.60134,207.71428571428572
2021,INDIANA,BROWN,0.0156790036655753,450.6684,186.38802,11925.904829414185,1099.60578,119.25925925925925
2021,INDIANA,CLARK,52.844058845966,2900.4612,2458.5834,12644.19546485822,13462.90218,176.46706586826346
2021,INDIANA,CLAY,227.3091115880598,17013.01056,6496.3353,13311.179626539231,40309.1325,192.7941176470588
2021,INDIANA,CLINTON,4.842443301801367,26358.76698,10770.82188,14707.855861293134,67552.04274,208.28708133971293
2021,INDIANA,DAVIESS,238.70965916688945,26867.28954,12739.66512,16315.458706933909,73685.13516,212.60815822002473
2021,INDIANA,DE KALB,247.28400739982587,17018.85276,5296.8006,13288.376748665218,35016.6999,174.4318181818182
2021,INDIANA,DEARBORN,20.58697742996599,2749.9836,1427.68626,11059.395491277468,8178.6159,151.7910447761194
2021,INDIANA,DECATUR,84.96907469460326,16775.09106,7750.5519,13824.244365332308,47751.40188,177.32262382864792
2021,INDIANA,DELAWARE,41.81911677148818,22448.2167,6992.867700000001,13658.92350467017,45223.96242,197.10973724884082
2021,INDIANA,DUBOIS,68.54041994988619,8635.907280000001,3383.42004,15705.481743280976,17121.88842,186.92737430167597
2021,INDIANA,ELKHART,767.6621447920704,15652.89726,8548.08318,14719.257299358043,52126.33608,131.5811965811966
2021,INDIANA,FAYETTE,2.098932494411969,8412.882660000001,3675.7266,7923.999863107226,22598.24112,194.98533724340177
2021,INDIANA,FLOYD,2.23908741256397,1747.12356,1015.53816,4657.487690359112,5274.392760000001,173.04347826086956
2021,INDIANA,FRANKLIN,1.6849429337331148,6969.05118,3370.5399,14479.827087930962,19775.699580000004,170.55096418732782
2021,INDIANA,FULTON,19.61060119778074,21551.32434,9485.8491,13778.638611473834,60001.94382,180.92613009922823
2021,INDIANA,GRANT,124.26007803539078,23562.6573,7208.33022,14981.490388804485,46663.72074,205.48517520215634
2021,INDIANA,GREENE,139.69226228641884,15290.6754,6429.2046,20003.824107996497,35373.83304,193.0800821355236
2021,INDIANA,HAMILTON,20.326095891852244,18502.7115,7176.1435200000005,10449.418524717536,44427.0918,213.36032388663966
2021,INDIANA,HANCOCK,14.607916255596638,17862.313560000002,6699.64932,10563.432911180598,41821.40508,187.04251386321627
2021,INDIANA,HARRISON,74.99090830641973,8587.77738,4347.65058,18299.30903749588,22465.5522,184.38297872340425
2021,INDIANA,HENDRICKS,277.0513329837234,20836.51206,8035.03974,13151.559484764197,49231.4004,205.50335570469798
2021,INDIANA,HENRY,39.28123928218309,21413.63406,7661.50476,14354.411261804147,49540.60566,199.5739014647137
2021,INDIANA,HOWARD,33.679995416783484,17202.72918,6585.79194,10090.273207794944,41187.14964,223.57859531772576
2021,INDIANA,HUNTINGTON,102.69403648660114,20625.89256,6106.71516,14171.988244480695,41801.58528,201.31955484896662
2021,INDIANA,JEFFERSON,89.05435920378488,3037.96584,2106.98124,13356.785380107009,10325.29134,166.47342995169083
2021,INDIANA,JENNINGS,51.19657846732627,8119.08552,3967.01214,13966.762348847184,23967.936719999994,169.9135446685879
2021,INDIANA,JOHNSON,54.80113449563632,13639.15098,5704.7718,10175.78399691549,34576.5966,169.44767441860466
2021,INDIANA,KNOX,363.713953197589,41362.6668,18496.23594,19633.27736173,106437.0489,201.11013215859032
2021,INDIANA,KOSCIUSKO,86.59388946828915,26629.30452,12056.12772,19633.277355625298,75887.68278,182.7843137254902
2021,INDIANA,LA PORTE,24.83025403477824,25518.60948,13229.43258,21520.215457257607,85525.96416,166.1509433962264
2021,INDIANA,LAGRANGE,558.9136334527382,16791.252660000002,9406.87566,14360.111982435448,55305.61218,148.5211267605634
2021,INDIANA,LAWRENCE,0.0346469767256395,7871.23428,3013.1774399999995,16931.136397032136,16482.29856,187.39583333333334
2021,INDIANA,MADISON,39.18704070639033,26535.61092,9577.1403,15260.82563433084,59956.65858,213.7906976744186
2021,INDIANA,MARION,12.238445230163013,4277.89362,1632.98772,3648.460368271468,9733.44918,177.67441860465115
2021,INDIANA,MARSHALL,59.253445260607904,21984.54804,9958.67964,16577.691806554845,63770.19012,181.33689839572193
2021,INDIANA,MARTIN,10.114638834648057,3612.8274,1604.8141200000002,12741.107693206475,8844.73044,203.67567567567568
2021,INDIANA,MONROE,0.0065019105459728,3527.37294,1305.11472,13750.135014422018,7115.9470200000005,174.25531914893617
2021,INDIANA,MONTGOMERY,300.94471388558003,29746.29294,11869.26468,18709.7608342862,73856.49726,214.92727272727274
2021,INDIANA,MORGAN,69.47840116335217,12221.98068,4971.564780000001,14650.848667770904,30241.92444,193.55371900826447
2021,INDIANA,NEWTON,87.14162213462392,23299.01574,10746.890700000002,15044.198301795215,68666.78364,171.37
2021,INDIANA,NOBLE,136.94713773695324,16754.517780000002,7302.799140000001,15312.132109838063,47013.1935,183.40425531914894
2021,INDIANA,OHIO,12.190265142597031,608.3149800000001,557.81544,3295.015770235978,3078.83394,137.85714285714286
2021,INDIANA,ORANGE,0.0563042242355049,5535.96498,2392.5283200000003,15209.519161875956,12898.037880000002,195.52380952380952
2021,INDIANA,OWEN,17.183182151000725,6180.17946,2374.1445,14457.02421034765,13316.677920000002,179.61722488038276
2021,INDIANA,PORTER,48.00331790479753,12974.50518,6281.31504,13812.842926831354,42838.1499,173.90459363957598
2021,INDIANA,POSEY,354.0101518313693,27865.01718,12773.04756,15272.227074575989,70680.67734000001,217.27840199750312
2021,INDIANA,PUTNAM,216.6484949733492,17495.36334,7033.87776,17905.959397657563,42529.56708000001,193.43065693430657
2021,INDIANA,RANDOLPH,9.63890609093264,26891.18796,8188.14906,16839.92488466399,56547.66936000001,202.0
2021,INDIANA,RIPLEY,45.99692339221133,7537.03314,4320.51984,16583.39251962795,26289.4086,168.25242718446603
2021,INDIANA,RUSH,46.61281974522464,22610.5698,9330.00978,15346.336423887433,58171.47336,194.39810426540285
2021,INDIANA,SCOTT,44.75640827956923,3255.9891,1714.76214,7011.884771402733,9378.63108,156.92307692307693
2021,INDIANA,SHELBY,177.2242957723689,24877.66008,10172.83722,15095.504775267544,63101.08350000001,186.08646188850966
2021,INDIANA,SPENCER,175.20661639709192,12735.75576,4779.3018,15089.804055944389,25289.68806,184.93870402802102
2021,INDIANA,ST. JOSEPH,138.24775322151137,18343.43784,8932.18872,13584.814153905229,59086.47654,159.1776798825257
2021,INDIANA,STEUBEN,104.8248698914723,11029.17816,4347.00084,11988.612743422367,28642.5048,172.09876543209876
2021,INDIANA,SULLIVAN,426.8874691142965,25181.9022,10493.04984,16902.63279750937,64777.40178,190.42212518195052
2021,INDIANA,SWITZERLAND,3.6273729299894426,699.7317599999999,923.66274,8345.8530925845,4902.78516,170.327868852459
2021,INDIANA,TIPPECANOE,133.51892578002565,25864.16196,10814.4582,17204.770926287685,66551.84718,203.5737704918033
2021,INDIANA,TIPTON,25.29625435272681,16900.02678,6480.0918,9600.01134455028,40663.16982,222.92198581560282
2021,INDIANA,UNION,0.1759297465703907,7221.37416,3100.9196400000005,6122.572556700155,19110.75348,205.91463414634146
2021,INDIANA,VANDERBURGH,91.201446299979,10853.37162,4460.1102,6572.929382066448,25828.38804,214.87544483985766
2021,INDIANA,VERMILLION,103.15026823268342,13378.02648,5325.58572,9708.32501169019,35014.750680000005,194.23076923076923
2021,INDIANA,VIGO,260.6102531413369,17592.38208,6784.61784,14286.002630217008,42429.56172,185.09719222462203
2021,INDIANA,WABASH,117.35336136088428,22068.99786,7577.37162,15374.840021811344,50517.15942,184.7831800262812
2021,INDIANA,WARREN,117.94873992575836,20402.11992,8479.827720000001,13835.645804269316,53133.8808,187.35547355473554
2021,INDIANA,WAYNE,14.109982323390737,17439.99348,6367.02612,14382.91485914666,41023.91748,197.57387247278382
2021,INDIANA,WELLS,102.14077217701596,21970.66872,7001.80572,13624.71918960335,45251.40984,213.89312977099237
2021,INDIANA,WHITLEY,84.70009682861519,16798.95672,5676.23784,12524.480359217358,37411.81626,195.67340067340066
2021,IOWA,ALLAMAKEE,112.05033708602194,13871.97084,7338.57306,23823.306066573103,46665.10212,183.33333333333334
2021,IOWA,APPANOOSE,1187.2207392617622,14821.46484,6458.35008,18943.490323337763,35968.96758,162.24269005847952
2021,IOWA,AUDUBON,162.53354324395207,24829.71036,9135.90132,16623.297548203922,61273.54506,212.70754716981133
2021,IOWA,BENTON,619.207292758745,40943.78106,15912.94614,26833.285871523527,100586.54424,205.99445983379502
2021,IOWA,BLACK HAWK,286.37792884650634,32277.71274,12888.941519999998,19895.510450885737,82866.64932,189.72857142857143
2021,IOWA,BOONE,175.11027089795985,32560.45338,12477.85266,21337.79244327721,82658.43768,205.50694444444446
2021,IOWA,BREMER,182.19716328537967,23628.13908,9885.40644,16201.444320616196,62734.73388,194.6255144032922
2021,IOWA,BUCHANAN,369.3449726970889,33798.53021999999,14456.08164,21337.79244385861,91768.74798,203.88888888888889
2021,IOWA,BUENA VISTA,154.25913265082875,30642.76488,10698.23664,21548.719045007027,81949.76244,200.33125
2021,IOWA,BUTLER,275.0807083773543,35202.7494,13876.60092,21816.65286525927,90165.00948,200.62385321100916
2021,IOWA,CALHOUN,164.93661066812072,36577.13514,13239.801120000002,21326.39099809016,91733.00682,214.23926380368098
2021,IOWA,CARROLL,171.94725297793403,33797.90232,12643.181459999998,21349.19387392927,86483.81196,208.99415204678363
2021,IOWA,CASS,369.2773472334089,29415.71724,11686.10898,21138.2672630424,72965.86752,208.15384615384616
2021,IOWA,CEDAR,258.7743926654347,32480.70462,13985.484240000002,21719.740629788863,86711.36292,203.81208053691276
2021,IOWA,CERRO GORDO,524.5457676056488,32818.85334,12448.70172,21309.2888377951,87006.27936000002,196.28482972136223
2021,IOWA,CHICKASAW,186.55790646518813,24137.65536,9697.67526,18903.585288657097,62814.28062,193.93835616438355
2021,IOWA,CLAY,362.98431237874814,28781.3526,9820.29594,21246.58092931021,75631.60878000001,193.53951890034364
2021,IOWA,CLAYTON,224.5634254831776,22868.78412,12479.50704,29244.690134897435,78221.68536,175.97894736842105
2021,IOWA,CLINTON,248.53311177841903,36634.6071,17166.34374,25909.76933157963,103943.90916,200.3763440860215
2021,IOWA,CRAWFORD,213.846941157467,38258.7114,14232.53286,26759.17651436319,99990.88554,215.49618320610688
2021,IOWA,DALLAS,421.1427853520301,32877.723060000004,12917.81946,21343.493162745715,81553.5084,206.19327731092437
2021,IOWA,DAVIS,839.3098474560006,15837.598139999998,6783.2037,18892.1838517986,37511.77794,141.59045725646124
2021,IOWA,DELAWARE,214.5441332618304,24792.0309,13029.48192,21679.8355945268,78960.00294,205.4435261707989
2021,IOWA,DICKINSON,227.60408293072004,17976.307439999997,6117.897239999999,14736.359457036804,46683.34944,174.54694323144105
2021,IOWA,DUBUQUE,194.9162140614996,21594.4092,13888.82586,22044.68163033649,84617.44746,194.96245733788396
2021,IOWA,EMMET,356.3098921708223,21777.04074,7733.69688,15032.796857044215,58759.5099,179.01818181818183
2021,IOWA,FAYETTE,360.9038224891013,30757.55592,13196.70534,27694.094491354543,85014.20382000001,192.34736842105264
2021,IOWA,FLOYD,245.8815833307148,27333.58446,10741.53444,18721.16226784525,71112.80904000001,197.0731707317073
2021,IOWA,FRANKLIN,382.5624916766572,36270.19578,14118.074879999998,21816.65285363128,94119.72024,195.2565445026178
2021,IOWA,FREMONT,914.435425894514,29969.94,12701.96928,19416.650022944326,75227.73258,203.26637554585153
2021,IOWA,GREENE,218.5140923803296,35994.49854,13649.11548,21520.215455222708,90296.67738,217.16981132075472
2021,IOWA,GRUNDY,145.07006706579665,32703.729240000004,12722.8101,18601.447166419537,82567.38126,205.5686274509804
2021,IOWA,GUTHRIE,314.56652785373115,29378.25072,11679.63342,22284.111850484573,74423.82948,214.36966824644549
2021,IOWA,HANCOCK,389.9633061672816,33486.44208,12572.6328,21736.84279488048,89549.8968,206.74054054054054
2021,IOWA,HARDIN,267.4356854561795,36234.78768,14530.94916,21035.65431667916,95539.63146,189.84313725490196
2021,IOWA,HENRY,736.7240590740703,21477.80544,9319.33002,16349.66303232057,54590.72892,165.29947916666666
2021,IOWA,HOWARD,158.48402598011555,22227.1686,8417.50182,17848.95220864118,56345.310840000006,203.26848249027236
2021,IOWA,HUMBOLDT,235.80056270090608,27979.1148,10302.07542,16486.48028633779,70650.7074,202.3515625
2021,IOWA,IDA,67.41626519053021,21171.2319,7529.0943,16138.73641140456,57926.16648,223.1164658634538
2021,IOWA,JACKSON,218.94867142900208,23451.48078,13636.3773,23954.42260242997,83482.9905,176.2905982905983
2021,IOWA,JASPER,818.7916489261845,40655.09448000001,16344.42264,27010.008159349323,102149.22354,217.15662650602408
2021,IOWA,JEFFERSON,600.6168838228248,18888.8973,7900.47804,16537.786768676473,44950.18164,160.0979020979021
2021,IOWA,KEOKUK,943.195100792026,29410.90698,12553.32624,21725.44135652487,74277.43596,172.72427983539094
2021,IOWA,KOSSUTH,1098.6357508524093,56595.80472,20803.27704,37242.799358944096,151884.47274,187.57635467980296
2021,IOWA,LEE,405.5433857650818,18863.5083,8238.74142,19593.37232472372,47503.14660000001,154.4503311258278
2021,IOWA,LOUISA,663.8050415282605,23210.00136,10297.66374,15323.533551827417,61033.5453,186.37974683544303
2021,IOWA,LUCAS,737.0585594131453,13345.94898,5558.59122,16207.14503970679,31870.697040000003,161.8419452887538
2021,IOWA,LYON,125.9454892663806,22351.07784,9393.3021,21981.973722142306,71597.59698,193.64959568733153
2021,IOWA,MADISON,765.8749934360336,21400.764840000003,8707.60254,21098.36222923384,50124.85296,189.34451219512195
2021,IOWA,MAHASKA,628.6745688600174,29994.48816,12773.418839999998,21588.624089426143,77334.08592,195.14329501915708
2021,IOWA,MARION,371.3096606098807,22019.86332,9155.12598,20528.290295755723,53572.79382,194.26450742240215
2021,IOWA,MARSHALL,438.0833594444464,34933.27656,13314.0462,21138.267265658706,85841.86884,192.50735294117646
2021,IOWA,MILLS,498.5334827293413,24859.29264,10282.545,16201.444323087144,63150.34362000001,206.19763694951664
2021,IOWA,MITCHELL,214.47320079391588,23931.24006,9431.058,17923.061557807272,65124.76698,195.7986577181208
2021,IOWA,MONONA,441.1722972722881,38277.73404,19771.05312,26303.11897635984,123229.20792,194.25
2021,IOWA,MONROE,462.5894549551176,12947.2161,5380.6116,16115.933539678848,30546.4068,155.7704918032787
2021,IOWA,MONTGOMERY,399.90686080151926,22390.9686,8950.517940000002,15534.460170199804,54151.258980000006,201.55434782608697
2021,IOWA,MUSCATINE,349.0778599589392,22033.5843,10054.38252,16446.575250203627,59862.29886,198.61751152073734
2021,IOWA,O BRIEN,221.90000888311627,27269.21106,9523.96536,21360.59531882562,76986.36036,201.17784256559767
2021,IOWA,OSCEOLA,146.40739508851937,19073.396160000004,6841.36362,15374.840027916043,53675.58378,198.2510460251046
2021,IOWA,PAGE,782.619203980154,27430.37934,10803.702,19969.619805284423,63883.911,203.83333333333334
2021,IOWA,PALO ALTO,404.7227702131323,31893.90204,11462.2599,21679.8355951082,85010.52923999999,184.20253164556962
2021,IOWA,PLYMOUTH,174.24748502039117,38808.9702,15204.39648,32534.005189444008,115056.40146,180.2279569892473
2021,IOWA,POCAHONTAS,150.93807033274877,33905.93388,12018.86868,21531.616898665565,85648.96704,210.48
2021,IOWA,POLK,303.9848600686104,24596.95056,9961.30044,16657.501870683587,61839.141,213.2112676056338
2021,IOWA,POTTAWATTAMIE,542.0861764262213,52705.11792,22082.42946,34814.29292815298,136793.71524,213.982869379015
2021,IOWA,POWESHIEK,644.1798903806863,29491.829640000004,11645.83056,21919.26580595388,71231.32926,197.62773722627736
2021,IOWA,RINGGOLD,1976.5685569975549,19299.69132,8105.774040000001,20311.66295813286,46198.228440000006,170.8617234468938
2021,IOWA,SAC,132.57183322614682,31455.97728,11053.48608,21520.21544926336,80751.42348000001,225.95107033639144
2021,IOWA,SCOTT,268.8970996600693,22558.90182,10694.68218,15699.781024103168,66040.82939999999,202.23809523809524
2021,IOWA,SIOUX,147.58246237243756,30456.14208,13393.99152,28355.377920340205,101573.1171,190.88128772635815
2021,IOWA,STORY,359.9951038768965,35417.91708000001,13805.38614,20585.29748244651,90877.2228,197.6701754385965
2021,IOWA,TAMA,509.0112969956709,40693.31448,16117.1556,26998.60672913332,102702.2451,210.025
2021,IOWA,TAYLOR,1288.8609846036006,21992.470500000003,8357.19612,20049.42986999457,47933.68398,188.96593673965936
2021,IOWA,UNION,1071.7990885477386,15778.4445,6562.82718,16001.919153462886,38280.6879,180.52252252252254
2021,IOWA,VAN BUREN,653.486963384006,13928.11056,5860.2453,18190.995375879265,32385.373020000003,154.5211267605634
2021,IOWA,WAPELLO,489.0948821679882,14304.28818,6068.06382,16098.831377886683,33858.28446,172.85714285714286
2021,IOWA,WAYNE,1280.1871376211789,18339.2937,7956.83616,19752.99245821381,44981.90424,173.96226415094338
2021,IOWA,WEBSTER,242.18817718673063,44588.2983,16202.271539999998,26394.33048044304,110639.15226,212.676844783715
2021,IOWA,WINNEBAGO,248.61098183844263,23094.85542,8911.76286,15192.41700027275,64505.46102,193.96170212765958
2021,IOWA,WINNESHIEK,210.67047886559604,23023.02366,11103.98562,25790.05423785746,72025.25694,168.61300309597524
2021,IOWA,WOODBURY,418.8030418962057,43522.15686,18117.885240000003,31906.926061135524,127017.7272,200.12345679012347
2021,IOWA,WORTH,353.9446361522305,23587.3365,8597.73096,15334.934985531823,60050.09556,202.4331797235023
2021,IOWA,WRIGHT,552.3068611112417,37742.67042,13922.5632,21691.237031428904,94543.66194,189.51020408163265
2021,KANSAS,ALLEN,3854.334076623906,20107.72764,6765.8791200000005,18823.77522133065,25916.25582,112.84057971014492
2021,KANSAS,ANDERSON,4548.4792351314045,20925.90318,7513.58244,21999.075871826823,32484.19356,111.45374449339207
2021,KANSAS,ATCHISON,701.0138549494126,19329.45924,8035.913340000001,16281.254392739183,41891.89368,152.45949926362297
2021,KANSAS,BARBER,236.95234959582217,7810.27338,4312.48818,42664.18342843122,27582.8007,163.24324324324326
2021,KANSAS,BARTON,491.0888269602557,22491.65646,12455.37384,33109.777839628965,76447.4802,148.33846153846153
2021,KANSAS,BOURBON,5236.600265008136,18472.09728,6307.11354,23965.824051686828,23143.63506,117.51445086705202
2021,KANSAS,BROWN,1650.0602049618722,31261.90158,12811.49688,21406.20107224805,70123.37514,194.384
2021,KANSAS,BUTLER,361.6968097576312,8517.878459999998,4679.86428,53193.412033266,21176.9649,122.42105263157895
2021,KANSAS,CHASE,15.691006893053448,2226.27678,1117.5473399999998,29484.12036061241,4980.74304,138.45070422535213
2021,KANSAS,CHAUTAUQUA,49.72761743309325,471.20346000000006,1211.20272,24290.76505096991,3897.4572,105.0
2021,KANSAS,CHEROKEE,3383.254272482405,15344.789460000002,8697.71994,21924.96653443408,29542.61856,136.63316582914572
2021,KANSAS,CHEYENNE,1.0278604633312352,12117.00672,7723.1427,37949.68855011679,54627.29454,83.7400228050171
2021,KANSAS,CLOUD,651.1640208694041,16059.9621,8396.89032,26873.190900971604,39772.21794,136.87392055267702
2021,KANSAS,COFFEY,1916.3382911455883,14937.92118,4285.02438,24000.02836559085,17344.96764,104.32835820895522
2021,KANSAS,COWLEY,804.3211826082212,5459.8635,3762.16932,42173.92157216336,14316.86256,128.71244635193133
2021,KANSAS,CRAWFORD,5036.908384114185,19323.76446,10168.84596,21771.047109365896,40311.60042,122.82511210762331
2021,KANSAS,DICKINSON,1319.2572304356324,10769.8773,5407.2564,31735.90449321427,21049.73052,126.3519313304721
2021,KANSAS,DONIPHAN,957.3975818511644,24859.303560000004,10557.05742,14816.169528433044,59129.95452,197.3452380952381
2021,KANSAS,DOUGLAS,1932.0909682574124,14662.48056,6552.283920000001,16389.568058716297,31800.50874,119.43462897526501
2021,KANSAS,EDWARDS,167.18816468100067,21849.75156,18068.477700000003,23361.5477966593,94237.05018,181.4835164835165
2021,KANSAS,ELLSWORTH,171.6689794234885,6289.34124,2744.5509,27175.32903178481,17683.53132,93.06122448979592
2021,KANSAS,FORD,226.31868044033004,24191.14152,16284.2316,41062.281305165954,102741.18036,204.1908713692946
2021,KANSAS,GEARY,217.58413636856537,2510.30052,1193.23932,13989.56522570375,5170.19958,137.6271186440678
2021,KANSAS,GOVE,1.7807443084439314,9894.38268,4854.17478,40361.09282773498,45496.84776,89.17241379310344
2021,KANSAS,GRAHAM,2.5931334062141183,10104.45618,5398.4112,33525.93035245753,37519.78776,107.42296918767506
2021,KANSAS,GRANT,479.8316044148919,23563.24698,18883.8468,21491.71186154302,111952.26588,212.2964509394572
2021,KANSAS,GRAY,117.2754474510577,34294.0143,27700.55652000001,32750.63253157272,169593.70427999998,203.24913892078072
2021,KANSAS,GREELEY,5.803126533728974,10923.78378,6002.33088,29216.186550520128,56318.84076,68.88888888888889
2021,KANSAS,HARVEY,2093.8413120137857,19282.90182,10692.74388,19781.49605860867,46747.58088,144.33908045977012
2021,KANSAS,HASKELL,346.4512474214268,32315.523239999995,29535.72258,21799.550705153168,172588.24128,223.72916666666666
2021,KANSAS,JACKSON,531.0844551979912,17072.224260000003,6662.15004,24552.99813019825,32662.98672,144.51456310679612
2021,KANSAS,JEFFERSON,1076.3427154789144,20438.57088,9169.04352,20625.202526284225,46307.88162000001,156.3695652173913
2021,KANSAS,KINGMAN,1294.3155815181055,13356.74886,6469.70688,32494.10015360053,43378.93014,160.8695652173913
2021,KANSAS,KIOWA,110.65881927412208,12604.84134,9464.091,26953.000980115,51590.99946,174.86013986013987
2021,KANSAS,LABETTE,2922.2479472577334,6522.96372,11539.42608,24513.09310176763,38330.93082,121.94895591647332
2021,KANSAS,LANE,11.249083080961276,9928.9827,5167.06554,27061.31463633912,42004.45704,88.22157434402332
2021,KANSAS,LEAVENWORTH,693.3938605234744,18408.2262,7393.719059999999,16914.034233684728,36583.44144,135.77777777777777
2021,KANSAS,LOGAN,0.0477044781052901,13638.54492,6556.98498,40463.705772644746,52338.09672,68.95238095238095
2021,KANSAS,LYON,889.1592376790384,8442.63966,3012.17826,31638.99225992412,13486.29282,103.29073482428115
2021,KANSAS,MARION,1181.9832307528525,11803.5099,6166.39842,35572.48859435324,24733.6089,104.08895265423243
2021,KANSAS,MCPHERSON,4045.916185527696,23473.6866,12014.353260000002,33685.550490249974,62318.21232,114.61215932914047
2021,KANSAS,MEADE,2.048638542485978,24988.8366,20797.058099999995,36786.74181737967,119143.82844,230.42699724517905
2021,KANSAS,MIAMI,3531.171132570653,18480.36918,8215.83672,21782.4485451052,36687.26334,114.43850267379679
2021,KANSAS,MITCHELL,356.8337205747302,14169.82476,6466.79124,26559.65133659933,38974.4901,114.90683229813665
2021,KANSAS,MONTGOMERY,2148.337231376894,3985.34682,9612.79956,23771.99958452513,38027.98272,108.11320754716981
2021,KANSAS,MORRIS,84.24712088992814,3739.84884,1624.71582,26542.54917615893,6666.29964,114.86111111111111
2021,KANSAS,MORTON,3.222043757665394,12265.546020000002,8584.68156,27562.977938826025,57246.99708,166.80769230769232
2021,KANSAS,NEMAHA,1797.1041277463664,21900.45312,8930.0211,27198.13190166457,42755.14152,172.90763052208834
2021,KANSAS,NEOSHO,3962.9746340440047,15909.76842,8659.35252,21594.3248067144,31462.3491,120.8529411764706
2021,KANSAS,NESS,0.7653640996066556,8705.57688,3817.61562,40235.67700141921,32621.93298,71.95454545454545
2021,KANSAS,NORTON,1.5365930343439766,10900.26756,6126.851639999999,33292.20086660365,43975.44606,76.03088803088804
2021,KANSAS,OSBORNE,67.24745322000341,12448.466939999998,5681.424840000001,33657.04690322731,37946.14824,91.62464985994397
2021,KANSAS,PAWNEE,104.87847793662324,20969.33202,13972.90986,28190.05707363166,80260.06716,162.74165202108964
2021,KANSAS,PHILLIPS,10.337152914889591,12249.8376,6337.70592,33263.69726411575,44011.76052,95.52095808383234
2021,KANSAS,POTTAWATOMIE,1306.21996602135,9807.05544,5271.45528,31901.22535518456,26036.77986,152.1951219512195
2021,KANSAS,PRATT,592.7701442733165,23742.89736,16949.49984,27380.554921313626,95764.7964,203.8474025974026
2021,KANSAS,RAWLINS,0.3681036956400217,10040.8581,5470.04094,39973.44390851344,38888.67528,63.10344827586207
2021,KANSAS,RENO,2680.3910083449136,29728.799100000004,15493.42158,47099.34307390835,82201.24458,151.42543859649123
2021,KANSAS,REPUBLIC,493.16607751607313,21846.30084,13299.05304,26941.59952877964,74431.88298,155.34387351778656
2021,KANSAS,RILEY,569.3914479791322,4778.1934200000005,2193.16734,22637.55644430491,10396.9593,150.33195020746888
2021,KANSAS,SALINE,1368.219624244338,9418.61466,4632.8919000000005,26172.002428293566,20738.10648,109.1025641025641
2021,KANSAS,SEWARD,3.776221012179834e-05,21901.14108,18107.123580000003,23697.890230998542,104161.27722,211.2268188302425
2021,KANSAS,SHAWNEE,869.0004168175003,14847.47082,7296.19254,18441.82701984795,35881.59666,137.39002932551318
2021,KANSAS,SHERIDAN,5.367738747109981e-05,17536.002119999997,11822.39058,33685.55050337508,74830.53396,113.70716510903426
2021,KANSAS,SHERMAN,1.446783108531226,22346.28396,14299.204919999998,39608.59788261661,98156.07438,109.83009708737865
2021,KANSAS,SMITH,62.61827316763351,14567.1435,6903.19812,33554.43395620998,44110.14972,131.57187176835575
2021,KANSAS,STAFFORD,912.9767727847886,27255.71394,20236.98768,29883.17070276793,109983.30798,185.33536585365854
2021,KANSAS,STEVENS,139.80105765748263,32053.96194,25777.33158,27597.182254779484,151825.53204,215.57939914163092
2021,KANSAS,SUMNER,4356.839668491833,32220.306300000004,16744.77714,43998.15175179324,77707.37520000001,109.26470588235294
2021,KANSAS,TREGO,5.422242778584053e-05,7420.9317,3329.65542,34027.59365997355,29688.35142,83.52941176470588
2021,KANSAS,WABAUNSEE,611.9839634208101,7852.79586,3834.97296,30065.593729786226,18440.36922,131.044776119403
2021,KANSAS,WASHINGTON,585.512208963471,15332.06766,7521.97446,33873.67423198383,37304.701980000005,145.33050847457628
2021,KANSAS,WICHITA,3.982483273734327,15421.36596,10235.86746,27163.92758866173,70312.79892,100.66298342541437
2021,KANSAS,WILSON,2414.2076602285697,8851.24968,5133.2463,21451.80682421697,18345.53994,119.83122362869199
2021,KANSAS,WOODSON,2019.294263488653,12871.72068,4900.322700000001,19057.50470810024,20314.48146,106.29310344827586
2021,KENTUCKY,ADAIR,50.18281958604731,1231.01706,5263.0578,15357.737861516289,35116.492320000005,156.88073394495413
2021,KENTUCKY,ALLEN,28.30489834072061,4063.65414,5248.27758,13105.95373105107,35561.43318,155.5
2021,KENTUCKY,ANDERSON,70.05372890135045,544.13268,2115.9411,7496.445913434695,11227.32702,146.8181818181818
2021,KENTUCKY,BALLARD,1069.8972058188713,11893.34874,4249.82376,9976.258820023735,20982.08112,185.52238805970148
2021,KENTUCKY,BARREN,19.83680937460441,3549.7098,8765.085420000001,18544.43996359491,57011.85126,161.47540983606558
2021,KENTUCKY,BATH,1.6887165898068093e-05,785.59572,4724.82738,10597.63722711952,25477.54482,145.88235294117646
2021,KENTUCKY,BOONE,13.679712296644327,1291.32822,1389.41166,7792.883318093304,7907.61972,152.5
2021,KENTUCKY,BOURBON,0.4243372348132096,1987.37994,7102.3953,10825.665999754943,36202.48632,184.48275862068965
2021,KENTUCKY,BOYLE,9.69786994177884,909.12276,4128.12582,6538.725067290328,21873.7428,163.26530612244898
2021,KENTUCKY,BRACKEN,1.2445087295298792e-05,560.88396,2194.95822,7809.985477225564,12234.84444,146.08333333333334
2021,KENTUCKY,BRECKINRIDGE,11.301574141526372,3054.27486,1769.3020800000002,21788.14925992251,7898.79636,164.56521739130434
2021,KENTUCKY,BULLITT,0.7658564680112425,1811.29494,1065.01122,10392.41133003251,6131.61276,154.8148148148148
2021,KENTUCKY,BUTLER,58.43828316451943,2316.79812,926.43096,16224.247196746008,4236.0318,181.53846153846155
2021,KENTUCKY,CALDWELL,213.70458705885488,6510.52038,2682.01206,13026.14365994553,15866.60166,186.96969696969697
2021,KENTUCKY,CALLOWAY,197.9389957368797,15529.129980000002,6514.46796,14417.119175521628,34127.975699999995,186.7948717948718
2021,KENTUCKY,CARLISLE,1099.73862392064,10019.60232,4297.8117,7467.94231658637,21838.57494,181.15384615384616
2021,KENTUCKY,CARROLL,1.912207835144539,258.44364,766.7969400000001,5039.435883702219,4164.67506,153.125
2021,KENTUCKY,CASEY,30.92942166645184,1259.48004,5066.69982,16743.012658786683,33288.35328,155.42168674698794
2021,KENTUCKY,CHRISTIAN,838.0817643310513,20561.90682,8742.066060000001,26422.834080692555,55744.50882,191.5151515151515
2021,KENTUCKY,CLARK,1.4652500588703749e-05,1477.88004,7345.70382,9195.260273187809,39655.29204000001,156.55172413793105
2021,KENTUCKY,CLINTON,1.213623111210964e-05,344.64612,1397.36688,7616.161018784859,7196.26908,140.45454545454547
2021,KENTUCKY,CRITTENDEN,119.53561887681998,6466.58922,2867.49918,13847.047242770272,14398.02,175.33333333333334
2021,KENTUCKY,CUMBERLAND,0.0070385404548667,96.90953999999998,334.33218,11635.168144282216,681.8994000000001,179.64285714285714
2021,KENTUCKY,DAVIESS,512.1585150231019,26823.1782,11008.9434,16617.596834985467,57303.0276,191.49253731343285
2021,KENTUCKY,EDMONSON,11.77351827963385,475.18926,812.4753000000001,11538.255915585129,3992.78334,156.9047619047619
2021,KENTUCKY,ESTILL,1.528838096178422e-05,318.0996,1247.62638,9594.310626244574,7303.48164,91.42857142857143
2021,KENTUCKY,FAYETTE,77.97523079460578,1504.95618,5790.31908,7684.569651389446,29929.536,174.44444444444446
2021,KENTUCKY,FLEMING,2.104764033685021e-05,1491.51366,5163.1671,13208.566678577125,27027.0273,143.94736842105263
2021,KENTUCKY,FRANKLIN,77.35224942674974,579.21864,1869.70602,7308.322175189244,9908.46402,151.0
2021,KENTUCKY,FULTON,1942.911362995516,15141.26796,6167.87262,8032.313529956433,31663.67568,186.27118644067798
2021,KENTUCKY,GARRARD,8.00113333793743,1230.86964,4295.23458,8716.399848734804,21799.86354,132.6315789473684
2021,KENTUCKY,GRANT,1.5370137009199145e-05,610.5863400000001,1389.32976,9645.617099862257,7258.10358,141.4
2021,KENTUCKY,GRAYSON,9.283290225524064,1398.67182,1437.21396,19108.811175424264,2648.646,153.3783783783784
2021,KENTUCKY,GREEN,1.7159686058588387e-05,1539.2449800000002,4212.3627,10768.658807395508,28308.06342,177.41935483870967
2021,KENTUCKY,GREENUP,54.726498489045696,231.82614,770.74998,12832.319203103674,4935.72534,124.14285714285714
2021,KENTUCKY,HANCOCK,68.37534948427626,3855.51894,1455.20466,7274.117860267775,7115.54298,192.22222222222223
2021,KENTUCKY,HARDIN,204.1328682830492,10124.22684,5611.940880000001,22415.2283899752,34412.56182,176.1764705882353
2021,KENTUCKY,HARRISON,0.6088983816074912,1600.2058800000002,5784.41682,11549.65735379538,30849.66066,140.8
2021,KENTUCKY,HART,21.022644269022933,2221.33002,5209.09662,15728.284621300336,35263.09332,162.31884057971016
2021,KENTUCKY,HENRY,1.7341366163826218e-05,1248.41808,4058.45622,10882.673193131825,22527.36486,160.98901098901098
2021,KENTUCKY,HICKMAN,1760.951287039104,16216.00344,7738.62726,9246.566746849096,39960.72444,186.4367816091954
2021,KENTUCKY,JESSAMINE,21.70080861401862,904.59096,3904.41324,5980.054573475976,20721.28968,122.8
2021,KENTUCKY,KENTON,6.504147812215613e-06,534.11904,440.3763,4081.715037412503,2136.54168,141.0
2021,KENTUCKY,KNOX,2.296436545816884e-05,98.97888,459.0495,14411.418455035677,1341.69126,101.0
2021,KENTUCKY,LARUE,74.32243345722377,4717.02504,2858.05338,9833.740837380956,17919.73092,176.11111111111111
2021,KENTUCKY,LAUREL,2.595300321092905e-05,443.52126,2079.47922,16286.95511395189,8029.30674,96.5
2021,KENTUCKY,LEWIS,1.393709399463579,431.37276,1281.85512,18538.7392458706,6884.46486,120.21428571428571
2021,KENTUCKY,LINCOLN,101.60881279001794,1636.17636,6722.52672,12558.684675156275,38492.27382,164.1
2021,KENTUCKY,LIVINGSTON,39.43825808762248,6204.29082,2121.50484,12210.94079658929,10020.34488,161.8131868131868
2021,KENTUCKY,LOGAN,612.978199559714,16423.28142,6719.99328,20756.319062286453,41762.53536,171.58273381294964
2021,KENTUCKY,MADISON,2.510819071688297e-05,2151.31644,7988.80992,15756.7882173347,40898.026260000006,125.0
2021,KENTUCKY,MARION,2.082054020362373e-05,2171.42016,3897.41898,13066.04869535295,21888.14628,179.81927710843374
2021,KENTUCKY,MARSHALL,143.31049297456727,7558.61106,2344.72602,12125.43000659664,11591.45442,162.890625
2021,KENTUCKY,MASON,1.4516240507980378e-05,1256.3132400000002,4735.27782,9109.749482759114,24957.47436,158.43373493975903
2021,KENTUCKY,MCCRACKEN,327.1724451523219,9741.78114,3089.6884200000004,8853.217112781178,15069.03216,162.6984126984127
2021,KENTUCKY,MCLEAN,486.5845923800236,16847.09208,6379.589580000001,9611.412783632635,35161.12236,181.8279569892473
2021,KENTUCKY,MEADE,59.9715740385905,5087.23488,2605.82322,11766.28468822055,15404.93682,182.10526315789474
2021,LOUISIANA,AVOYELLES,16777.66896112801,44008.16784,17211.27408,32203.36347698608,62061.84894,154.04761904761904
2021,LOUISIANA,BOSSIER,82.51570408895566,2449.09938,3576.39828,30857.993714687043,13516.12626,120.625
2021,LOUISIANA,CADDO,147.1657009625261,3717.24444,8700.619200000001,31393.86132176104,42117.12414,119.5959595959596
2021,LOUISIANA,CATAHOULA,8192.157421630698,32955.50076,11549.89836,27796.707433793345,66924.84708,185.70866141732284
2021,LOUISIANA,CONCORDIA,3033.39216608319,9107.815079999998,15011.34726,26639.46140857697,84911.20638,170.8
2021,LOUISIANA,EAST CARROLL,8025.631201533854,41367.68454,24644.556300000004,15745.386775781397,124268.6718,181.94274028629857
2021,LOUISIANA,FRANKLIN,9024.205982225369,46432.3041,29376.26874,23771.99958699608,159200.01552000002,193.61581920903956
2021,LOUISIANA,GRANT,613.9557185150355,3778.478340000001,1693.15146,24809.530501338988,7842.75492,141.7391304347826
2021,LOUISIANA,MADISON,6869.620862397512,46560.95262,26365.81038,23395.752113848223,144015.58080000005,181.91717791411043
2021,LOUISIANA,MOREHOUSE,13265.099521724673,60828.2493,36116.054520000005,29398.60956897732,173680.4433,191.4854517611026
2021,LOUISIANA,OUACHITA,683.9617327855908,10526.35038,6062.28714,21377.69746763804,29648.3187,191.86046511627907
2021,LOUISIANA,POINTE COUPEE,26604.717482578668,6546.217860000001,11649.5106,21309.2888389579,41106.36894000001,158.19277108433735
2021,LOUISIANA,RAPIDES,3943.137799258568,25997.2713,10886.9124,49801.48402654217,40214.30322,120.9375
2021,LOUISIANA,RED RIVER,305.4359027632447,2253.0144,2419.05846,14941.585353687762,10130.51676,134.86486486486487
2021,LOUISIANA,RICHLAND,9148.65552142556,40742.64558,27122.3043,20990.048551628726,142449.53814,188.13531353135315
2021,LOUISIANA,SAINT LANDRY,42134.03322079872,40707.87084,20993.38878,34392.43969213497,72690.21942,141.9718309859155
2021,LOUISIANA,TENSAS,7260.727262158227,38463.65796,21342.75234,23150.621182225896,123030.40386,187.61194029850745
2021,LOUISIANA,WASHINGTON,3.991511939972904e-05,140.98812,7888.06746,25048.960721341715,45391.437,59.46666666666667
2021,LOUISIANA,WEST CARROLL,6457.011180915659,50197.99512000001,19442.81976,13482.201206088474,74253.52116,182.0984455958549
2021,MARYLAND,ANNE ARUNDEL,1.5460977060775807e-05,1867.54386,853.23966,9702.624292076336,5467.30002,152.10526315789474
2021,MARYLAND,CALVERT,1.1382258671956356e-05,1198.48638,499.6719,7143.001315835254,3079.39632,143.125
2021,MARYLAND,CAROLINE,146.1281546082062,16979.819219999998,6657.623699999999,11880.29907468361,41429.54634000001,164.93975903614458
2021,MARYLAND,CARROLL,4.847364610130397,11815.4946,5555.353440000001,15534.460162132886,35667.160619999995,156.95652173913044
2021,MARYLAND,CECIL,23.22277907764096,7430.24646,3324.16266,12222.342234072796,21384.16644,156.8695652173913
2021,MARYLAND,CHARLES,1.6313048389633165,1801.71264,706.73148,15591.467356817911,4260.96762,131.75
2021,MARYLAND,DORCHESTER,125.29550687144608,14810.2227,5178.3186000000005,20163.444252242483,30905.16702,160.76923076923077
2021,MARYLAND,FREDERICK,80.38803293729046,14885.56524,7491.8025,22386.72479553968,41483.442,150.8436724565757
2021,MARYLAND,GARRETT,3.939699610451436,1663.56372,2031.44214,24866.537698931017,14146.150200000002,132.05882352941177
2021,MARYLAND,HARFORD,6.402321019942206,6994.18356,3416.11452,13772.93789113323,23437.8963,168.95
2021,MARYLAND,KENT,77.0350926499134,11342.9043,4666.1706,10181.484716238643,29641.46094,152.72486772486772
2021,MARYLAND,MONTGOMERY,0.1093365182047739,5052.24174,2605.57206,10381.0098931304,17058.03918,162.85714285714286
2021,MARYLAND,SOMERSET,98.40031194731982,5943.73962,2002.26936,11504.051599210155,11120.42568,165.6818181818182
2021,MARYLAND,ST MARYS,2.0448095986206987e-05,3512.145,1146.32154,12832.319203539724,6450.89718,145.71428571428572
2021,MARYLAND,TALBOT,55.34617383877676,9529.78026,3248.14308,9970.55810070058,21604.60848,169.71428571428572
2021,MARYLAND,WASHINGTON,169.84075781797884,6755.78904,4631.08464,15853.700444810856,27548.04234,117.87709497206704
2021,MARYLAND,WICOMICO,122.3700764559102,10573.51386,4239.28596,12724.005534800965,27377.3409,158.71485943775102
2021,MARYLAND,WORCESTER,56.7155033179428,10123.6863,5150.75106,16839.924894111737,31976.04774,170.16713091922006
2021,MICHIGAN,ALLEGAN,34.31650911937705,19166.472780000004,8773.34094,31143.029680844706,58635.0492,139.34980494148243
2021,MICHIGAN,ALPENA,3.47190683577329e-05,4610.30934,1895.3844,21788.14926907956,11709.5433,141.80555555555554
2021,MICHIGAN,ARENAC,29.305217579458944,25178.893740000003,8485.932,13784.339329634193,13307.94192,159.32584269662922
2021,MICHIGAN,BARRY,78.25671361802532,11248.05318,4405.58118,21320.690272953005,29306.66466,138.96373056994818
2021,MICHIGAN,BAY,148.75957098585127,61660.75734,20864.8167,15688.37958574756,34718.41464,173.99159663865547
2021,MICHIGAN,BENZIE,1.998481171281293e-05,889.84896,561.8613,12541.582516750768,4175.14734,121.27272727272727
2021,MICHIGAN,BERRIEN,14.727570359135854,16326.07704,7248.73968,19502.160814535822,46080.33612,161.531190926276
2021,MICHIGAN,CALHOUN,84.77211894148215,21316.07478,8710.16874,25048.96072570221,57110.25138,144.25925925925927
2021,MICHIGAN,CASS,694.4892757773655,17412.01644,9873.9732,18601.447164093937,60356.68002,154.39767779390422
2021,MICHIGAN,CHARLEVOIX,2.59802552261936e-05,3262.72674,1640.0966400000002,16304.057271485295,8757.69804,123.15789473684211
2021,MICHIGAN,CLINTON,189.95354410863263,32918.722200000004,10937.67402,21029.953587617543,35883.16914,130.16129032258064
2021,MICHIGAN,DELTA,6.958348078436962e-05,4504.57644,2557.57866,43667.51003715506,5946.49146,97.14285714285714
2021,MICHIGAN,DICKINSON,4.5610790724354536e-05,3047.47716,1210.1325600000002,28623.311730127243,2121.8106,85.15384615384616
2021,MICHIGAN,EATON,87.45333182603758,19629.07128,6660.64308,20562.494615037693,45873.46218,158.69875222816398
2021,MICHIGAN,EMMET,2.869637281009545e-05,1079.50206,719.5679399999999,18008.57234489292,4499.323920000001,81.5
2021,MICHIGAN,GENESEE,25.783347981313604,20644.37466,6582.035459999999,18384.81982661642,30194.00748,144.54828660436138
2021,MICHIGAN,GRAND TRAVERSE,2.771530024435891e-05,4330.96482,1903.902,17392.894663515686,13967.43894,130.63492063492063
2021,MICHIGAN,GRATIOT,439.57784449841546,53969.98152,18586.95384,21024.252867858344,48544.40682,140.0206611570248
2021,MICHIGAN,HILLSDALE,200.2619616016109,19494.94638,6776.242200000001,22626.15500391441,46187.70156,154.75728155339806
2021,MICHIGAN,HURON,723.9768927125871,151647.88548000003,61552.67118,31422.36492433616,90957.10806,156.56
2021,MICHIGAN,INGHAM,15.996747759521678,14173.37922,4847.12046,18111.185298814373,33921.15635999999,148.29174664107487
2021,MICHIGAN,IONIA,34.81179218270408,14877.02034,5811.04524,21115.46438255209,40011.73722,137.06275033377838
2021,MICHIGAN,IOSCO,3.340188758728912e-05,9581.14248,3460.31322,20961.54496780376,9263.41962,124.82758620689656
2021,MICHIGAN,ISABELLA,30.94947373636177,19772.48364,6928.1394,21343.49315693172,32041.31112,137.85067873303169
2021,MICHIGAN,JACKSON,13.658619413613996,15653.28492,6321.95382,25510.718977650773,44119.95042,145.20458265139115
2021,MICHIGAN,KALAMAZOO,79.42688474666537,14867.929440000002,7744.76976,18082.68170147186,46258.3485,138.56624319419237
2021,MICHIGAN,KALKASKA,3.372891177139012e-05,8984.05872,3126.53796,21166.770858786072,7453.76814,105.8
2021,MICHIGAN,KENT,28.0571202248562,17885.20188,7398.56208,25966.77653077051,46548.86418,149.4559585492228
2021,MICHIGAN,LAKE,0.0903943853134829,975.7839,534.70326,21582.923371992543,4557.199920000001,132.10526315789474
2021,MICHIGAN,LAPEER,29.634878251729187,23326.99278,7920.15042,24456.0859006872,36346.73952,151.9083969465649
2021,MICHIGAN,LEELANAU,2.1937872860043e-05,1258.75386,1135.84926,13767.237173408928,7293.6864,96.66666666666667
2021,MICHIGAN,LENAWEE,176.93421699172134,35083.72686,11404.20372,27756.802397659176,69203.96574,152.58878504672896
2021,MICHIGAN,LIVINGSTON,3.3459308192316137,9974.48088,3773.64624,19348.24139237464,26603.92644,141.65
2021,MICHIGAN,MACOMB,3.2863942644609696,7511.67144,2105.39238,9138.25308039233,11341.80138,142.86821705426357
2021,MICHIGAN,MANISTEE,3.2865931271105104e-05,1534.51662,970.68426,20625.202526284225,7913.09064,120.0
2021,MICHIGAN,MASON,0.5829301419566818,1676.01798,2341.83768,18920.68744822541,17952.277980000003,142.43421052631578
2021,MICHIGAN,MECOSTA,24.841108358772004,24241.15512,9426.417,21320.690275860004,45438.682380000006,134.6694214876033
2021,MICHIGAN,MIDLAND,29.039490168644665,17058.3777,5802.21096,19034.701824513973,15712.30752,166.45299145299145
2021,MICHIGAN,MONROE,90.1795431539438,27613.4586,8104.88952,19057.504705585685,51947.10612,181.33928571428572
2021,MICHIGAN,MONTCALM,50.58657470190217,43998.7548,15486.541980000002,26673.6657218996,70372.91352,155.07462686567163
2021,MICHIGAN,MUSKEGON,2.2542868765234467,4242.02142,2364.96624,16885.530643609713,18254.04126,121.85714285714286
2021,MICHIGAN,NEWAYGO,20.58215045526997,9488.93946,5097.22668,31935.42966690833,40217.00592,96.96261682242991
2021,MICHIGAN,OAKLAND,0.0086671429692024,3910.6977,1652.89488,17033.749345139593,10685.90796,149.0
2021,MICHIGAN,OCEANA,41.5333519257219,2275.10556,3728.5248,20385.772305118702,24099.17874,138.6153846153846
2021,MICHIGAN,OGEMAW,13.432951182968228,20949.67056,7737.9939,21474.609704707287,17341.713480000002,127.25925925925925
2021,MICHIGAN,OTSEGO,3.118539027374115e-05,3679.5486,1797.159,19570.56944321596,5499.32292,121.0
2021,MICHIGAN,OTTAWA,3.7524286000965774,9524.1237,4952.531220000001,17957.26587665319,37254.153300000005,124.41687344913151
2021,MICHIGAN,PRESQUE ISLE,4.1105124091526666e-05,12190.1325,3591.1785,25795.754949477065,10464.2538,128.80597014925374
2021,MICHIGAN,SAGINAW,170.9194534667803,76366.63944,24642.87462,28321.17361079668,64909.00962,168.0222222222222
2021,MICHIGAN,SANILAC,744.2365070364827,54900.69312,25639.84332,36017.144703303384,64224.0144,174.7037037037037
2021,MICHIGAN,SHIAWASSEE,59.7253471763653,36818.16684,11372.58486,19912.612599698143,37093.711200000005,140.74468085106383
2021,MICHIGAN,ST CLAIR,153.74439793385395,18787.70166,4474.69932,25641.83552455424,21490.89306,154.17808219178082
2021,MICHIGAN,TUSCOLA,135.9962182701741,93577.77156,32164.85454,30339.22824625097,62802.74364,188.64385297845374
2021,MICHIGAN,VAN BUREN,89.04188487667474,15098.19402,7853.03064,22905.49024944076,48840.12042,144.5759368836292
2021,MICHIGAN,WASHTENAW,31.10859563816259,17568.40176,6633.32124,23258.934851546044,43340.9613,154.20792079207922
2021,MICHIGAN,WAYNE,4.455490366550468,3447.94632,1024.98396,6533.024347821824,6869.73924,113.94117647058823
2021,MICHIGAN,WEXFORD,3.3983263921965665e-05,1618.84086,892.44246,21326.391000851807,7818.2286,114.0625
2021,MINNESOTA,AITKIN,0.0001142949549954,2822.15934,1805.05416,71726.45056272046,13318.8783,48.88235294117647
2021,MINNESOTA,ANOKA,16.75615938462542,8437.56186,3431.2714800000003,12627.09330587131,24690.0381,84.81481481481481
2021,MINNESOTA,BECKER,917.657541895515,30400.01874,8663.71506,53050.89404073942,27174.28896,126.86197916666667
2021,MINNESOTA,BELTRAMI,750.7123939854215,8028.28026,3120.46098,97938.35802264237,14268.02286,17.083333333333332
2021,MINNESOTA,BENTON,70.98086304318981,20078.44566,8577.62724,15106.906213623151,61772.60544,93.98563734290843
2021,MINNESOTA,BIG STONE,597.7711392002985,16453.72638,6372.1366800000005,19678.88310933841,47289.5241,178.34418604651162
2021,MINNESOTA,BLUE EARTH,54.1262836813344,38601.53388,13197.20766,28144.451305964933,99819.21222,196.6775956284153
2021,MINNESOTA,BROWN,113.42565495481784,33623.40618,11977.12698,22819.979455669018,74567.66226,173.35238095238094
2021,MINNESOTA,CARVER,30.63067748963407,11432.0115,4491.67446,12495.976762892293,31737.069000000003,170.65420560747663
2021,MINNESOTA,CHIPPEWA,1989.4732407836668,77424.88026,28135.8168,21850.85717465744,81358.34069999999,182.66666666666666
2021,MINNESOTA,CHISAGO,268.4722347748939,9337.32072,3852.97458,15910.707639495882,28625.31672,140.22388059701493
2021,MINNESOTA,CLAY,1927.341648828956,83366.69796,26955.02082,38958.71586721892,46000.49454,148.26168224299064
2021,MINNESOTA,CLEARWATER,429.9633536133794,16769.090519999998,4722.583320000001,38667.97919118586,19432.95354,80.29069767441861
2021,MINNESOTA,COTTONWOOD,230.77035728162545,34110.63474,12110.48748,24336.37080202313,86943.38016,185.841642228739
2021,MINNESOTA,CROW WING,6.769400768665362e-05,6615.86562,2847.98514,42481.760423462525,18589.4436,71.08910891089108
2021,MINNESOTA,DAKOTA,86.07266131522917,20212.32486,9407.95128,16611.896115807664,65109.34794,179.5232273838631
2021,MINNESOTA,DOUGLAS,224.5964208878427,17488.00872,5713.36038,26405.731923449846,40562.378220000006,131.58092848180678
2021,MINNESOTA,FARIBAULT,99.0271617214551,41230.62216,15063.82878,26462.739116245328,110247.2007,187.37799043062202
2021,MINNESOTA,FILLMORE,80.07635008323953,26273.39988,11587.0755,32608.11454922065,76965.66696,187.92634560906515
2021,MINNESOTA,FREEBORN,175.08801270977162,40535.83716,14445.51108,26229.009620362303,99115.95876,202.70744680851064
2021,MINNESOTA,GOODHUE,72.47308052557283,23211.23532,9426.963000000002,28435.187999003945,66385.72122,183.19108280254778
2021,MINNESOTA,GRANT,622.8573903063669,28931.1477,10222.0209,21617.127690838464,50009.33574,176.00760456273764
2021,MINNESOTA,HENNEPIN,36.277395893593415,7156.45476,2783.95026,10004.762417220902,19653.2154,147.0
2021,MINNESOTA,HOUSTON,9.702213227823345,10364.40132,4992.8424,20904.537771229177,32888.01516,180.0
2021,MINNESOTA,HUBBARD,0.1169397719915898,7304.96676,3915.30594,37510.73316524274,31108.18074,139.28099173553719
2021,MINNESOTA,ISANTI,6.494305938028484,11763.55362,4402.43076,16646.10043668848,35855.41596,106.69724770642202
2021,MINNESOTA,ITASCA,7.197530070141403,1049.04072,616.29204,106745.9693790941,3958.46724,79.77777777777777
2021,MINNESOTA,JACKSON,419.23492083324265,36438.30918,12544.55748,26400.031201365044,97702.62684,185.40421052631578
2021,MINNESOTA,KANABEC,3.198478274466243e-05,6859.92216,2811.2775600000004,20072.232745397632,24536.29542,95.37974683544304
2021,MINNESOTA,LE SUEUR,114.49190227976,19268.35638,6769.149660000001,17432.79969456261,49540.20162,197.64947245017586
2021,MINNESOTA,LINCOLN,299.9179418040443,15046.00188,6446.46366,20665.107553624726,51574.63038,153.60344827586206
2021,MINNESOTA,LYON,312.98337580257805,26798.3352,11176.69098,26548.249897516976,89025.70404000001,157.29639889196676
2021,MINNESOTA,MAHNOMEN,766.7529332041807,13211.813160000002,3465.14532,22363.92192260757,12023.47146,103.12719298245614
2021,MINNESOTA,MARSHALL,18964.6741452971,108552.13278,36180.61356,67131.67077517757,71874.59916,96.90721649484536
2021,MINNESOTA,MARTIN,269.1671718407084,39395.69634,13807.1115,26861.78946174389,106055.24202,188.83054892601433
2021,MINNESOTA,MCLEOD,164.72126552304238,19038.59958,6709.5756,18584.345008159376,47991.92034,186.068669527897
2021,MINNESOTA,MEEKER,318.8304350428327,28408.01418,10392.51486,24193.8528238862,66866.982,147.25691699604744
2021,MINNESOTA,MILLE LACS,2.4723953941136214,13213.51668,4564.363440000001,22221.403937348485,28399.51842,89.1324200913242
2021,MINNESOTA,MORRISON,274.24722076390685,31575.07626,14808.62838,43029.02947761312,107799.2916,74.0390243902439
2021,MINNESOTA,MURRAY,130.28403865177435,25999.5918,10087.44828,26628.05997676212,84955.36686000001,191.08241758241758
2021,MINNESOTA,NICOLLET,52.55294684263553,23022.61962,8016.30102,17335.88747638885,52038.03696,198.3030303030303
2021,MINNESOTA,NOBLES,83.09589884919151,30884.52822,10994.76378,26913.09593201853,90175.95678,191.9219512195122
2021,MINNESOTA,NORMAN,4050.1384489664647,74172.99162,23320.68648,32767.734682420025,32886.06594,102.27433628318585
2021,MINNESOTA,OLMSTED,101.8404931921545,19736.46402,8428.1379,22996.701753378613,57725.09652000001,179.54585152838428
2021,MINNESOTA,OTTER TAIL,439.5308465650865,76122.4737,26784.17196,81816.72376339325,158327.64402,118.79802955665025
2021,MINNESOTA,PINE,8.617995852054233e-05,9114.30702,4196.56692,54082.72425116628,34948.40076,108.55721393034825
2021,MINNESOTA,PIPESTONE,153.61778077743895,13806.5109,6072.3171600000005,17210.471646192236,48929.85006,164.58227848101265
2021,MINNESOTA,POLK,17820.864789989653,201505.44414,66842.20998,74799.1382806616,93309.79476,96.23636363636363
2021,MINNESOTA,POPE,565.2542124004465,27636.29778,11213.30574,26616.65853782511,75066.9465,136.14754098360655
2021,MINNESOTA,RED LAKE,1955.0452213860208,16058.613479999998,3708.57396,15956.31339557821,16866.365879999998,72.9553264604811
2021,MINNESOTA,REDWOOD,516.9776218263422,53591.31414,19192.64256,32898.85122307345,118297.67586,167.34166666666667
2021,MINNESOTA,RENVILLE,2881.91829949268,149859.86106,52215.77634,37191.49288067522,134896.76928,172.47105788423153
2021,MINNESOTA,RICE,103.85768532103415,18130.13202,6836.662560000001,18732.56369849732,48647.207700000006,176.77236693091731
2021,MINNESOTA,ROCK,65.5977262773187,17483.88096,7187.882520000001,18362.016942928407,57800.25342,191.08303249097472
2021,MINNESOTA,ROSEAU,9623.116532647631,24973.44486,9014.3508,63129.76582195211,48962.724720000006,75.14423076923077
2021,MINNESOTA,SCOTT,34.25533565948823,9667.12656,3638.32014,11652.270303210986,25248.738060000003,189.58474576271186
2021,MINNESOTA,SHERBURNE,15.108625114895904,19614.42756,7739.277,15819.496129744037,49400.34372,156.0211267605634
2021,MINNESOTA,SIBLEY,212.036550400428,37832.68944,13113.5823,21828.05429314968,66328.7625,192.88817891373802
2021,MINNESOTA,STEARNS,345.73951401159337,51769.24662,24561.36228,50782.00775564779,168287.85246,117.9689578713969
2021,MINNESOTA,STEELE,43.96022049513688,20453.88072,7527.83304,15477.45296715715,53344.21092000001,200.19004524886878
2021,MINNESOTA,STEVENS,707.9547112308132,24636.00048,9366.9303,21548.71905808853,69755.92806,160.81911262798636
2021,MINNESOTA,TODD,64.81247790504908,31429.29426,13231.9824,36661.32598420338,91906.8423,112.80952380952381
2021,MINNESOTA,TRAVERSE,490.3889693026298,19168.5585,6688.871279999999,21748.244225881383,33146.09844,173.66996699669966
2021,MINNESOTA,WABASHA,41.23239004352442,13670.35488,6381.63162,19741.59103279436,44408.75712,187.0393374741201
2021,MINNESOTA,WADENA,3.22754709209178e-05,19692.11244,8213.090339999999,20254.655767517623,51921.49326,79.28251121076234
2021,MINNESOTA,WASECA,64.17110205649205,22269.06864,7991.5836,16218.546479167053,58080.0402,208.53636363636363
2021,MINNESOTA,WASHINGTON,42.46423698319896,6937.667100000001,3046.41792,12860.82279942874,22164.65706,146.59887005649716
2021,MINNESOTA,WATONWAN,21.91790576164308,23532.7638,8172.8556,16435.173822894616,62734.6356,204.93927125506073
2021,MINNESOTA,WILKIN,1090.2281760519868,54844.02378,18247.57116,28315.472894380528,39680.99772,147.76556776556777
2021,MINNESOTA,WINONA,43.89471610475543,12504.868740000002,6488.03064,23401.45282837483,43551.68454,168.77987421383648
2021,MINNESOTA,WRIGHT,55.87605500461697,22119.44826,8092.26054,24142.546341547528,58302.8082,136.2189054726368
2021,MISSISSIPPI,BOLIVAR,16636.9629602193,73952.21106,33216.05742,33195.288632964664,154585.61118,189.42857142857142
2021,MISSISSIPPI,CALHOUN,2595.027856699884,20709.52884,8113.35798,22278.41113232422,19792.1178,167.82608695652175
2021,MISSISSIPPI,CARROLL,731.413456287336,7568.53734,4926.92928,23994.32763943625,26979.72186,165.30434782608697
2021,MISSISSIPPI,CHICKASAW,1783.001165769298,5791.3401,4568.70414,19137.31477480168,16890.133260000002,154.8148148148148
2021,MISSISSIPPI,CLAIBORNE,196.23403576498967,2856.85764,2447.06826,18567.24284016077,12950.92344,153.0
2021,MISSISSIPPI,COAHOMA,16050.923160729148,47663.75796,27331.08924,21280.78524583053,131136.67476,190.69277108433735
2021,MISSISSIPPI,DE SOTO,4175.378641117352,17681.7732,8372.260260000001,15699.781024103168,38937.75522,187.32558139534885
2021,MISSISSIPPI,GEORGE,2.9459429265296263e-05,574.53396,2640.5379,18487.43277327037,16039.80378,123.33333333333333
2021,MISSISSIPPI,GRENADA,388.87645484028303,5362.67004,2501.18232,15551.56232722449,11707.69782,140.0
2021,MISSISSIPPI,HINDS,44.11558335205659,6585.91752,10205.45526,29609.53618277117,53376.09732,149.00900900900902
2021,MISSISSIPPI,HOLMES,1855.5662519402065,22500.39246,15665.01846,28862.74195405441,77555.34696000001,187.56666666666666
2021,MISSISSIPPI,HUMPHREYS,3912.106086614804,34784.96658,15195.02712,16081.729221080026,79675.596,195.50819672131146
2021,MISSISSIPPI,ISSAQUENA,2834.714464073204,24219.58812,9407.5254,15665.576707873552,50595.379380000006,189.7058823529412
2021,MISSISSIPPI,ITAWAMBA,257.6978538513523,1355.92002,1232.01078,20380.071583760648,7918.86186,127.03703703703704
2021,MISSISSIPPI,LEE,1454.5011106762322,2231.9388,1702.35702,16058.926341025766,10325.3241,116.38297872340425
2021,MISSISSIPPI,LEFLORE,8801.025011209429,55320.55074,31138.06332,22221.40393734849,153485.98356,186.66666666666666
2021,MISSISSIPPI,LOWNDES,1241.8888370216252,7902.46548,4191.03048,18880.782400899287,27319.36116,164.68253968253967
2021,MISSISSIPPI,MADISON,583.4987757727647,8860.6518,8591.07522,25835.65998386704,44115.981,147.2463768115942
2021,MISSISSIPPI,MONROE,2461.633394569538,5770.11162,5042.77956,28971.05561160123,28279.3602,147.4857142857143
2021,MISSISSIPPI,MONTGOMERY,111.33320371653,2772.7518,1813.10766,15306.431394730054,11137.09506,168.75
2021,MISSISSIPPI,NOXUBEE,1354.401196442801,9661.59558,5720.95524,26907.39522039892,32249.4354,168.8793103448276
2021,MISSISSIPPI,PANOLA,2491.557736962279,26794.30026,12224.65062,26132.097382566302,56429.03994,163.5672514619883
2021,MISSISSIPPI,PEARL RIVER,4.842683239433607e-05,46.55742,2761.26396,30390.5347333862,15399.35124,147.36363636363637
2021,MISSISSIPPI,PRENTISS,2.4835670557057528e-05,2251.8678,908.03076,15585.76663749476,5372.60178,118.57142857142857
2021,MISSISSIPPI,QUITMAN,7400.526601078242,34347.88266,12801.789,15238.02276488712,60961.13478,148.26589595375722
2021,MISSISSIPPI,RANKIN,295.4447225570537,846.4911,2767.1880599999995,27363.45276857676,17720.41362,143.52941176470588
2021,MISSISSIPPI,SHARKEY,3231.8198415162324,32379.9294,13768.05066,16264.152240438374,72570.29598000001,195.11254019292605
2021,MISSISSIPPI,SUNFLOWER,11473.258453142837,69449.78586,36376.52382,26109.294510651634,170329.72866,187.95719844357976
2021,MISSISSIPPI,TALLAHATCHIE,7457.221563753507,45729.91878,25110.469020000004,24587.20244962557,119178.5868,152.23076923076923
2021,MISSISSIPPI,TATE,2220.177482997579,14652.29766,7646.358720000001,15106.906213623151,37349.41392,163.2941176470588
2021,MISSISSIPPI,TIPPAH,187.60243754964588,2013.20574,1091.36118,17238.975236557948,6895.712460000001,134.41176470588235
2021,MISSISSIPPI,UNION,329.2312958612478,1616.92986,812.73192,15574.3651992845,3848.68848,152.42424242424244
2021,MISSISSIPPI,WALTHALL,2.437238628042089e-05,0.0,4324.44012,15295.029948670905,23974.314,91.6470588235294
2021,MISSISSIPPI,WASHINGTON,9220.585682525909,65087.99934,33880.80696,27027.11032327813,168291.13392,192.8146853146853
2021,MISSISSIPPI,WEBSTER,964.17822929007,5305.74408,2295.7116,15551.562318648845,8959.34676,160.0
2021,MISSISSIPPI,YALOBUSHA,30.697825098174167,3200.97414,1268.88216,17592.419834157397,8932.139580000001,175.80645161290323
2021,MISSISSIPPI,YAZOO,2255.089879128963,35903.7042,18092.91666,34683.176379796016,97870.72932,178.87179487179486
2021,MISSOURI,ADAIR,767.5956163262451,10722.2661,4489.7034,20967.24568567341,22325.00088,162.4267782426778
2021,MISSOURI,ATCHISON,1136.3002414383686,31995.37614,13988.33982,20864.63273989156,82300.4364,202.28571428571428
2021,MISSOURI,BARRY,1138.401800533703,1582.54824,5360.486040000001,29820.46279525689,30337.48536,140.22222222222223
2021,MISSOURI,BARTON,3794.121663490401,16595.22774,9554.2356,22118.79098052004,37379.82612,171.01806239737274
2021,MISSOURI,BATES,5347.851790981908,23977.513560000003,13427.33574,31906.926062589017,59287.28988,146.71122994652407
2021,MISSOURI,BOLLINGER,1763.6455348757938,8745.51132,5937.253140000001,23276.03700791666,28593.99816,165.6060606060606
2021,MISSOURI,BOONE,827.4108289931946,18175.63566,6902.72856,24039.933393440075,33220.32168,130.0
2021,MISSOURI,BUCHANAN,820.8769302507786,19022.48166,7019.58348,14525.432842370838,36115.4157,157.96407185628743
2021,MISSOURI,BUTLER,22413.718261543487,35382.80928,24847.52088,26018.083010638235,137351.61804,184.71153846153845
2021,MISSOURI,CALDWELL,1985.8848703552885,16089.54438,5202.20064,16184.342166571188,26165.77236,127.0204081632653
2021,MISSOURI,CAPE GIRARDEAU,2617.644420857196,23745.22332,11356.712640000002,21121.165101729897,54090.35814,158.33819241982508
2021,MISSOURI,CASS,1472.4879730375403,12339.76926,10395.19572,25265.58805009824,47802.0816,100.85399449035813
2021,MISSOURI,CEDAR,940.5207721885772,3026.83836,2923.76448,17985.769473559656,16724.646119999998,126.5
2021,MISSOURI,CLAY,479.36671738304153,13316.92908,4319.16576,12091.225690076324,20442.73686,147.30769230769232
2021,MISSOURI,CLINTON,1190.3902337871623,19005.67032,7379.528520000001,15665.576701623506,38254.96038,161.43426294820716
2021,MISSOURI,COLE,943.9652591568638,5369.33124,4066.51518,13852.747962529476,19950.41958,117.89473684210526
2021,MISSOURI,COOPER,1770.5733760270662,20433.5313,9727.90728,21394.79962502609,48488.11422,124.84536082474227
2021,MISSOURI,DADE,2110.4707876106004,3813.3732,5101.10328,18886.48313365278,21289.3863,130.38251366120218
2021,MISSOURI,DALLAS,1353.8697841567446,660.39246,2448.33498,20476.9838193764,8597.66544,132.33333333333334
2021,MISSOURI,DAVIESS,2934.1653261356264,18691.28352,5582.52786,21337.79243077712,28005.00066,134.44444444444446
2021,MISSOURI,DE KALB,1253.1685387284242,15378.48858,5402.20044,15836.598288585592,28051.20864,150.74519230769232
2021,MISSOURI,DUNKLIN,21881.54646071845,43353.39918,25640.98992,20271.757918364936,127342.9248,183.06493506493507
2021,MISSOURI,FRANKLIN,372.1793860790127,8640.449999999999,5798.03952,34090.301565536894,30065.05866,183.04123711340208
2021,MISSOURI,GASCONADE,334.1126631911009,3215.68338,2508.4332,19428.05146304413,13666.52742,131.13924050632912
2021,MISSOURI,GREENE,4509.234192236108,1514.1399,5737.5864,22244.206816094604,34543.574519999995,121.42857142857143
2021,MISSOURI,GRUNDY,2177.272704833534,13019.86686,3883.2339,16326.86014674301,18581.29728,123.28205128205128
2021,MISSOURI,HARRISON,2836.457255922821,23404.65582,8860.79376,27289.343410544327,48142.16316,148.3249581239531
2021,MISSOURI,HENRY,4075.373526994749,9525.35766,9228.55752,26753.47579954589,40605.30474000001,101.699604743083
2021,MISSOURI,HICKORY,29.693841348193786,756.00798,2034.8328,15363.438581566192,12699.76344,107.91666666666667
2021,MISSOURI,HOWARD,1547.3326963811,19024.51278,8884.299060000001,17535.412647175912,45150.76566,123.53658536585365
2021,MISSOURI,JEFFERSON,68.27145115658217,3634.78752,1828.57584,22215.703212938093,9033.36798,136.36363636363637
2021,MISSOURI,JOHNSON,3469.741993324634,22148.98686,13497.60048,30812.387958357624,65347.12548,121.14285714285714
2021,MISSOURI,LACLEDE,4.540185860501023e-05,1592.80212,7637.65002,28492.19518758427,44498.63418,75.23809523809524
2021,MISSOURI,LAWRENCE,1867.8885049208857,2848.84236,4692.58062,22717.36651395696,22214.01546,143.72093023255815
2021,MISSOURI,LINCOLN,747.5477155138107,23303.43834,9160.95726,23692.189516326584,48745.61328,138.2775119617225
2021,MISSOURI,LINN,3219.9889988708373,17975.91432,6236.417460000001,23355.84708381876,29930.55702,119.33002481389578
2021,MISSOURI,MARIES,594.0062672420771,1348.0739999999998,3055.12662,19918.313328759745,20617.46778,122.63157894736842
2021,MISSOURI,MARION,129.4304601942755,19706.4504,7727.66358,16412.370943421753,41177.50182,146.51465798045604
2021,MISSOURI,MILLER,934.5353146769448,2105.04294,3845.71824,22580.549253108285,24608.48754,129.04761904761904
2021,MISSOURI,MISSISSIPPI,6826.261921473376,37139.85912,20553.58578,15357.737860353487,95601.5424,179.94575045207958
2021,MISSOURI,MONITEAU,1247.3845320704525,10068.07074,6909.32424,15585.766639093608,34957.862940000006,99.42307692307692
2021,MISSOURI,MONROE,1093.2005704865144,33149.063220000004,11168.2662,24541.596703688665,52296.28404,142.224
2021,MISSOURI,MONTGOMERY,523.8471283247634,19762.17516,7585.7145,20237.55360300741,39403.39494,117.65503875968992
2021,MISSOURI,MORGAN,1285.1324025321971,6174.23898,5139.81468,22968.198165774545,25871.33094,81.23456790123457
2021,MISSOURI,NEW MADRID,17344.950660902312,62942.41044,44173.15266,25459.412509265683,216932.50488,186.64697193500737
2021,MISSOURI,NEWTON,761.7139900289601,2497.2402,3278.47338,23207.628371678325,14789.32728,142.35294117647058
2021,MISSOURI,OSAGE,519.6183899335686,5491.8864,5040.44268,22791.47585963465,27522.63696,133.02083333333334
2021,MISSOURI,PEMISCOT,16485.209340900677,38570.32452,19160.37396,18487.43277937507,94242.26994,174.576802507837
2021,MISSOURI,PERRY,1104.313810886016,14667.03966,6539.988,17780.54358257734,31124.39148,167.80405405405406
2021,MISSOURI,PETTIS,1494.4529613294494,25545.58188,12147.59364,25191.478695263497,59599.2852,116.66666666666667
2021,MISSOURI,PLATTE,1038.883277076008,17062.412640000002,6126.8298,14565.337877196858,31030.12458,171.94373401534526
2021,MISSOURI,RALLS,355.6376032694095,20801.91204,6810.940500000001,18071.280261372056,35019.93768,141.7196261682243
2021,MISSOURI,RANDOLPH,1469.245398449745,17897.48688,5908.5936,18185.294651468863,27590.73408,145.48507462686567
2021,MISSOURI,RAY,2376.609135593217,23230.07778,7648.52634,21343.49315344332,37050.07488,145.39149888143177
2021,MISSOURI,SCOTT,5883.020941031602,33354.77964,20894.011320000005,15448.949372866988,101619.24318,179.03988183161005
2021,MISSOURI,SHELBY,804.2075068925785,22087.19604,6612.2784,18954.89175907708,32470.36338,145.7347670250896
2021,MISSOURI,ST CHARLES,764.1869665547337,15403.135020000002,6180.56712,17472.704733458424,33897.20334,175.0379746835443
2021,MISSOURI,ST CLAIR,1655.002277163941,4248.005579999999,4842.2283,26211.90746210214,23440.14582,131.6
2021,MISSOURI,ST FRANCOIS,23.5892035578117,3170.87316,2422.0778400000004,16298.356552307496,12941.00262,152.69230769230768
2021,MISSOURI,ST LOUIS,106.45501314173434,3488.26842,1419.0485400000002,8533.976830103205,7318.1745,163.21428571428572
2021,MISSOURI,STE GENEVIEVE,117.7847620422241,7588.722960000001,3598.4675999999995,19006.19823589245,17906.7798,168.42105263157896
2021,MISSOURI,STODDARD,19224.00492130577,64818.242580000006,50459.37078,30960.60665930611,258598.9224,185.0
2021,MISSOURI,WARREN,269.5437813446557,8180.04096,3363.6111600000004,16383.867348695538,17872.14156,140.0
2021,MISSOURI,WEBSTER,2068.6154058851084,1202.76702,5465.825820000001,21942.06869269424,28025.2245,123.5
2021,MISSOURI,WORTH,792.9178324957944,9250.04262,3129.0441,10124.477523210604,16956.4395,163.95833333333334
2021,NEBRASKA,ADAMS,29.62833244546665,37853.42652,30732.07956,21035.65431609775,183880.72794,222.21408450704226
2021,NEBRASKA,BOX BUTTE,6.460544585900062e-05,28501.2,14918.65284,40543.51584171538,85117.96565999999,136.98
2021,NEBRASKA,BOYD,6.21387233606066,4914.62244,2778.1299000000004,20328.76512139305,20731.43982,117.5544794188862
2021,NEBRASKA,BROWN,7.348960307961724e-05,7644.38766,6408.22728,46118.81935096557,49070.07924,221.79028132992326
2021,NEBRASKA,BURT,307.5986650410429,28754.06898,15736.91028,18823.775218132952,92969.56032,210.19607843137254
2021,NEBRASKA,BUTLER,185.10843073653933,31058.48382,22253.1309,22038.98090767029,129784.0908,199.43421052631578
2021,NEBRASKA,CEDAR,400.7420161154763,31944.77286,21473.18082,27739.70023736412,134148.3507,194.3186813186813
2021,NEBRASKA,CHASE,5.376822751063261e-05,27795.10188,21544.24818,33742.55768803097,132145.91208,173.9223880597015
2021,NEBRASKA,CHERRY,0.000358972638349,3350.52354,4641.61152,225275.3255725901,37833.81966,175.2803738317757
2021,NEBRASKA,COLFAX,62.30762379463848,22939.31094,15696.04218,15619.970958375578,89442.14916,221.66519823788545
2021,NEBRASKA,CUMING,149.38802955156297,27569.6694,15517.35822,21571.521926224093,96695.95026,210.55451713395638
2021,NEBRASKA,DAKOTA,124.900392358419,11904.62364,6139.8191400000005,9776.733644004076,39992.72004,185.38585209003216
2021,NEBRASKA,DEUEL,0.0297860073983959,6599.09796,3715.48632,16321.159436911208,28883.11062,79.1042345276873
2021,NEBRASKA,DODGE,226.4307281550855,33356.59236,23762.25306,20095.03562370769,129133.29156,214.46853146853147
2021,NEBRASKA,DOUGLAS,127.73154880828146,10902.28776,6061.41354,7530.650230100363,34189.41162,189.22178988326849
2021,NEBRASKA,DUNDY,5.525800438859131e-05,16275.266280000002,12312.7641,34677.47566048739,75640.31748,133.5569105691057
2021,NEBRASKA,FRANKLIN,48.904951968806856,20762.07588,16373.344260000002,21600.025529671304,97872.2199,202.92433537832312
2021,NEBRASKA,FRONTIER,19.29185750915933,15796.24956,11328.91578,36718.33317151917,75162.07608,127.37903225806451
2021,NEBRASKA,FURNAS,8.849262813073999,16035.0099,11782.25412,27004.30744104362,72410.94042,156.6014492753623
2021,NEBRASKA,GAGE,955.9428362538412,30563.168999999994,16915.975440000002,32248.9692222689,94570.68348,162.7945945945946
2021,NEBRASKA,GARFIELD,15.610893855214286,3033.70158,1845.38172,21332.09171686098,14999.75022,202.21374045801528
2021,NEBRASKA,GOSPER,42.37658539991102,15760.5903,12914.06844,17415.69753447104,77817.3123,212.0309050772627
2021,NEBRASKA,GREELEY,22.592853934476288,16112.07234,11064.61356,21406.201074617253,79204.49082,216.10899873257287
2021,NEBRASKA,HARLAN,59.38551059652285,20314.11018,15917.47248,20893.136328513072,95507.0844,210.64628820960698
2021,NEBRASKA,HAYES,0.865482798048451,11318.6073,7908.37866,26907.39521839309,52551.00396,96.45123384253819
2021,NEBRASKA,HOWARD,141.26673252546283,22595.77866,16887.61074,21617.127688222165,111304.80816,192.89952153110048
2021,NEBRASKA,KEITH,0.7026042032628287,18064.36086,12129.43914,40292.684194360045,82901.59878,118.45238095238095
2021,NEBRASKA,KEYA PAHA,4.631934313885846e-05,3849.77502,2874.24774,29067.967837057025,19677.65982,158.28703703703704
2021,NEBRASKA,KNOX,264.55799830848974,24793.43958,15452.55348,42162.520129737946,108335.1633,170.31578947368422
2021,NEBRASKA,LANCASTER,828.1884849812117,29023.73292,14596.96056,28896.94626810379,79237.97154,176.13970588235293
2021,NEBRASKA,LINCOLN,38.67735262921969,52422.13158,33040.6986,96621.49186248238,262872.57906,186.1836228287841
2021,NEBRASKA,MADISON,92.08796761860712,27979.5516,18185.09238,21109.763656833544,116820.85506,186.53793103448277
2021,NEBRASKA,MORRILL,5.602405410089979,23356.64058,14593.04028,53917.40338079475,96469.30566,173.01480484522207
2021,NEBRASKA,NANCE,58.65374645283442,18105.4419,13234.9035,16771.51625269894,82318.10496000001,198.9111111111111
2021,NEBRASKA,NEMAHA,995.2872726440114,20583.68676,9145.07958,15551.562315160443,52457.61066,179.36666666666667
2021,NEBRASKA,OTOE,1141.9636987547128,28728.19404,12641.99664,23048.008233100983,72665.53476000001,177.32835820895522
2021,NEBRASKA,PAWNEE,584.0264614630845,8069.24664,3970.58298,16121.634252185086,19961.00106,156.24036979969182
2021,NEBRASKA,PERKINS,0.1802933043070371,28222.66356,18673.70232,33451.82101041359,129331.22748,131.8104089219331
2021,NEBRASKA,PHELPS,106.4290475810676,38905.67226,32878.63488,20197.64856716395,195916.67004,220.53561253561253
2021,NEBRASKA,PIERCE,207.970766646969,29110.02822,20061.290340000003,21508.8140135822,129285.79481999998,193.81694915254238
2021,NEBRASKA,PLATTE,168.69333843155442,43301.9223,32856.75666,25670.339125239803,191591.46006,207.19095477386935
2021,NEBRASKA,RED WILLOW,21.02650205019807,14498.71878,10136.331660000002,26833.28586600023,66125.86344,136.6846846846847
2021,NEBRASKA,RICHARDSON,1485.5988178261655,28455.4179,11714.14062,20465.58237549749,66370.16567999999,175.48837209302326
2021,NEBRASKA,ROCK,6.116260783770294e-05,5981.16246,5176.48404,38382.943215042666,37512.19836,189.67078189300412
2021,NEBRASKA,SARPY,168.60240692864355,10461.8787,5197.455900000001,7239.913543892806,29816.88528,204.45544554455446
2021,NEBRASKA,SCOTTS BLUFF,96.02224261177602,30787.73334,19433.87628,27637.08728736711,124670.43498,179.62337662337663
2021,NEBRASKA,SEWARD,406.37090696685857,31376.75268,22673.10318,21389.098910644843,136738.36722,212.27758007117438
2021,NEBRASKA,SHERIDAN,0.0001478421866475,8137.46388,5401.80186,92779.20702694748,37216.67586,132.14285714285714
2021,NEBRASKA,SHERMAN,62.9153729607145,16236.90432,11794.44084,21337.792438248103,79869.99384,215.58475689881735
2021,NEBRASKA,SIOUX,6.841864508348412,4848.09234,4073.33472,78173.96412056415,26415.50184,172.23776223776224
2021,NEBRASKA,THAYER,161.0608523031585,29113.94304,21371.471940000003,21600.0255290899,127112.98236,195.01973684210526
2021,NEBRASKA,THURSTON,161.86232149114934,16497.96876,7869.61266,14844.67312286856,52966.2042,199.8790322580645
2021,NEBRASKA,VALLEY,73.9056935758907,17558.63382,11989.39014,21474.609697628744,85877.64822,223.23218997361477
2021,NEBRASKA,WASHINGTON,221.1151941981032,19480.848660000003,10204.86012,14542.535001067046,57532.98642,198.62576687116564
2021,NEBRASKA,WAYNE,65.55662324015726,19740.24234,11443.209960000002,16811.42129633317,76240.37148,192.46341463414635
2021,NEW YORK,ALBANY,0.0097465524568593,420.89502,1098.1698,16663.202588407898,7631.26182,60.0
2021,NEW YORK,BROOME,3.995145542703015e-05,837.88614,1839.0372,25071.763602413423,14417.13,63.05084745762712
2021,NEW YORK,CATTARAUGUS,7.845855397787169e-05,6022.46736,4101.41004,49237.11281340467,31521.51366,69.78813559322033
2021,NEW YORK,CAYUGA,14.89378066673871,13844.053860000002,7563.59058,26308.8196857992,50320.03704,102.07221350078493
2021,NEW YORK,CHAUTAUQUA,0.0016823798645524,8162.203139999999,6015.93174,39146.839605609726,45500.16744,108.30434782608695
2021,NEW YORK,CHEMUNG,9.72386210996827,1951.12554,1462.52652,14645.147948593103,11164.31316,115.67441860465117
2021,NEW YORK,CHENANGO,5.384998355705159e-05,3513.2643,3790.96536,33793.86416102364,31897.61484,69.4074074074074
2021,NEW YORK,COLUMBIA,3.8071066313557166e-05,523.9416,3092.8989,23891.714694817187,22503.54288,71.30841121495327
2021,NEW YORK,CORTLAND,0.0038095229342531,5039.58,3954.96738,18527.33781434644,31017.1407,68.83116883116882
2021,NEW YORK,DELAWARE,8.687034290701259e-05,497.34594,1169.1225000000002,54515.978908533965,8477.67648,41.2
2021,NEW YORK,DUTCHESS,4.241322085225002e-05,204.66264,2510.08212,26616.658528668064,18883.6557,94.78873239436619
2021,NEW YORK,ERIE,0.0368883290680541,9982.05936,5137.33584,30333.527540154664,29792.79576,101.64556962025317
2021,NEW YORK,FRANKLIN,47.98275982363785,3987.43254,2566.56582,62782.02193887928,7951.49082,73.9572192513369
2021,NEW YORK,FULTON,5.6981703411249,627.23934,912.26772,19308.33635086252,6539.070720000001,84.42857142857143
2021,NEW YORK,GENESEE,2.88144648994031e-05,11884.64004,6733.031759999999,18082.68170873936,42703.38618,121.69421487603306
2021,NEW YORK,HERKIMER,1.9940058671652856,5885.81448,4462.7856,53985.81201642264,35391.40878,66.96969696969697
2021,NEW YORK,JEFFERSON,0.4687952137540035,14965.9146,8800.44984,47201.95601605647,59169.293820000006,76.98666666666666
2021,NEW YORK,LEWIS,0.0006176591588886,2353.0962,1645.8077999999998,48735.44952401378,11795.21616,45.381526104417674
2021,NEW YORK,LIVINGSTON,26.423674691423106,14041.21992,7725.45228,23270.336289901657,48971.7774,112.92721518987342
2021,NEW YORK,MADISON,1.4418990617138303,9077.14626,6107.812620000001,24547.297417706544,47378.89884,82.21789883268482
2021,NEW YORK,MONROE,2.620735536034653e-05,7267.47294,3873.28578,16446.575255290874,25007.77188,169.61870503597123
2021,NEW YORK,MONTGOMERY,73.7687588857457,3836.75838,4220.96766,15146.811249321274,31356.02652,71.24352331606218
2021,NEW YORK,NIAGARA,0.1505082123156874,6728.09592,3602.49708,17717.83566537146,23620.0692,162.80701754385964
2021,NEW YORK,ONEIDA,20.076129396398112,10765.79322,7156.52574,44020.95463635336,52181.48208,103.74233128834356
2021,NEW YORK,ONONDAGA,1.5983194706808836,9132.3414,5684.9247,24849.435537037112,39092.25138,88.86567164179104
2021,NEW YORK,ONTARIO,2.7008179947505004,14251.3371,6633.39222,23920.21829215971,41250.9279,119.13145539906104
2021,NEW YORK,ORANGE,4.3921165743210784e-05,599.2786799999999,2595.80412,27562.97794125337,18345.78018,115.4090909090909
2021,NEW YORK,ORLEANS,2.3245969625166988e-05,8031.61632,3391.24968,14588.140755361572,20914.66104,156.93236714975845
2021,NEW YORK,OSWEGO,5.707480546063357e-05,7654.00818,3034.62978,35817.61953019072,16032.92964,135.75510204081633
2021,NEW YORK,OTSEGO,3.4211995726694377,5110.166880000001,4320.67272,37579.14180119037,36007.43328,119.6319018404908
2021,NEW YORK,RENSSELAER,3.714449775982069e-05,436.54884,2040.04164,23310.241316878783,14516.556599999998,75.22522522522523
2021,NEW YORK,SARATOGA,4.498399435705709e-05,347.53446,1471.91772,28229.96209668433,10680.44796,54.795918367346935
2021,NEW YORK,SCHOHARIE,25.54041533439496,2289.61824,2615.613,23447.05859168105,20962.23948,52.30769230769231
2021,NEW YORK,SCHUYLER,35.44933708263846,3365.44572,2101.01892,12507.37820052115,14970.79038,66.88888888888889
2021,NEW YORK,SENECA,12.485779101497132,7548.8595,3416.00532,12883.625677593447,21084.663600000003,155.25096525096524
2021,NEW YORK,ST LAWRENCE,22.458223167799662,5853.76428,4676.08596,102590.14498800963,35256.4212,62.848101265822784
2021,NEW YORK,STEUBEN,4.31858294726799,44117.3733,15318.35214,52292.69838427761,63342.7977,106.21247113163972
2021,NEW YORK,SUFFOLK,2.622552337052289e-05,0.0,5177.04096,16457.97669364648,15238.89822,102.6
2021,NEW YORK,TIOGA,3.0840198080390235e-05,2383.65582,2529.74904,19353.942114459445,18316.3617,81.7948717948718
2021,NEW YORK,TOMPKINS,13.595306382351104,4795.82922,3508.55232,17632.324874797414,24899.1288,63.69565217391305
2021,NEW YORK,ULSTER,6.691278320969576e-05,295.14576,1569.0402,41991.49854946195,10509.27696,104.15384615384616
2021,NEW YORK,WASHINGTON,5.041622954802209e-05,1273.8070799999998,5052.28542,31638.992258034574,33177.089400000004,45.3515625
2021,NEW YORK,WAYNE,11.064993963076065,11838.10446,4632.79908,22147.294576990447,27306.17526,149.03703703703704
2021,NEW YORK,WYOMING,8.089894931519584,28532.332920000004,10467.92292,22381.024080867723,45066.27216,88.02973977695167
2021,NEW YORK,YATES,10.534640449876331,5421.22308,3285.70242,13248.47171311245,22189.1124,127.09183673469387
2021,NORTH CAROLINA,ALAMANCE,1.3607026555092805,995.40168,3517.6268399999994,14217.59400008337,19565.98098,153.90243902439025
2021,NORTH CAROLINA,ALEXANDER,8.316615392448554,560.3761800000001,1789.55322,9776.733644294774,9153.804660000002,79.6
2021,NORTH CAROLINA,ANSON,3.178493461998372e-05,6732.42024,2877.3927000000003,19946.81691549172,17064.95154,134.6315789473684
2021,NORTH CAROLINA,ASHE,2.578040710962134e-05,45.27432,186.40986,16178.641446666632,186.73746000000008,70.5
2021,NORTH CAROLINA,BEAUFORT,346.6878435427464,26442.89466,8930.305020000002,30647.06709784083,49588.36973999999,145.26829268292684
2021,NORTH CAROLINA,BERTIE,2633.973026552748,19235.60184,9258.42372,26382.929045721183,61937.3664,146.5648854961832
2021,NORTH CAROLINA,BLADEN,251.49424606926345,15420.17022,7463.3286,32796.238284559106,40728.7881,137.37704918032787
2021,NORTH CAROLINA,BRUNSWICK,4.819973225323474e-05,2791.0864799999995,1406.0319,30248.01674522012,8242.98384,155.0
2021,NORTH CAROLINA,BURKE,3.002263759697645e-05,329.17247999999995,1425.1419,18840.87737246866,8223.9339,116.38461538461539
2021,NORTH CAROLINA,CABARRUS,15.579495063174091,3098.413500000001,2584.12518,11047.99405437536,13988.126880000002,147.6086956521739
2021,NORTH CAROLINA,CALDWELL,2.647987551994037e-05,270.08982000000003,1141.7187600000002,16617.596834985467,6612.80256,151.875
2021,NORTH CAROLINA,CAMDEN,180.5566280805253,17435.19414,5066.99466,8984.333657795098,17882.55924,166.1734693877551
2021,NORTH CAROLINA,CASWELL,59.08400378967454,557.30766,1891.33854,16041.824183492356,10068.50754,120.6
2021,NORTH CAROLINA,CATAWBA,2.14382525639801e-05,820.61616,2024.66082,13453.69760845526,9675.78066,132.61904761904762
2021,NORTH CAROLINA,CHATHAM,4.066909184289329e-05,865.72668,2437.62246,25522.120426180867,13828.71126,134.28571428571428
2021,NORTH CAROLINA,CHEROKEE,2.7678964226322303e-05,155.54994,576.9199799999999,17370.091788257974,2819.25462,144.1818181818182
2021,NORTH CAROLINA,CHOWAN,1461.4008055882005,9446.18766,3812.64156,6213.784065143853,22951.56318,158.75
2021,NORTH CAROLINA,CLEVELAND,2.7161175920083032e-05,1260.61026,2534.25354,17045.150784948695,11478.21402,108.54838709677419
2021,NORTH CAROLINA,COLUMBUS,555.9796697547479,30422.67774,9349.3764,35429.97061156512,52087.0896,130.0742574257426
2021,NORTH CAROLINA,CRAVEN,234.77763320222564,10023.92664,3979.81584,24718.31900321513,25370.33772,148.96174863387978
2021,NORTH CAROLINA,CUMBERLAND,394.06747708172713,9440.749500000002,4440.00102,19695.985269488127,24153.02526,150.1980198019802
2021,NORTH CAROLINA,CURRITUCK,7.648154367016149,10506.421380000002,3084.14652,9326.376817620334,12491.26788,153.93939393939394
2021,NORTH CAROLINA,DAVIDSON,2.366311426191121,1606.8834599999998,3761.81988,19963.91907956588,21854.23968,106.0
2021,NORTH CAROLINA,DAVIE,10.878314281456593,777.71148,2367.46146,9617.11350295579,14136.82452,149.26829268292684
2021,NORTH CAROLINA,DUPLIN,2712.361694862031,23773.24404,13928.94594,30618.56349904482,78739.61004,146.92139737991266
2021,NORTH CAROLINA,DURHAM,2.236931046150474,339.30624,392.1918,6932.07470044254,1614.44556,108.66666666666667
2021,NORTH CAROLINA,EDGECOMBE,2811.457565190404,26059.3242,10321.87338,18726.86298164511,56790.66666,128.25396825396825
2021,NORTH CAROLINA,FRANKLIN,156.7406681887851,2897.7585,1624.98336,18202.39680856622,7245.10332,121.25
2021,NORTH CAROLINA,GATES,744.1623140150688,9231.62058,3694.05582,13066.04869535295,25536.69846,166.11111111111111
2021,NORTH CAROLINA,GRANVILLE,3.121264228437344e-05,1708.52682,1752.28872,19587.67159784237,8417.42538,110.0
2021,NORTH CAROLINA,GREENE,2039.91912259823,14239.6254,5391.6681,9885.047311580034,31902.56706,128.29457364341084
2021,NORTH CAROLINA,GUILFORD,2.9014313004394712e-05,993.0921,3384.8997,18208.097526290527,18097.48668,130.55555555555554
2021,NORTH CAROLINA,HALIFAX,1771.608679562592,20692.65744,7888.09476,27243.7376614824,46252.10772,153.6986301369863
2021,NORTH CAROLINA,HARNETT,668.0029977975857,9121.22484,4668.370980000001,21577.222649035644,19062.18132,136.91176470588235
2021,NORTH CAROLINA,HAYWOOD,3.241173098612311e-05,76.86042,325.12116,20340.16654820788,513.7314,31.25
2021,NORTH CAROLINA,HERTFORD,831.5971962449364,10899.42126,5174.169,13276.975309582864,34590.03366,151.5463917525773
2021,NORTH CAROLINA,HYDE,511.924711352414,14237.67618,5820.99336,22477.93630674502,31452.45012,162.4025974025974
2021,NORTH CAROLINA,JACKSON,2.933225318479721e-05,18.41112,75.74112,18407.62269896713,57.20442,88.0
2021,NORTH CAROLINA,JOHNSTON,1442.1502385398928,34599.7743,12074.15664,28001.93333247921,37167.0936,137.06422018348624
2021,NORTH CAROLINA,JONES,174.1749243769089,8822.49186,4136.348580000001,17638.025600661316,26643.06918,147.26708074534162
2021,NORTH CAROLINA,LENOIR,1716.6673884474603,16572.328500000003,7421.33574,14776.264492589571,48618.47172,147.27272727272728
2021,NORTH CAROLINA,LINCOLN,1.6841745871237508e-05,647.15196,1385.5296,10569.133630358405,6361.6644,36.0
2021,NORTH CAROLINA,MADISON,3.913166157663987,36.42912,131.76618,16971.041432730257,170.69052,116.66666666666667
2021,NORTH CAROLINA,MARTIN,1252.2177148979365,14970.5283,5936.30856,17472.70473360378,37585.3023,120.0
2021,NORTH CAROLINA,MOORE,9.945760970861755,858.4758,2008.64664,25835.659985320537,9853.78758,125.80645161290323
2021,NORTH CAROLINA,NASH,2307.1594891006584,29448.03498,8786.18832,19473.657217193304,23124.23568,135.16129032258064
2021,NORTH CAROLINA,NORTHAMPTON,425.59550584481326,17766.50148,6938.294999999999,20602.399650735817,44730.85344,151.83673469387756
2021,NORTH CAROLINA,ONSLOW,279.7997167822202,7477.49184,4361.2296,26519.74630119192,24960.89232,134.3362831858407
2021,NORTH CAROLINA,ORANGE,23.28938182886479,780.9765600000001,1652.49084,13698.828540368291,8884.468320000002,160.3125
2021,NORTH CAROLINA,PAMLICO,162.8696579294111,6403.80468,1705.7040000000002,12621.39258785631,7681.82142,144.5528455284553
2021,NORTH CAROLINA,PASQUOTANK,821.7364871262372,20670.59904,5862.36924,7923.999862089776,23135.01918,168.3673469387755
2021,NORTH CAROLINA,PENDER,18.794991691918387,6271.083,3122.10444,32482.69871233793,19771.861200000003,147.98742138364778
2021,NORTH CAROLINA,PERQUIMANS,1725.459728269511,14510.99286,4766.0886,9195.26027333316,28161.18942,150.25477707006368
2021,NORTH CAROLINA,PERSON,218.5713818155955,1442.08428,2100.86058,15141.110530143467,10413.0117,133.78378378378378
2021,NORTH CAROLINA,PITT,1699.4112146255072,27425.89668,8944.19526,22517.84133081515,54432.93492,127.59803921568627
2021,NORTH CAROLINA,RANDOLPH,4.515659047226157e-05,1511.9941199999998,3795.125880000001,28338.275772690584,21453.01704,86.4423076923077
2021,NORTH CAROLINA,ROBESON,2906.3306595076388,48351.1392,15663.123839999998,34819.993637737694,87171.93576,136.01217656012176
2021,NORTH CAROLINA,ROCKINGHAM,3.311119941960343e-05,718.5141600000001,2449.19766,20779.12195106171,12334.99722,126.5625
2021,NORTH CAROLINA,ROWAN,191.6931204048477,2161.92522,3308.6125800000004,17871.755086079145,18635.97372,143.75
2021,NORTH CAROLINA,RUTHERFORD,3.331104752459505e-05,535.04724,1623.52008,20904.53776861288,8538.74112,119.9
2021,NORTH CAROLINA,SAMPSON,3823.071793589791,33315.134580000005,16445.050440000003,35937.33463292459,79704.16818,147.3684210526316
2021,NORTH CAROLINA,SCOTLAND,1012.3594939513536,6548.724,1930.71606,11526.85447693882,10718.24754,119.5505617977528
2021,NORTH CAROLINA,STANLY,2.372742190642128e-05,9308.43186,4556.19528,14890.278879052636,26169.834599999995,138.6764705882353
2021,NORTH CAROLINA,STOKES,2.653437955278559e-05,513.04344,1903.902,16651.801151505784,11404.629599999998,133.63636363636363
2021,NORTH CAROLINA,SURRY,218.27048764565143,1090.57494,3741.69432,19741.59102581756,21896.87682,158.203125
2021,NORTH CAROLINA,TRANSYLVANIA,2.24647451667382e-05,70.63056,407.40336,14097.878892989009,2290.90134,133.125
2021,NORTH CAROLINA,TYRRELL,1222.100112944329,12720.39132,4244.72958,14360.111981708696,18961.50984,172.88372093023256
2021,NORTH CAROLINA,UNION,3.344730760555002e-05,14424.29898,8430.17994,20990.04855918693,46669.03878,149.56112852664577
2021,NORTH CAROLINA,WAKE,57.65732555663629,5733.85176,2590.15848,17586.719119921494,9627.22488,116.75
2021,NORTH CAROLINA,WARREN,2.752766307747432,1254.9263999999998,723.05142,16571.991078656043,3085.53882,132.38095238095238
2021,NORTH CAROLINA,WASHINGTON,1745.909831875175,22963.8591,7732.68678,12923.530711692722,34976.29044,148.50299401197606
2021,NORTH CAROLINA,WAYNE,3949.214880618936,21365.02914,9047.56398,19752.992465626656,54703.92018,146.32
2021,NORTH CAROLINA,WILKES,434.8982787014208,790.4988,3764.34786,28247.06425857824,23253.97074,107.90123456790124
2021,NORTH CAROLINA,WILSON,2140.010766183621,26166.42756,7578.11964,13208.566677995725,28104.3126,125.83333333333333
2021,NORTH CAROLINA,YADKIN,244.6616569698692,1173.52872,3416.05446,12393.363813767386,19685.94264,161.69014084507043
2021,NORTH DAKOTA,ADAMS,9.343979462958774,2793.5271,1092.4641,37362.51446664893,11910.78252,47.84710743801653
2021,NORTH DAKOTA,BARNES,1859.5562100340856,33271.59108,6285.906900000001,56511.23067120149,73109.55288,116.45792079207921
2021,NORTH DAKOTA,BENSON,1970.4493557529568,18930.2295,5297.60322,51015.737244117976,65220.54084,76.2021439509954
2021,NORTH DAKOTA,BILLINGS,0.0255092380652248,1505.34384,693.9769200000001,43450.88270813691,5887.85652,22.65432098765432
2021,NORTH DAKOTA,BOTTINEAU,4640.330655673673,23339.92206,6804.9345,63887.96148190232,85755.63906,64.19213973799127
2021,NORTH DAKOTA,BURLEIGH,40.8644168702272,4856.653620000001,1587.20562,61031.90110623524,21131.73972,30.19024970273484
2021,NORTH DAKOTA,CASS,2229.6459644027104,90286.64736,27663.42306,65187.72549920921,71273.66063999999,141.95043227665707
2021,NORTH DAKOTA,CAVALIER,13268.7691419671,39069.78348,11668.59876,57109.80620787973,139552.23828,74.22535211267606
2021,NORTH DAKOTA,DICKEY,1178.2145611066244,21927.60024,9454.11012,42721.19062608139,83580.48972,118.82760416666666
2021,NORTH DAKOTA,DIVIDE,2352.1917809212628,6192.49722,2435.59134,48724.048072925536,37777.5216,39.58620689655172
2021,NORTH DAKOTA,DUNN,1.6481416302983851,5967.03744,2741.0837999999994,76338.33249849432,15896.9265,48.433734939759034
2021,NORTH DAKOTA,EDDY,394.85011824918297,7224.84126,1927.50558,24022.83124086309,23927.88762,68.57787810383748
2021,NORTH DAKOTA,EMMONS,1.0143903777509595,8385.129480000001,2884.17402,56739.259447223565,34037.0121,62.114285714285714
2021,NORTH DAKOTA,FOSTER,717.3348745213366,11772.45342,2532.3207,24028.531960186247,33390.94668,77.465872156013
2021,NORTH DAKOTA,GOLDEN VALLEY,5.938214281348272e-05,1298.26242,577.9300800000001,37265.602239289045,5860.99332,16.864864864864863
2021,NORTH DAKOTA,GRAND FORKS,3850.536205772434,82824.53088,23282.71218,53432.842247309374,88631.70498000001,120.01132075471698
2021,NORTH DAKOTA,GRANT,0.6549996729949851,3725.67468,1391.21892,62553.99316045893,17037.96822,44.14342629482072
2021,NORTH DAKOTA,GRIGGS,798.5845922796315,13092.40296,2661.5316000000003,26930.19808917402,31286.00202,97.51412429378531
2021,NORTH DAKOTA,HETTINGER,43.58628825721177,6204.34542,2345.17374,43023.32874917652,28144.705679999995,69.10761154855643
2021,NORTH DAKOTA,KIDDER,108.78241804982038,7903.82502,2481.25332,51266.568891487856,24860.8542,66.08928571428571
2021,NORTH DAKOTA,LA MOURE,1456.4550179134894,19683.11982,6162.248820000001,43017.62803431561,58338.08526,112.44289405684755
2021,NORTH DAKOTA,LOGAN,146.48758999527132,7641.29184,2010.56856,37636.14898777941,24815.97846,68.5831960461285
2021,NORTH DAKOTA,MCHENRY,1066.1805630559072,13891.839779999998,4053.51492,71333.10093014964,54005.406,32.00676437429538
2021,NORTH DAKOTA,MCINTOSH,117.43018929600086,8048.16012,2295.36762,36228.07131421932,27308.3265,36.24169986719787
2021,NORTH DAKOTA,MCLEAN,964.321150637733,18858.021,5927.05932,80089.40580644298,82147.0923,46.797511312217196
2021,NORTH DAKOTA,MERCER,44.71961835423606,3273.84876,1235.43966,39437.57629123588,9878.35758,29.27051671732523
2021,NORTH DAKOTA,NELSON,4991.603175149878,21252.52584,5220.43158,36957.76338624569,54355.78512,100.96954314720813
2021,NORTH DAKOTA,PEMBINA,10486.532297278934,116675.41704,38459.56842,42333.54171248489,72813.3861,100.4177545691906
2021,NORTH DAKOTA,PIERCE,730.6032241672376,9186.29712,2721.77178,38924.51155844576,33906.9822,28.644204851752022
2021,NORTH DAKOTA,RAMSEY,10368.648603303483,22304.24196,5985.50862,44277.48700691269,80919.24204,105.76619273301738
2021,NORTH DAKOTA,RANSOM,1404.6387813244598,22585.36644,7484.16396,32203.36346797438,65419.5906,121.456
2021,NORTH DAKOTA,RENVILLE,3304.4688623073507,14314.929719999998,4607.09886,33514.52891350599,58484.69718,78.088
2021,NORTH DAKOTA,RICHLAND,1298.0864440413725,73240.72392,25593.90288,54082.72424099178,82503.17166,144.66825396825396
2021,NORTH DAKOTA,ROLETTE,1827.7640531843665,9206.01864,2923.38774,35230.44543060357,30604.867020000005,38.52238805970149
2021,NORTH DAKOTA,SARGENT,1048.471828713959,17630.83686,6851.00598,32237.5677817912,58585.37412000001,136.0764331210191
2021,NORTH DAKOTA,SLOPE,18.855673373482578,3754.80378,1416.5260200000002,46107.41790935413,17560.08072,32.248062015503876
2021,NORTH DAKOTA,STARK,7.519999201934235,5720.600340000001,2340.2379,49733.07540556558,24322.42722,72.24768518518519
2021,NORTH DAKOTA,STEELE,788.6258645203602,27054.1908,6396.48282,27089.81824038227,40641.02406,119.29178743961353
2021,NORTH DAKOTA,STUTSMAN,2675.3570362698188,31083.47424,6728.40168,85339.76830510185,81862.01478000001,94.6020618556701
2021,NORTH DAKOTA,TOWNER,5433.846495877454,18259.06992,5284.77768,39095.53313318392,73405.47942,82.35602094240838
2021,NORTH DAKOTA,TRAILL,2213.043388227577,58455.38244,18016.84248,32408.58937407308,46784.04276,116.30943396226415
2021,NORTH DAKOTA,WALSH,13959.260944186852,88535.48886000001,28050.36234,48444.71283068409,87334.4199,89.88727858293076
2021,NORTH DAKOTA,WARD,3387.630710488641,21825.13788,6933.34824,76224.31810331027,91832.04576,50.72532188841202
2021,NORTH DAKOTA,WELLS,696.9119911361049,16546.15326,4440.30132,48256.589100941615,63935.79192,79.59157088122605
2021,NORTH DAKOTA,WILLIAMS,914.8809412121626,15384.52734,5619.01158,78829.54684576458,63701.55792,45.68041237113402
2021,OHIO,ALLEN,21.61970003366678,20399.72298,6285.37182,14057.973858744384,42670.93194,199.0811638591118
2021,OHIO,ASHLAND,6.598224650417135,12506.15184,5267.038140000001,15751.0874981569,32872.5306,151.9704433497537
2021,OHIO,ASHTABULA,4.0787183897459016e-05,6219.62796,3298.51704,25596.22976822481,18039.47418,150.98591549295776
2021,OHIO,ATHENS,2.992271353174194e-05,551.46,1240.6430400000002,18778.16945569884,6931.1151,163.75
2021,OHIO,AUGLAIZE,14.814201701630871,18139.3212,5572.72716,14673.651545644916,36257.91624,183.88429752066116
2021,OHIO,BELMONT,3.124897832325518e-05,863.2533,3342.12606,19610.47448618157,21197.31978,90.875
2021,OHIO,BROWN,37.25432902951569,7877.098320000001,3693.18768,18424.72486376804,18365.25054,175.58823529411765
2021,OHIO,BUTLER,19.822218011093145,9192.28128,3857.686560000001,12410.465972754297,21398.2314,175.3985507246377
2021,OHIO,CARROLL,19.47962121577101,4281.52998,2881.18194,14856.074562532316,18669.47628,135.47008547008548
2021,OHIO,CHAMPAIGN,150.76928024118706,22582.2324,7977.13644,15962.014112096109,52885.49448,195.8649289099526
2021,OHIO,CLARK,83.64085587409485,18991.31052,7097.5795800000005,13653.222785492366,44801.22738,203.90243902439025
2021,OHIO,CLERMONT,6.354142735505363,5024.346600000001,2139.67572,14303.104787750415,11059.26276,181.4569536423841
2021,OHIO,CLINTON,39.65203998395931,22147.50174,6569.0352,15101.20549444535,41002.92924,204.96010638297872
2021,OHIO,COLUMBIANA,3.0640349956869586e-05,9604.948079999998,5001.4146,19228.52628528028,32129.33724,145.9533073929961
2021,OHIO,COSHOCTON,0.4530335068690269,7024.115280000001,4847.480820000001,21029.95359604785,31337.51712,176.2
2021,OHIO,CRAWFORD,51.7183411561218,21984.39516,7302.87558,14662.250106271862,46458.79056,198.06658130601792
2021,OHIO,DARKE,74.70890889761053,29506.478820000004,9640.26882,22375.323354277072,63092.5113,172.81060606060606
2021,OHIO,DEFIANCE,134.6426003352722,20869.66518,5131.13874,15192.41700317975,34120.93776,173.24478178368122
2021,OHIO,DELAWARE,14.292982171068749,18232.45242,4869.877740000001,14348.710542626342,29825.25,188.19444444444446
2021,OHIO,ERIE,0.9065540585938356,2974.07292,3590.97648,8893.1221484793,19221.09462,179.92700729927006
2021,OHIO,FAYETTE,127.18537928064276,23614.53276,7733.533080000001,14998.592546919295,48028.32216,202.64172335600907
2021,OHIO,FULTON,140.99234240302087,22020.58404,7398.7641,14890.278879052634,51654.2208,185.7286432160804
2021,OHIO,GALLIA,2.8214920528841173e-05,864.8913,2535.34554,17706.434221201856,14342.53002,126.45161290322581
2021,OHIO,GEAUGA,2.4009026071103298e-05,1745.61114,1526.29932,15067.001177925027,9722.63292,106.47058823529412
2021,OHIO,GREENE,67.29667633675183,17831.12604,6484.8966,13356.785379525609,40138.55664,212.1317157712305
2021,OHIO,GUERNSEY,3.133981837645313e-05,2112.65418,3148.25784,19667.48167941311,19942.27326,137.90697674418604
2021,OHIO,HAMILTON,7.977849578912322,1473.3045599999998,775.11252,6202.382625334747,4204.94256,155.14285714285714
2021,OHIO,HARDIN,60.44624335186264,26524.82742,7765.2666,17392.894666422682,52002.67254000001,180.30973451327435
2021,OHIO,HARRISON,0.1093445225248754,856.82688,2430.5681400000003,15397.642897795811,15721.86252,167.10526315789474
2021,OHIO,HENRY,24.98072192100789,23004.41052,7304.57364,15466.051536795792,49238.64582,192.74809160305344
2021,OHIO,HIGHLAND,38.97171146331516,18072.39252,5481.5124000000005,20733.516190371785,30125.823,185.56541019955654
2021,OHIO,HOLMES,6.98360505543846,7526.47896,5611.20378,15762.488936512504,35883.96084,112.21698113207547
2021,OHIO,HURON,3.211768584265135,21691.36242,7788.438840000001,18179.593934762008,48408.98244000001,173.3170731707317
2021,OHIO,JACKSON,233.903471629098,1945.08678,2340.89856,15574.365197831004,13815.1104,152.27272727272728
2021,OHIO,JEFFERSON,2.3463985751915613e-05,1006.89498,2112.10818,14724.958018535845,13554.16062,137.03703703703704
2021,OHIO,KNOX,15.09777113339861,15851.42286,6440.0973,19621.875923083688,38635.65342,173.08285163776495
2021,OHIO,LAWRENCE,2.347346150969163,147.16338000000002,574.82334,16560.589643207433,3401.12136,133.33333333333334
2021,OHIO,LICKING,49.44459526457011,20174.25774,7277.6886,23834.70749722516,41958.19992,167.15827338129498
2021,OHIO,LOGAN,97.58743906462816,21094.86288,6323.56998,16942.53783248074,41407.1385,196.4957264957265
2021,OHIO,LORAIN,0.0974633988752059,5766.69912,2408.1603,14690.753702015523,13331.01042,170.04310344827587
2021,OHIO,LUCAS,2.052372409807908,8900.100299999998,2857.82406,7918.299142911972,19179.38568,187.6056338028169
2021,OHIO,MADISON,188.84521393486523,26483.69724,8183.7756,16822.82272538638,52506.29748,196.27954779033917
2021,OHIO,MAHONING,2.0856876224439683e-05,6651.50304,3059.69664,13088.85157235486,19273.21578,144.22360248447205
2021,OHIO,MARION,101.06378029724009,22224.19836,5925.55236,14650.848667770904,38242.3041,183.4054834054834
2021,OHIO,MEDINA,0.0168222532487622,7447.12878,2669.54142,13966.762347539036,15598.98522,150.9933774834437
2021,OHIO,MEIGS,2.6062011268049816e-05,380.64936,1489.60812,16355.363741614576,8567.75556,148.125
2021,OHIO,MERCER,56.22464218226266,19737.83994,6710.6676,17062.252943063508,41162.00634,180.63849765258215
2021,OHIO,MIAMI,24.697641120232262,19345.1076,7051.24056,14337.309104270736,43787.0433,194.22131147540983
2021,OHIO,MONROE,2.737010803294219e-05,176.65829999999997,623.5592999999999,17176.26732342187,3824.05296,56.25
2021,OHIO,MONTGOMERY,7.327876776502115,11364.31842,4311.13956,10865.571034871662,25604.74644,171.33333333333334
2021,OHIO,MORGAN,2.5289870811698224e-05,1326.2340000000002,1577.49228,15870.802596530266,9882.62184,133.75
2021,OHIO,MORROW,23.182221903236776,17132.600939999997,5402.3424,15192.417002743696,32652.61818,185.08658008658008
2021,OHIO,MUSKINGUM,2.1617192501397096,7479.211740000001,4309.34868,24649.910365814,26679.80406,172.24242424242425
2021,OHIO,NOBLE,2.399994205883512e-05,860.8782,1114.3259400000002,15061.300454241376,6829.44444,126.57142857142857
2021,OHIO,OTTAWA,8.966114755047059,10169.56122,2331.66024,9662.719256378214,13378.818179999998,170.23529411764707
2021,OHIO,PAULDING,146.53508036720703,22952.13102,5778.72204,15882.204047240615,37527.40446,173.6624203821656
2021,OHIO,PERRY,89.19452330617784,6538.13706,3229.38252,15295.029952304654,18954.59748,182.38372093023256
2021,OHIO,PICKAWAY,284.6552030332444,26587.75392,9940.3395,18424.724860861046,58985.04612,191.54462242562929
2021,OHIO,PIKE,444.85320519431184,3178.50624,1651.6991400000002,16577.691794926846,9451.6422,188.3448275862069
2021,OHIO,PORTAGE,2.712483989973031e-05,5612.84178,2829.73236,17022.347908237483,17311.4487,150.68493150684932
2021,OHIO,PREBLE,0.6506050396791934,20153.810040000004,7475.22594,15751.0874981569,45849.71664,185.01981505944516
2021,OHIO,PUTNAM,43.52072303530059,24950.44734,6845.9391000000005,17940.16371214299,43975.69722,187.57921419518377
2021,OHIO,ROSS,388.73636439143365,16026.934559999998,6352.78098,25579.1276179589,35671.56138,178.1709741550696
2021,OHIO,SANDUSKY,61.48759967227718,21529.7901,6420.13008,14821.870247465497,39554.20014,197.216
2021,OHIO,SCIOTO,762.1556085054394,1205.3386799999998,1424.69418,22597.65140947889,8381.564100000001,167.47368421052633
2021,OHIO,SHELBY,31.345701367958927,17531.20824,5331.41154,14958.68751107582,34483.18692,182.46630727762803
2021,OHIO,STARK,69.18506300600168,11453.0325,5930.72298,16811.42129284477,37212.1386,144.84177215189874
2021,OHIO,TRUMBULL,3.3737995773004105e-05,8133.832979999999,2874.24774,21172.471575783624,17466.283379999997,169.67136150234742
2021,OHIO,TUSCARAWAS,40.00166810804479,4969.2715800000005,4270.282380000001,20539.69173541948,27619.530120000003,127.36401673640168
2021,OHIO,UNION,182.3205753917277,22763.19318,5156.38578,16081.729219190478,32209.905,191.8673647469459
2021,OHIO,VAN WERT,70.30375763130192,23880.36924,7121.745540000001,15084.10333691194,46801.55298,192.77641277641277
2021,OHIO,VINTON,7.994603561970559,970.01268,936.15522,15597.168080937614,5212.83126,186.47058823529412
2021,OHIO,WARREN,3.681498911055032,9926.40558,3417.97092,12267.94798894872,19706.70156,177.9090909090909
2021,OHIO,WASHINGTON,3.748968997633288e-05,1205.31684,2621.22588,23526.868660170298,15176.6979,130.10416666666666
2021,OHIO,WAYNE,4.788332060453456,17272.344180000004,9628.83558,20146.34209761607,56964.81882,123.43042071197411
2021,OHIO,WILLIAMS,323.40595576013294,20296.65456,5884.695180000001,15836.598289166994,39004.26894,176.7357512953368
2021,OHIO,WOOD,60.36182650689092,33447.31026,10054.18596,21742.543508098937,63277.31046,186.16666666666666
2021,OHIO,WYANDOT,33.75686324948264,23183.30742,7276.69488,15209.519166527154,47520.13812,184.83870967741936
2021,OKLAHOMA,ALFALFA,718.407571932027,10364.00274,4836.96486,32767.73469099568,29824.85688,100.88235294117646
2021,OKLAHOMA,BEAVER,3.216649246367476,8519.02506,5281.47984,68585.35421348285,33655.418159999994,195.32467532467533
2021,OKLAHOMA,CADDO,541.7603807369256,13195.455,8567.575379999998,47675.11572525613,44989.6356,69.04109589041096
2021,OKLAHOMA,CHOCTAW,327.37168532853474,2999.10156,8363.86824,29250.39086526717,41843.41434,118.75
2021,OKLAHOMA,CRAIG,2805.6598607461183,4858.53732,11086.31706,28229.96209610293,36745.76724,93.66666666666667
2021,OKLAHOMA,CREEK,12.46577758209066,727.69788,3117.28872,36205.26843137434,14232.62022,116.0
2021,OKLAHOMA,DELAWARE,1517.4479185937575,1145.1258,3395.75964,28953.95346424232,13887.77754,115.23076923076923
2021,OKLAHOMA,GARFIELD,3757.335067349903,22979.56206,13698.4302,39517.38637367872,62702.094,95.31645569620254
2021,OKLAHOMA,GARVIN,504.1157870568016,654.18444,2238.77472,30162.50595115768,8726.76168,104.56521739130434
2021,OKLAHOMA,GRADY,269.07521597438927,3799.20996,4531.7181,41170.59497477681,19797.403080000004,107.5609756097561
2021,OKLAHOMA,GRANT,3164.354781009657,19222.54152,8653.679579999998,37852.77632608543,57102.33438,84.83516483516483
2021,OKLAHOMA,HUGHES,4.8481336423012257e-05,1798.86252,6320.53968,30424.73904729021,24092.04252,85.5
2021,OKLAHOMA,KAY,2977.9410182151287,14236.62786,8715.841680000001,34557.76055991925,35830.74222,101.53191489361703
2021,OKLAHOMA,KIOWA,347.1055624627433,10811.12214,4559.5641,38000.9950293595,40098.24546,51.774193548387096
2021,OKLAHOMA,LEFLORE,2850.4465835015462,2989.5684,6276.79416,60199.59607720599,26670.56028,102.12121212121212
2021,OKLAHOMA,MAJOR,535.8635709780749,7527.87126,4225.35204,36045.64829788424,19861.22502,182.75862068965517
2021,OKLAHOMA,MAYES,367.5166515324552,2710.2075,7080.0366,25413.80676034911,23942.17098,72.53333333333333
2021,OKLAHOMA,MUSKOGEE,1167.2724376876722,4624.254180000001,12490.96212,30612.862776960017,55148.15124,142.98701298701297
2021,OKLAHOMA,NOBLE,866.5274613158242,5130.00852,5100.17508,27762.50311436603,20201.8635,65.2127659574468
2021,OKLAHOMA,OKFUSKEE,3.747152196175588e-05,985.6665,4506.06702,23515.46721905304,21511.78848,74.78571428571429
2021,OKLAHOMA,OKLAHOMA,71.13398260797982,1011.0828,1952.07012,18230.90040445523,7975.2036,109.52380952380952
2021,OKLAHOMA,OTTAWA,1519.837945430403,3434.48196,4665.8866800000005,18002.87162411627,15347.99448,125.0
2021,OKLAHOMA,ROGERS,420.3466521360771,3333.32454,8587.73916,25237.08445566272,27710.58108,76.5
2021,OKLAHOMA,TEXAS,8.013121527554572,33116.99118,25100.4117,76446.6461608377,153116.83842,188.56435643564356
2021,OKLAHOMA,TILLMAN,366.7832291591562,10150.77336,5777.38434,33195.288638342616,42957.19428,58.05755395683453
2021,OKLAHOMA,WAGONER,1685.5560864397305,3363.94968,6313.8075,21309.2888447719,22604.2089,90.625
2021,OKLAHOMA,WASHITA,299.44659847618016,11520.7365,5064.83796,38046.60078510753,37290.87726,107.85714285714286
2021,PENNSYLVANIA,ADAMS,26.62826928125628,11296.516140000002,5067.322260000001,18607.14787891124,33674.79024,137.21875
2021,PENNSYLVANIA,ALLEGHENY,0.2555012784642447,735.63672,871.3832400000001,13356.785379525603,6390.78258,108.4
2021,PENNSYLVANIA,ARMSTRONG,3.9106642912138926e-05,4271.6583,2398.1412,24541.596692714746,18490.8906,146.5562913907285
2021,PENNSYLVANIA,BEAVER,2.3173297582145405e-05,2571.99306,1817.7705,14542.535000485645,12780.413100000002,111.42857142857143
2021,PENNSYLVANIA,BEDFORD,4.016040694159277,7746.74082,5467.5348,38097.90725509145,35632.94826,86.996699669967
2021,PENNSYLVANIA,BERKS,1018.8002042920212,16026.492299999998,9014.85312,28965.35488951643,54139.69470000001,120.23217247097844
2021,PENNSYLVANIA,BLAIR,7.261229506323723,4169.01576,2501.52084,18533.038522332303,16348.86162,82.8030303030303
2021,PENNSYLVANIA,BUCKS,65.96096320109233,4295.6004,3367.20384,15209.519161730606,19567.67904,144.0
2021,PENNSYLVANIA,CAMBRIA,0.0292593790566326,7963.7922,2881.29114,24712.618272409338,13893.28668,106.16981132075472
2021,PENNSYLVANIA,CAMERON,2.386368198853432e-05,3.4070399999999985,3.66912,14975.78967035343,23.12856,133.0
2021,PENNSYLVANIA,CENTRE,134.7037726077451,5937.1494,3618.6969,40526.413682975566,23671.32768,138.24902723735408
2021,PENNSYLVANIA,CHESTER,36.55232923404607,12569.8755,6876.22026,21332.09171712261,46944.60498,159.4879518072289
2021,PENNSYLVANIA,CLARION,3.5827317008137535e-05,4837.12866,2392.36998,22483.63702737633,18306.45726,153.62745098039215
2021,PENNSYLVANIA,CLEARFIELD,6.830263603914244e-05,2118.75846,1360.34262,42863.70861564283,10890.15018,87.6923076923077
2021,PENNSYLVANIA,CLINTON,23.358170873846184,1990.75968,1329.2206199999998,33275.09871148306,8597.79648,91.45631067961165
2021,PENNSYLVANIA,COLUMBIA,0.0097487417638251,8466.09036,3800.76606,18037.07595240993,24380.94204,149.59821428571428
2021,PENNSYLVANIA,CRAWFORD,0.0070806810363726,8973.17148,5320.34958,38080.805091744056,37463.89374,130.86053412462908
2021,PENNSYLVANIA,CUMBERLAND,117.48920393526564,10456.3368,6074.77416,17928.762280764175,35190.88482,109.89795918367346
2021,PENNSYLVANIA,DAUPHIN,150.21446391959182,6627.173280000001,3347.3076,17558.215524032472,19566.58704,140.9142857142857
2021,PENNSYLVANIA,ELK,4.976218117657752e-05,358.39986,282.5004,31228.54047403505,2015.17134,100.76923076923077
2021,PENNSYLVANIA,ERIE,0.2376439492675325,14653.67904,6595.63632,27614.28442112109,31379.12232,154.03940886699507
2021,PENNSYLVANIA,FAYETTE,14.83798577987551,2039.70312,3701.37222,28919.749147722,27445.81476,116.08653846153847
2021,PENNSYLVANIA,FOREST,2.550788696021845e-05,116.63106,77.64120000000001,16007.619873367434,553.5621,113.44444444444444
2021,PENNSYLVANIA,FRANKLIN,442.6871697861763,14769.97704,8628.852959999998,27448.96355479031,49752.75396,81.19180633147114
2021,PENNSYLVANIA,FULTON,6.579266261613462,2253.78972,1669.8263399999998,16634.698992664224,10486.13748,87.60330578512396
2021,PENNSYLVANIA,GREENE,3.421944805032097e-05,405.99468,1872.00468,21474.609697003743,11679.79176,126.55555555555556
2021,PENNSYLVANIA,HUNTINGDON,7.8155321883733295,4972.52574,3161.43828,33149.68288375739,21012.2367,77.4074074074074
2021,PENNSYLVANIA,INDIANA,4.9307980894838086e-05,6990.017580000001,3959.11698,30943.504497993592,29656.54146,141.7081850533808
2021,PENNSYLVANIA,JEFFERSON,3.879778674608913e-05,3569.19108,2089.2963,24347.772245029937,17093.58378,135.0185185185185
2021,PENNSYLVANIA,JUNIATA,7.206562788953102,4171.73484,2283.42114,14633.746510237495,14846.88114,111.42105263157895
2021,PENNSYLVANIA,LANCASTER,471.585933005959,25306.33014,15366.3783,30789.58507873942,100017.918,148.2881906825569
2021,PENNSYLVANIA,LEBANON,514.0815711340568,8042.92944,4514.08776,12262.247271224414,26474.95578,141.1788617886179
2021,PENNSYLVANIA,LEHIGH,329.8764117180885,7574.06832,3883.1247,9320.67609698903,22771.87458,162.66666666666666
2021,PENNSYLVANIA,LUZERNE,4.94987450086383e-05,3737.24442,1916.01774,31063.21960508796,11140.32738,133.54166666666666
2021,PENNSYLVANIA,LYCOMING,91.93536948089024,7042.96866,3929.289,45759.67403354879,28816.585980000003,140.60913705583755
2021,PENNSYLVANIA,MERCER,3.8924962821955934e-05,7715.79354,3695.70474,24427.58231642618,27618.50364,146.46198830409358
2021,PENNSYLVANIA,MIFFLIN,84.6816793951703,4209.09762,2667.50484,15175.314845210289,17782.8924,115.88957055214723
2021,PENNSYLVANIA,MONROE,1.2681329894844335,898.3884,671.95128,20881.73489044817,4153.25274,109.0
2021,PENNSYLVANIA,MONTGOMERY,0.5455319806380896,3835.98852,2757.846,7576.2559841041875,14457.77424,117.8048780487805
2021,PENNSYLVANIA,MONTOUR,10.403107287090206,3409.27314,1401.12336,4817.107830099249,8532.60954,140.43956043956044
2021,PENNSYLVANIA,NORTHAMPTON,37.88809422060451,7099.2558,4363.86678,11150.60700102932,26160.79284,156.54761904761904
2021,PENNSYLVANIA,NORTHUMBERLAND,91.9142035991864,8819.772780000001,4053.4767,16800.01985448917,25608.86874,148.0
2021,PENNSYLVANIA,PERRY,7.04637243366189,5130.5709,2667.28644,20602.39964056132,16426.72122,105.83756345177665
2021,PENNSYLVANIA,SCHUYLKILL,275.6013929788127,7401.64152,3234.8589,28144.451307563784,17425.02762,135.46938775510205
2021,PENNSYLVANIA,SNYDER,88.00705486844335,5537.54838,2792.71356,12370.560937056174,17987.975459999998,137.75862068965517
2021,PENNSYLVANIA,SOMERSET,55.6504239900624,8902.109579999998,6130.0785000000005,40281.28276414403,40606.50048,105.38181818181818
2021,PENNSYLVANIA,TIOGA,6.784843575925593e-05,8022.0504,5303.18334,42578.67264076417,43410.09582,88.57142857142857
2021,PENNSYLVANIA,UNION,261.1996332754493,4819.90236,2159.97054,11253.219950590272,13437.40944,145.53571428571428
2021,PENNSYLVANIA,VENANGO,4.079626790486333e-05,1934.44524,1046.26158,25601.93048885612,8471.6541,140.20987654320987
2021,PENNSYLVANIA,WARREN,0.0005931595899906,2082.2802,1193.46864,33360.609496243094,7450.27374,103.96610169491525
2021,PENNSYLVANIA,WASHINGTON,4.785454005988384e-05,2015.82654,6181.55538,30031.389416463608,45483.17046,104.83720930232558
2021,PENNSYLVANIA,WESTMORELAND,26.35439450119089,6180.62172,5169.2823,34540.65839947884,38740.73112,101.82926829268293
2021,PENNSYLVANIA,WYOMING,2.4317882253366e-05,1138.2407400000002,1565.91162,15260.825635784337,11392.437419999998,111.13157894736842
2021,PENNSYLVANIA,YORK,81.22054303866534,19340.8761,9435.18576,29028.062804832764,62334.84348,159.69770253929866
2021,SOUTH CAROLINA,ALLENDALE,961.5576241770482,1118.81406,3937.206,15505.956560139168,26617.31982,136.85393258426967
2021,SOUTH CAROLINA,ANDERSON,41.84997737234915,1690.65624,4342.21242,25938.272931974498,20688.85728,140.58823529411765
2021,SOUTH CAROLINA,BAMBERG,378.2065420020673,1039.35468,4336.61592,14719.257299358043,27196.4784,116.57894736842105
2021,SOUTH CAROLINA,BARNWELL,999.7113889894048,1093.3813799999998,4411.70184,20687.910440147058,28857.69432,91.45454545454545
2021,SOUTH CAROLINA,BERKELEY,6.478712596810639e-05,424.36212,951.71076,40657.53022987904,6033.643980000001,100.0
2021,SOUTH CAROLINA,CALHOUN,1053.65359420579,2362.94604,6043.32456,14713.55658047094,37958.97378,120.40816326530613
2021,SOUTH CAROLINA,CHARLESTON,4.377582166179986e-05,15.13512,746.05986,27471.76643440852,4177.80636,115.0
2021,SOUTH CAROLINA,CHESTERFIELD,2.902127378610308,8481.92436,3218.9976,29917.37501982604,16155.08622,127.3076923076923
2021,SOUTH CAROLINA,CLARENDON,79.6173965766254,8927.12184,9772.258860000002,23532.569382255097,63026.66916,153.1400966183575
2021,SOUTH CAROLINA,COLLETON,43.41204241381456,436.76178,1924.77012,39186.744645668354,11590.881119999998,109.06666666666666
2021,SOUTH CAROLINA,DARLINGTON,312.789628234948,15530.789820000002,5850.21528,20716.414035745373,37100.28504,121.43478260869566
2021,SOUTH CAROLINA,DILLON,803.5980179609834,18734.58132,4053.04536,15175.314846663789,20968.44204,135.04464285714286
2021,SOUTH CAROLINA,DORCHESTER,105.86564459565304,597.67344,2263.99992,19695.98527239513,14716.67652,121.72413793103448
2021,SOUTH CAROLINA,FLORENCE,77.43783896493348,25155.57408,6729.19884,28492.19519339828,43047.08772,132.21238938053096
2021,SOUTH CAROLINA,GEORGETOWN,4.889920067050216e-05,1344.13734,998.77596,30686.972137899447,5959.58454,97.3157894736842
2021,SOUTH CAROLINA,HAMPTON,1172.7226529709674,987.01512,3502.2897,21035.654311591898,23839.62672,136.26506024096386
2021,SOUTH CAROLINA,HORRY,181.64783469574783,24176.72712,7147.544040000001,38582.46840264672,44286.06546,129.35344827586206
2021,SOUTH CAROLINA,LEE,906.137240630386,5859.5628,5336.66952,15466.051531417845,33362.46186,159.14473684210526
2021,SOUTH CAROLINA,LEXINGTON,207.82623214735435,1592.47998,6049.1886,23350.146358390903,32663.379840000005,143.5185185185185
2021,SOUTH CAROLINA,MARION,138.94868615589616,13414.5648,3157.02114,18270.80543724636,15911.6412,146.37254901960785
2021,SOUTH CAROLINA,MARLBORO,781.7299422150214,11631.2742,2432.157,17951.565152533487,14769.45834,120.51428571428572
2021,SOUTH CAROLINA,NEWBERRY,0.0735980767712403,543.94158,1277.98398,23897.415408181,6251.35056,47.41935483870968
2021,SOUTH CAROLINA,OCONEE,3.868877867576644e-05,465.03912,1168.19976,24279.363609082306,5365.91874,94.2
2021,SOUTH CAROLINA,ORANGEBURG,2406.745656641713,5047.27314,15990.3198,40965.3690756549,99852.03774,145.0125944584383
2021,SOUTH CAROLINA,SUMTER,397.3046121432513,6948.63624,8605.0965,24096.940593939107,54254.71506,145.41666666666666
2021,SOUTH CAROLINA,WILLIAMSBURG,5.585754873249461e-05,13749.7269,6624.9729,35053.72313129511,44309.98026,99.53781512605042
2021,SOUTH DAKOTA,AURORA,71.52699738503208,11612.03862,5271.739200000001,26759.17652036613,43318.61352,101.62946428571429
2021,SOUTH DAKOTA,BEADLE,257.49762441340414,21940.3002,9903.9759,47526.89702038319,83106.98214,117.66748166259168
2021,SOUTH DAKOTA,BENNETT,7.189081813731143e-05,2533.31442,1353.44118,45115.49274631153,11545.94532,70.61971830985915
2021,SOUTH DAKOTA,BON HOMME,155.98676735578246,11389.65828,5161.8130200000005,21394.79963272965,42281.0388,111.92307692307692
2021,SOUTH DAKOTA,BROOKINGS,290.85723340440654,18826.34754,8218.757819999999,29945.878624290708,65764.11660000001,144.6451612903226
2021,SOUTH DAKOTA,BROWN,609.1852847372378,31535.42574,13381.40076,64765.87225810395,115142.01426,132.8555399719495
2021,SOUTH DAKOTA,BRULE,34.9790279114889,10515.0318,5140.38798,31171.533275570924,42501.56274,91.41758241758242
2021,SOUTH DAKOTA,BUFFALO,2.535748054817099,2489.83098,1258.71564,17803.346453387345,10509.85026,93.98550724637681
2021,SOUTH DAKOTA,BUTTE,0.0001351245791884,4326.43848,7152.1359,84798.1999673674,47123.97144,78.83116883116882
2021,SOUTH DAKOTA,CAMPBELL,0.4833446276086036,3731.4186,1663.88586,28041.83835775573,17180.39778,60.45637583892618
2021,SOUTH DAKOTA,CHARLES MIX,173.46324332555457,19444.5888,8786.37396,41820.47697311042,70456.55526,113.04026845637584
2021,SOUTH DAKOTA,CLARK,199.35214836985625,15892.68408,6620.92158,35464.17492275109,55144.12722000001,159.12820512820514
2021,SOUTH DAKOTA,CLAY,155.76373932226832,13696.284419999998,6969.66816,15580.065915904144,46499.71326,147.65174129353233
2021,SOUTH DAKOTA,CODINGTON,260.888431491938,11991.29022,4890.99702,25715.94488040642,38255.45724,180.45248868778282
2021,SOUTH DAKOTA,CORSON,0.0374689046930783,1675.82688,747.0808800000001,93446.19118960232,6080.64912,60.59649122807018
2021,SOUTH DAKOTA,DAY,279.13781530863866,15474.91218,5832.53034,38280.3302700893,49165.72752,138.40579710144928
2021,SOUTH DAKOTA,DOUGLAS,102.66368205573356,11725.19166,5308.03182,16440.874534514223,43870.1172,133.76756066411238
2021,SOUTH DAKOTA,EDMUNDS,22.95546800705741,12073.971,4830.15624,43262.75896622864,45683.62344,78.38176638176638
2021,SOUTH DAKOTA,FALL RIVER,0.0001043207171325,980.9982,1045.93944,65467.06073223548,6640.703160000001,61.76470588235294
2021,SOUTH DAKOTA,FAULK,7.772759722654552,10197.05778,3924.08016,37619.04682482445,35915.17566,84.14765100671141
2021,SOUTH DAKOTA,GRANT,232.60023188734573,11934.1404,4916.77914,25847.06142760059,38546.568060000005,163.8495575221239
2021,SOUTH DAKOTA,GREGORY,13.008661075497796,5156.626020000001,2797.158,38365.84105891915,21350.3199,87.91869918699187
2021,SOUTH DAKOTA,HAMLIN,165.1601080474593,12483.028740000002,5457.19356,19428.05146871278,43244.93628,166.25225225225225
2021,SOUTH DAKOTA,HAND,28.644985506747872,13800.10632,6116.2101,54230.94294967288,54710.504940000006,128.3395225464191
2021,SOUTH DAKOTA,HANSON,268.6313004464506,11456.64702,5104.91436,16258.45152256872,42252.47754,137.4578177727784
2021,SOUTH DAKOTA,HARDING,0.0001596332255607,561.2770800000001,287.88396,100178.7407134438,2641.21494,15.017241379310345
2021,SOUTH DAKOTA,HUGHES,2.302484807598876,7874.54304,3690.40308,28207.159221717324,31193.2257,83.45201238390094
2021,SOUTH DAKOTA,HUTCHINSON,176.67171842254868,21345.90822,9229.26186,30538.753425904382,76347.999,111.08011869436201
2021,SOUTH DAKOTA,JERAULD,28.31966984865296,5027.52432,2337.54066,20020.92627095146,19957.1463,111.2784588441331
2021,SOUTH DAKOTA,KINGSBURY,188.51548362294508,17402.84364,6993.8778,31063.21961075661,57781.91328,146.1848184818482
2021,SOUTH DAKOTA,LAKE,151.99622844455635,14166.7344,5934.0099,21486.0111421908,49016.34738000001,122.96899224806202
2021,SOUTH DAKOTA,LINCOLN,90.9486304869505,19528.57998,7926.02538,21143.96798236556,63397.425,149.44636678200692
2021,SOUTH DAKOTA,LYMAN,2.685159182451395,7445.65458,3576.78594,62422.876620706666,26893.46478,71.52830188679245
2021,SOUTH DAKOTA,MARSHALL,450.8230515048282,17608.39626,6678.950460000001,32847.54475061857,59206.42182,138.62809917355372
2021,SOUTH DAKOTA,MCCOOK,230.25020706999413,14530.425,6180.9384,21537.31761740732,51142.77168,115.64016736401673
2021,SOUTH DAKOTA,MCPHERSON,47.66988738325764,5689.38006,2352.79044,43114.54026937903,23918.3217,54.29213483146067
2021,SOUTH DAKOTA,MEADE,0.0002089866264902,1738.16916,1321.54386,131150.7488131404,8049.18114,16.2987012987013
2021,SOUTH DAKOTA,MINER,122.05563219021307,7974.82686,2886.87672,21753.944944317893,18317.36634,95.76829268292683
2021,SOUTH DAKOTA,OGLALA LAKOTA,0.0001248142331532,403.16094,242.5878,78327.88353733288,1425.5241,29.82758620689655
2021,SOUTH DAKOTA,PENNINGTON,0.0001644477483776,1826.45736,1065.72648,103200.12195311608,6431.841780000001,39.29936305732484
2021,SOUTH DAKOTA,POTTER,5.1706158307185065e-05,8773.930620000001,3845.81652,32448.49440427698,36921.96144,95.6504854368932
2021,SOUTH DAKOTA,SANBORN,205.2201851080452,11117.138760000002,5455.9596,21463.20826111908,46455.09414,123.61673414304994
2021,SOUTH DAKOTA,SULLY,1.2865813381702171,14826.05124,6609.67944,38502.6583241574,57917.097420000006,106.9274193548387
2021,SOUTH DAKOTA,TODD,8.355468096412942e-05,1165.06026,1537.55238,52435.21635485635,10961.38134,92.65625
2021,SOUTH DAKOTA,TRIPP,0.0358570321471895,6431.78718,3583.49628,60895.08383685452,26355.92778,49.382198952879584
2021,SOUTH DAKOTA,TURNER,168.51093209524495,18342.41682,8208.17088,23224.73053967692,64665.98502000001,138.12121212121212
2021,SOUTH DAKOTA,WALWORTH,0.280422643434946,5469.23832,2340.27612,26781.979391437777,23974.60338,93.7335092348285
2021,SOUTH DAKOTA,YANKTON,145.28054760794612,11298.99498,5298.55872,19570.56944626832,38870.25324,116.93596059113301
2021,TENNESSEE,BEDFORD,992.1834228456572,9766.0017,8601.17076,17638.025589614725,42432.61932,156.66666666666666
2021,TENNESSEE,BLEDSOE,341.11844287154565,284.31312,1092.3712799999998,15232.322041494168,4071.68034,144.51612903225808
2021,TENNESSEE,BLOUNT,2.3360108927158945,599.6445,4322.2725,19718.78814910633,25397.7087,100.76923076923077
2021,TENNESSEE,CANNON,73.91268983387073,2068.248,2180.36364,9907.850188436594,11733.20694,161.31147540983608
2021,TENNESSEE,CARROLL,74.91897498421682,11991.32298,5211.88122,22472.23558320672,31484.25462,161.23456790123456
2021,TENNESSEE,CHESTER,8.288476943072732,3467.13822,1186.5453599999998,10791.461683670674,7676.86374,157.5438596491228
2021,TENNESSEE,COFFEE,393.5181134381788,4492.034820000001,3178.06398,15694.08030347187,20857.08534,178.63636363636363
2021,TENNESSEE,CROCKETT,404.4765135032527,13630.82448,4536.10794,9976.258819733031,25341.2796,164.0392156862745
2021,TENNESSEE,CUMBERLAND,556.1247376481813,289.29264,1425.04908,25242.78517920101,4715.76924,108.625
2021,TENNESSEE,DECATUR,0.322040492262679,2499.60984,973.76916,12860.82279971944,6231.66726,153.07692307692307
2021,TENNESSEE,DYER,3300.0176499763006,30241.89168,8390.63862,19011.89894925626,42698.25378,173.5185185185185
2021,TENNESSEE,FAYETTE,1335.458060218797,21862.24404,6996.54228,26251.81248966067,32250.94782,156.44897959183675
2021,TENNESSEE,FENTRESS,328.24082916709034,465.05004,2329.96218,18709.7608313792,13765.87212,129.9
2021,TENNESSEE,FRANKLIN,350.9044976945704,6154.561140000001,3245.92086,21052.75646432876,22031.17098,182.125
2021,TENNESSEE,GIBSON,1212.640349748288,34848.45546,12387.99744,22158.69602552056,65051.42826,162.26190476190476
2021,TENNESSEE,GILES,308.61620825736344,8496.404279999999,6587.99232,22819.97945944812,41739.8709,167.29559748427673
2021,TENNESSEE,GRAINGER,5.469197949093158,696.70146,3626.78316,11310.227142368303,23366.60508,106.83333333333333
2021,TENNESSEE,GREENE,4319.360728692705,2588.86992,10620.07128,23065.110387872748,60281.22828,96.18181818181819
2021,TENNESSEE,HAWKINS,137.4921830420742,1118.6011200000005,4740.25734,18367.717673443512,29693.707680000003,124.33333333333333
2021,TENNESSEE,HENDERSON,3.131256634265956e-05,7537.906739999999,3062.52492,19650.379510251707,21045.80478,153.58490566037736
2021,TENNESSEE,HENRY,56.75067207666837,11742.4125,4846.47072,21332.09172293661,29967.60858,164.7560975609756
2021,TENNESSEE,HICKMAN,1.2367567036764688,1259.44728,1870.85262,23036.60679925123,12094.506060000002,153.65853658536585
2021,TENNESSEE,JEFFERSON,97.84075748126163,1278.87396,4973.8143,11190.51203672744,28546.829220000003,92.66666666666667
2021,TENNESSEE,LAKE,2174.176920633276,11124.83736,3135.3777,6424.710681117967,16522.44594,175.76923076923077
2021,TENNESSEE,LAUDERDALE,6243.456121013763,19767.04002,6144.10524,17883.156531702247,33057.515400000004,167.11627906976744
2021,TENNESSEE,LAWRENCE,191.0761418064998,7299.648720000001,5278.2093,23139.219745905182,35035.99554,160.33333333333334
2021,TENNESSEE,LINCOLN,393.77029689974,11228.304359999998,6246.99894,21371.99675863473,36508.35006,174.08602150537635
2021,TENNESSEE,MACON,313.0694537327596,1398.6063,2800.60326,11640.868863401882,18231.64434,133.96226415094338
2021,TENNESSEE,MADISON,605.0291058669284,14716.04862,5451.193020000001,19507.861533713625,27204.89226,161.61290322580646
2021,TENNESSEE,MARION,1.1642103409313067,1346.00466,985.07136,19114.51189300322,5592.19206,159.6
2021,TENNESSEE,MARSHALL,350.2036345810377,3975.1803,5335.00968,13932.558033925718,27908.8446,158.69565217391303
2021,TENNESSEE,MAURY,10.66509453106976,4243.653960000001,6340.13562,22118.79098982243,34127.81736,163.91752577319588
2021,TENNESSEE,MCMINN,228.53336021128865,1210.30182,3485.60394,15847.99972563305,19972.61994,147.40740740740742
2021,TENNESSEE,MEIGS,5.627772559557852,366.74274,1177.2688199999998,7895.496267072862,6800.72484,139.41176470588235
2021,TENNESSEE,MONROE,1053.104250731337,916.88142,2132.19552,24096.9405866716,11115.27144,179.50819672131146
2021,TENNESSEE,MONTGOMERY,581.4160949727515,7078.78626,4324.96428,17831.850051834517,27639.69936,168.9189189189189
2021,TENNESSEE,OBION,1735.1570541951792,31303.85076,12420.55542,20642.30467422453,64857.99684,153.875
2021,TENNESSEE,PICKETT,1.0482942143675384e-05,268.84494,1102.16652,6578.630101825649,6503.755440000001,154.25
2021,TENNESSEE,ROBERTSON,762.0165056057084,13960.05702,6797.30142,17375.792505982274,41948.32824,169.35064935064935
2021,TENNESSEE,RUTHERFORD,1705.038430392672,7425.01032,7433.97564,19627.576639354487,35620.6305,168.13953488372093
2021,TENNESSEE,STEWART,47.344048537418765,1085.98854,671.70012,18014.273066396323,4317.080040000001,141.66666666666666
2021,TENNESSEE,SULLIVAN,2.2264897050165936e-05,891.9401400000002,4797.47814,13972.463068170338,30098.54484,54.5
2021,TENNESSEE,SUMNER,243.7193565296465,7323.48708,5871.8205,17980.068754817898,34420.55526,149.17355371900825
2021,TENNESSEE,TIPTON,4998.875223194587,20999.74422,5907.3378,16845.62560791159,31854.41532,152.7027027027027
2021,TENNESSEE,WARREN,262.6165938816864,1254.5114400000002,2112.25014,15962.014112096109,11916.630180000002,171.900826446281
2021,TENNESSEE,WASHINGTON,1.72051060840293e-05,1244.0883,6717.61272,10797.162403284525,41687.08362,97.41935483870968
2021,TENNESSEE,WAYNE,13.817863140719252,2374.65228,1893.81738,27580.080103874032,12153.23382,125.63636363636364
2021,TENNESSEE,WEAKLEY,348.5171626713068,26357.83332,10679.088419999998,21503.11329667185,56289.85362,152.875
2021,TENNESSEE,WHITE,335.1994995447334,286.85748,1003.64082,14154.886086220537,4256.38122,165.0
2021,TENNESSEE,WILLIAMSON,462.4612498573729,3158.76834,5011.8978,18846.578091646465,24874.67892,152.27272727272728
2021,TEXAS,AUSTIN,1122.6118475326443,12195.25398,22376.64702,24450.38518848619,118289.90628,79.48275862068965
2021,TEXAS,BELL,16.666857453802873,4995.11922,3145.05828,36895.055476598005,13925.18946,101.60949868073878
2021,TEXAS,BEXAR,149.258146795527,2758.1462999999994,4840.3446,29769.15631393567,24135.92454,64.92753623188406
2021,TEXAS,BURLESON,778.853796856966,8275.585500000001,21789.67518,25077.464318248178,118809.1359,121.50943396226415
2021,TEXAS,CALDWELL,3.225730291444724e-05,6355.53828,7459.22814,20243.25433148762,40671.64374000001,82.89855072463769
2021,TEXAS,CARSON,5.573037266925071e-05,16954.992599999998,12591.6336,34973.91306782044,71691.82566,196.7100977198697
2021,TEXAS,COLEMAN,7.69596931065907e-05,310.88148,313.07094,48296.494129154205,1870.79256,38.86206896551724
2021,TEXAS,COLLIN,9.516037155874846,1243.42218,2241.48834,23857.51037829688,9195.52998,49.26701570680628
2021,TEXAS,COLORADO,2785.760861698589,24491.305020000003,34091.30088,36450.399374188615,185048.37624,78.88888888888889
2021,TEXAS,DALLAM,66.41774820035616,51389.80938,44076.72906,56853.27383761108,249299.29206,138.70967741935485
2021,TEXAS,DE WITT,23.00147420425976,16443.78372,27988.73532,34016.19221331846,186730.42206,97.61904761904762
2021,TEXAS,DEAF SMITH,55.50704272834904,27802.61484,23128.82754,55958.26090136149,129386.30796,144.30517711171663
2021,TEXAS,ELLIS,130.98983118001877,3341.69472,3405.75144,33702.65265127179,13718.24454,66.08017817371937
2021,TEXAS,FALLS,668.4937975106733,30729.33864,32413.6449,28777.23115621288,185605.96782,87.20170454545455
2021,TEXAS,FAYETTE,5.702938543403457e-05,4364.90964,16634.9274,35789.115933574954,101365.2549,91.15384615384616
2021,TEXAS,FORT BEND,1209.687986398005,31627.72158,19291.14642,26308.819687252697,109191.18756,119.36046511627907
2021,TEXAS,FRIO,489.143045889709,6795.6252,15326.65134,41860.38201258763,78233.00394,135.28571428571428
2021,TEXAS,GILLESPIE,6.372429735518655e-05,144.54258,885.1697399999999,39990.54607502948,3936.50712,54.7
2021,TEXAS,GLASSCOCK,24.16888873426584,1256.55894,4029.00498,34010.491494591246,26653.273920000003,159.14285714285714
2021,TEXAS,GOLIAD,5.1506310185772105e-05,24291.1851,21303.7188,32323.0785764205,127223.96778,60.064516129032256
2021,TEXAS,GONZALES,6.392414546712654e-05,9339.71766,19217.6712,40115.96189694114,130795.5831,88.08510638297872
2021,TEXAS,GRAY,5.5285256412170776e-05,6221.40246,5133.47562,34694.57782323887,28860.2769,147.6315789473684
2021,TEXAS,GRAYSON,5.536701245078441e-05,1988.57022,7253.9649,34745.88429133325,32032.9464,60.95238095238095
2021,TEXAS,GUADALUPE,4.066909183594491e-05,3398.30946,3883.2612,25522.120421820367,18934.58658,84.24242424242425
2021,TEXAS,HALE,313.13867535857474,55342.5054,48789.64818,37379.61661862997,266762.6052,126.65492957746478
2021,TEXAS,HARTLEY,53.93306061625463,37595.14668,32783.22138,54943.5328643112,184432.4664,156.6153846153846
2021,TEXAS,HAYS,3.733526188520153e-05,273.09828000000005,294.08652,23429.95643124064,1344.54138,85.71428571428571
2021,TEXAS,HIDALGO,4870.637111526266,87098.89188000001,68657.18496,47333.07256295994,310510.92072000005,87.40425531914893
2021,TEXAS,HILL,100.16435003823638,4929.7794,5637.58104,36074.15189028487,31384.07454,85.55445544554455
2021,TEXAS,HUNT,1019.291672332097,2848.05612,10463.20548,31747.305923866334,42667.21368,46.3768115942029
2021,TEXAS,HUTCHINSON,51.65068801730838,9306.85392,7326.08604,33326.40517667043,43439.197620000006,192.9811320754717
2021,TEXAS,JACKSON,2668.79661771928,40605.2283,21941.4468,31673.196571793243,123494.35098,106.87209302325581
2021,TEXAS,JOHNSON,21.99153934192519,952.99932,2121.88158,25584.828340043703,10428.94398,50.81967213114754
2021,TEXAS,LAMAR,8355.69663680429,5472.07206,16676.008439999998,34631.86990196319,72225.54612,58.598130841121495
2021,TEXAS,LAVACA,234.00047224095167,16336.44012,25607.27988,36353.48714031706,161505.72438,70.81818181818181
2021,TEXAS,LEE,0.8021179030720657,9407.37252,17182.614540000002,23817.605350156948,103085.32962,75.25
2021,TEXAS,LIPSCOMB,5.532159241839511e-05,4472.0949,3967.85844,34717.38069108373,21051.37944,158.47826086956522
2021,TEXAS,MATAGORDA,2605.8574545169654,54661.0428,23011.05534,41090.78489553167,114330.7893,97.96610169491525
2021,TEXAS,MCLENNAN,31.54325664170473,6895.707,5827.8238200000005,37231.397910995394,30157.72578,95.03937007874016
2021,TEXAS,MEDINA,814.6257558096419,9228.88512,9805.717740000002,49852.790503502896,62812.28226,73.86861313868613
2021,TEXAS,MILAM,187.01411509073543,32469.3642,35428.54224,38474.15473041956,198203.90226,101.3265306122449
2021,TEXAS,MOORE,276.8354201125292,29109.24744,23952.45762,33736.85697346075,139505.18399999998,198.61932938856015
2021,TEXAS,NAVARRO,144.49259783646926,5648.7467400000005,15062.8569,38753.48997507381,73873.42872,84.45945945945945
2021,TEXAS,NUECES,2984.008876697157,26622.35394,11746.87332,28241.363546667937,101140.0026,68.03571428571429
2021,TEXAS,OCHILTREE,5.443135990546277e-05,16692.808859999997,11150.3847,34158.71020269093,70550.90952,203.57575757575756
2021,TEXAS,SAN PATRICIO,786.6990863762,24061.47198,11698.7598,25487.9161127129,88689.9468,81.1
2021,TEXAS,SHERMAN,234.35764121634065,35443.1532,28974.0087,34774.387886364704,168418.5867,190.64315352697096
2021,TEXAS,SWISHER,7.55459365237862,26960.43168,21824.90856,33765.360567460215,120986.27814,139.28571428571428
2021,TEXAS,TOM GREEN,34.70301027903418,5308.2393,3032.91534,57155.411956316646,21990.61956,64.78873239436619
2021,TEXAS,TRAVIS,1.7861217806662175,3014.26944,2770.5405000000005,26280.316094270675,15369.1629,70.12658227848101
2021,TEXAS,UVALDE,165.8486066529887,3095.47056,6784.80348,58643.29970867128,46165.6923,93.86075949367088
2021,TEXAS,VICTORIA,910.7583501542174,23253.52848,15271.13952,32442.793678093305,82337.67906,93.79310344827586
2021,TEXAS,WALLER,964.6225955572226,12032.52414,22646.40924,18994.79679462985,124926.22506,87.74193548387096
2021,TEXAS,WHARTON,4820.501290977892,67810.6884,38060.841,40623.32591524828,210541.18722,129.24064171122996
2021,TEXAS,WILLACY,1689.6905550626338,26613.00096,16897.86462,23224.73052892103,72812.59439999999,90.3030303030303
2021,TEXAS,WILLIAMSON,49.946875617645546,8331.070020000001,6625.20222,36809.54468747747,36888.3606,93.4368932038835
2021,VIRGINIA,ACCOMACK,310.8146556284759,9478.70196,4535.52918,15648.47454859594,24833.27574,145.6
2021,VIRGINIA,AMELIA,2.213772097592042e-05,1593.5829,902.77824,13892.652997791543,4702.910940000001,135.33333333333334
2021,VIRGINIA,APPOMATTOX,2.0457179990600333e-05,425.07192,1295.52696,12838.01992228148,7192.414320000001,75.375
2021,VIRGINIA,AUGUSTA,1558.8117364467455,2689.1482800000003,12674.3253,35743.51017070479,72806.90508,55.744680851063826
2021,VIRGINIA,BEDFORD,14.534384422843628,1255.19394,6437.57478,28805.734751084445,35737.681979999994,31.083333333333332
2021,VIRGINIA,BOTETOURT,0.5255724400115002,542.2326,2863.83552,20391.4730280756,19068.60228,73.61111111111111
2021,VIRGINIA,BRUNSWICK,1.261654178227994,2048.319,694.71948,21451.806823344872,3488.98914,127.75
2021,VIRGINIA,CAMPBELL,2.925958114409176e-05,752.83572,2238.81294,18362.01694554471,12301.69122,64.6875
2021,VIRGINIA,CAROLINE,41.886211253948105,3086.7018,1203.3130199999998,19713.08742992853,7001.94768,127.94117647058823
2021,VIRGINIA,CHARLES CITY,7.509671309586628,1671.20772,644.87514,7097.39556066863,3863.46324,137.71428571428572
2021,VIRGINIA,CHARLOTTE,2.8532860712949468e-05,1077.14334,1820.17836,17905.95939620406,10358.76114,118.42857142857143
2021,VIRGINIA,CRAIG,1.971229155275588e-05,119.84154,577.35678,12370.560936765476,4190.76294,81.66666666666667
2021,VIRGINIA,CULPEPER,2.2419325141297285e-05,2271.18528,3763.07568,14069.375297099992,24272.29896,115.97826086956522
2021,VIRGINIA,DINWIDDIE,3.020431769179169e-05,2497.61148,906.43644,18954.89175166423,4684.18314,144.7887323943662
2021,VIRGINIA,ESSEX,37.31599543443744,3650.45226,1383.39474,9742.529328646557,8886.57042,137.5722543352601
2021,VIRGINIA,FAUQUIER,71.19363031937912,2708.16546,7235.2371,23914.517565714406,42857.669400000006,109.47368421052632
2021,VIRGINIA,FRANKLIN,368.11311891652537,1260.987,4768.86228,27010.00816792497,29894.25348,41.0
2021,VIRGINIA,FREDERICK,5.9232832829156274,1038.7486199999998,4140.711120000001,14639.447227961802,24846.88752,120.0
2021,VIRGINIA,GLOUCESTER,1.2744859469925565e-05,869.7725399999999,321.5394,7998.109214308216,2094.8655,140.51724137931035
2021,VIRGINIA,GREENSVILLE,39.78295751162913,4549.05906,1416.25848,11053.694772681069,8835.453899999999,115.48387096774194
2021,VIRGINIA,ISLE OF WIGHT,1.8749386988394403e-05,8979.1884,3434.9569800000004,11766.284688220549,23311.05504,147.85714285714286
2021,VIRGINIA,KING AND QUEEN,11.284759195521069,3388.35588,1293.76338,12051.320654668903,8098.71972,131.69934640522877
2021,VIRGINIA,KING WILLIAM,72.9834172505261,4082.09256,1672.79112,10825.66600033634,9925.36818,159.4890510948905
2021,VIRGINIA,LEE,2.6089263289567903e-05,736.7997,3619.56504,16372.465903072434,21861.92736,88.375
2021,VIRGINIA,LUNENBURG,2.570773507308492e-05,1556.30748,772.52448,16133.035695860506,3856.96038,134.0
2021,VIRGINIA,MADISON,0.2272991884537765,1933.79004,2851.94364,12057.021374137405,18290.96178,123.84615384615384
2021,VIRGINIA,MATHEWS,5.3141431137012125e-06,268.05324,89.11266,3334.920805062,508.9812,128.92857142857142
2021,VIRGINIA,MECKLENBURG,3.924290300930681e-05,3340.3406400000003,1580.95392,24627.107493463285,7019.588940000001,141.42857142857142
2021,VIRGINIA,MIDDLESEX,7.948504657831365e-06,1086.93858,403.31928,4988.129409648493,2624.25072,147.72727272727272
2021,VIRGINIA,NEW KENT,43.02769254501136,1360.81218,559.39338,7872.693389489547,3291.83946,136.30434782608697
2021,VIRGINIA,NORTHAMPTON,289.03422680758285,8460.81054,2434.30824,6253.689100260576,10920.75894,148.66666666666666
2021,VIRGINIA,NORTHUMBERLAND,1.2127147107484684e-05,2865.05856,966.02142,7610.460299897756,6264.208859999999,149.63503649635035
2021,VIRGINIA,NOTTOWAY,1.807717059519281e-05,1357.1376,824.31258,11344.43145859792,4415.94972,111.73913043478261
2021,VIRGINIA,ORANGE,1.991213966979136e-05,2445.58314,2948.4819,12495.976761874845,18622.18176,132.53968253968253
2021,VIRGINIA,PAGE,24.23761568342562,1411.86864,3753.70086,11578.160950992547,21446.89638,54.371428571428574
2021,VIRGINIA,ROCKINGHAM,861.486501430211,4481.595300000001,11341.45194,31274.14621466667,62777.11986,54.583333333333336
2021,VIRGINIA,SHENANDOAH,3.0140729660806683e-05,2646.09072,4931.057040000001,18914.986720326608,27959.72088,68.42857142857143
2021,VIRGINIA,SOUTHAMPTON,21.711695597920446,19819.40142,7477.852200000001,22392.425515008184,48466.236,126.45714285714286
2021,VIRGINIA,SPOTSYLVANIA,5.868622716429902,1071.50316,781.6972800000001,14268.9004726836,4936.36416,116.21621621621621
2021,VIRGINIA,STAFFORD,49.27351333300289,622.12878,409.30344,8476.969638325174,2669.8580999999995,132.5
2021,VIRGINIA,SURRY,1.67509058187344e-05,4781.34384,1659.08652,10512.126437562923,10157.77854,146.76470588235293
2021,VIRGINIA,SUSSEX,2.9786453465610164e-05,6666.38154,2035.41702,18692.658674427184,12079.802280000002,131.8181818181818
2021,VIRGINIA,WESTMORELAND,17.081953623470174,4002.3438,1307.78466,8590.984024788237,7133.025900000001,156.29921259842519
2021,WASHINGTON,ADAMS,246.7779459489061,27792.06066,10695.56124,72752.58003987056,63576.64404,111.01694915254237
2021,WASHINGTON,GRANT,2484.7442131936305,72069.81054,35277.46950000001,101307.48314393396,184579.20936,184.16470588235293
2021,WASHINGTON,WALLA WALLA,3473.471672687422,19782.12054,9207.547439999998,47578.20349996022,55906.17942,217.72727272727272
2021,WASHINGTON,YAKIMA,6154.630247085031,22949.83236,19676.8026,159466.22175112594,126753.75804,36.5625
2021,WISCONSIN,ADAMS,111.81543332952708,33013.43682,11357.225880000002,24917.84417124055,41980.340220000006,121.93560606060606
2021,WISCONSIN,BARRON,21.402652747522588,23696.42184,12431.40444,33149.68288375738,76565.09952,144.06926406926408
2021,WISCONSIN,BAYFIELD,8.995890472245956e-05,307.68738,632.0878200000001,56454.22348262117,4403.9541,104.63333333333334
2021,WISCONSIN,BROWN,2.4014672378483573,8720.051340000002,5192.711160000001,17113.559416535834,39442.16094,87.78129952456419
2021,WISCONSIN,BUFFALO,15.965920236503283,10528.75278,5819.3881200000005,26075.090200672068,38810.160480000006,146.50075414781298
2021,WISCONSIN,BURNETT,5.234203866840697e-05,3736.39812,1971.33846,32847.54474989183,14347.4331,108.96
2021,WISCONSIN,CALUMET,16.07365862900012,6877.05564,3801.57414,11823.291881742782,26466.56922,99.40928270042194
2021,WISCONSIN,CHIPPEWA,41.27141631081514,21760.08744,11882.90376,38605.27127645093,83418.1803,139.53177257525084
2021,WISCONSIN,CLARK,33.287650622287074,17793.375600000003,11927.419140000002,45702.66683479395,90446.77278,101.6301703163017
2021,WISCONSIN,COLUMBIA,177.59775596195794,20255.3442,10361.79144,29461.31747833429,74195.4486,171.25
2021,WISCONSIN,CRAWFORD,7.0745140229679775,5109.82836,2871.9982199999995,21503.113291293907,18362.12742,154.06593406593407
2021,WISCONSIN,DANE,605.2364893744202,33461.162280000004,16550.59224,40150.16620706608,113632.49898,147.71506849315068
2021,WISCONSIN,DODGE,379.4146657480322,26237.02536,12936.66192,32710.727493985047,91841.35506,158.1275167785235
2021,WISCONSIN,DOOR,2.905973302265563e-05,1567.24932,1815.29712,18236.601117673694,12993.28758,112.5
2021,WISCONSIN,DUNN,134.8493131309028,21740.14206,12221.64762,32397.18792321739,82082.21112,164.3791469194313
2021,WISCONSIN,EAU CLAIRE,34.309472835216106,11216.6691,6241.326000000001,23321.64275668789,44609.63052,162.58134490238612
2021,WISCONSIN,FOND DU LAC,217.43050051039893,19661.64018,10046.64024,26844.68731176868,67984.26726,117.67772511848341
2021,WISCONSIN,GRANT,125.1320483071373,28644.24108,17164.44912,43371.07263569415,108993.59562,169.53398058252426
2021,WISCONSIN,GREEN,224.44760846874755,19221.77166,9714.69408,21742.543508680326,64483.26066,161.51351351351352
2021,WISCONSIN,GREEN LAKE,45.77714104232583,10228.91142,5494.82934,13641.82134771816,38803.29726000001,160.36960985626283
2021,WISCONSIN,IOWA,75.25666311437395,16474.73646,9056.3928,28885.54483134704,59697.73446,162.47176913425346
2021,WISCONSIN,JACKSON,0.0206399785212402,9032.652719999998,5089.52262,37641.849708221765,33563.08955999999,157.4468085106383
2021,WISCONSIN,JEFFERSON,369.7551872016341,19050.76992,8107.79424,20340.16655838237,52363.40382,162.67303102625297
2021,WISCONSIN,JUNEAU,3.648527140888386,15697.84398,6306.19626,29609.53617332343,34072.08168,137.7889447236181
2021,WISCONSIN,KENOSHA,85.46755130120204,5642.37492,2369.59086,8334.451654519597,15992.875080000002,143.06569343065692
2021,WISCONSIN,KEWAUNEE,0.0075803298755638,330.25902,3970.45194,12758.209851902682,30347.37888,92.56120527306967
2021,WISCONSIN,LA CROSSE,1.0814056856327343,5785.7436,3368.43234,16144.437131599809,22568.3094,144.0251572327044
2021,WISCONSIN,LAFAYETTE,103.94643606153168,21718.60236,10883.46714,23600.978002359585,71010.77802,174.30597014925374
2021,WISCONSIN,LANGLADE,5.370463947656714e-05,30401.007,8264.05944,33702.65265476018,18291.43134,108.45588235294117
2021,WISCONSIN,LINCOLN,0.3356339395306926,12127.30974,3842.6115,33850.87135076676,13701.27486,123.03809523809524
2021,WISCONSIN,MANITOWOC,31.25475363871253,7458.0597,6836.23122,21354.89459528732,46958.65902,89.34023285899094
2021,WISCONSIN,MARATHON,35.69294935934039,35579.456640000004,17702.8761,57782.49108331698,120688.37508,115.18260869565218
2021,WISCONSIN,MARINETTE,0.8590447232009554,5564.67366,2671.88922,53170.60916004319,23308.09026,120.35264483627203
2021,WISCONSIN,MARQUETTE,66.0301381266735,11313.93354,5345.64576,17341.588190624756,33923.34036,133.20474777448072
2021,WISCONSIN,MILWAUKEE,2.525353480061002e-06,870.36768,262.34754,1584.7999725633051,1684.08786,182.0
2021,WISCONSIN,MONROE,156.2384327347065,14114.16006,8208.74964,33839.46992549265,56140.59360000001,113.71900826446281
2021,WISCONSIN,OCONTO,0.4222207521916845,10863.63096,5931.07242,38126.410855340975,52963.69806,123.18529862174579
2021,WISCONSIN,OUTAGAMIE,74.9882123673781,14160.13872,6992.54556,22107.38954274583,50467.56078000001,139.48502994011977
2021,WISCONSIN,OZAUKEE,0.7848120384486139,4191.44544,1848.38472,7559.153825989378,12338.71002,115.5688622754491
2021,WISCONSIN,PEPIN,28.562591640260628,5187.48594,2716.19712,8881.720709542293,19091.90556,126.20689655172414
2021,WISCONSIN,PIERCE,98.87120925498851,14914.5906,7505.255940000001,21605.726248703755,54919.830420000006,167.66006984866124
2021,WISCONSIN,POLK,198.4407443782036,13502.78748,7303.7055,35492.67852542795,52001.49318,131.1014492753623
2021,WISCONSIN,PORTAGE,27.08290517301884,69202.16940000001,24397.21284,30076.99515971153,93542.5764,127.7843137254902
2021,WISCONSIN,PRICE,7.712320520651602e-05,699.76998,594.6540600000001,48399.10707958727,4572.706320000001,79.9
2021,WISCONSIN,RACINE,28.795335570892124,8525.0529,3367.41678,10495.024278139965,22599.68802,168.73809523809524
2021,WISCONSIN,RICHLAND,14.57277488143625,8831.09682,4955.76354,22038.980920170383,33143.85984,128.62212943632568
2021,WISCONSIN,ROCK,489.236131316572,24665.50086,11397.19308,25527.82114681217,75329.81274,173.46527777777777
2021,WISCONSIN,RUSK,5.581212871330726e-05,6713.03724,3774.43248,35025.21953933055,27268.39752,118.80149812734082
2021,WISCONSIN,SAUK,147.78760233560536,18327.48372,9654.49212,31222.83974642695,63994.35042,139.0214797136038
2021,WISCONSIN,SAWYER,7.963039066296713e-05,649.5762000000001,410.19888,49972.50560536466,3092.5167,115.14285714285714
2021,WISCONSIN,SHAWANO,5.392265559544092e-05,13895.17038,6778.49172,33839.469912992565,55199.98302,122.7148194271482
2021,WISCONSIN,SHEBOYGAN,17.111729148856046,10230.882479999998,5441.38686,18362.01695281221,36431.9319,109.43396226415095
2021,WISCONSIN,ST CROIX,75.35356073108017,19217.9988,9997.7241,26605.25709467295,70587.47514,139.4575230296827
2021,WISCONSIN,TAYLOR,1.637878520698549,8028.531420000001,4355.29458,36752.53749642617,32996.47806,129.49748743718592
2021,WISCONSIN,TREMPEALEAU,18.587082706796835,14492.23776,8102.8311,27420.459962825746,53765.6301,146.87643020594965
2021,WISCONSIN,VERNON,9.086267745906625,13567.05714,7457.73756,29991.484373207284,49535.01462,142.91139240506328
2021,WISCONSIN,WALWORTH,269.72954144860466,15656.48448,6728.78934,20328.765114212776,45159.35424,154.68599033816426
2021,WISCONSIN,WASHBURN,5.072508572796865e-05,2856.59556,1753.7247000000002,31832.81671444037,11975.30334,118.30645161290323
2021,WISCONSIN,WASHINGTON,7.68230359777338,10249.44102,4651.22112,14856.074562532316,31877.89332,129.4904458598726
2021,WISCONSIN,WAUKESHA,62.8569231209996,9851.11218,3999.52098,15836.598287277444,27419.56854,179.97927461139898
2021,WISCONSIN,WAUPACA,62.957021673244384,16774.823519999998,8355.438,28332.575047698792,57624.364980000006,124.08233276157804
2021,WISCONSIN,WAUSHARA,108.75315232485738,39574.53318,14221.880399999998,23925.919011628204,60128.0589,157.0870870870871
2021,WISCONSIN,WINNEBAGO,228.0711817083257,13658.9817,5496.576540000001,15808.09468993493,33838.4865,140.66801619433198
2021,WISCONSIN,WOOD,82.02316051940014,25575.6774,10293.74892,29717.849839881936,50730.53076,122.68733850129199
2022,ALABAMA,BALDWIN,8088.141915404913,4467.29556,10566.874499999998,58984.96160461428,39145.06050000001,134.21052631578948
2022,ALABAMA,BARBOUR,524.1053485694632,971.2794,4236.42492,33278.38893506043,24778.38636,154.11764705882354
2022,ALABAMA,BLOUNT,279.19470821189736,3921.25734,5184.93066,24470.24147822912,24330.95574,96.8
2022,ALABAMA,CALHOUN,0.0217439170870876,662.99142,1803.70554,21638.644273436235,9405.60348,138.69565217391303
2022,ALABAMA,CHEROKEE,8.531301030993009e-05,1097.4054,2322.83688,21997.579124632608,13251.81858,137.6086956521739
2022,ALABAMA,CHILTON,0.0001012001003494,560.77476,2792.72994,26093.99441855599,16143.66936,75.8
2022,ALABAMA,COFFEE,1957.365061592846,1986.87762,8109.74346,25011.49246027494,47519.04612,122.85714285714286
2022,ALABAMA,COLBERT,306.58117470027906,4339.00194,2887.19886,22385.000881624303,19257.57288,90.7909604519774
2022,ALABAMA,CULLMAN,176.25981139997074,15554.278740000002,13457.0982,28008.31365737907,43205.3349,129.64285714285714
2022,ALABAMA,DALE,3159.29926106602,1113.7089600000002,4724.09028,20806.82697836775,29312.98734,111.11111111111111
2022,ALABAMA,DALLAS,1685.7716308283648,1317.90204,3616.5129,36936.10606872499,21462.59934,107.02127659574468
2022,ALABAMA,DE KALB,58.516304217865375,13868.470979999998,12623.37804,29096.5129811306,54754.9548,139.68253968253967
2022,ALABAMA,ESCAMBIA,578.1005578172945,1061.30934,3362.75394,35169.9186720538,20446.84278,167.05882352941177
2022,ALABAMA,ETOWAH,224.2040935963063,1475.3466,2662.0503,19530.61415829629,14582.03292,128.0
2022,ALABAMA,FAYETTE,9.156620431805e-05,480.2343,843.54816,23609.93730394873,5077.281300000001,98.84210526315789
2022,ALABAMA,HENRY,3801.331417846958,1139.94426,4885.19304,20829.616500243985,36458.61492,156.0
2022,ALABAMA,HOUSTON,11847.452901198105,2285.8563,8705.35848,20464.984258446344,59215.78026000001,155.86206896551724
2022,ALABAMA,JACKSON,49.64985309964023,14701.08276,7684.16922,41676.325132344005,36508.18626,106.52719665271967
2022,ALABAMA,LAUDERDALE,351.1865617293254,6784.1865,3951.10716,25450.190615449483,24120.48366,80.61728395061728
2022,ALABAMA,LAWRENCE,756.7465837627279,10538.2368,6507.05328,26236.42888071091,41333.93628,95.71428571428571
2022,ALABAMA,LIMESTONE,197.6267467727186,8082.104940000001,3481.91298,20977.748346318003,20995.35984,114.1880341880342
2022,ALABAMA,MADISON,406.68858568879074,10978.49844,4742.83446,25222.29547658268,28846.43034,148.51301115241637
2022,ALABAMA,MARENGO,123.94411256320106,956.63568,1680.1785,36731.0004263131,8158.2501,58.416666666666664
2022,ALABAMA,MARION,1.682267939408306,1142.7452400000002,1451.55192,27831.694910884496,8064.08694,116.3157894736842
2022,ALABAMA,MARSHALL,404.12260788379433,7623.590520000001,6601.01442,21593.06523781858,30843.52908,119.13793103448276
2022,ALABAMA,MONROE,3105.4388156967243,521.98692,2471.9440200000004,38707.99084001836,18151.10388,130.8108108108108
2022,ALABAMA,MORGAN,428.2887442126936,10039.04538,6295.93692,21160.06446845158,29905.79046,88.11320754716981
2022,ALABAMA,PERRY,554.672614631754,830.25852,1303.72788,27039.75926707877,6555.04668,65.75757575757575
2022,ALABAMA,RANDOLPH,8.407562917350417e-05,697.82622,3820.635,21678.52591859789,20417.3697,131.5
2022,ALABAMA,RUSSELL,18.59583111442777,335.99747999999994,1302.4174799999998,23513.08186099656,6843.95712,86.42857142857143
2022,ALABAMA,TALLADEGA,0.0001085139067108,1237.6182,4331.980379999999,27979.82676175225,23438.7426,149.8181818181818
2022,ALABAMA,TUSCALOOSA,0.0001876179152643,794.47368,2837.3872800000004,48376.44248202491,17193.742019999998,116.36363636363636
2022,ARKANSAS,ARKANSAS,18460.12170962942,65622.65346,38619.6993,38508.58258573823,140498.81664,185.8165137614679
2022,ARKANSAS,ASHLEY,4602.975071717424,24329.05566,11476.58694,34605.87818047924,48927.91176,160.6086956521739
2022,ARKANSAS,CHICOT,9609.037888542824,49738.83096,23832.23934,24874.75537216111,98526.42072,174.3050847457627
2022,ARKANSAS,CLAY,44055.00661977946,51649.13754,42540.9075,23832.13507022709,192888.42846,193.71428571428572
2022,ARKANSAS,CONWAY,3182.4571060111566,1812.45792,4854.03282,21177.156596821245,19824.8778,138.46153846153845
2022,ARKANSAS,CRITTENDEN,19225.91976,41014.4007,16833.90072,22675.56719682596,69523.86168,153.41463414634146
2022,ARKANSAS,CROSS,33585.8961738901,42819.345660000006,20935.40904,23330.765738427188,80699.94114,171.6151202749141
2022,ARKANSAS,DESHA,10412.599708378422,43466.17002,19088.14908,29341.5002594072,78028.92552,164.35294117647058
2022,ARKANSAS,DREW,3703.0945784552914,14891.582159999998,6661.0853400000005,31147.5693150402,25253.06784,180.5084745762712
2022,ARKANSAS,GREENE,36114.347233504144,38656.21578,22961.49492,21359.47272476541,96534.97308,170.6390977443609
2022,ARKANSAS,INDEPENDENCE,7643.570535244811,10918.72782,8178.47394,28794.551915377266,34677.86322,131.46067415730337
2022,ARKANSAS,JACKSON,39180.91704,42781.50786,22399.16952,24020.148562334343,95827.1496,156.3068181818182
2022,ARKANSAS,JEFFERSON,16951.269674462834,38148.22284,21665.69496,33016.309515485584,86106.39492,180.72727272727272
2022,ARKANSAS,LAFAYETTE,2402.9889846023843,1753.18416,7887.54876,20396.615715043125,30161.30208,146.88679245283018
2022,ARKANSAS,LAWRENCE,28044.17064,27247.60038,13788.74952,22373.60612671468,53834.08758,157.44897959183675
2022,ARKANSAS,LEE,9826.232954429874,38436.3525,19720.90302,22823.69904798425,80990.60424,177.21518987341773
2022,ARKANSAS,LINCOLN,8201.666356183781,23866.79568,10679.73816,21689.92068658135,41550.96582,183.61963190184048
2022,ARKANSAS,LONOKE,20664.73374,42502.29438,23277.618,29404.171429786176,83324.68872,168.90339425587467
2022,ARKANSAS,MISSISSIPPI,30024.9186218508,54848.66478,27233.27334,33722.78447429934,117785.15112,171.49425287356323
2022,ARKANSAS,MONROE,11490.649390760474,40152.22302,23895.07302,23097.17321506021,100859.80086,165.63492063492063
2022,ARKANSAS,PHILLIPS,17992.298348936172,50913.62094,30836.02704,26259.21838820594,129633.1218,165.33112582781456
2022,ARKANSAS,POINSETT,50096.75069999999,57233.35254,28768.068420000003,28600.841040077223,113191.00338,166.84981684981685
2022,ARKANSAS,PRAIRIE,15892.38984,40465.96008,19866.2919,25216.598089322484,72296.5152,186.37992831541217
2022,ARKANSAS,SAINT FRANCIS,17556.726855516932,38752.7868,15366.978899999998,23980.266912669493,59969.41314,179.10505836575877
2022,ARKANSAS,WHITE,5367.173318794376,18900.89292,10884.58098,38673.80656250616,37358.94162,160.67567567567568
2022,ARKANSAS,WOODRUFF,20284.41205357361,39369.275400000006,21700.79184,22253.9611662442,98624.64066,148.32432432432432
2022,ARKANSAS,YELL,228.0074248791886,1542.11148,3466.6086,35329.44526998689,13951.17906,121.81818181818181
2022,CALIFORNIA,IMPERIAL,145594.45642238582,51269.99514,67397.68854,157093.82268545052,189317.78502,47.15384615384615
2022,CALIFORNIA,SACRAMENTO,9605.79858396536,17769.00762,39236.0241,25233.69023512393,138038.89554,48.44311377245509
2022,CALIFORNIA,SUTTER,15091.39146,27522.48408,38362.63704,21991.881752189423,131311.55856,57.111111111111114
2022,COLORADO,ADAMS,3.2843755306176026,6401.62614,3516.08166,40120.94075343317,28425.6609,19.70954356846473
2022,COLORADO,BENT,210.01575594056948,6646.19592,6772.81332,57184.589941093305,33564.74940000001,98.0
2022,COLORADO,CHEYENNE,0.0002611979008272,10891.799099999998,6397.705860000001,67348.71351700618,49798.60158,27.42506811989101
2022,COLORADO,DELTA,656.7838045701593,3974.42682,6942.16068,42793.011354627626,41031.1083,142.85714285714286
2022,COLORADO,KIOWA,16.265478878884085,6956.990040000001,3442.0659,66807.46254122129,32220.22986,32.83236994219653
2022,COLORADO,KIT CARSON,0.0858152228452277,30615.1482,19682.55744,81278.80442386444,126201.70836,66.96470588235294
2022,COLORADO,LARIMER,8.643849894313542,6903.0234,7321.33584,95385.5140640272,37646.73822,25.0
2022,COLORADO,LOGAN,12.941727145365762,19060.21572,11719.95552,69473.83578169541,68059.06925999999,91.74358974358974
2022,COLORADO,MESA,2472.756774154112,1297.5690000000002,7768.87566,123752.76257696054,39478.7211,121.81818181818181
2022,COLORADO,MORGAN,36.15900782329635,21450.99138,13618.76334,48444.81102353969,86755.13574,106.48387096774194
2022,COLORADO,OTERO,534.4532422300646,5663.89278,10023.96486,47385.09857870953,44871.7815,121.47540983606558
2022,COLORADO,PHILLIPS,4.792179439698424,21027.235320000003,13002.54228,25900.283540394244,72643.84764,99.54506437768241
2022,COLORADO,PUEBLO,7.494281830262273,849.15012,5019.99498,88149.84313263443,24653.4015,129.66666666666666
2022,COLORADO,SEDGWICK,0.0087200982738044,9340.3947,5619.06072,20652.997763395,33331.20336,74.54289732770745
2022,COLORADO,WASHINGTON,0.5459479493341488,16970.23692,9397.27152,94895.53950732868,67498.81865999999,30.525862068965516
2022,COLORADO,WELD,395.4790458941026,50688.8655,35329.51422,147436.76580300208,190366.54728,94.96803652968036
2022,COLORADO,YUMA,8.99674481348977,38106.03342,25387.23642,89397.56906840975,142244.15477999998,172.08583690987123
2022,DELAWARE,KENT,372.84023574833645,27003.22716,11056.368960000002,19963.614937831822,48854.74776,170.5988023952096
2022,DELAWARE,NEW CASTLE,81.36339341527936,10803.72384,4195.87896,10095.755043433584,19939.23204,147.46835443037975
2022,DELAWARE,SUSSEX,651.1625118244432,33897.60738,20826.59124,33044.79640965975,105654.33606,166.23804463336876
2022,GEORGIA,BACON,2990.214079682263,675.83334,3266.75622,10716.769320305906,17951.96676,121.61290322580645
2022,GEORGIA,BAKER,19568.654346188698,2299.2606,13038.96594,13098.27361433186,70949.82804,181.23711340206185
2022,GEORGIA,BANKS,3.3961693053044914e-05,295.50612,1270.19256,8756.871049642057,6225.5739,75.66666666666667
2022,GEORGIA,BARTOW,6.308434201187301e-05,669.0957000000001,2221.25358,16266.016166704634,11045.21964,177.5
2022,GEORGIA,BEN HILL,9060.726427173337,1132.09824,6362.7018,9383.582706656594,35678.14614,174.6341463414634
2022,GEORGIA,BERRIEN,16754.829362050466,1807.7514,9627.79272,17012.372775328502,52124.76906,148.19444444444446
2022,GEORGIA,BLECKLEY,2284.414580683197,837.56946,3676.42548,8158.646288109062,19598.6427,199.7674418604651
2022,GEORGIA,BRANTLEY,6.52939511655511e-05,122.0037,647.81262,16835.754029850792,3640.41678,79.66666666666667
2022,GEORGIA,BURKE,5182.868211454807,2208.6519,8291.5287,31329.885427586305,45486.987,176.8095238095238
2022,GEORGIA,CALHOUN,7969.993862873418,1585.4748,7592.1846,10523.058444860617,43467.93906,222.4
2022,GEORGIA,CARROLL,6.891771024045617e-05,717.83712,2368.24224,17770.12414162203,9932.73372,93.33333333333333
2022,GEORGIA,CHATTOOGA,4.4832970210154736e-05,574.3374,1570.66728,11559.981367524008,9247.86408,147.22222222222223
2022,GEORGIA,CLAY,1457.1731514997325,434.16282,2125.74726,7742.737643189582,14373.21522,151.9047619047619
2022,GEORGIA,COFFEE,12725.412853058777,1992.76896,9798.25392,22219.776895123647,56916.80904,148.50746268656715
2022,GEORGIA,DAWSON,3.133225813673147e-05,70.36848,429.5382,8078.88298645512,2270.93958,86.0
2022,GEORGIA,DODGE,2606.63300827598,1302.5376,6479.36562,18772.862787354286,34596.705780000004,181.30434782608697
2022,GEORGIA,EARLY,18538.437244833392,2848.88604,14719.91976,19650.259111067728,82453.95522,194.7311827956989
2022,GEORGIA,EMANUEL,2694.1231053865736,1062.30306,4586.55834,25945.862560715526,24662.89644,130.43478260869566
2022,GEORGIA,FRANKLIN,3.862396841823506e-05,640.1358600000001,1582.78302,9959.017954012375,7032.88404,103.83333333333333
2022,GEORGIA,GORDON,5.0136032237010095e-05,806.84604,2497.42584,12927.35225403705,12749.629620000002,131.93548387096774
2022,GEORGIA,GRADY,9778.855277550168,1852.02108,10167.32262,17092.136076691913,59566.53612,144.23529411764707
2022,GEORGIA,HALL,4.8235768343213206e-05,381.01518,2213.24922,12437.377686153188,11287.28328,86.6
2022,GEORGIA,HART,264.01893158279137,724.33998,1652.31612,9349.398433792869,6378.492120000001,58.17391304347826
2022,GEORGIA,IRWIN,22772.81814302062,2616.7759800000003,14103.89526,13559.76128712639,79989.78078,173.95604395604394
2022,GEORGIA,JEFF DAVIS,3739.582996493785,837.28008,3927.55272,12460.16720003987,21139.88604,166.92307692307693
2022,GEORGIA,JOHNSON,4.454572101273999e-05,421.50108,1256.84286,11485.915443397513,5984.23098,95.71428571428571
2022,GEORGIA,MACON,3170.9964778059502,1177.94586,5213.63388,15046.77713381938,26316.0261,193.44827586206895
2022,GEORGIA,MILLER,23188.34238816469,2809.92894,16524.864719999998,10608.51912481191,87481.08096,196.46706586826346
2022,GEORGIA,MITCHELL,37597.0298466562,3562.2186599999995,18879.8337,19029.24482983747,102915.96588,194.34426229508196
2022,GEORGIA,MORGAN,5.163856647458155e-05,323.61420000000004,1296.35142,13314.774004346576,1962.71712,51.64
2022,GEORGIA,PEACH,336.66781805432134,423.2319,1387.94292,5401.115000760503,7169.28576,111.05882352941177
2022,GEORGIA,PIERCE,149.46484987084708,787.28286,4213.30182,12858.983708600124,23007.855779999994,125.48387096774194
2022,GEORGIA,POLK,4.397122262917806e-05,393.40392,1397.92926,11337.783598049817,8018.46318,80.27272727272727
2022,GEORGIA,RABUN,5.5196037246594695e-05,53.59536,311.18724,14232.051972931142,1410.35622,70.0
2022,GEORGIA,RANDOLPH,3506.530946474417,1100.22822,4707.2025,16117.884319090806,27752.92884,192.4561403508772
2022,GEORGIA,SCREVEN,6283.2692585515215,1838.25642,7485.46344,24612.67595461998,41323.18008,150.59701492537314
2022,GEORGIA,SEMINOLE,17350.488665745124,2122.34568,12179.50188,9434.859114572171,64895.69814,189.91666666666666
2022,GEORGIA,SUMTER,7711.535106899882,1904.78106,9232.61976,18277.19083874715,51871.52334,169.46808510638297
2022,GEORGIA,TAYLOR,12.949613625607592,478.03938,1733.09136,14306.117896331316,7355.55366,92.3
2022,GEORGIA,TERRELL,4077.8339500088528,1659.98196,7688.4171,12585.50953135562,46427.17716,188.0722891566265
2022,GEORGIA,THOMAS,12867.5601101689,1387.32594,7215.3081,20328.24718064632,40576.44318,160.0
2022,GEORGIA,TIFT,21390.942128491468,1689.56424,8268.383759999999,9674.149020986652,45353.82852,165.71428571428572
2022,GEORGIA,TREUTLEN,0.5515489618711154,206.115,873.99858,7486.355602362416,4361.2842,186.0
2022,GEORGIA,WALTON,4.375026171155674e-05,400.17978,1103.1111,11280.809811154144,3346.82166,69.75
2022,GEORGIA,WARE,63.01620250657473,352.25736,1940.03628,33631.62642165791,10569.56628,87.83333333333333
2022,GEORGIA,WORTH,36543.0591,3062.20278,13355.132699999998,21444.93340075098,76417.2318,192.26415094339623
2022,IDAHO,ADA,348.0236213312721,16223.28162,13613.86572,34514.72011476397,39009.24846,44.43478260869565
2022,IDAHO,BINGHAM,1128.9109468353934,79464.10836,27648.13506,78612.43119090046,48147.62862,74.8780487804878
2022,IDAHO,CANYON,4110.7124111122685,51550.120440000006,34482.1659,20185.81270832286,109326.54096,118.34482758620689
2022,IDAHO,ELMORE,886.4973020247215,44887.89942,26205.9252,116329.07814794053,41270.05974,225.1578947368421
2022,IDAHO,FRANKLIN,481.5290089530203,3518.6424,2404.0926,25011.492452721177,9668.43696,14.020408163265307
2022,IDAHO,GEM,24.664219302655813,9346.5099,7223.40528,21029.024760625227,23757.84684,178.6046511627907
2022,IDAHO,GOODING,2130.362284853682,31685.10618000001,18115.61934,27746.23423141257,63925.90386,37.23076923076923
2022,IDAHO,JEROME,3445.3420710058435,76753.677,31716.65952,22316.63233182944,51724.37634,28.91176470588235
2022,IDAHO,LINCOLN,1451.5759027678473,37483.10748,15147.47598,45123.23924365782,24034.39584,61.23456790123457
2022,IDAHO,OWYHEE,1439.3253232095487,23518.25112,15580.72698,289996.5754969791,53450.83380000001,111.36170212765957
2022,IDAHO,PAYETTE,1422.3722610209295,16214.60568,10561.7694,15257.580137924871,36220.4115,76.04651162790698
2022,IDAHO,POWER,652.3754316138682,27263.84934,10117.98606,53236.3064953648,26253.68382000001,155.2
2022,IDAHO,TWIN FALLS,4808.228372173094,82196.23776,40547.90922,71815.45841032434,93720.6543,38.80952380952381
2022,IDAHO,WASHINGTON,57.76352750507104,3440.59716,2161.70682,54808.78302065812,7024.93428,182.28571428571428
2022,ILLINOIS,ADAMS,261.446502987571,36277.512180000005,15815.82366,32002.176109759435,79302.90186,197.3108108108108
2022,ILLINOIS,ALEXANDER,1263.8791316225866,9354.47058,3480.4715399999995,9030.345228048676,14315.75418,153.4
2022,ILLINOIS,BOND,81.49433105110332,18182.89746,6709.23162,14437.157606336632,34959.560999999994,194.16666666666666
2022,ILLINOIS,BOONE,208.48766803701545,12372.58932,5371.70088,10238.189509655918,30411.88878,205.24017467248908
2022,ILLINOIS,BROWN,151.21899056815425,9434.88546,4311.8985,11616.955154187255,22255.7244,197.92284866468842
2022,ILLINOIS,BUREAU,441.177821248397,50918.31654000001,24809.79228,32577.611368881662,136574.35974,221.89002036659878
2022,ILLINOIS,CALHOUN,153.26433678848983,6317.43294,2849.9562,10118.544556957102,13759.320120000002,182.08053691275168
2022,ILLINOIS,CARROLL,99.7833013141314,19153.27596,11220.61122,17080.741324978106,62044.63902,224.16867469879517
2022,ILLINOIS,CASS,292.6984085141473,18713.4129,10017.99708,14385.881197985258,51002.00742,210.83333333333334
2022,ILLINOIS,CHAMPAIGN,255.00905002390985,59034.37722,25489.72062,35813.72245772853,136453.2351,216.23880597014926
2022,ILLINOIS,CHRISTIAN,589.1628213106728,51489.83658,22983.32946,26669.429660682243,121162.52694,222.40540540540542
2022,ILLINOIS,CLARK,253.792377540048,29991.44148,12960.71868,18841.231338601803,68424.35418,203.4364640883978
2022,ILLINOIS,CLAY,580.8034499962795,26838.1932,9433.08912,17468.163076885547,46442.91834,200.24079320113316
2022,ILLINOIS,CLINTON,302.3146124962004,22850.22558,9045.10698,17644.781815535815,45964.3548,188.7927565392354
2022,ILLINOIS,CRAWFORD,310.9316155961738,27885.20826,12164.3067,16767.385491241304,61523.17080000001,208.55329949238578
2022,ILLINOIS,CUMBERLAND,105.12849636515811,20422.66044,9199.6086,13081.181477202725,48206.3127,218.0456026058632
2022,ILLINOIS,DE KALB,412.85760397632055,37182.91668,17131.71096,22516.0405864001,96441.81456,219.88172043010752
2022,ILLINOIS,DE WITT,380.603746678958,23104.09374,9822.1032,15035.382374987596,52646.63040000001,228.58536585365854
2022,ILLINOIS,DOUGLAS,299.6268403951412,27311.49330000001,11612.83032,15286.067032970624,61687.00902,206.1290322580645
2022,ILLINOIS,DU PAGE,16.440609246165963,1240.85052,600.3379199999999,2768.9260445824284,3168.99492,181.25
2022,ILLINOIS,EDGAR,488.40978670926495,42103.41954,17602.13364,23233.91031087307,95870.26176,207.93548387096774
2022,ILLINOIS,EDWARDS,181.9032796774109,14065.44594,6178.039140000001,8192.830559520142,30636.29478,174.7342995169082
2022,ILLINOIS,EFFINGHAM,301.3305977091921,23963.86902,10340.9124,17929.650750159446,51211.09266,217.1875
2022,ILLINOIS,FORD,149.27489735386447,29988.41664,12398.08752,18077.78258606493,67118.02734,218.29090909090908
2022,ILLINOIS,FRANKLIN,537.515981187215,21047.830440000005,7323.76008,15525.356937060867,34719.64314,173.05475504322766
2022,ILLINOIS,FULTON,435.3312425010285,34126.468740000004,15068.4807,32338.32145317024,79531.46292,208.64905660377357
2022,ILLINOIS,GALLATIN,441.20636408526656,21157.68018,11833.46346,12317.732733527007,53676.20076,179.3601462522852
2022,ILLINOIS,GREENE,631.420852959984,31706.86428,15191.76204,20351.03668581711,78528.16608,203.7766990291262
2022,ILLINOIS,GRUNDY,291.03795946383974,22931.8362,9857.83344,15474.080534229555,54553.10952,211.52380952380952
2022,ILLINOIS,HAMILTON,777.0824226319754,25202.83038,9164.48442,16311.595191427436,48248.42022,168.0909090909091
2022,ILLINOIS,HANCOCK,352.9737197665205,37304.1123,16147.09278,30230.29134282402,84287.02464,210.33132530120483
2022,ILLINOIS,HENDERSON,274.42479329311743,19556.47512,10727.6715,14414.368091287828,55636.0623,216.14718614718615
2022,ILLINOIS,HENRY,664.6212924301952,45719.82324,21410.59284,30406.910078278463,116413.5063,228.69585253456222
2022,ILLINOIS,IROQUOIS,354.5747613431154,68121.08394,29377.71018,41989.68096215865,158574.47970000005,209.3117932148627
2022,ILLINOIS,JACKSON,637.4117404525156,18336.11598,5652.12648,21980.48699771558,24010.53018,172.0327868852459
2022,ILLINOIS,JASPER,400.1585876647942,30033.46164,12687.4566,18590.54668025561,64748.00514,200.11764705882354
2022,ILLINOIS,JEFFERSON,386.8111648901851,24118.99308,7808.8374,20989.143105876108,36610.70322,159.68684759916493
2022,ILLINOIS,JERSEY,477.8134057508258,16671.95166,7664.04912,13736.380027955627,39070.44414,202.26765799256506
2022,ILLINOIS,JO DAVIESS,176.72204341381385,18148.19916,10030.85538,22698.356716377966,55217.71164,202.25877192982455
2022,ILLINOIS,JOHNSON,134.4320120498363,5968.877460000001,2000.99718,13155.247400457629,8207.13348,164.91525423728814
2022,ILLINOIS,KANE,419.6625313204893,19068.32928,8415.35058,13576.85342406668,46657.45812,210.98995695839312
2022,ILLINOIS,KANKAKEE,270.19554171662946,38124.38448,17860.51176,24538.6100222134,98317.60848,205.8125
2022,ILLINOIS,KENDALL,202.2905719222242,17061.533580000003,7341.11196,10352.137083737798,41233.71252,217.18349928876245
2022,ILLINOIS,KNOX,448.4210428974257,34311.46446,14935.29492,26663.732286641145,80255.68824,224.75496688741723
2022,ILLINOIS,LA SALLE,256.19876776837583,63704.50086,27536.37978,41733.29892069233,150654.38387999998,216.84587813620072
2022,ILLINOIS,LAKE,83.0634292949456,2903.9501400000004,1437.345,7759.829779258282,7779.883020000001,184.15584415584416
2022,ILLINOIS,LAWRENCE,333.0237210632988,25388.30658,11986.53456,13901.60400893623,59059.12194,188.42182890855457
2022,ILLINOIS,LEE,488.2121530054316,43708.26096,21733.77024,27233.47014702727,120477.55902,220.46491228070175
2022,ILLINOIS,LIVINGSTON,406.0380562456485,64106.11116,26478.06252,39055.53093877459,143876.19246,210.1768707482993
2022,ILLINOIS,LOGAN,405.4096863537125,37115.44746,16659.42642,23006.015157189253,88602.67416,225.50700280112045
2022,ILLINOIS,MACON,386.8350062484177,33023.40678,14216.283900000002,20652.99776493481,75645.70104,228.25964912280702
2022,ILLINOIS,MACOUPIN,827.1748507211546,48463.19478,22374.88344,32081.9394154808,115021.3701,205.42942942942943
2022,ILLINOIS,MADISON,136.51532765195148,31731.18312,12608.05182,24253.74109499826,66409.99092,197.04433497536945
2022,ILLINOIS,MARION,555.1381131461675,26382.1467,9381.41568,21308.19631626877,46508.29638,190.57544757033247
2022,ILLINOIS,MARSHALL,91.38760788938237,20322.49128,9254.05026,14796.092463343584,49712.67756,217.5873362445415
2022,ILLINOIS,MASON,478.1933291116288,34496.61306,23077.72194,20527.6554235958,109652.9889,215.86899563318778
2022,ILLINOIS,MASSAC,204.37255868463507,10180.34472,4639.18182,8990.463576059588,19571.41914,167.95833333333334
2022,ILLINOIS,MCDONOUGH,166.5603693044348,29117.246340000005,12559.4469,21838.05252931428,67353.75738,213.55797101449275
2022,ILLINOIS,MCLEAN,486.9684722587384,69492.9417,29810.93934,42952.53795822604,160882.0395,227.50320512820514
2022,ILLINOIS,MENARD,201.41810814017603,17367.0042,8319.06894,11901.82408846226,43174.69884,225.19283746556474
2022,ILLINOIS,MERCER,1142.2858095333042,29751.54546,13929.61752,21251.222522255128,73344.0435,222.44688644688645
2022,ILLINOIS,MONROE,188.69145846838288,17454.3642,7472.1192,14482.736636288962,33350.09496,168.0561555075594
2022,ILLINOIS,MONTGOMERY,669.7895377813687,42865.297020000005,19482.7269,26242.126263467897,100441.28094,209.8535031847134
2022,ILLINOIS,MORGAN,510.0543002785767,31040.96268,14073.40116,21029.02475946311,74052.59862,214.16470588235293
2022,ILLINOIS,MOULTRIE,216.954218018422,23407.566,10082.22306,12608.299046259152,53140.25262,206.56542056074767
2022,ILLINOIS,OGLE,527.7585879924964,38603.0736,19199.15634,28458.406566736925,107382.72636,230.07389162561577
2022,ILLINOIS,PEORIA,391.9620704787792,25236.55134,11629.18302,21308.196312056098,62109.28542,220.29556650246306
2022,ILLINOIS,PERRY,396.48513093086734,21546.43218,8014.95786,16533.792964242715,37463.34228,158.71194379391102
2022,ILLINOIS,PIATT,211.2025182954301,26380.54146,11229.40728,16465.42441517417,60113.08212,216.0
2022,ILLINOIS,PULASKI,705.4438905455632,9670.686479999998,3090.70398,7526.237252550222,13603.8357,172.05673758865248
2022,ILLINOIS,PUTNAM,14.781683036525994,7252.26138,3343.17438,6096.195200887732,18168.9417,212.0447284345048
2022,ILLINOIS,RANDOLPH,807.3889066777749,24468.6624,9936.381,21843.74989972376,43138.57002000001,168.69712351945856
2022,ILLINOIS,ROCK ISLAND,428.88519786018287,16746.802799999998,8015.86968,14910.040038297053,42433.89696,220.16491754122939
2022,ILLINOIS,SALINE,482.99565012112737,18339.77418,7422.64068,14357.394304682684,36308.33388,177.3549883990719
2022,ILLINOIS,SANGAMON,397.02591717517714,48609.637440000006,22404.2364,30543.64717641555,118958.2212,227.56770833333334
2022,ILLINOIS,SCHUYLER,149.39176768915152,13706.4837,5874.5505,16345.779467980889,30561.034140000003,193.95585738539899
2022,ILLINOIS,SCOTT,280.2819899803457,13723.18584,6571.67784,9526.017173343776,34255.28652,204.0
2022,ILLINOIS,SHELBY,413.3685307287572,46426.93146,20878.488539999995,28566.656756318647,107251.09668,210.54178674351584
2022,ILLINOIS,ST CLAIR,364.95881084130576,32553.12606000001,13286.87724,21530.39407383125,69888.30576,181.8
2022,ILLINOIS,STARK,223.449030476706,17550.7605,8186.38002,10819.322136790754,44989.01862,236.41531322505801
2022,ILLINOIS,STEPHENSON,197.2851795742405,19732.92594,9817.22196,20863.800770202422,55361.86656,202.06389776357827
2022,ILLINOIS,TAZEWELL,539.2485085446411,34069.42812,18004.721279999998,22675.56719609964,91145.06856,225.61290322580646
2022,ILLINOIS,UNION,318.04066246141264,6507.32628,2108.58102,15736.159941021093,8061.00204,163.66071428571428
2022,ILLINOIS,VERMILION,270.18257129425,49256.28708,20439.1278,33164.44137361658,110925.61116,215.3596287703016
2022,ILLINOIS,WABASH,111.52375611219487,15577.0524,7052.37624,8358.054541372336,35522.55252,178.77338877338877
2022,ILLINOIS,WARREN,324.1468690373674,30683.92782,14031.28818,20106.049402310982,75601.29486,207.50170648464163
2022,ILLINOIS,WASHINGTON,560.6846193060829,29263.47606,10625.62956,21330.985817953213,54088.40346,179.67464114832535
2022,ILLINOIS,WAYNE,980.4044907024409,41798.42394,15386.13258,26885.930045946807,75906.6672,182.62447257383965
2022,ILLINOIS,WHITE,581.6271468213112,33638.52492,15821.65494,18721.58638132715,73756.6011,186.77844311377245
2022,ILLINOIS,WHITESIDE,338.0984022618292,39724.19724000001,22732.6281,25626.809357150312,119760.31704,215.6350710900474
2022,ILLINOIS,WILL,503.578922418332,27789.47262,11956.20972,22937.646616400805,65866.44246,203.8409854423292
2022,ILLINOIS,WILLIAMSON,207.71423887472363,11436.0246,4137.32592,15764.64684318482,18393.90462,169.68586387434556
2022,ILLINOIS,WINNEBAGO,356.26432461343825,17580.22812,8068.258380000001,15605.12023813375,45947.06298,202.64018691588785
2022,ILLINOIS,WOODFORD,178.36902896388156,27979.2513,12040.37016,19342.600664010057,64930.00332,231.36
2022,INDIANA,ADAMS,27.154904139940605,16199.83092,5857.58082,12517.140986645016,29862.19236,181.72920065252856
2022,INDIANA,ALLEN,293.5319830734149,26515.37616,8857.39218,20145.931052702155,48232.85376,180.42291950886766
2022,INDIANA,BARTHOLOMEW,151.4447317765265,14373.28074,6464.661840000001,14619.47372382173,33234.14094,181.60852713178295
2022,INDIANA,BENTON,134.13113160042425,25332.74016,10743.19428,15177.81683932149,57724.9764,208.0753138075314
2022,INDIANA,BLACKFORD,20.35262054867472,9363.1083,2761.8864,6153.168987928672,15621.02178,178.8372093023256
2022,INDIANA,BOONE,54.75035577694691,24162.2199,9805.1772,15268.974894868214,52313.52672,190.73493975903614
2022,INDIANA,CARROLL,23.26991346917285,21273.4158,9635.96634,14015.551583744433,51454.88166,199.0347923681257
2022,INDIANA,CASS,14.706537262463073,21293.7543,9290.23914,15098.053534762246,50104.3725,189.93582887700535
2022,INDIANA,CLARK,50.01454716117064,2763.0821400000004,2466.21102,12636.785939561723,11367.78006,179.5
2022,INDIANA,CLAY,213.96441525781395,16075.9599,6407.70858,13303.379247112707,33990.90786,188.87189292543022
2022,INDIANA,CLINTON,4.55291668616693,24828.63474,10570.34706,14699.23702663779,56946.15654,196.53521126760563
2022,INDIANA,DAVIESS,224.1456390673739,25346.1117,12588.06822,16305.89781360946,62118.87864,194.35792349726776
2022,INDIANA,DE KALB,233.61074221929445,16120.23504,5247.40944,13280.589731773378,29519.479080000005,179.93303571428572
2022,INDIANA,DEARBORN,19.4536627645024,2611.14126,1420.71384,11052.914662118796,6905.85168,157.76119402985074
2022,INDIANA,DECATUR,79.95838430497112,15834.42042,7640.63118,13816.143328883249,40261.25922,203.72031662269129
2022,INDIANA,DELAWARE,39.44854592131559,21224.27034,6873.81786,13650.919346595265,38126.87424,180.3240058910162
2022,INDIANA,DUBOIS,64.8871760881244,8223.464339999999,3396.28926,15696.278297747893,14467.569480000002,175.5859375
2022,INDIANA,ELKHART,720.1308220097397,14744.72454,8423.40408,14710.631783435863,43980.6549,170.14675052410902
2022,INDIANA,FAYETTE,1.973370471457206,7939.16214,3622.84104,7919.356382420906,19057.24548,180.58139534883722
2022,INDIANA,FOUNTAIN,74.38306925104582,18516.49254,7282.39512,14813.184599993348,41597.2557,187.03617269544924
2022,INDIANA,FRANKLIN,1.5809959171824088,6595.909320000001,3339.4179,14471.3418786193,16688.637420000003,181.4814814814815
2022,INDIANA,GIBSON,223.47171728183093,30106.80582,13976.2623,18322.769875381666,70148.26728,195.04918032786884
2022,INDIANA,GRANT,117.22888446004328,22281.09156,7083.1215,14972.711203737028,39341.1291,182.07774798927613
2022,INDIANA,HAMILTON,19.130018975153327,17454.506159999997,7051.65552,10443.295143351934,37454.52984,170.9643605870021
2022,INDIANA,HANCOCK,13.753899851925768,16856.17206,6584.55798,10557.242717143285,35257.7043,182.0109689213894
2022,INDIANA,HARRISON,70.86888947198767,8169.546839999999,4342.88946,18288.585603680047,18961.81014,179.831223628692
2022,INDIANA,HENDRICKS,260.8170373072034,19671.37536,7908.37866,13143.852643078497,41509.98852,200.7846410684474
2022,INDIANA,HENRY,36.98638958499776,20219.16078,7534.81638,14345.999546431962,41774.30166,180.416068866571
2022,INDIANA,HOWARD,31.692575811132663,16224.7449,6466.61652,10084.360286344976,34723.96746,210.3779527559055
2022,INDIANA,HUNTINGTON,96.89740398834074,19505.78994,6014.97624,14163.683429382656,35239.11846,181.321044546851
2022,INDIANA,JACKSON,115.99542808668156,11535.03078,4952.673180000001,18903.90250084595,24641.9628,186.1525129982669
2022,INDIANA,JASPER,96.01308912689473,31377.78462,15133.11072,20658.69514057382,85494.66744,174.64788732394365
2022,INDIANA,JAY,14.96843302172935,19021.26954,6174.184380000001,14209.262458608668,33622.5162,181.8562091503268
2022,INDIANA,JEFFERSON,84.64162502736042,2903.55156,2121.72324,13348.958275612393,8729.2296,177.125
2022,INDIANA,JENNINGS,48.30040802942946,7692.41382,3922.37118,13958.57779655823,20219.43924,177.22772277227722
2022,INDIANA,JOHNSON,51.54243423442791,12867.767639999998,5616.99138,10169.82096596217,29155.57008,178.76436781609195
2022,INDIANA,KNOX,341.74083642637675,39001.51164,18253.75734,19621.7722196536,89677.13118000001,196.30784708249496
2022,INDIANA,KOSCIUSKO,81.29089306052718,25081.176120000004,11861.70804,19621.77221355248,63998.53278,185.4257425742574
2022,INDIANA,LA PORTE,23.23802290992037,23949.42186,12992.5068,21507.60456546464,72117.78756000001,167.3179723502304
2022,INDIANA,LAGRANGE,524.1068754381474,15864.7671,9306.77748,14351.696926428913,46708.92408,169.9764705882353
2022,INDIANA,LAKE,40.44274018490568,12663.782039999998,6123.70668,11924.613604092116,35254.43376,180.73170731707316
2022,INDIANA,LAWRENCE,0.0330656157667948,7474.07388,2995.74912,16921.214715278566,13914.842759999998,165.42105263157896
2022,INDIANA,MADISON,36.93503413297417,25047.81552,9405.45606,15251.882758218451,50546.5779,190.22727272727272
2022,INDIANA,MARSHALL,55.60170245074619,20694.14256,9795.68772,16567.977244079157,53780.02812,184.76624857468644
2022,INDIANA,MARTIN,9.52042699236816,3423.7912800000004,1596.00714,12733.641377139107,7467.663840000001,179.29577464788733
2022,INDIANA,MIAMI,35.09969058739078,18999.52236,7208.48856,14106.70964176066,39616.89186,185.72046109510086
2022,INDIANA,MONROE,0.0065332955588552,3350.92212,1298.1969,13742.0774062094,6009.86022,163.07692307692307
2022,INDIANA,MORGAN,65.3682525569856,11543.49378,4904.3958600000005,14642.263239451588,25506.43914,185.65868263473052
2022,INDIANA,NEWTON,81.70709247376023,21894.64914,10542.0042,15035.382369758066,57892.50012,200.0
2022,INDIANA,NOBLE,128.7198458467819,15811.1499,7203.07224,15303.15916802247,39656.32944,194.71264367816093
2022,INDIANA,OWEN,16.20899449633187,5865.6234,2360.00856,14448.552363570498,11240.96064,172.40196078431373
2022,INDIANA,PARKE,50.07845641328531,15471.41778,6403.973940000001,16875.63569229894,34309.356900000006,179.27461139896374
2022,INDIANA,PERRY,12.379195270743043,1136.8975799999998,455.1456,14414.368092014154,1290.89142,164.16
2022,INDIANA,PIKE,29.662487153226884,11803.39524,5235.83424,12876.075844087763,25757.82846,163.2876712328767
2022,INDIANA,PORTER,45.034605976963725,12201.5712,6172.6119,13804.748571649376,36120.43344,184.75229357798165
2022,INDIANA,POSEY,332.4370541236744,26228.529599999994,12610.19214,15263.277517195496,59457.9531,190.17902813299233
2022,INDIANA,PULASKI,147.5418553431369,23958.54552,11509.4343,16260.318782495007,64451.83290000001,173.71794871794873
2022,INDIANA,PUTNAM,203.8687669091604,16523.33592,6934.03074,17895.466467562983,35868.514500000005,196.40575079872204
2022,INDIANA,RANDOLPH,9.089584028348249,25415.79222,8061.0075,16830.056653049665,47669.98782,179.98086124401914
2022,INDIANA,RIPLEY,43.42391527674741,7143.0723,4278.12294,16573.674616522334,22180.85688,162.66497461928935
2022,INDIANA,RUSH,43.86071220946638,21331.82142,9179.58678,15337.343438271431,49045.27446000001,193.5169082125604
2022,INDIANA,SCOTT,42.41234207397101,3101.0070000000005,1709.07828,7007.775792090114,7917.737100000001,182.5735294117647
2022,INDIANA,SHELBY,166.63552749784603,23453.99784,10000.00638,15086.658777528375,53198.46168000001,195.00570125427595
2022,INDIANA,ST. JOSEPH,129.5279176882619,17224.290719999997,8775.18642,13576.853424066678,49819.50246,162.83870967741936
2022,INDIANA,STARKE,48.97216421147984,14446.52664,7886.8608,11611.257775439584,45483.14316,177.58403361344537
2022,INDIANA,STEUBEN,98.76680821368696,10429.49544,4300.01208,11981.587390987794,24163.56306,174.16256157635468
2022,INDIANA,SULLIVAN,401.182596477655,23734.84386,10328.99868,16892.727818925436,54593.91756,183.4641638225256
2022,INDIANA,SWITZERLAND,3.445531116750043,666.49674,923.11128,8340.9624050131,4146.53694,175.0
2022,INDIANA,TIPPECANOE,125.5228199631311,24372.053160000003,10626.5523,17194.688894120984,56106.02634,184.18526785714286
2022,INDIANA,TIPTON,23.798135311365343,15934.6824,6359.808,9594.385717589532,34279.741859999995,200.49853372434018
2022,INDIANA,UNION,0.1678437117503884,6813.1245,3054.9792,6118.984716227064,16114.75866,189.42122186495178
2022,INDIANA,VANDERBURGH,85.82041706188568,10244.2704,4404.83316,6569.077631540772,21752.6127,188.06949806949808
2022,INDIANA,VERMILLION,96.9076464086692,12605.93334,5235.954360000001,9702.635912691314,29521.55934,195.19187358916477
2022,INDIANA,VIGO,244.97613974665768,16591.454879999998,6673.0482,14277.63100244768,35760.4065,182.02380952380952
2022,INDIANA,WABASH,110.56414943812165,20840.48694,7462.10556,15365.830333026652,42586.83156,190.57029177718832
2022,INDIANA,WARRICK,74.09998438555628,9317.22792,3502.41528,13827.538085826587,16526.66106,175.24539877300614
2022,INDIANA,WASHINGTON,16.283652894218314,10832.60724,5208.39774,19422.36396246818,23235.15012,177.68041237113403
2022,INDIANA,WAYNE,13.299294575323136,16482.69714,6283.91946,14374.486440606124,34600.920900000005,177.0151770657673
2022,INDIANA,WELLS,96.339337571246,20768.174700000003,6886.04826,13616.735075329443,38147.48028,186.02809706257983
2022,INDIANA,WHITE,228.1804835481352,28800.65916,12987.0468,19017.85007027936,69843.74669999999,177.8130081300813
2022,INDIANA,WHITLEY,79.87330087921175,15882.47388,5609.21634,12517.140987226074,31536.08094,182.48263888888889
2022,IOWA,ADAIR,646.2669468741838,23623.43256,9551.95878,21393.65698281213,50072.95566000001,156.17194570135746
2022,IOWA,ALLAMAKEE,105.1269319861797,13075.378680000002,7261.28676,23809.34555880992,39463.92996,184.5104510451045
2022,IOWA,APPANOOSE,1120.8934772085006,14062.21362,6397.0179,18932.389397925406,30394.5915,138.62
2022,IOWA,AUDUBON,152.9001601182238,23420.51712,8975.49198,16613.556260667126,51689.84730000001,191.80995475113122
2022,IOWA,BENTON,582.6080026478354,38630.1825,15635.6928,26817.561509225765,84855.51984,213.66489361702128
2022,IOWA,BLACK HAWK,269.1883325579135,30415.97832,12649.05096,19883.85163966424,69886.00164,199.2537313432836
2022,IOWA,BOONE,164.60377674064458,30679.70724,12241.21626,21325.288451756416,69705.10092000001,200.27540983606556
2022,IOWA,BREMER,171.21599870566357,22270.24254,9713.34546,16191.950239963377,52924.7355,204.83842794759826
2022,IOWA,BUCHANAN,346.9790011920844,31839.198300000004,14200.1769,21325.28845233748,77418.63948,205.5425219941349
2022,IOWA,BUENA VISTA,144.79999887242275,28829.66814,10492.11072,21536.09145005132,69105.80586000001,192.65432098765433
2022,IOWA,BUTLER,258.6077505485228,33177.71184,13620.870899999998,21803.868260517964,76048.29414,206.99382716049382
2022,IOWA,CALHOUN,155.0694169245862,34463.15964,12982.17102,21313.89368784037,77348.4348,199.76638176638176
2022,IOWA,CARROLL,161.65412144105315,31854.14232,12413.09706,21336.683201145992,72947.0469,192.58522727272728
2022,IOWA,CASS,347.36971296031373,27758.76558,11493.96612,21125.88019369941,61566.179220000005,172.87843137254902
2022,IOWA,CEDAR,243.157579880325,30611.642880000003,13745.18964,21707.012815822607,73148.78844,218.14046822742475
2022,IOWA,CERRO GORDO,492.72384520478727,30895.5465,12206.375999999998,21296.80154944743,73366.20018,212.51987767584097
2022,IOWA,CHEROKEE,74.38856152092426,24955.82544,9078.342,21655.73641531553,62213.90994,181.89830508474577
2022,IOWA,CHICKASAW,175.401427625421,22764.22512,9535.109219999998,18892.507747679498,53005.3797,204.8972602739726
2022,IOWA,CLAY,340.8397984238553,27087.31116,9632.55384,21234.1303879296,63778.74048000001,178.0268456375839
2022,IOWA,CLAYTON,210.47951281058,21528.37596,12314.66964,29227.552684598995,66079.27872,204.06593406593407
2022,IOWA,CLINTON,233.0062424318513,34487.03076,16892.726759999998,25894.586151928364,87738.39984,220.30434782608697
2022,IOWA,CRAWFORD,200.96074156897296,36056.5842,13984.82904,26743.495580305527,84353.22168,211.9111111111111
2022,IOWA,DALLAS,396.0582115132516,31000.340280000004,12682.5153,21330.98583059125,68781.65658,184.6076923076923
2022,IOWA,DAVIS,791.9469055015296,15017.03658,6714.68616,18881.11299208712,31704.030540000003,142.75229357798165
2022,IOWA,DECATUR,1481.6895394522708,15445.286220000002,6748.41258,20031.98348355928,32605.28544,139.93808049535605
2022,IOWA,DELAWARE,201.2270027413328,23358.742680000003,12843.14304,21667.13116499564,66670.7223,210.77528089887642
2022,IOWA,DES MOINES,421.0069069821977,18510.04428,8320.537680000001,15525.356939820897,43046.57994,191.71530758226038
2022,IOWA,DICKINSON,213.8248168445476,16928.38056,6004.7715,14727.723919214042,39374.4078,197.1307120085016
2022,IOWA,DUBUQUE,182.44670471744507,20304.9756,13709.66688,22031.76340025636,71503.40652,207.9655172413793
2022,IOWA,EMMET,334.4260602406859,20484.19464,7581.82698,15023.987606277811,49543.03536,210.1266968325792
2022,IOWA,FAYETTE,339.1500459339508,29004.5847,12998.283479999998,27677.86569338416,71766.10350000001,202.42934782608697
2022,IOWA,FLOYD,231.08964117537224,25754.96196,10543.81692,18710.19162714384,59981.8947,200.37722419928826
2022,IOWA,FRANKLIN,359.49559071372687,34161.0087,13846.10682,21803.868248896782,79366.30338,217.29973474801062
2022,IOWA,FREMONT,858.3884451844596,28210.04004,12463.1052,19405.27182494683,63453.23166,188.38053097345133
2022,IOWA,GREENE,205.43731847996995,33917.6838,13387.641540000002,21507.604563430923,76139.76006,192.5151515151515
2022,IOWA,GRUNDY,136.38054777975253,30815.322720000004,12478.25124,18590.546679020863,69623.87796,205.23472668810288
2022,IOWA,GUTHRIE,295.8029517224856,27710.38452,11482.745819999998,22271.05331378882,62792.6481,188.8732394366197
2022,IOWA,HAMILTON,252.057134608098,35349.121080000004,14066.90376,21564.57834408022,81498.73914,206.40883977900552
2022,IOWA,HANCOCK,366.2572796558218,31516.77984,12326.0865,21724.104959009288,75505.9851,208.89736070381232
2022,IOWA,HARDIN,251.2419718746009,34117.328700000005,14250.09768,21023.32737873984,80558.27598,213.367816091954
2022,IOWA,HARRISON,410.5719924235185,36693.23658,18315.4608,26116.783931861617,96378.9645,168.67613636363637
2022,IOWA,HENRY,692.6075201515399,20265.46704,9168.7869,16340.082095189073,46060.76202,165.13409961685824
2022,IOWA,HOWARD,149.11584571927847,20974.590000000004,8279.77878,17838.492684879988,47555.79192,209.5018587360595
2022,IOWA,HUMBOLDT,221.65217825678525,26356.64304,10099.13814,16476.819174005952,59567.4261,192.90625
2022,IOWA,IDA,63.26934174489886,19918.52226,7395.340679999999,16129.27907771922,48862.48458,214.30204081632652
2022,IOWA,IOWA,707.6841011160591,26830.5492,12187.44072,22031.76339633422,63530.19582,201.21475409836066
2022,IOWA,JACKSON,205.1607241374064,22072.68336,13455.94068,23940.385260099345,70540.18608,212.68995633187774
2022,IOWA,JASPER,770.0636598959867,38350.95264,16066.596,26994.180237416964,86182.37082,199.95375722543352
2022,IOWA,JEFFERSON,565.652683441225,17862.26442,7795.558680000001,16528.095590637415,37947.58968,167.03438395415472
2022,IOWA,JOHNSON,493.5616946597154,24259.8993,11091.39486,22094.434572959577,55585.87944,201.6116116116116
2022,IOWA,JONES,244.5875580125461,24390.41514,12691.43694,21473.42029841149,66015.24384,212.94949494949495
2022,IOWA,KEOKUK,887.1085757711897,27760.87314,12356.3349,21712.71020192068,62680.70718,165.1704641350211
2022,IOWA,KOSSUTH,1031.625968519067,53257.92108,20394.79806,37220.97499971703,128063.55744,193.7294520547945
2022,IOWA,LEE,381.45516017715823,17813.21724,8119.25478,19581.89056708345,40086.03144,174.36914600550963
2022,IOWA,LINN,383.1080423346417,30753.71208,13462.59096,24327.807014621543,70619.67822,206.58041958041957
2022,IOWA,LOUISA,623.4268153060095,21879.5031,10121.90634,15314.553928742696,51491.94414,193.78205128205127
2022,IOWA,LUCAS,695.1529120230765,12653.03676,5508.27186,16197.647618420518,26947.60614,129.77848101265823
2022,IOWA,LYON,118.07971553089205,21011.5815,9231.00906,21969.092239029065,60419.59014,157.85753424657534
2022,IOWA,MADISON,721.4834255143853,20251.09632,8599.030439999999,21085.998544325084,42330.14604,163.76623376623377
2022,IOWA,MAHASKA,591.0869546516867,28299.0981,12568.53234,21575.97311002997,65255.626800000005,182.21176470588236
2022,IOWA,MARION,349.539544701834,20820.21396,9033.864839999998,20516.26067420622,45231.81936,171.4572192513369
2022,IOWA,MARSHALL,412.0808452222716,32938.6239,13065.92196,21125.88019631417,72392.84052000001,201.7591973244147
2022,IOWA,MILLS,468.6080974587832,23427.3858,10092.73356,16191.950242432877,53254.08816,189.31178310740356
2022,IOWA,MITCHELL,201.47003564380776,22540.56714,9262.63338,17912.558605810656,54944.71164,206.81756756756758
2022,IOWA,MONONA,413.00649139783104,35920.91412,19396.5408,26287.705292984432,103920.24552,165.47305389221557
2022,IOWA,MONROE,436.2503256087711,12271.35546,5326.25184,16106.489568524592,25810.74132,140.17021276595744
2022,IOWA,MONTGOMERY,376.2760734837224,21130.8006,8798.3805,15525.356943670417,45681.74520000001,184.94565217391303
2022,IOWA,MUSCATINE,327.9242331228118,20767.44852,9887.1591,16436.93752230739,50510.61288000001,209.17977528089887
2022,IOWA,O BRIEN,208.06825408461367,25630.56678,9344.1894,21348.077964771503,64927.14774,183.11377245508982
2022,IOWA,OSCEOLA,137.33416300978303,17936.61324,6713.68152,15365.830339127771,45272.72022,183.0672268907563
2022,IOWA,PAGE,736.802641752029,25914.4431,10634.010660000002,19957.91756582443,53905.43886,171.62770562770564
2022,IOWA,PALO ALTO,380.0484761388776,30013.66368,11237.95764,21667.13116557669,71679.93378,190.97897897897897
2022,IOWA,PLYMOUTH,163.39091385210477,36484.9485,14937.009360000002,32514.94019356368,97078.94742,148.47413793103448
2022,IOWA,POCAHONTAS,141.87787572679335,31937.43462,11782.11216,21518.9993256038,72215.6253,194.81142857142856
2022,IOWA,POLK,285.811252101048,23188.54902,9779.95746,16647.74053934145,52153.22658,186.76429567642955
2022,IOWA,POTTAWATTAMIE,509.3717816031229,49659.16956,21678.2475,34793.89167883287,115371.68916,192.10191082802547
2022,IOWA,POWESHIEK,606.4769582572088,27866.09826,11471.569200000002,21906.421069812204,60129.10176,189.55555555555554
2022,IOWA,RINGGOLD,1864.792244045242,18293.82282,8022.62916,20299.76028066157,39046.48566,148.9433962264151
2022,IOWA,SAC,124.60268244170322,29633.21088,10850.035559999998,21507.604557475068,68110.00014,204.3951367781155
2022,IOWA,SCOTT,252.21293255365,21221.26188,10503.5385,15690.580919203583,55703.182080000006,210.82296650717703
2022,IOWA,SHELBY,189.6213168904437,32258.96856,13529.71074,22145.710982908862,77166.63864,205.49700598802394
2022,IOWA,SIOUX,138.23488582505925,28608.7347,13167.01386,28338.761608881214,85715.2842,127.57317073170732
2022,IOWA,STORY,338.3522435287246,33364.06710000001,13540.98564,20573.23445456498,76630.26461999999,204.60759493670886
2022,IOWA,TAMA,478.7004910883128,38375.75742,15832.443900000002,26982.78548846319,86633.55246,199.841642228739
2022,IOWA,TAYLOR,1215.5398814012715,20829.72528,8255.165099999998,20037.68086166779,40482.274560000005,168.91223733003707
2022,IOWA,UNION,1010.3250281925648,14941.41012,6490.04538,15992.541994980198,32351.80494,143.80550458715595
2022,IOWA,VAN BUREN,615.8608629248611,13188.86478,5792.86344,18180.33541409833,27354.168660000003,144.4280442804428
2022,IOWA,WAPELLO,460.8851948461921,13546.14534,5998.12122,16089.397428635428,28596.82644,167.0162162162162
2022,IOWA,WARREN,548.3682611721465,19293.59796,8263.0548,21029.02474871352,40114.55994,153.65131578947367
2022,IOWA,WASHINGTON,877.8788356193241,28117.89162,12735.79398,21120.182805567627,64385.31918,182.40524017467249
2022,IOWA,WAYNE,1207.8283125938788,17388.80052,7882.44912,19741.41716283757,38002.59372,166.4144144144144
2022,IOWA,WEBSTER,227.73405429103784,42016.0377,15885.08922,26378.86334693325,93287.38146,198.8153846153846
2022,IOWA,WINNEBAGO,233.3390282590016,21722.34792,8738.17308,15183.51421176467,54394.00512,214.48695652173913
2022,IOWA,WINNESHIEK,197.81187747721623,21710.20488,10968.55578,25774.941211504425,60871.66722,191.71428571428572
2022,IOWA,WOODBURY,392.7831463801582,40927.86516,17788.576259999998,31888.228534951235,107134.71678,180.5075376884422
2022,IOWA,WORTH,332.5523809756219,22237.22592,8446.63638,15325.948681182826,50655.75060000001,216.66964285714286
2022,IOWA,WRIGHT,519.2244002936338,35557.19622,13647.3519,21678.5259206316,79710.7584,207.28530259365994
2022,KANSAS,ALLEN,3592.07314999902,18870.1695,6577.563720000001,18812.744449221373,21444.8598,64.3217665615142
2022,KANSAS,ANDERSON,4238.421228514731,19622.65578,7274.33616,21986.18436681768,27048.91098,73.17733990147784
2022,KANSAS,ATCHISON,655.0830947075686,18166.99248,7847.45052,16271.713543215232,35218.042859999994,142.46105919003116
2022,KANSAS,BARBER,225.0662593025297,7361.00274,4321.38798,42639.182126668224,22854.62088,133.11111111111111
2022,KANSAS,BARTON,431.7851821013279,19617.71448,11571.7329,33090.37543975735,62353.01436000001,110.16949152542372
2022,KANSAS,BOURBON,4871.03102463933,17318.03346,6019.5681,23951.78002808281,19105.58286,77.1774193548387
2022,KANSAS,BROWN,1535.6101605065555,29251.78074,12417.678,21393.656993125933,58873.26354,192.2622950819672
2022,KANSAS,BUTLER,302.3488172167057,7123.2197400000005,4087.44882,53162.24058126157,16911.61836,59.15107913669065
2022,KANSAS,CHASE,14.407254210789564,2081.03532,1102.89816,29466.84260369509,4148.99394,72.10526315789474
2022,KANSAS,CHAUTAUQUA,45.87573036309152,439.87944,1203.58056,24276.53061125276,3226.12836,25.419354838709676
2022,KANSAS,CHEROKEE,3138.001048002345,14351.15682,8459.70216,21912.11845765345,24224.85156,34.00715563506261
2022,KANSAS,CHEYENNE,0.986307089829454,11593.15794,7753.877039999999,37927.44995232795,45801.67956,83.99746192893402
2022,KANSAS,CLAY,863.8765268949601,11658.8745,5912.72682,24094.214493433552,24139.41894,148.7907869481766
2022,KANSAS,CLOUD,565.707869329578,13928.53098,7644.94458,26857.443154242148,32080.300980000004,112.202486678508
2022,KANSAS,COFFEY,1776.6104045892764,13938.5883,4076.58342,23985.9642981865,14317.28844,80.38732394366197
2022,KANSAS,COWLEY,701.5200987431225,4758.23712,3522.53538,42149.20756488548,11371.8969,48.9811320754717
2022,KANSAS,DICKINSON,1158.440672100201,9411.19998,5038.98486,31717.307186030648,16831.6239,83.6405529953917
2022,KANSAS,DONIPHAN,897.8806633532712,23393.49012,10334.92278,14807.487221739571,49797.44406,191.56285390713478
2022,KANSAS,DOUGLAS,1812.2917390823216,13832.0637,6431.02278,16379.963737154894,26731.60308,105.22448979591837
2022,KANSAS,EDWARDS,152.40168857509576,19898.59326,17572.218299999997,23347.85788021932,78827.00826,131.86738836265224
2022,KANSAS,ELK,170.6970238464433,766.12536,1337.73822,24418.96506877373,4256.98182,80.21739130434783
2022,KANSAS,ELLIS,3.2459507519608226,6706.7091,2999.46192,33848.12681229726,21589.96476,25.168539325842698
2022,KANSAS,FINNEY,265.37002249706575,37429.70322,31888.42566,48325.16606582925,165974.07918000003,112.47107438016529
2022,KANSAS,FORD,202.27436996171443,21526.53048,15683.72442,41038.21872143668,84936.71549999999,140.85201793721973
2022,KANSAS,GEARY,196.5036998455596,2291.4910200000004,1154.18394,13981.367310880703,4252.0023,146.66666666666666
2022,KANSAS,GOVE,1.3359364331235335,8368.14888,4538.91984,40337.44114193714,36230.00472,26.881818181818183
2022,KANSAS,GRAHAM,2.2473699393665063,8669.0058,4946.66172,33506.28408633285,30585.56592,38.79173290937997
2022,KANSAS,GRANT,438.29244854325714,21497.9037,18431.485799999995,21479.11767291744,93608.14008,147.05128205128204
2022,KANSAS,GRAY,106.6375763149016,31150.45752,26952.4983,32731.440591611543,141746.53038,154.0909090909091
2022,KANSAS,GREELEY,5.390813213629874,10120.71606,5947.7964,29199.06580338245,46338.12456,41.559633027522935
2022,KANSAS,GREENWOOD,144.10240575851336,2192.76876,1667.96448,43254.49902601308,5971.924140000001,53.58024691358025
2022,KANSAS,HAMILTON,8.695105572899257,8037.29472,5148.173940000001,37545.7255814198,33961.593120000005,45.816326530612244
2022,KANSAS,HARVEY,1803.6693291892457,16520.709659999997,9750.62634,19769.90406006229,37610.73498,102.05382436260624
2022,KANSAS,HASKELL,319.5199916195349,29776.830720000005,28921.94214,21786.77612231388,144875.9949,123.60277136258661
2022,KANSAS,JEFFERSON,1004.6182688632964,19201.4277,8943.68202,20613.116113962573,38932.33344,128.02575107296138
2022,KANSAS,JOHNSON,551.5788290078602,8675.028180000001,4253.59116,11138.375343188633,16729.98054,94.23913043478261
2022,KANSAS,KINGMAN,1215.9950429613266,12514.66944,6504.01752,32475.05854215565,35565.23333999999,70.18518518518519
2022,KANSAS,KIOWA,100.3304775612234,11395.52232,9166.0569,26937.206464510287,42929.88336,139.46428571428572
2022,KANSAS,LABETTE,2654.196296355688,5986.4532,10828.643279999998,24498.72837734228,30978.00888,18.236842105263158
2022,KANSAS,LANE,9.988064834273349,8780.17686,4951.54842,27045.45664870269,34192.31634,16.275071633237822
2022,KANSAS,LEAVENWORTH,651.6256585387152,17404.219559999998,7293.3588,16904.12257383507,30791.54442,123.04761904761905
2022,KANSAS,LINN,4290.927522212994,14972.07894,5702.84988,22738.238360668023,19962.84654,63.316326530612244
2022,KANSAS,LYON,823.5172654874862,7867.772640000001,2894.52072,31620.45174351428,11198.21976,54.87394957983193
2022,KANSAS,MARION,1003.1212582154444,9941.32776,5512.42692,35551.64304076845,19560.30804,66.38518518518518
2022,KANSAS,MARSHALL,1274.9258352304275,19271.61054,7410.00078,34229.851183190905,30501.21984,149.83275261324042
2022,KANSAS,MEADE,1.869022437117792,22893.1521,20317.95402,36765.184708836925,99799.50708,178.40938722294655
2022,KANSAS,MIAMI,3310.6919191392085,17435.68008,8027.925360000001,21769.68398416788,30728.97282,84.08536585365853
2022,KANSAS,MITCHELL,302.5344376789682,11896.01868,5569.08534,26544.08732471802,31037.78496,69.58823529411765
2022,KANSAS,MORRIS,73.6633013097442,3317.0865,1499.34876,26526.99518617982,5378.12184,79.51456310679612
2022,KANSAS,MORTON,2.8848466115431504,10726.48122,8215.18698,27546.825975432857,47052.871320000006,145.49407114624506
2022,KANSAS,NEOSHO,3664.160262871096,14836.25598,8339.86062,21581.67048668583,25888.39344,49.261744966442954
2022,KANSAS,NESS,0.6853559289353357,7711.72584,3659.65236,40212.09880956095,26361.92286,18.11965811965812
2022,KANSAS,NORTON,1.360209014520361,9690.17322,5804.35128,33272.69156645224,36240.83736,32.34977578475336
2022,KANSAS,OSAGE,963.8400275627376,14613.51528,4546.6402800000005,26846.04840180201,17489.00244,78.71323529411765
2022,KANSAS,OSBORNE,57.06690880196042,10471.79952,4937.10126,33637.32380252645,30363.9063,70.35502958579882
2022,KANSAS,PAWNEE,94.08081876188054,18690.92862,13377.63882,28173.53764053864,66371.71632,113.01953818827708
2022,KANSAS,PHILLIPS,8.92452886565288,10517.854619999998,5740.74774,33244.204667135695,35831.62128,55.27777777777778
2022,KANSAS,PRATT,543.6335595665331,21672.46536,16503.21036,27364.509858194702,79644.60504000001,139.63696369636963
2022,KANSAS,RAWLINS,0.3438349374900193,9374.88006,5451.68988,39950.019385802494,32203.69152,15.5
2022,KANSAS,RENO,2358.433468240952,25974.830699999995,14426.8761,47071.74275920867,66386.89512,124.67213114754098
2022,KANSAS,REPUBLIC,442.90969856062895,19579.15596,12606.61584,26925.811694449538,61790.71080000001,155.36290322580646
2022,KANSAS,RICE,987.766376825202,14911.96434,8362.10466,27370.20723150948,42111.877080000006,108.78873239436619
2022,KANSAS,RILEY,498.3976814170194,4228.59528,2057.03862,22624.29078832932,8437.1469,142.3320158102767
2022,KANSAS,ROOKS,11.274608933874486,7111.5135,3393.18798,33449.31030184857,21606.07176,37.925696594427244
2022,KANSAS,SALINE,1245.5551372896684,8541.935220000001,4527.18084,26156.66557949276,16767.681839999997,92.37113402061856
2022,KANSAS,SCOTT,8.957564960348847,13520.920140000002,9125.33622,27108.127820548845,55352.18052,22.76796230859835
2022,KANSAS,SEDGWICK,1518.458392869753,21862.79004,12955.695479999998,31677.42553578474,49120.56786,131.08527131782947
2022,KANSAS,SEWARD,9.185345347321132e-05,19905.8223,17629.97418,23684.00321718037,87100.95576000001,172.1067821067821
2022,KANSAS,SHAWNEE,803.3258291048439,13814.88654,7039.0047,18431.02007019292,30047.48292,116.73716012084593
2022,KANSAS,SHERMAN,1.3813535224374418,21499.23048,14351.7192,39585.38716044882,82710.55884,65.6
2022,KANSAS,SMITH,52.79274782933378,12164.37768,5956.12836,33534.77098691319,35359.42956,95.93881856540085
2022,KANSAS,STEVENS,126.06465820152108,28702.30818,24913.2975,27581.010247584785,126513.46344,159.00448430493273
2022,KANSAS,SUMNER,3888.445462806069,28563.8535,16056.036359999998,43972.36874177018,62368.74462,45.33498759305211
2022,KANSAS,WABAUNSEE,557.0676501028923,7189.02912,3640.62972,30047.975228244217,15331.2705,106.77824267782427
2022,KANSAS,WALLACE,0.0001337255474335,10259.3127,7144.92324,34480.5358522431,39643.16538,60.35175879396985
2022,KANSAS,WASHINGTON,504.73938083810737,13237.16394,6791.2299,33853.824187209946,30261.48216,143.59641255605382
2022,KANSAS,WICHITA,3.6020252719522183,13911.67596,9947.67228,27148.009469618108,58162.61178,57.85557986870897
2022,KANSAS,WILSON,2190.3739019005834,8110.46964,4786.55268,21439.236020027703,14830.16262,59.740566037735846
2022,KANSAS,WOODSON,1856.0961547282384,11920.1082,4650.76248,19046.33697001716,16752.89616,61.86274509803921
2022,KENTUCKY,ADAIR,46.971175335757486,1160.4847800000002,5239.37232,15348.738194633715,29728.143899999995,123.93162393162393
2022,KENTUCKY,ALLEN,26.65798620528089,3845.67456,5250.66906,13098.273614433543,30076.80858,129.82456140350877
2022,KENTUCKY,BALLARD,1011.1958025731982,11291.7168,4240.12134,9970.412711246248,17665.33314,156.9090909090909
2022,KENTUCKY,BARREN,18.68239180205828,3361.85304,8763.96066,18533.57288253772,48149.92182,88.79310344827586
2022,KENTUCKY,BOYLE,9.122544490709023,860.10288,4106.122020000001,6534.893360565485,18533.83896,179.80769230769232
2022,KENTUCKY,BRACKEN,3.027164573158574e-05,531.2034,2178.1851,7805.408809210617,10454.26746,120.66666666666667
2022,KENTUCKY,BRECKINRIDGE,10.664063405991875,2895.57996,1782.26412,21775.381358354247,6727.60998,140.2127659574468
2022,KENTUCKY,BUTLER,55.03499955428259,2195.10564,928.65864,16214.739753559528,3605.05236,175.25252525252526
2022,KENTUCKY,CALDWELL,201.43916324456515,6170.10576,2676.36096,13018.51031219854,13389.47064,113.13725490196079
2022,KENTUCKY,CALLOWAY,187.02495905228704,14748.99426,6527.80128,14408.67071317932,28745.37666,93.66197183098592
2022,KENTUCKY,CARLISLE,1037.014452509714,9490.67028,4263.5775,7463.566086587291,18402.71706,145.53191489361703
2022,KENTUCKY,CARROLL,1.8126188841398567,245.88564,766.48026,5036.482763611333,3545.4892200000004,148.125
2022,KENTUCKY,CASEY,28.98047929651993,1188.10692,5034.84072,16733.201217941787,28158.91806,123.07692307692308
2022,KENTUCKY,CHRISTIAN,790.4779207047485,19509.65016,8776.693379999999,26407.3502440127,46954.26372,123.70860927152317
2022,KENTUCKY,CLARK,3.564099603147398e-05,1395.1119,7291.93374,9189.8718312113,33592.5954,169.45945945945945
2022,KENTUCKY,CLINTON,2.952037860603946e-05,327.99312000000003,1408.69092,7611.697932312674,6126.79158,144.73684210526315
2022,KENTUCKY,CRITTENDEN,112.68844713359084,6136.69602,2851.5669,13838.932843786784,12159.86772,170.0507614213198
2022,KENTUCKY,CUMBERLAND,0.0065250981233085,93.23496,345.32316,11628.349911130596,606.2238000000001,152.8
2022,KENTUCKY,DAVIESS,482.9058878242189,25425.09606,10919.36118,16607.858888078685,48319.65138,172.35772357723576
2022,KENTUCKY,EDMONSON,11.103464672564195,450.88134,816.12258,11531.49447320458,3394.31274,142.8125
2022,KENTUCKY,ESTILL,3.718772245651336e-05,300.9279,1237.9458,9588.688339916816,6185.07708,104.8
2022,KENTUCKY,FLEMING,5.119664463933892e-05,1417.67262,5141.78574,13200.826430555227,22922.9637,148.5
2022,KENTUCKY,FULTON,1831.19287111028,14311.57728,6107.0919,8027.606577232156,26619.82596,114.35897435897436
2022,KENTUCKY,GARRARD,7.545932789699297,1170.80964,4290.6318,8711.29201998025,18538.11414,123.33333333333333
2022,KENTUCKY,GRAYSON,8.765893755888422,1343.7824400000002,1487.3859,19097.61337164277,2326.1511,156.61764705882354
2022,KENTUCKY,GREEN,4.1739517361766094e-05,1453.1244,4186.19838,10762.34835054877,23962.28016,142.05607476635515
2022,KENTUCKY,GREENUP,51.70912332289052,219.63396,769.59792,12824.799436898513,4176.9546,125.22222222222223
2022,KENTUCKY,HARDIN,192.6018763584944,9615.12006,5612.59608,22402.093018709867,29066.77956,147.23076923076923
2022,KENTUCKY,HARRISON,0.5726847206049624,1519.29414,5769.66936,11542.889230147925,26190.4188,91.08695652173913
2022,KENTUCKY,HART,19.72914007038411,2095.44972,5164.8324,15719.067813232485,29891.00478,109.47368421052632
2022,KENTUCKY,HICKMAN,1658.6329382413328,15321.95574,7669.34532,9241.14823917046,33644.12142,119.06666666666666
2022,KENTUCKY,KENTON,1.5820801709573898e-05,510.73386,444.30204,4079.3231437640015,1819.30476,135.0
2022,KENTUCKY,KNOX,5.5858919998331904e-05,95.51178,473.109,14402.973333327634,1153.8126599999998,138.0
2022,KENTUCKY,LARUE,70.16739534343704,4480.55244,2848.2636,9827.978244442857,15132.51012,158.22222222222223
2022,KENTUCKY,LAUREL,6.312853419427055e-05,425.97282,2124.52422,16277.41092379324,6887.790000000001,102.0
2022,KENTUCKY,LINCOLN,95.32077576859524,1547.32578,6676.9248,12551.32525936348,32550.188579999995,133.0097087378641
2022,KENTUCKY,LIVINGSTON,37.31332355580418,5905.2084,2120.60394,12203.785159445131,8446.27056,130.75
2022,KENTUCKY,LOGAN,579.9001743962959,15632.11104,6796.78272,20744.15581539727,35194.794180000004,137.03703703703704
2022,KENTUCKY,MADISON,6.107359766208238e-05,2044.14756,7954.73406,15747.55470609926,34784.85738,116.66666666666667
2022,KENTUCKY,MARION,5.064424234472224e-05,2064.0438,3888.54102,13058.391963170776,18507.12318000001,135.06493506493507
2022,KENTUCKY,MASON,3.5309554652788484e-05,1192.30566,4720.03896,9104.41115028673,21147.95592,148.0
2022,KENTUCKY,MCLEAN,458.64332512869663,15947.2131,6314.28798,9605.78047540446,29628.2532,180.95238095238096
2022,LOUISIANA,AVOYELLES,15661.28724121097,41744.528280000006,17696.919240000003,32184.49223784885,52309.90128,169.20245398773005
2022,LOUISIANA,BEAUREGARD,0.0001689246215862,2007.17244,2586.42384,43556.46009844861,13678.30464,125.0
2022,LOUISIANA,CADDO,135.81928597557183,3480.81006,8507.089500000002,31375.464452599623,35034.1992,136.41666666666666
2022,LOUISIANA,CATAHOULA,7509.460531031234,30301.72782,10985.94042,27780.41850442157,54359.33958,172.09923664122138
2022,LOUISIANA,CONCORDIA,2806.260698778733,8448.596520000001,14521.2249,26623.850627824613,70560.38262,182.64285714285714
2022,LOUISIANA,EAST CARROLL,7458.647718273159,38561.70864,24057.05484,15736.15994581483,104207.85648,160.6276150627615
2022,LOUISIANA,FRANKLIN,8336.32256757195,42962.97642,28626.66534,23758.069144938483,132389.32434000002,167.74891774891776
2022,LOUISIANA,GRANT,572.2394936749993,3554.37264,1674.7458,24794.992063970258,6544.97844,135.0
2022,LOUISIANA,MADISON,6390.473307202453,43385.979,25719.56478,23382.042153606,120597.78822,155.93023255813952
2022,LOUISIANA,MOREHOUSE,12217.176033746047,56518.98252,35143.98342,29381.381921564825,145255.5468,184.62230215827338
2022,LOUISIANA,NATCHITOCHES,1742.8400075990658,11561.29884,10309.64844,48148.54733022954,42718.6032,123.46153846153847
2022,LOUISIANA,OUACHITA,632.2630056174163,9814.43736,5925.17016,21365.17009168853,24609.53586,158.71428571428572
2022,LOUISIANA,POINTE COUPEE,25394.57058207816,6328.78428,12416.71158,21296.801550609543,35312.347980000006,174.88888888888889
2022,LOUISIANA,RAPIDES,3669.743170963162,24649.486680000005,11148.10242,49772.30025152673,33933.583320000005,155.33333333333334
2022,LOUISIANA,RED RIVER,287.1805682512589,2137.9722,2412.05328,14932.829553055324,8444.3541,125.81395348837209
2022,LOUISIANA,RICHLAND,8416.720884094037,37602.2556,26375.14698,20977.748338764235,118435.41528,181.28309572301427
2022,LOUISIANA,SAINT LANDRY,39753.12834111936,38822.72394,21665.10528,34372.28564970377,62297.17494,162.41379310344828
2022,LOUISIANA,TENSAS,6680.859086917437,35406.511139999995,20643.2772,23137.054869228275,102036.14694,159.75
2022,LOUISIANA,WASHINGTON,9.709022726252668e-05,131.89721999999998,7800.46722,25034.28197735745,38312.9292,117.56756756756756
2022,LOUISIANA,WEST CARROLL,5980.349595475936,47524.0311,19296.47538,13474.300607654466,62078.75856,160.54054054054055
2022,MARYLAND,ANNE ARUNDEL,3.760754819492346e-05,1775.4500400000002,859.1473800000001,9696.938533711216,4617.614820000001,160.27777777777777
2022,MARYLAND,BALTIMORE,4.17678122784236,5466.4974,2881.53138,15793.133735906327,17445.28422,157.45222929936307
2022,MARYLAND,CALVERT,2.7686402993162768e-05,1142.10642,504.13818,7138.815501950165,2602.13226,142.30769230769232
2022,MARYLAND,CAROLINE,137.98905908369727,16081.04862,6709.60836,11873.3371942881,34896.07758,155.16971279373368
2022,MARYLAND,CARROLL,4.590839772367003,11204.31858,5620.4421,15525.35693560822,30132.648,154.24137931034483
2022,MARYLAND,CECIL,21.89140668020108,7053.94872,3349.9720800000005,12215.179915662146,18076.62402,157.64102564102564
2022,MARYLAND,DORCHESTER,117.94987046183633,13994.782620000002,5185.6623,20151.628431246456,25987.42692,146.5702479338843
2022,MARYLAND,FREDERICK,76.3613595257468,14216.720700000002,7711.85688,22373.606127441,35077.890120000004,119.11227154046998
2022,MARYLAND,GARRETT,3.731376363005811,1583.5747199999998,2080.6149,24851.96585522388,12077.3016,90.8695652173913
2022,MARYLAND,HARFORD,6.043432556849016,6618.02232,3421.2906,13764.866920386608,19792.81122,135.8659217877095
2022,MARYLAND,KENT,72.61167590225747,10756.49484,4681.63332,10175.518344651731,25010.71482,151.0126582278481
2022,MARYLAND,QUEEN ANNES,57.65087296276607,16443.144900000003,6673.73616,14123.801778846217,36756.02112,162.05821205821206
2022,MARYLAND,SOMERSET,92.70165093042851,5625.64002,1999.98162,11497.310200631382,9391.30374,119.48717948717949
2022,MARYLAND,ST MARYS,4.973830258416496e-05,3368.20848,1168.6038,12824.799437334306,5449.61508,128.33333333333334
2022,MARYLAND,TALBOT,52.2341160720388,9018.89352,3251.87772,9964.71533255668,18184.49178,141.74545454545455
2022,MARYLAND,WASHINGTON,160.99642773694774,6440.867160000001,4773.17022,15844.410142805054,23324.9562,68.20987654320987
2022,MARYLAND,WICOMICO,115.09809985454346,9969.68154,4203.55572,12716.549240634611,23052.31656,135.86666666666667
2022,MARYLAND,WORCESTER,53.39135718296004,9556.16844,5101.77486,16830.056662491876,26957.9583,137.8369905956113
2022,MICHIGAN,ALLEGAN,32.15435975823829,18060.56616,8682.939719999998,31124.77979955561,49494.66522,146.89801699716713
2022,MICHIGAN,ALPENA,8.44512627768406e-05,4442.86752,1963.85826,21775.38136750592,10053.32874,113.0952380952381
2022,MICHIGAN,ARENAC,26.29702966661531,22729.8981,8214.564540000001,13776.261677620483,11818.88526,123.4319526627219
2022,MICHIGAN,BARRY,73.66819958924133,10633.77588,4377.3366000000005,21308.196303340206,24729.23544,135.16539440203562
2022,MICHIGAN,BAY,133.55956040098494,55522.20492,20143.0593,15679.186162114978,30736.13634,170.51546391752578
2022,MICHIGAN,BERRIEN,13.822694684488958,15377.3529,7137.721500000001,19490.73250703352,38867.16288,166.7370441458733
2022,MICHIGAN,BRANCH,258.43828896269684,22518.3231,12168.87672,19228.65308092177,66382.87109999999,162.64105642256902
2022,MICHIGAN,CALHOUN,79.76625462542056,20126.8158,8626.04652,25034.281981715387,48165.55926,171.45527369826436
2022,MICHIGAN,CASS,650.1946708028081,16368.479399999998,9726.05634,18590.546676696624,50912.9985,153.77272727272728
2022,MICHIGAN,CHARLEVOIX,6.31948224678668e-05,3073.63056,1654.41276,16294.503059426148,7479.124380000001,87.91666666666667
2022,MICHIGAN,CLARE,1.5962034946041956,3595.59018,1906.2771,21530.394079641843,12729.58596,127.3529411764706
2022,MICHIGAN,CLINTON,172.9204239621267,30141.20382,10658.21484,21017.62999031753,30792.31974,101.79656538969617
2022,MICHIGAN,DELTA,0.0001692560629824,4314.89604,2635.64574,43641.92078387638,5215.58856,40.56
2022,MICHIGAN,DICKINSON,0.0001109444767709,2958.20616,1269.83766,28606.53840888879,1899.21186,31.75
2022,MICHIGAN,EATON,82.39831384640581,18574.14468,6628.9314,20550.44494968472,38693.906160000006,164.78527607361963
2022,MICHIGAN,EMMET,6.980155388840631e-05,1011.86358,728.97552,17998.01928339414,3857.22792,68.33333333333333
2022,MICHIGAN,GENESEE,23.732710217493,19062.42702,6442.49424,18374.04628329724,25715.928420000004,127.6978417266187
2022,MICHIGAN,GLADWIN,6.625335471223052,12854.87658,5341.97118,19490.732504128224,12335.707020000002,127.67123287671232
2022,MICHIGAN,GRAND TRAVERSE,6.741517599950444e-05,4130.62104,1934.27598,17382.702390440914,11896.54284,90.0
2022,MICHIGAN,GRATIOT,397.6938099895649,48873.65028,17987.96454,21011.932611192173,42030.0972,143.01020408163265
2022,MICHIGAN,HILLSDALE,188.7267029918889,18438.6384,6717.91302,22612.89602920701,38961.99216,168.6838124054463
2022,MICHIGAN,HURON,647.3716043599501,135626.0451,59256.81216,31403.95135200333,81125.56998000001,118.92233009708738
2022,MICHIGAN,INGHAM,15.08754872334401,13407.373979999998,4824.73992,18100.572105907475,28601.12892,148.24817518248176
2022,MICHIGAN,IONIA,32.66257907049493,14048.776559999998,5777.7174,21103.090675745312,33783.26952,156.8825910931174
2022,MICHIGAN,IOSCO,8.124732947358499e-05,8685.46224,3379.55436,20949.2614580997,8059.8609,76.96428571428571
2022,MICHIGAN,ISABELLA,28.51670261102511,18220.3203,6785.24028,21330.98582478066,27264.8922,131.95348837209303
2022,MICHIGAN,JACKSON,12.844177278341476,14765.5053,6267.697800000001,25495.769642351257,37219.70616,145.53003533568904
2022,MICHIGAN,KENT,26.25651902868228,16929.80016,7381.60332,25951.55994477989,39394.45692,140.58823529411765
2022,MICHIGAN,LAPEER,27.47265370686907,21574.31094,7765.99824,24441.754582602305,30935.41542,139.43548387096774
2022,MICHIGAN,LEELANAU,5.3362061636534894e-05,1181.64774,1131.7105800000002,13759.169543294956,6202.41258,77.04347826086956
2022,MICHIGAN,LENAWEE,166.1333134803792,32994.583439999995,11283.8271,27740.53685272301,58428.61206,160.16343207354444
2022,MICHIGAN,LIVINGSTON,3.150614977128359,9418.93134,3749.82426,19336.9032819794,22439.81376,134.77611940298507
2022,MICHIGAN,MACOMB,3.082354886364424,7073.09148,2085.6381,9132.89804475142,9607.519740000002,131.37254901960785
2022,MICHIGAN,MANISTEE,7.99436600539854e-05,1450.15962,976.51554,20613.116113962573,6725.000100000001,106.0
2022,MICHIGAN,MASON,0.546193272386076,1576.59138,2343.6886200000004,18909.59988534612,15180.92394,140.65359477124184
2022,MICHIGAN,MECOSTA,22.97875779331832,22737.59124,9384.71352,21308.196306245507,38753.16354,115.02242152466367
2022,MICHIGAN,MENOMINEE,0.0001527060902706,2194.73436,1343.52036,39374.58415003884,9354.2904,21.962025316455698
2022,MICHIGAN,MIDLAND,26.246173741283982,15465.35718,5624.24772,19023.54744896892,13586.57664,154.75555555555556
2022,MICHIGAN,MISSAUKEE,8.336855428049614e-05,7819.801079999999,3285.62598,21496.20981171711,15693.2139,21.894273127753305
2022,MICHIGAN,MONROE,84.96318174744655,26124.36918,8059.484159999999,19046.33696750408,43834.64904,170.82116788321167
2022,MICHIGAN,MONTCALM,47.00265521128203,41781.30684,15563.44062,26658.03489734725,59921.59446,147.96178343949043
2022,MICHIGAN,MUSKEGON,2.100605202432648,3977.61,2339.24964,16875.635686924146,15415.36542,130.53846153846155
2022,MICHIGAN,NEWAYGO,19.18800147137205,8888.72166,5042.75772,31916.71543755076,33972.8844,146.62037037037038
2022,MICHIGAN,OAKLAND,0.0081660230670084,3683.35422,1640.30958,17023.76753198131,9018.09636,115.0
2022,MICHIGAN,OCEANA,38.75953447865781,2129.4709800000005,3708.2682,20373.826199413263,20435.12016,134.32432432432432
2022,MICHIGAN,OGEMAW,12.037160696506644,18903.32262,7524.038340000001,21462.0255379818,15202.35444,103.83458646616542
2022,MICHIGAN,OSCEOLA,0.3659636665620935,5783.11734,3218.03118,21593.065251182943,23537.41572,90.39735099337749
2022,MICHIGAN,OTSEGO,7.585588304587837e-05,3567.48756,1871.94462,19559.10104811251,4819.61298,71.25
2022,MICHIGAN,OTTAWA,3.5045496026890843,8918.66976,4890.2217,17946.742880853355,31439.56452,143.46354166666666
2022,MICHIGAN,PRESQUE ISLE,9.998481527097162e-05,11826.68214,3757.4901,25780.63858249495,9164.5827,90.78125
2022,MICHIGAN,SAGINAW,154.39611651254378,69106.5102,23816.66742,28304.577343135454,56324.49186,156.26467449306296
2022,MICHIGAN,SANILAC,675.0655796642345,49805.10444,24852.60414,35996.03858029791,55724.317740000006,130.97321428571428
2022,MICHIGAN,SHIAWASSEE,54.17665156789887,33733.20132,11076.82212,19900.94376658125,31856.71944,130.7927927927928
2022,MICHIGAN,ST CLAIR,143.77383263326308,17608.57644,4395.769560000001,25626.80935468081,18417.27342,127.67175572519083
2022,MICHIGAN,ST JOSEPH,755.6586522287981,26323.26606,18197.4702,19160.28453693749,90357.13596,144.75955610357585
2022,MICHIGAN,TUSCOLA,122.27326859061588,84168.6846,31020.68424,30321.44939430333,55147.8018,156.5992414664981
2022,MICHIGAN,WASHTENAW,29.340987648082542,16638.05598,6607.45722,23245.305066509023,36563.04834,143.9039039039039
2022,MICHIGAN,WAYNE,4.22384505250407,3272.3964,1017.53106,6529.195981730652,5805.830940000001,107.2
2022,MICHIGAN,WEXFORD,8.266147933227698e-05,1524.9616199999998,895.65294,21313.8936906004,6648.93684,70.60606060606061
2022,MINNESOTA,AITKIN,0.0002780130267014,2730.77532,1881.33582,71684.41871092336,11441.588339999998,63.666666666666664
2022,MINNESOTA,ANOKA,15.67042753713826,7967.9964,3402.93408,12619.693802476168,20901.03834,146.0
2022,MINNESOTA,BECKER,854.0554429337619,28267.77408,8623.19094,53019.80610458018,23532.40344,150.9985528219971
2022,MINNESOTA,BELTRAMI,801.8262987359785,9323.96556,3738.63126,97880.96593761149,11612.86854,81.25
2022,MINNESOTA,BENTON,66.2986766436937,18989.13198,8535.33954,15098.053534616982,52320.46092,148.4981684981685
2022,MINNESOTA,BIG STONE,557.7305949255552,15355.09248,6277.21458,19667.351242197423,40001.55432,169.63718820861678
2022,MINNESOTA,BLUE EARTH,50.84428740005316,36344.22792,12947.98596,28127.958597948265,84172.99254,216.85474860335196
2022,MINNESOTA,BROWN,105.3174253148135,31340.2089,11717.2965,22806.60689942277,63075.03384,203.44230769230768
2022,MINNESOTA,CARLTON,0.0001266768941607,675.6750000000001,552.7158000000001,32663.07205009677,3195.39402,39.8
2022,MINNESOTA,CARVER,28.79164427885024,10787.25648,4438.04634,12488.654094068766,26810.16702,188.11342155009453
2022,MINNESOTA,CASS,0.0003221389219696,13085.98746,5146.93998,83062.08395892856,21991.50954,70.23214285714286
2022,MINNESOTA,CHIPPEWA,1793.2251506258417,69751.4454,27138.384,21838.052526118456,70909.86084000001,180.85714285714286
2022,MINNESOTA,CHISAGO,252.1058224481172,8793.411900000001,3798.91512,15901.383931153376,24183.41016,172.9045643153527
2022,MINNESOTA,COTTONWOOD,216.0672320710441,31963.07478,11863.400640000002,24322.10963723936,73388.55342,208.9673590504451
2022,MINNESOTA,CROW WING,0.0001646600759173,6318.29016,2866.40172,42456.86602196642,15835.63254,142.15686274509804
2022,MINNESOTA,DAKOTA,80.4682147317251,18995.10522,9270.53946,16602.161509534377,54955.4733,177.96817625458996
2022,MINNESOTA,DODGE,90.38525591320062,18117.1263,6961.30344,16049.515776210545,42806.54742,217.51666666666668
2022,MINNESOTA,DOUGLAS,212.33542105276092,16584.842819999998,5714.70354,26390.25810867032,34329.7773,175.5755894590846
2022,MINNESOTA,FARIBAULT,92.95779939106497,38809.40154,14778.227099999998,26447.231895130204,92968.28268,214.78195488721803
2022,MINNESOTA,FILLMORE,75.27618381848501,24799.06338,11439.83568,32589.006125098684,65039.29614,184.7920227920228
2022,MINNESOTA,FREEBORN,164.53508549469012,38269.94808,14220.187800000002,26213.63936522632,83644.77576,212.83715846994536
2022,MINNESOTA,GOODHUE,68.06260389180947,21893.36604,9311.6205,28418.524918669984,56083.89696,195.20886075949366
2022,MINNESOTA,GRANT,573.3674578306488,26606.6619,10027.83054,21604.460008271544,42786.9351,179.07755102040815
2022,MINNESOTA,HENNEPIN,34.073495327293635,6754.24386,2753.5872000000004,9998.899605275144,16615.32054,155.0
2022,MINNESOTA,HOUSTON,9.114500989384153,9777.26568,4934.9664,20892.28766786294,27804.11088,157.48333333333332
2022,MINNESOTA,HUBBARD,0.1105453920550595,6902.01876,3899.15526,37488.75179623824,26351.47788,82.66129032258064
2022,MINNESOTA,ISANTI,6.079203466981888,11064.12762,4339.1166,16636.345786610786,30292.107300000003,155.20735785953178
2022,MINNESOTA,ITASCA,7.038653749318452,1015.82754,632.59014,106683.41601517216,3430.89474,97.4
2022,MINNESOTA,JACKSON,393.49390179470527,34277.071919999995,12302.87058,26384.560727220727,82386.80814,210.36507936507937
2022,MINNESOTA,KANABEC,7.780033912770653e-05,6457.536540000001,2795.44902,20060.470374537617,20764.41276,166.35714285714286
2022,MINNESOTA,KOOCHICHING,356.96079854716925,2833.6854,1455.94722,117987.01534210144,2239.7302200000004,56.25
2022,MINNESOTA,LE SUEUR,107.60789368876996,18164.5464,6661.9644,17422.58403705521,41800.14384,208.21997621878717
2022,MINNESOTA,LYON,291.3048893853806,24976.12572,10957.9197,26532.692566903097,75200.59092,164.5185185185185
2022,MINNESOTA,MAHNOMEN,718.6398238902009,12388.61442,3517.40844,22350.81661704068,10396.22766,164.9673024523161
2022,MINNESOTA,MARSHALL,17892.661475379216,102243.25566,36312.64182,67092.33147405816,65816.40156,142.65765765765767
2022,MINNESOTA,MARTIN,252.60813336718843,37056.98724,13537.1691,26846.04839628196,89427.52728,222.1654501216545
2022,MINNESOTA,MCLEOD,154.966507191563,17973.88866,6620.8779,18573.45454266163,40525.09734,188.34977578475338
2022,MINNESOTA,MEEKER,297.3006285313271,26575.15224,10202.29392,24179.675174939177,56554.21044,169.96595744680852
2022,MINNESOTA,MILLE LACS,2.317646119559014,12585.316379999998,4587.1644,22208.38214762252,24112.26636,143.67307692307693
2022,MINNESOTA,MORRISON,256.4412247408992,29904.703920000004,14764.70268,43003.8143752933,91364.39676,150.1764705882353
2022,MINNESOTA,MOWER,91.58037720677196,34112.50206,13029.61842,26430.139751071936,78909.07206,213.80882352941177
2022,MINNESOTA,MURRAY,121.66443620659992,24347.1774,9898.6524,26612.45587727292,71670.69,181.83286908077994
2022,MINNESOTA,NICOLLET,48.55152634807444,21519.37242,7850.74836,17325.728609646358,43985.01744,194.99563318777294
2022,MINNESOTA,NOBLES,77.7940588319884,29009.18202,10788.40308,26897.324800856444,76057.00284,187.89346246973366
2022,MINNESOTA,OLMSTED,95.6947424131169,18616.8528,8313.49428,22983.22563749198,48768.23406,197.63392857142858
2022,MINNESOTA,OTTER TAIL,410.7091298282355,71905.87950000001,26796.183959999995,81768.77899015036,134669.44764,143.93924050632913
2022,MINNESOTA,PINE,0.0002096256226728,8571.66492,4160.75478,54051.03166032044,29589.47082,138.06629834254144
2022,MINNESOTA,PIPESTONE,143.62877512832551,12939.02064,5977.220340000001,17200.38627339161,41319.93684,143.68
2022,MINNESOTA,POLK,16143.459814109428,182502.34548,64965.46602,74755.30582736024,92925.06132,157.23542857142857
2022,MINNESOTA,POPE,526.2366224145189,25843.94904,11045.86938,26601.061119603262,63481.36704,175.4954128440367
2022,MINNESOTA,RED LAKE,1938.277821924528,15847.2951,3956.71458,15946.96296216614,14447.574959999998,144.4343891402715
2022,MINNESOTA,REDWOOD,477.8654314057152,49785.5085,18733.29822,32879.572426645434,100099.66512,186.44166666666666
2022,MINNESOTA,RENVILLE,2604.1607789832524,135395.42016,50359.1088,37169.69858715297,116845.95468,207.8271119842829
2022,MINNESOTA,RICE,97.59450026396811,17097.187380000003,6735.0465,18721.58637653341,41069.6013,212.77272727272728
2022,MINNESOTA,ROCK,61.33500605656304,16395.35352,7058.9500800000005,18351.25676214732,48768.78006,188.70110701107012
2022,MINNESOTA,SCOTT,32.17053939111849,9121.82544,3593.8266,11645.442048158047,21334.85172,171.79827089337175
2022,MINNESOTA,SHERBURNE,14.112781030976237,18603.21372,7715.01276,15810.225871539238,41919.0408,169.69594594594594
2022,MINNESOTA,SIBLEY,194.8642980225632,34985.332200000004,12790.73796,21815.263007147507,56315.30814000001,199.95454545454547
2022,MINNESOTA,STEARNS,322.8805829258209,48519.80952,24274.71228,50752.2493916524,142588.29312000002,137.1748878923767
2022,MINNESOTA,STEELE,41.31419304582726,19288.7331,7408.198980000001,15468.383146969363,45020.77398,214.4433962264151
2022,MINNESOTA,STEVENS,660.754125268168,23031.96168,9222.76992,21536.09146312515,58913.98968,140.46743295019158
2022,MINNESOTA,SWIFT,952.57522580333,35083.46478,15523.29324,28070.984820785336,86972.19804,178.14438502673798
2022,MINNESOTA,TODD,61.19330189584122,29935.7877,13276.00638,36639.84236960426,78014.23812,133.52272727272728
2022,MINNESOTA,TRAVERSE,451.5461541399123,17636.48796,6547.83402,21735.4997087475,28724.00076,156.41106719367588
2022,MINNESOTA,WABASHA,38.70655383847864,12881.41218,6311.27406,19730.02241867753,37545.95208,184.67708333333334
2022,MINNESOTA,WADENA,7.850741407874261e-05,18774.6195,8266.156079999999,20242.786496380657,44161.49556,129.08256880733944
2022,MINNESOTA,WASECA,60.26171585527568,20980.98912,7851.54552,16209.042376613132,48992.12682,212.81415929203538
2022,MINNESOTA,WASHINGTON,39.88204348357104,6529.67406,3005.72454,12853.28633005582,18726.7899,164.13095238095238
2022,MINNESOTA,WATONWAN,20.569142168103497,22141.2555,8016.31194,16425.54277625891,52899.3192,209.8927203065134
2022,MINNESOTA,WILKIN,988.4196833946036,49668.134880000005,17713.463040000002,28298.879967351186,37509.976140000006,152.172131147541
2022,MINNESOTA,WINONA,41.16044893369365,11777.34558,6412.20762,23387.739527501828,36828.61182,168.890243902439
2022,MINNESOTA,WRIGHT,52.57628607341081,20892.47706,8000.76732,24128.39875830772,49295.39706,176.65343915343917
2022,MINNESOTA,YELLOW MEDICINE,638.9581380275338,29272.16838,12608.49408,28988.262782251928,78809.05032,182.33245382585753
2022,MISSISSIPPI,BENTON,246.16791947041787,2718.47394,1265.48058,15343.040815653616,5812.7706,122.94117647058823
2022,MISSISSIPPI,BOLIVAR,15348.701223752074,68283.69912,32094.14208,33175.83612358722,128482.19748,178.72413793103448
2022,MISSISSIPPI,CARROLL,671.929076645866,7033.05876,4809.12978,23980.266912669493,22208.26608,157.42857142857142
2022,MISSISSIPPI,CHICKASAW,1688.8072505710925,5562.991980000001,4652.63526,19126.100267850645,14253.646679999998,88.36065573770492
2022,MISSISSIPPI,CLAIBORNE,181.8594441845784,2679.09096,2414.61402,18556.362396569657,10808.02086,156.25
2022,MISSISSIPPI,CLAY,1503.5088922465848,3381.25788,2261.22078,15428.501506165663,8584.59966,114.16666666666667
2022,MISSISSIPPI,COAHOMA,14777.446272996942,43882.05822,26486.5419,21268.314660648062,108167.78154,175.34965034965035
2022,MISSISSIPPI,DE SOTO,3909.5887871854825,16679.45916,8270.305680000001,15690.580919203583,32618.73342,120.41666666666667
2022,MISSISSIPPI,GEORGE,7.165762561670705e-05,539.45892,2610.0601800000004,18476.599098547336,13295.91354,84.33333333333333
2022,MISSISSIPPI,GREENE,0.0001045587062899,112.56882,1152.91722,26959.995977481794,6041.91042,59.333333333333336
2022,MISSISSIPPI,HINDS,41.27962916004359,6160.163100000001,10006.2144,29592.184931916705,44251.70568,120.1086956521739
2022,MISSISSIPPI,HOLMES,1715.796043694628,20897.62038,15268.44228,28845.828326198127,64421.31696,168.34745762711864
2022,MISSISSIPPI,HUMPHREYS,3609.4283630866216,32131.05168,14624.664600000002,16072.30529372884,65391.83196,175.14814814814815
2022,MISSISSIPPI,ITAWAMBA,243.1207635229378,1290.0615,1230.43284,20368.12881868999,6651.8852400000005,109.3125
2022,MISSISSIPPI,JACKSON,9.901258724188852e-05,0.0,1238.82486,25529.95392233296,6717.481680000001,57.4
2022,MISSISSIPPI,LEE,1379.3696112082048,2128.69566,1703.17602,16049.515776210545,8602.9944,91.47058823529412
2022,MISSISSIPPI,LEFLORE,8132.366676640621,51192.35394,30194.38968,22208.382147622524,127586.64282,189.64426877470356
2022,MISSISSIPPI,LOWNDES,1166.114744784272,7459.46292,4137.713580000001,18869.71822246216,22943.52606,99.1304347826087
2022,MISSISSIPPI,MADISON,538.8144912661426,8257.42008,8410.49118,25820.52023245034,36528.75954000001,175.05747126436782
2022,MISSISSIPPI,MONROE,2319.007181817224,5473.85202,5014.87896,28954.07851171244,23595.85956,73.15384615384616
2022,MISSISSIPPI,MONTGOMERY,104.18675883652196,2635.50378,1813.09128,15297.46179354558,9169.27284,146.13636363636363
2022,MISSISSIPPI,NOXUBEE,1273.8671258151542,9112.31412,5630.5704,26891.6274298659,27070.40154,135.53125
2022,MISSISSIPPI,PONTOTOC,396.0072511302456,1838.3001,1924.09854,18573.454543969016,6278.26836,92.0
2022,MISSISSIPPI,PRENTISS,6.041071490865505e-05,2148.92496,912.43152,15576.633345266971,4497.129,100.64285714285714
2022,MISSISSIPPI,QUITMAN,6808.333032088286,31667.650560000005,12235.10652,15229.093251304475,50148.178080000005,179.11764705882354
2022,MISSISSIPPI,RANKIN,276.3597455024243,798.9345,2736.45918,27347.417727355536,14575.62288,130.07142857142858
2022,MISSISSIPPI,SHARKEY,3015.1335789104774,30249.54114,13371.807539999998,16254.621412811855,60469.64196000001,197.5875486381323
2022,MISSISSIPPI,SUNFLOWER,10593.77439983563,64227.57432,35245.50666,26093.99440882325,141950.68524,188.110599078341
2022,MISSISSIPPI,TALLAHATCHIE,6923.132782141308,42561.3279,24447.6687,24572.794296965567,99326.5182,184.08219178082192
2022,MISSISSIPPI,TIPPAH,177.4424290839979,1913.77368,1087.6593,17228.87316059306,5819.19702,131.69230769230768
2022,MISSISSIPPI,TUNICA,10802.688430820604,31812.37878,13386.32568,17114.925598858685,56047.87734000001,142.03883495145632
2022,MISSISSIPPI,UNION,313.40290435760426,1547.15652,823.82118,15565.238588323631,3239.1122400000004,122.38095238095238
2022,MISSISSIPPI,WALTHALL,5.928381421582858e-05,0.0,4334.3118,15286.067028757943,20212.84902,96.6842105263158
2022,MISSISSIPPI,WARREN,1048.007506827624,10507.45332,3907.26336,21541.78883382515,18015.23178,148.6904761904762
2022,MISSISSIPPI,WASHINGTON,8537.51912821576,60336.25416,32868.83418,27011.27237944153,140194.31790000002,189.55854126679463
2022,MISSISSIPPI,WEBSTER,896.9357119028681,5097.5652,2340.76206,15542.449070224277,7241.008319999999,111.42857142857143
2022,MISSISSIPPI,YAZOO,2080.942680872354,33202.63674,17446.98774,34662.85196505067,80451.30912,166.45901639344262
2022,MISSOURI,ADAIR,728.4009391991638,10217.64198,4485.7722,20954.958835336623,18868.1766,159.54314720812184
2022,MISSOURI,ATCHISON,1066.4457488071023,30121.558740000004,13715.2197,20852.40602095811,69384.46788000001,188.76470588235293
2022,MISSOURI,AUDRAIN,1239.8585930412455,39048.511320000005,14850.62124,26122.481302271088,65170.62552,158.04716981132074
2022,MISSOURI,BARTON,3492.938290757304,15412.55352,9215.09316,22105.82932220389,30839.188380000003,58.333333333333336
2022,MISSOURI,BATES,5047.02513806515,22772.60622,13385.78514,31888.22853640388,49793.02692,115.8119658119658
2022,MISSOURI,BENTON,683.4053470717865,4608.14172,4462.6327200000005,27279.04917175008,17914.636739999998,144.75
2022,MISSOURI,BUCHANAN,774.5846006471804,18055.14438,6960.877560000001,14516.920907990574,30471.57204,173.01136363636363
2022,MISSOURI,BUTLER,20601.57320147721,32593.3062,24216.20838,26002.83635894185,115713.67626,167.8985507246377
2022,MISSOURI,CALDWELL,1879.077435331744,15301.98306,5172.78762,16174.858107816824,22089.75132,154.41176470588235
2022,MISSOURI,CALLAWAY,1766.6158982998795,21595.48482,8375.492580000002,31534.99105765069,34386.11904,149.08805031446542
2022,MISSOURI,CAPE GIRARDEAU,2457.592035562621,22451.33436,11278.13232,21108.788054289616,45510.98916,151.06796116504853
2022,MISSOURI,CARROLL,4797.878167743534,35138.71998,12242.53212,26293.40267225505,53428.28946,170.0231749710313
2022,MISSOURI,CASS,1389.3137309556218,11714.81766,10315.09206,25250.782362040947,40231.55136,104.31309904153355
2022,MISSOURI,CLINTON,1123.8459243546072,18052.05402,7324.1805,15656.396640529269,32299.15416000001,181.71296296296296
2022,MISSOURI,COLE,884.7844061094304,5067.58434,4013.26926,13844.630222912145,16757.27508,146.60377358490567
2022,MISSOURI,DALLAS,1301.794385870502,640.02666,2547.02994,20464.98426353061,7318.764180000001,30.444444444444443
2022,MISSOURI,DE KALB,1183.7736402390342,14600.8044,5355.648480000001,15827.31800847953,23684.51358,147.5615763546798
2022,MISSOURI,DENT,0.0001094198464742,794.52828,3767.13792,28213.41928831505,21272.4876,78.0
2022,MISSOURI,DUNKLIN,19889.203032808942,39350.72778,24641.31852,20259.87862533139,104465.03886000002,171.87279151943463
2022,MISSOURI,FRANKLIN,350.41373062845986,8182.86378,5757.24786,34070.324576687184,25317.79068,105.40697674418605
2022,MISSOURI,GASCONADE,312.84059958275884,3031.0371,2469.17034,19416.666583778613,11481.44634,119.47368421052632
2022,MISSOURI,GENTRY,1389.640074011288,16442.604359999998,5949.93126,18613.336195086515,26835.01548,159.01162790697674
2022,MISSOURI,GRUNDY,2059.2584941314844,12370.43262,3846.3243,16317.292572150713,15661.737,169.29775280898878
2022,MISSOURI,HENRY,3805.832917433682,8961.08304,9025.52742,26737.79820611917,33901.11816,121.21863799283155
2022,MISSOURI,HOWARD,1458.5154301511525,18043.4163,8846.095440000001,17525.136858261165,38061.114,128.71391076115486
2022,MISSOURI,JACKSON,487.2893238952082,6893.9106600000005,3561.78732,14249.14410972617,13724.21778,128.6734693877551
2022,MISSOURI,JASPER,2106.2085308625537,12842.684399999998,8636.1912,22516.040586690626,28548.456300000005,57.47603833865815
2022,MISSOURI,JEFFERSON,64.4244192464958,3448.6452000000004,1835.106,22202.684763848683,7604.70984,138.61111111111111
2022,MISSOURI,JOHNSON,3267.040790583842,20989.878,13349.73276,30794.331833817523,54990.6084,109.6943231441048
2022,MISSOURI,KNOX,830.2425523061421,15380.56338,5387.54034,19240.047841409563,23376.12186,162.55941499085924
2022,MISSOURI,LAFAYETTE,2756.883282925142,27141.2778,13782.49236,23541.56875923812,61485.45312,154.22857142857143
2022,MISSOURI,LEWIS,543.053341136346,17153.79666,6901.41816,18875.41560478335,31326.93564,147.0151515151515
2022,MISSOURI,LINCOLN,704.4399795789077,22083.8709,9107.0616,23678.30584313927,41080.99086,117.8125
2022,MISSOURI,LINN,3049.8668224452144,17107.09728,6218.81442,23342.16050800856,25259.64168,156.7032967032967
2022,MISSOURI,LIVINGSTON,4266.390621449984,18057.53586,4251.79482,20088.9572719076,16480.98816,188.86075949367088
2022,MISSOURI,MARIES,560.666831566,1274.10192,3036.7646400000003,19906.64115500356,17373.16854,59.30434782608695
2022,MISSOURI,MARION,121.98575855686067,18681.46644,7674.61968,16402.753259321664,34712.89458,166.37065637065638
2022,MISSOURI,MISSISSIPPI,6402.335114096232,34974.06276,20295.29502,15348.738193471598,80352.9363,173.67205542725173
2022,MISSOURI,MONITEAU,1172.785476371144,9530.22798,6871.0005,15576.633346864885,29416.32876,100.8433734939759
2022,MISSOURI,MONROE,1021.757041744814,31231.80606,10958.132640000002,24527.21527609228,43936.82748,142.0185185185185
2022,MISSOURI,MONTGOMERY,491.809806558439,18661.39002,7488.82134,20225.69435377504,33142.13994,158.78854625550662
2022,MISSOURI,MORGAN,1220.120873966211,5907.85104,5152.31262,22954.73875305056,21828.71964,125.65789473684211
2022,MISSOURI,NEW MADRID,16056.818236086823,58314.39978,43149.89952,25444.49323966521,181580.47908,162.00934579439252
2022,MISSOURI,OSAGE,485.31655246526174,5164.78326,4962.00432,22778.120006556,23144.1756,124.51612903225806
2022,MISSOURI,PEMISCOT,15207.698591787965,35577.3054,18543.35028,18476.599104648456,77990.68914,168.61271676300578
2022,MISSOURI,PERRY,1043.0908551389489,13942.95084,6545.644560000001,17770.12414641577,26215.40922,127.33096085409252
2022,MISSOURI,PETTIS,1406.8870720234656,24198.84012,12059.21808,25176.716435444952,50118.39378,126.2621359223301
2022,MISSOURI,PIKE,572.8029158698091,23436.08904,9230.61594,25114.04528148089,42206.06208,143.75231053604438
2022,MISSOURI,PLATTE,981.1405500838056,16207.07634,6082.31442,14556.802558381749,26185.87062,168.88349514563106
2022,MISSOURI,POLK,1492.812490524566,1603.4109,6348.27102,23946.08263907944,36075.40482,51.578947368421055
2022,MISSOURI,RALLS,334.0423177113121,19655.73246,6710.6949,18060.690452901526,29430.9834,162.53465346534654
2022,MISSOURI,RANDOLPH,1388.8574286807236,17014.2609,5898.63456,18174.63803032449,23222.87604,166.62222222222223
2022,MISSOURI,RAY,2251.488507742716,22128.85584,7641.91428,21330.9858212943,31258.95318,165.43589743589743
2022,MISSOURI,SCHUYLER,414.6869121544086,7538.52372,2964.6708,11537.19185189415,13168.63002,148.91304347826087
2022,MISSOURI,SCOTLAND,753.0889047755221,13600.04646,5492.66172,16442.634910206747,25123.05978,147.448132780083
2022,MISSOURI,SCOTT,5497.651096631253,31265.7345,20582.07606,15439.896255845768,85390.02654,165.83044982698962
2022,MISSOURI,SHELBY,758.116446263369,20934.05496,6534.67542,18943.78415239925,27306.27354,175.66666666666666
2022,MISSOURI,ST CHARLES,720.5515250308288,14591.60976,6132.7266,17462.465691513797,28571.91246,157.41935483870967
2022,MISSOURI,ST CLAIR,1543.278887463173,3983.0973,4702.21752,26196.547228867086,19492.96986,74.16107382550335
2022,MISSOURI,ST FRANCOIS,22.268099334450124,3003.32214,2419.25502,16288.805680881847,10896.92604,160.71428571428572
2022,MISSOURI,STE GENEVIEVE,111.34835764815097,7213.98132,3598.24374,18995.060563510648,15085.04088,157.58928571428572
2022,MISSOURI,STODDARD,17849.532500404715,60282.83352,49492.80336,30942.463678293632,217476.50106,154.6231884057971
2022,MISSOURI,SULLIVAN,1405.9025634693592,12994.521540000002,6737.869320000001,24652.55759963637,28948.06824,151.8181818181818
2022,MISSOURI,VERNON,5285.02686,21642.36984,12748.5813,31278.6090243192,47077.39218,69.85940246045695
2022,MISSOURI,WARREN,253.8859042242701,7750.75938,3339.96936,16374.266367762271,15058.88748,164.91228070175438
2022,MISSOURI,WEBSTER,2021.341270583397,1185.27318,5796.0357,21929.21059401268,24248.94654,10.454545454545455
2022,MISSOURI,WORTH,749.7927921613357,8788.48698,3102.03348,10118.54455795943,14327.72796,152.28571428571428
2022,NEBRASKA,ADAMS,27.3963198536674,35010.00048,30060.66336,21023.327378158785,154921.56498,193.59885386819485
2022,NEBRASKA,BOONE,163.93377189001797,32415.45216,24484.21248,26014.231113125163,138518.33268,178.63063063063063
2022,NEBRASKA,BOX BUTTE,0.0001571474046721,26161.30062,14671.3476,40519.75725564535,72675.17166,154.4431137724551
2022,NEBRASKA,BOYD,5.7706987103776655,4572.12756,2720.9091,20316.852422017902,17495.74008,57.58706467661692
2022,NEBRASKA,BROWN,0.0001787573824589,7085.12532,6288.30384,46091.79362524223,41386.43418,175.69230769230768
2022,NEBRASKA,BUFFALO,69.84384963138564,43841.801640000005,37358.84334,36178.35469255346,197340.38142,162.4179104477612
2022,NEBRASKA,BURT,287.9811036995752,26990.22144,15439.94634,18812.74444602555,78405.67098000001,153.56692913385828
2022,NEBRASKA,BUTLER,171.83095948394237,28875.55398,21773.75382,22026.066018225705,109381.88898,164.26402640264027
2022,NEBRASKA,CASS,730.8311364764609,28449.31362,12703.694640000002,20954.95882400597,64741.80258,130.53497942386832
2022,NEBRASKA,CEDAR,373.2105271367674,29823.1206,21088.68762,27723.44471433008,113221.33368,157.9247311827957
2022,NEBRASKA,CHASE,0.0001307867671954,25903.10268,21210.72954,33722.78447782927,111403.70514,109.45573770491804
2022,NEBRASKA,CHEYENNE,1.2558524841819072,12846.42996,6923.1981,44530.71185378359,44024.9082,77.34789391575663
2022,NEBRASKA,CLAY,17.591843439265936,35136.104640000005,29872.63734,21627.24951039178,153303.38478000002,165.73760932944606
2022,NEBRASKA,COLFAX,58.08869887627774,21451.03506,15407.32284,15610.81762234338,75442.73646000001,150.20091324200914
2022,NEBRASKA,CUMING,139.80607343467366,25880.73306,15248.12562,21558.88096873174,81591.7284,157.08536585365854
2022,NEBRASKA,DAKOTA,116.87978765111252,11169.45648,6027.719880000001,9771.004457401918,33742.21032,155.7556270096463
2022,NEBRASKA,DAWSON,57.23306023541916,41094.963,34919.50098,38200.92413664685,191448.11322,176.32904884318765
2022,NEBRASKA,DODGE,211.24356950812367,31191.40752,23297.75994,20083.259890312736,108880.14228,154.82517482517483
2022,NEBRASKA,DOUGLAS,119.61026292653692,10243.74078,5953.98804,7526.237253131281,28836.90264,164.63768115942028
2022,NEBRASKA,DUNDY,0.0001344105262578,15216.77976,12166.80738,34657.154586375626,63676.469220000006,114.76851851851852
2022,NEBRASKA,FILLMORE,161.23890376806506,38010.75642,31017.708540000003,21798.170875872544,162674.23536000002,185.4101876675603
2022,NEBRASKA,FRANKLIN,45.03896048655344,19119.64782,15970.08504,21587.367869007016,82349.37984,145.79
2022,NEBRASKA,FRONTIER,17.89718064895709,14659.97988,11121.79068,36696.81615058765,63229.39896,103.98290598290598
2022,NEBRASKA,FURNAS,8.137544291015248,14735.84112,11489.83836,26988.482859744247,60734.09706,79.28033472803347
2022,NEBRASKA,GAGE,858.692055260958,27440.30016,15790.47288,32230.071258068456,78737.75910000001,131.60655737704917
2022,NEBRASKA,GARFIELD,14.44244261226044,2823.07116,1822.83738,21319.59106597793,12646.47384,147.52
2022,NEBRASKA,GOSPER,39.18060475438613,14571.1566,12636.2691,17405.491898865643,65526.475560000006,146.76829268292684
2022,NEBRASKA,GREELEY,20.936122682585697,14937.27144,10848.67056,21393.656995493748,66781.76232,172.4839124839125
2022,NEBRASKA,HALL,92.7223351848236,34122.280920000005,29946.9807,20020.588720514817,155136.45966,181.35795454545453
2022,NEBRASKA,HAMILTON,88.07299348698474,40497.34416,35698.795860000006,20430.79998877844,183605.51118,211.23979591836735
2022,NEBRASKA,HARLAN,54.6518566600468,18684.10908,15526.83132,20880.892906416386,80272.92,179.86976744186046
2022,NEBRASKA,HAYES,0.8092641522130536,10585.1382,7820.40168,26891.62742786125,44234.9544,107.33512786002692
2022,NEBRASKA,HITCHCOCK,7.857703903748933,8875.098960000001,6444.4926,26828.956260794308,35160.789300000004,47.77777777777778
2022,NEBRASKA,HOLT,16.271510717291694,44164.90806,33326.26206,90816.21635746358,200373.7008,197.21621621621622
2022,NEBRASKA,HOWARD,130.95523820150845,20956.79586,16556.1669,21604.460005656783,93855.81114,134.99488229273285
2022,NEBRASKA,JEFFERSON,374.7162078636518,18735.91902,13112.7633,21604.45999708616,67183.50912,165.55251141552512
2022,NEBRASKA,JOHNSON,517.0355773500768,8840.62998,4817.41806,14317.51265436414,21781.042920000004,122.45253164556962
2022,NEBRASKA,KEARNEY,73.04467027999145,33285.448560000004,28895.59218,19410.96920456609,148935.94716,190.29012345679013
2022,NEBRASKA,KIMBALL,0.0001378575165745,5150.07402,2790.42582,35545.945662413,16298.5095,83.8622754491018
2022,NEBRASKA,KNOX,246.045628226024,23116.77186,15175.80246,42137.81280372946,91477.66992,132.40287769784172
2022,NEBRASKA,LANCASTER,763.7242307675675,26879.50356,14035.00098,28880.01259644709,66468.3474,109.95588235294117
2022,NEBRASKA,LINCOLN,35.82259131938777,48655.13562,32481.196020000003,96564.87146380774,221683.371,142.90680100755668
2022,NEBRASKA,MADISON,85.74631039983123,26122.2507,17854.00344,21097.3932906641,98548.94322000002,150.20350877192982
2022,NEBRASKA,MORRILL,5.181988086326718,21584.100719999995,14346.149999999998,53885.807668328765,81638.51514,127.73925104022192
2022,NEBRASKA,NANCE,54.464523533946,16839.868499999997,12982.58598,16761.688108687693,69421.55766,136.7458432304038
2022,NEBRASKA,NEMAHA,933.2439348991114,19363.06008,8962.83024,15542.449066737918,44206.8627,150.6405693950178
2022,NEBRASKA,NUCKOLLS,60.71960377665758,17275.101479999998,12768.128099999998,21689.92068164235,65803.57056,159.1
2022,NEBRASKA,OTOE,1068.5192198987668,26980.30062,12352.512900000002,23034.50205150868,61199.79684,127.81818181818181
2022,NEBRASKA,PAWNEE,528.7214232511318,7350.80346,3735.19692,16112.18694040124,16627.70382,138.18873668188738
2022,NEBRASKA,PHELPS,98.55085107147367,36038.46792,32203.83348,20185.81270236701,165137.67816,214.4313725490196
2022,NEBRASKA,PIERCE,193.3904453020099,27131.275080000003,19694.493,21496.209803059337,109076.44566,172.51700680272108
2022,NEBRASKA,PLATTE,156.82730808828694,40331.99352,32231.23722,25655.29625219606,161569.61184,167.89447236180905
2022,NEBRASKA,POLK,65.87705803481143,26747.4207,22018.92966,16505.306069051698,115604.84208000002,200.98425196850394
2022,NEBRASKA,RED WILLOW,19.37248279320948,13339.058459999998,9908.59506,26817.561503705703,55387.87254,95.48076923076923
2022,NEBRASKA,RICHARDSON,1389.3050780645244,26724.073740000003,11416.4778,20453.58950092195,55857.42162,163.88235294117646
2022,NEBRASKA,SALINE,449.96189611305647,26295.57294,18572.14632,21604.459998829338,96316.68228,148.85409252669038
2022,NEBRASKA,SARPY,158.13866110005725,9844.3254,5104.22094,7235.670939237017,25147.59702,153.50877192982455
2022,NEBRASKA,SAUNDERS,354.5108134651639,39790.51986000001,26088.879180000004,28395.73540652648,122284.74804,166.07671232876712
2022,NEBRASKA,SCOTTS BLUFF,88.31560566031433,28293.04842,19025.00964,27620.89189573889,105780.65316,160.44328552803128
2022,NEBRASKA,SEWARD,374.5771299574381,28945.9989,22064.04564,21376.564853425607,115099.33344,139.08219178082192
2022,NEBRASKA,SHERMAN,58.28678115258137,15048.73734,11558.1375,21325.288446730257,67336.1598,163.39263024142312
2022,NEBRASKA,SIOUX,6.3295229778009245,4479.80442,4011.96978,78128.15401217976,22376.1447,140.41379310344828
2022,NEBRASKA,STANTON,52.32395533973954,15011.592960000002,9098.4894,16197.647625538491,51625.76874,121.43002028397567
2022,NEBRASKA,THAYER,147.17551637626048,26574.00564,20645.34654,21587.36786842596,106703.57334,180.81290322580645
2022,NEBRASKA,THURSTON,151.6741070768341,15515.46906,7745.801699999999,14835.97411300844,44729.45022,114.49186991869918
2022,NEBRASKA,VALLEY,68.50910295296805,16287.61134,11758.07724,21462.0255309074,72415.3794,195.31593406593407
2022,NEBRASKA,WASHINGTON,207.2990769533911,18328.98522,10028.12538,14534.0130447856,48536.38608,142.84862932061978
2022,NEBRASKA,WAYNE,61.171018494728486,18469.32906,11242.72968,16801.56976788192,64344.178080000005,102.74131274131274
2022,NEBRASKA,WEBSTER,28.294222087398488,15097.194839999998,11752.57902,21672.82854519596,61450.64016,144.24273858921163
2022,NEBRASKA,YORK,108.15187345313004,41890.02636,35586.13968,21558.880969022262,185950.80504,167.68038740920096
2022,NEW YORK,ALLEGANY,0.869368887617703,12822.70626,5689.2381,38428.81927638526,21996.78936,60.053763440860216
2022,NEW YORK,BROOME,9.717861164422305e-05,786.3492,1823.3124,25057.0714958926,12211.27362,25.637931034482758
2022,NEW YORK,CATTARAUGUS,0.0001908439446244,5709.23808,4120.192440000001,49208.2597611143,26812.90794,43.125
2022,NEW YORK,CHAUTAUQUA,0.0017717338621827,7658.08134,5958.51984,39123.89947476931,38486.721000000005,75.9504132231405
2022,NEW YORK,CHEMUNG,9.122575212675043,1833.17316,1456.41678,14636.565860907289,9462.3984,78.43478260869566
2022,NEW YORK,CHENANGO,0.0001309856320177,3296.81898,3771.3312,33774.06088512021,27058.5861,43.93939393939394
2022,NEW YORK,COLUMBIA,9.26047206196026e-05,491.21436,3058.88856,23877.714099453104,19013.23242,57.5
2022,NEW YORK,CORTLAND,0.0038518122927007,4723.83366,3942.78612,18516.480755184897,26246.96802,41.257861635220124
2022,NEW YORK,DELAWARE,0.0002113049256034,469.01946,1167.09684,54484.03242954219,7187.0799,56.07843137254902
2022,NEW YORK,DUTCHESS,0.0001031666524717,191.82072000000005,2480.52714,26601.061110451577,15963.22182,76.81428571428572
2022,NEW YORK,ERIE,0.03803756575338,9532.2318,5195.88342,30315.752028832856,25348.85262,71.29464285714286
2022,NEW YORK,FRANKLIN,45.73356296266702,3862.56234,2663.1805200000003,62745.23154118145,6987.8991000000005,65.81151832460733
2022,NEW YORK,GENESEE,7.008880313032799e-05,11228.26068,6765.486,18072.085218996548,36044.39202,77.64344262295081
2022,NEW YORK,HERKIMER,1.8663889631357573,5538.44928,4471.647180000001,53954.17621635142,30049.23558,105.375
2022,NEW YORK,JEFFERSON,0.4402229556398692,14133.52122,8821.81482,47174.29556995556,50165.95584,65.0974930362117
2022,NEW YORK,LEWIS,0.0007288994885922,2282.80416,1735.14432,48706.89044747247,10228.168860000002,70.04
2022,NEW YORK,LIVINGSTON,24.7870458953974,13294.94166,7778.68728,23256.699823597635,41379.24336000001,80.71661237785017
2022,NEW YORK,MADISON,1.3466750387183024,8521.38924,6091.30158,24532.912649479684,40135.25334,70.0
2022,NEW YORK,MONROE,6.374722476473697e-05,6866.561520000001,3904.69716,16436.93752739166,21090.25464,133.96363636363637
2022,NEW YORK,MONTGOMERY,69.0264459647501,3605.784,4198.67448,15137.935185879747,26551.5978,91.09947643979058
2022,NEW YORK,NIAGARA,0.1429886518185443,6329.37396,3590.45778,17707.452976182052,19971.65898,140.34267912772586
2022,NEW YORK,ONEIDA,18.77452912824993,10129.32648,7124.628419999999,43995.158263791694,44210.18784,111.39318885448917
2022,NEW YORK,ONONDAGA,1.4993161530753203,8604.495900000002,5683.76172,24834.87371523302,33079.16976,93.52601156069365
2022,NEW YORK,ONTARIO,2.5433723828500434,13532.40252,6686.2614,23906.200993627263,34890.4101,97.31591448931117
2022,NEW YORK,ORANGE,0.0001068346037234,563.70132,2575.5639,27546.82597785877,15514.2078,57.06818181818182
2022,NEW YORK,ORLEANS,5.65438988480284e-05,7594.324919999999,3393.35178,14579.592074011607,17658.51906,151.44164759725402
2022,NEW YORK,OSWEGO,0.0001388297446299,7316.69484,3062.60136,35796.63032935886,13638.0153,78.3695652173913
2022,NEW YORK,OTSEGO,3.1901651055026847,4803.63702,4346.31288,37557.12034458047,30551.51736,108.80952380952381
2022,NEW YORK,RENSSELAER,9.035091923282294e-05,409.3635,2019.9543,23296.58146614451,12275.61972,66.50485436893204
2022,NEW YORK,SARATOGA,0.0001094198464387,325.3614,1453.66494,28213.419279163376,9030.41958,76.48351648351648
2022,NEW YORK,SCHUYLER,33.388304885698815,3194.60778,2132.9217,12500.04885043105,12718.147260000002,59.65853658536585
2022,NEW YORK,SENECA,11.782788059854548,7154.93142,3429.41508,12876.075845685677,17834.77332,110.65
2022,NEW YORK,ST LAWRENCE,21.11781690458524,5512.94562,4617.456480000001,102530.02694597428,30067.936080000003,52.9903536977492
2022,NEW YORK,STEUBEN,4.10336202774224,42622.01034,15828.83484,52262.05475237733,54648.58854,73.31786542923435
2022,NEW YORK,SUFFOLK,6.379141694713448e-05,0.0,5320.27314,16448.332284480264,13144.91178,68.25
2022,NEW YORK,TIOGA,7.501623158032576e-05,2249.79846,2524.44192,19342.600663429,15528.371039999998,87.21518987341773
2022,NEW YORK,TOMPKINS,12.777546169258608,4522.07574,3514.52556,17621.992295112217,21081.34392,66.69117647058823
2022,NEW YORK,ULSTER,0.0001627598119784,276.55992,1551.00036,41966.891442461376,8883.45276,81.92307692307692
2022,NEW YORK,WASHINGTON,0.0001226333093361,1203.70614,5022.850560000001,31620.451741625828,28086.80784,48.56088560885609
2022,NEW YORK,WAYNE,10.40048411545711,11262.52764,4653.8037,22134.31621550646,23124.23568,127.80269058295964
2022,NEW YORK,WYOMING,7.61798542665804,27449.4402,10727.66058,22367.90875339991,38495.41332,88.08435852372584
2022,NEW YORK,YATES,9.904670279784934,5122.648440000001,3314.66772,13240.708080655875,18760.565460000005,95.0
2022,NORTH CAROLINA,ALAMANCE,1.289815107652886,950.7771,3595.0005,14209.26245991605,16559.38284,116.17647058823529
2022,NORTH CAROLINA,ALEXANDER,7.923756992958066,542.29266,1928.13894,9771.004457692445,7794.237360000001,82.0
2022,NORTH CAROLINA,ANSON,7.73142250903481e-05,6387.33186,2880.0408,19935.12803857339,14358.15654,101.50537634408602
2022,NORTH CAROLINA,BEAUFORT,326.31628308047834,25091.93778,8902.300679999998,30629.10785167479,41621.42712,142.44031830238725
2022,NORTH CAROLINA,BERTIE,2415.624077760664,17606.58354,8920.25862,26367.468593476257,52064.4033,128.97727272727272
2022,NORTH CAROLINA,BLADEN,235.2031147450569,14575.31166,7393.53888,32777.019619530176,34351.54086,110.21739130434783
2022,NORTH CAROLINA,BRUNSWICK,0.000117241862954,2636.6394600000003,1389.0895200000002,30230.29134340508,6962.3736,138.15384615384616
2022,NORTH CAROLINA,BUNCOMBE,8.142409818571027e-05,150.67962,832.83564,20994.840481950912,3594.06684,24.25
2022,NORTH CAROLINA,BURKE,7.302758331046626e-05,311.53122,1424.44302,18829.83657846264,6942.99606,82.0
2022,NORTH CAROLINA,CABARRUS,14.81638034310636,2955.05574,2657.66592,11041.51990648284,11799.81348,127.17391304347827
2022,NORTH CAROLINA,CALDWELL,6.441010751760096e-05,256.81656,1156.5044400000002,16607.858888078685,5592.12654,149.28571428571428
2022,NORTH CAROLINA,CAMDEN,170.5541021882945,16694.654339999997,5133.219,8979.068819261513,15126.64608,161.67832167832168
2022,NORTH CAROLINA,CASWELL,56.09801625395294,532.9506,1941.25386,16032.423640577634,8602.90704,72.5
2022,NORTH CAROLINA,CATAWBA,5.214677658116695e-05,790.64076,2140.46196,13445.813713189777,8187.50478,134.46808510638297
2022,NORTH CAROLINA,CHATHAM,9.892420288272728e-05,820.57794,2443.3227,25507.1644096084,11611.82022,75.35714285714286
2022,NORTH CAROLINA,CHOWAN,1355.9957566663736,8870.27232,3750.05358,6210.142774533817,19201.90818,150.0
2022,NORTH CAROLINA,CLEVELAND,6.606731440257775e-05,1211.99442,2674.581,17035.162290522563,9608.25138,85.07692307692308
2022,NORTH CAROLINA,COLUMBUS,524.7217839263734,28993.0914,9365.10666,35409.20857381981,44041.52844,119.78395061728395
2022,NORTH CAROLINA,CRAVEN,218.2390997295232,9334.49244,3864.6699,24703.834015977303,21028.316400000003,114.48979591836735
2022,NORTH CAROLINA,CUMBERLAND,370.4366260272824,8954.02326,4417.45122,19684.443380445104,20295.71544,98.35443037974683
2022,NORTH CAROLINA,CURRITUCK,7.2537350275360275,10068.58944,3125.44596,9320.911541071351,10564.9089,161.3684210526316
2022,NORTH CAROLINA,DAVIDSON,2.240237005623964,1536.7716,3861.21372,19952.220180743217,18536.7819,82.7536231884058
2022,NORTH CAROLINA,DAVIE,10.31433581786813,740.24496,2392.41366,9611.477854094028,11931.5469,137.3134328358209
2022,NORTH CAROLINA,DURHAM,2.121686868847596,328.4736,411.26358,6928.012490000376,1404.312,80.2
2022,NORTH CAROLINA,EDGECOMBE,2568.9457393736,24120.30348,9998.77788,18715.889000313346,47465.0085,100.61728395061728
2022,NORTH CAROLINA,FRANKLIN,149.6803187835164,2778.7305,1681.51074,18191.730165521607,6152.03316,90.41666666666667
2022,NORTH CAROLINA,GATES,685.6325761552527,8521.5312,3572.90388,13058.391963170776,21386.85276,104.5945945945946
2022,NORTH CAROLINA,GRANVILLE,7.592217130820704e-05,1639.88916,1810.81992,19576.19318084012,7216.69494,104.5
2022,NORTH CAROLINA,GREENE,1903.8471700972336,13367.90364,5287.3002,9879.25465293949,26622.83988,94.6788990825688
2022,NORTH CAROLINA,GUILFORD,7.057491711979919e-05,949.20462,3462.20238,18197.427542613263,15302.88396,94.70588235294117
2022,NORTH CAROLINA,HARNETT,629.9292368655049,8681.90778,4682.99832,21564.57835090766,15929.71926,105.41666666666667
2022,NORTH CAROLINA,HENDERSON,4.80589996079894e-05,310.59756000000004,1962.67344,12391.798656346122,10042.0866,152.8
2022,NORTH CAROLINA,HERTFORD,759.127480705662,9911.09028,4962.4029,13269.194973958449,29131.75902,117.36842105263158
2022,NORTH CAROLINA,HOKE,918.480094064273,4755.64908,2154.58698,13861.722358545054,9961.81914,94.85714285714286
2022,NORTH CAROLINA,HYDE,481.0921971793597,13465.18992,5762.41848,22464.764188507783,26389.99272,152.36666666666667
2022,NORTH CAROLINA,IREDELL,147.43361785233785,1511.36076,4750.87704,19638.86435354333,21659.29584,110.04975124378109
2022,NORTH CAROLINA,JACKSON,7.134828031738933e-05,18.28008,80.98818,18396.835793116505,53.46978,72.0
2022,NORTH CAROLINA,JOHNSTON,1365.8181427375785,33222.05796,12334.23282,27985.52414029656,31647.75978,77.86666666666666
2022,NORTH CAROLINA,JONES,161.14361685271666,8146.94244,3988.69926,17627.689680338703,21949.96986,99.58333333333333
2022,NORTH CAROLINA,LEE,3.504440154826263e-05,561.28254,833.36526,9036.04260514033,3653.70642,103.42857142857143
2022,NORTH CAROLINA,LENOIR,1592.9182390524102,15396.68676,7185.1689,14767.60557033154,40314.15024,133.63636363636363
2022,NORTH CAROLINA,LINCOLN,4.096615414727458e-05,623.9742600000001,1470.27426,10562.940095687583,5389.915440000001,41.625
2022,NORTH CAROLINA,MADISON,3.65664500932697,35.11872,136.61466,16961.096366541333,158.49833999999998,97.0
2022,NORTH CAROLINA,MARTIN,1123.607199638849,13436.55222,5574.67092,17462.465691659065,31228.759380000003,93.77777777777777
2022,NORTH CAROLINA,MOORE,9.141579789231598,809.72346,2012.01546,25820.520233902986,8268.94614,80.51282051282051
2022,NORTH CAROLINA,NASH,2162.3189075610026,28202.49432,8944.817700000001,19462.245612859355,19580.013179999994,92.33333333333333
2022,NORTH CAROLINA,NORTHAMPTON,372.68599360958126,15508.49118,6312.66636,20590.326600947483,36898.36878,127.02970297029702
2022,NORTH CAROLINA,ONSLOW,261.8751280389128,7036.88622,4304.00334,26504.205673745782,20954.0331,113.84615384615384
2022,NORTH CAROLINA,ORANGE,22.08569309690853,746.928,1703.67288,13690.80099785803,7530.705,126.08695652173913
2022,NORTH CAROLINA,PAMLICO,154.3619823729662,6139.8792,1730.44872,12613.996425093985,6479.01618,150.1492537313433
2022,NORTH CAROLINA,PASQUOTANK,774.5596376513786,19721.6838,5912.73774,7919.356381404052,19544.0154,168.0612244897959
2022,NORTH CAROLINA,PERQUIMANS,1605.0723204832184,13616.77044,4681.46406,9189.871831356566,23489.67348,152.28346456692913
2022,NORTH CAROLINA,PERSON,207.4782511175465,1375.8927,2154.84906,15132.237807335448,8806.02996,105.0
2022,NORTH CAROLINA,PITT,1582.4816229236512,25656.5946,8741.913180000001,22504.64582814937,45309.09474,98.75
2022,NORTH CAROLINA,RANDOLPH,0.0001098396722166,1443.4602,3850.73052,28321.669483126305,18142.0785,111.42857142857143
2022,NORTH CAROLINA,ROBESON,2737.259149929261,45652.93824,15441.60618,34799.5890477897,72871.56786,106.72818791946308
2022,NORTH CAROLINA,ROCKINGHAM,8.054025454339393e-05,688.89912,2530.12578,20766.945341631454,10482.81234,74.38461538461539
2022,NORTH CAROLINA,ROWAN,183.1031995234076,2070.77598,3434.4765,17861.282199783524,15750.00882,102.35849056603773
2022,NORTH CAROLINA,RUTHERFORD,8.102636853286513e-05,512.35548,1681.77282,20892.28766524817,7177.377480000001,89.85714285714286
2022,NORTH CAROLINA,SAMPSON,3571.653936640574,31542.4746,16304.91408,35916.275278789224,66711.41568,108.17901234567901
2022,NORTH CAROLINA,STANLY,5.771499170973128e-05,8819.4834,4581.49146,14881.55314412289,21937.2972,105.33333333333333
2022,NORTH CAROLINA,STOKES,6.454268407042725e-05,488.51712,1917.74856,16642.043160797148,9756.62142,120.0
2022,NORTH CAROLINA,SURRY,206.76762748921715,1038.9015,3797.90502,19730.022411704824,18570.05514,129.78494623655914
2022,NORTH CAROLINA,TRANSYLVANIA,5.4643634954231526e-05,66.4755,404.6406,14089.61750612775,1935.6573600000004,143.88888888888889
2022,NORTH CAROLINA,TYRRELL,1156.366538676644,12157.63458,4265.91984,14351.696925702588,15993.73776,145.93073593073592
2022,NORTH CAROLINA,UNION,8.1357809912114e-05,13724.94396,8530.24536,20977.748346318003,39158.273700000005,108.57692307692308
2022,NORTH CAROLINA,VANCE,3.6524839703649405e-05,769.74534,626.5896,9417.766979229791,2013.5115,75.5
2022,NORTH CAROLINA,WAKE,54.74435778995105,5496.582,2662.1867999999995,17576.41326530515,8207.25906,73.22222222222223
2022,NORTH CAROLINA,WARREN,2.538964080410524,1196.19864,742.0576800000001,16562.27985681896,2619.9919200000004,83.08333333333333
2022,NORTH CAROLINA,WASHINGTON,1641.2408149972523,21849.54954,7739.2497,12915.95749535053,29450.69946,145.68904593639576
2022,NORTH CAROLINA,WAYNE,3708.155714554516,20155.71012,8928.443159999999,19741.41717024608,45743.28486,100.6829268292683
2022,NORTH CAROLINA,WILKES,410.34248098050847,750.0129,3813.46602,28230.511419154223,19703.62758,104.41558441558442
2022,NORTH CAROLINA,WILSON,2003.607558866616,24927.47166,7620.1125,13200.826429974168,23646.35364,88.75
2022,NORTH CAROLINA,YADKIN,232.08117553009595,1120.14084,3478.31484,12386.101276349167,16661.430239999998,141.1965811965812
2022,NORTH DAKOTA,ADAMS,9.788364785565372,2924.3323200000004,1204.10472,37340.61995411544,9904.64748,48.12658227848101
2022,NORTH DAKOTA,BARNES,1970.39743344895,35455.95144,7382.12202,56478.114970455004,62521.37892,132.3577981651376
2022,NORTH DAKOTA,BENSON,2332.496898930761,22332.59028,6577.02318,50985.84191414778,53957.35254,117.34299516908213
2022,NORTH DAKOTA,BILLINGS,0.0266884163026922,1530.88572,739.50786,43425.42039893141,5070.36894,47.093333333333334
2022,NORTH DAKOTA,BOTTINEAU,5766.115202648738,29136.72762,8860.20954,63850.52300129221,68717.90016,96.48241206030151
2022,NORTH DAKOTA,BOWMAN,2.9065714641318903,2795.8530600000004,1198.56828,44211.65865345778,8890.52892,49.864686468646866
2022,NORTH DAKOTA,BURLEIGH,45.25241266585744,5418.81522,1850.65062,60996.13628304844,17830.66194,74.6236559139785
2022,NORTH DAKOTA,CASS,2100.533209006785,85317.66516,27564.78816,65149.52535413476,67819.5882,171.20761904761906
2022,NORTH DAKOTA,DICKEY,1179.6516754745544,22193.71518,9770.71368,42696.15591797995,71148.92693999999,146.1
2022,NORTH DAKOTA,DIVIDE,2440.7211819817767,6458.617619999999,2669.03364,48695.49567765868,31001.1702,39.44444444444444
2022,NORTH DAKOTA,DUNN,1.6715958775581836,5920.13058,2877.0105000000003,76293.59807412451,13790.158200000002,66.77811550151975
2022,NORTH DAKOTA,EDDY,468.9619654277139,8706.59244,2447.7726,24008.75381092559,20740.78734,111.75471698113208
2022,NORTH DAKOTA,EMMONS,1.080519832336185,8994.00138,3198.29874,56706.01012113184,29229.74964,90.33571428571429
2022,NORTH DAKOTA,FOSTER,804.9051964728003,13387.150139999998,3135.63432,24014.45118961516,28595.54334,122.11243611584327
2022,NORTH DAKOTA,GRAND FORKS,3658.3626123047993,79094.01864,23628.69054,53401.53048869289,79026.46752,149.07834101382488
2022,NORTH DAKOTA,GRANT,0.7011624575549077,4034.49228,1565.17452,62517.33638810773,14444.82858,48.647214854111404
2022,NORTH DAKOTA,GRIGGS,866.2645009191835,14239.86564,3237.4251,26914.41693611166,27101.796540000003,129.78527607361963
2022,NORTH DAKOTA,HETTINGER,46.090666645213375,6622.346640000001,2605.44102,42998.11698749564,23156.94108,57.2
2022,NORTH DAKOTA,KIDDER,116.59255173349555,8240.62512,2739.64236,51236.52657364155,21412.67856,80.16096579476861
2022,NORTH DAKOTA,LA MOURE,1557.5545819724584,21324.6033,6852.7040400000005,42992.419613265694,49940.86188,140.6321739130435
2022,NORTH DAKOTA,LOGAN,160.46454210512871,8484.84546,2375.24742,37614.09412483754,21453.3501,81.54115586690017
2022,NORTH DAKOTA,MCHENRY,1298.1568143618288,17110.853759999998,5186.54682,71291.29958206954,44843.8536,89.92378048780488
2022,NORTH DAKOTA,MCINTOSH,126.37103213701748,8794.678619999999,2637.75876,36206.84158777354,23429.41146,89.93975903614458
2022,NORTH DAKOTA,MCKENZIE,117.73749818180454,10491.54834,4386.06714,104649.45181820288,21217.09044,46.407766990291265
2022,NORTH DAKOTA,MCLEAN,1109.343080472382,22008.40824,7170.38322,80042.47324517774,66065.50314,98.32045454545455
2022,NORTH DAKOTA,MERCER,47.1211477451128,3422.06046,1351.5957,39414.46578808251,8260.0791,73.9945652173913
2022,NORTH DAKOTA,MORTON,0.0002805982694432,4688.60028,1756.9188,72351.0120190554,17200.46874,60.33548387096774
2022,NORTH DAKOTA,MOUNTRAIL,1631.0966688318326,11891.2248,4396.84518,69929.62607453659,38978.36124,53.91111111111111
2022,NORTH DAKOTA,NELSON,5484.508243040679,23620.60428,6234.70848,36936.10605870173,45509.476740000006,119.42528735632185
2022,NORTH DAKOTA,PEMBINA,9613.700649103448,107029.27326,37721.40372,42308.734167467046,70239.5421,139.74025974025975
2022,NORTH DAKOTA,PIERCE,875.6100153153134,11055.81204,3404.2008000000005,38901.701712311406,27772.879680000005,94.0506329113924
2022,NORTH DAKOTA,RAMSEY,12101.652089604724,26211.29238,7493.27124,44251.54030583909,65615.33159999999,124.41767068273093
2022,NORTH DAKOTA,RANSOM,1388.8016993919837,22482.78396,7753.37472,32184.492228842453,55502.52708,153.87856257744733
2022,NORTH DAKOTA,RICHLAND,1187.469884023575,66976.455,24947.76648000001,54051.03165015192,73890.57311999999,142.46835443037975
2022,NORTH DAKOTA,SARGENT,1024.0600362220707,17352.153000000002,7002.73938,32218.676498858986,49623.59766,152.69035532994923
2022,NORTH DAKOTA,SHERIDAN,191.022138094913,6940.9704,2226.2877000000003,37386.19897565694,19878.9864,93.50180505415162
2022,NORTH DAKOTA,SLOPE,20.160658691327903,3994.68342,1577.49774,46080.3988648997,14528.09358,41.21348314606742
2022,NORTH DAKOTA,STARK,7.582872751510236,5875.20024,2541.50988,49703.93171814677,20413.1928,65.53539823008849
2022,NORTH DAKOTA,STEELE,761.0158221324524,26091.303420000004,6617.0559,27073.943549573552,35451.52338,147.9090909090909
2022,NORTH DAKOTA,STUTSMAN,2943.156550348613,34453.04772,8102.91846,85289.75902030306,69640.6347,127.42168674698796
2022,NORTH DAKOTA,TRAILL,2028.456261790356,53684.7675,17628.8385,32389.59787212593,44038.449,165.273390036452
2022,NORTH DAKOTA,WALSH,13202.575063023362,83563.50366,28184.01222,48416.32412646023,79070.1366,147.3314917127072
2022,NORTH DAKOTA,WARD,3953.2308860396174,25884.505920000003,8587.236840000001,76179.65049161729,74229.28421999999,92.90801186943621
2022,NORTH DAKOTA,WELLS,814.1663357205648,19643.2782,5552.12112,48228.31063762144,53681.47512,140.67297581493165
2022,OHIO,ADAMS,0.2090054226369436,3275.2083,3028.45452,22026.06602345524,13541.44428,161.24183006535947
2022,OHIO,ALLEN,20.40622838724744,19299.07434,6234.954180000001,14049.735856317631,35939.73474,184.57463884430177
2022,OHIO,ASHTABULA,9.921145204014212e-05,5922.26544,3317.9328,25581.23032342109,15285.53754,140.84577114427861
2022,OHIO,ATHENS,7.278452628474484e-05,523.43928,1246.49616,18767.16540866472,5848.93764,102.6923076923077
2022,OHIO,AUGLAIZE,14.000753364145432,17192.420700000002,5543.13396,14665.052754790917,30558.51708,186.87411598302688
2022,OHIO,BROWN,35.40931126960178,7523.76534,3700.88082,18413.92793601265,15537.45648,154.97630331753555
2022,OHIO,BUTLER,18.708404909386186,8721.73302,3834.74364,12403.193413434728,18060.51156,158.55371900826447
2022,OHIO,CARROLL,18.382014455679936,4060.66752,2892.40224,14847.368871404427,15813.48678,125.33333333333333
2022,OHIO,CHAMPAIGN,142.00661318540838,21327.00024,7864.00524,15952.6603380521,44586.08154,187.36094674556213
2022,OHIO,CLARK,78.77302294328153,17935.390199999998,6994.81692,13645.22196805096,37772.00154,187.91599353796445
2022,OHIO,CLERMONT,6.029395414399692,4793.89092,2140.92606,14294.723138080588,9350.47932,169.17241379310346
2022,OHIO,CLINTON,37.45031501787805,20976.68118,6476.14968,15092.35615607268,34564.22424,188.33333333333334
2022,OHIO,COLUMBIANA,7.453011754578422e-05,9108.16998,5019.63462,19217.258328191103,27182.6373,148.62745098039215
2022,OHIO,COSHOCTON,0.4271015107274328,6631.69962,4816.0203,21017.629998742894,26479.37292,149.51417004048582
2022,OHIO,CRAWFORD,48.82055194927057,20802.8184,7256.84232,14653.65799668546,39127.86696,199.2948717948718
2022,OHIO,DARKE,70.47757449955895,27914.62128,9535.71528,22362.211367447104,53184.88812,181.79545454545453
2022,OHIO,DEFIANCE,127.5707891477013,19808.3067,5111.646540000001,15183.514214669964,28737.84186,160.81330868761552
2022,OHIO,DELAWARE,13.532574408215869,17307.57756,4841.382,14340.302167887658,25137.1575,179.3002915451895
2022,OHIO,ERIE,0.8497542434484086,2797.4528399999995,3550.33224,8887.910760083167,16249.14018,177.99242424242425
2022,OHIO,FAIRFIELD,179.17702882718677,17629.30806,7875.70602,17422.584041703678,38138.43306,183.30373001776198
2022,OHIO,FAYETTE,120.02818962997588,22339.044,7631.88972,14989.803339950997,40480.0851,173.2349323493235
2022,OHIO,FRANKLIN,13.10330731317687,8848.4214,3006.2213999999994,7640.18482692263,15334.7922,179.0990990990991
2022,OHIO,FULTON,132.7055336925285,20773.77666,7320.23292,14881.553144122889,43555.90512,192.66584766584768
2022,OHIO,GALLIA,6.863046102670344e-05,819.22386,2513.14518,17696.058213282857,12123.111,140.32258064516128
2022,OHIO,GEAUGA,5.8399970553793984e-05,1658.79714,1532.6438400000002,15058.171883354216,8258.3319,100.33333333333333
2022,OHIO,GREENE,63.419806940907634,16856.06286,6394.59366,13348.958275031337,33846.3762,184.05693950177937
2022,OHIO,GUERNSEY,7.62315166356937e-05,1992.50142,3120.54834,19655.956493534184,16856.73444,134.375
2022,OHIO,HAMILTON,7.513463555550146,1396.38954,769.9473600000001,6198.748015992564,3548.6560199999994,148.27586206896552
2022,OHIO,HANCOCK,38.06676781098317,28972.29972,9233.29134,19268.53473363718,50053.90572,181.80267965895248
2022,OHIO,HARDIN,57.11280221789226,25113.88698,7704.37122,17382.702393346208,43808.54478,184.5422116527943
2022,OHIO,HENRY,23.578376623438576,21764.60286,7271.284020000001,15456.98839787032,41457.96564,194.35504469987228
2022,OHIO,HIGHLAND,36.96535856633526,17199.85722,5466.552000000001,20721.36630601379,25422.579,175.55555555555554
2022,OHIO,HOCKING,11.971618790834532,1480.57182,852.48072,15690.580918477262,4263.64302,162.4
2022,OHIO,HOLMES,6.595561068679281,7147.003500000001,5655.74646,15753.252084643562,30463.16364,101.15384615384616
2022,OHIO,HURON,3.02772979080455,20545.98546,7735.8372,18168.94065424969,40795.70586,167.30700179533213
2022,OHIO,JACKSON,219.7101389788036,1838.0271,2323.9125,15565.238586870984,11655.38556,132.22222222222223
2022,OHIO,JEFFERSON,5.707420504806606e-05,954.58272,2126.943,14716.329161980168,11500.61094,141.2
2022,OHIO,KNOX,14.246475996424085,15022.7532,6393.58356,19610.377462274468,32621.720040000004,176.7717996289425
2022,OHIO,LAKE,2.1190152011715653e-05,127.94418000000002,646.48584,5463.786166345745,2978.7849,140.8
2022,OHIO,LAWRENCE,2.2077633992617405,139.04981999999998,570.04584,16550.885102635653,2873.79456,144.84615384615384
2022,OHIO,LICKING,46.71680632458107,19150.2675,7232.68728,23820.740308199485,35416.22448,174.78515625
2022,OHIO,LOGAN,92.2211345983101,19985.96418,6268.172820000001,16932.609469461877,34907.996759999995,173.21005917159763
2022,OHIO,LORAIN,0.0877169131265732,5501.54514,2422.70028,14682.144889261705,11254.13562,170.521327014218
2022,OHIO,LUCAS,1.927890360451129,8385.82836,2827.50468,7913.659002859748,16169.63166,187.4
2022,OHIO,MADISON,178.2217636138691,25062.1917,8078.9436,16812.964515673582,44258.68902,178.66150442477877
2022,OHIO,MAHONING,5.0732626710644e-05,6307.4466,3059.44002,13081.181477638516,16294.80762,148.7248322147651
2022,OHIO,MARION,95.62762912662436,21070.26012,5879.9013,14642.263239451588,32214.819,186.77100494233937
2022,OHIO,MEDINA,0.0163141263532029,7097.14278,2686.0360800000003,13958.577795250849,13183.6341,156.61870503597123
2022,OHIO,MERCER,53.12339325244861,18713.29824,6672.2838,17052.25442673653,34714.630860000005,174.89523809523808
2022,OHIO,MIAMI,23.2818525329502,18281.78352,6958.85736,14328.907410799056,36910.65924,168.7057220708447
2022,OHIO,MONTGOMERY,6.888821274409275,10750.77276,4260.25236,10859.203787254564,21590.16678,162.42331288343559
2022,OHIO,MORGAN,6.151551946915607e-05,1250.05608,1566.49584,15861.50227262737,8348.127059999999,140.71428571428572
2022,OHIO,MORROW,21.923331325225348,16253.966819999998,5371.12758,15183.51421423417,27538.78218,174.85260770975057
2022,OHIO,MUSKINGUM,2.0411153035742657,7080.189480000001,4278.8928,24635.46546618243,22530.963,162.8235294117647
2022,OHIO,NOBLE,5.837787444513048e-05,815.44008,1107.38082,15052.474500306704,5764.62432,137.77777777777777
2022,OHIO,OTTAWA,8.489316204525698,9645.46674,2325.70338,9657.056882448447,11280.15252,177.4431818181818
2022,OHIO,PAULDING,138.83398889754582,21781.94928,5769.86592,15872.89704206348,31581.24606,174.24193548387098
2022,OHIO,PICKAWAY,268.48037676448934,25147.29126,9848.90634,18413.92793310736,49692.21894,176.23529411764707
2022,OHIO,PIKE,420.0213897297057,3018.4681800000003,1643.3235,16567.97723245797,7977.81348,167.52212389380531
2022,OHIO,PORTAGE,6.597893003778273e-05,5325.67308,2823.1749,17012.372776345353,14626.15518,152.53623188405797
2022,OHIO,PREBLE,0.6105609465555834,19055.20344,7385.41986,15741.85732755496,38658.62364,166.82892906815022
2022,OHIO,PUTNAM,41.20217903153872,23675.51004,6844.99998,17929.650738247743,37010.883,175.13020833333334
2022,OHIO,RICHLAND,6.881886130023074,12162.734219999998,4811.79972,17422.584041703678,24343.65024,169.89247311827958
2022,OHIO,ROSS,366.8103745928653,15193.28538,6324.71658,25564.138195051422,30074.116800000003,169.27272727272728
2022,OHIO,SANDUSKY,57.97930981406768,20341.80876,6368.83338,14813.184600138611,33348.63714,189.77198697068403
2022,OHIO,SCIOTO,720.7539711046603,1145.7100200000002,1418.33874,22584.409137938143,7077.50316,167.125
2022,OHIO,SENECA,66.06271185430359,29840.36874,9443.048159999998,20288.36552400876,48473.24664,188.931475029036
2022,OHIO,SHELBY,29.63003018675253,16619.0661,5298.58056,14949.921688542963,29070.29034,170.84931506849315
2022,OHIO,STARK,65.29362042191065,10859.5578,5928.32604,16801.56976439556,31454.96718,142.37113402061857
2022,OHIO,TRUMBULL,8.206488484174169e-05,7732.49022,2867.82678,21160.06446264099,14773.19844,166.5
2022,OHIO,TUSCARAWAS,37.6392138216833,4698.2208,4250.90484,20527.65543260221,23344.62312,119.25438596491227
2022,OHIO,UNION,172.86466727691578,21629.62074,5131.477260000001,16072.3052918404,27135.74136,176.01532567049807
2022,OHIO,VAN WERT,66.40690427388049,22601.79558,7046.79066,15075.264020439774,39426.4689,189.14431673052363
2022,OHIO,WARREN,3.485086987343004,9426.24774,3394.0998000000004,12260.758945469215,16624.67352,169.8918918918919
2022,OHIO,WASHINGTON,9.119057075471348e-05,1139.76408,2605.76862,23513.08186535449,12811.60608,156.74698795180723
2022,OHIO,WAYNE,4.522098069074379,16433.16948,9668.64444,20134.53629851885,48223.6755,123.45779220779221
2022,OHIO,WILLIAMS,305.7368273192351,19240.97994,5855.42958,15827.318009060587,32865.49266,181.5210355987055
2022,OHIO,WOOD,56.975954263176014,31610.34786,10014.31704,21729.802331597737,53276.95464,175.3457738748628
2022,OHIO,WYANDOT,31.88369790070707,21939.75966,7233.4626,15200.606356113463,40006.3482,191.9359331476323
2022,OKLAHOMA,ALFALFA,692.8473282694204,9964.76208,5027.944740000001,32748.532729132898,24613.82196,34.58620689655172
2022,OKLAHOMA,CADDO,514.9962622039261,12494.86056,8708.46522,47647.178006564456,37708.474440000005,70.84507042253522
2022,OKLAHOMA,CREEK,11.672420284491356,675.5057400000001,3063.34392,36184.05206746615,11883.93024,30.0
2022,OKLAHOMA,ELLIS,0.0001802157244829,2329.14318,1702.0458,46467.82061041549,7325.58372,116.53846153846153
2022,OKLAHOMA,GARFIELD,3599.055013291444,21968.28816,14416.0107,39494.22910164816,51485.68698,9.25438596491228
2022,OKLAHOMA,GARVIN,475.4249831489989,620.67642,2277.2131200000003,30144.83065884889,7341.91458,54.464285714285715
2022,OKLAHOMA,GRANT,2957.818456037769,17864.5467,8650.68204,37830.594519064936,46437.46926,16.066666666666666
2022,OKLAHOMA,NOBLE,814.263599239378,4803.54966,5279.06652,27746.23422879781,16472.284920000002,33.523809523809526
2022,OKLAHOMA,OTTAWA,1400.1746917124062,3191.59386,4520.21934,17992.321903251923,12458.72628,8.826530612244898
2022,OKLAHOMA,TEXAS,7.2122355191403,29704.4475,24312.50094,76401.84826443256,127050.42714,134.02877697841726
2022,OKLAHOMA,WAGONER,1596.844456463887,3204.3102000000003,6365.60652,21296.80155642014,18906.5877,33.94827586206897
2022,PENNSYLVANIA,ADAMS,25.06903147439201,10694.9115,5105.716980000001,18596.24405088299,28415.13948,104.96268656716418
2022,PENNSYLVANIA,ARMSTRONG,9.51236750613308e-05,4088.57358,2433.40188,24527.21526512479,15727.4481,113.89312977099236
2022,PENNSYLVANIA,BEAVER,5.636713011280458e-05,2441.9031,1844.67192,14534.01304420454,10866.74862,106.81818181818181
2022,PENNSYLVANIA,BEDFORD,3.786087647736706,7349.8425,5538.49296,38075.581800827895,30260.75598,97.52
2022,PENNSYLVANIA,BERKS,960.818845129874,15196.353900000002,9074.40534,28948.38113026284,45782.919,78.52272727272727
2022,PENNSYLVANIA,BLAIR,6.838571797461536,3946.9794,2517.81894,18522.178122543817,13848.02874,101.6872427983539
2022,PENNSYLVANIA,BRADFORD,0.0001675546639206,9180.92994,8664.56682,43203.22262579656,57180.608940000006,70.57692307692308
2022,PENNSYLVANIA,BUCKS,61.96391486836452,4056.02106,3346.42308,15200.606351319726,16525.10496,75.14563106796116
2022,PENNSYLVANIA,BUTLER,0.0001088895402725,6664.21938,3926.69004,28076.6821999107,26412.40056,103.65714285714286
2022,PENNSYLVANIA,CAMBRIA,0.0282357864032374,7689.76572,2977.14144,24698.13662581181,11978.64486,101.70212765957447
2022,PENNSYLVANIA,CARBON,48.89633099822848,1317.0393600000002,904.6128,14163.683428656332,4673.44878,83.21428571428571
2022,PENNSYLVANIA,CENTRE,126.81751543968204,5616.423540000001,3623.31606,40502.66511880675,20038.26006,116.62280701754386
2022,PENNSYLVANIA,CHESTER,34.30789773154619,11879.08722,6887.5989,21319.59106623941,39673.64856,130.67193675889328
2022,PENNSYLVANIA,CLARION,8.714698597520102e-05,4604.68008,2422.29624,22470.46156850474,15605.471699999998,104.31521739130434
2022,PENNSYLVANIA,CLINTON,21.90768535769618,1874.3361,1319.5728,33255.599433230724,7266.64848,68.125
2022,PENNSYLVANIA,COLUMBIA,0.0092499119939049,8017.769760000001,3799.49934,18026.506187736835,20630.39706,75.04901960784314
2022,PENNSYLVANIA,CRAWFORD,0.0066276017914331,8484.72534,5312.53086,38058.48965938441,31771.69086,91.94444444444444
2022,PENNSYLVANIA,CUMBERLAND,110.91324406818894,9922.23414,6165.60126,17918.255988131845,29768.83182,90.22556390977444
2022,PENNSYLVANIA,DAUPHIN,141.95310294637343,6295.88778,3387.28026,17547.92637258363,16557.43362,57.189542483660134
2022,PENNSYLVANIA,ELK,0.0001210423907574,345.08838,288.42996,31210.240483240214,1728.97998,80.22222222222223
2022,PENNSYLVANIA,ERIE,0.2214469889586159,14047.16586,6681.36924,27598.102392020737,26705.3241,127.24550898203593
2022,PENNSYLVANIA,FAYETTE,13.925031500062811,1923.15396,3703.97118,28902.8021135296,23268.35238,82.76470588235294
2022,PENNSYLVANIA,FRANKLIN,419.28794426479726,14063.50218,8853.89232,27432.87840406743,42120.95706,98.56842105263158
2022,PENNSYLVANIA,FULTON,6.261063977102971,2155.87008,1730.8800600000002,16624.951023856855,8927.1273,88.85964912280701
2022,PENNSYLVANIA,HUNTINGDON,7.349047438286777,4698.60846,3167.9739,33130.25709944547,17791.26804,62.76679841897233
2022,PENNSYLVANIA,INDIANA,0.000119937586131,6650.957040000001,4007.72736,30925.37153888383,25247.83716,104.9624060150376
2022,PENNSYLVANIA,JEFFERSON,9.437240797747455e-05,3382.95048,2109.47646,24333.504398976445,14569.06542,98.41666666666667
2022,PENNSYLVANIA,JUNIATA,6.782275740230006,3952.17732,2296.3777200000004,14625.171103818682,12575.43924,59.152542372881356
2022,PENNSYLVANIA,LACKAWANNA,5.9107045489055456e-05,425.60154,953.78556,15240.488001129845,4934.305740000001,53.5
2022,PENNSYLVANIA,LANCASTER,443.0872551599657,23917.73748,15449.79618,30771.54231673502,84559.01454,91.84962406015038
2022,PENNSYLVANIA,LAWRENCE,5.055585797542018e-05,4461.52434,2497.95546,13035.602447831448,15682.7853,125.15527950310559
2022,PENNSYLVANIA,LEHIGH,310.31943335120604,7175.70672,3886.85934,9315.2141610744,19242.00642,91.83673469387755
2022,PENNSYLVANIA,LUZERNE,0.0001204016040631,3555.6066,1925.78022,31045.016492672134,9458.42352,99.92592592592592
2022,PENNSYLVANIA,LYCOMING,86.19083048481066,6629.0406,3905.09028,45732.85876774138,24390.57894,92.64044943820225
2022,PENNSYLVANIA,MCKEAN,0.0001423651192836,177.62472,413.85708,36708.21091242641,2379.21684,58.27272727272727
2022,PENNSYLVANIA,MIFFLIN,79.50316908219685,3971.04162,2660.81088,15166.42207860126,15050.4081,60.67567567567568
2022,PENNSYLVANIA,MONROE,1.1859206884728113,844.96776,667.31574,20869.49814961832,3513.2643,92.41379310344827
2022,PENNSYLVANIA,MONTGOMERY,0.513629283282136,3630.5997,2750.7480000000005,7571.816282066761,12224.71068,93.71428571428571
2022,PENNSYLVANIA,MONTOUR,9.829937886704188,3239.37978,1408.1067,4814.284994718203,7225.04328,96.875
2022,PENNSYLVANIA,NORTHAMPTON,35.54512017696424,6673.441320000001,4322.49636,11144.072721732937,22069.87146,82.47826086956522
2022,PENNSYLVANIA,NORTHUMBERLAND,86.680498778669,8353.658039999998,4066.86462,16790.17500730696,21653.1042,62.97658862876254
2022,PENNSYLVANIA,PERRY,6.671899367903537,4878.09504,2711.403240000001,20590.326590778943,13918.88316,59.16230366492147
2022,PENNSYLVANIA,SCHUYLKILL,259.9819572066223,7062.25884,3269.85204,28127.95859954619,14780.70048,80.0
2022,PENNSYLVANIA,SNYDER,82.99414031180324,5243.440019999999,2800.6524000000004,12363.31176217196,15228.12018,61.15853658536585
2022,PENNSYLVANIA,SOMERSET,52.768415846026,8517.043080000001,6293.223300000001,40257.677847212326,34701.01908,94.49056603773585
2022,PENNSYLVANIA,SULLIVAN,6.578006521136018e-05,709.254,548.36418,16961.09636799398,3530.32134,71.06666666666666
2022,PENNSYLVANIA,TIOGA,0.0001650357094338,7569.208920000001,5332.60728,42553.72144850368,36900.934980000005,92.825
2022,PENNSYLVANIA,UNION,246.5565361994352,4571.21574,2161.57578,11246.625539888328,11368.29876,48.608695652173914
2022,PENNSYLVANIA,VENANGO,9.923354813697468e-05,1821.87096,1042.4778,25586.92770341804,7192.69278,91.07692307692308
2022,PENNSYLVANIA,WASHINGTON,0.0001164022114885,1904.89026,6185.977980000001,30013.790958721576,38624.4768,81.89189189189189
2022,PENNSYLVANIA,WESTMORELAND,24.76435282537805,5840.9442,5185.995360000001,34520.41750057152,32850.01902,98.83116883116882
2022,PENNSYLVANIA,WYOMING,5.915123767708675e-05,1070.23644,1559.6217,15251.8827596711,9637.85004,51.83870967741935
2022,PENNSYLVANIA,YORK,76.45336859236458,18300.28746,9489.56736,29011.052298608112,52644.87228,142.40793201133144
2022,SOUTH CAROLINA,ALLENDALE,902.687332075444,1051.41582,3886.2096,15496.870036785584,22359.15318,72.20588235294117
2022,SOUTH CAROLINA,ANDERSON,40.3074875695921,1640.34234,4621.704360000001,25923.073049153085,17526.785640000002,41.166666666666664
2022,SOUTH CAROLINA,BAMBERG,351.5989669393626,968.4129,4250.56086,14710.631783435863,22742.43426,104.28571428571429
2022,SOUTH CAROLINA,BARNWELL,929.5754410849148,1017.60204,4319.15484,20675.7872808552,24235.43304,142.72727272727272
2022,SOUTH CAROLINA,BERKELEY,0.000157589326514,399.37716,942.52704,40633.7048311363,5081.19066,77.87878787878788
2022,SOUTH CAROLINA,CALHOUN,970.100914163076,2174.4177,5855.06376,14704.934405182094,31531.17786,122.0
2022,SOUTH CAROLINA,CHARLESTON,0.0001064810662642,14.152319999999998,737.30202,27455.667921149936,3526.90884,75.25
2022,SOUTH CAROLINA,CLARENDON,74.46321019675175,8391.21738,9630.43536,23518.77924680409,52917.80130000001,143.6231884057971
2022,SOUTH CAROLINA,COLLETON,40.47800658294723,411.2745,1904.86296,39163.78113039002,9761.9613,46.13636363636363
2022,SOUTH CAROLINA,DARLINGTON,294.36769408809926,14627.00148,5748.7029600000005,20704.274173286183,30715.2573,101.65680473372781
2022,SOUTH CAROLINA,DILLON,758.8254360156137,17687.817420000003,4010.49012,15166.422080053911,17249.89812,127.26457399103138
2022,SOUTH CAROLINA,DORCHESTER,98.69490396766562,560.0049,2228.59182,19684.443383350404,12351.10968,85.60606060606061
2022,SOUTH CAROLINA,EDGEFIELD,55.14006544637505,487.84554,1555.43388,18676.007357766463,6495.4344,62.888888888888886
2022,SOUTH CAROLINA,FLORENCE,73.14376231944117,23815.30788,6651.2355,28475.49870672778,36073.2099,95.98765432098766
2022,SOUTH CAROLINA,GREENVILLE,8.621895009978305e-05,736.57038,2454.82146,22231.17165802284,8834.13804,70.5
2022,SOUTH CAROLINA,HAMPTON,1092.7585306310812,921.05286,3428.1429,21023.32737365557,19952.756460000004,93.71428571428571
2022,SOUTH CAROLINA,HORRY,172.03879580373766,23024.52516,7149.0237,38559.8589945254,37454.31144,112.5
2022,SOUTH CAROLINA,LEE,848.9735953571568,5490.51594,5218.76082,15456.988392495528,27698.0886,145.39622641509433
2022,SOUTH CAROLINA,LEXINGTON,194.95464788120725,1502.47188,5986.74804,23336.46312321788,27487.1142,140.95238095238096
2022,SOUTH CAROLINA,MARION,131.4975016836357,12741.5106,3155.7107399999995,18260.098706600595,13301.11146,121.84782608695652
2022,SOUTH CAROLINA,MARLBORO,726.3518899922334,10784.49372,2298.34878,17941.045497370047,11778.25194,110.18181818181819
2022,SOUTH CAROLINA,NEWBERRY,0.0693326199880915,529.41252,1369.5045,23883.411472186814,5298.8481,27.571428571428573
2022,SOUTH CAROLINA,OCONEE,9.410725486055436e-05,448.52808,1232.56224,24265.13585063422,4542.98208,89.33333333333333
2022,SOUTH CAROLINA,ORANGEBURG,2242.6728659716828,4719.43836,15721.1691,40941.36328269717,83576.24184,137.28434504792332
2022,SOUTH CAROLINA,SUMTER,372.1004062494291,6531.04998,8481.460260000002,24082.819735763893,45587.16162,129.1153846153846
2022,SOUTH CAROLINA,WILLIAMSBURG,0.0001358688682966,12813.615360000002,6435.090480000001,35033.181575369345,36890.24976,73.70588235294117
2022,SOUTH DAKOTA,AURORA,66.98007282654497,10916.22168,5193.95058,26743.495586304965,36592.43406,94.87556561085972
2022,SOUTH DAKOTA,BEADLE,244.52157898151864,20976.369960000004,9870.6972,47499.0461581662,70329.67577999999,114.45569620253164
2022,SOUTH DAKOTA,BON HOMME,145.2995517069641,10631.02404,5074.94442,21382.26223487521,35694.48792,59.33980582524272
2022,SOUTH DAKOTA,BROOKINGS,272.0314507593154,17645.7372,8112.67002,29928.330276053828,55577.2035,166.45806451612904
2022,SOUTH DAKOTA,BROWN,585.8051364768071,30391.56666,13428.373140000002,64727.91931992138,97455.84576,150.93548387096774
2022,SOUTH DAKOTA,BRULE,33.1388963101968,10036.36452,5109.3861,31153.266691115008,35956.68804,75.7936507936508
2022,SOUTH DAKOTA,BUFFALO,2.4573085898586244,2448.42234,1269.5592,17792.91365469523,8927.59686,55.698113207547166
2022,SOUTH DAKOTA,BUTTE,0.000328679365099,4084.46766,7176.69498,84748.50804276043,39679.04304,26.34426229508197
2022,SOUTH DAKOTA,CAMPBELL,0.4763886146036317,3738.95886,1720.6971600000002,28025.40578114384,14604.97584,117.01227830832197
2022,SOUTH DAKOTA,CHARLES MIX,162.1217697776553,18224.67738,8649.6774,41795.97008511544,59460.17532,84.47916666666667
2022,SOUTH DAKOTA,CLARK,189.42659870303152,15152.08968,6608.73486,35443.39284120705,46609.6449,143.66417910447763
2022,SOUTH DAKOTA,CLAY,145.56796777613442,12828.63582,6848.49438,15570.935964311271,39250.70604,104.67281105990783
2022,SOUTH DAKOTA,CODINGTON,247.0008838731238,11385.45954,4878.25338,25700.87528229365,32323.39656,170.77092511013217
2022,SOUTH DAKOTA,CORSON,0.0403821989856585,1704.82494,789.10104,93391.43152384069,5209.21674,60.2112676056338
2022,SOUTH DAKOTA,DAVISON,142.3460260077984,9020.04012,4243.4028,16362.871609947344,29845.806900000003,105.26970954356847
2022,SOUTH DAKOTA,DAY,266.687296946482,14809.46376,5883.21006,38257.897915552974,41468.1267,154.37333333333333
2022,SOUTH DAKOTA,DEUEL,198.50678060107504,10444.23744,4626.9951,23655.51633796848,31175.01114,134.47507953340403
2022,SOUTH DAKOTA,DOUGLAS,96.04817105679464,11003.92566,5235.09714,16431.240147249442,37066.20372,104.26923076923077
2022,SOUTH DAKOTA,EDMUNDS,23.056245875745244,12335.43402,5035.28298,43237.40689793396,39051.9948,130.71280276816609
2022,SOUTH DAKOTA,FALL RIVER,0.0002537515178936,923.88114,1045.7319599999998,65428.69689612341,5583.43968,92.85714285714286
2022,SOUTH DAKOTA,FAULK,7.605624789436703,10159.81512,4030.15704,37597.00198378626,30596.76984,133.05791505791507
2022,SOUTH DAKOTA,GRANT,219.390378483066,11288.26608,4881.24546,25831.91499491373,32532.22518,151.1818181818182
2022,SOUTH DAKOTA,HAAKON,0.0002668324042514,1354.8171,686.96082,68801.54508923754,3244.69236,26.532258064516128
2022,SOUTH DAKOTA,HAMLIN,155.21983024279638,11749.95822,5400.61704,19416.666589443936,36535.246020000006,118.24875621890547
2022,SOUTH DAKOTA,HAND,28.55738670403325,13989.43728,6288.70788,54199.1635023561,46700.58666,110.722371967655
2022,SOUTH DAKOTA,HANSON,250.4371675364761,10701.86208,5029.06404,16248.924035574935,35677.86768,102.09806157354618
2022,SOUTH DAKOTA,HUGHES,2.318748851809327,8072.83932,3830.87796,28190.62976672934,26601.26196,108.35255354200989
2022,SOUTH DAKOTA,HUTCHINSON,164.65954012267207,19936.25634,9081.62346,30520.85765177928,64462.02672,70.37288135593221
2022,SOUTH DAKOTA,HYDE,3.790925091941512,4564.03584,1871.15292,32475.05854625212,14326.80522,121.04199066874028
2022,SOUTH DAKOTA,JERAULD,27.430393201227325,4941.75864,2359.38612,20009.19396579403,16961.39718,80.25691699604744
2022,SOUTH DAKOTA,KINGSBURY,178.40314958904676,16538.176199999998,6963.65124,31045.016498337463,48903.37998,140.95302013422818
2022,SOUTH DAKOTA,LAKE,141.78265394152675,13248.75006,5849.16696,21473.42029419881,41420.47182,156.34126984126985
2022,SOUTH DAKOTA,LINCOLN,85.01791390710311,18301.39038,7786.53876,21131.57757238897,53504.76768,112.12056737588652
2022,SOUTH DAKOTA,LYMAN,2.624701550194449,7352.2176,3585.03054,62386.2966829252,22706.32182,78.92857142857143
2022,SOUTH DAKOTA,MARSHALL,429.6867768019503,16852.85784,6680.50656,32828.29601989197,50065.74846,150.24361948955917
2022,SOUTH DAKOTA,MCCOOK,214.552208713801,13568.984519999998,6083.81046,21524.696703712303,43209.99228,101.97692307692307
2022,SOUTH DAKOTA,MCPHERSON,48.12951983953566,5863.4667,2501.10588,43089.27505755432,20542.27812,104.6415552855407
2022,SOUTH DAKOTA,MELLETTE,0.0001908439446488,890.50962,528.9648000000001,49208.259767404255,3487.70604,45.82781456953642
2022,SOUTH DAKOTA,MINER,114.96061827018792,7527.49998,2876.2461,21741.197086550947,15567.1698,113.06264501160094
2022,SOUTH DAKOTA,MINNEHAHA,179.9267721785675,20073.82104,9363.57786,28720.48599284868,61384.87446,147.00296735905044
2022,SOUTH DAKOTA,PERKINS,0.1622411729384089,1847.3637,993.26136,108597.73525954437,6754.980960000001,19.60843373493976
2022,SOUTH DAKOTA,POTTER,0.0001257709543755,9136.98786,4039.19334,32429.479517897704,31602.38172,130.2200956937799
2022,SOUTH DAKOTA,ROBERTS,324.2438534202632,19212.11838,7442.755320000001,42228.97086958998,48451.23738,150.09885931558935
2022,SOUTH DAKOTA,SANBORN,191.85660521590435,10429.77936,5384.51004,21450.630775663663,39250.50948,72.35772357723577
2022,SOUTH DAKOTA,SPINK,126.7001009568343,25785.00288,11559.90108,56842.747211235794,82928.84964,153.3901515151515
2022,SOUTH DAKOTA,SULLY,1.3305291996447652,15700.40472,7012.299840000001,38480.09568491095,49751.42718,126.48979591836735
2022,SOUTH DAKOTA,TRIPP,0.0294560259129053,6123.62478,3526.91976,60859.39918887707,22213.14186,29.318181818181817
2022,SOUTH DAKOTA,TURNER,157.0454609529215,17139.1857,8080.193940000001,23211.12079843903,54621.58338,88.45901639344262
2022,SOUTH DAKOTA,UNION,181.83724194118253,19451.37012,10567.08198,17251.66268450301,58495.944780000005,129.4763948497854
2022,SOUTH DAKOTA,WALWORTH,0.2804837627075939,5575.391640000001,2433.5929800000004,26766.285094845905,20417.124000000003,143.8858695652174
2022,SOUTH DAKOTA,YANKTON,135.67315050401734,10575.56682,5217.761640000001,19559.101051163063,32842.36956,79.41463414634147
2022,SOUTH DAKOTA,ZIEBACH,0.0002871387125774,542.93694,274.84002,74037.43610410749,1189.2152999999998,33.86666666666667
2022,TENNESSEE,BEDFORD,937.4369360151844,9298.90416,8619.57096,17627.68966929858,35809.85226,116.26506024096386
2022,TENNESSEE,BLEDSOE,321.245397200808,272.51952000000006,1114.8774,15223.395868547495,3468.0828,162.0
2022,TENNESSEE,BLOUNT,2.230515959082228,568.25496,4314.47562,19707.232897527607,21412.88604,125.16666666666667
2022,TENNESSEE,CANNON,69.69866774713527,1965.71466,2172.57222,9902.044167261967,9905.76132,159.67741935483872
2022,TENNESSEE,CARROLL,70.43426583964,11338.132259999998,5180.35518,22459.066805605544,26394.07134000001,120.37037037037037
2022,TENNESSEE,CHEATHAM,10.817202076961465,1268.96952,906.27264,11565.67874417987,4590.55506,137.64705882352942
2022,TENNESSEE,CHESTER,7.856081240150867,3283.42014,1178.35536,10785.137864290187,6445.51362,120.83333333333333
2022,TENNESSEE,COFFEE,369.6307566409476,4252.60836,3162.5412,15684.88353920664,17602.42848,174.3181818181818
2022,TENNESSEE,CROCKETT,362.7267287155498,12236.53158,4178.9475,9970.412710955718,19690.43622,103.1413612565445
2022,TENNESSEE,DE KALB,0.022787192719397,557.0510400000001,1085.28966,12169.600886726666,4517.45112,153.5
2022,TENNESSEE,DECATUR,0.3069498487830412,2375.03448,970.78254,12853.286330346347,5262.38622,111.05263157894737
2022,TENNESSEE,DYER,3107.5366567345827,28559.43636,8291.217480000001,19000.75793624436,35488.4712,104.77611940298507
2022,TENNESSEE,FAYETTE,1244.7498065129157,20518.54896,6857.82552,26236.428871995027,26355.61656,144.85714285714286
2022,TENNESSEE,FENTRESS,306.0188522419069,438.1213200000001,2313.5658000000003,18698.796871943672,11648.02548,150.57142857142858
2022,TENNESSEE,FRANKLIN,330.0535092889713,5828.52816,3243.47478,21040.419504494745,18549.02868,143.69565217391303
2022,TENNESSEE,GIBSON,1142.2186853271346,32932.89636,12312.33276,22145.7109827636,54260.50812,103.26086956521739
2022,TENNESSEE,GILES,289.49330065948527,8023.0332,6529.16082,22806.60690319966,35076.885480000004,153.57615894039736
2022,TENNESSEE,GRAINGER,5.097403241576792,656.8653,3612.61992,11303.599325331355,19986.603,134.83333333333334
2022,TENNESSEE,GREENE,4064.080157262674,2454.60852,10600.78656,23051.59418438156,51367.892940000005,132.35294117647058
2022,TENNESSEE,HARDIN,8.487108848595501e-05,4562.20674,1641.34152,21883.63155374656,8927.93538,116.82539682539682
2022,TENNESSEE,HAWKINS,128.81460159418373,1058.64486,4722.61062,18356.95415202228,25454.14326,120.0
2022,TENNESSEE,HAYWOOD,813.1292334749977,23968.01316,7843.53024,19804.088327551224,37542.22836,135.43956043956044
2022,TENNESSEE,HENRY,53.47303872781936,11121.68148,4835.20128,21319.591072049992,25221.5418,99.63414634146342
2022,TENNESSEE,JACKSON,74.45884218421612,133.01106,688.1292599999999,12049.95593366469,3096.73182,155.8181818181818
2022,TENNESSEE,LAKE,2044.0925477522087,10484.06268,3075.81456,6420.945787064667,13787.30808,145.77464788732394
2022,TENNESSEE,LAUDERDALE,5835.637871830916,18559.2498,5972.80866,17872.676964135364,27221.86194,127.34265734265735
2022,TENNESSEE,LAWRENCE,179.67396250269942,6913.30458,5270.46156,23125.66011417338,29412.44124,117.0909090909091
2022,TENNESSEE,LEWIS,9.145299644159245,706.70964,695.50026,10631.308639381336,3576.27816,95.0
2022,TENNESSEE,LINCOLN,370.79441347262434,10647.72072,6240.79638,21359.47272331276,30533.58672,146.0
2022,TENNESSEE,MACON,295.91775744642695,1326.18486,2803.6008,11634.047289616796,15478.827,122.6
2022,TENNESSEE,MADISON,563.047682236161,13800.1227,5354.65476,19496.42988557781,22395.52224,121.8
2022,TENNESSEE,MARSHALL,330.3175614141376,3776.66016,5335.8396,13924.393525437676,23529.70074,137.2340425531915
2022,TENNESSEE,MAURY,10.078464454783555,4037.81742,6355.46184,22105.82933150083,28798.77546,86.81818181818181
2022,TENNESSEE,MCMINN,216.90227710222936,1152.24018,3498.55506,15838.712764260752,16861.39728,130.35714285714286
2022,TENNESSEE,MCNAIRY,222.3546734184868,4481.12028,1752.10308,20972.05096777371,9694.80876,124.24242424242425
2022,TENNESSEE,MEIGS,5.307930603087107,348.92130000000003,1183.65156,7890.869489554128,5731.64046,162.6315789473684
2022,TENNESSEE,MONTGOMERY,548.6562290796277,6721.03068,4338.55422,17821.400549973398,23315.89806,128.22085889570553
2022,TENNESSEE,OBION,1637.0696203907112,29634.36294,12350.53092,20630.208240008007,54536.35278,128.57142857142858
2022,TENNESSEE,OVERTON,69.19158277694042,376.2759,1818.86796,16248.924028166432,7095.29184,180.0
2022,TENNESSEE,PERRY,2.4009614934234182,733.77486,631.39986,15855.804904542134,3696.64932,93.75
2022,TENNESSEE,RHEA,216.847067969354,477.1494,1618.1474400000002,12369.009140716262,8129.2575,107.14285714285714
2022,TENNESSEE,ROBERTSON,720.6635101146284,13285.386659999998,6854.38572,17365.610254808,35361.84834,101.53846153846153
2022,TENNESSEE,RUTHERFORD,1612.0910176990776,7076.84796,7459.32642,19616.07483791347,29992.276859999994,138.63636363636363
2022,TENNESSEE,SEQUATCHIE,0.0530786239684204,209.37462,443.66322,9959.017954593435,1911.06552,148.1818181818182
2022,TENNESSEE,SEVIER,8.37883800228499e-05,553.0870799999999,3392.93682,21604.460006528367,15110.32068,132.0
2022,TENNESSEE,STEWART,44.61570958272009,1030.23648,672.8958600000001,18003.716664262673,3647.27454,91.66666666666667
2022,TENNESSEE,SULLIVAN,5.415752093659137e-05,839.2238400000001,4757.96412,13964.275175247796,25562.85732,83.18181818181819
2022,TENNESSEE,SUMNER,230.43971079768244,6970.3998,5918.13768,17969.532396483213,29039.9655,122.9245283018868
2022,TENNESSEE,TIPTON,4660.594467242143,19614.56952,5707.87308,16835.75403566138,25856.3214,128.62745098039215
2022,TENNESSEE,VAN BUREN,150.53271596869868,274.67076,727.17918,10289.465918007289,3479.9583,164.33333333333334
2022,TENNESSEE,WARREN,246.7979176183294,1186.49622,2107.35798,15952.6603380521,10077.025140000002,169.33962264150944
2022,TENNESSEE,WASHINGTON,4.184999781775986e-05,1174.08564,6683.356680000001,10790.835243270283,35475.71118,109.0909090909091
2022,TENNESSEE,WEAKLEY,328.90128123391264,24999.12324,10657.74528,21490.51242678117,47296.5402,120.65217391304348
2022,TENNESSEE,WHITE,315.54292936655185,273.75348,1016.00226,14146.591293023426,3632.4288,135.48387096774192
2022,TEXAS,BELL,14.016501292066508,4280.792879999999,2992.2219600000003,36873.43489602178,11049.21636,56.00263852242744
2022,TEXAS,BEXAR,134.89701872684063,2483.0169,4671.42858,29751.71152534659,20188.3227,45.45454545454545
2022,TEXAS,BURLESON,679.6942265871278,7165.39278,20238.53832,25062.768871095806,98018.31312,79.2
2022,TEXAS,CALDWELL,7.846322190535918e-05,5180.120400000001,6638.74302,20231.391741616288,32997.1551,35.5
2022,TEXAS,CALHOUN,346.4902118614956,7382.59158,3329.96664,18778.560173888145,17753.954400000002,67.22433460076046
2022,TEXAS,CAMERON,3025.9426731522226,50327.11866,43847.1033,31329.88542715051,166562.63442,79.76744186046511
2022,TEXAS,COLLIN,8.034751076602966,1142.35758,2197.89024,23843.52982673464,7353.446100000001,50.423280423280424
2022,TEXAS,COLORADO,2503.1522090971234,21972.077399999995,32563.44546,36429.03936302926,155223.1044,59.55357142857143
2022,TEXAS,COOKE,82.86972012437579,539.1913800000001,2367.82728,32606.098261457908,7946.6478,11.625
2022,TEXAS,CORYELL,0.0001507616341623,450.49368,768.64788,38873.21481678627,3920.94612,13.858585858585858
2022,TEXAS,DALLAM,61.32813333536896,47452.60338,43214.24562,56819.95769884535,209587.90398,100.14314928425358
2022,TEXAS,DE WITT,20.90371150240083,14765.19954,26845.6734,33996.25865270596,156415.11521999998,52.765957446808514
2022,TEXAS,DEAF SMITH,49.21634880149156,24535.58562,22275.87726,55925.46924207017,106519.16184000002,58.850267379679146
2022,TEXAS,ELLIS,119.9492425796404,3122.4921,3345.66414,33682.90282550607,11160.13626,52.52450980392157
2022,TEXAS,FALLS,606.2447230522206,27826.25118,31302.81882,28760.367637865056,155368.47144,64.53560371517028
2022,TEXAS,FAYETTE,0.0001387192641711,3905.27592,15940.63926,35768.14343591101,84973.77252,46.493506493506494
2022,TEXAS,FORT BEND,927.1193486205754,24101.41188,15009.523620000002,26293.40266324864,84413.04144,64.33179723502305
2022,TEXAS,GONZALES,0.0001554901978073,8292.7845,18293.77914,40092.453858387424,109686.66618,44.8
2022,TEXAS,GRAY,0.0001344768145516,5398.28562,4890.24354,34674.24672722355,23690.006340000004,76.46341463414635
2022,TEXAS,GRAYSON,0.0001346756793549,1794.2870400000002,7069.193040000001,34725.52312961906,26476.06962,48.64321608040201
2022,TEXAS,GUADALUPE,9.892420286582592e-05,2774.70102,3479.15568,25507.16440525045,15311.5326,29.310344827586206
2022,TEXAS,HALE,275.9679145498726,48377.03052,46515.2142,37357.712084199215,219020.97126,81.9927536231884
2022,TEXAS,HAYS,9.081493719306708e-05,244.1712,287.14140000000003,23416.226427196045,1105.7319,25.103448275862068
2022,TEXAS,HIDALGO,3974.2891719343606,75024.34758,66368.76246,47305.33528228512,262047.49116,79.24731182795699
2022,TEXAS,HILL,85.945027640341,4139.66826,5170.38522,36053.01236094719,24960.73398,43.35046248715314
2022,TEXAS,HUTCHINSON,46.91711251249131,8429.51928,7131.562620000001,33306.87583272094,36152.42904,127.74058577405857
2022,TEXAS,JACKSON,2085.792122813016,31791.06294,18187.04706,31654.636011584265,98576.78922,50.437017994858614
2022,TEXAS,JIM WELLS,770.9366566745223,20691.59274,14230.33794,32133.21582194372,80452.38474,52.20183486238532
2022,TEXAS,LAMAR,7797.850295940459,5148.01014,16484.1495,34611.57555292242,60347.43624,33.388429752066116
2022,TEXAS,LAVACA,207.31374242444903,14587.49292,24489.0282,36332.18391993182,134993.27478,50.09090909090909
2022,TEXAS,LEE,0.6966322593063683,8201.247599999999,16163.77308,23803.64818302564,86460.77622,36.666666666666664
2022,TEXAS,LIMESTONE,609.7352406717307,8218.51212,24101.46102,34924.931387821336,115054.28844,95.31468531468532
2022,TEXAS,MATAGORDA,2004.7800846536247,42059.9634,16922.70762,41066.70560863813,88173.58368,78.99777282850779
2022,TEXAS,MCLENNAN,28.312698969922067,6130.16586,5627.802180000001,37209.58023304094,24724.82376,33.53135313531353
2022,TEXAS,MILAM,162.87240814326003,28150.72806,33178.62366,38451.60879433935,164178.0231,60.82262210796915
2022,TEXAS,MOORE,251.1181536280081,26362.52892,23291.08782,33717.08710388986,116459.08092,86.14624505928853
2022,TEXAS,NAVARRO,123.50413933317051,4769.70312,13466.6805,38730.78034794919,59131.95834,30.391061452513966
2022,TEXAS,OCHILTREE,0.0001323997819098,14548.486680000002,10631.06226,34138.6931262351,57797.44698,152.5581395348837
2022,TEXAS,PARMER,303.453416336984,39108.888,38256.27078,33261.296801359545,171013.23876,12.826086956521738
2022,TEXAS,ROBERTSON,257.12691703918307,13894.990199999998,28734.129060000003,32326.92670494278,139326.59286,76.47058823529412
2022,TEXAS,SAN PATRICIO,494.52240310189336,14978.29788,8323.436940000001,25472.980139940497,64027.77108,29.791666666666668
2022,TEXAS,SHERMAN,215.3386653513782,32508.05922,28344.98394,34754.01002148352,140974.76484000002,140.77433628318585
2022,TEXAS,TOM GREEN,26.534800712952567,4043.676,2567.35752,57121.91876397405,16623.52692,80.14084507042253
2022,TEXAS,VICTORIA,732.1967084074358,19159.54404,13507.75608,32423.78213235164,66178.8309,65.09043927648578
2022,TEXAS,WALLER,869.5357000725966,10907.3601,21692.66736,18983.66580351676,105490.60158,51.0
2022,TEXAS,WHARTON,3889.8082669789433,54481.91112,32043.28218,40599.520560306286,168958.34592,71.67386609071275
2022,TEXAS,WILLIAMSON,41.71639904888588,7016.82618,6167.33754,36787.9742164046,29824.52928,44.91209927611168
2022,TEXAS,WILSON,730.5410851513889,6373.32696,11994.4188,30036.58047144614,71119.14264,39.516129032258064
2022,VIRGINIA,ACCOMACK,293.8523252850509,9013.44444,4561.91736,15639.304509399568,20931.9474,143.77777777777777
2022,VIRGINIA,AMELIA,5.38481756524849e-05,1530.8202,948.13992,13884.511873739117,3996.64902,101.64179104477611
2022,VIRGINIA,APPOMATTOX,4.976039867367357e-05,408.95946,1362.1662600000002,12830.496815442812,6093.91146,116.28571428571429
2022,VIRGINIA,AUGUSTA,1468.1555594707847,2547.18828,12803.8365,35722.5643981144,61554.69684,117.72727272727273
2022,VIRGINIA,BEDFORD,14.042446629886705,1217.9895,6867.22218,28788.854529569715,30359.73486,55.38461538461539
2022,VIRGINIA,BRUNSWICK,1.177283147593341,1932.39228,698.66706,21439.23601915612,3054.08922,108.42857142857143
2022,VIRGINIA,CAMPBELL,7.11715115877993e-05,725.3610000000001,2366.5278,18351.25676476209,10460.51916,97.6923076923077
2022,VIRGINIA,CAROLINE,39.84799635748482,2949.14256,1231.96164,19701.53551898332,5915.57694,149.31034482758622
2022,VIRGINIA,CHARLES CITY,7.096707509634258,1586.50674,651.0777,7093.236471852566,3245.72976,157.84615384615384
2022,VIRGINIA,CHARLOTTE,6.940382423330764e-05,1027.22802,1859.80704,17895.46646611033,8783.1198,111.47058823529412
2022,VIRGINIA,CHESTERFIELD,4.191628609698991e-05,754.75218,392.33376,10807.92738035584,1734.0141,129.16666666666666
2022,VIRGINIA,CULPEPER,5.453315449823776e-05,2151.27822,3785.77836,14061.130613406238,20503.73598,155.31645569620252
2022,VIRGINIA,CUMBERLAND,4.366187734112794e-05,494.41392,816.5702999999999,11258.020295524286,4076.78544,91.73913043478261
2022,VIRGINIA,DINWIDDIE,7.346950511753997e-05,2361.48822,908.96988,18943.784144990743,3962.80794,118.28125
2022,VIRGINIA,ESSEX,35.46933776222085,3479.92554,1411.9887600000002,9736.820185845572,7498.403639999999,157.24137931034483
2022,VIRGINIA,FAUQUIER,67.20416287205076,2571.4634400000004,7319.41392,23900.503607819726,36220.25316,113.53658536585365
2022,VIRGINIA,FRANKLIN,345.82563118785214,1183.14924,4782.49044,26994.180245987587,25278.99192,66.19047619047619
2022,VIRGINIA,FREDERICK,5.5834159211429375,981.04188,4149.39798,14630.868480910336,20990.44038,154.44444444444446
2022,VIRGINIA,GLOUCESTER,3.100081675748259e-05,824.80398,322.5495,7993.422305385282,1768.40664,149.28571428571428
2022,VIRGINIA,GREENSVILLE,36.19246284432195,4125.53232,1328.34702,11047.217284155557,7495.8429,133.68421052631578
2022,VIRGINIA,ISLE OF WIGHT,4.5606333417322326e-05,8344.39788,3375.49758,11759.389620496751,19777.031820000004,116.36363636363636
2022,VIRGINIA,KING AND QUEEN,10.69918671113801,3221.8422599999994,1311.37734,12044.258555265656,6834.88806,148.8
2022,VIRGINIA,KING WILLIAM,69.15910196047828,3883.47414,1692.9767399999998,10819.322137153917,8374.154879999998,154.33070866141733
2022,VIRGINIA,LEE,6.345997556788562e-05,698.37768,3616.61118,16362.871603410427,18690.76482,89.57142857142857
2022,VIRGINIA,LUNENBURG,6.253193973077745e-05,1494.04164,799.82448,16123.58170280654,3397.79622,89.0625
2022,VIRGINIA,MADISON,0.217606711055312,1829.62416,2853.3687,12049.955934100484,15445.253460000002,134.32835820895522
2022,VIRGINIA,MECKLENBURG,9.54551164800162e-05,3201.56382,1635.4065,24612.67595636316,6093.65484,107.5
2022,VIRGINIA,MIDDLESEX,1.9334080299189527e-05,1033.26132,407.40882,4985.206355259962,2211.4911,172.1818181818182
2022,VIRGINIA,NORTHAMPTON,275.4828201622713,8128.75518,2507.87628,6250.024425215524,9225.94218,149.672131147541
2022,VIRGINIA,NORTHUMBERLAND,2.9498282515967463e-05,2727.6522,985.67742,7606.0005540589,5278.54236,164.16
2022,VIRGINIA,ORANGE,4.8434633164002e-05,2319.38616,2969.6230200000005,12488.654093051911,15744.93648,171.61764705882354
2022,VIRGINIA,PAGE,22.78072245091884,1335.03552,3789.80238,11571.37612417682,18136.23084,87.41935483870968
2022,VIRGINIA,PITTSYLVANIA,57.0040839254074,1344.1701,5290.5489,36685.42140405981,22287.48522,29.4
2022,VIRGINIA,POWHATAN,3.80052778534024e-05,807.09174,597.6679800000001,9799.491351866604,2817.1088400000003,128.9655172413793
2022,VIRGINIA,PRINCE GEORGE,3.734239509490464e-05,2109.43824,771.88566,9628.569989726935,3900.624,148.6206896551724
2022,VIRGINIA,ROCKINGHAM,812.1988258296419,4251.09594,11441.44092,31255.81949881133,53099.16066,96.04651162790698
2022,VIRGINIA,SHENANDOAH,7.331483249041625e-05,2521.40616,5036.65344,18903.90249808592,23693.10762,131.10236220472441
2022,VIRGINIA,SOUTHAMPTON,19.75190679344849,18003.71664,7116.70596,22379.30350627584,40881.90288,147.2
2022,VIRGINIA,STAFFORD,46.54791260581171,591.00678,412.90704,8472.002116180536,2257.8465,147.85714285714286
2022,VIRGINIA,SURRY,4.07451932313434e-05,4477.5276,1640.82282,10505.966309227704,8623.01076,150.0
2022,VIRGINIA,SUSSEX,7.245308494155218e-05,6237.04536,2000.71326,18681.704736891825,10270.19994,135.13513513513513
2022,VIRGINIA,WASHINGTON,8.1070560732164e-05,917.2527,5132.7003,20903.68242669472,28378.366380000003,17.870967741935484
2022,VIRGINIA,WESTMORELAND,16.191093298810305,3842.30574,1345.39314,8585.949689971885,6031.54188,162.14953271028037
2022,WASHINGTON,ADAMS,240.09758654553377,27075.4848,11221.30464,72709.94687402865,52906.24248,137.14285714285714
2022,WASHINGTON,FRANKLIN,832.5402063500635,49942.46712,21928.73592,46154.46478277981,72017.36178,173.91304347826087
2022,WASHINGTON,GRANT,2352.915743914423,69004.94328,35910.21252,101248.11674445322,155178.66546000002,179.59420289855072
2022,WASHINGTON,YAKIMA,5768.331401275493,21597.78894,19654.42206,159372.7742077622,106683.14202,47.7037037037037
2022,WISCONSIN,ADAMS,105.256819481552,31707.4485,11481.98688,24903.242261832067,35798.75754,171.1764705882353
2022,WISCONSIN,BARRON,20.0647883804154,22437.624300000003,12390.90216,33130.257099445465,64781.63874,131.2814895947426
2022,WISCONSIN,BAYFIELD,0.0002188175968188,321.17904,678.81996,56421.1411882078,3844.62078,90.04761904761905
2022,WISCONSIN,BROWN,2.2629660677364227,8241.6789,5206.17006,17103.53083450684,33403.82682,94.06113537117903
2022,WISCONSIN,BUFFALO,14.951738623293584,9903.33162,5750.4174,26059.81014264171,32808.01524,128.41867469879517
2022,WISCONSIN,BURNETT,0.0001273176807717,3514.05054,1949.9298,32828.29601916566,12125.31684,95.1006711409396
2022,WISCONSIN,CALUMET,15.149745327434037,6506.52912,3801.91266,11816.363407682957,22374.02076,104.14012738853503
2022,WISCONSIN,CHIPPEWA,38.56964307261537,20491.1343,11767.98168,38582.64850579731,70621.66566,121.12485939257593
2022,WISCONSIN,CLARK,31.235393381850304,16768.206,11878.27368,45675.88497532564,76671.41118000001,91.10126582278481
2022,WISCONSIN,COLUMBIA,166.09383565135215,19005.36456,10213.08288,29444.05308395424,62631.85656,173.65040650406505
2022,WISCONSIN,CRAWFORD,6.635602805154087,4815.94932,2847.06786,21490.512421406373,15538.51572,162.4431818181818
2022,WISCONSIN,DANE,567.2466631189277,31467.317700000003,16325.7003,40126.63812471425,95933.07906,161.88397790055248
2022,WISCONSIN,DODGE,355.7194098911766,24692.942820000004,12804.42618,32691.558938460337,77567.49,171.54794520547946
2022,WISCONSIN,DOOR,7.068539755832821e-05,1504.0389,1881.73986,18225.91443083157,11098.70034,133.1438127090301
2022,WISCONSIN,DUNN,126.06351795305592,20444.71338,12075.97482,32378.20310254457,69413.9355,150.4392523364486
2022,WISCONSIN,EAU CLAIRE,32.118624928916226,10553.39922,6175.3419,23307.976224685768,37762.43016,143.96990740740742
2022,WISCONSIN,FOND DU LAC,204.08428147719093,18535.02924,9980.39952,26828.956268202808,57463.96656,128.125
2022,WISCONSIN,GRANT,117.33406014342432,26975.20098,16978.4706,43345.65709535997,92169.39186,185.1216216216216
2022,WISCONSIN,GREEN,210.652631904528,18110.01192,9612.1935,21729.802332178788,54483.964080000005,177.67567567567568
2022,WISCONSIN,GREEN LAKE,42.89075194823659,9606.19842,5427.1854,13633.827211543412,32764.88124,178.77479338842974
2022,WISCONSIN,IOWA,70.55230683549222,15503.21136,8954.782200000001,28868.617840956405,50452.81332,162.29974160206717
2022,WISCONSIN,JACKSON,0.019645896020818,8522.6232,5035.7307,37619.79150464565,28403.4114,145.05219206680584
2022,WISCONSIN,JEFFERSON,347.03844888987294,18001.723739999998,8034.75582,20328.247177741025,44246.02182,165.31026252983293
2022,WISCONSIN,JUNEAU,3.4266547169025543,14931.84966,6283.49358,29592.18492247449,28862.38992,140.60367454068242
2022,WISCONSIN,KENOSHA,80.42702915001114,5328.00996,2347.24854,8329.567648215027,13493.123280000002,153.60902255639098
2022,WISCONSIN,KEWAUNEE,0.0076094509348695,312.12636,4038.86028,12750.733513934132,25784.604300000003,80.71301247771837
2022,WISCONSIN,LA CROSSE,1.015442494450888,5437.3956,3325.20552,16134.976457280376,19073.13408,152.57328990228012
2022,WISCONSIN,LAFAYETTE,97.5966897713037,20472.9798,10755.46836,23587.14777931245,59995.80132,188.03018867924527
2022,WISCONSIN,LANGLADE,0.0001306320945608,29502.96258,8597.141280000002,33682.90282899242,16130.65818,67.734375
2022,WISCONSIN,LINCOLN,0.3183712065929217,11732.05488,3988.51362,33831.03466852952,11852.098440000002,111.14583333333333
2022,WISCONSIN,MANITOWOC,29.44975967550097,7056.78792,6880.8558,21342.38058186926,39805.14174,83.7094682230869
2022,WISCONSIN,MARATHON,33.532480601052505,33804.1431,17760.46818,57748.6304212791,102534.9234,91.17488789237669
2022,WISCONSIN,MARINETTE,0.7979660902479933,5222.36988,2665.3809,53139.45107057072,19737.23388,81.0594315245478
2022,WISCONSIN,MARQUETTE,61.71599621904663,10695.359219999998,5302.14594,17331.425983251658,28694.87712,126.78571428571429
2022,WISCONSIN,MILWAUKEE,6.142713512689622e-06,826.8132600000001,262.23834,1583.8712764260754,1424.77608,187.2
2022,WISCONSIN,MONROE,146.28739066056042,13267.77816,8109.017280000001,33819.63992451475,47497.56102,111.32743362831859
2022,WISCONSIN,OCONTO,0.3941677786617908,10161.51864,5880.87864,38104.06869790736,44738.78682,98.7378640776699
2022,WISCONSIN,OUTAGAMIE,70.38067623864794,13373.997,6954.61494,22094.43456569634,42675.25626,157.68098159509202
2022,WISCONSIN,OZAUKEE,0.7388092963901646,3969.29442,1859.39208,7554.724145852793,10445.74986,115.25316455696202
2022,WISCONSIN,PEPIN,26.74352990706158,4879.0014,2683.66644,8876.516002413502,16145.14356,140.55172413793105
2022,WISCONSIN,PIERCE,92.66664795647252,14029.43178,7434.10668,21593.06524740605,46459.95354,146.74786845310598
2022,WISCONSIN,POLK,185.8262351005316,12692.90022,7225.851360000001,35471.87974071243,43946.81382,135.55891238670694
2022,WISCONSIN,PORTAGE,25.46794746707937,66491.1429,24693.60348,30059.369976907463,79802.93412,136.49298597194388
2022,WISCONSIN,PRICE,0.0001875958191613,667.24476,602.52192,48370.74510043005,3914.14296,66.11904761904762
2022,WISCONSIN,RACINE,27.109418665415465,8046.43476,3334.80966,10488.874171706357,19065.59928,171.05074626865672
2022,WISCONSIN,RICHLAND,13.655484429936314,8302.46508,4897.6746,22026.06603071848,28015.33098000001,133.4573304157549
2022,WISCONSIN,ROCK,459.036316442332,23225.4477,11232.9672,25512.861789605347,63577.61592,193.07167235494882
2022,WISCONSIN,RUSK,0.0001357583878558,6326.906039999999,3754.5417,35004.694686569994,23116.9302,115.9915611814346
2022,WISCONSIN,SAUK,138.28623438945553,17245.91778,9539.64102,31204.54309627056,54069.6156,156.22641509433961
2022,WISCONSIN,SAWYER,0.0001936943404589,608.76816,405.87456,49943.22161134216,2620.80546,140.62025316455697
2022,WISCONSIN,SHAWANO,0.0001311624007417,13093.58232,6775.587,33819.63991202198,46784.58876,109.19354838709677
2022,WISCONSIN,SHEBOYGAN,16.14619113704247,9686.46588,5468.10264,18351.256772025325,30833.3298,103.35205992509363
2022,WISCONSIN,ST CROIX,70.67031616486354,18092.5836,9891.510720000002,26589.66635772092,59695.44126,138.8586387434555
2022,WISCONSIN,TAYLOR,1.533982384220323,7577.01126,4345.5594,36731.00043168789,28001.04216,99.36
2022,WISCONSIN,TREMPEALEAU,17.418704374420248,13637.11986,8002.31796,27404.391515268064,45434.58192,150.51162790697674
2022,WISCONSIN,VERNON,8.530556171072803,12781.68528,7377.20802,29973.909299905044,41908.86336,140.78048780487805
2022,WISCONSIN,WALWORTH,253.3777763881828,14763.583380000002,6642.96906,20316.85241484184,38116.9425,185.63106796116506
2022,WISCONSIN,WASHBURN,0.0001233845764538,2688.8589,1741.0465800000002,31814.162616490063,10129.938,129.50819672131146
2022,WISCONSIN,WASHINGTON,7.246137524990945,9699.77736,4655.212380000001,14847.368871404427,26973.86874,125.42056074766356
2022,WISCONSIN,WAUKESHA,59.100176895587374,9304.73544,3964.18932,15827.318007172144,23166.157560000003,176.0203045685279
2022,WISCONSIN,WAUPACA,58.89951800664012,15829.102379999998,8299.336500000001,28315.972098771417,48762.9051,123.51254480286738
2022,WISCONSIN,WAUSHARA,102.21019584228608,37943.653020000005,14347.777080000002,23911.8983724621,51182.73888,160.30054644808743
2022,WISCONSIN,WINNEBAGO,214.58740924438268,12961.97994,5485.1706,15798.831112997985,28633.61592,123.21212121212122
2022,WISCONSIN,WOOD,76.94428632832414,24501.9411,10384.57602,29700.43511699521,43171.26996,121.26684636118598
2023,ALABAMA,BALDWIN,8390.298966478093,4704.6636,10736.17818,58984.96160461429,48433.77084,183.11111111111111
2023,ALABAMA,BARBOUR,560.2159328706922,1034.8883999999998,4264.79508,33278.38893506044,29860.73454,181.8181818181818
2023,ALABAMA,BLOUNT,288.7171306706619,4093.83702,5293.6338000000005,24470.24147822912,30915.38814,142.27272727272728
2023,ALABAMA,CALHOUN,0.0222646095487693,683.1825000000001,1840.68066,21638.64427343624,11828.25462,174.54545454545453
2023,ALABAMA,CHEROKEE,6.568242395805947e-05,1125.89022,2353.4238,21997.579124632608,15854.92818,148.8095238095238
2023,ALABAMA,CHILTON,7.791388290721546e-05,606.38214,2854.6081200000003,26093.99441855599,20470.82856,135.66666666666666
2023,ALABAMA,COFFEE,2087.0915280567224,2111.18544,8130.99378,25011.492460274945,57049.356,107.53424657534246
2023,ALABAMA,COLBERT,326.9240257345201,4593.74916,2948.69484,22385.00088162432,23772.49056,166.66666666666666
2023,ALABAMA,COVINGTON,242.87027473416768,1165.7373,4211.61468,38907.39909604167,37055.67138,135.0
2023,ALABAMA,CULLMAN,185.58049056681,16615.790100000002,13678.29918,28008.31365737908,54346.60686,170.0
2023,ALABAMA,DALE,3375.413437010987,1184.90736,4743.44598,20806.82697836776,35257.83534,137.5
2023,ALABAMA,DALLAS,1736.68509844096,1350.7494,3656.45826,36936.106068725,26370.86088,129.47368421052633
2023,ALABAMA,DE KALB,61.57640416452059,14695.4535,12930.918,29096.5129811306,70863.98046,170.07692307692307
2023,ALABAMA,ELMORE,75.36330939098872,787.77426,2917.36536,23239.607687964726,22552.37712,129.6969696969697
2023,ALABAMA,ESCAMBIA,608.0535770322488,1115.81652,3415.49754,35169.918672053805,24997.38696,161.55555555555554
2023,ALABAMA,ETOWAH,232.9260540318771,1533.9269399999998,2724.49632,19530.61415829629,18457.5573,136.66666666666666
2023,ALABAMA,FAYETTE,7.049675343068299e-05,502.25994,861.50064,23609.93730394873,6478.4538,131.46153846153845
2023,ALABAMA,FRANKLIN,98.9373027366142,3710.92722,2848.66218,24065.727595191976,20727.98364,156.66666666666666
2023,ALABAMA,GENEVA,6950.22544019271,2432.42454,9321.84708,21484.81505608116,68475.09396,134.35185185185185
2023,ALABAMA,HENRY,4048.455221621549,1210.9242600000002,4891.0407,20829.616500243985,42775.11966,154.82758620689654
2023,ALABAMA,HOUSTON,12493.815979415054,2402.15976,8737.46328,20464.984258446344,70493.25738,159.58333333333334
2023,ALABAMA,JACKSON,51.72168408425552,15412.0785,7884.4311,41676.325132344,47349.24558,161.50627615062763
2023,ALABAMA,LAUDERDALE,368.58503361636747,7080.97026,4019.93046,25450.190615449486,29768.75538,152.75229357798165
2023,ALABAMA,LAWRENCE,797.4670173147027,11048.40282,6650.91882,26236.42888071091,51364.53504,167.90697674418604
2023,ALABAMA,LIMESTONE,204.8050630849982,8305.08588,3530.07018,20977.748346318007,25528.59582,178.21561338289962
2023,ALABAMA,MACON,264.0747081321181,533.03796,2328.9193200000004,22818.00166653465,16302.56082,134.58333333333334
2023,ALABAMA,MADISON,424.0119038570442,11387.72544,4849.51194,25222.29547658268,36401.15934,196.97885196374622
2023,ALABAMA,MARENGO,122.6862419206422,962.24856,1677.93444,36731.00042631311,9889.76898,112.12121212121212
2023,ALABAMA,MARION,1.7304228529624108,1184.52516,1488.61986,27831.694910884504,10425.1329,136.8
2023,ALABAMA,MARSHALL,422.5679343511695,8018.7744,6769.65744,21593.065237818584,39977.06076,169.07692307692307
2023,ALABAMA,MONROE,3322.34806171798,555.7188,2505.63222,38707.99084001837,21726.36102,178.38709677419354
2023,ALABAMA,MORGAN,449.4407210424847,10561.91682,6449.275560000001,21160.064468451583,38237.78868,171.75438596491227
2023,ALABAMA,PERRY,557.4312720655244,833.11956,1303.65144,27039.75926707877,7939.50612,99.8360655737705
2023,ALABAMA,PIKE,120.48768563485773,1312.5621600000002,5288.59422,24863.36061274828,37951.57002,141.66666666666666
2023,ALABAMA,RANDOLPH,6.472976513023038e-05,759.46962,3930.74682,21678.52591859789,26649.6594,141.27272727272728
2023,ALABAMA,TALLADEGA,8.354477705142312e-05,1295.59248,4449.283020000001,27979.82676175226,30194.19858,170.23809523809524
2023,ALABAMA,TUSCALOOSA,0.0001444468951189,842.89842,2915.51442,48376.442482024926,22086.07674,163.2
2023,ARKANSAS,ARKANSAS,20800.21849243929,73918.01508,41588.75448,38508.58258573824,172272.02538,181.18466898954705
2023,ARKANSAS,ASHLEY,4973.450691369527,26141.03856,12155.15574,34605.87818047924,59748.09204,175.39379474940336
2023,ARKANSAS,CHICOT,10404.62821971376,53525.046120000006,25473.5481,24874.75537216112,124095.27312,175.71759259259258
2023,ARKANSAS,CLAY,49013.68207975611,57331.90008,44744.459760000005,23832.135070227097,248877.74184000003,180.75060532687652
2023,ARKANSAS,CRITTENDEN,20548.38061381094,43489.52244,17859.85656,22675.56719682596,86304.88776,184.83870967741936
2023,ARKANSAS,CROSS,38688.9985986173,49146.846840000006,23450.6454,23330.765738427184,99948.85992,187.8707224334601
2023,ARKANSAS,DESHA,11504.5813422242,47680.0779,20749.46874,29341.500259407203,92080.1427,189.76377952755905
2023,ARKANSAS,DREW,4083.4211243054847,16291.31868,7237.68864,31147.569315040204,30230.31648,188.04054054054055
2023,ARKANSAS,GREENE,40346.81358992293,43000.3938,24716.19696,21359.47272476541,123246.40146,187.76173285198556
2023,ARKANSAS,JACKSON,43956.40656631721,47799.1332,24476.634,24020.14856233435,121097.49288,182.26130653266333
2023,ARKANSAS,JEFFERSON,18564.214150064257,41591.1951,23238.70458,33016.309515485584,107106.43398,173.757225433526
2023,ARKANSAS,LEE,10641.563704600623,41503.4802,20886.23082,22823.699047984253,100604.32746,187.73694390715667
2023,ARKANSAS,LINCOLN,9049.350208288295,26165.2209,11690.77182,21689.92068658136,50308.40724,179.90049751243782
2023,ARKANSAS,LONOKE,23341.34202,47753.15454,25725.15582,29404.171429786184,101376.34416,168.3743842364532
2023,ARKANSAS,MISSISSIPPI,31881.41142724481,57875.31750000001,28398.9615,33722.78447429934,141860.08745999998,189.59322033898306
2023,ARKANSAS,MONROE,12602.042950782352,43857.72846,25376.45838,23097.17321506021,128825.92086,159.4006309148265
2023,ARKANSAS,PHILLIPS,19331.269022831308,54441.053940000005,32179.79856,26259.218388205943,162504.41298,185.4394299287411
2023,ARKANSAS,POINSETT,58121.07331669773,66091.17606,32250.84954,28600.841040077223,138468.41189999998,185.5710306406685
2023,ARKANSAS,PRAIRIE,17912.84508,45431.37144,22011.71154,25216.598089322484,89577.84654,187.98507462686567
2023,ARKANSAS,SAINT FRANCIS,19239.079941933807,42269.4363,16740.66576,23980.266912669496,73060.74048000001,182.74576271186442
2023,ARKANSAS,WHITE,5893.295188593925,20215.03302,11744.94048,38673.80656250616,46528.76046,181.1904761904762
2023,ARKANSAS,WOODRUFF,22343.28360999781,43190.27622,23224.12638,22253.961166244204,125855.30958,153.45454545454547
2023,ARKANSAS,YELL,238.5138389319736,1577.1701400000002,3569.02182,35329.44526998689,17811.19704,135.0
2023,CALIFORNIA,COLUSA,27588.6855122278,33846.490860000005,29854.17708,43613.43389246226,151713.50376,207.77777777777777
2023,CALIFORNIA,GLENN,17398.720826972934,45037.77642,40392.8343,49493.128701693786,187392.27234,97.87234042553192
2023,CALIFORNIA,SACRAMENTO,10556.948113302304,19503.644160000003,40737.03816,25233.69023512393,180245.59098,83.30827067669173
2023,CALIFORNIA,SAN JOAQUIN,97459.53042,45303.79308,124128.86304,48439.11364165432,569940.25998,74.10714285714286
2023,CALIFORNIA,YOLO,28357.91173018361,19969.61694,47426.58648,36172.65732069135,249665.52156,151.64556962025316
2023,COLORADO,BENT,230.06685699802225,7272.80736,7004.84148,57184.589941093305,43224.54318,99.23076923076923
2023,COLORADO,BOULDER,66.17472622466693,2761.40592,3167.31324,24658.25498617023,20748.57876,74.91304347826087
2023,COLORADO,DELTA,719.625486580966,4343.30988,7169.24754,42793.011354627626,53625.8814,204.3181818181818
2023,COLORADO,ELBERT,0.0002080368719888,939.64416,652.6720200000001,69673.24402246595,2916.89034,43.26086956521739
2023,COLORADO,KIOWA,17.938878148551098,7715.91912,3560.31312,66807.46254122129,37069.47972,72.25225225225225
2023,COLORADO,KIT CARSON,0.0971426747925897,33113.32206,20210.02074,81278.80442386444,158641.67592,76.9364406779661
2023,COLORADO,LARIMER,9.43234375835215,7519.68672,7516.28514,95385.5140640272,48701.68758,31.239669421487605
2023,COLORADO,LOGAN,14.067986464353297,20695.62768,12013.09746,69473.83578169542,86502.63804,127.06878306878306
2023,COLORADO,MORGAN,39.589879394130485,23458.46412,14046.28134,48444.81102353969,112396.52424,79.72927241962775
2023,COLORADO,PHILLIPS,5.225715614842299,22857.73854,13359.78462,25900.283540394248,91343.89992,97.1353711790393
2023,COLORADO,PROWERS,198.22870845019747,15348.988199999998,10662.35352,61560.17676924819,64850.2764,83.33333333333333
2023,COLORADO,PUEBLO,8.221643170294115,931.7763,5203.92054,88149.84313263444,32126.22504,131.21951219512195
2023,COLORADO,SEDGWICK,0.0097816675941601,10074.8193,5749.00872,20652.997763395004,41459.5545,104.9507735583685
2023,COLORADO,WASHINGTON,0.5880431868644895,18362.67342,9591.161579999998,94895.5395073287,82743.12228,81.11111111111111
2023,COLORADO,WELD,431.0494122271598,55126.9719,36287.99538,147436.76580300208,245801.4741,68.44444444444444
2023,COLORADO,YUMA,9.813923706465792,41356.62258,26095.938960000003,89397.56906840976,181024.78758,129.58963282937364
2023,DELAWARE,KENT,391.0289808481488,28364.49798,11358.48168,19963.614937831822,63287.26404,191.42105263157896
2023,DELAWARE,NEW CASTLE,85.42544857772124,11351.460120000002,4306.334760000001,10095.755043433584,25800.684,188.23529411764707
2023,DELAWARE,SUSSEX,688.6029813609211,35683.33314,21549.11304,33044.79640965975,137868.62544,182.14851485148515
2023,GEORGIA,BAKER,21216.858185959976,2484.2945400000003,13405.299179999998,13098.27361433186,90211.52868,182.1359223300971
2023,GEORGIA,BANKS,2.614708252984875e-05,311.75508,1303.24194,8756.871049642057,8018.64336,150.33333333333334
2023,GEORGIA,BERRIEN,17916.102723452335,1924.30056,9807.377579999998,17012.372775328502,65112.8205,162.8235294117647
2023,GEORGIA,BROOKS,16992.174067655167,1793.70828,8292.648,18641.82307749423,55115.1237,80.35714285714286
2023,GEORGIA,BULLOCH,12009.342131807183,2602.1541,9079.3521,25324.848288927475,62506.52772,109.56521739130434
2023,GEORGIA,BURKE,5414.139045213376,2294.63052,8348.96244,31329.885427586305,55373.44722,170.16460905349794
2023,GEORGIA,CALHOUN,8600.1547247882,1703.3616599999998,7803.595799999999,10523.058444860617,53940.0771,209.0082644628099
2023,GEORGIA,CLAY,1579.541109932747,468.69186,2164.60062,7742.737643189583,17287.976160000002,188.38709677419354
2023,GEORGIA,COFFEE,13533.585316996312,2107.66374,9919.16562,22219.77689512365,70189.94892,153.76623376623377
2023,GEORGIA,COLQUITT,33410.31612,2404.16904,10849.30938,20618.81348640576,71483.04617999999,175.37037037037038
2023,GEORGIA,COOK,17038.86042,1264.4759399999998,5865.26304,8694.199883911551,39046.63854,169.14893617021278
2023,GEORGIA,EARLY,19939.78206805068,3051.82878,15035.19108,19650.25911106773,102223.12464,171.82692307692307
2023,GEORGIA,EMANUEL,2823.0129403707147,1106.07588,4572.76092,25945.862560715526,29652.8778,160.52631578947367
2023,GEORGIA,FLOYD,5.486294153484668e-05,652.4427000000001,2878.1407200000003,18374.046277486646,20735.0871,118.06451612903226
2023,GEORGIA,FRANKLIN,2.9736564908130183e-05,657.03456,1616.2855800000002,9959.017954012375,8776.75344,159.5
2023,GEORGIA,GORDON,3.859969438428005e-05,836.0625000000001,2568.61878,12927.352254037052,16541.66514,164.8
2023,GEORGIA,GRADY,10598.621115746117,2000.44026,10473.57402,17092.13607669192,76456.7622,174.0
2023,GEORGIA,HALL,3.713668260857165e-05,414.37032,2281.25898,12437.377686153188,14702.081939999998,65.58333333333333
2023,GEORGIA,IRWIN,24513.76422503728,2805.17874,14382.68286,13559.761287126392,99733.95978,195.84
2023,GEORGIA,JEFF DAVIS,3939.6516806007503,876.0843,3948.51912,12460.167200039872,25907.53074,141.3846153846154
2023,GEORGIA,JEFFERSON,2593.410692124245,1519.26138,5776.2159,19992.10183592813,36802.30554,192.30769230769232
2023,GEORGIA,JENKINS,3038.2503208209373,885.38814,3468.86358,13200.826430409968,22627.80702,177.2549019607843
2023,GEORGIA,JOHNSON,3.429571787992185e-05,433.0053,1256.9466000000002,11485.915443397516,7151.14764,154.375
2023,GEORGIA,LAURENS,23.699729323953736,1359.5891399999998,4815.68724,30566.436684782177,30704.78502,164.32432432432432
2023,GEORGIA,LOWNDES,10625.12868826981,1046.27796,5033.91798,17998.019283394136,34397.0991,144.85714285714286
2023,GEORGIA,MACON,3359.9128972996746,1240.66488,5301.94392,15046.777133819382,32330.445420000004,110.78947368421052
2023,GEORGIA,MILLER,25112.836504766565,3032.74608,16978.989299999997,10608.519124811912,110868.849,190.71428571428572
2023,GEORGIA,PIERCE,159.88635394539716,842.47254,4323.828600000001,12858.983708600124,29515.02372,168.44155844155844
2023,GEORGIA,RABUN,4.24953885235684e-05,58.31826,320.20716,14232.051972931144,1842.26952,108.5
2023,GEORGIA,RANDOLPH,3768.2755458666607,1177.4708400000002,4831.4448,16117.884319090808,34029.3681,164.34426229508196
2023,GEORGIA,SCREVEN,6624.127391475146,1927.75128,7633.1892,24612.675954619983,51863.56812,162.5
2023,GEORGIA,SUMTER,8262.733512187144,2031.05994,9425.06838,18277.190838747152,64580.62884,185.42986425339367
2023,GEORGIA,TATTNALL,4427.750118935005,1394.33658,5901.7959,18225.914430541045,36973.36188,135.57692307692307
2023,GEORGIA,TAYLOR,13.616440262080555,498.40518,1748.81616,14306.117896331314,8656.3386,101.9
2023,GEORGIA,TERRELL,4372.954389864955,1772.06484,7886.5878,12585.50953135562,58109.496900000006,161.4835164835165
2023,GEORGIA,THOMAS,13758.55896,1478.0165399999998,7336.07784,20328.247180646325,50541.69666,108.62068965517241
2023,GEORGIA,TIFT,22781.86158310274,1791.2895,8308.6731,9674.149020986652,54295.04262000001,183.33333333333334
2023,GEORGIA,TURNER,17915.075459999996,1745.3599800000002,7366.47912,10910.480196477523,49087.89522,142.5
2023,GEORGIA,WALKER,4.843249444743399e-05,941.45688,2084.28402,16220.43713689757,12769.9299,151.78571428571428
2023,GEORGIA,WALTON,3.368329434836563e-05,411.97338,1103.78814,11280.809811154146,3841.15368,59.25
2023,GEORGIA,WARE,67.14843668756613,378.41076,1996.2033,33631.626421657915,13608.59682,61.111111111111114
2023,GEORGIA,WASHINGTON,297.8407926145981,824.87496,2690.688,25615.41460035224,15604.101240000002,197.69230769230768
2023,GEORGIA,WILCOX,11322.98552014538,1530.67278,6405.56826,14340.30216846872,41740.57524,156.15384615384616
2023,GEORGIA,WORTH,38681.49066,3228.07212,13315.01808,21444.933400750982,89494.60884,175.27777777777777
2023,IDAHO,BINGHAM,1214.3795342088947,85682.95008,27640.46376,78612.43119090046,53005.35786,44.0
2023,IDAHO,CANYON,4460.350877434976,55875.95286,35121.95232,20185.812708322865,137054.16270000002,125.71428571428571
2023,IDAHO,FRANKLIN,513.3097253455489,3743.25588,2407.1720400000004,25011.492452721177,11529.63084,18.103448275862068
2023,IDAHO,GEM,26.759280394580948,10128.573,7347.66396,21029.024760625234,29538.11406,191.66666666666666
2023,IDAHO,GOODING,2314.34056402348,34375.49388,18435.24774,27746.23423141257,80827.20828,49.054054054054056
2023,IDAHO,LINCOLN,1567.1945216687611,40477.0002,15185.7069,45123.23924365783,27441.73068,45.57692307692308
2023,IDAHO,OWYHEE,1561.524621239396,25491.2658,15835.463280000002,289996.5754969791,66512.80272,94.8
2023,IDAHO,PAYETTE,1543.2441765418273,17573.81808,10758.56964,15257.580137924871,44716.854,51.971830985915496
2023,IDAHO,POWER,703.0869734804697,29421.19908,10133.2413,53236.306495364806,29740.89846,119.375
2023,IDAHO,TWIN FALLS,5197.062637305219,88863.56387999999,40841.7828,71815.45841032435,113118.24888,30.88235294117647
2023,IDAHO,WASHINGTON,61.52944178804371,3670.74162,2144.7589800000005,54808.78302065812,8149.63968,169.6969696969697
2023,ILLINOIS,ADAMS,272.7637932871598,37592.87532000001,16359.1701,32002.17610975944,103787.91696,183.4090909090909
2023,ILLINOIS,BOND,84.65139662668106,18762.0615,6939.823800000001,14437.157606336632,45480.83904,191.40397350993376
2023,ILLINOIS,BOONE,218.5247598448862,12881.78892,5567.63298,10238.189509655918,39904.47552000001,210.2836879432624
2023,ILLINOIS,BROWN,158.30216972299854,9812.77206,4463.97042,11616.95515418726,29155.55916,189.94884910485933
2023,ILLINOIS,BUREAU,464.5737753450774,53258.09034,25776.1686,32577.611368881662,179465.22594,220.84126984126985
2023,ILLINOIS,CALHOUN,160.21484532519892,6581.59866,2946.66372,10118.544556957104,17943.17616,195.5399061032864
2023,ILLINOIS,CARROLL,106.54491862466894,20344.8882,11629.50516,17080.74132497811,81434.38212,226.79527559055117
2023,ILLINOIS,CASS,308.63019710763126,19604.342939999995,10403.93172,14385.881197985256,66963.19266,212.8624535315985
2023,ILLINOIS,CHAMPAIGN,266.10658259470944,61167.71934,26487.1152,35813.72245772853,179317.05245999998,215.75327102803737
2023,ILLINOIS,CHRISTIAN,615.7990707043922,53445.2919,23878.6275,26669.429660682246,159116.31371999998,214.415
2023,ILLINOIS,CLARK,264.8589398054344,31100.90802,13462.82574,18841.231338601807,89750.64462,201.74892703862662
2023,ILLINOIS,CLAY,598.881757534073,27505.36698,9780.37242,17468.163076885547,60605.84712,176.2907268170426
2023,ILLINOIS,CLINTON,315.41134015099794,23711.86818,9329.17986,17644.781815535815,59653.87428,148.93
2023,ILLINOIS,COLES,304.9449466571592,34756.225139999995,14384.63208,19063.42910633282,98323.30872,218.28936170212765
2023,ILLINOIS,CRAWFORD,324.1139737216367,28865.47482,12629.880899999998,16767.385491241308,80632.53198,191.5466351829988
2023,ILLINOIS,CUMBERLAND,109.9243582132634,21216.51714,9544.22196,13081.181477202725,63260.66838,202.16332378223495
2023,ILLINOIS,DE KALB,433.8911325467192,38808.48972,17793.293700000002,22516.0405864001,126694.63716,219.11855670103094
2023,ILLINOIS,DOUGLAS,312.3198962999282,28271.46504,12060.49026,15286.067032970624,81046.48734,208.60176991150442
2023,ILLINOIS,EDGAR,509.4869925974744,43608.19554,18282.5097,23233.91031087307,125948.09682,206.30340557275542
2023,ILLINOIS,EDWARDS,189.7960402407976,14585.97504,6406.58928,8192.830559520142,40053.670020000005,182.30248306997743
2023,ILLINOIS,EFFINGHAM,313.8742671499718,24813.42864,10705.91886,17929.65075015945,66948.39060000001,183.00345224395858
2023,ILLINOIS,FAYETTE,594.0177033876972,37084.1016,14577.33732,26942.90383996046,91182.75348,170.1209677419355
2023,ILLINOIS,FORD,155.50402629262447,31014.80928,12882.22572,18077.78258606493,88194.24432,221.03623188405797
2023,ILLINOIS,FRANKLIN,553.9413961217672,21583.56564,7578.2889,15525.35693706087,45199.4907,171.52882205513785
2023,ILLINOIS,FULTON,455.0025128413491,35426.64762,15623.60982,32338.321453170243,104371.74384,198.6542750929368
2023,ILLINOIS,GREENE,662.4666468569794,33051.028920000004,15760.32276,20351.036685817115,103007.94504,200.7981651376147
2023,ILLINOIS,HANCOCK,368.1358897760725,38650.44456,16745.54154,30230.291342824024,110608.37424,201.83536585365854
2023,ILLINOIS,HENDERSON,290.2645453804715,20556.85086,11134.07568,14414.36809128783,73069.25808000001,226.73491379310346
2023,ILLINOIS,HENRY,697.8703732536225,47687.45436,22218.57456,30406.910078278463,152884.68468,221.0482456140351
2023,ILLINOIS,IROQUOIS,370.1509639377632,70619.82018000001,30522.0006,41989.68096215866,208362.26502,214.10742496050554
2023,ILLINOIS,JACKSON,650.6027203847965,18665.07006,5824.94094,21980.486997715583,31081.04454,160.5367231638418
2023,ILLINOIS,JASPER,416.53036941881135,31061.21928,13162.52574,18590.54668025561,84829.25178,189.23809523809524
2023,ILLINOIS,JEFFERSON,398.15062784228775,24708.138,8085.03696,20989.143105876115,47502.42588,153.73646209386283
2023,ILLINOIS,JERSEY,500.0624704546575,17343.49344,7939.795500000001,13736.38002795563,51181.32474,199.0701754385965
2023,ILLINOIS,JO DAVIESS,187.80863251038667,19173.99666,10364.05734,22698.356716377966,72344.44854,203.34710743801654
2023,ILLINOIS,JOHNSON,137.671354828556,6100.872960000001,2053.36404,13155.247400457632,10650.7401,156.55913978494624
2023,ILLINOIS,KANE,439.5897302183213,19838.7735,8732.221679999999,13576.85342406668,61248.4782,206.260162601626
2023,ILLINOIS,KANKAKEE,283.67063462059343,39772.31076,18554.51052,24538.6100222134,129150.1848,205.2173913043478
2023,ILLINOIS,KENDALL,211.67606496198687,17728.55994,7624.82994,10352.137083737798,54169.69194,203.3240223463687
2023,ILLINOIS,KNOX,468.6118204388256,35615.99496,15490.5114,26663.73228664115,105369.537,216.2987012987013
2023,ILLINOIS,LA SALLE,267.62963180533364,66102.64752,28606.6872,41733.29892069232,197965.58964,197.5151515151515
2023,ILLINOIS,LAKE,86.70374178059664,3012.43488,1483.22538,7759.829779258282,10161.18558,190.1098901098901
2023,ILLINOIS,LAWRENCE,348.18153318586195,26370.30396,12441.06318,13901.60400893623,77374.24422,183.710292249047
2023,ILLINOIS,LEE,515.0298577200947,45801.54306,22579.71534,27233.47014702728,158317.23726,205.48290598290598
2023,ILLINOIS,LIVINGSTON,422.9597240126021,66311.39424,27511.11636,39055.53093877459,189054.45468,217.83247863247863
2023,ILLINOIS,LOGAN,423.88685300967046,38531.56944,17310.777120000002,23006.015157189253,116433.27696,208.954802259887
2023,ILLINOIS,MACON,403.4611599932555,34201.85496,14771.57682,20652.99776493481,99413.31582,222.8519855595668
2023,ILLINOIS,MACOUPIN,866.0263870127393,50414.28756,23206.46874,32081.939415480792,150804.66491999998,196.8370786516854
2023,ILLINOIS,MADISON,142.2735056868136,32867.27808,13038.98232,24253.741094998262,86576.30436,187.03225806451613
2023,ILLINOIS,MARION,575.6584740486263,27198.44946,9750.72462,21308.19631626877,60337.0677,155.78397212543555
2023,ILLINOIS,MASON,509.59365926461305,36551.68062,23981.31372,20527.6554235958,143960.69688,205.29365079365078
2023,ILLINOIS,MASSAC,212.2854223007588,10511.46096,4791.15546,8990.463576059588,25563.96024,172.78225806451613
2023,ILLINOIS,MCDONOUGH,173.86427539091775,30196.3389,13032.474000000002,21838.052529314285,88454.71908,221.49433962264152
2023,ILLINOIS,MCLEAN,508.2650272993682,72011.21381999999,30976.58928,42952.53795822606,211433.5587,220.83516483516485
2023,ILLINOIS,MENARD,211.2306940090621,18084.15882,8640.51552,11901.824088462265,56688.6957,211.63870967741934
2023,ILLINOIS,MERCER,1197.4364647007906,30981.31218,14453.29704,21251.222522255128,96315.61758,223.8273381294964
2023,ILLINOIS,MONROE,196.17784060376349,18059.80176,7732.08618,14482.736636288966,43078.717500000006,152.17821782178217
2023,ILLINOIS,MONTGOMERY,700.590708200047,44538.32292,20223.68712,26242.126263467897,131651.61828,200.28025477707007
2023,ILLINOIS,MORGAN,533.5373796337934,32247.43158,14610.5778,21029.024759463115,97224.48372,197.7471264367816
2023,ILLINOIS,MOULTRIE,226.255889174387,24243.74862,10468.9221,12608.299046259155,69798.87642,217.90341578327445
2023,ILLINOIS,OGLE,557.2472380388695,40514.373900000006,19914.6948,28458.40656673692,140981.90652,213.8165137614679
2023,ILLINOIS,PEORIA,410.81878932635937,26273.034059999994,12067.16238,21308.1963120561,81547.23486000001,217.46153846153845
2023,ILLINOIS,PERRY,409.4120696885554,22134.75264,8276.1042,16533.792964242715,48689.32068,162.96511627906978
2023,ILLINOIS,PIATT,220.2000372137817,27310.93092,11668.78986,16465.424415174173,79001.14404,221.056
2023,ILLINOIS,PIKE,719.6476344056159,37451.78892,18282.52062,31648.93863347576,119809.06392000002,187.47909967845658
2023,ILLINOIS,POPE,11.779421018603625,3984.5169,1360.28256,13981.367311200289,6890.30706,158.96103896103895
2023,ILLINOIS,PULASKI,719.9127694846501,9839.6298,3195.06096,7526.237252550222,17684.18106,159.69135802469137
2023,ILLINOIS,PUTNAM,15.523097569136116,7553.41314,3472.5599999999995,6096.195200887732,23868.07332,210.96153846153845
2023,ILLINOIS,RANDOLPH,834.6096937129613,25196.93904,10240.95072,21843.74989972376,55784.59614,159.69040247678018
2023,ILLINOIS,RICHLAND,493.8524168344067,24197.8737,9599.7174,13588.248181155288,60946.81866000001,187.13147410358565
2023,ILLINOIS,ROCK ISLAND,450.3353578605599,17472.988260000002,8312.757179999999,14910.040038297053,55710.13812,215.9882005899705
2023,ILLINOIS,SALINE,501.6899654217859,18943.73754,7679.44086,14357.394304682686,47511.88806,167.98839458413926
2023,ILLINOIS,SANGAMON,415.8615142132498,50559.20688,23276.94642,30543.64717641555,156298.03644,218.5721393034826
2023,ILLINOIS,SCHUYLER,155.81302499389568,14199.822,6086.11458,16345.779467980889,40055.93592,186.68789808917197
2023,ILLINOIS,SCOTT,294.2783005306887,14312.56554,6823.9353,9526.017173343776,44916.70092,193.57142857142858
2023,ILLINOIS,SHELBY,431.5107669628756,48189.83988,21652.13778,28566.656756318647,140608.6227,194.37014925373134
2023,ILLINOIS,ST CLAIR,380.8927114904385,33765.19692,13783.96656,21530.39407383125,91028.00616,171.97033898305085
2023,ILLINOIS,STARK,234.61742608087624,18303.35598,8504.61066,10819.322136790754,59118.745140000006,231.1226851851852
2023,ILLINOIS,STEPHENSON,208.57043204262948,20744.57658,10139.50392,20863.800770202422,72525.68778,209.30275229357798
2023,ILLINOIS,TAZEWELL,568.0492104714328,35645.62092,18704.01624,22675.56719609964,119720.1096,219.63957597173146
2023,ILLINOIS,UNION,324.22760313146864,6612.85716,2155.10568,15736.159941021097,10421.42556,140.0
2023,ILLINOIS,VERMILION,281.51606825812587,50966.59932,21233.97822,33164.44137361659,145745.72922,201.8528735632184
2023,ILLINOIS,WABASH,116.42834172918472,16152.54732,7316.60202,8358.054541372336,46524.68184,181.53386454183266
2023,ILLINOIS,WASHINGTON,581.034505733215,30162.3777,10956.134279999998,21330.985817953213,70102.40874,173.12918660287082
2023,ILLINOIS,WAYNE,1017.2528340497686,43110.795000000006,16002.621180000002,26885.930045946807,98808.69180000002,183.0513833992095
2023,ILLINOIS,WHITE,606.4574215461049,34854.78906,16421.446860000004,18721.58638132715,96419.6142,168.8457502623295
2023,ILLINOIS,WHITESIDE,358.8671359670601,41911.63158,23605.63842,25626.80935715032,157323.23333999998,198.93896713615024
2023,ILLINOIS,WILL,526.1391463877142,28834.2327,12402.750359999998,22937.6466164008,86427.16446,192.4065934065934
2023,ILLINOIS,WILLIAMSON,213.9221796100604,11742.36882,4261.5846,15764.646843184815,23989.53648,168.65384615384616
2023,ILLINOIS,WINNEBAGO,374.9066097047928,18380.21094,8358.2499,15605.120238133752,60261.03174,188.0493273542601
2023,ILLINOIS,WOODFORD,186.2320033919765,29006.42472,12504.74316,19342.60066401006,85293.35178000001,220.225
2023,INDIANA,ADAMS,28.043615666326936,16628.255279999998,6055.61502,12517.140986645016,39041.9484,198.5483870967742
2023,INDIANA,ALLEN,302.9224038138858,27190.27584,9159.52128,20145.93105270216,62949.98892,185.7356948228883
2023,INDIANA,BARTHOLOMEW,157.85618741558605,14876.8893,6700.8123000000005,14619.473723821731,43556.85516,190.36630036630038
2023,INDIANA,BENTON,139.86171440109138,26227.94538,11163.4068,15177.816839321493,75853.71066,216.56573705179284
2023,INDIANA,BLACKFORD,20.89495739626367,9547.56348,2866.3580400000005,6153.168987928672,20495.46408,195.60402684563758
2023,INDIANA,BOONE,56.93626057388387,24959.40174,10179.04524,15268.974894868214,68695.45409999999,202.84301606922125
2023,INDIANA,BROWN,0.0156955885857871,442.7787,190.12266,11918.916223949906,1213.62696,178.92857142857142
2023,INDIANA,CLARK,51.3724528433502,2827.52106,2522.53092,12636.785939561729,14750.57766,184.33734939759037
2023,INDIANA,CLAY,222.61550703595256,16624.43874,6635.89836,13303.379247112707,44571.22488,193.36553945249597
2023,INDIANA,CLINTON,4.746103437897249,25718.74578,10981.33218,14699.237026637791,74802.13104,231.5868544600939
2023,INDIANA,DAVIESS,235.5612875362483,26509.55034,13026.88842,16305.89781360946,81300.30636,211.22543352601156
2023,INDIANA,DEARBORN,20.0895906773668,2692.26594,1459.5672,11052.914662118796,9008.33388,184.125
2023,INDIANA,DECATUR,83.30535263904346,16384.91946,7916.85258,13816.14332888325,52777.9434,216.47814910025707
2023,INDIANA,DELAWARE,40.65009699566529,21715.57752,7133.90496,13650.919346595265,50039.32752,186.8452380952381
2023,INDIANA,ELKHART,761.1803566605024,15487.67766,8714.61864,14710.631783435869,57637.18506,161.11111111111111
2023,INDIANA,FAYETTE,2.0556235609250018,8237.39826,3751.6479,7919.356382420906,24979.3362,202.57971014492753
2023,INDIANA,FRANKLIN,1.65574308932407,6850.46544,3442.51908,14471.3418786193,21817.24272,194.12398921832883
2023,INDIANA,GIBSON,233.95108047129472,31309.98234,14493.040380000002,18322.769875381666,91677.11826,200.4218106995885
2023,INDIANA,GRANT,120.7058175833338,22777.32912,7352.01558,14972.711203737032,51641.34066,214.1200545702592
2023,INDIANA,GREENE,137.2004907581118,15059.71194,6576.41166,19992.101824742746,39040.76904,185.15625
2023,INDIANA,HAMILTON,19.890989924896065,18024.1152,7319.00988,10443.295143351934,49167.63306,200.56640625
2023,INDIANA,HANCOCK,14.288131453709688,17380.77978,6834.28746,10557.242717143285,46279.93188,202.01818181818183
2023,INDIANA,HARRISON,73.34717427849738,8430.256379999999,4461.46974,18288.58560368005,24686.16696,184.51612903225808
2023,INDIANA,HENDRICKS,271.0821319830192,20310.09162,8198.697779999999,13143.852643078497,54449.4405,216.46179401993356
2023,INDIANA,HENRY,38.38876162491575,20842.4034,7813.55484,14345.999546431964,54818.13792,192.38286479250334
2023,INDIANA,HOWARD,32.926588462169754,16745.082899999998,6714.86634,10084.36028634498,45599.463,210.2796052631579
2023,INDIANA,HUNTINGTON,99.86115708517964,19969.131,6236.33556,14163.683429382656,46195.85334,206.46604938271605
2023,INDIANA,JASPER,101.27111669858954,32881.91634,15720.46476,20658.69514057382,112305.33132,181.76588628762542
2023,INDIANA,JAY,15.423100503309216,19468.11594,6391.890960000001,14209.262458608668,44024.18202,194.09032258064516
2023,INDIANA,JEFFERSON,85.64997978895907,2941.61322,2167.22142,13348.958275612393,11326.67172,178.72727272727272
2023,INDIANA,JENNINGS,49.88571504322569,7899.92112,4052.7942,13958.577796558233,26484.8766,187.36686390532543
2023,INDIANA,JOHNSON,53.80040878623941,13345.70328,5820.360000000001,10169.82096596217,38237.4993,219.2528735632184
2023,INDIANA,KNOX,358.0109130200689,40661.9304,18927.401220000003,19621.7722196536,117291.40332,198.9282700421941
2023,INDIANA,KOSCIUSKO,85.48492828733104,26180.47068,12293.2173,19621.77221355248,83945.33238,193.2970297029703
2023,INDIANA,LA PORTE,24.670682675799565,25242.7266,13481.91936,21507.60456546464,94683.46524,173.6221198156682
2023,INDIANA,LAGRANGE,556.6914156641218,16798.301519999997,9613.56942,14351.696926428913,61113.28314,169.23076923076923
2023,INDIANA,LAKE,42.43665435760646,13206.4296,6356.51562,11924.61360409212,46287.67416,202.63671875
2023,INDIANA,MADISON,38.171200932795486,25771.23822,9766.23648,15251.882758218451,66373.04856,202.9694835680751
2023,INDIANA,MARION,11.971090853777277,4174.66686,1665.85146,3646.322362775816,10761.52896,181.35135135135135
2023,INDIANA,MARSHALL,58.49236344163437,21629.86098,10151.63604,16567.977244079153,70547.97750000001,174.99465240641712
2023,INDIANA,MIAMI,36.44518073689717,19601.52012,7474.1394,14106.70964176066,51971.556,196.9185185185185
2023,INDIANA,MONROE,0.0065210323767512,3457.26654,1333.10268,13742.0774062094,7843.98342,178.29787234042553
2023,INDIANA,MONTGOMERY,294.76809231364655,29008.80528,12103.44408,18698.796874848973,81753.44268,225.0
2023,INDIANA,MORGAN,68.13892151655888,11970.37842,5074.40388,14642.26323945159,33433.59474,195.3757225433526
2023,INDIANA,NEWTON,85.98501718175352,22883.01288,10949.14002,15035.382369758068,76055.5614,214.45192307692307
2023,INDIANA,NOBLE,135.10587205294306,16457.985180000003,7452.37584,15303.159168022472,51948.14898,194.048
2023,INDIANA,OHIO,11.927768442310512,596.40672,570.71742,3293.0848840226345,3395.07168,161.2
2023,INDIANA,OWEN,16.815642274420867,6062.63658,2429.3833200000004,14448.5523635705,14690.27196,187.45454545454547
2023,INDIANA,PIKE,31.014515358338617,12242.39016,5423.32518,12876.075844087767,33712.103879999995,194.30722891566265
2023,INDIANA,PORTER,47.33920072982354,12756.92418,6404.77656,13804.74857164938,47406.3954,196.85185185185185
2023,INDIANA,POSEY,347.704237927476,27255.35904,13083.65058,15263.277517195498,77538.49194,196.80100755667507
2023,INDIANA,PULASKI,155.75235768181523,25136.12556,11957.29626,16260.31878249501,84595.90776,192.89320388349515
2023,INDIANA,PUTNAM,212.3402131672956,17106.25098,7178.15826,17895.466467562987,47021.48178,197.97142857142856
2023,INDIANA,RANDOLPH,9.380149777533584,26061.61194,8361.18192,16830.056653049665,62517.349440000005,190.39613526570048
2023,INDIANA,RIPLEY,44.77858909437885,7340.14554,4414.3827,16573.674616522338,29018.54592,177.1853546910755
2023,INDIANA,RUSH,45.66892323679352,22062.90996,9520.36722,15337.343438271437,64344.50022,216.06603773584905
2023,INDIANA,SCOTT,43.18789915439234,3147.8701799999994,1757.28462,7007.775792090114,10335.84006,173.7762237762238
2023,INDIANA,SHELBY,173.7982510996078,24288.2913,10377.4398,15086.658777528375,69823.3536,195.87264150943398
2023,INDIANA,ST. JOSEPH,137.03487393758488,18116.1981,9104.04222,13576.85342406668,65394.26166,180.35881435257411
2023,INDIANA,STARKE,52.21785003773511,15317.79522,8183.0658,11611.257775439586,59720.2242,184.4649446494465
2023,INDIANA,STEUBEN,102.84339181768893,10795.89966,4441.47522,11981.587390987794,31604.8005,178.74692874692875
2023,INDIANA,SULLIVAN,419.2008312575289,24639.78972,10715.80692,16892.727818925436,71578.15392000001,194.37321937321937
2023,INDIANA,SWITZERLAND,3.492624905223698,683.19888,946.48008,8340.9624050131,5391.9138,176.5
2023,INDIANA,TIPPECANOE,131.01310031958283,25265.84424,11030.54862,17194.688894120984,73648.97358,219.53106682297772
2023,INDIANA,TIPTON,24.740427084312028,16446.44274,6606.747420000001,9594.385717589532,45027.38058,206.63716814159292
2023,INDIANA,UNION,0.1732382621018848,7065.6986400000005,3165.06918,6118.984716227064,21126.41076,216.42424242424244
2023,INDIANA,VANDERBURGH,89.3985133383143,10595.8671,4565.55372,6569.077631540773,28439.19624,181.69064748201438
2023,INDIANA,VIGO,255.1048381584412,17170.40598,6921.822180000001,14277.631002447682,46886.5215,193.83333333333334
2023,INDIANA,WABASH,114.62661904380722,21470.25972,7736.47056,15365.830333026654,55833.4413,204.42748091603053
2023,INDIANA,WARRICK,76.80446806049285,9574.40484,3608.66688,13827.53808582659,21515.80158,189.8876404494382
2023,INDIANA,WAYNE,13.816662109130537,17024.705879999998,6500.52312,14374.486440606124,45319.90554,190.03072196620585
2023,INDIANA,WELLS,99.35559563576058,21272.77152,7145.26722,13616.735075329443,50045.1588,201.3730255164034
2023,INDIANA,WHITE,238.9077991665389,29945.069700000004,13492.37526,19017.85007027936,91720.77642,192.83333333333334
2023,INDIANA,WHITLEY,82.71914835033164,16351.35138,5805.46512,12517.140987226076,41260.88148,178.212478920742
2023,IOWA,ALLAMAKEE,111.85067842094044,13833.16116,7491.2838,23809.34555880992,51650.191320000005,155.7832618025751
2023,IOWA,APPANOOSE,1157.8656936398354,14456.04342,6579.551159999999,18932.389397925406,39729.98484,161.58441558441558
2023,IOWA,AUDUBON,159.22126100914272,24224.71506,9303.9765,16613.55626066713,67860.80028,191.1627906976744
2023,IOWA,BENTON,606.5467669388568,39948.363,16212.36708,26817.561509225765,111403.95084,190.859375
2023,IOWA,BOONE,171.6410299688961,31763.99226,12710.55786,21325.288451756416,91583.29908,224.54
2023,IOWA,BREMER,179.10069810590323,23139.90588,10069.8234,16191.950239963377,69479.19342,194.2396694214876
2023,IOWA,BUCHANAN,363.3399521872053,33114.76896,14729.26182,21325.28845233748,101658.45144,187.09973045822102
2023,IOWA,BUENA VISTA,151.53136988151678,29950.0656,10896.31452,21536.09145005132,90803.2944,202.96913580246914
2023,IOWA,BUTLER,269.8242526644946,34377.524999999994,14136.09834,21803.868260517967,99883.6566,178.8785046728972
2023,IOWA,CALHOUN,161.5425576026253,35647.69572,13486.07988,21313.89368784037,101647.98462,189.60119047619048
2023,IOWA,CARROLL,168.65549410507236,33005.12669999999,12877.885020000002,21336.683201145992,95802.28476,187.17579250720462
2023,IOWA,CEDAR,254.4472074823193,31820.98374,14250.8457,21707.01281582261,96030.44178,202.72368421052633
2023,IOWA,CHEROKEE,78.08789718402464,26009.91666,9409.458240000002,21655.736415315536,81673.18614,201.4949494949495
2023,IOWA,CHICKASAW,183.2942274504408,23631.1257,9874.70484,18892.507747679498,69546.55344,185.02721088435374
2023,IOWA,CLAY,356.2941469576059,28114.85586,9998.73966,21234.1303879296,83786.80128000001,198.57931034482758
2023,IOWA,CLAYTON,223.95409288021187,22782.952920000003,12723.90756,29227.552684599,86576.5173,178.76868327402136
2023,IOWA,CLINTON,245.62829122569028,36147.07278,17486.8239,25894.586151928368,115067.57808,192.192
2023,IOWA,CRAWFORD,210.07398948488972,37429.08078,14490.76356,26743.495580305527,110723.5038,180.66835443037974
2023,IOWA,DALLAS,412.49656933838537,32068.79676,13157.12034,21330.985830591257,90333.51054,208.83265306122448
2023,IOWA,DAVIS,820.0976258894035,15471.161159999998,6911.1315,18881.11299208712,41451.3645,169.48919449901769
2023,IOWA,DECATUR,1532.214458011557,15891.87054,6946.68702,20031.98348355928,42635.19624,193.87470997679813
2023,IOWA,DELAWARE,213.2429944214257,24603.47526,13277.18028,21667.13116499564,87386.73216,183.008
2023,IOWA,DES MOINES,439.846292583311,19207.74492,8631.883259999999,15525.356939820898,56525.70378,205.0943396226415
2023,IOWA,DICKINSON,223.33209717523343,17563.30758,6226.92798,14727.723919214044,51701.75556,197.81621621621622
2023,IOWA,DUBUQUE,195.503455489116,21644.45556,14174.13816,22031.763400256365,93690.77172,165.9057239057239
2023,IOWA,FAYETTE,355.82922616090457,30237.55644,13443.89592,27677.86569338416,94103.19828,196.994708994709
2023,IOWA,FLOYD,241.35256616004185,26712.11088,10940.1201,18710.19162714384,78776.09376,176.6451612903226
2023,IOWA,FRANKLIN,375.2812111748135,35409.92364,14381.37246,21803.86824889679,104287.53426,207.7434554973822
2023,IOWA,FREMONT,897.2047639100235,29278.485600000004,12924.75912,19405.27182494683,83281.05786,208.1596638655462
2023,IOWA,GREENE,214.04675021425683,35089.7547,13903.518719999998,21507.604563430927,100044.36624,205.07645259938838
2023,IOWA,GRUNDY,142.15606307649807,31891.068300000003,12960.45114,18590.546679020863,91487.6508,210.21451104100947
2023,IOWA,HAMILTON,262.92298862211595,36617.39172,14616.84588,21564.57834408022,107116.01628,213.59668508287294
2023,IOWA,HANCOCK,382.9380490276475,32722.893840000004,12806.14608,21724.10495900929,99232.2786,202.7826086956522
2023,IOWA,HARDIN,262.519724313939,35399.800800000005,14801.37204,21023.327378739843,105861.07896,210.81994459833794
2023,IOWA,HARRISON,431.9832602119053,38348.09706,19009.13742,26116.783931861617,126587.0697,187.14857142857142
2023,IOWA,HENRY,723.581252797755,21047.30628,9496.97658,16340.082095189076,60432.63954,191.8240620957309
2023,IOWA,HOWARD,155.55490292892014,21732.95124,8573.15004,17838.492684879988,62383.64496,174.08270676691728
2023,IOWA,HUMBOLDT,230.99440054898352,27271.32408,10493.87976,16476.81917400595,78291.03282,203.73745173745175
2023,IOWA,IDA,66.31648638261366,20740.80372,7665.67074,16129.279077719224,64151.33634,182.81422924901185
2023,IOWA,IOWA,740.8753468641339,27908.94288000001,12609.38952,22031.763396334223,83312.60028000001,209.36974789915968
2023,IOWA,JACKSON,218.66669191013293,23398.9119,13907.91948,23940.385260099345,92415.7416,170.23628691983123
2023,IOWA,JASPER,802.9907779950767,39723.71676,16648.92138,26994.180237416967,113120.81508,215.04424778761063
2023,IOWA,JEFFERSON,588.5820954901951,18474.89826,8052.3261,16528.095590637415,49701.60468,189.72413793103448
2023,IOWA,JOHNSON,515.9716020985104,25208.12112,11459.43162,22094.43457295958,72820.78986,200.08207547169812
2023,IOWA,JONES,257.9788091931198,25576.867680000003,13130.73216,21473.420298411493,86563.66992,179.80272108843536
2023,IOWA,KEOKUK,925.8474394485884,28789.91934,12791.021879999998,21712.71020192068,82222.94808,208.28099173553719
2023,IOWA,LEE,398.27014217356185,18487.0959,8395.58538,19581.89056708345,52541.0613,199.6931216931217
2023,IOWA,LINN,399.9951452229762,31911.767160000003,13939.75128,24327.807014621547,92645.02884,175.3469387755102
2023,IOWA,LUCAS,722.1351393296251,13078.90584,5665.56354,16197.64761842052,35223.50832,167.6454293628809
2023,IOWA,LYON,124.30337732146646,21977.05692,9551.27628,21969.092239029065,79234.2369,165.98382749326146
2023,IOWA,MADISON,750.4244214313148,20945.379,8864.501100000001,21085.998544325084,55407.40842000001,199.50617283950618
2023,IOWA,MAHASKA,617.4775118294287,29374.51062,13014.19938,21575.97311002997,85619.85432,210.03125
2023,IOWA,MARION,364.2524767992731,21569.85012,9327.045000000002,20516.260674206223,59254.79742,200.1859229747676
2023,IOWA,MARSHALL,428.8461329897957,34047.2223,13560.98562,21125.88019631417,95097.13122,199.68813559322035
2023,IOWA,MILLS,488.8264579988368,24269.1813,10473.9726,16191.950242432877,69943.93770000001,202.15706806282722
2023,IOWA,MITCHELL,210.9957446786496,23446.33746,9603.9762,17912.55860581066,72132.48588,162.83828382838283
2023,IOWA,MONONA,437.3604030582092,37788.7146,20135.21328,26287.705292984432,136502.76822,161.31176470588235
2023,IOWA,MONROE,452.6892952751634,12670.31766,5483.10126,16106.489568524596,33754.22232,173.41077441077442
2023,IOWA,MONTGOMERY,391.55505502340566,21845.9241,9114.55272,15525.356943670417,59951.91384,203.7989417989418
2023,IOWA,MUSCATINE,343.65945136869993,21625.8315,10247.48634,16436.93752230739,66291.4434,208.55693348365276
2023,IOWA,O BRIEN,218.2845498458657,26701.2564,9694.68864,21348.07796477151,85274.42196,204.96774193548387
2023,IOWA,OSCEOLA,144.05626175745155,18678.69822,6963.07794,15365.830339127771,59448.04866000001,190.40677966101694
2023,IOWA,PAGE,765.6526027575674,26764.49412,11001.28848,19957.91756582444,70696.26564,204.38392857142858
2023,IOWA,PALO ALTO,397.4215656042564,31163.119260000003,11674.70304,21667.1311655767,94200.08598,208.91875
2023,IOWA,PLYMOUTH,171.9321160491432,38135.94876000001,15471.38502,32514.940193563685,127374.12324,186.35897435897436
2023,IOWA,POCAHONTAS,147.86117275108768,33046.660919999995,12242.40108,21518.9993256038,94912.45764,215.28851540616247
2023,IOWA,POLK,297.92138984775244,24007.64184,10145.96856,16647.74053934145,68495.79282,204.14965986394557
2023,IOWA,POTTAWATTAMIE,532.1583678191054,51512.8887,22489.49430000001,34793.89167883287,151515.06551999995,196.02494802494803
2023,IOWA,POWESHIEK,631.4636308692484,28829.30232,11862.3414,21906.421069812208,78837.18024,201.98576512455517
2023,IOWA,SAC,130.00205493463176,30710.65998,11258.94588,21507.60455747507,89459.24988,190.13213213213214
2023,IOWA,SCOTT,265.44020809632343,22186.70454,10897.3137,15690.580919203583,73152.60498,206.8803827751196
2023,IOWA,SHELBY,198.40175433455127,33515.46744,14034.54234,22145.710982908862,101338.1187,187.26099706744867
2023,IOWA,SIOUX,145.99183121115595,30021.02376,13617.57852,28338.761608881214,112384.56683999998,167.75967413441956
2023,IOWA,STORY,352.9595809066669,34563.89664,14062.31736,20573.234454564983,100691.82942,208.7672131147541
2023,IOWA,TAMA,499.1618270426146,39746.55048,16417.91424,26982.785488463192,113749.07544,193.46223564954684
2023,IOWA,TAYLOR,1258.6129624028952,21450.09048,8507.307900000002,20037.68086166779,52981.45398,186.97041420118344
2023,IOWA,UNION,1050.4068330050895,15447.4866,6685.27314,15992.541994980198,42320.0232,212.24283305227655
2023,IOWA,VAN BUREN,639.969098929167,13632.34782,5969.609100000001,18180.33541409833,35789.08242,181.94174757281553
2023,IOWA,WAPELLO,479.1183357070986,14007.34608,6181.05306,16089.397428635428,37422.8127,198.3904109589041
2023,IOWA,WARREN,570.3332113474967,19959.34122,8511.998039999999,21029.024748713528,52491.46266,189.22455573505655
2023,IOWA,WASHINGTON,916.8239182268144,29177.89602,13190.1588,21120.18280556763,84469.14294,184.87445887445887
2023,IOWA,WEBSTER,237.0914431073859,43430.84928,16504.41702,26378.863346933253,122603.52468,210.2923076923077
2023,IOWA,WINNEBAGO,244.65627103283632,22617.24738,9077.56668,15183.514211764672,71479.84662000001,208.13333333333333
2023,IOWA,WINNESHIEK,209.3027994927704,22835.09592,11319.03318,25774.941211504425,79693.24818,171.2749244712991
2023,IOWA,WOODBURY,413.3609396016773,42767.49204,18445.0539,31888.228534951235,140654.51946,152.521327014218
2023,IOWA,WORTH,347.6338541050015,23124.74892,8763.96066,15325.948681182828,66518.62308,185.24663677130044
2023,IOWA,WRIGHT,540.836990344442,36772.77786,14182.0224,21678.5259206316,104770.36752,200.6081871345029
2023,KANSAS,ALLEN,3694.21341692224,19361.82066,6847.17852,18812.744449221376,26425.64106,94.1907514450867
2023,KANSAS,ATCHISON,683.7425166268094,18869.64534,8140.35222,16271.713543215232,45685.24506,180.83213773314205
2023,KANSAS,BARTON,488.31282860227793,22238.94582,12324.86346,33090.37543975735,74519.9091,98.56687898089172
2023,KANSAS,BOURBON,4978.613007961546,17680.81224,6300.58338,23951.78002808281,23471.18592,90.76086956521739
2023,KANSAS,BROWN,1609.185106184594,30455.80356,12940.822440000002,21393.656993125936,76424.82666,185.92857142857142
2023,KANSAS,BUTLER,344.999709872256,8101.0293,4471.77822,53162.240581261576,19739.66904,83.68497109826589
2023,KANSAS,CHASE,15.403107219149584,2194.04094,1133.97648,29466.84260369509,5147.3058,71.5625
2023,KANSAS,CHAUTAUQUA,48.001151731809394,460.65474,1227.73014,24276.53061125276,3854.29044,79.63636363636364
2023,KANSAS,CHEROKEE,3238.256248044213,14788.99422,8816.63328,21912.11845765345,29085.354480000005,116.23263888888889
2023,KANSAS,CHEYENNE,1.0669131203672464,12505.05984,7946.52768,37927.44995232796,57070.60632,103.04783092324806
2023,KANSAS,CLOUD,637.3960830190672,15677.0523,8207.81598,26857.44315424215,37261.0875,61.38114209827357
2023,KANSAS,COFFEY,1831.4050132946213,14324.93244,4279.35144,23985.9642981865,17693.72514,83.44117647058823
2023,KANSAS,COWLEY,779.2361114653509,5277.39576,3741.66702,42149.20756488548,12607.02534,103.22368421052632
2023,KANSAS,CRAWFORD,4829.44849451667,18640.13424,10169.57214,21758.289229694044,41397.34872,108.47775175644028
2023,KANSAS,DECATUR,0.4839397305146587,10433.33382,5774.09742,33403.73127193981,40901.8428,99.88646288209607
2023,KANSAS,DICKINSON,1287.7075602116906,10458.73374,5356.36374,31717.30718603065,18845.33196,68.92156862745098
2023,KANSAS,DOUGLAS,1875.2346787557376,14260.591800000002,6656.81562,16379.963737154896,34539.29388,126.15131578947368
2023,KANSAS,EDWARDS,168.14076595140995,21931.00728,18289.340160000003,23347.85788021932,101108.35098,125.26542324246772
2023,KANSAS,ELK,179.90292960773525,805.3336200000001,1388.10126,24418.96506877373,5094.8352,92.24489795918367
2023,KANSAS,ELLSWORTH,168.57311682023922,6126.99906,2614.04598,27159.4042314714,15428.57316,93.80952380952381
2023,KANSAS,FRANKLIN,3530.822588443364,19291.50678,7186.89426,21547.48621106208,33339.4971,107.51937984496124
2023,KANSAS,GEARY,213.14337000181607,2465.91618,1198.3062,13981.367310880703,5122.68666,111.21212121212122
2023,KANSAS,GOVE,1.6249204362375789,9609.58362,4789.41372,40337.441141937146,40905.49554,49.01960784313726
2023,KANSAS,GRAHAM,2.5617397980374705,9938.073600000002,5292.4326,33506.284086332846,36625.74552,58.7027027027027
2023,KANSAS,GRANT,485.13850127812185,23794.80558,19184.13042,21479.117672917444,120057.20454,121.01243339253996
2023,KANSAS,GRAY,118.1213621889538,34498.666020000004,28066.23456,32731.440591611543,181895.84322,187.53101736972704
2023,KANSAS,GREELEY,5.982927132735878,11216.85474,6172.73202,29199.06580338246,55422.74556,64.32835820895522
2023,KANSAS,GREENWOOD,150.0538231121396,2285.69796,1737.1536,43254.49902601309,7341.41772,50.375
2023,KANSAS,HARPER,2172.600272110493,15259.58616,6844.50312,29991.00143103474,46106.74068,91.42857142857143
2023,KANSAS,HASKELL,351.7607926445629,32774.66556,30068.56398,21786.77612231388,187761.19908,171.77170035671818
2023,KANSAS,JACKSON,514.6259989506772,16556.085000000003,6670.13802,24538.610021341807,34909.65114,165.04424778761063
2023,KANSAS,JEFFERSON,1050.3667045172613,19991.1075,9279.19356,20613.116113962576,50495.67978,167.6969696969697
2023,KANSAS,JOHNSON,567.0332600629098,8892.13962,4387.47036,11138.375343188633,21538.02378,131.01694915254237
2023,KANSAS,KINGMAN,1333.413811416137,13711.17384,6717.350640000001,32475.058542155653,41717.70876,125.53846153846153
2023,KANSAS,KIOWA,111.11569548689582,12615.3846,9561.70488,26937.20646451029,54303.93696,138.01282051282053
2023,KANSAS,LABETTE,2796.013407937768,6281.58804,11476.27026,24498.72837734229,36009.933959999995,92.37851662404093
2023,KANSAS,LANE,11.270240704315722,9906.5967,5199.27954,27045.456648702693,40196.92404,40.095541401273884
2023,KANSAS,LEAVENWORTH,674.4441926073222,17936.465819999998,7529.1216,16904.12257383507,39873.9705,157.52
2023,KANSAS,LINCOLN,216.05303607113345,7438.2945,3168.09402,26863.140529053144,17838.032939999997,41.74418604651163
2023,KANSAS,LOGAN,0.0450607493200419,13031.99352,6404.69466,40439.993955444064,43386.91812,79.94495412844037
2023,KANSAS,LYON,854.205730145427,8146.074300000001,3019.69668,31620.45174351428,14021.73864,77.40506329113924
2023,KANSAS,MARION,1140.656134931078,11328.71376,5983.6413,35551.64304076846,21784.20972,69.9609375
2023,KANSAS,MARSHALL,1372.5997969442926,20663.5611,7939.78458,34229.851183190905,36883.86156,131.42307692307693
2023,KANSAS,MCPHERSON,4001.635632006317,23080.00968,11915.54364,33665.81068638681,58458.8277,89.63963963963964
2023,KANSAS,MEADE,2.069809645725716,25260.24228,21135.47436,36765.184708836925,128610.58392,191.53950953678475
2023,KANSAS,MIAMI,3395.5289775142387,17835.21558,8320.341120000001,21769.68398416788,39255.44532,125.60185185185185
2023,KANSAS,MITCHELL,349.4031631637628,13775.65098,6119.797320000001,26544.087324718024,34479.99828000001,31.344902386117138
2023,KANSAS,MONTGOMERY,2075.95186192818,3860.77146,9734.9616,23758.06914246898,38552.19732000001,116.04
2023,KANSAS,MORRIS,81.20209565719469,3607.92432,1593.8231400000002,26526.99518617982,6258.350280000001,61.965811965811966
2023,KANSAS,NEMAHA,1727.71458005902,21081.51864,8715.9345,27182.193738821166,43982.71332,153.6818181818182
2023,KANSAS,NEOSHO,3799.733250451865,15343.79028,8723.054339999999,21581.67048668584,31408.16406,85.6980056980057
2023,KANSAS,OSAGE,1005.954056818176,15192.46092,4832.6187,26846.04840180201,21757.51032,96.51595744680851
2023,KANSAS,OTTAWA,744.8989563148749,9338.13426,4542.13578,27222.075396185057,19428.59646,83.58778625954199
2023,KANSAS,PRATT,600.5914689737178,23961.5922,17215.30902,27364.50985819471,100237.6557,174.1013071895425
2023,KANSAS,RAWLINS,0.3740992408644703,10204.49976,5576.45634,39950.0193858025,38479.03332,99.07758620689656
2023,KANSAS,RENO,2655.636985630605,29322.43314,15401.8683,47071.74275920868,77066.47494,178.9648033126294
2023,KANSAS,RICE,1132.1354621417454,17130.5316,9039.60876,27370.20723150948,49139.22468000001,103.983286908078
2023,KANSAS,RILEY,550.4065737349176,4643.62626,2167.72374,22624.290788329323,9996.937859999998,138.23529411764707
2023,KANSAS,ROOKS,13.04877899217068,8252.67534,3702.6717,33449.31030184857,24439.15656,35.80246913580247
2023,KANSAS,RUSSELL,43.63281627630401,7261.526999999999,3051.05346,33625.92904514731,19122.07752,24.676470588235293
2023,KANSAS,SALINE,1366.6424124527657,9367.438079999998,4714.37148,26156.66557949276,18854.919719999994,75.87096774193549
2023,KANSAS,SEDGWICK,1693.937655191802,24354.36822,13750.51314,31677.42553578474,57153.101460000005,129.3609022556391
2023,KANSAS,SEWARD,7.071790634419943e-05,22060.038,18374.35782,23684.00321718037,112062.72714,154.55138662316477
2023,KANSAS,SHAWNEE,848.5228040297784,14501.78184,7348.37376,18431.02007019292,38755.86078,135.97222222222223
2023,KANSAS,SHERIDAN,0.000100522518352,17609.493720000002,11959.68228,33665.81069950422,78054.45648,84.61379310344827
2023,KANSAS,SHERMAN,1.4960979908839167,23042.90898,14687.43276,39585.38716044883,103085.58078000002,83.6256157635468
2023,KANSAS,SMITH,61.10559815200633,14112.7623,6537.6129,33534.770986913194,40328.68476,87.83098591549296
2023,KANSAS,STEVENS,140.3256137697908,32034.267720000003,26043.7905,27581.0102475848,162066.74484,143.44978165938863
2023,KANSAS,SUMNER,4332.643283181669,31816.217160000004,16971.77664,43972.36874177019,70303.07466,116.96078431372548
2023,KANSAS,THOMAS,0.0001209026126112,25075.92906,15723.87726,40491.27037377513,110603.66226,99.23886639676114
2023,KANSAS,WABAUNSEE,594.8501551633709,7642.14906,3826.24242,30047.97522824422,19481.91882,89.41780821917808
2023,KANSAS,WALLACE,0.0001029552007207,11087.14698,7314.3525,34480.5358522431,49196.53284,80.48856548856548
2023,KANSAS,WICHITA,4.014440968294726,15504.80022,10370.82774,27148.00946961811,71977.42734000001,56.929316338354575
2023,KANSAS,WILSON,2301.0218028209656,8486.95848,5075.53956,21439.236020027703,17377.946040000003,99.18981481481481
2023,KENTUCKY,ADAIR,50.44803884571323,1240.6212,5387.42022,15348.738194633715,38634.52866,161.34328358208955
2023,KENTUCKY,BALLARD,1040.344034628057,11558.6289,4370.26044,9970.412711246248,22903.06746,169.11845730027548
2023,KENTUCKY,BARREN,19.71887304214613,3538.84986,9011.64264,18533.572882537715,62434.33014,169.6060606060606
2023,KENTUCKY,BATH,3.162487080461343e-05,780.40872,4828.95504,10591.42698928069,28044.95148,176.0
2023,KENTUCKY,BOURBON,0.4248922787179321,1961.76162,7303.05576,10819.322136572857,39561.1398,172.22222222222223
2023,KENTUCKY,BRECKINRIDGE,10.92222443564802,2991.2992200000003,1772.87292,21775.381358354247,8510.11434,169.41176470588235
2023,KENTUCKY,BULLITT,0.7512909000050552,1767.4620599999998,1091.56866,10386.321355003614,6733.10274,181.15384615384616
2023,KENTUCKY,BUTLER,56.91364042608665,2249.43264,924.63462,16214.73975355953,4587.74862,181.3235294117647
2023,KENTUCKY,CALDWELL,210.4145029234252,6415.35804,2744.27244,13018.51031219854,17363.32416,183.55371900826447
2023,KENTUCKY,CALLOWAY,194.41173467659263,15272.979539999998,6717.62364,14408.670713179325,37258.07358,157.76119402985074
2023,KENTUCKY,CARLISLE,1077.2909499454263,9791.50536,4406.03982,7463.5660865872915,24000.17256,170.45627376425855
2023,KENTUCKY,CASEY,30.8948245077972,1261.60944,5183.97516,16733.201217941783,36645.2814,143.7078651685393
2023,KENTUCKY,CHRISTIAN,832.8534454586211,20438.40162,9019.2375,26407.350244012705,60705.81426,189.21212121212122
2023,KENTUCKY,CLARK,2.743997665915568e-05,1483.0725,7515.31326,9189.8718312113,43646.57388,164.24242424242425
2023,KENTUCKY,CLINTON,2.2727717800137503e-05,346.72092,1428.06846,7611.697932312674,7856.525039999999,171.3793103448276
2023,KENTUCKY,CRITTENDEN,116.97891115971804,6333.99858,2927.50458,13838.932843786786,15835.23396,164.0909090909091
2023,KENTUCKY,CUMBERLAND,0.0065147210120015,96.06324,335.4897,11628.349911130596,695.6258400000002,180.0
2023,KENTUCKY,DAVIESS,500.64590210845233,26238.58146,11275.9101,16607.858888078685,63115.73814,180.32116788321167
2023,KENTUCKY,EDMONSON,11.458533099337036,463.49394,818.1264,11531.49447320458,4328.84634,161.1764705882353
2023,KENTUCKY,ESTILL,2.863080019741202e-05,316.44522000000006,1274.17836,9588.688339916816,8061.40608,164.14285714285714
2023,KENTUCKY,FAYETTE,77.20292046867404,1491.7812,5944.31292,7680.066477313809,32798.51484,178.57142857142858
2023,KENTUCKY,FLEMING,3.94162590936e-05,1465.17462,5284.83774,13200.82643055523,29729.24136,153.90243902439025
2023,KENTUCKY,FULTON,1896.7098105320297,14709.97164,6327.95436,8027.606577232157,34623.50892,175.36964980544747
2023,KENTUCKY,GARRARD,7.849585967590273,1214.36406,4399.84818,8711.292019980252,23924.22396,94.44444444444444
2023,KENTUCKY,GRAYSON,9.003476086180141,1381.39638,1445.54592,19097.613371642776,2689.79256,127.8
2023,KENTUCKY,GREEN,3.213522375075774e-05,1534.87152,4307.49774,10762.348350548771,31170.59946,184.27631578947367
2023,KENTUCKY,HANCOCK,66.67807463685337,3774.75462,1494.82242,7269.855211810216,7808.80464,124.15841584158416
2023,KENTUCKY,HARDIN,200.5120792571593,9963.12954,5754.23394,22402.09301870987,37804.91988,186.11111111111111
2023,KENTUCKY,HARRISON,0.6094544275765308,1580.09124,5928.03666,11542.889230147925,33838.994280000006,170.0
2023,KENTUCKY,HART,20.85922429587127,2217.85746,5319.89094,15719.067813232485,38890.64088,147.58620689655172
2023,KENTUCKY,HICKMAN,1732.2316941025233,15895.68708,7941.01308,9241.148239170458,43863.37956,188.6888888888889
2023,KENTUCKY,KENTON,1.2180423612641793e-05,517.48788,452.49204,4079.323143764002,2330.55732,82.0
2023,KENTUCKY,KNOX,4.300574146711023e-05,101.23386,468.39156,14402.973333327636,1439.35974,107.0
2023,KENTUCKY,LARUE,72.74474657392962,4620.20286,2928.02874,9827.978244442857,19727.73348,199.2608695652174
2023,KENTUCKY,LAUREL,4.860261209557043e-05,454.20648000000006,2125.45242,16277.410923793244,8693.55396,107.0
2023,KENTUCKY,LEWIS,1.360735322259195,422.64768,1313.03172,18527.87550544606,7574.67438,162.5
2023,KENTUCKY,LINCOLN,101.12445700825252,1630.25772,6876.56424,12551.32525936348,42413.87514,153.30275229357798
2023,KENTUCKY,LIVINGSTON,38.26371291538618,6021.50094,2176.96752,12203.785159445131,10938.8097,156.99074074074073
2023,KENTUCKY,MADISON,4.702051796920274e-05,2128.04592,8166.249,15747.55470609926,45046.490580000005,135.0
2023,KENTUCKY,MARION,3.899096497282514e-05,2125.6326000000004,3990.91056,13058.391963170778,24039.87222,182.34567901234567
2023,KENTUCKY,MASON,2.718480018521604e-05,1242.76698,4855.73634,9104.41115028673,27416.66382,181.44578313253012
2023,KENTUCKY,MCCRACKEN,316.47325764195745,9441.15354,3173.7505800000004,8848.0291088204,16529.24364,146.75324675324674
2023,KENTUCKY,MCLEAN,474.5784127501146,16412.6235,6530.64594,9605.78047540446,38713.55124,183.9795918367347
2023,LOUISIANA,AVOYELLES,16039.362367206437,42878.18262,17349.477600000002,32184.492237848863,62864.79108,155.80786026200875
2023,LOUISIANA,CADDO,143.29700624739323,3602.49708,8708.96754,31375.46445259964,44655.8658,138.8095238095238
2023,LOUISIANA,CATAHOULA,7750.348757214338,31122.97734,11383.7451,27780.418504421577,67238.12004,185.3921568627451
2023,LOUISIANA,CONCORDIA,2900.312237046839,8687.10024,15138.31956,26623.850627824617,90457.14678,159.6244131455399
2023,LOUISIANA,EAST CARROLL,7932.357441379346,40788.60786,25048.3506,15736.15994581483,135442.3161,176.87797147385103
2023,LOUISIANA,FRANKLIN,8851.481609919463,45362.13318,29552.01522,23758.069144938483,169795.5441,177.65420560747663
2023,LOUISIANA,MADISON,6749.883393309886,45525.62196,26692.42758,23382.04215360601,156748.19160000002,169.1304347826087
2023,LOUISIANA,MOREHOUSE,13139.292198464129,60571.722120000006,36666.93576,29381.381921564825,187117.5852,178.86091127098322
2023,LOUISIANA,NATCHITOCHES,1834.8413164250785,12129.31902,10661.419859999998,48148.54733022954,55161.07506,123.10160427807487
2023,LOUISIANA,OUACHITA,670.2722729805141,10351.81602,6113.74218,21365.17009168853,31214.94012,179.4047619047619
2023,LOUISIANA,RAPIDES,3784.220945659792,25384.29348,10938.00162,49772.30025152673,41217.90036,156.62337662337663
2023,LOUISIANA,RED RIVER,294.6528348566393,2180.50014,2450.73738,14932.829553055322,10670.93118,127.77777777777777
2023,LOUISIANA,RICHLAND,8983.525760442824,39920.17848,27268.0863,20977.74833876424,151792.05132,168.72492836676219
2023,LOUISIANA,SAINT LANDRY,40955.88630095937,40123.7928,21537.13926,34372.28564970377,77000.17416,148.66666666666666
2023,LOUISIANA,TENSAS,7060.216344953818,37178.59236,21315.74718,23137.05486922828,130778.94648,177.92332268370606
2023,LOUISIANA,WASHINGTON,7.474969463713029e-05,143.88738,8043.16422,25034.281977357445,50198.37186,73.43478260869566
2023,LOUISIANA,WEST CARROLL,6378.561913130711,50883.80388000001,19897.605,13474.300607654468,78259.35936,187.04545454545453
2023,MARYLAND,ANNE ARUNDEL,2.8954023724967565e-05,1848.76692,882.16128,9696.938533711218,5999.30058,157.25
2023,MARYLAND,BALTIMORE,4.4430471373184135,5785.24674,2963.25666,15793.13373590633,22763.85384,141.15606936416185
2023,MARYLAND,CALVERT,2.13157413232075e-05,1194.05832,517.31862,7138.815501950165,3371.4844800000005,141.72413793103448
2023,MARYLAND,CAROLINE,144.4292068348194,16746.01656,6930.95676,11873.3371942881,45254.42376,175.03432494279176
2023,MARYLAND,CARROLL,4.792126080302936,11752.44798,5769.27624,15525.35693560822,39192.50244,114.37086092715232
2023,MARYLAND,CECIL,23.2071360670653,7477.420860000001,3438.56604,12215.179915662147,23495.52114,158.75
2023,MARYLAND,CHARLES,1.605886520193498,1775.18796,732.54636,15582.330723956542,4646.5692,149.23076923076923
2023,MARYLAND,DORCHESTER,123.01199357023737,14565.72936,5365.80954,20151.62843124646,33565.53018,186.81672025723472
2023,MARYLAND,FREDERICK,79.58058318393049,14737.56648,7890.89574,22373.60612744101,45372.96036,84.92239467849224
2023,MARYLAND,GARRETT,4.03879418777252,1703.55276,2119.93236,24851.96585522388,15680.06622,86.0
2023,MARYLAND,HOWARD,1.7743270708004735e-05,3173.71236,1695.92514,5942.3659756883535,12690.96192,173.92156862745097
2023,MARYLAND,KENT,76.55558553998678,11309.92044,4822.09182,10175.518344651731,32532.54186,179.7841726618705
2023,MARYLAND,MONTGOMERY,0.1088109438380018,4994.57322,2695.27986,10374.926599367653,18683.15904,153.0188679245283
2023,MARYLAND,PRINCE GEORGES,2.8001364898005944e-05,1835.20428,975.60918,9377.885327967026,6806.6544,122.10526315789474
2023,MARYLAND,QUEEN ANNES,60.39267933481667,17149.17204,6889.79382,14123.801778846217,47778.003,177.5763016157989
2023,MARYLAND,SOMERSET,96.4937033110015,5866.75908,2056.1541,11497.310200631386,12180.23898,185.07042253521126
2023,MARYLAND,TALBOT,54.38282598485824,9342.43128,3362.25162,9964.71533255668,23607.85518,167.22222222222223
2023,MARYLAND,WASHINGTON,170.0707640516986,6768.63096,4887.94488,15844.410142805058,30287.42262,63.51648351648352
2023,MARYLAND,WICOMICO,120.47517488319652,10375.38684,4355.7532200000005,12716.549240634611,30068.97894,152.7450980392157
2023,MARYLAND,WORCESTER,55.82194322361316,9973.18686,5281.69278,16830.056662491876,35230.54626,156.05714285714285
2023,MICHIGAN,ALLEGAN,34.18940902099051,19126.01964,8963.6001,31124.77979955561,64694.65002,161.17092866756394
2023,MICHIGAN,ALPENA,6.501896516546069e-05,4787.83032,1984.28412,21775.38136750592,12785.8458,139.25531914893617
2023,MICHIGAN,ANTRIM,5.681929448624706e-05,6574.95384,2642.44344,19029.24482606058,10854.31074,75.9047619047619
2023,MICHIGAN,ARENAC,28.26819486597424,24416.57946,8243.22408,13776.261677620483,14351.49534,138.98395721925132
2023,MICHIGAN,BARRY,77.16186149416963,11090.11722,4512.0075,21308.196303340213,32254.03272,141.9377990430622
2023,MICHIGAN,BAY,143.60109909648142,59721.43086000001,20216.73654,15679.186162114978,37690.16706,170.23391812865498
2023,MICHIGAN,BENZIE,3.74258826073674e-05,905.99418,571.24158,12534.233122858985,4606.776720000001,65.0909090909091
2023,MICHIGAN,BRANCH,272.79718523821754,23640.77898,12613.34256,19228.65308092177,87047.85726,161.810551558753
2023,MICHIGAN,CALHOUN,83.50344604965662,20953.023,8910.29412,25034.281981715387,62947.69026,134.96878901373285
2023,MICHIGAN,CASS,691.5038662173765,17314.899419999998,10075.79118,18590.546676696627,66746.74734,148.3567415730337
2023,MICHIGAN,CHARLEVOIX,4.865364738871012e-05,3337.4523,1678.90086,16294.50305942615,9621.84678,87.21052631578948
2023,MICHIGAN,DICKINSON,8.541607115489928e-05,3203.46936,1273.68696,28606.53840888879,2252.6868,48.75
2023,MICHIGAN,EATON,85.9709295224872,19303.92282,6835.00272,20550.44494968472,50429.09508000001,157.251356238698
2023,MICHIGAN,EMMET,5.3740165055411176e-05,1090.9298399999998,734.32632,17998.01928339414,4948.38708,75.375
2023,MICHIGAN,GENESEE,25.10849027406842,20063.08668,6550.50942,18374.04628329724,33106.46976,151.1437908496732
2023,MICHIGAN,GLADWIN,7.129197261151597,13824.80736,5381.82372,19490.732504128227,15532.50972,138.04597701149424
2023,MICHIGAN,GRAND TRAVERSE,5.19028944720199e-05,4466.66766,1972.65978,17382.702390440914,15309.35406,105.15151515151516
2023,MICHIGAN,GRATIOT,425.1343568343057,52177.73652,18153.58272,21011.932611192173,53112.06264,144.60696517412936
2023,MICHIGAN,HILLSDALE,196.66006789225284,19078.89438,6929.204100000001,22612.89602920701,50878.73154000001,151.763907734057
2023,MICHIGAN,HURON,698.1599997559191,146174.87430000002,59436.4134,31403.95135200333,98459.02248,139.4607843137255
2023,MICHIGAN,INGHAM,15.71321174788277,13885.36422,4972.5585,18100.572105907475,37254.56826,138.8235294117647
2023,MICHIGAN,IONIA,34.548779160255336,14814.97836,5945.56872,21103.090675745312,43976.84928,158.03452855245683
2023,MICHIGAN,ISABELLA,30.20478017294508,19237.15794,6906.37584,21330.985824780662,35120.66376,114.0
2023,MICHIGAN,JACKSON,13.490894250060268,15427.32828,6467.3973000000005,25495.76964235126,48615.3486,145.375
2023,MICHIGAN,KALAMAZOO,79.12756532918769,14846.25324,7913.8332,18072.08521173332,51080.5932,129.19642857142858
2023,MICHIGAN,KENT,28.028533543903897,18142.19316,7582.86438,25951.55994477989,51232.550460000006,165.57471264367817
2023,MICHIGAN,LAPEER,28.86678848345569,22653.96042,7910.79198,24441.75458260231,39936.44382,159.94579945799458
2023,MICHIGAN,LEELANAU,4.108341204880711e-05,1279.2234,1153.1793,13759.169543294956,8026.1454,63.07692307692308
2023,MICHIGAN,LENAWEE,172.8679320609157,34136.44962,11614.73586,27740.536852723017,76019.27424,175.88732394366198
2023,MICHIGAN,LIVINGSTON,3.312417723530657,9812.78844,3867.30708,19336.903281979405,29265.40344000001,149.1747572815534
2023,MICHIGAN,MACOMB,3.178167251030438,7264.72656,2133.62604,9132.89804475142,12441.60918,158.3050847457627
2023,MICHIGAN,MANISTEE,6.154856514087479e-05,1567.2984600000002,999.69324,20613.116113962576,8713.319160000001,112.74509803921569
2023,MICHIGAN,MASON,0.594896339962671,1697.43756,2410.93398,18909.59988534612,19709.17494,131.91616766467067
2023,MICHIGAN,MECOSTA,25.07171537530128,24692.76264,9557.38056,21308.196306245507,49936.02432000001,114.44933920704845
2023,MICHIGAN,MENOMINEE,0.000117568306706,2389.9512,1373.0207400000002,39374.58415003885,12173.21742,59.9390243902439
2023,MICHIGAN,MIDLAND,28.108013028851616,16543.47786,5667.3981,19023.54744896893,17170.85916,170.42016806722688
2023,MICHIGAN,MISSAUKEE,6.418538868959212e-05,8439.74586,3335.67234,21496.209811717115,20116.70934,44.5679012345679
2023,MICHIGAN,MONROE,88.06067186277816,27021.16872,8310.48036,19046.33696750408,57047.78898,182.47058823529412
2023,MICHIGAN,MONTCALM,50.87454768374009,45206.5887,15866.759999999998,26658.034897347257,76997.59158,105.58587479935794
2023,MICHIGAN,MONTMORENCY,6.260329455932073e-05,962.92014,454.14096000000006,20966.35359271576,3038.71932,135.2941176470588
2023,MICHIGAN,MUSKEGON,2.2840699259634163,4284.462,2416.47042,16875.635686924146,20154.8256,122.34482758620689
2023,MICHIGAN,NEWAYGO,20.82735099211901,9604.40208,5209.2222,31916.71543755076,44428.31484,78.99543378995433
2023,MICHIGAN,OAKLAND,0.0086908311058809,3848.55744,1689.3185399999998,17023.76753198131,11744.09964,150.43478260869566
2023,MICHIGAN,OCEANA,42.1146523087965,2305.6324200000004,3800.88618,20373.826199413263,26535.37068,142.816091954023
2023,MICHIGAN,OGEMAW,13.00433980333269,20418.36342,7561.5267,21462.0255379818,18914.03514,134.75177304964538
2023,MICHIGAN,OTSEGO,5.840138862562712e-05,3861.37752,1880.97,19559.10104811251,5914.41942,140.0
2023,MICHIGAN,OTTAWA,3.755153046398362,9546.20394,5051.548320000001,17946.742880853355,41125.41342,139.03394255874673
2023,MICHIGAN,PRESQUE ISLE,7.69782358181753e-05,12795.50454,3776.17422,25780.63858249495,11260.966079999998,107.94520547945206
2023,MICHIGAN,SAGINAW,165.20454258160115,73838.51202,23984.61156,28304.577343135457,70886.97798000001,171.3763440860215
2023,MICHIGAN,SANILAC,719.984226983581,53049.40368,25032.4347,35996.0385802979,69939.36222,156.8471615720524
2023,MICHIGAN,SHIAWASSEE,57.723891167239,35595.28518,11204.875500000002,19900.94376658125,40476.175740000006,138.47079037800688
2023,MICHIGAN,ST CLAIR,148.93446741154818,18145.60566,4466.329140000001,25626.80935468081,23490.1212,158.80434782608697
2023,MICHIGAN,ST JOSEPH,811.9217665597981,28174.53912,18855.55308,19160.28453693749,118484.61534000002,118.29466357308584
2023,MICHIGAN,TUSCOLA,131.31457666776015,90278.17344,31187.378040000003,30321.449394303338,68375.29608,172.76774969915763
2023,MICHIGAN,VAN BUREN,88.49693211735999,14961.01152,8008.5642,22892.06758368844,54012.40572,173.26848249027236
2023,MICHIGAN,WASHTENAW,30.65886803393376,17286.15798,6807.81738,23245.30506650903,47609.27808,174.86702127659575
2023,MICHIGAN,WAYNE,4.364539057787141,3357.9600600000003,1049.37924,6529.195981730653,7565.4306,144.8
2023,MINNESOTA,AITKIN,0.000214042025001,2945.0694,1913.29866,71684.41871092338,14799.72858,44.34782608695652
2023,MINNESOTA,BECKER,894.0244728723837,29535.946440000003,8652.254519999999,53019.80610458018,28249.37934,157.36778846153845
2023,MINNESOTA,BENTON,71.49669851473386,20386.59714,8782.2735,15098.053534616984,68229.14826,130.6322795341098
2023,MINNESOTA,BIG STONE,593.6659040368556,16265.067,6463.65174,19667.351242197423,51684.32178,179.647577092511
2023,MINNESOTA,BLUE EARTH,53.09905948741866,37684.281180000005,13442.9841,28127.95859794827,110576.04558,198.71913746630727
2023,MINNESOTA,BROWN,110.96951763209373,32796.445499999994,12068.9751,22806.60689942277,82479.9885,187.31446540880503
2023,MINNESOTA,CARLTON,9.75284477447211e-05,692.8630800000001,558.49248,32663.072050096773,4088.27328,43.6
2023,MINNESOTA,CARVER,30.25893595336104,11267.62728,4574.256960000001,12488.654094068766,35063.4375,185.1573033707865
2023,MINNESOTA,CASS,0.0002480145193486,14205.79524,5236.369320000001,83062.08395892859,28244.8257,56.84931506849315
2023,MINNESOTA,CHIPPEWA,1927.4239034173709,74872.96362,27433.67718,21838.05252611846,89206.11882,189.14285714285714
2023,MINNESOTA,CHISAGO,265.6940844918571,9214.09944,3918.7785,15901.383931153376,31648.737120000005,152.6590909090909
2023,MINNESOTA,CLAY,1864.3229570687377,80601.97782,26117.145600000003,38935.88597728726,46736.7537,160.6634730538922
2023,MINNESOTA,COTTONWOOD,226.6288128962316,33340.9713,12281.55474,24322.10963723937,96271.96488,201.94812680115274
2023,MINNESOTA,CROW WING,0.0001267716714728,6836.345880000001,2931.6651,42456.86602196642,20528.74824,94.12844036697248
2023,MINNESOTA,DAKOTA,85.75876615778891,20168.0388,9591.44004,16602.161509534377,72023.99022,180.79453681710214
2023,MINNESOTA,DODGE,94.54623770843044,18823.56294,7208.65236,16049.515776210546,56158.85184,187.1864406779661
2023,MINNESOTA,FILLMORE,79.2450287981563,25956.190260000003,11803.16592,32589.006125098687,85145.7516,171.00275482093664
2023,MINNESOTA,FREEBORN,172.07664745263446,39879.55062,14734.874699999998,26213.639365226325,109744.25826,182.23136246786632
2023,MINNESOTA,GOODHUE,71.69911529043267,22913.45238,9605.87082,28418.524918669988,73426.21650000001,183.4523076923077
2023,MINNESOTA,GRANT,612.431627102532,28313.27226,10201.44762,21604.460008271548,54150.11238,184.46425992779783
2023,MINNESOTA,HOUSTON,9.6454212914168,10283.24388,5092.673040000001,20892.28766786294,36394.45446,146.5483870967742
2023,MINNESOTA,ISANTI,6.416929636324581,11600.50164,4478.854380000001,16636.345786610786,39639.62730000001,141.86495176848874
2023,MINNESOTA,JACKSON,411.80111775950127,35620.74516,12775.6902,26384.560727220727,108243.2442,204.20678851174935
2023,MINNESOTA,KANDIYOHI,1539.9470943611611,59542.375620000006,22706.3655,31517.89893073368,97777.87656,188.23952095808383
2023,MINNESOTA,LAC QUI PARLE,1077.9983918871812,32709.1947,13402.39446,29011.05230805032,93751.66164,183.52782369146004
2023,MINNESOTA,LE SUEUR,112.44172752613754,18852.015,6895.286580000001,17422.584037055214,54809.35824,189.19243986254295
2023,MINNESOTA,LINCOLN,299.41353467766555,14965.99104,6535.68552,20652.997756872617,56832.40836,179.68284518828452
2023,MINNESOTA,MAHNOMEN,750.5228876400098,12916.22514,3524.71938,22350.81661704068,12365.0436,180.01609657947685
2023,MINNESOTA,MARSHALL,19116.13843269115,108990.34146,36071.09688,67092.33147405816,71064.9303,163.27390599675851
2023,MINNESOTA,MCLEOD,161.88297979187894,18654.7998,6831.65028,18573.45454266163,53026.43346,176.4892703862661
2023,MINNESOTA,MEEKER,312.7176517344535,27792.1098,10505.46588,24179.675174939184,73887.61926,176.97165991902833
2023,MINNESOTA,MILLE LACS,2.47782616252062,13482.30702,4692.62976,22208.38214762252,31292.7888,107.95454545454545
2023,MINNESOTA,MORRISON,277.9612716890405,32302.89972,15187.63428,43003.81437529332,119179.7061,111.07906976744187
2023,MINNESOTA,MOWER,95.56651068912242,35349.5415,13515.476519999998,26430.139751071936,103614.75852,169.66650717703348
2023,MINNESOTA,NICOLLET,51.22030611165844,22450.87572,8097.28374,17325.728609646358,57572.60418,184.87179487179486
2023,MINNESOTA,NOBLES,82.0794717942369,30304.35408,11192.39394,26897.324800856444,99877.1592,185.58072289156627
2023,MINNESOTA,NORMAN,3911.394411638003,71509.05216,22535.99712,32748.532720562267,32952.95094,165.15102040816328
2023,MINNESOTA,OLMSTED,100.74503960522914,19482.93438,8579.5437,22983.225637491985,63853.55886,161.82051282051282
2023,MINNESOTA,OTTER TAIL,438.24816817323216,76225.10532,27333.89568,81768.77899015039,172537.75811999998,143.21395348837208
2023,MINNESOTA,PINE,0.0001613906128837,9101.3013,4281.03312,54051.031660320456,38669.27064,106.41509433962264
2023,MINNESOTA,PIPESTONE,153.39099962372302,13735.49814,6167.11368,17200.38627339161,54094.42038,141.6747967479675
2023,MINNESOTA,POLK,17258.662681333346,195206.37864,64693.50888,74755.30582736025,92967.62202,146.45210727969348
2023,MINNESOTA,POPE,560.6597213530632,27439.08258,11375.52234,26601.061119603262,82780.47414,178.26538461538462
2023,MINNESOTA,RED LAKE,1996.3231366902216,16404.38436,3927.03948,15946.962962166144,17105.437439999998,154.35215946843854
2023,MINNESOTA,REDWOOD,505.25130985433697,52249.2516,19296.91218,32879.572426645434,130893.3444,175.32594142259416
2023,MINNESOTA,RENVILLE,2786.51425623932,144545.94882,50899.1574,37169.69858715297,148222.29786,207.92838095238096
2023,MINNESOTA,RICE,102.27725106523124,17801.598359999996,6960.61548,18721.586376533407,53817.87138,187.6312849162011
2023,MINNESOTA,SCOTT,33.730894359015004,9506.56434,3703.33782,11645.44204815805,27901.697460000003,177.5
2023,MINNESOTA,SHERBURNE,15.139546063606884,19965.7458,7928.74446,15810.225871539238,54412.02858,154.29577464788733
2023,MINNESOTA,SIBLEY,206.2198728798651,36763.44672,13086.81738,21815.26300714751,73247.87652,181.82977346278318
2023,MINNESOTA,STEARNS,344.7015006065763,51578.05926,24995.14836,50752.2493916524,186144.11634,160.8846153846154
2023,MINNESOTA,STEELE,43.26316462064649,20088.90702,7672.19544,15468.383146969369,59055.54564,189.09124423963132
2023,MINNESOTA,STEVENS,702.7193766095411,24343.5192,9519.02952,21536.09146312515,76676.45076,165.40065146579803
2023,MINNESOTA,SWIFT,1020.790891606284,37462.61064,15977.80548,28070.984820785343,113427.94554,191.0392156862745
2023,MINNESOTA,TODD,65.26498146741831,31972.19844,13628.443919999998,36639.84236960426,101492.31456,109.4696132596685
2023,MINNESOTA,TRAVERSE,480.9373686435055,18719.92668,6640.76322,21735.4997087475,35553.90384,183.78947368421052
2023,MINNESOTA,WADENA,6.044280041974675e-05,20375.50242,8468.5146,20242.78649638066,57297.98802,109.14414414414415
2023,MINNESOTA,WASECA,63.047926661499446,21823.32516,8143.33338,16209.042376613132,64320.68370000001,201.0896860986547
2023,MINNESOTA,WASHINGTON,42.052417756696,6872.60574,3100.26444,12853.28633005582,24513.903960000003,186.44155844155844
2023,MINNESOTA,WATONWAN,21.54232751301617,23000.18448,8324.98212,16425.54277625891,69500.98428,208.30278884462152
2023,MINNESOTA,WILKIN,1057.2561485909123,53065.33596,17714.522279999997,28298.87996735119,40624.79148,134.1423487544484
2023,MINNESOTA,WINONA,43.880705516427525,12486.19554,6617.9349600000005,23387.739527501835,48202.38696,154.13542926239418
2023,MINNESOTA,WRIGHT,55.05559000615556,21802.00932,8244.81294,24128.39875830772,64373.58564,177.95690747782004
2023,MINNESOTA,YELLOW MEDICINE,683.0595454193569,31128.825,12992.54502,28988.26278225193,102725.42826,178.5635910224439
2023,MISSISSIPPI,BOLIVAR,16538.959329835117,73252.30458000001,34278.82458,33175.83612358722,161308.29624,177.14953271028037
2023,MISSISSIPPI,CALHOUN,2562.8758016451884,21432.8751,8427.30252,22265.35593626137,19645.57686,148.96226415094338
2023,MISSISSIPPI,CARROLL,702.5776090396041,7325.720220000001,4927.27872,23980.266912669496,28001.27694,178.63636363636363
2023,MISSISSIPPI,CHICKASAW,1733.0716536485695,5843.79432,4713.350460000001,19126.100267850645,17715.53238,148.0281690140845
2023,MISSISSIPPI,CLAIBORNE,191.9307430647378,2806.86588,2477.98824,18556.362396569657,13884.67626,144.0
2023,MISSISSIPPI,CLAY,1518.4757140417307,3456.1254,2285.1028200000005,15428.501506165663,10765.44924,160.0
2023,MISSISSIPPI,COAHOMA,15616.336686136425,46095.98994,27443.5434,21268.314660648062,136641.68154,183.431151241535
2023,MISSISSIPPI,HINDS,42.21854291636301,6391.95102,10192.182,29592.184931916705,56359.43586,122.34042553191489
2023,MISSISSIPPI,HOLMES,1807.5029257549584,21898.19268,15727.19148,28845.82832619813,82584.42738,182.38372093023256
2023,MISSISSIPPI,HUMPHREYS,3755.5489446353,33233.13084,15108.617160000002,16072.30529372884,82122.76800000001,181.92
2023,MISSISSIPPI,ISSAQUENA,2752.174463955712,23383.55838,9520.40544,15656.396646775653,54623.30874,180.51063829787233
2023,MISSISSIPPI,LAFAYETTE,15.251531648229465,2461.56456,1410.45996,24025.845953226155,9561.240779999998,146.5
2023,MISSISSIPPI,LEE,1386.9712567848671,2134.07922,1728.9909000000002,16049.515776210546,10887.9225,142.5
2023,MISSISSIPPI,LEFLORE,8609.013681968814,53862.2175,31431.92052,22208.382147622524,163491.41172,191.67883211678833
2023,MISSISSIPPI,LOWNDES,1213.6802262623155,7738.87296,4252.684799999999,18869.71822246216,29775.74964,163.4375
2023,MISSISSIPPI,MADISON,564.0479297253057,8601.34548,8579.90406,25820.520232450344,46391.26674000001,177.2463768115942
2023,MISSISSIPPI,MONROE,2381.9614163414617,5648.468280000001,5123.45106,28954.078511712443,30076.97238,155.2991452991453
2023,MISSISSIPPI,MONTGOMERY,110.11761878202992,2791.425,1845.85128,15297.46179354558,11417.31864,163.41463414634146
2023,MISSISSIPPI,NOXUBEE,1312.4101589528293,9385.01928,5787.63822,26891.627429865905,35129.869320000005,163.10704960835508
2023,MISSISSIPPI,PRENTISS,4.651016502435966e-05,2156.71092,926.62206,15576.633345266977,5730.084360000001,115.48387096774194
2023,MISSISSIPPI,RANKIN,285.07950835926243,828.46764,2780.46678,27347.41772735554,18272.72538,128.4
2023,MISSISSIPPI,SHARKEY,3132.093497530964,31218.48366,13877.53458,16254.621412811855,77870.45994,187.86885245901638
2023,MISSISSIPPI,STONE,5.040585916972042e-05,0.0,1303.97904,16881.33306619477,8606.7891,162.625
2023,MISSISSIPPI,SUNFLOWER,11319.248304749764,68199.72978,37090.22772,26093.99440882325,181525.99374,196.60550458715596
2023,MISSISSIPPI,TALLAHATCHIE,7295.851269220589,44555.16156,25438.980840000004,24572.79429696557,127687.833,181.9718309859155
2023,MISSISSIPPI,TIPPAH,181.6829907886368,1956.87492,1115.35788,17228.87316059306,7573.99188,142.0
2023,MISSISSIPPI,TUNICA,11466.830649372872,33561.40788,14172.89328,17114.92559885869,70118.31372,173.95833333333334
2023,MISSISSIPPI,WALTHALL,4.564256500888766e-05,0.0,4441.04388,15286.067028757943,26175.50754000001,99.05263157894737
2023,MISSISSIPPI,WARREN,1075.1282770887824,10707.97182,4029.3708,21541.78883382516,23153.45214,180.5084745762712
2023,MISSISSIPPI,WASHINGTON,9081.923977049571,63764.9922,34425.027,27011.27237944153,179471.52132,199.25666199158485
2023,MISSISSIPPI,WEBSTER,946.326149454624,5473.4589000000005,2349.77106,15542.449070224277,8335.21962,154.375
2023,MISSISSIPPI,YAZOO,2159.3627969877443,34243.36734,17880.713760000002,34662.85196505067,101505.8226,180.03937007874015
2023,MISSOURI,ANDREW,963.0378272342442,18111.40422,6736.70088,16163.46334506289,39192.19122,171.46118721461187
2023,MISSOURI,AUDRAIN,1288.337570023176,40397.24052,15475.36536,26122.481302271088,84099.52278,111.17857142857143
2023,MISSOURI,BARTON,3648.690607650184,16046.21928,9626.2803,22105.82932220389,38006.825220000006,138.07194244604315
2023,MISSOURI,BATES,5163.676558785032,23250.46542,13774.597199999998,31888.228536403883,63770.98182,138.83292383292383
2023,MISSOURI,BOLLINGER,1755.300217061201,8648.842020000002,6067.25028,23262.397200979824,31308.459,117.66233766233766
2023,MISSOURI,BOONE,801.6788887832543,17673.04266,7051.44258,24025.845941604977,35955.18654,118.52813852813853
2023,MISSOURI,BUCHANAN,799.12412109624,18555.69534,7167.68598,14516.920907990574,39746.28294,171.06884057971016
2023,MISSOURI,CALDWELL,1917.609685747592,15580.03902,5306.55216,16174.858107816824,28714.221900000004,146.156462585034
2023,MISSOURI,CALLAWAY,1825.5531176995576,22249.46724,8673.87066,31534.9910576507,44211.19248,135.55248618784532
2023,MISSOURI,CAPE GIRARDEAU,2573.5376054361864,23332.90596,11638.84722,21108.78805428962,58978.62516,130.66666666666666
2023,MISSOURI,CARROLL,4915.903822472283,35896.6335,12598.1856,26293.40267225506,69495.05472,151.68844221105527
2023,MISSOURI,CLARK,730.6260390530133,15269.50152,6069.07392,19262.837365697203,35403.2133,163.77125193199382
2023,MISSOURI,CLAY,462.808765686565,12897.1479,4423.94862,12084.140206237891,22346.51328,189.4857142857143
2023,MISSOURI,CLINTON,1158.317668298767,18537.15864,7531.633200000001,15656.396640529269,42156.25596,185.0390625
2023,MISSOURI,COLE,915.5531147190596,5229.02016,4144.94262,13844.630222912148,21577.12284,108.0701754385965
2023,MISSOURI,COOPER,1728.7245331764582,20004.58278,10003.73556,21382.262227176176,52825.04682,98.84364820846906
2023,MISSOURI,DADE,2045.747660368804,3709.07082,5206.623240000001,18875.4156145742,21383.07444,76.89655172413794
2023,MISSOURI,DALLAS,1366.835148771774,671.80386,2544.73128,20464.98426353061,8813.6139,45.0
2023,MISSOURI,DAVIESS,2826.5429719728745,18042.37344,5681.95446,21325.28843926365,30695.08806,140.1529636711281
2023,MISSOURI,DE KALB,1215.1706655653306,14934.64518,5499.27378,15827.31800847953,30854.37264,186.13963039014374
2023,MISSOURI,DUNKLIN,21156.3577894121,41622.72114,25488.6723,20259.87862533139,130595.2011,160.9433962264151
2023,MISSOURI,FRANKLIN,363.2367296553425,8447.17146,5935.17288,34070.324576687184,32847.57294,118.94472361809045
2023,MISSOURI,GASCONADE,325.9589910297664,3139.4454,2552.50086,19416.666583778617,14829.87324,106.04395604395604
2023,MISSOURI,GENTRY,1425.444860250542,16800.955080000003,6111.95676,18613.33619508652,34979.184239999995,156.47577092511014
2023,MISSOURI,GRUNDY,2088.0830783132706,12521.61456,3945.84372,16317.292572150713,20213.40048,150.67285382830627
2023,MISSOURI,HENRY,3925.687845562576,9218.86602,9360.35646,26737.79820611917,42954.04932,116.66666666666667
2023,MISSOURI,HICKORY,28.9177019145094,729.9965400000001,1996.7493,15354.43557404961,13300.7784,24.28
2023,MISSOURI,HOLT,1153.6326895151662,27962.49456,13135.11654,17428.281420741885,81394.2948,214.1352657004831
2023,MISSOURI,HOWARD,1517.7450162389114,18695.9955,9109.92264,17525.136858261165,49504.897260000005,145.62790697674419
2023,MISSOURI,JACKSON,495.1892664757957,6994.871520000001,3645.00864,14249.14410972617,17695.28124,180.5188679245283
2023,MISSOURI,JASPER,2181.2730204415675,13263.8415,8939.88732,22516.04058669063,35373.194220000005,138.43243243243242
2023,MISSOURI,JEFFERSON,66.66834244526505,3556.0979999999995,1888.70682,22202.684763848687,9812.821199999998,112.22222222222223
2023,MISSOURI,JOHNSON,3356.644904875689,21503.87694,13760.27016,30794.331833817523,71088.82872,121.73489278752437
2023,MISSOURI,KNOX,848.8528484733383,15670.75692,5527.53474,19240.047841409563,30379.3854,126.23839009287926
2023,MISSOURI,LACLEDE,8.502480056982414e-05,1635.6794999999995,7941.96858,28475.498700917185,47843.28822,31.576923076923077
2023,MISSOURI,LAFAYETTE,2855.2295184325326,27987.99822,14194.6896,23541.56875923812,80212.03008,170.12093023255815
2023,MISSOURI,LAWRENCE,1827.7170235351284,2794.0239600000004,4853.26296,22704.054089111683,22803.61356,56.705882352941174
2023,MISSOURI,LEWIS,561.3514526936339,17663.07816,7105.4256,18875.41560478336,40857.34926,140.43715846994536
2023,MISSOURI,LINCOLN,731.4421766504308,22836.02958,9385.99662,23678.30584313927,53383.68672,153.67965367965368
2023,MISSOURI,LINN,3096.2723944946074,17330.97366,6362.062980000001,23342.16050800856,32656.189020000005,150.55555555555554
2023,MISSOURI,LIVINGSTON,4301.264020959317,18173.36976,4361.00028,20088.9572719076,21124.29774,138.1818181818182
2023,MISSOURI,MACON,2107.823574624951,19366.76742,7035.54852,30634.805233269675,35612.35314,131.19096509240245
2023,MISSOURI,MARIES,582.7897738068259,1317.7163999999998,3126.90924,19906.64115500356,22539.82458,62.09090909090909
2023,MISSOURI,MARION,126.5532342963326,19294.1931,7911.49086,16402.753259321667,45198.76998,120.62091503267973
2023,MISSOURI,MILLER,915.7003165963469,2064.699,3933.42768,22567.31700346736,26974.98258,62.2
2023,MISSOURI,MISSISSIPPI,6743.108714570404,36689.40912,21056.75754,15348.7381934716,104284.5258,173.37308347529813
2023,MISSOURI,MONITEAU,1218.8673331320967,9866.394719999998,7081.41798,15576.633346864885,38024.68488,91.9298245614035
2023,MISSOURI,MONROE,1058.1453513404315,32343.52758,11330.13336,24527.215276092284,56471.34402,79.14084507042253
2023,MISSOURI,MONTGOMERY,511.0457302093437,19306.0959,7742.48202,20225.69435377504,42954.37146,137.0018621973929
2023,MISSOURI,NEW MADRID,17203.752131820707,62140.23816,44854.75722,25444.49323966521,235254.29382,182.00294550810014
2023,MISSOURI,OSAGE,507.4925442435576,5379.42132,5134.94436,22778.120006556,30005.369940000004,105.04672897196262
2023,MISSOURI,PEMISCOT,16043.506511864656,37284.11232,19336.25694,18476.59910464846,98645.96742000002,185.65217391304347
2023,MISSOURI,PERRY,1080.6195239232136,14387.72244,6732.60042,17770.12414641577,33934.29858,127.93548387096774
2023,MISSOURI,PETTIS,1452.807162275205,24907.60818,12430.74378,25176.71643544496,64667.27904,111.74785100286533
2023,MISSOURI,PLATTE,1009.7588693783024,16622.78436,6257.356559999999,14556.802558381753,34129.10046,160.20594965675056
2023,MISSOURI,POLK,1601.777805487539,1715.78316,6584.6781,23946.082639079446,46104.889740000006,108.57142857142857
2023,MISSOURI,PUTNAM,978.4175730245698,10886.43738,5744.8755,19485.035134154543,33773.74182,137.88135593220338
2023,MISSOURI,RALLS,344.4383807365084,20196.24516,6939.1303800000005,18060.69045290153,38054.98242,95.02590673575129
2023,MISSOURI,RANDOLPH,1418.8802678681432,17356.1661,6061.659240000001,18174.638030324502,29898.97092,101.7921146953405
2023,MISSOURI,RAY,2296.72173795392,22522.62558,7839.37518,21330.9858212943,40563.57396,167.38095238095238
2023,MISSOURI,SALINE,2360.6275361819885,43051.51578,18783.56298,28481.19608309311,111624.22908,170.59672131147542
2023,MISSOURI,SCOTLAND,775.8743053727056,13944.7035,5643.63618,16442.634910206747,32785.43814,149.55116696588868
2023,MISSOURI,SCOTT,5839.84219111199,33037.08954,21361.01058,15439.896255845766,110981.1885,173.76933895921238
2023,MISSOURI,SHELBY,775.3136196423451,21354.68244,6743.07816,18943.784152399254,35269.372319999995,101.37391304347825
2023,MISSOURI,ST CHARLES,747.5146626785104,15065.28114,6330.711660000001,17462.465691513797,37248.46398,152.56476683937825
2023,MISSOURI,ST CLAIR,1593.12780483783,4104.32568,4892.602260000001,26196.547228867086,24443.7375,58.764044943820224
2023,MISSOURI,ST FRANCOIS,23.25424731902596,3125.60976,2489.3778,16288.805680881847,14111.7522,137.77777777777777
2023,MISSOURI,STE GENEVIEVE,115.10945060448148,7436.574599999999,3700.875360000001,18995.060563510648,19534.63512,146.03603603603602
2023,MISSOURI,STODDARD,19322.5903396263,65009.85582,51536.52504,30942.463678293632,283487.52432,168.11724915445322
2023,MISSOURI,SULLIVAN,1432.891321267278,13200.24888,6906.91638,24652.55759963637,37676.63172,140.08771929824562
2023,MISSOURI,VERNON,5483.117290824614,22384.61316,13243.8579,31278.6090243192,59716.63698,92.28896103896103
2023,MISSOURI,WARREN,263.39703484776044,8007.05178,3443.73666,16374.266367762271,19576.9938,142.68156424581005
2023,MISSOURI,WAYNE,315.86820711598966,1122.34122,902.74548,29102.210355171697,5301.05394,76.88888888888889
2023,MISSOURI,WORTH,768.6179535829807,8973.14418,3186.69624,10118.544557959432,18696.66708,164.47674418604652
2023,NEBRASKA,ADAMS,30.024000398443675,38326.17516,31253.65698,21023.32737815879,203212.29474,201.10249307479225
2023,NEBRASKA,BOX BUTTE,0.0001209876714007,28417.410840000004,15006.94104,40519.75725564536,92182.55592,143.19957761351637
2023,NEBRASKA,BOYD,6.250800063441488,4933.99998,2816.43726,20316.852422017902,22813.829220000003,163.68421052631578
2023,NEBRASKA,BROWN,0.0001376251774219,7769.35614,6524.54712,46091.79362524224,54347.78076,193.62944162436548
2023,NEBRASKA,BUFFALO,76.49776307212369,47964.0252,38803.77228,36178.35469255348,259112.76846000005,193.18032786885246
2023,NEBRASKA,BURT,304.875703471203,28397.60742,16028.785499999998,18812.74444602555,102984.46158,172.37154150197628
2023,NEBRASKA,BUTLER,185.9300897412568,31134.388739999995,22620.99294,22026.066018225705,143491.54092,181.15112540192925
2023,NEBRASKA,CASS,763.9779988074736,29568.72828,13180.625640000002,20954.95882400597,84872.82804,193.87596899224806
2023,NEBRASKA,CEDAR,403.370888246317,32106.54174,21859.61778,27723.44471433008,148506.22332000002,187.7989417989418
2023,NEBRASKA,CHASE,0.0001006926359745,28280.59416,21964.651800000003,33722.78447782928,144911.7579,157.88
2023,NEBRASKA,CHEYENNE,1.3586529559167522,13865.23866,7052.572800000001,44530.71185378359,53839.56942,95.76023391812865
2023,NEBRASKA,CLAY,19.28646253515825,38471.95716,31084.053000000004,21627.249510391783,201002.90574,190.54494382022472
2023,NEBRASKA,COLFAX,62.38065975623262,22933.29948,15977.77272,15610.81762234338,98977.74978,154.25751072961373
2023,NEBRASKA,CUMING,148.6146537017254,27367.58934,15789.51738,21558.880968731744,107013.2427,147.9628482972136
2023,NEBRASKA,CUSTER,128.1653825279776,55146.31122,37564.82184,96918.10893921983,304419.4335,184.93927125506073
2023,NEBRASKA,DAKOTA,124.08631649483024,11795.6202,6248.980920000001,9771.00445740192,44281.0095,193.91167192429023
2023,NEBRASKA,DAWSON,62.750387735902365,45018.748320000006,36264.501,38200.92413664685,251429.18346,225.02743142144638
2023,NEBRASKA,DEUEL,0.0303487045464169,6807.32052,3827.71116,16311.595202946935,30118.63764,114.82558139534883
2023,NEBRASKA,DIXON,112.87462851330176,16992.246180000002,9314.24676,17895.466470323016,68205.23346,170.47413793103448
2023,NEBRASKA,DODGE,226.1237888980797,33228.26598,24198.9657,20083.25989031274,143013.90558,196.53846153846155
2023,NEBRASKA,DOUGLAS,126.62209983787032,10782.68646,6174.353640000001,7526.237253131282,37838.68452,163.61111111111111
2023,NEBRASKA,DUNDY,0.0001034825654143,16596.9258,12572.39256,34657.15458637563,82249.69116,143.86813186813185
2023,NEBRASKA,FILLMORE,176.60944757853983,41590.33788,32323.86612000001,21798.170875872547,213208.86132,183.75853018372703
2023,NEBRASKA,FRANKLIN,49.44401832653164,20966.93508,16621.10268,21587.367869007023,107631.8607,193.72682926829268
2023,NEBRASKA,FURNAS,8.95645985519094,16192.56912,11958.86874,26988.482859744254,78468.4173,101.83011583011583
2023,NEBRASKA,GAGE,936.6321063028564,29857.85712,16727.255999999998,32230.07125806846,100911.87834,162.98191214470285
2023,NEBRASKA,GARDEN,0.0023536278953361,6630.40014,4341.4917,64847.56427099322,31621.3443,123.75296912114014
2023,NEBRASKA,GARFIELD,15.85986183743497,3088.9403999999995,1883.79828,21319.591065977933,16523.23764,165.78125
2023,NEBRASKA,GOSPER,42.97084625637088,15968.33784,13136.91288,17405.49189886564,85764.48426000001,201.52125279642058
2023,NEBRASKA,GREELEY,22.91598154361392,16326.52476,11256.16128,21393.656995493748,87631.49304,183.32506203473946
2023,NEBRASKA,HALL,101.660809692094,37389.19548,31113.88098,20020.588720514817,203766.7359,212.4390243902439
2023,NEBRASKA,HAMILTON,96.54833277497318,44346.92808,37108.97736,20430.79998877844,241247.43006,212.6603325415677
2023,NEBRASKA,HARLAN,60.09773855974984,20533.78782,16164.31362,20880.892906416386,104570.37318,166.75109170305677
2023,NEBRASKA,HAYES,0.8861002902917224,11546.76978,8080.800000000001,26891.62742786125,57224.39268,130.5177111716621
2023,NEBRASKA,HITCHCOCK,8.60677914548146,9695.63322,6657.20874,26828.95626079431,44422.33068,101.93595342066958
2023,NEBRASKA,HOLT,17.79770833712674,48267.492,34562.673599999995,90816.21635746358,262927.54488,215.4712643678161
2023,NEBRASKA,HOWARD,143.37815199970686,22918.25172,17186.97708,21604.460005656783,123246.07386,195.14423076923077
2023,NEBRASKA,JEFFERSON,411.4184855764612,20519.1168,13744.81836,21604.459997086164,86904.23196,135.63318777292577
2023,NEBRASKA,JOHNSON,552.9887686157103,9400.49292,5051.19888,14317.512654364142,28179.22926,172.05621301775147
2023,NEBRASKA,KEARNEY,80.01250739724283,36422.26224,30030.753480000003,19410.969204566096,195500.6508,195.25581395348837
2023,NEBRASKA,KEYA PAHA,8.674298880953943e-05,3909.02148,2928.81498,29050.933946399047,21770.668920000004,184.75728155339806
2023,NEBRASKA,KNOX,266.84049596356755,24972.87156,15728.294400000002,42137.81280372947,119888.31036,152.01282051282053
2023,NEBRASKA,LANCASTER,812.0250562418468,28421.8389,14680.181880000002,28880.012596447097,86306.12718000001,138.30107526881721
2023,NEBRASKA,LINCOLN,39.3767852642979,53351.298,33670.85904,96564.87146380774,290439.26184,179.0251256281407
2023,NEBRASKA,LOGAN,0.6430840626296531,3719.85978,2494.87602,21484.81505072089,24206.15652,193.6
2023,NEBRASKA,LOUP,6.53334287773006,2235.5533199999995,1415.69064,21171.45922323048,13363.52472,111.13636363636364
2023,NEBRASKA,MADISON,92.6876912795301,28119.18564,18508.537320000003,21097.39329066409,129321.70524,161.32450331125827
2023,NEBRASKA,MERRICK,107.55964820582716,31842.6381,26083.21716,18539.270260791487,171366.36425999997,193.28627450980392
2023,NEBRASKA,MORRILL,5.658760863729994,23557.27374,14799.82686,53885.80766832878,106023.50304,156.22252747252747
2023,NEBRASKA,NEMAHA,976.9772653455022,20147.73852,9301.33386,15542.449066737918,57874.908,188.7093389296957
2023,NEBRASKA,PAWNEE,568.3847701373775,7861.89222,3940.92426,16112.18694040124,21291.30822,172.80172413793105
2023,NEBRASKA,PHELPS,108.05657408060934,39477.372480000005,33471.29058,20185.812702367013,216895.26222,220.997375328084
2023,NEBRASKA,PLATTE,170.20068195596198,43634.79666,33453.39816,25655.296252196065,212174.52984,194.77227722772278
2023,NEBRASKA,POLK,71.93506101085174,29159.94354,22879.86246,16505.3060690517,151819.54788,178.35766423357666
2023,NEBRASKA,RICHARDSON,1452.0796573452617,27770.74482,11871.17568,20453.58950092195,72927.60384000001,193.0438596491228
2023,NEBRASKA,ROCK,0.0001145402125268,6066.3166200000005,5270.368740000001,38360.45072910348,41542.77036,222.96703296703296
2023,NEBRASKA,SALINE,493.3295866027015,28769.45526,19487.28054,21604.459998829338,125123.33106,156.12666666666667
2023,NEBRASKA,SARPY,166.2712332232981,10293.7926,5293.81944,7235.670939237018,33000.76962,181.160409556314
2023,NEBRASKA,SAUNDERS,377.509498864903,42142.99362,27104.19348,28395.73540652648,160443.42678,188.22994652406416
2023,NEBRASKA,SCOTTS BLUFF,96.54505201146884,30894.208800000004,19626.707100000003,27620.89189573889,137499.5349,156.41333333333333
2023,NEBRASKA,SHERMAN,63.83225708494998,16462.01466,12000.31014,21325.28844673026,88388.24358,188.02310654685493
2023,NEBRASKA,SIOUX,6.920452476827155,4884.52146,4125.53232,78128.15401217977,28928.96916,122.65822784810126
2023,NEBRASKA,STANTON,56.12068446626349,16031.95776,9419.16066,16197.647625538491,67696.61262,157.30731707317074
2023,NEBRASKA,THAYER,161.73251739219396,29159.13,21576.01992,21587.36786842596,138928.36229999998,155.2912912912913
2023,NEBRASKA,VALLEY,74.98661558415141,17799.7365,12201.4074,21462.02553090741,95088.83748,185.46391752577318
2023,NEBRASKA,WASHINGTON,218.5367748819552,19211.8836,10390.4346,14534.013044785605,63660.6243,151.7391304347826
2023,NEBRASKA,WAYNE,65.67298699640526,19743.9606,11640.24498,16801.56976788192,84355.98444,152.31906614785993
2023,NEBRASKA,WEBSTER,31.176302574605,16614.96564,12266.74722,21672.82854519596,79648.42704000001,138.29938900203666
2023,NEBRASKA,WHEELER,5.78970337679266,9566.88096,5469.83892,21524.696700385743,49225.34526,189.41176470588235
2023,NEW YORK,ALLEGANY,0.9451147387560294,13901.31834,5760.452880000001,38428.81927638526,28115.975160000005,97.8061224489796
2023,NEW YORK,BROOME,7.481774170766223e-05,856.45014,1876.7658,25057.0714958926,15954.90078,47.68181818181818
2023,NEW YORK,CATTARAUGUS,0.0001469306127531,6173.622,4218.27588,49208.25976111429,34847.66376,72.68595041322314
2023,NEW YORK,CAYUGA,14.896516776232414,13861.98996,7771.75308,26293.402661796,55480.698,91.55660377358491
2023,NEW YORK,CHAUTAUQUA,0.0017368197890155,8299.7733,6147.07548,39123.89947476931,50327.36436000001,96.82539682539682
2023,NEW YORK,CHENANGO,0.0001008457418551,3575.27352,3881.44848,33774.06088512021,35339.47872,51.007751937984494
2023,NEW YORK,COLUMBIA,7.129630636824938e-05,529.3743000000001,3159.58188,23877.714099453104,24880.10616,101.68141592920354
2023,NEW YORK,CORTLAND,0.0038352882356862,5129.38608,4068.8193,18516.480755184897,34329.3678,52.848101265822784
2023,NEW YORK,ERIE,0.0390905093557911,10284.28674,5318.41674,30315.752028832856,32780.87904,95.97510373443983
2023,NEW YORK,FRANKLIN,49.20114007090984,4170.932220000001,2682.5034600000004,62745.23154118145,8589.67746,109.6923076923077
2023,NEW YORK,GENESEE,5.396131803572437e-05,12057.30708,6963.886020000001,18072.085218996548,46783.818900000006,121.34538152610442
2023,NEW YORK,HERKIMER,2.031401065267046,6015.2001,4595.616480000001,53954.17621635142,39215.53818,71.15606936416185
2023,NEW YORK,JEFFERSON,0.473180789353915,15189.23952,9067.24728,47174.29556995557,65384.87592,92.59541984732824
2023,NEW YORK,LEWIS,0.0006854335722386,2421.74478,1748.08452,48706.89044747248,13093.72974,57.08171206225681
2023,NEW YORK,LIVINGSTON,26.785269283305823,14331.134999999998,7992.38076,23256.69982359764,53629.79622,111.65853658536585
2023,NEW YORK,MADISON,1.4673731596603776,9252.6798,6273.79116,24532.912649479684,52411.46274000001,91.07806691449814
2023,NEW YORK,MONROE,4.907894151121996e-05,7346.04234,4015.3113,16436.93752739166,27298.01802,170.8239700374532
2023,NEW YORK,MONTGOMERY,74.61148297868803,3880.09986,4329.46878,15137.93518587975,34723.04472,75.3030303030303
2023,NEW YORK,NIAGARA,0.1505328416749521,6769.63014,3697.15164,17707.452976182052,25977.238560000005,147.12990936555892
2023,NEW YORK,ONEIDA,20.406310075464315,10977.89784,7338.58944,43995.1582637917,57692.72418,130.05830903790087
2023,NEW YORK,ONONDAGA,1.6118539443458912,9240.504,5854.7853,24834.87371523303,43141.32732,90.6145251396648
2023,NEW YORK,ONTARIO,2.7133308841372474,14422.05492,6863.09442,23906.20099362727,45241.40166,81.82481751824818
2023,NEW YORK,ORLEANS,4.353310618023692e-05,8036.48664,3487.61322,14579.59207401161,22897.98966,172.75
2023,NEW YORK,OSWEGO,0.0001068849183922,7917.606060000001,3129.42084,35796.630329358864,17651.21904,118.21176470588236
2023,NEW YORK,OTSEGO,3.4791521209238705,5227.95546,4460.74902,37557.12034458048,39875.59758,94.38271604938272
2023,NEW YORK,RENSSELAER,6.956110633643789e-05,444.5805,2083.73256,23296.58146614452,16033.21356,88.20754716981132
2023,NEW YORK,SENECA,12.382956613563524,7489.21992,3519.82722,12876.075845685678,23164.13736,154.85714285714286
2023,NEW YORK,ST LAWRENCE,22.76892263449659,5936.985599999999,4761.64962,102530.02694597428,39024.24708,91.11111111111111
2023,NEW YORK,STEUBEN,4.450775886394998,46155.34014,16007.80818,52262.054752377335,69323.81274000001,103.46578366445917
2023,NEW YORK,SUFFOLK,4.911296503997976e-05,0.0,5386.99434,16448.332284480264,16548.697620000003,98.4
2023,NEW YORK,TOMPKINS,13.747970444265384,4849.98696,3619.5159,17621.99229511222,27481.94904,77.6086956521739
2023,NEW YORK,ULSTER,0.0001253086596624,300.97704,1598.7153,41966.89144246138,11623.6302,112.63636363636364
2023,NEW YORK,WASHINGTON,9.441529475910072e-05,1305.53514,5169.77916,31620.45174162583,36639.05154,43.297872340425535
2023,NEW YORK,WAYNE,11.08398434965936,12033.9219,4773.7599,22134.316215506464,30010.4532,154.05042016806723
2023,NEW YORK,WYOMING,8.25552673926754,29749.15944,10899.37212,22367.908753399908,49100.26758,61.4054054054054
2023,NEW YORK,YATES,10.6812985003051,5490.91998,3407.5259400000004,13240.70808065588,24373.34172,108.93442622950819
2023,NORTH CAROLINA,ALAMANCE,1.350402284377651,992.56794,3676.764,14209.262459916052,21140.617680000003,136.94444444444446
2023,NORTH CAROLINA,ALEXANDER,8.251708732371572,561.4518,1961.2866,9771.004457692448,9974.715660000002,72.14285714285714
2023,NORTH CAROLINA,ANSON,5.952416509421898e-05,6607.8285,2956.93398,19935.128038573395,18542.85342,102.84313725490196
2023,NORTH CAROLINA,BEAUFORT,339.7831992661829,26234.21892,9147.918780000002,30629.1078516748,53315.63874,151.36363636363637
2023,NORTH CAROLINA,BERTIE,2551.8925028832314,18503.13192,9124.55544,26367.468593476264,65516.17254,139.23664122137404
2023,NORTH CAROLINA,BLADEN,247.7597673562921,15394.13694,7588.54278,32777.019619530176,44317.2366,141.64705882352942
2023,NORTH CAROLINA,BRUNSWICK,9.02644241506439e-05,2759.3584200000005,1437.02286,30230.29134340508,9085.718459999998,139.85294117647058
2023,NORTH CAROLINA,BUNCOMBE,6.268835337081035e-05,161.67606,843.5154,20994.84048195092,4589.4303,73.85714285714286
2023,NORTH CAROLINA,BURKE,5.622388273728803e-05,330.53202000000005,1468.45062,18829.83657846264,9062.91204,122.07142857142857
2023,NORTH CAROLINA,CALDWELL,4.958929445562929e-05,271.65138,1189.3681800000002,16607.858888078685,7278.36564,160.0
2023,NORTH CAROLINA,CAMDEN,176.88601524553798,17613.66516,5245.9134,8979.06881926151,19308.64026,170.32608695652175
2023,NORTH CAROLINA,CASWELL,58.84588365464108,556.60332,1971.15828,16032.423640577634,10712.01768,103.875
2023,NORTH CAROLINA,CATAWBA,4.014776497755049e-05,808.1346000000001,2175.07836,13445.813713189778,10349.57742,147.5
2023,NORTH CAROLINA,CHATHAM,7.616167111969899e-05,846.39282,2495.3565,25507.164409608395,14792.270220000002,88.78048780487805
2023,NORTH CAROLINA,CHOWAN,1425.8649105200386,9355.34418,3832.93092,6210.142774533817,23996.99484,147.17391304347825
2023,NORTH CAROLINA,CLEVELAND,5.086517681882133e-05,1226.9712,2696.39916,17035.162290522567,11808.20004,123.33333333333333
2023,NORTH CAROLINA,COLUMBUS,544.7030743502643,30317.223300000005,9606.58062,35409.20857381981,56834.33574,124.7710843373494
2023,NORTH CAROLINA,CRAVEN,226.4588413779919,9655.86804,3959.91414,24703.834015977303,26697.22692,134.0909090909091
2023,NORTH CAROLINA,CURRITUCK,7.510227160079374,10636.56594,3194.59686,9320.911541071351,13500.88194,155.5
2023,NORTH CAROLINA,DAVIDSON,2.336039015291667,1585.98804,3952.5213,19952.22018074322,23963.26296,115.29411764705883
2023,NORTH CAROLINA,DAVIE,10.734327077846167,767.39208,2457.2293199999995,9611.477854094026,15427.55214,124.87179487179488
2023,NORTH CAROLINA,DUPLIN,2677.013072350948,23596.4001,14186.53236,30600.62095604799,85448.16462,135.009633911368
2023,NORTH CAROLINA,DURHAM,2.2131204508362043,339.92322,412.83606,6928.012490000375,1669.72806,102.44444444444444
2023,NORTH CAROLINA,EDGECOMBE,2687.5883050043926,25354.97874,10136.85036,18715.889000313346,58685.01912,119.78494623655914
2023,NORTH CAROLINA,FORSYTH,2.7780211956729805e-05,636.85986,1720.33134,9303.819405438444,9809.348639999998,108.94736842105263
2023,NORTH CAROLINA,FRANKLIN,152.31125027808972,2823.09846,1699.70892,18191.730165521607,7549.525619999999,92.8
2023,NORTH CAROLINA,GATES,717.0285285044228,8859.396,3663.81834,13058.391963170778,26712.40026,126.3157894736842
2023,NORTH CAROLINA,GRANVILLE,5.845242391009191e-05,1696.68408,1828.83792,19576.19318084012,8833.13886,97.3076923076923
2023,NORTH CAROLINA,GREENE,1974.693729659317,13889.18622,5406.50838,9879.254652939491,33743.0184,148.27272727272728
2023,NORTH CAROLINA,GUILFORD,5.433557683906981e-05,987.5502,3539.02458,18197.427542613263,19474.18746,120.74074074074075
2023,NORTH CAROLINA,HALIFAX,1628.5581437645149,19256.07138,7321.00278,27227.772773567245,44693.72544,124.69135802469135
2023,NORTH CAROLINA,HARNETT,637.3918190104886,8925.4347,4716.36438,21564.57835090766,19465.61526,152.77777777777777
2023,NORTH CAROLINA,HENDERSON,3.700058848919501e-05,339.02232,2027.3526,12391.798656346122,13148.37342,171.42857142857142
2023,NORTH CAROLINA,HERTFORD,802.5723855285501,10405.74444,5063.4948,13269.19497395845,36484.53354,125.9375
2023,NORTH CAROLINA,IREDELL,153.43270476872067,1561.16688,4857.8985,19638.864353543337,27830.06772,97.73148148148148
2023,NORTH CAROLINA,JOHNSTON,1395.306827958811,34882.946280000004,12445.3602,27985.52414029656,38684.6187,133.83561643835617
2023,NORTH CAROLINA,JONES,167.83930548136192,8422.099139999998,4072.1226,17627.689680338706,27635.52792,155.44444444444446
2023,NORTH CAROLINA,LEE,2.698065900484983e-05,570.00762,845.0169,9036.042605140332,4557.2436,82.70588235294117
2023,NORTH CAROLINA,LENOIR,1659.6054797246968,15986.67798,7350.97818,14767.605570331543,51088.783200000005,147.94979079497907
2023,NORTH CAROLINA,MARTIN,1167.009443430758,13911.0699,5591.11644,17462.46569165906,37479.50388,123.82352941176471
2023,NORTH CAROLINA,MOORE,9.432736104518602,841.32048,2041.80522,25820.520233902986,10317.09588,96.20689655172414
2023,NORTH CAROLINA,NASH,2216.576134994654,29882.99496,8966.70138,19462.24561285936,22639.54056,115.52631578947368
2023,NORTH CAROLINA,NORTHAMPTON,385.6891649124368,15974.45304,6229.95828,20590.326600947483,42450.92124,120.1875
2023,NORTH CAROLINA,ONSLOW,275.3140288343766,7382.138400000001,4421.57898,26504.20567374579,27052.73298,126.07476635514018
2023,NORTH CAROLINA,ORANGE,22.99443842646025,774.57744,1738.01628,13690.80099785803,9579.52632,124.8
2023,NORTH CAROLINA,PAMLICO,160.23597413416812,6477.5802,1767.58218,12613.996425093988,8253.73458,142.2012578616352
2023,NORTH CAROLINA,PASQUOTANK,801.7437128618794,20745.25908,6046.791660000001,7919.356381404052,24873.843539999994,172.6293103448276
2023,NORTH CAROLINA,PENDER,18.519515038329644,6143.4282,3170.97144,32463.663782161755,21469.2933,162.05298013245033
2023,NORTH CAROLINA,PERQUIMANS,1662.4383149197254,14138.00934,4790.66952,9189.871831356566,29344.24038,165.03311258278146
2023,NORTH CAROLINA,PERSON,215.8463212035276,1424.36658,2190.24078,15132.237807335448,10975.56096,100.97560975609755
2023,NORTH CAROLINA,PITT,1629.3650699917291,26329.71432,8915.295479999999,22504.64582814937,56672.555940000006,120.94444444444444
2023,NORTH CAROLINA,RANDOLPH,8.456548294024177e-05,1488.28134,3945.84918,28321.66948312631,23384.279100000003,108.82882882882883
2023,NORTH CAROLINA,ROBESON,2802.1051072602686,46497.40368,15849.79032,34799.589047789705,93167.02668,153.47551342812005
2023,NORTH CAROLINA,ROCKINGHAM,6.200788279995181e-05,715.89336,2572.06404,20766.945341631457,13080.8496,133.2258064516129
2023,NORTH CAROLINA,ROWAN,188.6151412304108,2123.46498,3507.4712400000003,17861.282199783524,20164.4625,126.98113207547169
2023,NORTH CAROLINA,RUTHERFORD,6.238214160329726e-05,529.0467,1712.19048,20892.28766524817,9131.93736,92.16666666666667
2023,NORTH CAROLINA,SAMPSON,3719.5042762911817,33161.648519999995,16620.27822,35916.27527878922,84485.84508,154.66076696165192
2023,NORTH CAROLINA,SCOTLAND,946.3602246624108,6108.20574,1842.24222,11520.09971582545,10478.859300000002,115.5223880597015
2023,NORTH CAROLINA,STANLY,4.443472971405884e-05,9101.312220000002,4682.8782,14881.553144122892,28053.037740000003,116.7175572519084
2023,NORTH CAROLINA,STOKES,4.969136504624613e-05,511.96782,1962.16566,16642.043160797148,12461.12322,120.47619047619048
2023,NORTH CAROLINA,SURRY,216.4719520877572,1084.02294,3892.3521,19730.022411704824,24003.96726,168.72
2023,NORTH CAROLINA,TRANSYLVANIA,4.207009440452852e-05,72.26856,415.98102000000006,14089.61750612775,2529.60162,155.2941176470588
2023,NORTH CAROLINA,TYRRELL,1204.2409425776725,12791.813579999998,4380.07206,14351.69692570259,20610.12954,172.90196078431373
2023,NORTH CAROLINA,UNION,6.263731807767064e-05,14065.70802,8739.94758,20977.748346318007,50070.10554,132.75541795665634
2023,NORTH CAROLINA,WAKE,55.26719081689761,5649.35826,2671.80186,17576.413265305153,9731.31432,75.46153846153847
2023,NORTH CAROLINA,WARREN,2.6526492427576898,1217.3616,747.62688,16562.27985681897,3173.06262,105.23809523809524
2023,NORTH CAROLINA,WASHINGTON,1719.2793850367093,23084.475960000003,7922.1324,12915.95749535053,37575.5562,167.66763848396502
2023,NORTH CAROLINA,WAYNE,3842.614751887869,20901.25128,9151.63704,19741.41717024608,58275.47544,130.96618357487924
2023,NORTH CAROLINA,WILKES,439.36296954859074,803.51544,3922.10364,28230.511419154227,25701.21372,148.64864864864865
2023,NORTH CAROLINA,WILSON,2058.9883397406093,26234.90142,7693.50582,13200.826429974168,28801.36896,124.03225806451613
2023,NORTH CAROLINA,YADKIN,241.8710705143564,1157.45448,3566.82144,12386.10127634917,21538.597080000003,150.8724832214765
2023,NORTH DAKOTA,ADAMS,10.389110229931166,3086.87652,1187.72472,37340.61995411544,11511.771180000002,90.33826638477801
2023,NORTH DAKOTA,BARNES,1957.6340151187464,34939.83948,7071.45894,56478.114970455004,74127.42792,142.36594594594595
2023,NORTH DAKOTA,BENSON,2415.423349896168,23020.53936,6385.69386,50985.841914147786,65854.10832,97.10951008645533
2023,NORTH DAKOTA,BILLINGS,0.0282696606087379,1594.54932,713.64384,43425.42039893142,5657.95776,79.85135135135135
2023,NORTH DAKOTA,BOTTINEAU,6080.889130379051,30640.44984,8680.14966,63850.52300129221,86239.7991,108.81318681318682
2023,NORTH DAKOTA,BOWMAN,3.08731157960154,2963.04918,1182.41214,44211.65865345779,10355.6817,101.1842105263158
2023,NORTH DAKOTA,BURLEIGH,46.579438919992654,5536.47276,1788.40662,60996.13628304844,20642.50734,123.01339285714286
2023,NORTH DAKOTA,CASS,2183.765989870469,88421.06364,27056.55498,65149.52535413476,72374.38026,158.76923076923077
2023,NORTH DAKOTA,CAVALIER,17737.58719807058,53012.259300000005,15744.357719999998,57076.339740602205,140344.72452000002,90.85365853658537
2023,NORTH DAKOTA,DICKEY,1223.709738122838,22777.73862,9805.37922,42696.15591797994,89619.98136,165.45630498533725
2023,NORTH DAKOTA,DUNN,1.744067669316158,6103.42278,2740.99644,76293.59807412451,14897.49534,83.33333333333333
2023,NORTH DAKOTA,EDDY,462.4741733884936,8456.415239999998,2282.38374,24008.75381092559,24011.19084,131.65198237885463
2023,NORTH DAKOTA,EMMONS,1.1021292505170763,9078.1509,3114.4331400000005,56706.01012113185,34445.10888,138.31034482758622
2023,NORTH DAKOTA,FOSTER,798.1748912146898,13138.1796,2964.22308,24014.451189615163,33802.0956,143.75191424196018
2023,NORTH DAKOTA,GOLDEN VALLEY,0.0001112059066579,1407.52794,603.6466800000001,37243.76451752585,5675.71914,101.07344632768361
2023,NORTH DAKOTA,GRAND FORKS,3847.4854534493184,83106.13038,23474.32542,53401.5304886929,89443.2903,133.24924924924926
2023,NORTH DAKOTA,GRANT,0.7308665843383172,4148.06574,1526.52318,62517.33638810775,16840.80762,107.13933415536376
2023,NORTH DAKOTA,GRIGGS,861.4372125920437,14081.09976,3090.37092,26914.41693611166,31575.9171,142.2772073921971
2023,NORTH DAKOTA,HETTINGER,48.96354215248674,7001.07954,2553.0414,42998.11698749565,27023.183460000004,112.74703557312253
2023,NORTH DAKOTA,KIDDER,120.1933418005036,8594.121900000002,2698.07538,51236.52657364156,25065.17286000001,104.11873840445269
2023,NORTH DAKOTA,LA MOURE,1551.6252669566816,20938.42842,6613.24482,42992.419613265694,60283.177500000005,160.9679347826087
2023,NORTH DAKOTA,LOGAN,159.67588587818304,8352.09648,2258.04306,37614.094124837546,24776.99406,125.4356846473029
2023,NORTH DAKOTA,MCHENRY,1332.977189801583,17390.17644,4975.96008,71291.29958206952,54045.24762000001,91.59831756046268
2023,NORTH DAKOTA,MCINTOSH,126.9023851626762,8736.45318,2540.06298,36206.84158777354,27533.6607,129.76426799007444
2023,NORTH DAKOTA,MCLEAN,1179.1602537001872,23296.39494,7070.383320000001,80042.47324517774,80258.997,113.25605900948366
2023,NORTH DAKOTA,MORTON,0.0002160324014886,4770.675,1700.34774,72351.0120190554,19831.05306,92.32142857142857
2023,NORTH DAKOTA,MOUNTRAIL,1742.8042815637714,12660.5661,4328.589720000001,69929.62607453659,46752.02532,37.73913043478261
2023,NORTH DAKOTA,NELSON,5651.196845977436,24158.05938000001,6065.57406,36936.106058701735,54916.510740000005,113.82608695652173
2023,NORTH DAKOTA,OLIVER,12.609260808655282,2860.69602,973.76916,27712.04995424901,11386.62252,105.8029197080292
2023,NORTH DAKOTA,PEMBINA,10315.8717650514,114774.31602,37570.37466,42308.73416746705,71829.31938,113.5752688172043
2023,NORTH DAKOTA,PIERCE,911.8191750421488,11405.104619999998,3289.2568799999995,38901.701712311406,33836.10048,90.67846607669617
2023,NORTH DAKOTA,RAMSEY,12686.949327670596,27381.92184,7378.03794,44251.54030583909,82395.75162,100.39252336448598
2023,NORTH DAKOTA,RANSOM,1435.3777138451053,23070.03972,7792.50108,32184.49222884245,69611.96424,166.2
2023,NORTH DAKOTA,RENVILLE,4257.660995174944,18681.72306,6040.93854,33494.88932864866,58589.28348,90.72625698324022
2023,NORTH DAKOTA,RICHLAND,1266.6703695825277,71251.60224,25015.66704,54051.03165015192,87560.97168,161.19242902208202
2023,NORTH DAKOTA,ROLETTE,2373.9695947074897,12015.99672,3645.28164,35209.800315036475,30789.857280000004,48.516129032258064
2023,NORTH DAKOTA,SARGENT,1068.7753246922657,17960.921159999998,7068.88728,32218.676498859,62600.68542,157.2794612794613
2023,NORTH DAKOTA,SHERIDAN,196.26447370357388,7074.94788,2141.685,37386.19897565694,23586.4356,106.40243902439025
2023,NORTH DAKOTA,SIOUX,0.1495244567066955,586.61694,245.62902,41687.71989444424,1611.80838,104.41176470588235
2023,NORTH DAKOTA,SLOPE,21.539714646613938,4234.76508,1554.74046,46080.3988648997,16943.663099999998,96.6842105263158
2023,NORTH DAKOTA,STARK,7.949787372125611,6189.7836,2483.0169,49703.93171814678,23485.032480000005,101.99575371549894
2023,NORTH DAKOTA,STEELE,788.0727017812261,26914.58406,6594.36414,27073.943549573552,41710.75272,149.76666666666668
2023,NORTH DAKOTA,STUTSMAN,2937.947632971136,34036.12757999999,7723.443,85289.75902030306,82243.04088,146.57142857142858
2023,NORTH DAKOTA,TRAILL,2147.374908161096,56686.71918,17549.08974,32389.59787212593,48195.63294,152.10569105691056
2023,NORTH DAKOTA,WALSH,14089.294303788178,89029.74444,28005.77052,48416.32412646024,86305.37916,124.13373860182371
2023,NORTH DAKOTA,WARD,4187.507343531422,27278.38932,8438.31534,76179.6504916173,90637.2285,118.79629629629629
2023,NORTH DAKOTA,WELLS,824.6916596795418,19709.6445,5309.00916,48228.31063762146,64089.38172,154.71146245059288
2023,NORTH DAKOTA,WILLIAMS,985.5993319644888,16132.56918,5841.51204,78783.35256451607,61027.9488,72.86516853932584
2023,OHIO,ALLEN,21.085000896892847,19809.84096,6453.59442,14049.735856317631,46917.39234,186.03886397608372
2023,OHIO,ASHTABULA,7.638282403495041e-05,6097.32942,3393.95238,25581.23032342109,19797.9327,174.1409691629956
2023,OHIO,ATHENS,5.603675331175936e-05,546.7644,1280.94876,18767.16540866472,7610.2026,181.53846153846155
2023,OHIO,AUGLAIZE,14.435862627576146,17628.81666,5720.0052000000005,14665.052754790917,39821.6637,189.775429326288
2023,OHIO,BELMONT,5.85204710023111e-05,861.33684,3427.0072199999995,19598.98270663851,23475.8433,49.5
2023,OHIO,BROWN,35.731310819743506,7585.3596,3779.66862,18413.927936012653,20191.21650000001,205.748031496063
2023,OHIO,BUTLER,19.417956881703628,9007.40568,3945.123,12403.193413434728,23556.897,185.55944055944056
2023,OHIO,CARROLL,19.41034126618699,4262.01048,2968.23072,14847.36887140443,20559.5754,145.1968503937008
2023,OHIO,CHAMPAIGN,147.4807004911456,22007.24526,8147.48844,15952.6603380521,58425.150420000005,194.3932584269663
2023,OHIO,CLARK,81.84783733955106,18520.134360000004,7246.98156,13645.221968050962,49506.0384,189.306625577812
2023,OHIO,CLINTON,38.454817053783664,21374.43126,6711.721379999999,15092.356156072685,45293.22798,216.96598639455783
2023,OHIO,COLUMBIANA,5.738068274114589e-05,9526.34046,5152.62384,19217.258328191103,35317.993619999994,146.53696498054475
2023,OHIO,COSHOCTON,0.4492827043336467,7000.69734,4961.22354,21017.629998742894,34590.94002,166.53846153846155
2023,OHIO,CRAWFORD,50.4702390165729,21365.105580000003,7506.8448,14653.65799668546,51032.33772,196.0621761658031
2023,OHIO,DARKE,72.91962633908093,28697.69994,9861.36606,22362.211367447104,69524.7735,198.62453531598513
2023,OHIO,DEFIANCE,130.14003677785124,20130.67056,5279.88552,15183.514214669967,37416.30438,152.65536723163842
2023,OHIO,DELAWARE,13.83244194730066,17584.07196,5000.06598,14340.30216788766,32787.835080000004,188.25352112676057
2023,OHIO,ERIE,0.8882064497509345,2909.47566,3649.30566,8887.910760083168,21129.37008,179.02985074626866
2023,OHIO,FAIRFIELD,186.62331483983547,18276.37266,8125.61022,17422.58404170368,49784.76594,189.1029900332226
2023,OHIO,FAYETTE,123.76485101522904,22886.48544,7908.9192,14989.803339951,53014.60164000001,197.46187363834423
2023,OHIO,FULTON,138.26571160274958,21578.44962,7570.10436,14881.553144122889,56914.82706,194.4645006016847
2023,OHIO,GALLIA,5.283854152158927e-05,852.42066,2589.56334,17696.05821328286,15821.0871,156.8421052631579
2023,OHIO,GEAUGA,4.496209442284805e-05,1740.9646800000005,1571.43714,15058.171883354218,10724.52108,159.3939393939394
2023,OHIO,GREENE,65.72109179370541,17359.68234,6622.54866,13348.958275031337,44354.56116,205.67062818336163
2023,OHIO,GUERNSEY,5.869058865044755e-05,2111.0271,3218.80104,19655.956493534188,22033.89006,156.06060606060606
2023,OHIO,HARDIN,58.80634300907855,25689.2454,7974.39552,17382.702393346208,57190.32774,179.56769055745164
2023,OHIO,HARRISON,0.1093659321563342,867.0480000000001,2497.25658,15388.619846477546,17367.337259999997,168.46153846153845
2023,OHIO,HENRY,24.40000150551584,22424.28006,7518.693,15456.988397870322,53993.95092,194.95662949194548
2023,OHIO,HIGHLAND,37.55369707237268,17457.6129,5615.22234,20721.366306013795,33088.075020000004,196.19450317124736
2023,OHIO,HOLMES,6.990646222837617,7537.53546,5801.84514,15753.252084643564,39636.66252,147.64423076923077
2023,OHIO,HURON,3.11861392058849,21043.83918,7989.8091,18168.94065424969,53171.37462,188.5303514376997
2023,OHIO,JACKSON,232.3956935045689,1932.7035,2395.0017,15565.238586870984,15217.50594,135.5
2023,OHIO,JEFFERSON,4.394138853402941e-05,1022.52696,2182.4166,14716.32916198017,14962.13082,148.14814814814815
2023,OHIO,KNOX,14.82341682710222,15538.46658,6587.8995,19610.377462274468,42599.6025,178.24091778202677
2023,OHIO,LICKING,48.31182239932235,19703.15802,7444.31688,23820.74030819948,46205.93796,174.81216457960645
2023,OHIO,LOGAN,94.90563676840362,20460.8313,6476.8158,16932.609469461877,45599.69778,174.88308115543327
2023,OHIO,LORAIN,0.0964038393179434,5539.5249,2479.50612,14682.144889261705,14553.30786,188.5897435897436
2023,OHIO,LUCAS,2.005823525502449,8678.52258,2921.98998,7913.659002859749,21098.67942,195.4
2023,OHIO,MADISON,183.6790564802695,25643.47422,8369.961599999999,16812.96451567358,57954.49842,188.3083511777302
2023,OHIO,MAHONING,3.905901203121224e-05,6555.084900000001,3143.99904,13081.181477638518,21202.25016,180.3658536585366
2023,OHIO,MEDINA,0.0163016788238106,7219.315740000001,2748.837,13958.577795250849,17066.74788,168.44827586206895
2023,OHIO,MEIGS,4.880675326075555e-05,378.8694,1525.58952,16345.779463855371,9439.70664,164.0
2023,OHIO,MERCER,54.94409076248985,19241.81532,6876.66252,17052.254426736534,45230.92938,184.80373831775702
2023,OHIO,MIAMI,24.15160038384237,18837.41496,7208.06268,14328.907410799056,48326.64018,195.74175824175825
2023,OHIO,MONROE,5.125644739175161e-05,175.28784000000002,638.9128199999999,17166.20199442676,4224.713220000001,54.44444444444444
2023,OHIO,MONTGOMERY,7.151311592288781,11079.85788,4406.08896,10859.203787254562,28254.29334,194.04011461318052
2023,OHIO,MORGAN,4.736075324378837e-05,1331.7158399999998,1615.51026,15861.502272627373,10898.46576,155.74074074074073
2023,OHIO,MUSKINGUM,2.1330731277025903,7378.2345,4407.372060000001,24635.46546618243,29414.36862,163.0857142857143
2023,OHIO,NOBLE,4.4945082645022056e-05,848.71332,1140.4575000000002,15052.474500306707,7519.47378,153.875
2023,OHIO,OTTAWA,8.641407300241097,9795.83514,2394.17178,9657.056882448447,14626.04598,189.06976744186048
2023,OHIO,PAULDING,141.88114296205185,22129.65846,5961.81222,15872.89704206348,41044.85112000001,169.56259426847663
2023,OHIO,PERRY,88.21869779276585,6469.37928,3303.03792,15286.067032389565,20896.39188,187.45664739884393
2023,OHIO,PICKAWAY,278.2663627325086,25893.3129,10191.70698,18413.92793310736,64908.5346,190.35830618892507
2023,OHIO,PIKE,435.2311509071538,3105.61524,1689.9792,16567.97723245797,10404.7398,173.33333333333334
2023,OHIO,PORTAGE,5.0797129761301735e-05,5504.89212,2903.3004,17012.37277634535,19042.42158,176.04026845637583
2023,OHIO,PREBLE,0.6338269997461441,19638.51162,7643.44854,15741.85732755496,50613.28272,206.13636363636363
2023,OHIO,PUTNAM,42.30352794797365,24148.04028,7064.86326,17929.650738247743,48058.8381,186.45939086294416
2023,OHIO,RICHLAND,7.128111416418313,12529.94652,4947.62814,17422.58404170368,31682.6874,167.85522788203752
2023,OHIO,ROSS,380.9517544560805,15685.6791,6515.97492,25564.138195051422,39166.56744,198.94632206759442
2023,OHIO,SCIOTO,741.8891426536172,1175.36328,1456.92456,22584.40913793815,9225.60366,185.88888888888889
2023,OHIO,SENECA,68.06147315704833,30556.42044,9746.05632,20288.36552400876,62990.69868,194.6137339055794
2023,OHIO,SHELBY,30.528944477941224,17028.94284,5466.45372,14949.921688542963,37904.2209,186.6013071895425
2023,OHIO,STARK,68.34832542986577,11297.61906,6093.8841600000005,16801.569764395565,40946.9424,167.22222222222223
2023,OHIO,TRUMBULL,6.318169454650232e-05,7925.675940000001,2945.08032,21160.06446264099,19231.1028,195.28205128205127
2023,OHIO,TUSCARAWAS,39.77273550485126,4938.03492,4375.10892,20527.65543260221,30461.49834,134.93617021276594
2023,OHIO,UNION,175.67421349842402,21856.00872,5298.80988,16072.305291840405,35351.659980000004,196.61211129296237
2023,OHIO,VAN WERT,68.36404455671574,23113.00992,7300.90998,15075.264020439776,51531.40902000001,185.74209245742094
2023,OHIO,WARREN,3.572195617664246,9628.19676,3496.52394,12260.758945469215,21699.69438,204.50704225352112
2023,OHIO,WASHINGTON,7.020755342624855e-05,1200.2445,2683.95036,23513.081865354496,16718.9022,149.90196078431373
2023,OHIO,WAYNE,4.735859568281463,17217.11082,9919.68978,20134.53629851885,62685.15708,153.1578947368421
2023,OHIO,WOOD,58.75163386560149,32421.4527,10341.44748,21729.802331597737,69222.42054,210.10504201680672
2023,OHIO,WYANDOT,32.9109413146884,22500.25596,7485.949380000001,15200.606356113463,52156.07124,194.93844049247605
2023,OKLAHOMA,ALFALFA,744.3133118277044,10667.71524,5030.063220000001,32748.5327291329,28221.20574,93.52941176470588
2023,OKLAHOMA,CHOCTAW,320.7648033345523,2958.03144,8650.387200000001,29233.250074328687,45294.9315,168.88888888888889
2023,OKLAHOMA,CRAIG,2664.070565647165,4648.55118,10861.56708,28213.41927858231,34084.11552,85.26315789473684
2023,OKLAHOMA,DELAWARE,1473.3989449126666,1128.0087,3455.1699,28936.986386248063,13511.18496,147.16666666666666
2023,OKLAHOMA,GARFIELD,3860.914933045013,23554.7676,14641.2084,39494.22910164817,59210.77344,78.0
2023,OKLAHOMA,GARVIN,494.6853774968925,646.81344,2301.87594,30144.83065884889,8984.02596,103.4
2023,OKLAHOMA,GRADY,273.16642899670865,3844.5498,4633.01748,41146.468919007966,20049.10908,119.82456140350877
2023,OKLAHOMA,KAY,2979.137682572124,14171.937779999998,9064.7193,34537.509639109725,33082.380240000006,99.23694779116465
2023,OKLAHOMA,MAJOR,549.1569088802695,7687.0794,4372.471740000001,36024.52547171203,19556.52972,162.98701298701297
2023,OKLAHOMA,MAYES,352.010272849581,2613.69108,7106.4903,25398.914215814,22776.34086,50.23076923076923
2023,OKLAHOMA,MUSKOGEE,1134.280973002619,4498.23192,12785.19606,30594.9235745984,59057.56038,165.92105263157896
2023,OKLAHOMA,NOBLE,875.4893245602722,5164.5594,5404.60284,27746.234228797817,18791.01042,84.76190476190476
2023,OKLAHOMA,OKLAHOMA,72.68957340222453,1029.27552,2050.07166,18220.217058243124,8134.1715,144.0
2023,OKLAHOMA,OTTAWA,1456.454492507054,3317.2939799999995,4715.11404,17992.321903251923,14448.73794,84.34782608695652
2023,OKLAHOMA,PAYNE,28.2033116504908,447.02112,1615.60854,25096.95313698683,5761.19544,63.9
2023,OKLAHOMA,POTTAWATOMIE,418.2964930844851,487.40328,2155.52064,29028.14444440956,9448.7757,158.0
2023,OKLAHOMA,TEXAS,8.04406775001907,33147.61632,25378.47312,76401.84826443256,159898.09290000002,214.30392156862746
2023,OKLAHOMA,TILLMAN,375.3537670289569,10307.37708,5886.13662,33175.83612896202,40704.87876,35.23255813953488
2023,OKLAHOMA,WAGONER,1615.5273443139824,3241.9296,6509.03526,21296.80155642014,23511.7428,95.37037037037037
2023,PENNSYLVANIA,ADAMS,26.57843279695615,11248.40808,5245.43292,18596.244050882982,36856.86186,89.52727272727273
2023,PENNSYLVANIA,ARMSTRONG,7.323564754225748e-05,4361.57358,2491.59456,24527.215265124792,20437.45704,124.34482758620689
2023,PENNSYLVANIA,BEAVER,4.339701206086027e-05,2615.3946,1888.76688,14534.01304420454,14100.9414,124.4
2023,PENNSYLVANIA,BEDFORD,4.065353671963126,7870.27332,5685.0612,38075.5818008279,39428.4072,114.68634686346863
2023,PENNSYLVANIA,BERKS,1016.105388121076,16000.08774,9330.20634,28948.38113026284,59643.45114,115.4653937947494
2023,PENNSYLVANIA,BLAIR,7.300255273521882,4193.32368,2589.23574,18522.178122543817,18074.49462,112.3293172690763
2023,PENNSYLVANIA,BUCKS,65.34022317461765,4268.23488,3447.2201399999994,15200.606351319728,21536.4786,121.08910891089108
2023,PENNSYLVANIA,BUTLER,8.38339770545563e-05,7157.36658,4028.25696,28076.682199910698,34325.14722,125.40106951871658
2023,PENNSYLVANIA,CAMBRIA,0.0298337458671611,8318.59938,3013.6251600000005,24698.136625811818,15215.94984,107.36486486486487
2023,PENNSYLVANIA,CENTRE,134.578798036403,5933.6004,3724.2933,40502.66511880675,26099.5644,124.4
2023,PENNSYLVANIA,CHESTER,36.62873755569864,12630.02832,7082.36802,21319.59106623941,51735.67854,118.03088803088804
2023,PENNSYLVANIA,CLARION,6.709440047532778e-05,4975.878180000001,2478.15204,22470.46156850474,20254.39962,133.46938775510205
2023,PENNSYLVANIA,CLEARFIELD,0.0001279114597079,2170.94514,1391.9451,42838.59039169794,12052.518660000002,95.83333333333333
2023,PENNSYLVANIA,CLINTON,23.37171846132248,1992.85632,1358.8848,33255.599433230724,9479.30256,97.76470588235294
2023,PENNSYLVANIA,COLUMBIA,0.0097738251883583,8479.13976,3907.09956,18026.506187736835,26851.44462000001,113.04123711340206
2023,PENNSYLVANIA,CRAWFORD,0.0071336383647952,9026.52114,5459.04996,38058.48965938441,41425.36398,105.60830860534125
2023,PENNSYLVANIA,CUMBERLAND,117.6867403753238,10477.74546,6333.9003,17918.255988131845,38712.868740000005,95.30534351145039
2023,PENNSYLVANIA,DAUPHIN,149.45242730368074,6600.064380000001,3476.1089999999995,17547.926372583635,21498.34596,122.56756756756756
2023,PENNSYLVANIA,ELK,9.319044771420556e-05,368.88852,290.95794,31210.240483240217,2222.03982,93.72727272727273
2023,PENNSYLVANIA,ERIE,0.2387623268432244,15059.499,6817.44336,27598.102392020737,34474.80036,110.70270270270271
2023,PENNSYLVANIA,FAYETTE,15.031825792854075,2066.94852,3809.17446,28902.8021135296,30355.20852,104.74226804123711
2023,PENNSYLVANIA,FRANKLIN,443.3713780209778,14802.17466,9078.069,27432.87840406743,54745.45986,77.38095238095238
2023,PENNSYLVANIA,FULTON,6.730849214976627,2314.51038,1768.48854,16624.951023856855,11558.26308,69.4017094017094
2023,PENNSYLVANIA,GREENE,6.408331807295059e-05,416.2758600000001,1942.1493,21462.02553028277,12858.71496,85.18181818181819
2023,PENNSYLVANIA,HUNTINGDON,7.859917641549207,5007.4206,3259.28694,33130.25709944547,23204.28474,82.15686274509804
2023,PENNSYLVANIA,INDIANA,9.233985944402868e-05,7117.69422,4108.74828,30925.37153888383,32819.56314,115.18248175182482
2023,PENNSYLVANIA,JEFFERSON,7.265724756635327e-05,3656.02146,2162.4603,24333.50439897645,18949.92918,115.42553191489361
2023,PENNSYLVANIA,JUNIATA,7.225002394268955,4170.74658,2359.6482,14625.171103818682,16379.803440000002,106.4367816091954
2023,PENNSYLVANIA,LANCASTER,473.73306487788864,25478.31468,15897.641760000002,30771.542316735024,110359.4856,111.47826086956522
2023,PENNSYLVANIA,LAWRENCE,3.892291791183558e-05,4745.34606,2567.19918,13035.602447831448,20426.14938,118.0246913580247
2023,PENNSYLVANIA,LEBANON,512.2326872383092,8013.72936,4688.66034,12255.06156837756,29156.8368,127.6470588235294
2023,PENNSYLVANIA,LEHIGH,329.2826631351707,7599.79038,3999.46092,9315.2141610744,25047.03474,128.47222222222223
2023,PENNSYLVANIA,LUZERNE,9.269710650901891e-05,3817.29348,1972.37586,31045.016492672137,12263.03442,111.37931034482759
2023,PENNSYLVANIA,LYCOMING,92.31163071581923,7082.59188,4022.0544,45732.85876774138,31855.2507,104.6470588235294
2023,PENNSYLVANIA,MERCER,7.289541227634676e-05,7729.50906,3792.87636,24413.267701501973,30504.04266,121.37614678899082
2023,PENNSYLVANIA,MIFFLIN,85.26735387838504,4238.52702,2739.9372000000003,15166.422078601265,19639.5654,94.01315789473684
2023,PENNSYLVANIA,MONTGOMERY,0.544462467202,3841.36662,2829.49758,7571.816282066761,15915.9273,115.94594594594595
2023,PENNSYLVANIA,MONTOUR,10.296493723712777,3378.49512,1446.22842,4814.284994718203,9397.6155,122.875
2023,PENNSYLVANIA,NORTHAMPTON,37.99310820423722,7106.53398,4465.31358,11144.072721732937,28772.36544,126.83982683982684
2023,PENNSYLVANIA,NORTHUMBERLAND,91.2977847486516,8762.661180000001,4185.0354,16790.175007306963,28240.3212,130.79470198675497
2023,PENNSYLVANIA,PERRY,7.041540530446016,5121.38172,2780.00268,20590.326590778943,18071.2077,95.67961165048544
2023,PENNSYLVANIA,SCHUYLKILL,276.97014758665205,7535.61354,3348.3177,28127.958599546186,19151.78538,102.10280373831776
2023,PENNSYLVANIA,SNYDER,87.34346997157795,5513.30052,2879.74596,12363.31176217196,19828.79808,117.34265734265735
2023,PENNSYLVANIA,SOMERSET,57.04415995715674,9169.86252,6422.598,40257.67784721233,45051.35544,92.5912408759124
2023,PENNSYLVANIA,SULLIVAN,5.06440238775452e-05,769.4450400000001,563.93064,16961.096367993985,4606.8204000000005,88.86666666666666
2023,PENNSYLVANIA,TIOGA,0.0001270608714412,8216.48646,5473.61724,42553.72144850368,48104.54376,93.30708661417323
2023,PENNSYLVANIA,UNION,258.325166802751,4762.501380000001,2222.94072,11246.62553988833,14813.7717,111.58415841584159
2023,PENNSYLVANIA,VENANGO,7.639983580366777e-05,1960.0035,1071.25746,25586.927703418045,9379.01328,64.25
2023,PENNSYLVANIA,WARREN,0.0006395528304944,2140.32,1230.53658,33341.06010848996,8235.28524,80.02
2023,PENNSYLVANIA,WASHINGTON,8.961797710420774e-05,2045.3433,6357.42198,30013.790958721584,50292.6879,82.8780487804878
2023,PENNSYLVANIA,WESTMORELAND,26.651082174012974,6249.346740000001,5331.68454,34520.41750057153,42782.63262,96.72955974842768
2023,PENNSYLVANIA,WYOMING,4.554049442911444e-05,1162.98546,1605.6331200000002,15251.882759671098,12566.35926,92.05882352941177
2023,PENNSYLVANIA,YORK,81.22327944287478,19350.38742,9751.4781,29011.05229860812,68507.82666,113.7465564738292
2023,SOUTH CAROLINA,BAMBERG,373.5611795005072,1022.81634,4365.30276,14710.631783435869,29202.405960000004,140.27027027027026
2023,SOUTH CAROLINA,BERKELEY,0.000121327906702,425.09922,971.0337,40633.7048311363,6609.1334400000005,117.05882352941177
2023,SOUTH CAROLINA,CALHOUN,1027.0854905720284,2287.97478,5999.448,14704.934405182095,40165.33248,167.2549019607843
2023,SOUTH CAROLINA,CHESTER,84.81053503863676,281.6814,1227.42438,21746.89446868329,5089.1841,42.083333333333336
2023,SOUTH CAROLINA,CHESTERFIELD,2.7084292777417778,8254.51536,3330.04854,29899.843374761687,17380.31568,101.72043010752688
2023,SOUTH CAROLINA,CLARENDON,78.65292160357833,8781.25248,9961.19124,23518.779246804097,68507.05134,170.3931203931204
2023,SOUTH CAROLINA,DARLINGTON,301.10441591503115,14852.13366,5875.16202,20704.27417328618,38408.10246,141.14427860696517
2023,SOUTH CAROLINA,DILLON,766.1256919611607,17765.83536,4075.28394,15166.422080053911,21179.454660000003,160.08333333333334
2023,SOUTH CAROLINA,DORCHESTER,104.58785486040324,590.97402,2290.18062,19684.443383350404,15958.400640000002,153.02631578947367
2023,SOUTH CAROLINA,EDGEFIELD,56.9293737965473,506.96646,1553.61024,18676.007357766463,7782.97884,74.125
2023,SOUTH CAROLINA,FLORENCE,74.63371693071852,24143.7651,6836.034659999999,28475.498706727783,45983.6559,127.0048309178744
2023,SOUTH CAROLINA,GEORGETOWN,9.157433005560808e-05,1326.44694,1014.69732,30668.989507295504,6496.26978,143.0
2023,SOUTH CAROLINA,GREENVILLE,6.63799063366724e-05,760.7691000000001,2486.83344,22231.17165802285,11062.2876,99.875
2023,SOUTH CAROLINA,HAMPTON,1151.6816384284648,965.61738,3527.5968,21023.32737365557,25649.29458,149.33333333333334
2023,SOUTH CAROLINA,HORRY,177.25792391929312,23686.30446,7352.5998,38559.858994525406,48259.078140000005,145.02564102564102
2023,SOUTH CAROLINA,LANCASTER,5.879265920636478e-05,1480.0149,2264.24562,19690.140754631462,11923.1385,90.43478260869566
2023,SOUTH CAROLINA,LEE,875.1715548371728,5619.2409,5343.93678,15456.988392495528,34890.91787999999,154.09266409266408
2023,SOUTH CAROLINA,MARION,132.71854820341866,12845.447160000002,3221.3181,18260.0987066006,16664.03466,155.625
2023,SOUTH CAROLINA,MARLBORO,729.7475849424482,10789.69164,2287.2486,17941.04549737005,13808.54202,165.89285714285714
2023,SOUTH CAROLINA,NEWBERRY,0.0725513113339203,543.72864,1381.44006,23883.411472186817,6515.2542,89.11764705882354
2023,SOUTH CAROLINA,OCONEE,7.245310637644467e-05,458.65092,1250.7495,24265.135850634226,5714.5725,99.25
2023,SOUTH CAROLINA,ORANGEBURG,2379.884173999156,4986.618,16163.79492,40941.36328269717,107495.4699,151.92090395480227
2023,SOUTH CAROLINA,SUMTER,391.338590841452,6816.35136,8754.58584,24082.81973576389,58788.21858,153.06338028169014
2023,SOUTH CAROLINA,WILLIAMSBURG,0.0001046053418785,13233.88794,6602.59782,35033.18157536935,47102.1369,119.10714285714286
2023,SOUTH DAKOTA,AURORA,71.77975848426573,11621.46804,5339.3776800000005,26743.49558630497,47295.00048,108.85572139303483
2023,SOUTH DAKOTA,BON HOMME,155.78483190922375,11329.876740000002,5235.92706,21382.26223487521,46643.86272,141.6108597285068
2023,SOUTH DAKOTA,BROOKINGS,290.41231092475635,18722.21988,8328.405540000002,29928.330276053828,72378.31146,125.56969696969696
2023,SOUTH DAKOTA,BROWN,617.029464358278,31821.6717,13670.94456,64727.91931992139,124918.91958,168.37142857142857
2023,SOUTH DAKOTA,BRULE,35.48403014255992,10663.61478,5234.57298,31153.26669111501,46118.33772,109.77551020408163
2023,SOUTH DAKOTA,BUTTE,0.0002530500017086,4441.58442,7397.90142,84748.50804276044,51052.32132,52.03125
2023,SOUTH DAKOTA,CAMPBELL,0.5045036022433234,3908.62836,1737.66138,28025.405781143847,18178.26738,148.78205128205127
2023,SOUTH DAKOTA,CHARLES MIX,173.4941929125103,19378.92138,8902.43718,41795.97008511544,77002.83318,119.73913043478261
2023,SOUTH DAKOTA,CLARK,200.6013339006672,15936.102,6753.086340000001,35443.39284120705,60011.66808,137.72809667673715
2023,SOUTH DAKOTA,CLAY,154.91025431461105,13568.64054,7073.75214,15570.935964311271,51403.47576,172.9860465116279
2023,SOUTH DAKOTA,CORSON,0.0408388537285241,1749.6024,771.83652,93391.43152384069,6091.43262,103.00787401574803
2023,SOUTH DAKOTA,CUSTER,0.0001745747305818,331.98438,331.76598,58466.50013384037,2204.49138,55.125
2023,SOUTH DAKOTA,DAVISON,152.5840052903208,9612.4938,4365.44472,16362.871609947344,38849.93658,153.84230287859825
2023,SOUTH DAKOTA,DOUGLAS,102.8829455731096,11711.53074,5385.52014,16431.240147249442,48202.26684,146.27962085308056
2023,SOUTH DAKOTA,EDMUNDS,23.75928723914918,12523.97874,5009.27154,43237.40689793395,48394.14762,143.65384615384616
2023,SOUTH DAKOTA,FALL RIVER,0.0001953631071949,1002.0192,1075.9694399999998,65428.69689612341,7130.497920000001,116.89655172413794
2023,SOUTH DAKOTA,GRANT,232.7133572578813,11893.20678,5002.6485600000005,25831.914994913743,42048.89052,111.70542635658914
2023,SOUTH DAKOTA,HAAKON,0.000205434071991,1423.28004,673.82952,68801.54508923754,3661.6398,73.7797619047619
2023,SOUTH DAKOTA,HAMLIN,165.42220868529134,12453.53382,5546.63382,19416.66658944394,47457.65934,157.1478260869565
2023,SOUTH DAKOTA,HAND,29.62305756426792,14309.45334,6301.4952,54199.16350235612,58808.22402,137.80722891566265
2023,SOUTH DAKOTA,HANSON,268.5024989335287,11408.08578,5179.85286,16248.924035574935,46553.87646000001,164.93018259935553
2023,SOUTH DAKOTA,HUGHES,2.4085440304283434,8282.47602,3839.24268,28190.629766729344,32745.32352,123.4575260804769
2023,SOUTH DAKOTA,HUTCHINSON,176.10878290669223,21196.48986,9351.041700000002,30520.857651779283,84178.4307,143.08781869688386
2023,SOUTH DAKOTA,JERAULD,28.940458909880384,5150.10132,2391.79668,20009.19396579403,21634.39824,131.20263591433277
2023,SOUTH DAKOTA,LINCOLN,90.16277670530371,19258.10796,8046.46752,21131.57757238897,70124.51082,136.05460750853243
2023,SOUTH DAKOTA,LYMAN,2.769125919692512,7693.3857,3650.98188,62386.2966829252,27537.1005,127.25388601036269
2023,SOUTH DAKOTA,MARSHALL,452.466800386916,17604.16476,6825.7371,32828.296019891975,64513.6674,134.55855855855856
2023,SOUTH DAKOTA,MCCOOK,229.268453296729,14406.71778,6251.3942400000005,21524.696703712303,56443.96758,139.3709677419355
2023,SOUTH DAKOTA,MCPHERSON,50.09634653590786,6013.223580000001,2487.3576,43089.27505755432,25104.49578,147.7071509648127
2023,SOUTH DAKOTA,MEADE,0.0003913726614956,1779.8835600000002,1359.1141200000002,131073.8941968316,8344.34328,43.944954128440365
2023,SOUTH DAKOTA,MINER,119.4392947707762,7786.29306,2876.7921,21741.19708655095,19809.66078,133.53778751369111
2023,SOUTH DAKOTA,MOODY,171.11045265717,15097.12386,6766.6872,19593.28532635103,57199.9428,143.71119133574007
2023,SOUTH DAKOTA,PERKINS,0.1757042398100187,1939.30464,982.94742,108597.73525954437,7881.49908,29.70149253731343
2023,SOUTH DAKOTA,ROBERTS,342.8234218863552,20149.2291,7598.39808,42228.97086958999,61917.47016,133.76923076923077
2023,SOUTH DAKOTA,SPINK,134.49717850763588,27180.39324,11828.544,56842.747211235794,106633.94195999998,157.2549019607843
2023,SOUTH DAKOTA,SULLY,1.3618747159624656,15787.10952,6936.1219200000005,38480.09568491095,60811.88022000001,128.26459143968873
2023,SOUTH DAKOTA,TURNER,168.0081572147478,18202.6572,8313.36324,23211.120798439035,71390.78856,135.47096774193548
2023,SOUTH DAKOTA,UNION,192.91306210802003,20508.0603,10947.06522,17251.66268450301,76735.14576,172.2426778242678
2023,SOUTH DAKOTA,YANKTON,144.62842700743997,11204.44416,5370.05742,19559.101051163063,42893.9238,167.6267942583732
2023,TENNESSEE,BEDFORD,975.5306044015888,9644.56584,8851.850279999999,17627.68966929858,46492.16754,166.1904761904762
2023,TENNESSEE,BENTON,4.59892533813044,2372.62116,1146.33246,15405.71198370836,8188.01802,150.27027027027026
2023,TENNESSEE,BLEDSOE,336.42003311800755,286.27325999999994,1113.92736,15223.395868547495,4388.0928,155.88235294117646
2023,TENNESSEE,BLOUNT,2.280838091454662,598.09386,4445.4228,19707.23289752761,27843.29184,126.33333333333333
2023,TENNESSEE,CAMPBELL,5.467581213534269e-05,0.0,1523.90784,18311.37511640461,10124.58174,148.66666666666666
2023,TENNESSEE,CANNON,72.43304840275178,2031.78066,2234.36304,9902.044167261967,12916.80936,162.45901639344262
2023,TENNESSEE,CARROLL,73.61237820041407,11814.57732,5322.8175,22459.066805605544,34097.650859999994,155.74307304785893
2023,TENNESSEE,CHESTER,7.929691504251032,3380.8156200000003,1207.51176,10785.13786429019,8324.60538,152.05128205128204
2023,TENNESSEE,COFFEE,388.8813916837442,4432.122240000001,3250.38714,15684.88353920664,22936.5318,184.95454545454547
2023,TENNESSEE,CROCKETT,366.27344135038834,12334.09086,4127.58528,9970.412710955718,22581.50622,154.88151658767774
2023,TENNESSEE,CUMBERLAND,557.3971774082133,297.34068,1461.1942800000002,25227.99285367433,5069.9594400000005,135.72727272727272
2023,TENNESSEE,DYER,3178.786943072504,28891.54632,8539.83312,19000.757936244365,45088.87656,157.38241308793457
2023,TENNESSEE,FENTRESS,330.95242741642784,470.9796,2377.19118,18698.79687194368,15194.18628,145.83333333333334
2023,TENNESSEE,FRANKLIN,348.1214848287264,6123.90324,3330.09768,21040.41950449475,24009.71118,191.72995780590716
2023,TENNESSEE,GIBSON,1173.8673967602242,33694.790219999995,12644.77032,22145.7109827636,69468.90132,156.81927710843374
2023,TENNESSEE,GILES,304.6305574779549,8407.93044,6719.802180000001,22806.60690319966,45561.67434,180.79268292682926
2023,TENNESSEE,GREENE,4286.148947593342,2584.41456,10878.32382,23051.59418438156,66122.6748,146.53846153846155
2023,TENNESSEE,HARDEMAN,30.68377201202337,6497.12154,2594.14428,24920.33439543128,13413.860459999998,157.83018867924528
2023,TENNESSEE,HARDIN,6.534218867046148e-05,4667.6994,1680.30954,21883.63155374655,11573.73126,157.0731707317073
2023,TENNESSEE,HAWKINS,137.15229807383173,1124.6398799999995,4835.31048,18356.95415202228,32645.70582,157.41666666666666
2023,TENNESSEE,HENDERSON,5.863955332260824e-05,7402.96284,3115.92372,19638.864346280097,23026.44708,149.72477064220183
2023,TENNESSEE,HENRY,55.83329943323408,11593.11426,4967.51346,21319.59107205,32688.25014,168.32151300236407
2023,TENNESSEE,HICKMAN,1.2297685668855791,1247.48988,1922.3022,23023.107298923285,13264.75878,165.9375
2023,TENNESSEE,HUMPHREYS,37.4259548884444,1493.34276,1720.10748,20185.81270875866,12652.82382,140.3125
2023,TENNESSEE,LAKE,2092.1931705632846,10648.9656,3193.83246,6420.945787064668,17696.80458,164.87179487179486
2023,TENNESSEE,LAUDERDALE,5961.820984059992,18773.833260000003,6150.43884,17872.676964135368,34137.2031,161.59509202453987
2023,TENNESSEE,LAWRENCE,188.7953447968776,7225.82406,5407.18542,23125.660114173384,37957.52688,181.51315789473685
2023,TENNESSEE,LINCOLN,385.94301824344143,11106.098639999998,6389.4012,21359.472723312763,39068.52768,178.54922279792746
2023,TENNESSEE,MACON,307.81406772604737,1390.84764,2874.78282,11634.047289616798,19969.53504,148.16901408450704
2023,TENNESSEE,MADISON,577.5771336850423,14135.961839999998,5443.0467,19496.42988557782,28080.62712,166.42857142857142
2023,TENNESSEE,MARSHALL,345.0949399006112,3934.84728,5484.66828,13924.393525437676,30570.447180000003,165.92592592592592
2023,TENNESSEE,MAURY,10.477865549770964,4183.86696,6522.7344,22105.82933150084,37380.78708,183.39805825242718
2023,TENNESSEE,MCMINN,223.7965000857768,1190.23086,3593.38434,15838.712764260754,21792.6345,145.15151515151516
2023,TENNESSEE,MEIGS,5.548222763463573,362.97534,1216.04028,7890.869489554128,7395.4881,168.75
2023,TENNESSEE,MONTGOMERY,574.5684353061356,7006.40304,4455.20712,17821.4005499734,30203.31678,187.94736842105263
2023,TENNESSEE,MORGAN,5.865656509566305e-05,28.37016,394.57782,19644.56172772969,849.76164,172.5
2023,TENNESSEE,OBION,1693.0024418533783,30501.80952,12757.09344,20630.208240008003,70817.52132,170.8968058968059
2023,TENNESSEE,ROBERTSON,752.8859653379434,13820.37384,7027.6260600000005,17365.610254808005,45612.72534,172.77915632754343
2023,TENNESSEE,RUTHERFORD,1665.618081253025,7296.38364,7643.47038,19616.07483791347,38792.14794,168.1081081081081
2023,TENNESSEE,SEQUATCHIE,0.0546897289824281,216.6801,449.71836,9959.017954593435,2459.60988,153.3846153846154
2023,TENNESSEE,STEWART,46.97063355299925,1077.19794,690.78828,18003.71666426268,4721.79708,180.625
2023,TENNESSEE,SULLIVAN,4.169583557949584e-05,911.00646,4895.53974,13964.275175247796,33211.42734,55.54545454545455
2023,TENNESSEE,SUMNER,240.6289492544801,7246.10796,6064.05072,17969.532396483213,37465.73376,185.42253521126761
2023,TENNESSEE,TIPTON,4728.462065734031,19778.5497,5796.61992,16835.754035661383,31645.3137,157.22448979591837
2023,TENNESSEE,WARREN,260.1166069735355,1242.1008599999998,2147.24328,15952.6603380521,13007.3034,196.2962962962963
2023,TENNESSEE,WASHINGTON,3.222028257265724e-05,1274.26572,6866.86182,10790.835243270289,45992.57754,126.875
2023,TENNESSEE,WAYNE,13.671140800233248,2356.17564,1947.6639,27563.91811857595,13337.8518,137.2549019607843
2023,TENNESSEE,WEAKLEY,341.1059872779506,25820.78772,10968.479340000002,21490.51242678117,61235.28684,148.58247422680412
2023,TENNESSEE,WHITE,331.67769318945216,284.37318000000005,1017.82044,14146.591293023426,4581.2403,166.52173913043478
2023,TENNESSEE,WILSON,1481.1164282128912,4851.07896,9087.64584,20419.405231544577,48278.958,142.0
2023,TEXAS,ATASCOSA,761.3227725533327,9962.75826,16854.19554,45630.30595103865,105129.59184,130.55555555555554
2023,TEXAS,BEE,195.14846833638063,31066.04592,25863.20646,33341.060111104736,160698.3378,93.88663967611336
2023,TEXAS,BELL,15.326268393734567,4651.27572,2995.4542800000004,36873.43489602178,12324.918059999998,102.3013698630137
2023,TEXAS,BEXAR,148.52102310855838,2733.7128,4832.8098,29751.71152534659,25651.27656,93.28125
2023,TEXAS,BRAZOS,295.11886564228485,3668.50302,18497.6337,20464.98426280429,106886.55432,142.22222222222223
2023,TEXAS,CALHOUN,413.9232460090976,8743.338240000001,3748.08798,18778.56017388815,18940.66902,131.2923076923077
2023,TEXAS,COOKE,88.76265520886813,593.0652,2441.3461799999995,32606.098261457915,8963.310720000001,81.875
2023,TEXAS,DALLAM,67.47112287394334,52158.2061,44906.59446,56819.95769884536,272496.5334,105.90178571428571
2023,TEXAS,DE WITT,23.100039252692543,16425.41082,28055.08524,33996.25865270596,202694.51748,111.06382978723404
2023,TEXAS,DEAF SMITH,55.17963882891499,27540.11442,23300.89944,55925.469242070176,132083.59709999998,54.98969072164948
2023,TEXAS,DELTA,502.8125015100096,1510.4980799999998,4271.0304,9936.228440183802,16411.91916,114.52173913043478
2023,TEXAS,ELLIS,128.6614451932914,3274.4002200000004,3302.73216,33682.90282550607,12550.28502,91.57801418439716
2023,TEXAS,FALLS,670.0282261018324,30713.13336,32632.00122,28760.36763786506,200813.2581,106.70255720053835
2023,TEXAS,FAYETTE,0.0001067998595681,4316.22828,16544.02932,35768.14343591102,109157.0571,71.78082191780823
2023,TEXAS,FORT BEND,1088.3869139074231,28079.16384,16653.25662,26293.40266324865,95839.81680000002,114.5019920318725
2023,TEXAS,GONZALES,0.000119711789053,9195.00582,19042.85292,40092.45385838743,140750.50626,122.55319148936171
2023,TEXAS,GRAYSON,0.000103686706589,1967.43456,7347.1671,34725.52312961907,32408.5125,102.3170731707317
2023,TEXAS,GUADALUPE,7.616167110668663e-05,3186.4778400000005,3667.44924,25507.164405250453,18047.50038,85.99118942731278
2023,TEXAS,HALE,306.66398660660514,53713.67274,48441.15276,37357.71208419922,274918.31094,66.00767754318618
2023,TEXAS,HIDALGO,4580.748705794787,82671.02298,66524.93484,47305.33528228512,303105.26064000005,95.19061583577712
2023,TEXAS,HILL,96.2035653365496,4662.71988,5389.7844,36053.01236094719,28625.311259999995,104.49549549549549
2023,TEXAS,JACKSON,2463.71993945092,37343.98122,20089.9335,31654.63601158427,118422.57882,114.09598214285714
2023,TEXAS,JOHNSON,20.961555558276743,908.18364,2023.92918,25569.835576501024,9378.55464,94.90066225165563
2023,TEXAS,KARNES,513.5165515587718,15216.40848,21850.03002,28247.60355101025,164421.30978,80.23809523809524
2023,TEXAS,LAVACA,228.4143990465763,16073.79228,25555.38804,36332.18391993182,174653.5245,101.73913043478261
2023,TEXAS,MATAGORDA,2410.790306184784,50101.25484,20164.78464,41066.70560863813,98434.83468,124.62444771723122
2023,TEXAS,MCLENNAN,31.247749708506333,6665.74272,5723.38494,37209.58023304094,29868.72798,72.18236173393124
2023,TEXAS,MEDINA,812.6162450762054,9203.09208,9867.10998,49823.5766627834,66434.65374,116.869918699187
2023,TEXAS,MILAM,183.05884662399689,31703.33712,34958.56728,38451.60879433935,208705.26768,94.73557692307692
2023,TEXAS,NAVARRO,137.7764795882257,5340.3441,14246.5596,38730.78034794919,70076.69214,92.421875
2023,TEXAS,NUECES,2395.515022913066,21606.95082,9565.19928,28224.81404787317,66818.9886,85.96153846153847
2023,TEXAS,OCHILTREE,0.0001019344948181,16494.70914,11187.50178,34138.6931262351,70484.8053,175.47008547008548
2023,TEXAS,PARMER,335.7099212888243,43282.08066,39844.62846,33261.29680135954,217880.87412,26.171875
2023,TEXAS,SAN PATRICIO,652.1035543362476,19862.08224,9766.94628,25472.980139940497,63443.0979,104.10187667560322
2023,TEXAS,SHERMAN,237.7609499628965,35901.66216,29493.01992000001,34754.010021483526,181125.00588,181.19015047879617
2023,TEXAS,TOM GREEN,31.22182722955612,4733.3559,2724.66012,57121.91876397405,17198.63964,57.704918032786885
2023,TEXAS,TRAVIS,1.681698241575921,2826.8931600000005,2643.8521200000005,26264.91577343243,14750.29374,93.2258064516129
2023,TEXAS,UVALDE,164.33380652337763,3029.62842,6762.57582,58608.93461095755,45856.56894,80.73825503355705
2023,TEXAS,VICTORIA,837.8312573428743,21626.20278,14456.31096,32423.78213235164,80046.3846,113.86317907444668
2023,TEXAS,WHARTON,4534.242598690788,63382.44276,35441.4879,40599.52056030629,204136.33422,129.8649789029536
2023,TEXAS,WILLACY,1460.5727242263038,23211.6612,14858.7894,23211.120787689448,59855.82876,77.4375
2023,TEXAS,WILLIAMSON,47.0686041065628,7885.79064,6413.22864,36787.97421640461,35997.79092,101.40096618357488
2023,VIRGINIA,APPOMATTOX,3.831049437984563e-05,426.02196,1388.48892,12830.496815442815,7789.70556,104.0
2023,VIRGINIA,AUGUSTA,1571.695270527644,2714.71746,13179.09684,35722.5643981144,80238.93696,100.54744525547446
2023,VIRGINIA,BOTETOURT,0.5461808510827658,555.59868,2937.93864,20379.52358173445,21072.60246,102.57142857142857
2023,VIRGINIA,CAMPBELL,5.4794894481664536e-05,753.0978,2407.10652,18351.25676476209,13355.766060000002,118.48484848484848
2023,VIRGINIA,CAROLINE,41.319054247163166,3046.30326,1263.10548,19701.53551898332,7650.92874,144.1875
2023,VIRGINIA,CHARLES CITY,7.392740391944594,1643.49276,669.51066,7093.236471852566,4175.9445,133.07692307692307
2023,VIRGINIA,CHARLOTTE,5.3433953286163103e-05,1077.59652,1896.48186,17895.466466110334,11167.97136,120.55555555555556
2023,VIRGINIA,CRAIG,3.6915529662090576e-05,122.3313,587.9328,12363.311761881432,4629.8616,84.4
2023,VIRGINIA,CULPEPER,4.198503558262903e-05,2265.20112,3900.55848,14061.130613406236,26778.438960000003,115.45454545454545
2023,VIRGINIA,DINWIDDIE,5.656411801187366e-05,2408.93016,919.76976,18943.784144990743,4949.24976,136.36363636363637
2023,VIRGINIA,ESSEX,37.04324567544448,3612.7182,1454.5931400000002,9736.820185845572,9727.3449,140.29761904761904
2023,VIRGINIA,FAUQUIER,70.76279945358927,2698.4685,7530.61764,23900.503607819726,47265.0633,116.62790697674419
2023,VIRGINIA,FRANKLIN,372.63356060174175,1260.04788,4915.3923,26994.18024598759,32706.3828,110.38095238095238
2023,VIRGINIA,FREDERICK,5.931463424325268,1048.4565,4274.2791,14630.868480910338,27378.82602,56.31578947368421
2023,VIRGINIA,GLOUCESTER,2.386750604525416e-05,855.3363,332.86344,7993.422305385283,2310.33894,106.73469387755102
2023,VIRGINIA,HALIFAX,261.41673042460394,1553.56656,3455.92338,30822.81872334321,18582.26916,109.76190476190476
2023,VIRGINIA,ISLE OF WIGHT,3.5112282590976774e-05,8669.333400000001,3449.5679400000004,11759.389620496751,24696.49728,114.13533834586467
2023,VIRGINIA,KING AND QUEEN,11.154874697982022,3340.701,1351.0606200000002,12044.258555265653,8887.405799999999,133.80368098159508
2023,VIRGINIA,LANCASTER,1.5582776577105645e-05,1212.07086,471.1434,5218.798882258552,3226.3795199999995,132.85714285714286
2023,VIRGINIA,LUNENBURG,4.814329445644566e-05,1523.54202,800.58342,16123.58170280654,4151.06328,122.5
2023,VIRGINIA,MADISON,0.2251559301004311,1928.61396,2942.3557800000003,12049.955934100484,20183.34318,118.4375
2023,VIRGINIA,MECKLENBURG,7.349082404699304e-05,3242.6448600000003,1638.7370999999998,24612.67595636316,7388.84874,76.41025641025641
2023,VIRGINIA,MIDDLESEX,1.4885294217577502e-05,1073.14116,419.75934,4985.206355259962,2869.5630599999995,152.13333333333333
2023,VIRGINIA,NEW KENT,42.53732142397275,1342.79418,579.58446,7868.079974505328,3597.2663999999995,138.2608695652174
2023,VIRGINIA,NORTHAMPTON,285.9091899431248,8531.47932,2559.21666,6250.024425215524,11633.39814,147.3684210526316
2023,VIRGINIA,NORTHUMBERLAND,2.27107060366251e-05,2830.4094,1015.1232,7606.000554058902,6825.12558,139.6153846153846
2023,VIRGINIA,NOTTOWAY,3.3853411995634585e-05,1353.8233799999998,890.6625,11337.78359775929,4855.2504,155.0
2023,VIRGINIA,ORANGE,3.728978848799076e-05,2439.7464,3059.13972,12488.654093051917,20566.51506,174.10714285714286
2023,VIRGINIA,PAGE,24.48554883542113,1434.83886,3907.56366,11571.376124176822,23738.24544,21.35135135135135
2023,VIRGINIA,PRINCE GEORGE,2.874988254807132e-05,2178.31068,792.28968,9628.569989726935,5018.20956,145.6
2023,VIRGINIA,ROCKINGHAM,863.2405023464976,4497.44022,11783.95218,31255.81949881133,69325.6746,54.509803921568626
2023,VIRGINIA,SHENANDOAH,5.644503566988928e-05,2649.0828,5174.31642,18903.90249808592,30899.32482,49.338235294117645
2023,VIRGINIA,SOUTHAMPTON,20.573523861691022,18615.25848,7189.53144,22379.30350627584,49989.150120000006,126.79558011049724
2023,VIRGINIA,SPOTSYLVANIA,5.825922555133289,1064.74368,815.26536,14260.538866814775,5438.580420000001,140.57142857142858
2023,VIRGINIA,WESTMORELAND,17.071103182682496,4022.1909,1377.70542,8585.949689971889,7761.783120000001,130.15151515151516
2023,WASHINGTON,ADAMS,259.3941806581026,29252.64888,11344.78254,72709.94687402865,63116.81376,107.36842105263158
2023,WASHINGTON,FRANKLIN,900.4526548601926,54033.91266,22294.36482000001,46154.46478277982,90264.01566,106.875
2023,WASHINGTON,GRANT,2551.836352446119,74757.0096,36678.05778,101248.11674445323,195763.09662,117.51898734177215
2023,WASHINGTON,YAKIMA,6290.774819464575,23506.457520000004,20222.75892,159372.77420776224,137383.06764,62.241379310344826
2023,WISCONSIN,BARRON,21.600278829524665,24102.14352,12766.58292,33130.25709944547,84595.25802,148.03613177470777
2023,WISCONSIN,BAYFIELD,0.0001684675070254,326.92842,669.97476,56421.14118820781,4865.30226,64.5
2023,WISCONSIN,BROWN,2.412350579926829,8716.00548,5350.01376,17103.530834506844,43454.18532,102.09408194233687
2023,WISCONSIN,BUFFALO,16.000036047191816,10549.46802,5935.50594,26059.81014264171,42951.15552,154.3941605839416
2023,WISCONSIN,BURNETT,9.802178888571348e-05,3745.80024,2008.99062,32828.29601916567,15838.67376,102.08510638297872
2023,WISCONSIN,CALUMET,15.97893318781421,6815.86542,3913.28028,11816.363407682957,29118.39294,72.1304347826087
2023,WISCONSIN,CHIPPEWA,41.54206863859554,21956.77848,12135.10662,38582.64850579732,92330.5929,143.40522133938705
2023,WISCONSIN,CLARK,33.532334851698906,17909.29686,12233.05356,45675.88497532564,100158.26184,107.67726161369193
2023,WISCONSIN,COLUMBIA,177.7011141122075,20220.14358,10562.43552,29444.05308395424,82036.49454000001,171.32258064516128
2023,WISCONSIN,CRAWFORD,7.088103611094485,5114.72598,2937.51276,21490.51242140637,20330.07522,133.65853658536585
2023,WISCONSIN,DANE,602.9930527323227,33267.3432,16869.69648,40126.63812471424,125642.44602,167.08446866485014
2023,WISCONSIN,DODGE,378.58387501538897,26128.99926,13220.09052,32691.558938460337,101462.91792,152.65319865319864
2023,WISCONSIN,DOOR,5.4420635647523215e-05,1584.48108,1912.10292,18225.914430831574,14174.53128,156.6453674121406
2023,WISCONSIN,DUNN,135.42847501040734,21850.13376,12464.92884,32378.20310254457,90812.07954,158.25806451612902
2023,WISCONSIN,EAU CLAIRE,34.43508415193408,11222.36934,6368.08536,23307.97622468577,49382.29842,154.76091476091477
2023,WISCONSIN,FOND DU LAC,216.55043692213908,19564.87806,10283.39676,26828.95626820281,74988.72108,133.84186046511627
2023,WISCONSIN,GRANT,125.19270029519852,28629.87036,17531.80338,43345.65709535998,120675.89898,169.5423197492163
2023,WISCONSIN,GREEN,223.53568869879115,19090.61154,9922.29966,21729.802332178788,71306.54076,151.51754385964912
2023,WISCONSIN,IOWA,75.1868619705197,16430.67426,9249.48024,28868.617840956405,66081.50094,155.96469104665826
2023,WISCONSIN,JACKSON,0.0206923245280052,9015.59022,5195.78514,37619.791504645655,37153.65108,143.9328063241107
2023,WISCONSIN,JEFFERSON,367.1394498092941,18992.46804,8281.291200000001,20328.247177741025,57809.78658,164.7110552763819
2023,WISCONSIN,JUNEAU,3.62852788080557,15889.997759999998,6460.1628,29592.18492247449,37590.83874,115.24271844660194
2023,WISCONSIN,KENOSHA,84.26984094911404,5549.33106,2419.2168,8329.567648215027,17616.77736,168.62815884476535
2023,WISCONSIN,KEWAUNEE,0.0075980720882279,330.3027,4133.5749,12750.733513934134,33438.98922,83.67383512544802
2023,WISCONSIN,LA CROSSE,1.0841281091433408,5802.25464,3435.46476,16134.976457280376,24980.74488,149.15625
2023,WISCONSIN,LAFAYETTE,103.20875950521884,21520.61184,11105.1759,23587.147779312458,78581.14992,190.19354838709677
2023,WISCONSIN,LANGLADE,0.0001005735536268,31914.21324,8651.189820000001,33682.902828992424,19629.72102,72.77777777777777
2023,WISCONSIN,LINCOLN,0.3410809667123222,12662.0403,4033.6296,33831.03466852952,15017.11302,97.33333333333333
2023,WISCONSIN,MANITOWOC,31.392237558379115,7475.94666,7055.34648,21342.380581869264,51656.13726,130.77733860342556
2023,WISCONSIN,MARATHON,36.06268701465935,36264.94872,18242.08386,57748.63042127912,133522.86948,86.60483870967742
2023,WISCONSIN,MARINETTE,0.865058543978767,5628.37002,2740.3685400000004,53139.45107057073,25729.33818,117.08762886597938
2023,WISCONSIN,MARQUETTE,66.50380077744312,11501.8176,5467.74228,17331.42598325166,37485.20958,105.10385756676558
2023,WISCONSIN,MILWAUKEE,4.729270620361857e-06,848.35842,268.89408,1583.8712764260754,1849.37844,197.27272727272728
2023,WISCONSIN,MONROE,157.26140507165394,14184.03714,8377.551000000001,33819.63992451475,62164.6662,98.54545454545455
2023,WISCONSIN,OCONTO,0.4260537141334059,10961.81268,6070.60272,38104.068697907365,58470.25548,113.05900621118012
2023,WISCONSIN,OUTAGAMIE,74.76197841160936,14146.06284,7162.853880000001,22094.434565696345,55687.648380000006,143.6416861826698
2023,WISCONSIN,OZAUKEE,0.7810424657175836,4161.6666,1907.54928,7554.724145852793,13554.67932,100.0
2023,WISCONSIN,PEPIN,28.59080542750647,5182.83948,2769.18096,8876.516002413502,21128.60022,166.0897435897436
2023,WISCONSIN,PIERCE,99.06347593614647,14919.13878,7667.23776,21593.06524740606,60788.0637,180.85106382978722
2023,WISCONSIN,POLK,199.01014012235856,13539.77898,7460.587680000001,35471.87974071244,57530.78604,118.10071942446044
2023,WISCONSIN,PORTAGE,27.61934975407119,72060.90528,25208.09382,30059.369976907463,102621.06582,121.53846153846153
2023,WISCONSIN,PRICE,0.0001444298833454,718.1537999999999,615.48396,48370.74510043005,5070.7293,80.93181818181819
2023,WISCONSIN,RACINE,28.37858931135627,8378.63208,3440.47704,10488.874171706357,24891.65406,186.8639053254438
2023,WISCONSIN,RICHLAND,14.617203615383753,8847.040019999999,5059.82568,22026.06603071848,36689.305380000005,104.48275862068965
2023,WISCONSIN,ROCK,485.142823895625,24388.88088,11610.34056,25512.86178960535,83280.89952,167.02405498281786
2023,WISCONSIN,RUSK,0.0001045202830683,6830.37264,3866.24238,35004.69468656999,30191.36484,120.76
2023,WISCONSIN,SAUK,148.122630645168,18358.93332,9855.71496,31204.543096270565,70798.12740000001,142.16685979142525
2023,WISCONSIN,SAWYER,0.0001491251304119,658.65072,417.99576,49943.221611342175,3420.56442,83.01204819277109
2023,WISCONSIN,SHAWANO,0.0001009818359658,14063.95536,6964.2027,33819.63991202199,61004.0067,113.14903846153847
2023,WISCONSIN,SHEBOYGAN,17.019772587587784,10166.98956,5616.772980000001,18351.25677202533,40055.91408,138.06629834254144
2023,WISCONSIN,ST CROIX,75.41796769011918,19199.69142,10209.72498,26589.66635772092,78105.20718000001,167.9552390640895
2023,WISCONSIN,TAYLOR,1.6498095011277636,8087.96898,4470.93738,36731.00043168789,36551.70792,123.95465994962217
2023,WISCONSIN,TREMPEALEAU,18.60404009035829,14472.43434,8265.31524,27404.391515268067,59489.24436,134.6145251396648
2023,WISCONSIN,VERNON,9.103648170603872,13583.95584,7617.1914,29973.909299905044,54841.51764,103.0569105691057
2023,WISCONSIN,WALWORTH,266.85063767624024,15452.67906,6857.3232,20316.85241484184,49886.69868000001,183.91742195367573
2023,WISCONSIN,WASHBURN,9.499369476102962e-05,2902.93458,1794.06864,31814.162616490063,13221.0624,103.30952380952381
2023,WISCONSIN,WASHINGTON,7.628203452249912,10159.59126,4791.532200000001,14847.36887140443,35160.26514,135.10971786833855
2023,WISCONSIN,WAUKESHA,62.16574257479565,9727.07736,4087.1376,15827.318007172147,30285.052980000004,168.45685279187816
2023,WISCONSIN,WAUPACA,63.35977949095778,17013.13614,8555.4651,28315.972098771417,63707.73318,118.76061120543294
2023,WISCONSIN,WAUSHARA,109.85946145618549,40973.95302,14668.01154,23911.898372462096,66009.59274000001,159.25714285714287
2023,WISCONSIN,WINNEBAGO,226.03286884979144,13670.535060000002,5632.42134,15798.831112997988,37229.02092,131.56312625250501
2023,WISCONSIN,WOOD,82.73552028268352,26410.09644,10619.06118,29700.435116995217,55866.76368,116.05392156862744
