,year,state,state_abbr,county,commodity,AREA HARVESTED grain,AREA HARVESTED silage,AREA PLANTED,PRODUCTION grain,PRODUCTION silage,YIELD grain,YIELD silage
0,2021,ALABAMA,AL,BALDWIN,CORN,7650.0,,7800.0,1180000.0,,154.2,
1,2021,ALABAMA,AL,BARBOUR,CORN,2230.0,,2300.0,422000.0,,189.2,
2,2021,ALABAMA,AL,BLOUNT,CORN,1350.0,,1400.0,206000.0,,152.6,
3,2021,ALABAMA,AL,CALHOUN,CORN,1960.0,,2000.0,314000.0,,160.2,
4,2021,ALABAMA,AL,CHEROKEE,CORN,3870.0,,4000.0,673000.0,,173.9,
5,2021,ALABAMA,AL,CHILTON,CORN,900.0,,1000.0,136600.0,,151.8,
6,2021,ALABAMA,AL,COLBERT,CORN,20600.0,,20900.0,3599000.0,,174.7,
7,2021,ALABAMA,AL,COVINGTON,CORN,4000.0,,4400.0,434000.0,,108.5,
8,2021,ALABAMA,AL,CULLMAN,CORN,3270.0,,3400.0,586000.0,,179.2,
9,2021,ALABAMA,AL,DALE,CORN,1850.0,,1900.0,226000.0,,122.2,
10,2021,ALABAMA,AL,DALLAS,CORN,6340.0,,6500.0,975000.0,,153.8,
11,2021,ALABAMA,AL,DE KALB,CORN,13200.0,,13700.0,2137000.0,,161.9,
12,2021,ALABAMA,AL,ELMORE,CORN,2900.0,,3000.0,428000.0,,147.6,
13,2021,ALABAMA,AL,FAYETTE,CORN,1440.0,,1500.0,181900.0,,126.3,
14,2021,ALABAMA,AL,HENRY,CORN,3670.0,,3800.0,605000.0,,164.9,
15,2021,ALABAMA,AL,JACKSON,CORN,23900.0,,24400.0,3740000.0,,156.5,
16,2021,ALABAMA,AL,LAUDERDALE,CORN,25600.0,,26200.0,4511000.0,,176.2,
17,2021,ALABAMA,AL,LAWRENCE,CORN,31600.0,,31800.0,5835000.0,,184.7,
18,2021,ALABAMA,AL,LIMESTONE,CORN,26400.0,,27100.0,5095000.0,,193.0,
19,2021,ALABAMA,AL,MADISON,CORN,30500.0,,31300.0,5804000.0,,190.3,
20,2021,ALABAMA,AL,MARION,CORN,2910.0,,3000.0,348000.0,,119.6,
21,2021,ALABAMA,AL,MARSHALL,CORN,6860.0,,7000.0,1085000.0,,158.2,
22,2021,ALABAMA,AL,MONROE,CORN,2810.0,,2900.0,539000.0,,191.8,
23,2021,ALABAMA,AL,OTHER COUNTIES,CORN,82470.0,,86600.0,11326300.0,,137.3,
24,2021,ALABAMA,AL,PERRY,CORN,5820.0,,6000.0,888000.0,,152.6,
25,2021,ALABAMA,AL,RANDOLPH,CORN,770.0,,800.0,108000.0,,140.3,
26,2021,ALABAMA,AL,TUSCALOOSA,CORN,2520.0,,2600.0,423000.0,,167.9,
27,2021,ALABAMA,AL,WALKER,CORN,680.0,,700.0,87200.0,,128.2,
28,2021,ALABAMA,AL,WILCOX,CORN,1930.0,,2000.0,267000.0,,138.3,
29,2021,ARKANSAS,AR,ARKANSAS,CORN,53400.0,,53900.0,10149000.0,,190.1,
30,2021,ARKANSAS,AR,ASHLEY,CORN,38900.0,,39500.0,7235000.0,,186.0,
31,2021,ARKANSAS,AR,CHICOT,CORN,35800.0,,37000.0,6512000.0,,181.9,
32,2021,ARKANSAS,AR,CONWAY,CORN,3290.0,,3800.0,531000.0,,161.4,
33,2021,ARKANSAS,AR,CRITTENDEN,CORN,21400.0,,21900.0,4021000.0,,187.9,
34,2021,ARKANSAS,AR,CROSS,CORN,23800.0,,24400.0,4620000.0,,194.1,
35,2021,ARKANSAS,AR,DESHA,CORN,37000.0,,38400.0,6882000.0,,186.0,
36,2021,ARKANSAS,AR,DREW,CORN,17200.0,,17900.0,3130000.0,,182.0,
37,2021,ARKANSAS,AR,JACKSON,CORN,18400.0,,18900.0,3380000.0,,183.7,
38,2021,ARKANSAS,AR,JEFFERSON,CORN,42900.0,,43300.0,8151000.0,,190.0,
39,2021,ARKANSAS,AR,JOHNSON,CORN,2000.0,,2100.0,283000.0,,141.5,
40,2021,ARKANSAS,AR,LAFAYETTE,CORN,13100.0,,13500.0,1977000.0,,150.9,
41,2021,ARKANSAS,AR,LEE,CORN,54100.0,,54600.0,10084000.0,,186.4,
42,2021,ARKANSAS,AR,LINCOLN,CORN,20300.0,,21300.0,3668000.0,,180.7,
43,2021,ARKANSAS,AR,LOGAN,CORN,2050.0,,2200.0,331000.0,,161.5,
44,2021,ARKANSAS,AR,LONOKE,CORN,43300.0,,43600.0,8218000.0,,189.8,
45,2021,ARKANSAS,AR,MONROE,CORN,31900.0,,32200.0,5544000.0,,173.8,
46,2021,ARKANSAS,AR,OTHER COUNTIES,CORN,199770.0,,207700.0,36488000.0,,182.7,
47,2021,ARKANSAS,AR,PHILLIPS,CORN,44700.0,,45600.0,8337000.0,,186.5,
48,2021,ARKANSAS,AR,POINSETT,CORN,31400.0,,31600.0,5545000.0,,176.6,
49,2021,ARKANSAS,AR,PRAIRIE,CORN,25700.0,,26300.0,4857000.0,,189.0,
50,2021,ARKANSAS,AR,SAINT FRANCIS,CORN,35000.0,,35200.0,6262000.0,,178.9,
51,2021,ARKANSAS,AR,WHITE,CORN,6650.0,,6800.0,1232000.0,,185.3,
52,2021,ARKANSAS,AR,WOODRUFF,CORN,24200.0,,24400.0,4695000.0,,194.0,
53,2021,ARKANSAS,AR,YELL,CORN,3740.0,,3900.0,588000.0,,157.2,
54,2021,CALIFORNIA,CA,COLUSA,CORN,1440.0,,2000.0,281000.0,,195.1,
55,2021,CALIFORNIA,CA,FRESNO,CORN,,25000.0,,,638000.0,,25.5
56,2021,CALIFORNIA,CA,GLENN,CORN,,4300.0,,,123000.0,,28.5
57,2021,CALIFORNIA,CA,HUMBOLDT,CORN,,,100.0,,,,
58,2021,CALIFORNIA,CA,KERN,CORN,3130.0,24800.0,28100.0,504000.0,620000.0,161.0,25.0
59,2021,CALIFORNIA,CA,KINGS,CORN,,46300.0,,,1236000.0,,26.5
60,2021,CALIFORNIA,CA,MADERA,CORN,,10100.0,10100.0,,308000.0,,30.5
61,2021,CALIFORNIA,CA,MERCED,CORN,,58500.0,,,1697000.0,,29.0
62,2021,CALIFORNIA,CA,OTHER COUNTIES,CORN,29080.0,25900.0,302700.0,4713000.0,682000.0,162.1,26.5
63,2021,CALIFORNIA,CA,SACRAMENTO,CORN,6870.0,,18900.0,1904000.0,,277.1,
64,2021,CALIFORNIA,CA,SAN JOAQUIN,CORN,7330.0,27400.0,35100.0,1616000.0,837000.0,220.5,30.5
65,2021,CALIFORNIA,CA,STANISLAUS,CORN,,24100.0,,,723000.0,,30.0
66,2021,CALIFORNIA,CA,SUTTER,CORN,2150.0,,3000.0,382000.0,,177.7,
67,2021,CALIFORNIA,CA,TULARE,CORN,,98600.0,,,2796000.0,,28.5
68,2021,COLORADO,CO,ADAMS,CORN,24700.0,,29100.0,1003000.0,,40.6,
69,2021,COLORADO,CO,BENT,CORN,4420.0,,5400.0,819000.0,,185.3,
70,2021,COLORADO,CO,CHEYENNE,CORN,67300.0,,76800.0,4556000.0,,67.7,
71,2021,COLORADO,CO,DELTA,CORN,3300.0,,4300.0,712000.0,,215.8,
72,2021,COLORADO,CO,ELBERT,CORN,4200.0,,8000.0,110900.0,,26.4,
73,2021,COLORADO,CO,KIOWA,CORN,25900.0,,29900.0,1015000.0,,39.2,
74,2021,COLORADO,CO,KIT CARSON,CORN,193600.0,,226500.0,20618000.0,,106.5,
75,2021,COLORADO,CO,LINCOLN,CORN,18000.0,,22600.0,684000.0,,38.0,
76,2021,COLORADO,CO,LOGAN,CORN,85100.0,,97800.0,13105000.0,,154.0,
77,2021,COLORADO,CO,MESA,CORN,2570.0,,4100.0,570000.0,,221.8,
78,2021,COLORADO,CO,MORGAN,CORN,51200.0,,66700.0,9882000.0,,193.0,
79,2021,COLORADO,CO,OTHER COUNTIES,CORN,161540.0,,197700.0,22435100.0,,138.9,
80,2021,COLORADO,CO,PHILLIPS,CORN,102500.0,,118000.0,14186000.0,,138.4,
81,2021,COLORADO,CO,PUEBLO,CORN,4670.0,,5600.0,955000.0,,204.5,
82,2021,COLORADO,CO,WASHINGTON,CORN,109700.0,,131000.0,5123000.0,,46.7,
83,2021,COLORADO,CO,WELD,CORN,78300.0,,107500.0,13209000.0,,168.7,
84,2021,COLORADO,CO,YUMA,CORN,203000.0,,239000.0,38077000.0,,187.6,
85,2021,DELAWARE,DE,KENT,CORN,53900.0,,54500.0,10160000.0,,188.5,
86,2021,DELAWARE,DE,NEW CASTLE,CORN,17100.0,,17100.0,3068000.0,,179.4,
87,2021,DELAWARE,DE,SUSSEX,CORN,96000.0,,98400.0,17500000.0,,182.3,
88,2021,GEORGIA,GA,ATKINSON,CORN,3200.0,,3200.0,505000.0,,157.8,
89,2021,GEORGIA,GA,BAKER,CORN,10800.0,,11600.0,2182000.0,,202.0,
90,2021,GEORGIA,GA,BANKS,CORN,290.0,,300.0,43800.0,,151.0,
91,2021,GEORGIA,GA,BARTOW,CORN,1970.0,,2100.0,357000.0,,181.2,
92,2021,GEORGIA,GA,BEN HILL,CORN,3750.0,,3800.0,859000.0,,229.1,
93,2021,GEORGIA,GA,BERRIEN,CORN,8370.0,,8400.0,1415000.0,,169.1,
94,2021,GEORGIA,GA,BLECKLEY,CORN,4960.0,,5100.0,975000.0,,196.6,
95,2021,GEORGIA,GA,BRANTLEY,CORN,940.0,,1000.0,105000.0,,111.7,
96,2021,GEORGIA,GA,BULLOCH,CORN,3700.0,,4000.0,588000.0,,158.9,
97,2021,GEORGIA,GA,BURKE,CORN,21600.0,,22100.0,4396000.0,,203.5,
98,2021,GEORGIA,GA,CALHOUN,CORN,10200.0,,10900.0,2301000.0,,225.6,
99,2021,GEORGIA,GA,CANDLER,CORN,650.0,,900.0,54600.0,,84.0,
100,2021,GEORGIA,GA,CARROLL,CORN,280.0,,300.0,40700.0,,145.4,
101,2021,GEORGIA,GA,CHATTOOGA,CORN,1340.0,,1500.0,226000.0,,168.7,
102,2021,GEORGIA,GA,COFFEE,CORN,7120.0,,7600.0,1222000.0,,171.6,
103,2021,GEORGIA,GA,COLQUITT,CORN,5690.0,,6100.0,1165000.0,,204.7,
104,2021,GEORGIA,GA,DECATUR,CORN,12000.0,,13000.0,2358000.0,,196.5,
105,2021,GEORGIA,GA,DODGE,CORN,2530.0,,2700.0,514000.0,,203.2,
106,2021,GEORGIA,GA,EARLY,CORN,12200.0,,12800.0,2447000.0,,200.6,
107,2021,GEORGIA,GA,EMANUEL,CORN,3280.0,,3500.0,458000.0,,139.6,
108,2021,GEORGIA,GA,FRANKLIN,CORN,470.0,,500.0,71000.0,,151.1,
109,2021,GEORGIA,GA,GORDON,CORN,3540.0,,3700.0,533000.0,,150.6,
110,2021,GEORGIA,GA,HART,CORN,2530.0,,2700.0,483000.0,,190.9,
111,2021,GEORGIA,GA,IRWIN,CORN,10800.0,,11300.0,1997000.0,,184.9,
112,2021,GEORGIA,GA,JEFFERSON,CORN,14900.0,,15200.0,3048000.0,,204.6,
113,2021,GEORGIA,GA,JOHNSON,CORN,2150.0,,2300.0,350000.0,,162.8,
114,2021,GEORGIA,GA,LAURENS,CORN,5330.0,,5700.0,896000.0,,168.1,
115,2021,GEORGIA,GA,LEE,CORN,13600.0,,14500.0,2679000.0,,197.0,
116,2021,GEORGIA,GA,LOWNDES,CORN,1020.0,,1100.0,177800.0,,174.3,
117,2021,GEORGIA,GA,MACON,CORN,7840.0,,9000.0,1694000.0,,216.1,
118,2021,GEORGIA,GA,MILLER,CORN,19500.0,,20200.0,3693000.0,,189.4,
119,2021,GEORGIA,GA,MITCHELL,CORN,13200.0,,14100.0,2581000.0,,195.5,
120,2021,GEORGIA,GA,OTHER COUNTIES,CORN,114130.0,,131400.0,17925400.0,,157.1,
121,2021,GEORGIA,GA,PIERCE,CORN,9470.0,,10000.0,1580000.0,,166.8,
122,2021,GEORGIA,GA,RANDOLPH,CORN,11100.0,,11800.0,2129000.0,,191.8,
123,2021,GEORGIA,GA,SCREVEN,CORN,7380.0,,7900.0,1325000.0,,179.5,
124,2021,GEORGIA,GA,SEMINOLE,CORN,12100.0,,12800.0,2507000.0,,207.2,
125,2021,GEORGIA,GA,SUMTER,CORN,19400.0,,19500.0,3834000.0,,197.6,
126,2021,GEORGIA,GA,TATTNALL,CORN,5750.0,,6000.0,968000.0,,168.3,
127,2021,GEORGIA,GA,TERRELL,CORN,17600.0,,18200.0,3525000.0,,200.3,
128,2021,GEORGIA,GA,THOMAS,CORN,3210.0,,3500.0,444000.0,,138.3,
129,2021,GEORGIA,GA,TIFT,CORN,3370.0,,3600.0,650000.0,,192.9,
130,2021,GEORGIA,GA,TOOMBS,CORN,4320.0,,5000.0,765000.0,,177.1,
131,2021,GEORGIA,GA,TWIGGS,CORN,680.0,,700.0,112000.0,,164.7,
132,2021,GEORGIA,GA,UNION,CORN,270.0,,400.0,40200.0,,148.9,
133,2021,GEORGIA,GA,WALTON,CORN,320.0,,400.0,22500.0,,70.3,
134,2021,GEORGIA,GA,WARE,CORN,1890.0,,2200.0,260000.0,,137.6,
135,2021,GEORGIA,GA,WASHINGTON,CORN,5150.0,,5500.0,1028000.0,,199.6,
136,2021,GEORGIA,GA,WHITFIELD,CORN,640.0,,700.0,89000.0,,139.1,
137,2021,GEORGIA,GA,WILCOX,CORN,2120.0,,2300.0,388000.0,,183.0,
138,2021,GEORGIA,GA,WORTH,CORN,6350.0,,6900.0,1163000.0,,183.1,
139,2021,IDAHO,ID,ADA,CORN,4910.0,,15400.0,1108000.0,,225.7,
140,2021,IDAHO,ID,CANYON,CORN,14700.0,,38200.0,3069000.0,,208.8,
141,2021,IDAHO,ID,ELMORE,CORN,10600.0,,21700.0,2281000.0,,215.2,
142,2021,IDAHO,ID,GEM,CORN,2940.0,,5300.0,672000.0,,228.6,
143,2021,IDAHO,ID,GOODING,CORN,11500.0,,48400.0,2325000.0,,202.2,
144,2021,IDAHO,ID,LINCOLN,CORN,2500.0,,10600.0,526000.0,,210.4,
145,2021,IDAHO,ID,OTHER COUNTIES,CORN,34370.0,,148200.0,6976000.0,,203.0,
146,2021,IDAHO,ID,OWYHEE,CORN,17400.0,,33100.0,3770000.0,,216.7,
147,2021,IDAHO,ID,PAYETTE,CORN,2080.0,,9100.0,423000.0,,203.4,
148,2021,IDAHO,ID,TWIN FALLS,CORN,14000.0,,50000.0,3000000.0,,214.3,
149,2021,ILLINOIS,IL,BOND,CORN,71300.0,,72200.0,14738000.0,,206.7,
150,2021,ILLINOIS,IL,BOONE,CORN,74100.0,,75100.0,14820000.0,,200.0,
151,2021,ILLINOIS,IL,BROWN,CORN,37600.0,,38100.0,6730000.0,,179.0,
152,2021,ILLINOIS,IL,BUREAU,CORN,248000.0,,250500.0,50468000.0,,203.5,
153,2021,ILLINOIS,IL,CALHOUN,CORN,19600.0,,19900.0,3553000.0,,181.3,
154,2021,ILLINOIS,IL,CARROLL,CORN,125400.0,,127000.0,25707000.0,,205.0,
155,2021,ILLINOIS,IL,CASS,CORN,79000.0,,80000.0,16669000.0,,211.0,
156,2021,ILLINOIS,IL,CHAMPAIGN,CORN,262000.0,,264500.0,58269000.0,,222.4,
157,2021,ILLINOIS,IL,CHRISTIAN,CORN,188100.0,,190000.0,41119000.0,,218.6,
158,2021,ILLINOIS,IL,CLARK,CORN,89500.0,,90700.0,18365000.0,,205.2,
159,2021,ILLINOIS,IL,CLAY,CORN,73900.0,,74900.0,15519000.0,,210.0,
160,2021,ILLINOIS,IL,CLINTON,CORN,92100.0,,96700.0,19194000.0,,208.4,
161,2021,ILLINOIS,IL,COLES,CORN,115500.0,,117000.0,25410000.0,,220.0,
162,2021,ILLINOIS,IL,COOK,CORN,2860.0,,2900.0,487000.0,,170.3,
163,2021,ILLINOIS,IL,CRAWFORD,CORN,82300.0,,83400.0,16707000.0,,203.0,
164,2021,ILLINOIS,IL,DE KALB,CORN,189900.0,,192500.0,38493000.0,,202.7,
165,2021,ILLINOIS,IL,DE WITT,CORN,99000.0,,100300.0,20711000.0,,209.2,
166,2021,ILLINOIS,IL,EDGAR,CORN,158900.0,,161000.0,33035000.0,,207.9,
167,2021,ILLINOIS,IL,EDWARDS,CORN,42700.0,,43600.0,7976000.0,,186.8,
168,2021,ILLINOIS,IL,EFFINGHAM,CORN,85300.0,,86400.0,18152000.0,,212.8,
169,2021,ILLINOIS,IL,FAYETTE,CORN,113000.0,,114500.0,23414000.0,,207.2,
170,2021,ILLINOIS,IL,FORD,CORN,133300.0,,135000.0,26527000.0,,199.0,
171,2021,ILLINOIS,IL,FRANKLIN,CORN,37900.0,,38500.0,6735000.0,,177.7,
172,2021,ILLINOIS,IL,FULTON,CORN,129300.0,,131000.0,24968000.0,,193.1,
173,2021,ILLINOIS,IL,GALLATIN,CORN,59400.0,,60200.0,11387000.0,,191.7,
174,2021,ILLINOIS,IL,GREENE,CORN,105000.0,,107000.0,20622000.0,,196.4,
175,2021,ILLINOIS,IL,GRUNDY,CORN,101700.0,,103000.0,20482000.0,,201.4,
176,2021,ILLINOIS,IL,HANCOCK,CORN,162400.0,,164500.0,32626000.0,,200.9,
177,2021,ILLINOIS,IL,HARDIN,CORN,1080.0,,1100.0,190000.0,,175.9,
178,2021,ILLINOIS,IL,HENRY,CORN,224500.0,,227000.0,45461000.0,,202.5,
179,2021,ILLINOIS,IL,IROQUOIS,CORN,314000.0,,317000.0,60979000.0,,194.2,
180,2021,ILLINOIS,IL,JACKSON,CORN,32400.0,,32900.0,5871000.0,,181.2,
181,2021,ILLINOIS,IL,JEFFERSON,CORN,50700.0,,51400.0,8822000.0,,174.0,
182,2021,ILLINOIS,IL,JO DAVIESS,CORN,95200.0,,98800.0,19030000.0,,199.9,
183,2021,ILLINOIS,IL,KANE,CORN,71000.0,,71900.0,14662000.0,,206.5,
184,2021,ILLINOIS,IL,KANKAKEE,CORN,173300.0,,175500.0,33100000.0,,191.0,
185,2021,ILLINOIS,IL,KENDALL,CORN,69500.0,,70400.0,14706000.0,,211.6,
186,2021,ILLINOIS,IL,KNOX,CORN,154500.0,,156500.0,30606000.0,,198.1,
187,2021,ILLINOIS,IL,LAKE,CORN,6310.0,,6400.0,1036000.0,,164.2,
188,2021,ILLINOIS,IL,LAWRENCE,CORN,74800.0,,75800.0,14294000.0,,191.1,
189,2021,ILLINOIS,IL,LEE,CORN,225500.0,,227500.0,44739000.0,,198.4,
190,2021,ILLINOIS,IL,LIVINGSTON,CORN,286500.0,,289000.0,59735000.0,,208.5,
191,2021,ILLINOIS,IL,LOGAN,CORN,165100.0,,167500.0,34588000.0,,209.5,
192,2021,ILLINOIS,IL,MACON,CORN,133200.0,,135000.0,29451000.0,,221.1,
193,2021,ILLINOIS,IL,MACOUPIN,CORN,174700.0,,177000.0,34451000.0,,197.2,
194,2021,ILLINOIS,IL,MADISON,CORN,104100.0,,105500.0,21632000.0,,207.8,
195,2021,ILLINOIS,IL,MARION,CORN,78600.0,,79600.0,15846000.0,,201.6,
196,2021,ILLINOIS,IL,MARSHALL,CORN,93200.0,,94400.0,19991000.0,,214.5,
197,2021,ILLINOIS,IL,MASON,CORN,116300.0,,118000.0,22958000.0,,197.4,
198,2021,ILLINOIS,IL,MCLEAN,CORN,313000.0,,316000.0,64380000.0,,205.7,
199,2021,ILLINOIS,IL,MENARD,CORN,75400.0,,76400.0,15155000.0,,201.0,
200,2021,ILLINOIS,IL,MONROE,CORN,50700.0,,51400.0,9380000.0,,185.0,
201,2021,ILLINOIS,IL,MONTGOMERY,CORN,154000.0,,155500.0,32679000.0,,212.2,
202,2021,ILLINOIS,IL,MOULTRIE,CORN,81000.0,,82100.0,17966000.0,,221.8,
203,2021,ILLINOIS,IL,OGLE,CORN,213500.0,,216500.0,41889000.0,,196.2,
204,2021,ILLINOIS,IL,OTHER COUNTIES,CORN,1987650.0,,2015600.0,388269000.0,,195.3,
205,2021,ILLINOIS,IL,PEORIA,CORN,101200.0,,102500.0,21758000.0,,215.0,
206,2021,ILLINOIS,IL,PIATT,CORN,122400.0,,124000.0,26047000.0,,212.8,
207,2021,ILLINOIS,IL,PULASKI,CORN,16400.0,,16600.0,3090000.0,,188.4,
208,2021,ILLINOIS,IL,PUTNAM,CORN,31800.0,,32200.0,6370000.0,,200.3,
209,2021,ILLINOIS,IL,RANDOLPH,CORN,64900.0,,65900.0,12052000.0,,185.7,
210,2021,ILLINOIS,IL,ROCK ISLAND,CORN,66600.0,,67500.0,13740000.0,,206.3,
211,2021,ILLINOIS,IL,SALINE,CORN,48600.0,,49200.0,9321000.0,,191.8,
212,2021,ILLINOIS,IL,SANGAMON,CORN,191000.0,,193000.0,41187000.0,,215.6,
213,2021,ILLINOIS,IL,SCHUYLER,CORN,59700.0,,60700.0,10859000.0,,181.9,
214,2021,ILLINOIS,IL,SCOTT,CORN,49200.0,,49900.0,9333000.0,,189.7,
215,2021,ILLINOIS,IL,SHELBY,CORN,162400.0,,164500.0,33779000.0,,208.0,
216,2021,ILLINOIS,IL,ST CLAIR,CORN,91100.0,,92300.0,18129000.0,,199.0,
217,2021,ILLINOIS,IL,STARK,CORN,85000.0,,86100.0,18462000.0,,217.2,
218,2021,ILLINOIS,IL,STEPHENSON,CORN,154000.0,,159500.0,31247000.0,,202.9,
219,2021,ILLINOIS,IL,TAZEWELL,CORN,141100.0,,143000.0,28897000.0,,204.8,
220,2021,ILLINOIS,IL,UNION,CORN,11500.0,,11700.0,1883000.0,,163.7,
221,2021,ILLINOIS,IL,VERMILION,CORN,210500.0,,213000.0,41447000.0,,196.9,
222,2021,ILLINOIS,IL,WABASH,CORN,48000.0,,48700.0,9019000.0,,187.9,
223,2021,ILLINOIS,IL,WASHINGTON,CORN,100700.0,,104500.0,20492000.0,,203.5,
224,2021,ILLINOIS,IL,WHITE,CORN,93500.0,,94700.0,18064000.0,,193.2,
225,2021,ILLINOIS,IL,WHITESIDE,CORN,213500.0,,216500.0,43256000.0,,202.6,
226,2021,ILLINOIS,IL,WILL,CORN,88000.0,,89200.0,16509000.0,,187.6,
227,2021,ILLINOIS,IL,WINNEBAGO,CORN,84100.0,,85200.0,16467000.0,,195.8,
228,2021,ILLINOIS,IL,WOODFORD,CORN,116000.0,,117500.0,25543000.0,,220.2,
229,2021,INDIANA,IN,ALLEN,CORN,71000.0,,72700.0,14015000.0,,197.4,
230,2021,INDIANA,IN,BARTHOLOMEW,CORN,53300.0,,53900.0,10660000.0,,200.0,
231,2021,INDIANA,IN,BENTON,CORN,120600.0,,123500.0,22914000.0,,190.0,
232,2021,INDIANA,IN,BLACKFORD,CORN,30100.0,,30400.0,6198000.0,,205.9,
233,2021,INDIANA,IN,BOONE,CORN,79700.0,,80500.0,16721000.0,,209.8,
234,2021,INDIANA,IN,BROWN,CORN,1810.0,,2700.0,322000.0,,177.9,
235,2021,INDIANA,IN,CLARK,CORN,16300.0,,16700.0,2947000.0,,180.8,
236,2021,INDIANA,IN,CLAY,CORN,60600.0,,61200.0,11799000.0,,194.7,
237,2021,INDIANA,IN,CLINTON,CORN,103500.0,,104500.0,21766000.0,,210.3,
238,2021,INDIANA,IN,DAVIESS,CORN,79500.0,,80900.0,17200000.0,,216.4,
239,2021,INDIANA,IN,DE KALB,CORN,42900.0,,44000.0,7675000.0,,178.9,
240,2021,INDIANA,IN,DEARBORN,CORN,6490.0,,6700.0,1017000.0,,156.7,
241,2021,INDIANA,IN,DECATUR,CORN,71100.0,,74700.0,13246000.0,,186.3,
242,2021,INDIANA,IN,DELAWARE,CORN,63700.0,,64700.0,12753000.0,,200.2,
243,2021,INDIANA,IN,DUBOIS,CORN,52500.0,,53700.0,10038000.0,,191.2,
244,2021,INDIANA,IN,ELKHART,CORN,34400.0,,46800.0,6158000.0,,179.0,
245,2021,INDIANA,IN,FAYETTE,CORN,33600.0,,34100.0,6649000.0,,197.9,
246,2021,INDIANA,IN,FLOYD,CORN,2250.0,,2300.0,398000.0,,176.9,
247,2021,INDIANA,IN,FRANKLIN,CORN,35500.0,,36300.0,6191000.0,,174.4,
248,2021,INDIANA,IN,FULTON,CORN,88700.0,,90700.0,16410000.0,,185.0,
249,2021,INDIANA,IN,GRANT,CORN,72500.0,,74200.0,15247000.0,,210.3,
250,2021,INDIANA,IN,GREENE,CORN,47300.0,,48700.0,9403000.0,,198.8,
251,2021,INDIANA,IN,HAMILTON,CORN,48800.0,,49400.0,10540000.0,,216.0,
252,2021,INDIANA,IN,HANCOCK,CORN,53200.0,,54100.0,10119000.0,,190.2,
253,2021,INDIANA,IN,HARRISON,CORN,23000.0,,23500.0,4333000.0,,188.4,
254,2021,INDIANA,IN,HENDRICKS,CORN,58800.0,,59600.0,12248000.0,,208.3,
255,2021,INDIANA,IN,HENRY,CORN,73400.0,,75100.0,14988000.0,,204.2,
256,2021,INDIANA,IN,HOWARD,CORN,58900.0,,59800.0,13370000.0,,227.0,
257,2021,INDIANA,IN,HUNTINGTON,CORN,61500.0,,62900.0,12663000.0,,205.9,
258,2021,INDIANA,IN,JEFFERSON,CORN,20200.0,,20700.0,3446000.0,,170.6,
259,2021,INDIANA,IN,JENNINGS,CORN,34300.0,,34700.0,5896000.0,,171.9,
260,2021,INDIANA,IN,JOHNSON,CORN,33900.0,,34400.0,5829000.0,,171.9,
261,2021,INDIANA,IN,KNOX,CORN,112500.0,,113500.0,22826000.0,,202.9,
262,2021,INDIANA,IN,KOSCIUSKO,CORN,98700.0,,102000.0,18644000.0,,188.9,
263,2021,INDIANA,IN,LA PORTE,CORN,103600.0,,106000.0,17612000.0,,170.0,
264,2021,INDIANA,IN,LAGRANGE,CORN,39300.0,,42600.0,6327000.0,,161.0,
265,2021,INDIANA,IN,LAWRENCE,CORN,18700.0,,19200.0,3598000.0,,192.4,
266,2021,INDIANA,IN,MADISON,CORN,85000.0,,86000.0,18386000.0,,216.3,
267,2021,INDIANA,IN,MARION,CORN,4200.0,,4300.0,764000.0,,181.9,
268,2021,INDIANA,IN,MARSHALL,CORN,91400.0,,93500.0,16955000.0,,185.5,
269,2021,INDIANA,IN,MARTIN,CORN,18100.0,,18500.0,3768000.0,,208.2,
270,2021,INDIANA,IN,MONROE,CORN,4480.0,,4700.0,819000.0,,182.8,
271,2021,INDIANA,IN,MONTGOMERY,CORN,108500.0,,110000.0,23642000.0,,217.9,
272,2021,INDIANA,IN,MORGAN,CORN,35900.0,,36300.0,7026000.0,,195.7,
273,2021,INDIANA,IN,NEWTON,CORN,93800.0,,100000.0,17137000.0,,182.7,
274,2021,INDIANA,IN,NOBLE,CORN,59700.0,,61100.0,11206000.0,,187.7,
275,2021,INDIANA,IN,OHIO,CORN,2730.0,,2800.0,386000.0,,141.4,
276,2021,INDIANA,IN,ORANGE,CORN,20500.0,,21000.0,4106000.0,,200.3,
277,2021,INDIANA,IN,OTHER COUNTIES,CORN,1272870.0,,1306700.0,242572000.0,,190.6,
278,2021,INDIANA,IN,OWEN,CORN,20400.0,,20900.0,3754000.0,,184.0,
279,2021,INDIANA,IN,PORTER,CORN,55300.0,,56600.0,9843000.0,,178.0,
280,2021,INDIANA,IN,POSEY,CORN,79100.0,,80100.0,17404000.0,,220.0,
281,2021,INDIANA,IN,PUTNAM,CORN,67500.0,,68500.0,13250000.0,,196.3,
282,2021,INDIANA,IN,RANDOLPH,CORN,101000.0,,102500.0,20705000.0,,205.0,
283,2021,INDIANA,IN,RIPLEY,CORN,40000.0,,41200.0,6932000.0,,173.3,
284,2021,INDIANA,IN,RUSH,CORN,104000.0,,105500.0,20509000.0,,197.2,
285,2021,INDIANA,IN,SCOTT,CORN,13200.0,,14300.0,2244000.0,,170.0,
286,2021,INDIANA,IN,SHELBY,CORN,86500.0,,87900.0,16357000.0,,189.1,
287,2021,INDIANA,IN,SPENCER,CORN,56200.0,,57100.0,10560000.0,,187.9,
288,2021,INDIANA,IN,ST. JOSEPH,CORN,66500.0,,68100.0,10840000.0,,163.0,
289,2021,INDIANA,IN,STEUBEN,CORN,39600.0,,40500.0,6970000.0,,176.0,
290,2021,INDIANA,IN,SULLIVAN,CORN,67500.0,,68700.0,13082000.0,,193.8,
291,2021,INDIANA,IN,SWITZERLAND,CORN,5970.0,,6100.0,1039000.0,,174.0,
292,2021,INDIANA,IN,TIPPECANOE,CORN,89900.0,,91500.0,18627000.0,,207.2,
293,2021,INDIANA,IN,TIPTON,CORN,69900.0,,70500.0,15716000.0,,224.8,
294,2021,INDIANA,IN,UNION,CORN,32500.0,,32800.0,6754000.0,,207.8,
295,2021,INDIANA,IN,VANDERBURGH,CORN,27800.0,,28100.0,6038000.0,,217.2,
296,2021,INDIANA,IN,VERMILLION,CORN,46400.0,,46800.0,9090000.0,,195.9,
297,2021,INDIANA,IN,VIGO,CORN,45900.0,,46300.0,8570000.0,,186.7,
298,2021,INDIANA,IN,WABASH,CORN,74400.0,,76100.0,14062000.0,,189.0,
299,2021,INDIANA,IN,WARREN,CORN,79500.0,,81300.0,15232000.0,,191.6,
300,2021,INDIANA,IN,WAYNE,CORN,62800.0,,64300.0,12704000.0,,202.3,
301,2021,INDIANA,IN,WELLS,CORN,76800.0,,78600.0,16812000.0,,218.9,
302,2021,INDIANA,IN,WHITLEY,CORN,58000.0,,59400.0,11623000.0,,200.4,
303,2021,IOWA,IA,ALLAMAKEE,CORN,85900.0,7300.0,93900.0,17051000.0,164000.0,198.5,22.5
304,2021,IOWA,IA,APPANOOSE,CORN,32200.0,1710.0,34200.0,5526000.0,22700.0,171.6,13.5
305,2021,IOWA,IA,AUDUBON,CORN,104400.0,,106000.0,22547000.0,,216.0,
306,2021,IOWA,IA,BENTON,CORN,175300.0,3530.0,180500.0,37115000.0,67000.0,211.7,19.0
307,2021,IOWA,IA,BLACK HAWK,CORN,137200.0,,140000.0,26562000.0,,193.6,
308,2021,IOWA,IA,BOONE,CORN,142000.0,,144000.0,29593000.0,,208.4,
309,2021,IOWA,IA,BREMER,CORN,117900.0,2410.0,121500.0,23592000.0,55000.0,200.1,23.0
310,2021,IOWA,IA,BUCHANAN,CORN,175600.0,,180000.0,36700000.0,,209.0,
311,2021,IOWA,IA,BUENA VISTA,CORN,157200.0,,160000.0,32053000.0,,203.9,
312,2021,IOWA,IA,BUTLER,CORN,160400.0,,163500.0,32802000.0,,204.5,
313,2021,IOWA,IA,CALHOUN,CORN,160300.0,,163000.0,34921000.0,,217.8,
314,2021,IOWA,IA,CARROLL,CORN,163700.0,,171000.0,35738000.0,,218.3,
315,2021,IOWA,IA,CASS,CORN,127400.0,,130000.0,27060000.0,,212.4,
316,2021,IOWA,IA,CEDAR,CORN,146600.0,,149000.0,30368000.0,,207.1,
317,2021,IOWA,IA,CERRO GORDO,CORN,158500.0,,161500.0,31700000.0,,200.0,
318,2021,IOWA,IA,CHICKASAW,CORN,136000.0,,146000.0,28315000.0,,208.2,
319,2021,IOWA,IA,CLAY,CORN,137900.0,6400.0,145500.0,28035000.0,125000.0,203.3,19.5
320,2021,IOWA,IA,CLAYTON,CORN,128400.0,,142500.0,25077000.0,,195.3,
321,2021,IOWA,IA,CLINTON,CORN,180500.0,,186000.0,37270000.0,,206.5,
322,2021,IOWA,IA,CRAWFORD,CORN,193800.0,,196500.0,42345000.0,,218.5,
323,2021,IOWA,IA,DALLAS,CORN,116900.0,,119000.0,24537000.0,,209.9,
324,2021,IOWA,IA,DAVIS,CORN,46300.0,3450.0,50300.0,7061000.0,61000.0,152.5,17.5
325,2021,IOWA,IA,DELAWARE,CORN,170100.0,9590.0,181500.0,37082000.0,206000.0,218.0,21.5
326,2021,IOWA,IA,DICKINSON,CORN,89900.0,750.0,91600.0,15975000.0,13500.0,177.7,18.0
327,2021,IOWA,IA,DUBUQUE,CORN,131500.0,,146500.0,28562000.0,,217.2,
328,2021,IOWA,IA,EMMET,CORN,107900.0,,110000.0,19692000.0,,182.5,
329,2021,IOWA,IA,FAYETTE,CORN,176400.0,12100.0,190000.0,36268000.0,278000.0,205.6,23.0
330,2021,IOWA,IA,FLOYD,CORN,138000.0,4160.0,143500.0,28207000.0,73000.0,204.4,17.5
331,2021,IOWA,IA,FRANKLIN,CORN,187500.0,,191000.0,37294000.0,,198.9,
332,2021,IOWA,IA,FREMONT,CORN,112600.0,,114500.0,23274000.0,,206.7,
333,2021,IOWA,IA,GREENE,CORN,156600.0,,159000.0,34530000.0,,220.5,
334,2021,IOWA,IA,GRUNDY,CORN,150200.0,,153000.0,31452000.0,,209.4,
335,2021,IOWA,IA,GUTHRIE,CORN,102800.0,,105500.0,22616000.0,,220.0,
336,2021,IOWA,IA,HANCOCK,CORN,182300.0,,185000.0,38247000.0,,209.8,
337,2021,IOWA,IA,HARDIN,CORN,175400.0,,178500.0,33887000.0,,193.2,
338,2021,IOWA,IA,HENRY,CORN,75700.0,,76800.0,12695000.0,,167.7,
339,2021,IOWA,IA,HOWARD,CORN,126000.0,,128500.0,26120000.0,,207.3,
340,2021,IOWA,IA,HUMBOLDT,CORN,126100.0,,128000.0,25901000.0,,205.4,
341,2021,IOWA,IA,IDA,CORN,122500.0,,124500.0,27778000.0,,226.8,
342,2021,IOWA,IA,JACKSON,CORN,107900.0,,117000.0,20626000.0,,191.2,
343,2021,IOWA,IA,JASPER,CORN,162600.0,,166000.0,36048000.0,,221.7,
344,2021,IOWA,IA,JEFFERSON,CORN,70100.0,,71500.0,11447000.0,,163.3,
345,2021,IOWA,IA,KEOKUK,CORN,118900.0,,121500.0,20986000.0,,176.5,
346,2021,IOWA,IA,KOSSUTH,CORN,299500.0,,304500.0,57117000.0,,190.7,
347,2021,IOWA,IA,LEE,CORN,72700.0,,75500.0,11661000.0,,160.4,
348,2021,IOWA,IA,LOUISA,CORN,77700.0,,79000.0,14724000.0,,189.5,
349,2021,IOWA,IA,LUCAS,CORN,32000.0,660.0,32900.0,5315000.0,9600.0,166.1,14.5
350,2021,IOWA,IA,LYON,CORN,163500.0,20100.0,185500.0,35430000.0,492000.0,216.7,24.5
351,2021,IOWA,IA,MADISON,CORN,63500.0,,65600.0,12421000.0,,195.6,
352,2021,IOWA,IA,MAHASKA,CORN,126800.0,2700.0,130500.0,25423000.0,43200.0,200.5,16.0
353,2021,IOWA,IA,MARION,CORN,72300.0,,74100.0,14395000.0,,199.1,
354,2021,IOWA,IA,MARSHALL,CORN,122300.0,12600.0,136000.0,25866000.0,315000.0,211.5,25.0
355,2021,IOWA,IA,MILLS,CORN,91500.0,,93100.0,19197000.0,,209.8,
356,2021,IOWA,IA,MITCHELL,CORN,143500.0,,149000.0,29174000.0,,203.3,
357,2021,IOWA,IA,MONONA,CORN,169000.0,,172000.0,33411000.0,,197.7,
358,2021,IOWA,IA,MONROE,CORN,28600.0,,30500.0,4751000.0,,166.1,
359,2021,IOWA,IA,MONTGOMERY,CORN,90500.0,,92000.0,18543000.0,,204.9,
360,2021,IOWA,IA,MUSCATINE,CORN,84100.0,2000.0,86800.0,17202000.0,38000.0,204.5,19.0
361,2021,IOWA,IA,O BRIEN,CORN,161600.0,,171500.0,34502000.0,,213.5,
362,2021,IOWA,IA,OSCEOLA,CORN,113900.0,,119500.0,23691000.0,,208.0,
363,2021,IOWA,IA,OTHER COUNTIES,CORN,1645200.0,184600.0,1687800.0,335373000.0,3808700.0,203.8,20.5
364,2021,IOWA,IA,PAGE,CORN,106400.0,,108000.0,22014000.0,,206.9,
365,2021,IOWA,IA,PALO ALTO,CORN,153100.0,,158000.0,29104000.0,,190.1,
366,2021,IOWA,IA,PLYMOUTH,CORN,219500.0,,232500.0,41903000.0,,190.9,
367,2021,IOWA,IA,POCAHONTAS,CORN,172200.0,,175000.0,36834000.0,,213.9,
368,2021,IOWA,IA,POLK,CORN,69600.0,,71000.0,15138000.0,,217.5,
369,2021,IOWA,IA,POTTAWATTAMIE,CORN,231000.0,,233500.0,49965000.0,,216.3,
370,2021,IOWA,IA,POWESHIEK,CORN,134700.0,,137000.0,27075000.0,,201.0,
371,2021,IOWA,IA,RINGGOLD,CORN,48500.0,,49900.0,8526000.0,,175.8,
372,2021,IOWA,IA,SAC,CORN,159900.0,,163500.0,36943000.0,,231.0,
373,2021,IOWA,IA,SCOTT,CORN,102700.0,,105000.0,21235000.0,,206.8,
374,2021,IOWA,IA,SIOUX,CORN,211500.0,35100.0,248500.0,46657000.0,777000.0,220.6,22.0
375,2021,IOWA,IA,STORY,CORN,140000.0,,142500.0,28168000.0,,201.2,
376,2021,IOWA,IA,TAMA,CORN,157100.0,,160000.0,33604000.0,,213.9,
377,2021,IOWA,IA,TAYLOR,CORN,80900.0,,82200.0,15533000.0,,192.0,
378,2021,IOWA,IA,UNION,CORN,54100.0,,55500.0,10019000.0,,185.2,
379,2021,IOWA,IA,VAN BUREN,CORN,47100.0,1660.0,49700.0,7654000.0,25700.0,162.5,15.5
380,2021,IOWA,IA,WAPELLO,CORN,57100.0,,58800.0,10164000.0,,178.0,
381,2021,IOWA,IA,WASHINGTON,CORN,,2130.0,,,34100.0,,16.0
382,2021,IOWA,IA,WAYNE,CORN,57300.0,,58300.0,10142000.0,,177.0,
383,2021,IOWA,IA,WEBSTER,CORN,193300.0,,196500.0,41791000.0,,216.2,
384,2021,IOWA,IA,WINNEBAGO,CORN,115200.0,1150.0,117500.0,22764000.0,26500.0,197.6,23.0
385,2021,IOWA,IA,WINNESHIEK,CORN,134100.0,25900.0,161500.0,26726000.0,505000.0,199.3,19.5
386,2021,IOWA,IA,WOODBURY,CORN,196100.0,,202500.0,40525000.0,,206.7,
387,2021,IOWA,IA,WORTH,CORN,105900.0,,108500.0,21964000.0,,207.4,
388,2021,IOWA,IA,WRIGHT,CORN,169100.0,,171500.0,32501000.0,,192.2,
389,2021,KANSAS,KS,ALLEN,CORN,33100.0,,34500.0,3893000.0,,117.6,
390,2021,KANSAS,KS,ANDERSON,CORN,43400.0,,45400.0,5060000.0,,116.6,
391,2021,KANSAS,KS,ATCHISON,CORN,64900.0,,67900.0,10352000.0,,159.5,
392,2021,KANSAS,KS,BARBER,CORN,3530.0,,3700.0,604000.0,,171.1,
393,2021,KANSAS,KS,BARTON,CORN,31100.0,,32500.0,4821000.0,,155.0,
394,2021,KANSAS,KS,BOURBON,CORN,16500.0,,17300.0,2033000.0,,123.2,
395,2021,KANSAS,KS,BROWN,CORN,119400.0,,125000.0,24298000.0,,203.5,
396,2021,KANSAS,KS,BUTLER,CORN,63600.0,,66500.0,8141000.0,,128.0,
397,2021,KANSAS,KS,CHASE,CORN,6640.0,,7100.0,983000.0,,148.0,
398,2021,KANSAS,KS,CHAUTAUQUA,CORN,2060.0,,2200.0,231000.0,,112.1,
399,2021,KANSAS,KS,CHEROKEE,CORN,57200.0,,59700.0,8157000.0,,142.6,
400,2021,KANSAS,KS,CHEYENNE,CORN,80700.0,,87700.0,7344000.0,,91.0,
401,2021,KANSAS,KS,CLOUD,CORN,55500.0,,57900.0,7925000.0,,142.8,
402,2021,KANSAS,KS,COFFEY,CORN,31900.0,,33500.0,3495000.0,,109.6,
403,2021,KANSAS,KS,COWLEY,CORN,22300.0,,23300.0,2999000.0,,134.5,
404,2021,KANSAS,KS,CRAWFORD,CORN,42700.0,,44600.0,5478000.0,,128.3,
405,2021,KANSAS,KS,DICKINSON,CORN,22200.0,,23300.0,2944000.0,,132.6,
406,2021,KANSAS,KS,DONIPHAN,CORN,80200.0,,84000.0,16577000.0,,206.7,
407,2021,KANSAS,KS,DOUGLAS,CORN,27000.0,,28300.0,3380000.0,,125.2,
408,2021,KANSAS,KS,EDWARDS,CORN,69500.0,,72800.0,13212000.0,,190.1,
409,2021,KANSAS,KS,ELLSWORTH,CORN,4670.0,,4900.0,456000.0,,97.6,
410,2021,KANSAS,KS,FORD,CORN,46100.0,,48200.0,9842000.0,,213.5,
411,2021,KANSAS,KS,GEARY,CORN,11200.0,,11800.0,1624000.0,,145.0,
412,2021,KANSAS,KS,GOVE,CORN,119600.0,,130500.0,11637000.0,,97.3,
413,2021,KANSAS,KS,GRAHAM,CORN,68300.0,,71400.0,7670000.0,,112.3,
414,2021,KANSAS,KS,GRANT,CORN,43700.0,,47900.0,10169000.0,,232.7,
415,2021,KANSAS,KS,GRAY,CORN,82800.0,,87100.0,17703000.0,,213.8,
416,2021,KANSAS,KS,GREELEY,CORN,46700.0,,52200.0,3596000.0,,77.0,
417,2021,KANSAS,KS,HARVEY,CORN,66400.0,,69600.0,10046000.0,,151.3,
418,2021,KANSAS,KS,HASKELL,CORN,91200.0,,96000.0,21478000.0,,235.5,
419,2021,KANSAS,KS,JACKSON,CORN,39300.0,,41200.0,5954000.0,,151.5,
420,2021,KANSAS,KS,JEFFERSON,CORN,44100.0,,46000.0,7193000.0,,163.1,
421,2021,KANSAS,KS,KINGMAN,CORN,11000.0,,11500.0,1850000.0,,168.2,
422,2021,KANSAS,KS,KIOWA,CORN,27300.0,,28600.0,5001000.0,,183.2,
423,2021,KANSAS,KS,LABETTE,CORN,40900.0,,43100.0,5256000.0,,128.5,
424,2021,KANSAS,KS,LANE,CORN,31200.0,,34300.0,3026000.0,,97.0,
425,2021,KANSAS,KS,LEAVENWORTH,CORN,21500.0,,22500.0,3055000.0,,142.1,
426,2021,KANSAS,KS,LOGAN,CORN,120000.0,,126000.0,8688000.0,,72.4,
427,2021,KANSAS,KS,LYON,CORN,29500.0,,31300.0,3233000.0,,109.6,
428,2021,KANSAS,KS,MARION,CORN,65600.0,,69700.0,7255000.0,,110.6,
429,2021,KANSAS,KS,MCPHERSON,CORN,44700.0,,47700.0,5467000.0,,122.3,
430,2021,KANSAS,KS,MEADE,CORN,69500.0,,72600.0,16729000.0,,240.7,
431,2021,KANSAS,KS,MIAMI,CORN,17400.0,,18700.0,2140000.0,,123.0,
432,2021,KANSAS,KS,MITCHELL,CORN,30500.0,,32200.0,3700000.0,,121.3,
433,2021,KANSAS,KS,MONTGOMERY,CORN,25400.0,,26500.0,2865000.0,,112.8,
434,2021,KANSAS,KS,MORRIS,CORN,20500.0,,21600.0,2481000.0,,121.0,
435,2021,KANSAS,KS,MORTON,CORN,24700.0,,26000.0,4337000.0,,175.6,
436,2021,KANSAS,KS,NEMAHA,CORN,118800.0,,124500.0,21527000.0,,181.2,
437,2021,KANSAS,KS,NEOSHO,CORN,32300.0,,34000.0,4109000.0,,127.2,
438,2021,KANSAS,KS,NESS,CORN,21000.0,,22000.0,1583000.0,,75.4,
439,2021,KANSAS,KS,NORTON,CORN,124000.0,,129500.0,9846000.0,,79.4,
440,2021,KANSAS,KS,OSBORNE,CORN,33600.0,,35700.0,3271000.0,,97.4,
441,2021,KANSAS,KS,OTHER COUNTIES,CORN,1339080.0,,1423100.0,165783000.0,,123.8,
442,2021,KANSAS,KS,PAWNEE,CORN,54500.0,,56900.0,9260000.0,,169.9,
443,2021,KANSAS,KS,PHILLIPS,CORN,80000.0,,83500.0,7976000.0,,99.7,
444,2021,KANSAS,KS,POTTAWATOMIE,CORN,39100.0,,41000.0,6240000.0,,159.6,
445,2021,KANSAS,KS,PRATT,CORN,58900.0,,61600.0,12557000.0,,213.2,
446,2021,KANSAS,KS,RAWLINS,CORN,106400.0,,116000.0,7320000.0,,68.8,
447,2021,KANSAS,KS,RENO,CORN,43700.0,,45600.0,6905000.0,,158.0,
448,2021,KANSAS,KS,REPUBLIC,CORN,122900.0,,126500.0,19651000.0,,159.9,
449,2021,KANSAS,KS,RILEY,CORN,23000.0,,24100.0,3623000.0,,157.5,
450,2021,KANSAS,KS,SALINE,CORN,7320.0,,7800.0,851000.0,,116.3,
451,2021,KANSAS,KS,SEWARD,CORN,67000.0,,70100.0,14807000.0,,221.0,
452,2021,KANSAS,KS,SHAWNEE,CORN,32600.0,,34100.0,4685000.0,,143.7,
453,2021,KANSAS,KS,SHERIDAN,CORN,151600.0,,160500.0,18250000.0,,120.4,
454,2021,KANSAS,KS,SHERMAN,CORN,196400.0,,206000.0,22625000.0,,115.2,
455,2021,KANSAS,KS,SMITH,CORN,92400.0,,96700.0,12723000.0,,137.7,
456,2021,KANSAS,KS,STAFFORD,CORN,62800.0,,65600.0,12158000.0,,193.6,
457,2021,KANSAS,KS,STEVENS,CORN,110200.0,,116500.0,25115000.0,,227.9,
458,2021,KANSAS,KS,SUMNER,CORN,38900.0,,40800.0,4458000.0,,114.6,
459,2021,KANSAS,KS,TREGO,CORN,34000.0,,35700.0,2982000.0,,87.7,
460,2021,KANSAS,KS,WABAUNSEE,CORN,25600.0,,26800.0,3512000.0,,137.2,
461,2021,KANSAS,KS,WASHINGTON,CORN,112600.0,,118000.0,17149000.0,,152.3,
462,2021,KANSAS,KS,WICHITA,CORN,86600.0,,90500.0,9110000.0,,105.2,
463,2021,KANSAS,KS,WILSON,CORN,45400.0,,47400.0,5680000.0,,125.1,
464,2021,KANSAS,KS,WOODSON,CORN,22100.0,,23200.0,2466000.0,,111.6,
465,2021,KENTUCKY,KY,ADAIR,CORN,9300.0,,10900.0,1710000.0,,183.9,
466,2021,KENTUCKY,KY,ALLEN,CORN,7300.0,,8000.0,1244000.0,,170.4,
467,2021,KENTUCKY,KY,ANDERSON,CORN,900.0,,1100.0,161500.0,,179.4,
468,2021,KENTUCKY,KY,BALLARD,CORN,31000.0,,33500.0,6215000.0,,200.5,
469,2021,KENTUCKY,KY,BARREN,CORN,26500.0,,30500.0,4925000.0,,185.8,
470,2021,KENTUCKY,KY,BATH,CORN,1600.0,,1700.0,248000.0,,155.0,
471,2021,KENTUCKY,KY,BOONE,CORN,1450.0,,1600.0,244000.0,,168.3,
472,2021,KENTUCKY,KY,BOURBON,CORN,5350.0,,5800.0,1070000.0,,200.0,
473,2021,KENTUCKY,KY,BOYLE,CORN,4400.0,,4900.0,800000.0,,181.8,
474,2021,KENTUCKY,KY,BRACKEN,CORN,1100.0,,1200.0,175300.0,,159.4,
475,2021,KENTUCKY,KY,BRECKINRIDGE,CORN,22000.0,,23000.0,3785000.0,,172.0,
476,2021,KENTUCKY,KY,BULLITT,CORN,2500.0,,2700.0,418000.0,,167.2,
477,2021,KENTUCKY,KY,BUTLER,CORN,18200.0,,19500.0,3540000.0,,194.5,
478,2021,KENTUCKY,KY,CALDWELL,CORN,31000.0,,33000.0,6170000.0,,199.0,
479,2021,KENTUCKY,KY,CALLOWAY,CORN,36500.0,,39000.0,7285000.0,,199.6,
480,2021,KENTUCKY,KY,CARLISLE,CORN,24500.0,,26000.0,4710000.0,,192.2,
481,2021,KENTUCKY,KY,CARROLL,CORN,1500.0,,1600.0,245000.0,,163.3,
482,2021,KENTUCKY,KY,CASEY,CORN,7000.0,,8300.0,1290000.0,,184.3,
483,2021,KENTUCKY,KY,CHRISTIAN,CORN,77500.0,,82500.0,15800000.0,,203.9,
484,2021,KENTUCKY,KY,CLARK,CORN,2600.0,,2900.0,454000.0,,174.6,
485,2021,KENTUCKY,KY,CLINTON,CORN,1800.0,,2200.0,309000.0,,171.7,
486,2021,KENTUCKY,KY,CRITTENDEN,CORN,21000.0,,22500.0,3945000.0,,187.9,
487,2021,KENTUCKY,KY,CUMBERLAND,CORN,2700.0,,2800.0,503000.0,,186.3,
488,2021,KENTUCKY,KY,DAVIESS,CORN,63000.0,,67000.0,12830000.0,,203.7,
489,2021,KENTUCKY,KY,EDMONSON,CORN,3600.0,,4200.0,659000.0,,183.1,
490,2021,KENTUCKY,KY,ESTILL,CORN,450.0,,700.0,64000.0,,142.2,
491,2021,KENTUCKY,KY,FAYETTE,CORN,2500.0,,2700.0,471000.0,,188.4,
492,2021,KENTUCKY,KY,FLEMING,CORN,3450.0,,3800.0,547000.0,,158.6,
493,2021,KENTUCKY,KY,FRANKLIN,CORN,1800.0,,2000.0,302000.0,,167.8,
494,2021,KENTUCKY,KY,FULTON,CORN,28000.0,,29500.0,5495000.0,,196.3,
495,2021,KENTUCKY,KY,GARRARD,CORN,1600.0,,1900.0,252000.0,,157.5,
496,2021,KENTUCKY,KY,GRANT,CORN,460.0,,500.0,70700.0,,153.7,
497,2021,KENTUCKY,KY,GRAYSON,CORN,13600.0,,14800.0,2270000.0,,166.9,
498,2021,KENTUCKY,KY,GREEN,CORN,8600.0,,9300.0,1650000.0,,191.9,
499,2021,KENTUCKY,KY,GREENUP,CORN,650.0,,700.0,86900.0,,133.7,
500,2021,KENTUCKY,KY,HANCOCK,CORN,8400.0,,9000.0,1730000.0,,206.0,
501,2021,KENTUCKY,KY,HARDIN,CORN,32000.0,,34000.0,5990000.0,,187.2,
502,2021,KENTUCKY,KY,HARRISON,CORN,4400.0,,5000.0,704000.0,,160.0,
503,2021,KENTUCKY,KY,HART,CORN,6100.0,,6900.0,1120000.0,,183.6,
504,2021,KENTUCKY,KY,HENRY,CORN,8300.0,,9100.0,1465000.0,,176.5,
505,2021,KENTUCKY,KY,HICKMAN,CORN,40500.0,,43500.0,8110000.0,,200.2,
506,2021,KENTUCKY,KY,JESSAMINE,CORN,400.0,,500.0,61400.0,,153.5,
507,2021,KENTUCKY,KY,KENTON,CORN,360.0,,400.0,56400.0,,156.7,
508,2021,KENTUCKY,KY,KNOX,CORN,450.0,,600.0,60600.0,,134.7,
509,2021,KENTUCKY,KY,LARUE,CORN,25000.0,,27000.0,4755000.0,,190.2,
510,2021,KENTUCKY,KY,LAUREL,CORN,450.0,,600.0,57900.0,,128.7,
511,2021,KENTUCKY,KY,LEWIS,CORN,1300.0,,1400.0,168300.0,,129.5,
512,2021,KENTUCKY,KY,LINCOLN,CORN,9000.0,,10000.0,1641000.0,,182.3,
513,2021,KENTUCKY,KY,LIVINGSTON,CORN,17100.0,,18200.0,2945000.0,,172.2,
514,2021,KENTUCKY,KY,LOGAN,CORN,64500.0,,69500.0,11925000.0,,184.9,
515,2021,KENTUCKY,KY,MADISON,CORN,1500.0,,1800.0,225000.0,,150.0,
516,2021,KENTUCKY,KY,MARION,CORN,15400.0,,16600.0,2985000.0,,193.8,
517,2021,KENTUCKY,KY,MARSHALL,CORN,11500.0,,12800.0,2085000.0,,181.3,
518,2021,KENTUCKY,KY,MASON,CORN,7600.0,,8300.0,1315000.0,,173.0,
519,2021,KENTUCKY,KY,MCCRACKEN,CORN,11900.0,,12600.0,2050000.0,,172.3,
520,2021,KENTUCKY,KY,MCLEAN,CORN,44000.0,,46500.0,8455000.0,,192.2,
521,2021,KENTUCKY,KY,MEADE,CORN,17600.0,,19000.0,3460000.0,,196.6,
522,2021,KENTUCKY,KY,MENIFEE,CORN,150.0,,200.0,18900.0,,126.0,
523,2021,KENTUCKY,KY,MERCER,CORN,6200.0,,6700.0,1165000.0,,187.9,
524,2021,KENTUCKY,KY,METCALFE,CORN,6500.0,,7100.0,1280000.0,,196.9,
525,2021,KENTUCKY,KY,MONTGOMERY,CORN,1400.0,,1700.0,199000.0,,142.1,
526,2021,KENTUCKY,KY,MORGAN,CORN,230.0,,300.0,30100.0,,130.9,
527,2021,KENTUCKY,KY,MUHLENBERG,CORN,16400.0,,17600.0,3055000.0,,186.3,
528,2021,KENTUCKY,KY,OHIO,CORN,33000.0,,35000.0,6600000.0,,200.0,
529,2021,KENTUCKY,KY,OLDHAM,CORN,2500.0,,2700.0,446000.0,,178.4,
530,2021,KENTUCKY,KY,OTHER COUNTIES,CORN,231140.0,,248900.0,43690100.0,,189.0,
531,2021,KENTUCKY,KY,OWEN,CORN,500.0,,1100.0,82400.0,,164.8,
532,2021,KENTUCKY,KY,PENDLETON,CORN,900.0,,1100.0,148500.0,,165.0,
533,2021,KENTUCKY,KY,PULASKI,CORN,10900.0,,11900.0,1935000.0,,177.5,
534,2021,KENTUCKY,KY,ROWAN,CORN,460.0,,500.0,62000.0,,134.8,
535,2021,KENTUCKY,KY,RUSSELL,CORN,3950.0,,5000.0,682000.0,,172.7,
536,2021,KENTUCKY,KY,SCOTT,CORN,2500.0,,3000.0,440000.0,,176.0,
537,2021,KENTUCKY,KY,SHELBY,CORN,19500.0,,20500.0,3500000.0,,179.5,
538,2021,KENTUCKY,KY,SIMPSON,CORN,38700.0,,41500.0,6920000.0,,178.8,
539,2021,KENTUCKY,KY,SPENCER,CORN,3650.0,,3900.0,664000.0,,181.9,
540,2021,KENTUCKY,KY,TAYLOR,CORN,12300.0,,13300.0,2400000.0,,195.1,
541,2021,KENTUCKY,KY,TODD,CORN,46500.0,,49500.0,9060000.0,,194.8,
542,2021,KENTUCKY,KY,TRIGG,CORN,21000.0,,22500.0,4125000.0,,196.4,
543,2021,KENTUCKY,KY,TRIMBLE,CORN,2150.0,,2300.0,353000.0,,164.2,
544,2021,KENTUCKY,KY,UNION,CORN,72000.0,,76500.0,15760000.0,,218.9,
545,2021,KENTUCKY,KY,WARREN,CORN,37500.0,,40000.0,7185000.0,,191.6,
546,2021,KENTUCKY,KY,WASHINGTON,CORN,7200.0,,8300.0,1355000.0,,188.2,
547,2021,KENTUCKY,KY,WAYNE,CORN,6100.0,,6500.0,1195000.0,,195.9,
548,2021,KENTUCKY,KY,WEBSTER,CORN,41000.0,,44000.0,8515000.0,,207.7,
549,2021,KENTUCKY,KY,WOODFORD,CORN,2500.0,,2800.0,465000.0,,186.0,
550,2021,LOUISIANA,LA,AVOYELLES,CORN,16500.0,,16800.0,2588000.0,,156.8,
551,2021,LOUISIANA,LA,BOSSIER,CORN,1440.0,,1600.0,193000.0,,134.0,
552,2021,LOUISIANA,LA,CADDO,CORN,19600.0,,19800.0,2368000.0,,120.8,
553,2021,LOUISIANA,LA,CATAHOULA,CORN,25200.0,,25400.0,4717000.0,,187.2,
554,2021,LOUISIANA,LA,CONCORDIA,CORN,16300.0,,17500.0,2989000.0,,183.4,
555,2021,LOUISIANA,LA,EAST CARROLL,CORN,48300.0,,48900.0,8897000.0,,184.2,
556,2021,LOUISIANA,LA,FRANKLIN,CORN,87300.0,,88500.0,17135000.0,,196.3,
557,2021,LOUISIANA,LA,GRANT,CORN,2200.0,,2300.0,326000.0,,148.2,
558,2021,LOUISIANA,LA,MADISON,CORN,63700.0,,65200.0,11861000.0,,186.2,
559,2021,LOUISIANA,LA,MOREHOUSE,CORN,63600.0,,65300.0,12504000.0,,196.6,
560,2021,LOUISIANA,LA,OTHER COUNTIES,CORN,34160.0,,35100.0,5409600.0,,158.4,
561,2021,LOUISIANA,LA,OUACHITA,CORN,8440.0,,8600.0,1650000.0,,195.5,
562,2021,LOUISIANA,LA,POINTE COUPEE,CORN,8100.0,,8300.0,1313000.0,,162.1,
563,2021,LOUISIANA,LA,RAPIDES,CORN,5680.0,,6400.0,774000.0,,136.3,
564,2021,LOUISIANA,LA,RED RIVER,CORN,7400.0,,7400.0,998000.0,,134.9,
565,2021,LOUISIANA,LA,RICHLAND,CORN,58800.0,,60600.0,11401000.0,,193.9,
566,2021,LOUISIANA,LA,SAINT LANDRY,CORN,6430.0,,7100.0,1008000.0,,156.8,
567,2021,LOUISIANA,LA,TENSAS,CORN,52400.0,,53600.0,10056000.0,,191.9,
568,2021,LOUISIANA,LA,WASHINGTON,CORN,1250.0,,3000.0,178400.0,,142.7,
569,2021,LOUISIANA,LA,WEST CARROLL,CORN,38200.0,,38600.0,7029000.0,,184.0,
570,2021,MARYLAND,MD,ANNE ARUNDEL,CORN,3440.0,,3800.0,578000.0,,168.0,
571,2021,MARYLAND,MD,CALVERT,CORN,2910.0,,3200.0,458000.0,,157.4,
572,2021,MARYLAND,MD,CAROLINE,CORN,37600.0,,41500.0,6845000.0,,182.0,
573,2021,MARYLAND,MD,CARROLL,CORN,27000.0,,29900.0,4693000.0,,173.8,
574,2021,MARYLAND,MD,CECIL,CORN,21000.0,,23000.0,3608000.0,,171.8,
575,2021,MARYLAND,MD,CHARLES,CORN,3630.0,,4000.0,527000.0,,145.2,
576,2021,MARYLAND,MD,DORCHESTER,CORN,27300.0,,29900.0,4807000.0,,176.1,
577,2021,MARYLAND,MD,FREDERICK,CORN,36200.0,,40300.0,6079000.0,,167.9,
578,2021,MARYLAND,MD,GARRETT,CORN,6150.0,,6800.0,898000.0,,146.0,
579,2021,MARYLAND,MD,HARFORD,CORN,18000.0,,20000.0,3379000.0,,187.7,
580,2021,MARYLAND,MD,KENT,CORN,34100.0,,37800.0,5773000.0,,169.3,
581,2021,MARYLAND,MD,MONTGOMERY,CORN,10200.0,,11200.0,1824000.0,,178.8,
582,2021,MARYLAND,MD,OTHER COUNTIES,CORN,69830.0,,76800.0,12228000.0,,175.1,
583,2021,MARYLAND,MD,SOMERSET,CORN,12000.0,,13200.0,2187000.0,,182.3,
584,2021,MARYLAND,MD,ST MARYS,CORN,7640.0,,8400.0,1224000.0,,160.2,
585,2021,MARYLAND,MD,TALBOT,CORN,28800.0,,31500.0,5346000.0,,185.6,
586,2021,MARYLAND,MD,WASHINGTON,CORN,14300.0,,17900.0,2110000.0,,147.6,
587,2021,MARYLAND,MD,WICOMICO,CORN,22700.0,,24900.0,3952000.0,,174.1,
588,2021,MARYLAND,MD,WORCESTER,CORN,32200.0,,35900.0,6109000.0,,189.7,
589,2021,MICHIGAN,MI,ALLEGAN,CORN,62300.0,,76900.0,10716000.0,,172.0,
590,2021,MICHIGAN,MI,ALPENA,CORN,6240.0,,7200.0,1021000.0,,163.6,
591,2021,MICHIGAN,MI,ARENAC,CORN,15100.0,,17800.0,2836000.0,,187.8,
592,2021,MICHIGAN,MI,BARRY,CORN,30000.0,,38600.0,5364000.0,,178.8,
593,2021,MICHIGAN,MI,BAY,CORN,44100.0,,47600.0,8282000.0,,187.8,
594,2021,MICHIGAN,MI,BENZIE,CORN,860.0,,1100.0,133400.0,,155.1,
595,2021,MICHIGAN,MI,BERRIEN,CORN,50000.0,,52900.0,8545000.0,,170.9,
596,2021,MICHIGAN,MI,CALHOUN,CORN,73400.0,,81000.0,11685000.0,,159.2,
597,2021,MICHIGAN,MI,CASS,CORN,63700.0,,68900.0,10638000.0,,167.0,
598,2021,MICHIGAN,MI,CHARLEVOIX,CORN,1570.0,,1900.0,234000.0,,149.0,
599,2021,MICHIGAN,MI,CLINTON,CORN,56400.0,,74400.0,9684000.0,,171.7,
600,2021,MICHIGAN,MI,DELTA,CORN,1970.0,,2800.0,272000.0,,138.1,
601,2021,MICHIGAN,MI,DICKINSON,CORN,740.0,,1300.0,110700.0,,149.6,
602,2021,MICHIGAN,MI,EATON,CORN,51700.0,,56100.0,8903000.0,,172.2,
603,2021,MICHIGAN,MI,EMMET,CORN,600.0,,1000.0,81500.0,,135.8,
604,2021,MICHIGAN,MI,GENESEE,CORN,29000.0,,32100.0,4640000.0,,160.0,
605,2021,MICHIGAN,MI,GRAND TRAVERSE,CORN,5250.0,,6300.0,823000.0,,156.8,
606,2021,MICHIGAN,MI,GRATIOT,CORN,78800.0,,96800.0,13554000.0,,172.0,
607,2021,MICHIGAN,MI,HILLSDALE,CORN,62300.0,,72100.0,11158000.0,,179.1,
608,2021,MICHIGAN,MI,HURON,CORN,73500.0,,100000.0,15656000.0,,213.0,
609,2021,MICHIGAN,MI,INGHAM,CORN,44300.0,,52100.0,7726000.0,,174.4,
610,2021,MICHIGAN,MI,IONIA,CORN,59000.0,,74900.0,10266000.0,,174.0,
611,2021,MICHIGAN,MI,IOSCO,CORN,4480.0,,5800.0,724000.0,,161.6,
612,2021,MICHIGAN,MI,ISABELLA,CORN,36400.0,,44200.0,6093000.0,,167.4,
613,2021,MICHIGAN,MI,JACKSON,CORN,53000.0,,61100.0,8872000.0,,167.4,
614,2021,MICHIGAN,MI,KALAMAZOO,CORN,50900.0,,55100.0,7635000.0,,150.0,
615,2021,MICHIGAN,MI,KALKASKA,CORN,440.0,,500.0,52900.0,,120.2,
616,2021,MICHIGAN,MI,KENT,CORN,33100.0,,38600.0,5769000.0,,174.3,
617,2021,MICHIGAN,MI,LAKE,CORN,1590.0,,1900.0,251000.0,,157.9,
618,2021,MICHIGAN,MI,LAPEER,CORN,33900.0,,39300.0,5970000.0,,176.1,
619,2021,MICHIGAN,MI,LEELANAU,CORN,2050.0,,2400.0,232000.0,,113.2,
620,2021,MICHIGAN,MI,LENAWEE,CORN,88700.0,,107000.0,16327000.0,,184.1,
621,2021,MICHIGAN,MI,LIVINGSTON,CORN,17100.0,,20000.0,2833000.0,,165.7,
622,2021,MICHIGAN,MI,MACOMB,CORN,11400.0,,12900.0,1843000.0,,161.7,
623,2021,MICHIGAN,MI,MANISTEE,CORN,4440.0,,5200.0,624000.0,,140.5,
624,2021,MICHIGAN,MI,MASON,CORN,13200.0,,15200.0,2165000.0,,164.0,
625,2021,MICHIGAN,MI,MECOSTA,CORN,21300.0,,24200.0,3259000.0,,153.0,
626,2021,MICHIGAN,MI,MIDLAND,CORN,21400.0,,23400.0,3895000.0,,182.0,
627,2021,MICHIGAN,MI,MONROE,CORN,52400.0,,56000.0,10155000.0,,193.8,
628,2021,MICHIGAN,MI,MONTCALM,CORN,52600.0,,60300.0,9351000.0,,177.8,
629,2021,MICHIGAN,MI,MUSKEGON,CORN,10800.0,,14000.0,1706000.0,,158.0,
630,2021,MICHIGAN,MI,NEWAYGO,CORN,12000.0,,21400.0,2075000.0,,172.9,
631,2021,MICHIGAN,MI,OAKLAND,CORN,1800.0,,2000.0,298000.0,,165.6,
632,2021,MICHIGAN,MI,OCEANA,CORN,11700.0,,13000.0,1802000.0,,154.0,
633,2021,MICHIGAN,MI,OGEMAW,CORN,10000.0,,13500.0,1718000.0,,171.8,
634,2021,MICHIGAN,MI,OTHER COUNTIES,CORN,189470.0,,239200.0,28449500.0,,150.2,
635,2021,MICHIGAN,MI,OTSEGO,CORN,1110.0,,1300.0,157300.0,,141.7,
636,2021,MICHIGAN,MI,OTTAWA,CORN,29000.0,,40300.0,5014000.0,,172.9,
637,2021,MICHIGAN,MI,PRESQUE ISLE,CORN,5810.0,,6700.0,863000.0,,148.5,
638,2021,MICHIGAN,MI,SAGINAW,CORN,85000.0,,90000.0,15122000.0,,177.9,
639,2021,MICHIGAN,MI,SANILAC,CORN,89000.0,,108000.0,18868000.0,,212.0,
640,2021,MICHIGAN,MI,SHIAWASSEE,CORN,48900.0,,56400.0,7938000.0,,162.3,
641,2021,MICHIGAN,MI,ST CLAIR,CORN,25800.0,,29200.0,4502000.0,,174.5,
642,2021,MICHIGAN,MI,TUSCOLA,CORN,72500.0,,78900.0,14884000.0,,205.3,
643,2021,MICHIGAN,MI,VAN BUREN,CORN,46100.0,,50700.0,7330000.0,,159.0,
644,2021,MICHIGAN,MI,WASHTENAW,CORN,34900.0,,40400.0,6230000.0,,178.5,
645,2021,MICHIGAN,MI,WAYNE,CORN,1530.0,,1700.0,193700.0,,126.6,
646,2021,MICHIGAN,MI,WEXFORD,CORN,5350.0,,6400.0,730000.0,,136.4,
647,2021,MINNESOTA,MN,AITKIN,CORN,800.0,880.0,1700.0,75600.0,7500.0,94.5,8.5
648,2021,MINNESOTA,MN,ANOKA,CORN,4100.0,,5400.0,458000.0,,111.7,
649,2021,MINNESOTA,MN,BECKER,CORN,64100.0,,76800.0,9743000.0,,152.0,
650,2021,MINNESOTA,MN,BELTRAMI,CORN,1570.0,,7200.0,123000.0,,78.3,
651,2021,MINNESOTA,MN,BENTON,CORN,38100.0,16000.0,55700.0,5003000.0,232000.0,131.3,14.5
652,2021,MINNESOTA,MN,BIG STONE,CORN,105400.0,,107500.0,19172000.0,,181.9,
653,2021,MINNESOTA,MN,BLUE EARTH,CORN,179600.0,,183000.0,35992000.0,,200.4,
654,2021,MINNESOTA,MN,BROWN,CORN,144500.0,11000.0,157500.0,27050000.0,253000.0,187.2,23.0
655,2021,MINNESOTA,MN,CARLTON,CORN,,410.0,,,6800.0,,16.5
656,2021,MINNESOTA,MN,CARVER,CORN,48600.0,4250.0,53500.0,9030000.0,100000.0,185.8,23.5
657,2021,MINNESOTA,MN,CASS,CORN,,790.0,,,5100.0,,6.5
658,2021,MINNESOTA,MN,CHIPPEWA,CORN,142000.0,,147000.0,26852000.0,,189.1,
659,2021,MINNESOTA,MN,CHISAGO,CORN,25900.0,,26800.0,3758000.0,,145.1,
660,2021,MINNESOTA,MN,CLAY,CORN,152900.0,,160500.0,23796000.0,,155.6,
661,2021,MINNESOTA,MN,CLEARWATER,CORN,6830.0,1290.0,8600.0,676000.0,14500.0,99.0,11.0
662,2021,MINNESOTA,MN,COTTONWOOD,CORN,163500.0,,170500.0,31686000.0,,193.8,
663,2021,MINNESOTA,MN,CROW WING,CORN,7540.0,,10100.0,718000.0,,95.2,
664,2021,MINNESOTA,MN,DAKOTA,CORN,77100.0,3620.0,81800.0,14587000.0,98000.0,189.2,27.0
665,2021,MINNESOTA,MN,DODGE,CORN,,1340.0,,,34800.0,,26.0
666,2021,MINNESOTA,MN,DOUGLAS,CORN,75500.0,,79700.0,10487000.0,,138.9,
667,2021,MINNESOTA,MN,FARIBAULT,CORN,204500.0,,209000.0,39162000.0,,191.5,
668,2021,MINNESOTA,MN,FILLMORE,CORN,161700.0,12600.0,176500.0,32841000.0,328000.0,203.1,26.0
669,2021,MINNESOTA,MN,FREEBORN,CORN,184100.0,,188000.0,38109000.0,,207.0,
670,2021,MINNESOTA,MN,GOODHUE,CORN,142400.0,12700.0,157000.0,28437000.0,324000.0,199.7,25.5
671,2021,MINNESOTA,MN,GRANT,CORN,128600.0,1150.0,131500.0,23122000.0,23000.0,179.8,20.0
672,2021,MINNESOTA,MN,HENNEPIN,CORN,9910.0,470.0,10600.0,1549000.0,9200.0,156.3,19.5
673,2021,MINNESOTA,MN,HOUSTON,CORN,53600.0,6460.0,60800.0,10763000.0,181000.0,200.8,28.0
674,2021,MINNESOTA,MN,HUBBARD,CORN,11000.0,930.0,12100.0,1680000.0,5300.0,152.7,5.7
675,2021,MINNESOTA,MN,ISANTI,CORN,28300.0,4020.0,32700.0,3421000.0,68000.0,120.9,17.0
676,2021,MINNESOTA,MN,ITASCA,CORN,790.0,,900.0,71800.0,,90.9,
677,2021,MINNESOTA,MN,JACKSON,CORN,185600.0,1990.0,190000.0,35190000.0,36800.0,189.6,18.5
678,2021,MINNESOTA,MN,KANABEC,CORN,13700.0,,15800.0,1507000.0,,110.0,
679,2021,MINNESOTA,MN,KITTSON,CORN,,580.0,,,6500.0,,11.0
680,2021,MINNESOTA,MN,LE SUEUR,CORN,82600.0,1620.0,85300.0,16817000.0,42500.0,203.6,26.0
681,2021,MINNESOTA,MN,LINCOLN,CORN,110000.0,4510.0,116000.0,17732000.0,86000.0,161.2,19.0
682,2021,MINNESOTA,MN,LYON,CORN,174400.0,,180500.0,28392000.0,,162.8,
683,2021,MINNESOTA,MN,MAHNOMEN,CORN,44000.0,950.0,45600.0,4690000.0,12600.0,106.6,13.5
684,2021,MINNESOTA,MN,MARSHALL,CORN,56400.0,,58200.0,5640000.0,,100.0,
685,2021,MINNESOTA,MN,MARTIN,CORN,203500.0,,209500.0,39560000.0,,194.4,
686,2021,MINNESOTA,MN,MCLEOD,CORN,112200.0,,116500.0,21677000.0,,193.2,
687,2021,MINNESOTA,MN,MEEKER,CORN,119300.0,5620.0,126500.0,18527000.0,101000.0,155.3,18.0
688,2021,MINNESOTA,MN,MILLE LACS,CORN,17500.0,4170.0,21900.0,1902000.0,50000.0,108.7,12.0
689,2021,MINNESOTA,MN,MORRISON,CORN,68800.0,,102500.0,7589000.0,,110.3,
690,2021,MINNESOTA,MN,MURRAY,CORN,176600.0,3180.0,182000.0,34702000.0,75000.0,196.5,23.5
691,2021,MINNESOTA,MN,NICOLLET,CORN,109300.0,4750.0,115500.0,22778000.0,126000.0,208.4,26.5
692,2021,MINNESOTA,MN,NOBLES,CORN,194300.0,,205000.0,39344000.0,,202.5,
693,2021,MINNESOTA,MN,NORMAN,CORN,109400.0,,113000.0,11557000.0,,105.6,
694,2021,MINNESOTA,MN,OLMSTED,CORN,108200.0,4840.0,114500.0,20439000.0,119000.0,188.9,24.5
695,2021,MINNESOTA,MN,OTHER COUNTIES,CORN,1037760.0,212210.0,1093700.0,187985600.0,3901300.0,181.1,18.5
696,2021,MINNESOTA,MN,OTTER TAIL,CORN,169300.0,30700.0,203000.0,23702000.0,414000.0,140.0,13.5
697,2021,MINNESOTA,MN,PINE,CORN,15500.0,4340.0,20100.0,2110000.0,72000.0,136.1,16.5
698,2021,MINNESOTA,MN,PIPESTONE,CORN,107100.0,,118500.0,19503000.0,,182.1,
699,2021,MINNESOTA,MN,POLK,CORN,104600.0,,110000.0,10586000.0,,101.2,
700,2021,MINNESOTA,MN,POPE,CORN,116400.0,,122000.0,16610000.0,,142.7,
701,2021,MINNESOTA,MN,RED LAKE,CORN,22800.0,5600.0,29100.0,2050000.0,73000.0,89.9,13.0
702,2021,MINNESOTA,MN,REDWOOD,CORN,233500.0,,240000.0,40162000.0,,172.0,
703,2021,MINNESOTA,MN,RENVILLE,CORN,243500.0,3990.0,250500.0,43116000.0,88000.0,177.1,22.0
704,2021,MINNESOTA,MN,RICE,CORN,78900.0,8270.0,88300.0,15449000.0,160000.0,195.8,19.5
705,2021,MINNESOTA,MN,ROCK,CORN,127100.0,9660.0,138500.0,26233000.0,232000.0,206.4,24.0
706,2021,MINNESOTA,MN,ROSEAU,CORN,18700.0,1890.0,20800.0,1545000.0,18000.0,82.6,9.5
707,2021,MINNESOTA,MN,SCOTT,CORN,33400.0,1530.0,35400.0,6673000.0,38300.0,199.8,25.0
708,2021,MINNESOTA,MN,SHERBURNE,CORN,26400.0,1630.0,28400.0,4409000.0,22000.0,167.0,13.5
709,2021,MINNESOTA,MN,SIBLEY,CORN,148900.0,,156500.0,30187000.0,,202.7,
710,2021,MINNESOTA,MN,STEARNS,CORN,179500.0,,225500.0,26602000.0,,148.2,
711,2021,MINNESOTA,MN,STEELE,CORN,107800.0,,110500.0,22121000.0,,205.2,
712,2021,MINNESOTA,MN,STEVENS,CORN,134200.0,10500.0,146500.0,23324000.0,236000.0,173.8,22.5
713,2021,MINNESOTA,MN,TODD,CORN,71100.0,11900.0,84000.0,9286000.0,190000.0,130.6,16.0
714,2021,MINNESOTA,MN,TRAVERSE,CORN,146200.0,3390.0,151500.0,26243000.0,68000.0,179.5,20.0
715,2021,MINNESOTA,MN,WABASHA,CORN,86400.0,9030.0,96600.0,17842000.0,226000.0,206.5,25.0
716,2021,MINNESOTA,MN,WADENA,CORN,12100.0,9970.0,22300.0,1693000.0,75000.0,139.9,7.5
717,2021,MINNESOTA,MN,WASECA,CORN,108000.0,,110000.0,22939000.0,,212.4,
718,2021,MINNESOTA,MN,WASHINGTON,CORN,16900.0,570.0,17700.0,2586000.0,8800.0,153.0,15.5
719,2021,MINNESOTA,MN,WATONWAN,CORN,121100.0,,123500.0,25310000.0,,209.0,
720,2021,MINNESOTA,MN,WILKIN,CORN,134200.0,,136500.0,20170000.0,,150.3,
721,2021,MINNESOTA,MN,WINONA,CORN,63900.0,14700.0,79500.0,13036000.0,382000.0,204.0,26.0
722,2021,MINNESOTA,MN,WRIGHT,CORN,76000.0,,80400.0,10952000.0,,144.1,
723,2021,MISSISSIPPI,MS,BOLIVAR,CORN,38300.0,,38500.0,7293000.0,,190.4,
724,2021,MISSISSIPPI,MS,CALHOUN,CORN,11400.0,,11500.0,1930000.0,,169.3,
725,2021,MISSISSIPPI,MS,CARROLL,CORN,10600.0,,11500.0,1901000.0,,179.3,
726,2021,MISSISSIPPI,MS,CHICKASAW,CORN,7640.0,,8100.0,1254000.0,,164.1,
727,2021,MISSISSIPPI,MS,CLAIBORNE,CORN,2880.0,,3000.0,459000.0,,159.4,
728,2021,MISSISSIPPI,MS,COAHOMA,CORN,32300.0,,33200.0,6331000.0,,196.0,
729,2021,MISSISSIPPI,MS,DE SOTO,CORN,8490.0,,8600.0,1611000.0,,189.8,
730,2021,MISSISSIPPI,MS,GEORGE,CORN,290.0,,300.0,37000.0,,127.6,
731,2021,MISSISSIPPI,MS,GRENADA,CORN,1300.0,,1800.0,252000.0,,193.8,
732,2021,MISSISSIPPI,MS,HINDS,CORN,10000.0,,11100.0,1654000.0,,165.4,
733,2021,MISSISSIPPI,MS,HOLMES,CORN,28900.0,,30000.0,5627000.0,,194.7,
734,2021,MISSISSIPPI,MS,HUMPHREYS,CORN,30100.0,,30500.0,5963000.0,,198.1,
735,2021,MISSISSIPPI,MS,ISSAQUENA,CORN,20200.0,,20400.0,3870000.0,,191.6,
736,2021,MISSISSIPPI,MS,ITAWAMBA,CORN,2300.0,,2700.0,343000.0,,149.1,
737,2021,MISSISSIPPI,MS,LEE,CORN,4200.0,,4700.0,547000.0,,130.2,
738,2021,MISSISSIPPI,MS,LEFLORE,CORN,65200.0,,67800.0,12656000.0,,194.1,
739,2021,MISSISSIPPI,MS,LOWNDES,CORN,12400.0,,12600.0,2075000.0,,167.3,
740,2021,MISSISSIPPI,MS,MADISON,CORN,12900.0,,13800.0,2032000.0,,157.5,
741,2021,MISSISSIPPI,MS,MONROE,CORN,17300.0,,17500.0,2581000.0,,149.2,
742,2021,MISSISSIPPI,MS,MONTGOMERY,CORN,4500.0,,4800.0,810000.0,,180.0,
743,2021,MISSISSIPPI,MS,NOXUBEE,CORN,34500.0,,34800.0,5877000.0,,170.3,
744,2021,MISSISSIPPI,MS,OTHER COUNTIES,CORN,74130.0,,79900.0,11974100.0,,161.5,
745,2021,MISSISSIPPI,MS,PANOLA,CORN,16800.0,,17100.0,2797000.0,,166.5,
746,2021,MISSISSIPPI,MS,PEARL RIVER,CORN,1070.0,,1100.0,162100.0,,151.5,
747,2021,MISSISSIPPI,MS,PRENTISS,CORN,3000.0,,3500.0,415000.0,,138.3,
748,2021,MISSISSIPPI,MS,QUITMAN,CORN,15100.0,,17300.0,2565000.0,,169.9,
749,2021,MISSISSIPPI,MS,RANKIN,CORN,1600.0,,1700.0,244000.0,,152.5,
750,2021,MISSISSIPPI,MS,SHARKEY,CORN,30900.0,,31100.0,6068000.0,,196.4,
751,2021,MISSISSIPPI,MS,SUNFLOWER,CORN,48500.0,,51400.0,9661000.0,,199.2,
752,2021,MISSISSIPPI,MS,TALLAHATCHIE,CORN,34800.0,,39000.0,5937000.0,,170.6,
753,2021,MISSISSIPPI,MS,TATE,CORN,8300.0,,8500.0,1388000.0,,167.2,
754,2021,MISSISSIPPI,MS,TIPPAH,CORN,3200.0,,3400.0,457000.0,,142.8,
755,2021,MISSISSIPPI,MS,UNION,CORN,3110.0,,3300.0,503000.0,,161.7,
756,2021,MISSISSIPPI,MS,WALTHALL,CORN,1100.0,,1700.0,155800.0,,141.6,
757,2021,MISSISSIPPI,MS,WASHINGTON,CORN,56500.0,,57200.0,11029000.0,,195.2,
758,2021,MISSISSIPPI,MS,WEBSTER,CORN,4340.0,,4500.0,720000.0,,165.9,
759,2021,MISSISSIPPI,MS,YALOBUSHA,CORN,3050.0,,3100.0,545000.0,,178.7,
760,2021,MISSISSIPPI,MS,YAZOO,CORN,38800.0,,39000.0,6976000.0,,179.8,
761,2021,MISSOURI,MO,ADAIR,CORN,22900.0,,23900.0,3882000.0,,169.5,
762,2021,MISSOURI,MO,ATCHISON,CORN,127500.0,,133000.0,26904000.0,,211.0,
763,2021,MISSOURI,MO,BARRY,CORN,4320.0,,4500.0,631000.0,,146.1,
764,2021,MISSOURI,MO,BARTON,CORN,58200.0,,60900.0,10415000.0,,179.0,
765,2021,MISSOURI,MO,BATES,CORN,71700.0,,74800.0,10974000.0,,153.1,
766,2021,MISSOURI,MO,BOLLINGER,CORN,12600.0,,13200.0,2186000.0,,173.5,
767,2021,MISSOURI,MO,BOONE,CORN,22700.0,,23800.0,3094000.0,,136.3,
768,2021,MISSOURI,MO,BUCHANAN,CORN,46200.0,,50100.0,7914000.0,,171.3,
769,2021,MISSOURI,MO,BUTLER,CORN,30000.0,,31200.0,5763000.0,,192.1,
770,2021,MISSOURI,MO,CALDWELL,CORN,23100.0,,24500.0,3112000.0,,134.7,
771,2021,MISSOURI,MO,CAPE GIRARDEAU,CORN,32500.0,,34300.0,5431000.0,,167.1,
772,2021,MISSOURI,MO,CASS,CORN,33500.0,,36300.0,3661000.0,,109.3,
773,2021,MISSOURI,MO,CEDAR,CORN,3680.0,,4000.0,506000.0,,137.5,
774,2021,MISSOURI,MO,CLAY,CORN,14900.0,,15600.0,2298000.0,,154.2,
775,2021,MISSOURI,MO,CLINTON,CORN,47900.0,,50200.0,8104000.0,,169.2,
776,2021,MISSOURI,MO,COLE,CORN,5210.0,,5700.0,672000.0,,129.0,
777,2021,MISSOURI,MO,COOPER,CORN,55000.0,,58200.0,7266000.0,,132.1,
778,2021,MISSOURI,MO,DADE,CORN,17200.0,,18300.0,2386000.0,,138.7,
779,2021,MISSOURI,MO,DALLAS,CORN,570.0,,600.0,79400.0,,139.3,
780,2021,MISSOURI,MO,DAVIESS,CORN,40900.0,,43200.0,5808000.0,,142.0,
781,2021,MISSOURI,MO,DE KALB,CORN,39900.0,,41600.0,6271000.0,,157.2,
782,2021,MISSOURI,MO,DUNKLIN,CORN,36900.0,,38500.0,7048000.0,,191.0,
783,2021,MISSOURI,MO,FRANKLIN,CORN,18600.0,,19400.0,3551000.0,,190.9,
784,2021,MISSOURI,MO,GASCONADE,CORN,7510.0,,7900.0,1036000.0,,137.9,
785,2021,MISSOURI,MO,GREENE,CORN,2430.0,,2800.0,340000.0,,139.9,
786,2021,MISSOURI,MO,GRUNDY,CORN,37300.0,,39000.0,4808000.0,,128.9,
787,2021,MISSOURI,MO,HARRISON,CORN,56800.0,,59700.0,8855000.0,,155.9,
788,2021,MISSOURI,MO,HENRY,CORN,23100.0,,25300.0,2573000.0,,111.4,
789,2021,MISSOURI,MO,HICKORY,CORN,1810.0,,2400.0,259000.0,,143.1,
790,2021,MISSOURI,MO,HOWARD,CORN,39200.0,,41000.0,5065000.0,,129.2,
791,2021,MISSOURI,MO,JEFFERSON,CORN,3100.0,,3300.0,450000.0,,145.2,
792,2021,MISSOURI,MO,JOHNSON,CORN,46100.0,,49000.0,5936000.0,,128.8,
793,2021,MISSOURI,MO,LACLEDE,CORN,1220.0,,2100.0,158000.0,,129.5,
794,2021,MISSOURI,MO,LAWRENCE,CORN,12200.0,,12900.0,1854000.0,,152.0,
795,2021,MISSOURI,MO,LINCOLN,CORN,39400.0,,41800.0,5780000.0,,146.7,
796,2021,MISSOURI,MO,LINN,CORN,37900.0,,40300.0,4809000.0,,126.9,
797,2021,MISSOURI,MO,MARIES,CORN,1760.0,,1900.0,233000.0,,132.4,
798,2021,MISSOURI,MO,MARION,CORN,58800.0,,61400.0,8996000.0,,153.0,
799,2021,MISSOURI,MO,MILLER,CORN,2020.0,,2100.0,271000.0,,134.2,
800,2021,MISSOURI,MO,MISSISSIPPI,CORN,53100.0,,55300.0,9951000.0,,187.4,
801,2021,MISSOURI,MO,MONITEAU,CORN,14000.0,,15600.0,1551000.0,,110.8,
802,2021,MISSOURI,MO,MONROE,CORN,59900.0,,62500.0,8889000.0,,148.4,
803,2021,MISSOURI,MO,MONTGOMERY,CORN,49400.0,,51600.0,6071000.0,,122.9,
804,2021,MISSOURI,MO,MORGAN,CORN,7270.0,,8100.0,658000.0,,90.5,
805,2021,MISSOURI,MO,NEW MADRID,CORN,65000.0,,67700.0,12636000.0,,194.4,
806,2021,MISSOURI,MO,NEWTON,CORN,6300.0,,6800.0,968000.0,,153.7,
807,2021,MISSOURI,MO,OSAGE,CORN,9280.0,,9600.0,1277000.0,,137.6,
808,2021,MISSOURI,MO,OTHER COUNTIES,CORN,1448840.0,,1516000.0,227719100.0,,157.2,
809,2021,MISSOURI,MO,PEMISCOT,CORN,30500.0,,31900.0,5569000.0,,182.6,
810,2021,MISSOURI,MO,PERRY,CORN,28000.0,,29600.0,4967000.0,,177.4,
811,2021,MISSOURI,MO,PETTIS,CORN,61700.0,,64200.0,7490000.0,,121.4,
812,2021,MISSOURI,MO,PLATTE,CORN,37600.0,,39100.0,6723000.0,,178.8,
813,2021,MISSOURI,MO,RALLS,CORN,51400.0,,53500.0,7582000.0,,147.5,
814,2021,MISSOURI,MO,RANDOLPH,CORN,25700.0,,26800.0,3899000.0,,151.7,
815,2021,MISSOURI,MO,RAY,CORN,42900.0,,44700.0,6499000.0,,151.5,
816,2021,MISSOURI,MO,SCOTT,CORN,64100.0,,67700.0,12121000.0,,189.1,
817,2021,MISSOURI,MO,SHELBY,CORN,52500.0,,55800.0,8132000.0,,154.9,
818,2021,MISSOURI,MO,ST CHARLES,CORN,37800.0,,39500.0,6914000.0,,182.9,
819,2021,MISSOURI,MO,ST CLAIR,CORN,14400.0,,15000.0,1974000.0,,137.1,
820,2021,MISSOURI,MO,ST FRANCOIS,CORN,1210.0,,1300.0,198500.0,,164.0,
821,2021,MISSOURI,MO,ST LOUIS,CORN,2680.0,,2800.0,457000.0,,170.5,
822,2021,MISSOURI,MO,STE GENEVIEVE,CORN,10800.0,,11400.0,1920000.0,,177.8,
823,2021,MISSOURI,MO,STODDARD,CORN,86300.0,,89800.0,16613000.0,,192.5,
824,2021,MISSOURI,MO,WARREN,CORN,17300.0,,18600.0,2604000.0,,150.5,
825,2021,MISSOURI,MO,WEBSTER,CORN,1790.0,,2000.0,247000.0,,138.0,
826,2021,MISSOURI,MO,WORTH,CORN,13600.0,,14400.0,2361000.0,,173.6,
827,2021,NEBRASKA,NE,ADAMS,CORN,172500.0,,177500.0,39443000.0,,228.7,
828,2021,NEBRASKA,NE,BOX BUTTE,CORN,94600.0,,100000.0,13698000.0,,144.8,
829,2021,NEBRASKA,NE,BOYD,CORN,31900.0,,41300.0,4855000.0,,152.2,
830,2021,NEBRASKA,NE,BROWN,CORN,37900.0,,39100.0,8672000.0,,228.8,
831,2021,NEBRASKA,NE,BURT,CORN,123900.0,,127500.0,26800000.0,,216.3,
832,2021,NEBRASKA,NE,BUTLER,CORN,147800.0,,152000.0,30314000.0,,205.1,
833,2021,NEBRASKA,NE,CEDAR,CORN,175600.0,,182000.0,35366000.0,,201.4,
834,2021,NEBRASKA,NE,CHASE,CORN,159800.0,,167500.0,29132000.0,,182.3,
835,2021,NEBRASKA,NE,CHERRY,CORN,20700.0,,21400.0,3751000.0,,181.2,
836,2021,NEBRASKA,NE,COLFAX,CORN,110200.0,,113500.0,25159000.0,,228.3,
837,2021,NEBRASKA,NE,CUMING,CORN,154700.0,,160500.0,33794000.0,,218.4,
838,2021,NEBRASKA,NE,DAKOTA,CORN,60500.0,,62200.0,11531000.0,,190.6,
839,2021,NEBRASKA,NE,DEUEL,CORN,59600.0,,61400.0,4857000.0,,81.5,
840,2021,NEBRASKA,NE,DODGE,CORN,138900.0,,143000.0,30669000.0,,220.8,
841,2021,NEBRASKA,NE,DOUGLAS,CORN,25000.0,,25700.0,4863000.0,,194.5,
842,2021,NEBRASKA,NE,DUNDY,CORN,91200.0,,98400.0,13142000.0,,144.1,
843,2021,NEBRASKA,NE,FRANKLIN,CORN,95000.0,,97800.0,19846000.0,,208.9,
844,2021,NEBRASKA,NE,FRONTIER,CORN,120300.0,,124000.0,15795000.0,,131.3,
845,2021,NEBRASKA,NE,FURNAS,CORN,133900.0,,138000.0,21611000.0,,161.4,
846,2021,NEBRASKA,NE,GAGE,CORN,179800.0,,185000.0,30117000.0,,167.5,
847,2021,NEBRASKA,NE,GARFIELD,CORN,12700.0,,13100.0,2649000.0,,208.6,
848,2021,NEBRASKA,NE,GOSPER,CORN,88000.0,,90600.0,19210000.0,,218.3,
849,2021,NEBRASKA,NE,GREELEY,CORN,76600.0,,78900.0,17051000.0,,222.6,
850,2021,NEBRASKA,NE,HARLAN,CORN,111300.0,,114500.0,24119000.0,,216.7,
851,2021,NEBRASKA,NE,HAYES,CORN,75100.0,,85100.0,8208000.0,,109.3,
852,2021,NEBRASKA,NE,HOWARD,CORN,101500.0,,104500.0,20158000.0,,198.6,
853,2021,NEBRASKA,NE,KEITH,CORN,121800.0,,126000.0,14925000.0,,122.5,
854,2021,NEBRASKA,NE,KEYA PAHA,CORN,20900.0,,21600.0,3419000.0,,163.6,
855,2021,NEBRASKA,NE,KNOX,CORN,143900.0,,152000.0,25888000.0,,179.9,
856,2021,NEBRASKA,NE,LANCASTER,CORN,132200.0,,136000.0,23955000.0,,181.2,
857,2021,NEBRASKA,NE,LINCOLN,CORN,195500.0,,201500.0,37516000.0,,191.9,
858,2021,NEBRASKA,NE,MADISON,CORN,140800.0,,145000.0,27048000.0,,192.1,
859,2021,NEBRASKA,NE,MORRILL,CORN,72100.0,,74300.0,12855000.0,,178.3,
860,2021,NEBRASKA,NE,NANCE,CORN,87200.0,,90000.0,17902000.0,,205.3,
861,2021,NEBRASKA,NE,NEMAHA,CORN,87400.0,,90000.0,16143000.0,,184.7,
862,2021,NEBRASKA,NE,OTHER COUNTIES,CORN,3882200.0,,4010500.0,782573000.0,,201.6,
863,2021,NEBRASKA,NE,OTOE,CORN,130200.0,,134000.0,23762000.0,,182.5,
864,2021,NEBRASKA,NE,PAWNEE,CORN,63100.0,,64900.0,10140000.0,,160.7,
865,2021,NEBRASKA,NE,PERKINS,CORN,259000.0,,269000.0,35457000.0,,136.9,
866,2021,NEBRASKA,NE,PHELPS,CORN,170500.0,,175500.0,38704000.0,,227.0,
867,2021,NEBRASKA,NE,PIERCE,CORN,143300.0,,147500.0,28588000.0,,199.5,
868,2021,NEBRASKA,NE,PLATTE,CORN,193300.0,,199000.0,41231000.0,,213.3,
869,2021,NEBRASKA,NE,RED WILLOW,CORN,104200.0,,111000.0,15172000.0,,145.6,
870,2021,NEBRASKA,NE,RICHARDSON,CORN,104400.0,,107500.0,18865000.0,,180.7,
871,2021,NEBRASKA,NE,ROCK,CORN,23600.0,,24300.0,4609000.0,,195.3,
872,2021,NEBRASKA,NE,SARPY,CORN,29500.0,,30300.0,6195000.0,,210.0,
873,2021,NEBRASKA,NE,SCOTTS BLUFF,CORN,74800.0,,77000.0,13831000.0,,184.9,
874,2021,NEBRASKA,NE,SEWARD,CORN,136500.0,,140500.0,29825000.0,,218.5,
875,2021,NEBRASKA,NE,SHERIDAN,CORN,41000.0,,46200.0,6105000.0,,148.9,
876,2021,NEBRASKA,NE,SHERMAN,CORN,73900.0,,76100.0,16406000.0,,222.0,
877,2021,NEBRASKA,NE,SIOUX,CORN,13400.0,,14300.0,2463000.0,,183.8,
878,2021,NEBRASKA,NE,THAYER,CORN,147700.0,,152000.0,29643000.0,,200.7,
879,2021,NEBRASKA,NE,THURSTON,CORN,96300.0,,99200.0,19828000.0,,205.9,
880,2021,NEBRASKA,NE,VALLEY,CORN,73600.0,,75800.0,16921000.0,,229.9,
881,2021,NEBRASKA,NE,WASHINGTON,CORN,79200.0,,81500.0,16188000.0,,204.4,
882,2021,NEBRASKA,NE,WAYNE,CORN,119500.0,,123000.0,23673000.0,,198.1,
883,2021,NEW YORK,NY,ALBANY,CORN,1220.0,,2800.0,168000.0,,137.7,
884,2021,NEW YORK,NY,BROOME,CORN,1990.0,3840.0,5900.0,303000.0,69000.0,152.3,18.0
885,2021,NEW YORK,NY,CATTARAUGUS,CORN,8900.0,14400.0,23600.0,1373000.0,274000.0,154.3,19.0
886,2021,NEW YORK,NY,CAYUGA,CORN,34500.0,28300.0,63700.0,5908000.0,594000.0,171.2,21.0
887,2021,NEW YORK,NY,CHAUTAUQUA,CORN,14400.0,8330.0,23000.0,2333000.0,158000.0,162.0,19.0
888,2021,NEW YORK,NY,CHEMUNG,CORN,2780.0,1400.0,4300.0,468000.0,29400.0,168.3,21.0
889,2021,NEW YORK,NY,CHENANGO,CORN,5270.0,8050.0,13500.0,788000.0,149000.0,149.5,18.5
890,2021,NEW YORK,NY,CLINTON,CORN,,12500.0,,,206000.0,,16.5
891,2021,NEW YORK,NY,COLUMBIA,CORN,4860.0,5160.0,10700.0,665000.0,98000.0,136.8,19.0
892,2021,NEW YORK,NY,CORTLAND,CORN,6330.0,8790.0,15400.0,893000.0,167000.0,141.1,19.0
893,2021,NEW YORK,NY,DELAWARE,CORN,1080.0,3850.0,5000.0,146000.0,60000.0,135.2,15.5
894,2021,NEW YORK,NY,DUTCHESS,CORN,4370.0,,7100.0,673000.0,,154.0,
895,2021,NEW YORK,NY,ERIE,CORN,14600.0,8800.0,23700.0,2246000.0,163000.0,153.8,18.5
896,2021,NEW YORK,NY,FRANKLIN,CORN,9430.0,9080.0,18700.0,1192000.0,191000.0,126.4,21.0
897,2021,NEW YORK,NY,FULTON,CORN,1400.0,1150.0,2800.0,214000.0,22400.0,152.9,19.5
898,2021,NEW YORK,NY,GENESEE,CORN,30800.0,,48400.0,5890000.0,,191.2,
899,2021,NEW YORK,NY,GREENE,CORN,,380.0,,,7400.0,,19.5
900,2021,NEW YORK,NY,HERKIMER,CORN,7020.0,9240.0,16500.0,948000.0,157000.0,135.0,17.0
901,2021,NEW YORK,NY,JEFFERSON,CORN,15600.0,21400.0,37500.0,2470000.0,417000.0,158.3,19.5
902,2021,NEW YORK,NY,LEWIS,CORN,5070.0,19500.0,24900.0,759000.0,371000.0,149.7,19.0
903,2021,NEW YORK,NY,LIVINGSTON,CORN,35900.0,26900.0,63200.0,6613000.0,524000.0,184.2,19.5
904,2021,NEW YORK,NY,MADISON,CORN,13700.0,11500.0,25700.0,1906000.0,207000.0,139.1,18.0
905,2021,NEW YORK,NY,MONROE,CORN,25200.0,2200.0,27800.0,4674000.0,41400.0,185.5,19.0
906,2021,NEW YORK,NY,MONTGOMERY,CORN,7330.0,11700.0,19300.0,1165000.0,210000.0,158.9,18.0
907,2021,NEW YORK,NY,NIAGARA,CORN,31300.0,,34200.0,5568000.0,,177.9,
908,2021,NEW YORK,NY,ONEIDA,CORN,21100.0,11100.0,32600.0,3166000.0,216000.0,150.0,19.5
909,2021,NEW YORK,NY,ONONDAGA,CORN,18800.0,14400.0,33500.0,2667000.0,310000.0,141.9,21.5
910,2021,NEW YORK,NY,ONTARIO,CORN,27400.0,14700.0,42600.0,4796000.0,279000.0,175.0,19.0
911,2021,NEW YORK,NY,ORANGE,CORN,3000.0,1250.0,4400.0,489000.0,18800.0,163.0,15.0
912,2021,NEW YORK,NY,ORLEANS,CORN,32700.0,8240.0,41400.0,6332000.0,165000.0,193.6,20.0
913,2021,NEW YORK,NY,OSWEGO,CORN,8340.0,1320.0,9800.0,1308000.0,22400.0,156.8,17.0
914,2021,NEW YORK,NY,OTHER COUNTIES,CORN,21380.0,39530.0,47000.0,3604000.0,692000.0,168.6,17.5
915,2021,NEW YORK,NY,OTSEGO,CORN,11700.0,4250.0,16300.0,1873000.0,77000.0,160.1,18.0
916,2021,NEW YORK,NY,RENSSELAER,CORN,5560.0,,11100.0,835000.0,,150.2,
917,2021,NEW YORK,NY,SARATOGA,CORN,2680.0,6980.0,9800.0,425000.0,112000.0,158.6,16.0
918,2021,NEW YORK,NY,SCHOHARIE,CORN,2910.0,6080.0,9100.0,385000.0,91000.0,132.3,15.0
919,2021,NEW YORK,NY,SCHUYLER,CORN,1640.0,2710.0,4500.0,250000.0,51000.0,152.4,19.0
920,2021,NEW YORK,NY,SENECA,CORN,22300.0,3250.0,25900.0,3951000.0,70000.0,177.2,21.5
921,2021,NEW YORK,NY,ST LAWRENCE,CORN,10400.0,20900.0,31600.0,1610000.0,376000.0,154.8,18.0
922,2021,NEW YORK,NY,STEUBEN,CORN,26200.0,16200.0,43300.0,4291000.0,308000.0,163.8,19.0
923,2021,NEW YORK,NY,SUFFOLK,CORN,400.0,,500.0,51300.0,,128.3,
924,2021,NEW YORK,NY,SULLIVAN,CORN,,1240.0,,,20500.0,,16.5
925,2021,NEW YORK,NY,TIOGA,CORN,3560.0,4130.0,7800.0,563000.0,75000.0,158.1,18.0
926,2021,NEW YORK,NY,TOMPKINS,CORN,5370.0,8240.0,13800.0,719000.0,160000.0,133.9,19.5
927,2021,NEW YORK,NY,ULSTER,CORN,920.0,360.0,1300.0,128700.0,6700.0,139.9,18.5
928,2021,NEW YORK,NY,WASHINGTON,CORN,4690.0,20600.0,25600.0,749000.0,412000.0,159.7,20.0
929,2021,NEW YORK,NY,WAYNE,CORN,22300.0,4370.0,27000.0,3935000.0,89000.0,176.5,20.5
930,2021,NEW YORK,NY,WYOMING,CORN,24700.0,28500.0,53800.0,4139000.0,597000.0,167.6,21.0
931,2021,NEW YORK,NY,YATES,CORN,13900.0,5180.0,19600.0,2395000.0,96000.0,172.3,18.5
932,2021,NORTH CAROLINA,NC,ALAMANCE,CORN,3850.0,,4100.0,631000.0,,163.9,
933,2021,NORTH CAROLINA,NC,ALEXANDER,CORN,1450.0,,2500.0,199000.0,,137.2,
934,2021,NORTH CAROLINA,NC,ANSON,CORN,9200.0,,9500.0,1279000.0,,139.0,
935,2021,NORTH CAROLINA,NC,ASHE,CORN,100.0,,200.0,14100.0,,141.0,
936,2021,NORTH CAROLINA,NC,BEAUFORT,CORN,40000.0,,41000.0,5956000.0,,148.9,
937,2021,NORTH CAROLINA,NC,BERTIE,CORN,12800.0,,13100.0,1920000.0,,150.0,
938,2021,NORTH CAROLINA,NC,BLADEN,CORN,23800.0,,24400.0,3352000.0,,140.8,
939,2021,NORTH CAROLINA,NC,BRUNSWICK,CORN,7450.0,,7600.0,1178000.0,,158.1,
940,2021,NORTH CAROLINA,NC,BURKE,CORN,1140.0,,1300.0,151300.0,,132.7,
941,2021,NORTH CAROLINA,NC,CABARRUS,CORN,4090.0,,4600.0,679000.0,,166.0,
942,2021,NORTH CAROLINA,NC,CALDWELL,CORN,1500.0,,1600.0,243000.0,,162.0,
943,2021,NORTH CAROLINA,NC,CAMDEN,CORN,19200.0,,19600.0,3257000.0,,169.6,
944,2021,NORTH CAROLINA,NC,CASWELL,CORN,940.0,,1000.0,120600.0,,128.3,
945,2021,NORTH CAROLINA,NC,CATAWBA,CORN,4050.0,,4200.0,557000.0,,137.5,
946,2021,NORTH CAROLINA,NC,CHATHAM,CORN,3150.0,,3500.0,470000.0,,149.2,
947,2021,NORTH CAROLINA,NC,CHEROKEE,CORN,870.0,,1100.0,158600.0,,182.3,
948,2021,NORTH CAROLINA,NC,CHOWAN,CORN,5480.0,,5600.0,889000.0,,162.2,
949,2021,NORTH CAROLINA,NC,CLEVELAND,CORN,5400.0,,6200.0,673000.0,,124.6,
950,2021,NORTH CAROLINA,NC,COLUMBUS,CORN,39000.0,,40400.0,5255000.0,,134.7,
951,2021,NORTH CAROLINA,NC,CRAVEN,CORN,17700.0,,18300.0,2726000.0,,154.0,
952,2021,NORTH CAROLINA,NC,CUMBERLAND,CORN,9900.0,,10100.0,1517000.0,,153.2,
953,2021,NORTH CAROLINA,NC,CURRITUCK,CORN,9750.0,,9900.0,1524000.0,,156.3,
954,2021,NORTH CAROLINA,NC,DAVIDSON,CORN,5650.0,,7000.0,742000.0,,131.3,
955,2021,NORTH CAROLINA,NC,DAVIE,CORN,7950.0,,8200.0,1224000.0,,154.0,
956,2021,NORTH CAROLINA,NC,DUPLIN,CORN,44300.0,,45800.0,6729000.0,,151.9,
957,2021,NORTH CAROLINA,NC,DURHAM,CORN,510.0,,600.0,65200.0,,127.8,
958,2021,NORTH CAROLINA,NC,EDGECOMBE,CORN,12300.0,,12600.0,1616000.0,,131.4,
959,2021,NORTH CAROLINA,NC,FRANKLIN,CORN,2260.0,,2400.0,291000.0,,128.8,
960,2021,NORTH CAROLINA,NC,GATES,CORN,5300.0,,5400.0,897000.0,,169.2,
961,2021,NORTH CAROLINA,NC,GRANVILLE,CORN,2040.0,,2400.0,264000.0,,129.4,
962,2021,NORTH CAROLINA,NC,GREENE,CORN,12600.0,,12900.0,1655000.0,,131.3,
963,2021,NORTH CAROLINA,NC,GUILFORD,CORN,4520.0,,5400.0,705000.0,,156.0,
964,2021,NORTH CAROLINA,NC,HALIFAX,CORN,7150.0,,7300.0,1122000.0,,156.9,
965,2021,NORTH CAROLINA,NC,HARNETT,CORN,6650.0,,6800.0,931000.0,,140.0,
966,2021,NORTH CAROLINA,NC,HAYWOOD,CORN,300.0,,1600.0,50000.0,,166.7,
967,2021,NORTH CAROLINA,NC,HERTFORD,CORN,9500.0,,9700.0,1470000.0,,154.7,
968,2021,NORTH CAROLINA,NC,HYDE,CORN,29800.0,,30800.0,5002000.0,,167.9,
969,2021,NORTH CAROLINA,NC,JACKSON,CORN,110.0,,200.0,17600.0,,160.0,
970,2021,NORTH CAROLINA,NC,JOHNSTON,CORN,10700.0,,10900.0,1494000.0,,139.6,
971,2021,NORTH CAROLINA,NC,JONES,CORN,15800.0,,16100.0,2371000.0,,150.1,
972,2021,NORTH CAROLINA,NC,LENOIR,CORN,25800.0,,26400.0,3888000.0,,150.7,
973,2021,NORTH CAROLINA,NC,LINCOLN,CORN,1300.0,,4500.0,162000.0,,124.6,
974,2021,NORTH CAROLINA,NC,MADISON,CORN,230.0,,300.0,35000.0,,152.2,
975,2021,NORTH CAROLINA,NC,MARTIN,CORN,6850.0,,7000.0,840000.0,,122.6,
976,2021,NORTH CAROLINA,NC,MOORE,CORN,3000.0,,3100.0,390000.0,,130.0,
977,2021,NORTH CAROLINA,NC,NASH,CORN,6050.0,,6200.0,838000.0,,138.5,
978,2021,NORTH CAROLINA,NC,NORTHAMPTON,CORN,14400.0,,14700.0,2232000.0,,155.0,
979,2021,NORTH CAROLINA,NC,ONSLOW,CORN,11000.0,,11300.0,1518000.0,,138.0,
980,2021,NORTH CAROLINA,NC,ORANGE,CORN,3000.0,,3200.0,513000.0,,171.0,
981,2021,NORTH CAROLINA,NC,OTHER COUNTIES,CORN,54000.0,,68700.0,7880600.0,,145.9,
982,2021,NORTH CAROLINA,NC,PAMLICO,CORN,12000.0,,12300.0,1778000.0,,148.2,
983,2021,NORTH CAROLINA,NC,PASQUOTANK,CORN,19200.0,,19600.0,3300000.0,,171.9,
984,2021,NORTH CAROLINA,NC,PENDER,CORN,15500.0,,15900.0,2353000.0,,151.8,
985,2021,NORTH CAROLINA,NC,PERQUIMANS,CORN,15400.0,,15700.0,2359000.0,,153.2,
986,2021,NORTH CAROLINA,NC,PERSON,CORN,3630.0,,3700.0,495000.0,,136.4,
987,2021,NORTH CAROLINA,NC,PITT,CORN,19900.0,,20400.0,2603000.0,,130.8,
988,2021,NORTH CAROLINA,NC,RANDOLPH,CORN,6000.0,,10400.0,899000.0,,149.8,
989,2021,NORTH CAROLINA,NC,ROBESON,CORN,64200.0,,65700.0,8936000.0,,139.2,
990,2021,NORTH CAROLINA,NC,ROCKINGHAM,CORN,2750.0,,3200.0,405000.0,,147.3,
991,2021,NORTH CAROLINA,NC,ROWAN,CORN,10700.0,,11200.0,1610000.0,,150.5,
992,2021,NORTH CAROLINA,NC,RUTHERFORD,CORN,940.0,,1000.0,119900.0,,127.6,
993,2021,NORTH CAROLINA,NC,SAMPSON,CORN,31500.0,,32300.0,4760000.0,,151.1,
994,2021,NORTH CAROLINA,NC,SCOTLAND,CORN,8830.0,,8900.0,1064000.0,,120.5,
995,2021,NORTH CAROLINA,NC,STANLY,CORN,13200.0,,13600.0,1886000.0,,142.9,
996,2021,NORTH CAROLINA,NC,STOKES,CORN,1950.0,,2200.0,294000.0,,150.8,
997,2021,NORTH CAROLINA,NC,SURRY,CORN,12400.0,,12800.0,2025000.0,,163.3,
998,2021,NORTH CAROLINA,NC,TRANSYLVANIA,CORN,1360.0,,1600.0,213000.0,,156.6,
999,2021,NORTH CAROLINA,NC,TYRRELL,CORN,21000.0,,21500.0,3717000.0,,177.0,
1000,2021,NORTH CAROLINA,NC,UNION,CORN,30800.0,,31900.0,4771000.0,,154.9,
1001,2021,NORTH CAROLINA,NC,WAKE,CORN,1130.0,,1200.0,140100.0,,124.0,
1002,2021,NORTH CAROLINA,NC,WARREN,CORN,2020.0,,2100.0,278000.0,,137.6,
1003,2021,NORTH CAROLINA,NC,WASHINGTON,CORN,32600.0,,33400.0,4960000.0,,152.1,
1004,2021,NORTH CAROLINA,NC,WAYNE,CORN,24200.0,,25000.0,3658000.0,,151.2,
1005,2021,NORTH CAROLINA,NC,WILKES,CORN,5500.0,,8100.0,874000.0,,158.9,
1006,2021,NORTH CAROLINA,NC,WILSON,CORN,10600.0,,10800.0,1359000.0,,128.2,
1007,2021,NORTH CAROLINA,NC,YADKIN,CORN,13800.0,,14200.0,2296000.0,,166.4,
1008,2021,NORTH DAKOTA,ND,ADAMS,CORN,39500.0,4730.0,48400.0,2279000.0,36800.0,57.7,7.8
1009,2021,NORTH DAKOTA,ND,BARNES,CORN,196600.0,920.0,202000.0,23513000.0,11500.0,119.6,12.5
1010,2021,NORTH DAKOTA,ND,BENSON,CORN,54500.0,,65300.0,4976000.0,,91.3,
1011,2021,NORTH DAKOTA,ND,BILLINGS,CORN,4110.0,1520.0,8100.0,176700.0,6800.0,43.0,4.5
1012,2021,NORTH DAKOTA,ND,BOTTINEAU,CORN,39100.0,,45800.0,2940000.0,,75.2,
1013,2021,NORTH DAKOTA,ND,BURKE,CORN,,1150.0,,,11500.0,,10.0
1014,2021,NORTH DAKOTA,ND,BURLEIGH,CORN,44700.0,24500.0,84100.0,2414000.0,125000.0,54.0,5.1
1015,2021,NORTH DAKOTA,ND,CASS,CORN,343500.0,1200.0,347000.0,49240000.0,16800.0,143.3,14.0
1016,2021,NORTH DAKOTA,ND,CAVALIER,CORN,6800.0,,7100.0,527000.0,,77.5,
1017,2021,NORTH DAKOTA,ND,DICKEY,CORN,184200.0,4500.0,192000.0,22767000.0,47900.0,123.6,10.5
1018,2021,NORTH DAKOTA,ND,DIVIDE,CORN,1200.0,1220.0,2900.0,99500.0,15300.0,82.9,12.5
1019,2021,NORTH DAKOTA,ND,DUNN,CORN,24300.0,5980.0,33200.0,1558000.0,50000.0,64.1,8.4
1020,2021,NORTH DAKOTA,ND,EDDY,CORN,39000.0,3000.0,44300.0,3011000.0,27000.0,77.2,9.0
1021,2021,NORTH DAKOTA,ND,EMMONS,CORN,129000.0,16400.0,157500.0,9662000.0,121000.0,74.9,7.4
1022,2021,NORTH DAKOTA,ND,FOSTER,CORN,86000.0,3690.0,92300.0,7104000.0,46100.0,82.6,12.5
1023,2021,NORTH DAKOTA,ND,GOLDEN VALLEY,CORN,6740.0,,11100.0,187200.0,,27.8,
1024,2021,NORTH DAKOTA,ND,GRAND FORKS,CORN,154700.0,470.0,159000.0,19075000.0,6800.0,123.3,14.5
1025,2021,NORTH DAKOTA,ND,GRANT,CORN,55500.0,,75300.0,3324000.0,,59.9,
1026,2021,NORTH DAKOTA,ND,GRIGGS,CORN,49800.0,1120.0,53100.0,5164000.0,14000.0,103.7,12.5
1027,2021,NORTH DAKOTA,ND,HETTINGER,CORN,35100.0,,38100.0,2633000.0,,75.0,
1028,2021,NORTH DAKOTA,ND,KIDDER,CORN,37400.0,14100.0,56000.0,3583000.0,118000.0,95.8,8.4
1029,2021,NORTH DAKOTA,ND,LA MOURE,CORN,186300.0,1150.0,193500.0,21741000.0,16700.0,116.7,14.5
1030,2021,NORTH DAKOTA,ND,LOGAN,CORN,43100.0,,60700.0,4163000.0,,96.6,
1031,2021,NORTH DAKOTA,ND,MCHENRY,CORN,68400.0,10700.0,88700.0,2771000.0,68000.0,40.5,6.4
1032,2021,NORTH DAKOTA,ND,MCINTOSH,CORN,55900.0,12600.0,75300.0,2666000.0,63000.0,47.7,5.0
1033,2021,NORTH DAKOTA,ND,MCLEAN,CORN,76100.0,1980.0,88400.0,4125000.0,11900.0,54.2,6.0
1034,2021,NORTH DAKOTA,ND,MERCER,CORN,16600.0,10000.0,32900.0,903000.0,60000.0,54.4,6.0
1035,2021,NORTH DAKOTA,ND,MORTON,CORN,,20600.0,,,122000.0,,5.9
1036,2021,NORTH DAKOTA,ND,NELSON,CORN,37500.0,1400.0,39400.0,3960000.0,18200.0,105.6,13.0
1037,2021,NORTH DAKOTA,ND,OTHER COUNTIES,CORN,134470.0,65700.0,221800.0,6203600.0,437400.0,46.1,6.7
1038,2021,NORTH DAKOTA,ND,PEMBINA,CORN,36800.0,,38300.0,3846000.0,,104.5,
1039,2021,NORTH DAKOTA,ND,PIERCE,CORN,28000.0,3140.0,37100.0,1036000.0,26700.0,37.0,8.5
1040,2021,NORTH DAKOTA,ND,RAMSEY,CORN,60700.0,,63300.0,6695000.0,,110.3,
1041,2021,NORTH DAKOTA,ND,RANSOM,CORN,108600.0,11500.0,125000.0,15052000.0,130000.0,138.6,11.5
1042,2021,NORTH DAKOTA,ND,RENVILLE,CORN,23800.0,900.0,25000.0,1940000.0,12200.0,81.5,13.5
1043,2021,NORTH DAKOTA,ND,RICHLAND,CORN,305500.0,1800.0,315000.0,45539000.0,31500.0,149.1,17.5
1044,2021,NORTH DAKOTA,ND,ROLETTE,CORN,10300.0,1650.0,13400.0,503000.0,13200.0,48.8,8.0
1045,2021,NORTH DAKOTA,ND,SARGENT,CORN,150900.0,800.0,157000.0,21352000.0,12000.0,141.5,15.0
1046,2021,NORTH DAKOTA,ND,SHERIDAN,CORN,,4410.0,,,34300.0,,7.8
1047,2021,NORTH DAKOTA,ND,SLOPE,CORN,9280.0,1710.0,12900.0,404000.0,12000.0,43.5,7.0
1048,2021,NORTH DAKOTA,ND,STARK,CORN,37300.0,2480.0,43200.0,3100000.0,21100.0,83.1,8.5
1049,2021,NORTH DAKOTA,ND,STEELE,CORN,99400.0,930.0,103500.0,12336000.0,10700.0,124.1,11.5
1050,2021,NORTH DAKOTA,ND,STUTSMAN,CORN,231500.0,8200.0,242500.0,22849000.0,92000.0,98.7,11.0
1051,2021,NORTH DAKOTA,ND,TOWNER,CORN,17600.0,,19100.0,1573000.0,,89.4,
1052,2021,NORTH DAKOTA,ND,TRAILL,CORN,129500.0,,132500.0,15411000.0,,119.0,
1053,2021,NORTH DAKOTA,ND,WALSH,CORN,59700.0,,62100.0,5582000.0,,93.5,
1054,2021,NORTH DAKOTA,ND,WARD,CORN,40300.0,900.0,46600.0,2358000.0,5800.0,58.5,6.4
1055,2021,NORTH DAKOTA,ND,WELLS,CORN,123200.0,1710.0,130500.0,10373000.0,13700.0,84.2,8.0
1056,2021,NORTH DAKOTA,ND,WILLIAMS,CORN,7500.0,1240.0,9700.0,435000.0,8100.0,58.0,6.5
1057,2021,OHIO,OH,ALLEN,CORN,64000.0,,65300.0,13000000.0,,203.1,
1058,2021,OHIO,OH,ASHLAND,CORN,34600.0,,40600.0,6170000.0,,178.3,
1059,2021,OHIO,OH,ASHTABULA,CORN,18700.0,,21300.0,3216000.0,,172.0,
1060,2021,OHIO,OH,ATHENS,CORN,2970.0,,3200.0,524000.0,,176.4,
1061,2021,OHIO,OH,AUGLAIZE,CORN,67700.0,,72600.0,13350000.0,,197.2,
1062,2021,OHIO,OH,BELMONT,CORN,450.0,,800.0,72700.0,,161.6,
1063,2021,OHIO,OH,BROWN,CORN,22700.0,,23800.0,4179000.0,,184.1,
1064,2021,OHIO,OH,BUTLER,CORN,26700.0,,27600.0,4841000.0,,181.3,
1065,2021,OHIO,OH,CARROLL,CORN,10200.0,,11700.0,1585000.0,,155.4,
1066,2021,OHIO,OH,CHAMPAIGN,CORN,82000.0,,84400.0,16531000.0,,201.6,
1067,2021,OHIO,OH,CLARK,CORN,59800.0,,61500.0,12540000.0,,209.7,
1068,2021,OHIO,OH,CLERMONT,CORN,14600.0,,15100.0,2740000.0,,187.7,
1069,2021,OHIO,OH,CLINTON,CORN,73300.0,,75200.0,15413000.0,,210.3,
1070,2021,OHIO,OH,COLUMBIANA,CORN,21000.0,,25700.0,3751000.0,,178.6,
1071,2021,OHIO,OH,COSHOCTON,CORN,24100.0,,25000.0,4405000.0,,182.8,
1072,2021,OHIO,OH,CRAWFORD,CORN,76900.0,,78100.0,15469000.0,,201.2,
1073,2021,OHIO,OH,DARKE,CORN,123500.0,,132000.0,22811000.0,,184.7,
1074,2021,OHIO,OH,DEFIANCE,CORN,48000.0,,52700.0,9130000.0,,190.2,
1075,2021,OHIO,OH,DELAWARE,CORN,33600.0,,36000.0,6775000.0,,201.6,
1076,2021,OHIO,OH,ERIE,CORN,27000.0,,27400.0,4930000.0,,182.6,
1077,2021,OHIO,OH,FAYETTE,CORN,86300.0,,88200.0,17873000.0,,207.1,
1078,2021,OHIO,OH,FULTON,CORN,77000.0,,79600.0,14784000.0,,192.0,
1079,2021,OHIO,OH,GALLIA,CORN,2350.0,,3100.0,392000.0,,166.8,
1080,2021,OHIO,OH,GEAUGA,CORN,2000.0,,3400.0,362000.0,,181.0,
1081,2021,OHIO,OH,GREENE,CORN,56500.0,,57700.0,12240000.0,,216.6,
1082,2021,OHIO,OH,GUERNSEY,CORN,3410.0,,4300.0,593000.0,,173.9,
1083,2021,OHIO,OH,HAMILTON,CORN,3240.0,,3500.0,543000.0,,167.6,
1084,2021,OHIO,OH,HARDIN,CORN,85100.0,,90400.0,16300000.0,,191.5,
1085,2021,OHIO,OH,HARRISON,CORN,3660.0,,3800.0,635000.0,,173.5,
1086,2021,OHIO,OH,HENRY,CORN,77000.0,,78600.0,15150000.0,,196.8,
1087,2021,OHIO,OH,HIGHLAND,CORN,43500.0,,45100.0,8369000.0,,192.4,
1088,2021,OHIO,OH,HOLMES,CORN,13500.0,,21200.0,2379000.0,,176.2,
1089,2021,OHIO,OH,HURON,CORN,57000.0,,61500.0,10659000.0,,187.0,
1090,2021,OHIO,OH,JACKSON,CORN,4070.0,,4400.0,670000.0,,164.6,
1091,2021,OHIO,OH,JEFFERSON,CORN,2490.0,,2700.0,370000.0,,148.6,
1092,2021,OHIO,OH,KNOX,CORN,48400.0,,51900.0,8983000.0,,185.6,
1093,2021,OHIO,OH,LAWRENCE,CORN,1000.0,,1200.0,160000.0,,160.0,
1094,2021,OHIO,OH,LICKING,CORN,51700.0,,55600.0,9294000.0,,179.8,
1095,2021,OHIO,OH,LOGAN,CORN,68800.0,,70200.0,13794000.0,,200.5,
1096,2021,OHIO,OH,LORAIN,CORN,22000.0,,23200.0,3945000.0,,179.3,
1097,2021,OHIO,OH,LUCAS,CORN,21000.0,,21300.0,3996000.0,,190.3,
1098,2021,OHIO,OH,MADISON,CORN,90900.0,,97300.0,19098000.0,,210.1,
1099,2021,OHIO,OH,MAHONING,CORN,13000.0,,16100.0,2322000.0,,178.6,
1100,2021,OHIO,OH,MARION,CORN,66500.0,,69300.0,12710000.0,,191.1,
1101,2021,OHIO,OH,MEDINA,CORN,13200.0,,15100.0,2280000.0,,172.7,
1102,2021,OHIO,OH,MEIGS,CORN,3070.0,,3200.0,474000.0,,154.4,
1103,2021,OHIO,OH,MERCER,CORN,96000.0,,106500.0,19238000.0,,200.4,
1104,2021,OHIO,OH,MIAMI,CORN,71300.0,,73200.0,14217000.0,,199.4,
1105,2021,OHIO,OH,MONROE,CORN,300.0,,800.0,45000.0,,150.0,
1106,2021,OHIO,OH,MONTGOMERY,CORN,32800.0,,34500.0,5911000.0,,180.2,
1107,2021,OHIO,OH,MORGAN,CORN,3150.0,,4000.0,535000.0,,169.8,
1108,2021,OHIO,OH,MORROW,CORN,44700.0,,46200.0,8551000.0,,191.3,
1109,2021,OHIO,OH,MUSKINGUM,CORN,15200.0,,16500.0,2842000.0,,187.0,
1110,2021,OHIO,OH,NOBLE,CORN,530.0,,700.0,88600.0,,167.2,
1111,2021,OHIO,OH,OTHER COUNTIES,CORN,306580.0,,318200.0,57782700.0,,188.5,
1112,2021,OHIO,OH,OTTAWA,CORN,15900.0,,17000.0,2894000.0,,182.0,
1113,2021,OHIO,OH,PAULDING,CORN,57400.0,,62800.0,10906000.0,,190.0,
1114,2021,OHIO,OH,PERRY,CORN,16600.0,,17200.0,3137000.0,,189.0,
1115,2021,OHIO,OH,PICKAWAY,CORN,85500.0,,87400.0,16741000.0,,195.8,
1116,2021,OHIO,OH,PIKE,CORN,14000.0,,14500.0,2731000.0,,195.1,
1117,2021,OHIO,OH,PORTAGE,CORN,13000.0,,14600.0,2200000.0,,169.2,
1118,2021,OHIO,OH,PREBLE,CORN,74700.0,,75700.0,14006000.0,,187.5,
1119,2021,OHIO,OH,PUTNAM,CORN,76000.0,,78900.0,14800000.0,,194.7,
1120,2021,OHIO,OH,ROSS,CORN,47900.0,,50300.0,8962000.0,,187.1,
1121,2021,OHIO,OH,SANDUSKY,CORN,62000.0,,62500.0,12326000.0,,198.8,
1122,2021,OHIO,OH,SCIOTO,CORN,8840.0,,9500.0,1591000.0,,180.0,
1123,2021,OHIO,OH,SHELBY,CORN,68900.0,,74200.0,13539000.0,,196.5,
1124,2021,OHIO,OH,STARK,CORN,25800.0,,31600.0,4577000.0,,177.4,
1125,2021,OHIO,OH,TRUMBULL,CORN,19800.0,,21300.0,3614000.0,,182.5,
1126,2021,OHIO,OH,TUSCARAWAS,CORN,18000.0,,23900.0,3044000.0,,169.1,
1127,2021,OHIO,OH,UNION,CORN,55300.0,,57300.0,10994000.0,,198.8,
1128,2021,OHIO,OH,VAN WERT,CORN,78500.0,,81400.0,15692000.0,,199.9,
1129,2021,OHIO,OH,VINTON,CORN,1590.0,,1700.0,317000.0,,199.4,
1130,2021,OHIO,OH,WARREN,CORN,21200.0,,22000.0,3914000.0,,184.6,
1131,2021,OHIO,OH,WASHINGTON,CORN,7200.0,,9600.0,1249000.0,,173.5,
1132,2021,OHIO,OH,WAYNE,CORN,43000.0,,61800.0,7628000.0,,177.4,
1133,2021,OHIO,OH,WILLIAMS,CORN,54000.0,,57900.0,10233000.0,,189.5,
1134,2021,OHIO,OH,WOOD,CORN,86100.0,,90000.0,16755000.0,,194.6,
1135,2021,OHIO,OH,WYANDOT,CORN,69700.0,,74400.0,13752000.0,,197.3,
1136,2021,OKLAHOMA,OK,ALFALFA,CORN,3010.0,,3400.0,343000.0,,114.0,
1137,2021,OKLAHOMA,OK,BEAVER,CORN,6810.0,,7700.0,1504000.0,,220.9,
1138,2021,OKLAHOMA,OK,CADDO,CORN,6510.0,,7300.0,504000.0,,77.4,
1139,2021,OKLAHOMA,OK,CHOCTAW,CORN,1420.0,,1600.0,190000.0,,133.8,
1140,2021,OKLAHOMA,OK,CRAIG,CORN,2650.0,,3000.0,281000.0,,106.0,
1141,2021,OKLAHOMA,OK,CREEK,CORN,270.0,,300.0,34800.0,,128.9,
1142,2021,OKLAHOMA,OK,DELAWARE,CORN,1140.0,,1300.0,149800.0,,131.4,
1143,2021,OKLAHOMA,OK,GARFIELD,CORN,14100.0,,15800.0,1506000.0,,106.8,
1144,2021,OKLAHOMA,OK,GARVIN,CORN,4060.0,,4600.0,481000.0,,118.5,
1145,2021,OKLAHOMA,OK,GRADY,CORN,3580.0,,4100.0,441000.0,,123.2,
1146,2021,OKLAHOMA,OK,GRANT,CORN,8040.0,,9100.0,772000.0,,96.0,
1147,2021,OKLAHOMA,OK,HUGHES,CORN,600.0,,800.0,68400.0,,114.0,
1148,2021,OKLAHOMA,OK,KAY,CORN,21100.0,,23500.0,2386000.0,,113.1,
1149,2021,OKLAHOMA,OK,KIOWA,CORN,5360.0,,6200.0,321000.0,,59.9,
1150,2021,OKLAHOMA,OK,LEFLORE,CORN,2700.0,,3300.0,337000.0,,124.8,
1151,2021,OKLAHOMA,OK,MAJOR,CORN,5060.0,,5800.0,1060000.0,,209.5,
1152,2021,OKLAHOMA,OK,MAYES,CORN,1220.0,,1500.0,108800.0,,89.2,
1153,2021,OKLAHOMA,OK,MUSKOGEE,CORN,6910.0,,7700.0,1101000.0,,159.3,
1154,2021,OKLAHOMA,OK,NOBLE,CORN,8410.0,,9400.0,613000.0,,72.9,
1155,2021,OKLAHOMA,OK,OKFUSKEE,CORN,1330.0,,1400.0,104700.0,,78.7,
1156,2021,OKLAHOMA,OK,OKLAHOMA,CORN,1860.0,,2100.0,230000.0,,123.7,
1157,2021,OKLAHOMA,OK,OTHER COUNTIES,CORN,70820.0,,87400.0,9868900.0,,139.4,
1158,2021,OKLAHOMA,OK,OTTAWA,CORN,8930.0,,9800.0,1225000.0,,137.2,
1159,2021,OKLAHOMA,OK,ROGERS,CORN,350.0,,400.0,30600.0,,87.4,
1160,2021,OKLAHOMA,OK,TEXAS,CORN,90500.0,,101000.0,19045000.0,,210.4,
1161,2021,OKLAHOMA,OK,TILLMAN,CORN,11800.0,,13900.0,807000.0,,68.4,
1162,2021,OKLAHOMA,OK,WAGONER,CORN,4070.0,,4800.0,435000.0,,106.9,
1163,2021,OKLAHOMA,OK,WASHITA,CORN,2390.0,,2800.0,302000.0,,126.4,
1164,2021,PENNSYLVANIA,PA,ADAMS,CORN,26100.0,5410.0,32000.0,4280000.0,111000.0,164.0,20.5
1165,2021,PENNSYLVANIA,PA,ALLEGHENY,CORN,390.0,,500.0,54200.0,,139.0,
1166,2021,PENNSYLVANIA,PA,ARMSTRONG,CORN,13600.0,,15100.0,2213000.0,,162.7,
1167,2021,PENNSYLVANIA,PA,BEAVER,CORN,3850.0,,4900.0,546000.0,,141.8,
1168,2021,PENNSYLVANIA,PA,BEDFORD,CORN,17800.0,,30300.0,2636000.0,,148.1,
1169,2021,PENNSYLVANIA,PA,BERKS,CORN,40800.0,18500.0,60300.0,6834000.0,416000.0,167.5,22.5
1170,2021,PENNSYLVANIA,PA,BLAIR,CORN,10100.0,15500.0,26400.0,1845000.0,341000.0,182.7,22.0
1171,2021,PENNSYLVANIA,PA,BUCKS,CORN,10500.0,1620.0,12300.0,1738000.0,33200.0,165.5,20.5
1172,2021,PENNSYLVANIA,PA,CAMBRIA,CORN,12500.0,3110.0,15900.0,1640000.0,48100.0,131.2,15.5
1173,2021,PENNSYLVANIA,PA,CAMERON,CORN,180.0,,200.0,26600.0,,147.8,
1174,2021,PENNSYLVANIA,PA,CENTRE,CORN,20200.0,5100.0,25700.0,3436000.0,117000.0,170.1,23.0
1175,2021,PENNSYLVANIA,PA,CHESTER,CORN,24900.0,7820.0,33200.0,5096000.0,199000.0,204.7,25.5
1176,2021,PENNSYLVANIA,PA,CLARION,CORN,9080.0,,10200.0,1567000.0,,172.6,
1177,2021,PENNSYLVANIA,PA,CLEARFIELD,CORN,4200.0,,6500.0,570000.0,,135.7,
1178,2021,PENNSYLVANIA,PA,CLINTON,CORN,5490.0,,10300.0,942000.0,,171.6,
1179,2021,PENNSYLVANIA,PA,COLUMBIA,CORN,19900.0,,22400.0,3351000.0,,168.4,
1180,2021,PENNSYLVANIA,PA,CRAWFORD,CORN,27700.0,,33700.0,4410000.0,,159.2,
1181,2021,PENNSYLVANIA,PA,CUMBERLAND,CORN,15500.0,13400.0,29400.0,2950000.0,281000.0,190.3,21.0
1182,2021,PENNSYLVANIA,PA,DAUPHIN,CORN,14400.0,2780.0,17500.0,2403000.0,63000.0,166.9,22.5
1183,2021,PENNSYLVANIA,PA,ELK,CORN,800.0,460.0,1300.0,121600.0,9400.0,152.0,20.5
1184,2021,PENNSYLVANIA,PA,ERIE,CORN,18500.0,,20300.0,3127000.0,,169.0,
1185,2021,PENNSYLVANIA,PA,FAYETTE,CORN,7700.0,2530.0,10400.0,1158000.0,49300.0,150.4,19.5
1186,2021,PENNSYLVANIA,PA,FOREST,CORN,680.0,,900.0,102100.0,,150.1,
1187,2021,PENNSYLVANIA,PA,FRANKLIN,CORN,23100.0,29100.0,53700.0,3763000.0,597000.0,162.9,20.5
1188,2021,PENNSYLVANIA,PA,FULTON,CORN,7390.0,4520.0,12100.0,981000.0,79000.0,132.7,17.5
1189,2021,PENNSYLVANIA,PA,GREENE,CORN,760.0,,900.0,113900.0,,149.9,
1190,2021,PENNSYLVANIA,PA,HUNTINGDON,CORN,11800.0,14800.0,27000.0,1788000.0,302000.0,151.5,20.5
1191,2021,PENNSYLVANIA,PA,INDIANA,CORN,23900.0,,28100.0,3982000.0,,166.6,
1192,2021,PENNSYLVANIA,PA,JEFFERSON,CORN,8980.0,1650.0,10800.0,1426000.0,32200.0,158.8,19.5
1193,2021,PENNSYLVANIA,PA,JUNIATA,CORN,12200.0,6460.0,19000.0,1985000.0,132000.0,162.7,20.5
1194,2021,PENNSYLVANIA,PA,LACKAWANNA,CORN,,490.0,,,8100.0,,16.5
1195,2021,PENNSYLVANIA,PA,LANCASTER,CORN,61300.0,29500.0,92300.0,12953000.0,734000.0,211.3,25.0
1196,2021,PENNSYLVANIA,PA,LEBANON,CORN,17500.0,6690.0,24600.0,3299000.0,174000.0,188.5,26.0
1197,2021,PENNSYLVANIA,PA,LEHIGH,CORN,15100.0,880.0,16200.0,2618000.0,17200.0,173.4,19.5
1198,2021,PENNSYLVANIA,PA,LUZERNE,CORN,8130.0,,9600.0,1282000.0,,157.7,
1199,2021,PENNSYLVANIA,PA,LYCOMING,CORN,17300.0,,19700.0,2770000.0,,160.1,
1200,2021,PENNSYLVANIA,PA,MERCER,CORN,29300.0,4330.0,34200.0,4925000.0,84000.0,168.1,19.5
1201,2021,PENNSYLVANIA,PA,MIFFLIN,CORN,10200.0,5850.0,16300.0,1757000.0,132000.0,172.3,22.5
1202,2021,PENNSYLVANIA,PA,MONROE,CORN,2680.0,,3000.0,327000.0,,122.0,
1203,2021,PENNSYLVANIA,PA,MONTGOMERY,CORN,3420.0,,4100.0,483000.0,,141.2,
1204,2021,PENNSYLVANIA,PA,MONTOUR,CORN,7930.0,,9100.0,1278000.0,,161.2,
1205,2021,PENNSYLVANIA,PA,NORTHAMPTON,CORN,22200.0,,25200.0,3945000.0,,177.7,
1206,2021,PENNSYLVANIA,PA,NORTHUMBERLAND,CORN,25500.0,6990.0,33000.0,4723000.0,161000.0,185.2,23.0
1207,2021,PENNSYLVANIA,PA,OTHER COUNTIES,CORN,56100.0,80640.0,86600.0,8032600.0,1534900.0,143.2,19.0
1208,2021,PENNSYLVANIA,PA,PERRY,CORN,11800.0,7640.0,19700.0,1925000.0,160000.0,163.1,21.0
1209,2021,PENNSYLVANIA,PA,SCHUYLKILL,CORN,19900.0,4230.0,24500.0,3230000.0,89000.0,162.3,21.0
1210,2021,PENNSYLVANIA,PA,SNYDER,CORN,14300.0,2810.0,17400.0,2342000.0,55000.0,163.8,19.5
1211,2021,PENNSYLVANIA,PA,SOMERSET,CORN,20300.0,6910.0,27500.0,2769000.0,129000.0,136.4,18.5
1212,2021,PENNSYLVANIA,PA,SULLIVAN,CORN,,830.0,,,11600.0,,14.0
1213,2021,PENNSYLVANIA,PA,TIOGA,CORN,8270.0,,13300.0,1178000.0,,142.4,
1214,2021,PENNSYLVANIA,PA,UNION,CORN,8400.0,2630.0,11200.0,1566000.0,64000.0,186.4,24.5
1215,2021,PENNSYLVANIA,PA,VENANGO,CORN,6690.0,1280.0,8100.0,1112000.0,23700.0,166.2,18.5
1216,2021,PENNSYLVANIA,PA,WARREN,CORN,3740.0,2070.0,5900.0,572000.0,41400.0,152.9,20.0
1217,2021,PENNSYLVANIA,PA,WASHINGTON,CORN,2990.0,1240.0,4300.0,426000.0,24800.0,142.5,20.0
1218,2021,PENNSYLVANIA,PA,WAYNE,CORN,,550.0,,,8800.0,,16.0
1219,2021,PENNSYLVANIA,PA,WESTMORELAND,CORN,10600.0,,16400.0,1670000.0,,157.5,
1220,2021,PENNSYLVANIA,PA,WYOMING,CORN,2950.0,780.0,3800.0,409000.0,13300.0,138.6,17.0
1221,2021,PENNSYLVANIA,PA,YORK,CORN,70400.0,10900.0,82700.0,12973000.0,234000.0,184.3,21.5
1222,2021,SOUTH CAROLINA,SC,ALLENDALE,CORN,8570.0,,8900.0,1218000.0,,142.1,
1223,2021,SOUTH CAROLINA,SC,ANDERSON,CORN,1520.0,,1700.0,239000.0,,157.2,
1224,2021,SOUTH CAROLINA,SC,BAMBERG,CORN,7350.0,,7600.0,886000.0,,120.5,
1225,2021,SOUTH CAROLINA,SC,BARNWELL,CORN,5330.0,,5500.0,503000.0,,94.4,
1226,2021,SOUTH CAROLINA,SC,BERKELEY,CORN,3740.0,,4000.0,400000.0,,107.0,
1227,2021,SOUTH CAROLINA,SC,CALHOUN,CORN,9400.0,,9800.0,1180000.0,,125.5,
1228,2021,SOUTH CAROLINA,SC,CHARLESTON,CORN,1220.0,,1300.0,149500.0,,122.5,
1229,2021,SOUTH CAROLINA,SC,CHESTERFIELD,CORN,7470.0,,7800.0,993000.0,,132.9,
1230,2021,SOUTH CAROLINA,SC,CLARENDON,CORN,40000.0,,41400.0,6340000.0,,158.5,
1231,2021,SOUTH CAROLINA,SC,COLLETON,CORN,7250.0,,7500.0,818000.0,,112.8,
1232,2021,SOUTH CAROLINA,SC,DARLINGTON,CORN,22200.0,,23000.0,2793000.0,,125.8,
1233,2021,SOUTH CAROLINA,SC,DILLON,CORN,21500.0,,22400.0,3025000.0,,140.7,
1234,2021,SOUTH CAROLINA,SC,DORCHESTER,CORN,8370.0,,8700.0,1059000.0,,126.5,
1235,2021,SOUTH CAROLINA,SC,FLORENCE,CORN,21700.0,,22600.0,2988000.0,,137.7,
1236,2021,SOUTH CAROLINA,SC,GEORGETOWN,CORN,1770.0,,1900.0,184900.0,,104.5,
1237,2021,SOUTH CAROLINA,SC,HAMPTON,CORN,7940.0,,8300.0,1131000.0,,142.4,
1238,2021,SOUTH CAROLINA,SC,HORRY,CORN,22000.0,,23200.0,3001000.0,,136.4,
1239,2021,SOUTH CAROLINA,SC,LEE,CORN,29200.0,,30400.0,4838000.0,,165.7,
1240,2021,SOUTH CAROLINA,SC,LEXINGTON,CORN,5050.0,,5400.0,775000.0,,153.5,
1241,2021,SOUTH CAROLINA,SC,MARION,CORN,9800.0,,10200.0,1493000.0,,152.3,
1242,2021,SOUTH CAROLINA,SC,MARLBORO,CORN,16700.0,,17500.0,2109000.0,,126.3,
1243,2021,SOUTH CAROLINA,SC,NEWBERRY,CORN,1350.0,,3100.0,147000.0,,108.9,
1244,2021,SOUTH CAROLINA,SC,OCONEE,CORN,460.0,,500.0,47100.0,,102.4,
1245,2021,SOUTH CAROLINA,SC,ORANGEBURG,CORN,37600.0,,39700.0,5757000.0,,153.1,
1246,2021,SOUTH CAROLINA,SC,OTHER COUNTIES,CORN,22010.0,,25000.0,2798500.0,,127.1,
1247,2021,SOUTH CAROLINA,SC,SUMTER,CORN,27500.0,,28800.0,4188000.0,,152.3,
1248,2021,SOUTH CAROLINA,SC,WILLIAMSBURG,CORN,23000.0,,23800.0,2369000.0,,103.0,
1249,2021,SOUTH DAKOTA,SD,AURORA,CORN,80300.0,,89600.0,9106000.0,,113.4,
1250,2021,SOUTH DAKOTA,SD,BEADLE,CORN,185100.0,,204500.0,24063000.0,,130.0,
1251,2021,SOUTH DAKOTA,SD,BENNETT,CORN,30500.0,,35500.0,2507000.0,,82.2,
1252,2021,SOUTH DAKOTA,SD,BON HOMME,CORN,92600.0,,104000.0,11640000.0,,125.7,
1253,2021,SOUTH DAKOTA,SD,BROOKINGS,CORN,137800.0,,155000.0,22420000.0,,162.7,
1254,2021,SOUTH DAKOTA,SD,BROWN,CORN,333500.0,,356500.0,47363000.0,,142.0,
1255,2021,SOUTH DAKOTA,SD,BRULE,CORN,77600.0,,91000.0,8319000.0,,107.2,
1256,2021,SOUTH DAKOTA,SD,BUFFALO,CORN,21300.0,,27600.0,2594000.0,,121.8,
1257,2021,SOUTH DAKOTA,SD,BUTTE,CORN,4170.0,,7700.0,607000.0,,145.6,
1258,2021,SOUTH DAKOTA,SD,CAMPBELL,CORN,55600.0,,74500.0,4504000.0,,81.0,
1259,2021,SOUTH DAKOTA,SD,CHARLES MIX,CORN,139200.0,,149000.0,16843000.0,,121.0,
1260,2021,SOUTH DAKOTA,SD,CLARK,CORN,145000.0,,156000.0,24824000.0,,171.2,
1261,2021,SOUTH DAKOTA,SD,CLAY,CORN,95000.0,,100500.0,14839000.0,,156.2,
1262,2021,SOUTH DAKOTA,SD,CODINGTON,CORN,102100.0,,110500.0,19940000.0,,195.3,
1263,2021,SOUTH DAKOTA,SD,CORSON,CORN,42800.0,,57000.0,3454000.0,,80.7,
1264,2021,SOUTH DAKOTA,SD,DAY,CORN,125000.0,,138000.0,19100000.0,,152.8,
1265,2021,SOUTH DAKOTA,SD,DOUGLAS,CORN,73500.0,,78300.0,10474000.0,,142.5,
1266,2021,SOUTH DAKOTA,SD,EDMUNDS,CORN,152500.0,,175500.0,13756000.0,,90.2,
1267,2021,SOUTH DAKOTA,SD,FALL RIVER,CORN,2850.0,,5100.0,315000.0,,110.5,
1268,2021,SOUTH DAKOTA,SD,FAULK,CORN,135400.0,,149000.0,12538000.0,,92.6,
1269,2021,SOUTH DAKOTA,SD,GRANT,CORN,105800.0,,113000.0,18515000.0,,175.0,
1270,2021,SOUTH DAKOTA,SD,GREGORY,CORN,54400.0,,61500.0,5407000.0,,99.4,
1271,2021,SOUTH DAKOTA,SD,HAMLIN,CORN,103500.0,,111000.0,18454000.0,,178.3,
1272,2021,SOUTH DAKOTA,SD,HAND,CORN,172800.0,,188500.0,24192000.0,,140.0,
1273,2021,SOUTH DAKOTA,SD,HANSON,CORN,83700.0,,88900.0,12220000.0,,146.0,
1274,2021,SOUTH DAKOTA,SD,HARDING,CORN,2920.0,,5800.0,87100.0,,29.8,
1275,2021,SOUTH DAKOTA,SD,HUGHES,CORN,57600.0,,64600.0,5391000.0,,93.6,
1276,2021,SOUTH DAKOTA,SD,HUTCHINSON,CORN,151800.0,,168500.0,18717000.0,,123.3,
1277,2021,SOUTH DAKOTA,SD,JERAULD,CORN,49800.0,,57100.0,6354000.0,,127.6,
1278,2021,SOUTH DAKOTA,SD,KINGSBURY,CORN,142700.0,,151500.0,22147000.0,,155.2,
1279,2021,SOUTH DAKOTA,SD,LAKE,CORN,115200.0,,129000.0,15863000.0,,137.7,
1280,2021,SOUTH DAKOTA,SD,LINCOLN,CORN,134800.0,,144500.0,21595000.0,,160.2,
1281,2021,SOUTH DAKOTA,SD,LYMAN,CORN,42400.0,,53000.0,3791000.0,,89.4,
1282,2021,SOUTH DAKOTA,SD,MARSHALL,CORN,106500.0,,121000.0,16774000.0,,157.5,
1283,2021,SOUTH DAKOTA,SD,MCCOOK,CORN,110200.0,,119500.0,13819000.0,,125.4,
1284,2021,SOUTH DAKOTA,SD,MCPHERSON,CORN,68800.0,,89000.0,4832000.0,,70.2,
1285,2021,SOUTH DAKOTA,SD,MEADE,CORN,6090.0,,15400.0,251000.0,,41.2,
1286,2021,SOUTH DAKOTA,SD,MINER,CORN,74100.0,,82000.0,7853000.0,,106.0,
1287,2021,SOUTH DAKOTA,SD,OGLALA LAKOTA,CORN,9360.0,,11600.0,346000.0,,37.0,
1288,2021,SOUTH DAKOTA,SD,OTHER COUNTIES,CORN,1189310.0,,1352500.0,169637900.0,,142.6,
1289,2021,SOUTH DAKOTA,SD,PENNINGTON,CORN,11300.0,,15700.0,617000.0,,54.6,
1290,2021,SOUTH DAKOTA,SD,POTTER,CORN,95100.0,,103000.0,9852000.0,,103.6,
1291,2021,SOUTH DAKOTA,SD,SANBORN,CORN,67500.0,,74100.0,9160000.0,,135.7,
1292,2021,SOUTH DAKOTA,SD,SULLY,CORN,115900.0,,124000.0,13259000.0,,114.4,
1293,2021,SOUTH DAKOTA,SD,TODD,CORN,16700.0,,19200.0,1779000.0,,106.5,
1294,2021,SOUTH DAKOTA,SD,TRIPP,CORN,66800.0,,95500.0,4716000.0,,70.6,
1295,2021,SOUTH DAKOTA,SD,TURNER,CORN,137200.0,,148500.0,20511000.0,,149.5,
1296,2021,SOUTH DAKOTA,SD,WALWORTH,CORN,65300.0,,75800.0,7105000.0,,108.8,
1297,2021,SOUTH DAKOTA,SD,YANKTON,CORN,90600.0,,101500.0,11869000.0,,131.0,
1298,2021,TENNESSEE,TN,BEDFORD,CORN,8370.0,,9000.0,1410000.0,,168.5,
1299,2021,TENNESSEE,TN,BLEDSOE,CORN,2920.0,,3100.0,448000.0,,153.4,
1300,2021,TENNESSEE,TN,BLOUNT,CORN,950.0,,1300.0,131000.0,,137.9,
1301,2021,TENNESSEE,TN,CANNON,CORN,5750.0,,6100.0,984000.0,,171.1,
1302,2021,TENNESSEE,TN,CARROLL,CORN,38500.0,,40500.0,6530000.0,,169.6,
1303,2021,TENNESSEE,TN,CHESTER,CORN,5340.0,,5700.0,898000.0,,168.2,
1304,2021,TENNESSEE,TN,COFFEE,CORN,21000.0,,22000.0,3930000.0,,187.1,
1305,2021,TENNESSEE,TN,CROCKETT,CORN,24500.0,,25500.0,4183000.0,,170.7,
1306,2021,TENNESSEE,TN,CUMBERLAND,CORN,640.0,,800.0,86900.0,,135.8,
1307,2021,TENNESSEE,TN,DECATUR,CORN,3630.0,,3900.0,597000.0,,164.5,
1308,2021,TENNESSEE,TN,DYER,CORN,52000.0,,54000.0,9370000.0,,180.2,
1309,2021,TENNESSEE,TN,FAYETTE,CORN,23200.0,,24500.0,3833000.0,,165.2,
1310,2021,TENNESSEE,TN,FENTRESS,CORN,870.0,,1000.0,129900.0,,149.3,
1311,2021,TENNESSEE,TN,FRANKLIN,CORN,23000.0,,24000.0,4371000.0,,190.0,
1312,2021,TENNESSEE,TN,GIBSON,CORN,80000.0,,84000.0,13630000.0,,170.4,
1313,2021,TENNESSEE,TN,GILES,CORN,15000.0,,15900.0,2660000.0,,177.3,
1314,2021,TENNESSEE,TN,GRAINGER,CORN,540.0,,600.0,64100.0,,118.7,
1315,2021,TENNESSEE,TN,GREENE,CORN,3500.0,,5500.0,529000.0,,151.1,
1316,2021,TENNESSEE,TN,HAWKINS,CORN,1100.0,,1200.0,149200.0,,135.6,
1317,2021,TENNESSEE,TN,HENDERSON,CORN,9890.0,,10600.0,1628000.0,,164.6,
1318,2021,TENNESSEE,TN,HENRY,CORN,38000.0,,41000.0,6755000.0,,177.8,
1319,2021,TENNESSEE,TN,HICKMAN,CORN,3730.0,,4100.0,630000.0,,168.9,
1320,2021,TENNESSEE,TN,JEFFERSON,CORN,650.0,,900.0,83400.0,,128.3,
1321,2021,TENNESSEE,TN,LAKE,CORN,12300.0,,13000.0,2285000.0,,185.8,
1322,2021,TENNESSEE,TN,LAUDERDALE,CORN,20600.0,,21500.0,3593000.0,,174.4,
1323,2021,TENNESSEE,TN,LAWRENCE,CORN,27500.0,,30000.0,4810000.0,,174.9,
1324,2021,TENNESSEE,TN,LINCOLN,CORN,17700.0,,18600.0,3238000.0,,182.9,
1325,2021,TENNESSEE,TN,MACON,CORN,4750.0,,5300.0,710000.0,,149.5,
1326,2021,TENNESSEE,TN,MADISON,CORN,29500.0,,31000.0,5010000.0,,169.8,
1327,2021,TENNESSEE,TN,MARION,CORN,2360.0,,2500.0,399000.0,,169.1,
1328,2021,TENNESSEE,TN,MARSHALL,CORN,4290.0,,4600.0,730000.0,,170.2,
1329,2021,TENNESSEE,TN,MAURY,CORN,9110.0,,9700.0,1590000.0,,174.5,
1330,2021,TENNESSEE,TN,MCMINN,CORN,4300.0,,5400.0,796000.0,,185.1,
1331,2021,TENNESSEE,TN,MEIGS,CORN,1450.0,,1700.0,237000.0,,163.4,
1332,2021,TENNESSEE,TN,MONROE,CORN,5620.0,,6100.0,1095000.0,,194.8,
1333,2021,TENNESSEE,TN,MONTGOMERY,CORN,17400.0,,18500.0,3125000.0,,179.6,
1334,2021,TENNESSEE,TN,OBION,CORN,76000.0,,80000.0,12310000.0,,162.0,
1335,2021,TENNESSEE,TN,OTHER COUNTIES,CORN,138940.0,,149000.0,22837400.0,,164.4,
1336,2021,TENNESSEE,TN,PICKETT,CORN,380.0,,400.0,61700.0,,162.4,
1337,2021,TENNESSEE,TN,ROBERTSON,CORN,36500.0,,38500.0,6520000.0,,178.6,
1338,2021,TENNESSEE,TN,RUTHERFORD,CORN,8120.0,,8600.0,1446000.0,,178.1,
1339,2021,TENNESSEE,TN,STEWART,CORN,2830.0,,3000.0,425000.0,,150.2,
1340,2021,TENNESSEE,TN,SULLIVAN,CORN,480.0,,1200.0,65400.0,,136.3,
1341,2021,TENNESSEE,TN,SUMNER,CORN,11400.0,,12100.0,1805000.0,,158.3,
1342,2021,TENNESSEE,TN,TIPTON,CORN,35000.0,,37000.0,5650000.0,,161.4,
1343,2021,TENNESSEE,TN,WARREN,CORN,11300.0,,12100.0,2080000.0,,184.1,
1344,2021,TENNESSEE,TN,WASHINGTON,CORN,2220.0,,3100.0,302000.0,,136.0,
1345,2021,TENNESSEE,TN,WAYNE,CORN,4950.0,,5500.0,691000.0,,139.6,
1346,2021,TENNESSEE,TN,WEAKLEY,CORN,76000.0,,80000.0,12230000.0,,160.9,
1347,2021,TENNESSEE,TN,WHITE,CORN,3870.0,,4200.0,693000.0,,179.1,
1348,2021,TENNESSEE,TN,WILLIAMSON,CORN,2050.0,,2200.0,335000.0,,163.4,
1349,2021,TEXAS,TX,AUSTIN,CORN,5240.0,,5800.0,461000.0,,88.0,
1350,2021,TEXAS,TX,BELL,CORN,70600.0,,75800.0,7702000.0,,109.1,
1351,2021,TEXAS,TX,BEXAR,CORN,6060.0,,6900.0,448000.0,,73.9,
1352,2021,TEXAS,TX,BURLESON,CORN,9900.0,,10600.0,1288000.0,,130.1,
1353,2021,TEXAS,TX,CALDWELL,CORN,6290.0,,6900.0,572000.0,,90.9,
1354,2021,TEXAS,TX,CARSON,CORN,27400.0,,30700.0,6039000.0,,220.4,
1355,2021,TEXAS,TX,COLEMAN,CORN,2150.0,,2900.0,112700.0,,52.4,
1356,2021,TEXAS,TX,COLLIN,CORN,17300.0,,19100.0,941000.0,,54.4,
1357,2021,TEXAS,TX,COLORADO,CORN,10100.0,,10800.0,852000.0,,84.4,
1358,2021,TEXAS,TX,DALLAM,CORN,86400.0,,93000.0,12900000.0,,149.3,
1359,2021,TEXAS,TX,DE WITT,CORN,3860.0,,4200.0,410000.0,,106.2,
1360,2021,TEXAS,TX,DEAF SMITH,CORN,27200.0,,36700.0,5296000.0,,194.7,
1361,2021,TEXAS,TX,ELLIS,CORN,41900.0,,44900.0,2967000.0,,70.8,
1362,2021,TEXAS,TX,FALLS,CORN,65100.0,,70400.0,6139000.0,,94.3,
1363,2021,TEXAS,TX,FAYETTE,CORN,6980.0,,7800.0,711000.0,,101.9,
1364,2021,TEXAS,TX,FORT BEND,CORN,15600.0,,17200.0,2053000.0,,131.6,
1365,2021,TEXAS,TX,FRIO,CORN,6410.0,,7000.0,947000.0,,147.7,
1366,2021,TEXAS,TX,GILLESPIE,CORN,1430.0,,2000.0,109400.0,,76.5,
1367,2021,TEXAS,TX,GLASSCOCK,CORN,650.0,,700.0,111400.0,,171.4,
1368,2021,TEXAS,TX,GOLIAD,CORN,2800.0,,3100.0,186200.0,,66.5,
1369,2021,TEXAS,TX,GONZALES,CORN,4330.0,,4700.0,414000.0,,95.6,
1370,2021,TEXAS,TX,GRAY,CORN,5250.0,,7600.0,1122000.0,,213.7,
1371,2021,TEXAS,TX,GRAYSON,CORN,17400.0,,18900.0,1152000.0,,66.2,
1372,2021,TEXAS,TX,GUADALUPE,CORN,20700.0,,23100.0,1946000.0,,94.0,
1373,2021,TEXAS,TX,HALE,CORN,25100.0,,28400.0,3597000.0,,143.3,
1374,2021,TEXAS,TX,HARTLEY,CORN,79800.0,,91000.0,14252000.0,,178.6,
1375,2021,TEXAS,TX,HAYS,CORN,3260.0,,3500.0,300000.0,,92.0,
1376,2021,TEXAS,TX,HIDALGO,CORN,19900.0,,23500.0,2054000.0,,103.2,
1377,2021,TEXAS,TX,HILL,CORN,88900.0,,101000.0,8641000.0,,97.2,
1378,2021,TEXAS,TX,HUNT,CORN,6430.0,,6900.0,320000.0,,49.8,
1379,2021,TEXAS,TX,HUTCHINSON,CORN,23300.0,,26500.0,5114000.0,,219.5,
1380,2021,TEXAS,TX,JACKSON,CORN,79100.0,,86000.0,9191000.0,,116.2,
1381,2021,TEXAS,TX,JOHNSON,CORN,10800.0,,12200.0,620000.0,,57.4,
1382,2021,TEXAS,TX,LAMAR,CORN,19500.0,,21400.0,1254000.0,,64.3,
1383,2021,TEXAS,TX,LAVACA,CORN,1980.0,,2200.0,155800.0,,78.7,
1384,2021,TEXAS,TX,LEE,CORN,350.0,,400.0,30100.0,,86.0,
1385,2021,TEXAS,TX,LIPSCOMB,CORN,4170.0,,4600.0,729000.0,,174.8,
1386,2021,TEXAS,TX,MATAGORDA,CORN,38900.0,,41300.0,4046000.0,,104.0,
1387,2021,TEXAS,TX,MCLENNAN,CORN,50000.0,,63500.0,6035000.0,,120.7,
1388,2021,TEXAS,TX,MEDINA,CORN,25300.0,,27400.0,2024000.0,,80.0,
1389,2021,TEXAS,TX,MILAM,CORN,35500.0,,39200.0,3972000.0,,111.9,
1390,2021,TEXAS,TX,MOORE,CORN,46400.0,,50700.0,10070000.0,,217.0,
1391,2021,TEXAS,TX,NAVARRO,CORN,20700.0,,22200.0,1875000.0,,90.6,
1392,2021,TEXAS,TX,NUECES,CORN,10200.0,,11200.0,762000.0,,74.7,
1393,2021,TEXAS,TX,OCHILTREE,CORN,29700.0,,33000.0,6718000.0,,226.2,
1394,2021,TEXAS,TX,OTHER COUNTIES,CORN,400160.0,,541800.0,50515400.0,,126.2,
1395,2021,TEXAS,TX,SAN PATRICIO,CORN,18100.0,,20000.0,1622000.0,,89.6,
1396,2021,TEXAS,TX,SHERMAN,CORN,87700.0,,96400.0,18378000.0,,209.6,
1397,2021,TEXAS,TX,SWISHER,CORN,4150.0,,5600.0,780000.0,,188.0,
1398,2021,TEXAS,TX,TOM GREEN,CORN,4180.0,,7100.0,460000.0,,110.0,
1399,2021,TEXAS,TX,TRAVIS,CORN,14200.0,,15800.0,1108000.0,,78.0,
1400,2021,TEXAS,TX,UVALDE,CORN,14000.0,,15800.0,1483000.0,,105.9,
1401,2021,TEXAS,TX,VICTORIA,CORN,35500.0,,37700.0,3536000.0,,99.6,
1402,2021,TEXAS,TX,WALLER,CORN,2890.0,,3100.0,272000.0,,94.1,
1403,2021,TEXAS,TX,WHARTON,CORN,87500.0,,93500.0,12084000.0,,138.1,
1404,2021,TEXAS,TX,WILLACY,CORN,3280.0,,3300.0,298000.0,,90.9,
1405,2021,TEXAS,TX,WILLIAMSON,CORN,98000.0,,103000.0,9624000.0,,98.2,
1406,2021,VIRGINIA,VA,ACCOMACK,CORN,20500.0,,25000.0,3640000.0,,177.6,
1407,2021,VIRGINIA,VA,AMELIA,CORN,5700.0,,7500.0,1015000.0,,178.1,
1408,2021,VIRGINIA,VA,APPOMATTOX,CORN,810.0,,1600.0,120600.0,,148.9,
1409,2021,VIRGINIA,VA,AUGUSTA,CORN,11100.0,,23500.0,1310000.0,,118.0,
1410,2021,VIRGINIA,VA,BEDFORD,CORN,650.0,,2400.0,74600.0,,114.8,
1411,2021,VIRGINIA,VA,BOTETOURT,CORN,1700.0,,3600.0,265000.0,,155.9,
1412,2021,VIRGINIA,VA,BRUNSWICK,CORN,650.0,,800.0,102200.0,,157.2,
1413,2021,VIRGINIA,VA,CAMPBELL,CORN,1800.0,,3200.0,207000.0,,115.0,
1414,2021,VIRGINIA,VA,CAROLINE,CORN,11100.0,,13600.0,1740000.0,,156.8,
1415,2021,VIRGINIA,VA,CHARLES CITY,CORN,5750.0,,7000.0,964000.0,,167.7,
1416,2021,VIRGINIA,VA,CHARLOTTE,CORN,1150.0,,1400.0,165800.0,,144.2,
1417,2021,VIRGINIA,VA,CHESAPEAKE CITY,CORN,5500.0,,6700.0,771000.0,,140.2,
1418,2021,VIRGINIA,VA,CRAIG,CORN,490.0,,600.0,49000.0,,100.0,
1419,2021,VIRGINIA,VA,CULPEPER,CORN,7400.0,,9200.0,1067000.0,,144.2,
1420,2021,VIRGINIA,VA,DINWIDDIE,CORN,5800.0,,7100.0,1028000.0,,177.2,
1421,2021,VIRGINIA,VA,ESSEX,CORN,14000.0,,17300.0,2380000.0,,170.0,
1422,2021,VIRGINIA,VA,FAUQUIER,CORN,6800.0,,9500.0,1040000.0,,152.9,
1423,2021,VIRGINIA,VA,FRANKLIN,CORN,3300.0,,11000.0,451000.0,,136.7,
1424,2021,VIRGINIA,VA,FREDERICK,CORN,3300.0,,4300.0,516000.0,,156.4,
1425,2021,VIRGINIA,VA,GLOUCESTER,CORN,4750.0,,5800.0,815000.0,,171.6,
1426,2021,VIRGINIA,VA,GREENSVILLE,CORN,2550.0,,3100.0,358000.0,,140.4,
1427,2021,VIRGINIA,VA,ISLE OF WIGHT,CORN,11500.0,,14000.0,2070000.0,,180.0,
1428,2021,VIRGINIA,VA,KING AND QUEEN,CORN,12500.0,,15300.0,2015000.0,,161.2,
1429,2021,VIRGINIA,VA,KING WILLIAM,CORN,11200.0,,13700.0,2185000.0,,195.1,
1430,2021,VIRGINIA,VA,LEE,CORN,560.0,,800.0,70700.0,,126.3,
1431,2021,VIRGINIA,VA,LUNENBURG,CORN,1650.0,,2000.0,268000.0,,162.4,
1432,2021,VIRGINIA,VA,MADISON,CORN,5100.0,,6500.0,805000.0,,157.8,
1433,2021,VIRGINIA,VA,MATHEWS,CORN,1200.0,,1400.0,180500.0,,150.4,
1434,2021,VIRGINIA,VA,MECKLENBURG,CORN,2300.0,,2800.0,396000.0,,172.2,
1435,2021,VIRGINIA,VA,MIDDLESEX,CORN,5400.0,,6600.0,975000.0,,180.6,
1436,2021,VIRGINIA,VA,NEW KENT,CORN,3800.0,,4600.0,627000.0,,165.0,
1437,2021,VIRGINIA,VA,NORTHAMPTON,CORN,6150.0,,7500.0,1115000.0,,181.3,
1438,2021,VIRGINIA,VA,NORTHUMBERLAND,CORN,11400.0,,13700.0,2050000.0,,179.8,
1439,2021,VIRGINIA,VA,NOTTOWAY,CORN,1600.0,,2300.0,257000.0,,160.6,
1440,2021,VIRGINIA,VA,ORANGE,CORN,4800.0,,6300.0,835000.0,,174.0,
1441,2021,VIRGINIA,VA,OTHER COUNTIES,CORN,61440.0,,101900.0,9136300.0,,148.7,
1442,2021,VIRGINIA,VA,PAGE,CORN,1550.0,,3500.0,190300.0,,122.8,
1443,2021,VIRGINIA,VA,RICHMOND,CORN,10200.0,,12300.0,1665000.0,,163.2,
1444,2021,VIRGINIA,VA,ROCKINGHAM,CORN,9900.0,,24000.0,1310000.0,,132.3,
1445,2021,VIRGINIA,VA,SHENANDOAH,CORN,7300.0,,14000.0,958000.0,,131.2,
1446,2021,VIRGINIA,VA,SOUTHAMPTON,CORN,14500.0,,17500.0,2213000.0,,152.6,
1447,2021,VIRGINIA,VA,SPOTSYLVANIA,CORN,2800.0,,3700.0,430000.0,,153.6,
1448,2021,VIRGINIA,VA,STAFFORD,CORN,1300.0,,1600.0,212000.0,,163.1,
1449,2021,VIRGINIA,VA,SUFFOLK CITY,CORN,9000.0,,11000.0,1375000.0,,152.8,
1450,2021,VIRGINIA,VA,SURRY,CORN,8400.0,,10200.0,1497000.0,,178.2,
1451,2021,VIRGINIA,VA,SUSSEX,CORN,8200.0,,9900.0,1305000.0,,159.1,
1452,2021,VIRGINIA,VA,VIRGINIA BEACH CITY,CORN,5950.0,,6000.0,995000.0,,167.2,
1453,2021,VIRGINIA,VA,WESTMORELAND,CORN,10500.0,,12700.0,1985000.0,,189.0,
1454,2021,WASHINGTON,WA,ADAMS,CORN,6300.0,,11800.0,1310000.0,,207.9,
1455,2021,WASHINGTON,WA,GRANT,CORN,31600.0,,42500.0,7827000.0,,247.7,
1456,2021,WASHINGTON,WA,OTHER COUNTIES,CORN,35280.0,,72100.0,9336000.0,,264.6,
1457,2021,WASHINGTON,WA,WALLA WALLA,CORN,6400.0,,6600.0,1437000.0,,224.5,
1458,2021,WASHINGTON,WA,YAKIMA,CORN,5420.0,,32000.0,1170000.0,,215.9,
1459,2021,WISCONSIN,WI,ADAMS,CORN,24800.0,1170.0,26400.0,3194000.0,25100.0,128.8,21.5
1460,2021,WISCONSIN,WI,ASHLAND,CORN,,2330.0,,,40600.0,,17.5
1461,2021,WISCONSIN,WI,BARRON,CORN,77100.0,13900.0,92400.0,13034000.0,278000.0,169.1,20.0
1462,2021,WISCONSIN,WI,BAYFIELD,CORN,2440.0,470.0,3000.0,308000.0,5900.0,126.2,12.5
1463,2021,WISCONSIN,WI,BROWN,CORN,27700.0,34400.0,63100.0,4817000.0,722000.0,173.9,21.0
1464,2021,WISCONSIN,WI,BUFFALO,CORN,55800.0,9330.0,66300.0,9503000.0,210000.0,170.3,22.5
1465,2021,WISCONSIN,WI,BURNETT,CORN,11600.0,2080.0,15000.0,1597000.0,37400.0,137.7,18.0
1466,2021,WISCONSIN,WI,CALUMET,CORN,22400.0,24200.0,47400.0,4180000.0,532000.0,186.6,22.0
1467,2021,WISCONSIN,WI,CHIPPEWA,CORN,71700.0,16500.0,89700.0,12211000.0,305000.0,170.3,18.5
1468,2021,WISCONSIN,WI,CLARK,CORN,47100.0,33700.0,82200.0,7663000.0,691000.0,162.7,20.5
1469,2021,WISCONSIN,WI,COLUMBIA,CORN,109200.0,12800.0,124000.0,20934000.0,301000.0,191.7,23.5
1470,2021,WISCONSIN,WI,CRAWFORD,CORN,30800.0,5140.0,36400.0,5498000.0,110000.0,178.5,21.5
1471,2021,WISCONSIN,WI,DANE,CORN,134600.0,45000.0,182500.0,25900000.0,1058000.0,192.4,23.5
1472,2021,WISCONSIN,WI,DODGE,CORN,114400.0,32100.0,149000.0,22823000.0,738000.0,199.5,23.0
1473,2021,WISCONSIN,WI,DOOR,CORN,18000.0,11500.0,30000.0,3168000.0,207000.0,176.0,18.0
1474,2021,WISCONSIN,WI,DUNN,CORN,89600.0,14100.0,105500.0,17060000.0,282000.0,190.4,20.0
1475,2021,WISCONSIN,WI,EAU CLAIRE,CORN,41700.0,3590.0,46100.0,7418000.0,77000.0,177.9,21.5
1476,2021,WISCONSIN,WI,FOND DU LAC,CORN,58500.0,45100.0,105500.0,11378000.0,1037000.0,194.5,23.0
1477,2021,WISCONSIN,WI,GRANT,CORN,122700.0,28800.0,154500.0,25558000.0,635000.0,208.3,22.0
1478,2021,WISCONSIN,WI,GREEN,CORN,89000.0,20100.0,111000.0,17506000.0,422000.0,196.7,21.0
1479,2021,WISCONSIN,WI,GREEN LAKE,CORN,43100.0,4840.0,48700.0,7689000.0,121000.0,178.4,25.0
1480,2021,WISCONSIN,WI,IOWA,CORN,67000.0,11300.0,79700.0,12683000.0,266000.0,189.3,23.5
1481,2021,WISCONSIN,WI,JACKSON,CORN,40800.0,5390.0,47000.0,7271000.0,129000.0,178.2,24.0
1482,2021,WISCONSIN,WI,JEFFERSON,CORN,73100.0,9330.0,83800.0,13436000.0,196000.0,183.8,21.0
1483,2021,WISCONSIN,WI,JUNEAU,CORN,34700.0,4440.0,39800.0,5389000.0,95000.0,155.3,21.5
1484,2021,WISCONSIN,WI,KENOSHA,CORN,21800.0,5150.0,27400.0,3817000.0,103000.0,175.1,20.0
1485,2021,WISCONSIN,WI,KEWAUNEE,CORN,23300.0,28900.0,53100.0,4250000.0,665000.0,182.4,23.0
1486,2021,WISCONSIN,WI,LA CROSSE,CORN,25900.0,5310.0,31800.0,4463000.0,117000.0,172.3,22.0
1487,2021,WISCONSIN,WI,LAFAYETTE,CORN,108200.0,22900.0,134000.0,22819000.0,538000.0,210.9,23.5
1488,2021,WISCONSIN,WI,LANGLADE,CORN,8260.0,5120.0,13600.0,1375000.0,100000.0,166.5,19.5
1489,2021,WISCONSIN,WI,LINCOLN,CORN,7800.0,2570.0,10500.0,1246000.0,45900.0,159.7,18.0
1490,2021,WISCONSIN,WI,MANITOWOC,CORN,31400.0,44600.0,77300.0,5947000.0,959000.0,189.4,21.5
1491,2021,WISCONSIN,WI,MARATHON,CORN,80600.0,32300.0,115000.0,12630000.0,616000.0,156.7,19.0
1492,2021,WISCONSIN,WI,MARINETTE,CORN,26600.0,12400.0,39700.0,4511000.0,267000.0,169.6,21.5
1493,2021,WISCONSIN,WI,MARQUETTE,CORN,31500.0,1580.0,33700.0,4457000.0,32000.0,141.5,20.5
1494,2021,WISCONSIN,WI,MILWAUKEE,CORN,1470.0,,1500.0,273000.0,,185.7,
1495,2021,WISCONSIN,WI,MONROE,CORN,44700.0,14800.0,60500.0,6540000.0,340000.0,146.3,23.0
1496,2021,WISCONSIN,WI,OCONTO,CORN,45400.0,18800.0,65300.0,7659000.0,385000.0,168.7,20.5
1497,2021,WISCONSIN,WI,OTHER COUNTIES,CORN,1800.0,8710.0,6100.0,246000.0,179800.0,136.7,20.5
1498,2021,WISCONSIN,WI,OUTAGAMIE,CORN,61800.0,20300.0,83500.0,11211000.0,436000.0,181.4,21.5
1499,2021,WISCONSIN,WI,OZAUKEE,CORN,9550.0,6680.0,16700.0,1793000.0,137000.0,187.7,20.5
1500,2021,WISCONSIN,WI,PEPIN,CORN,20700.0,,29000.0,3660000.0,,176.8,
1501,2021,WISCONSIN,WI,PIERCE,CORN,76400.0,8120.0,85900.0,14203000.0,199000.0,185.9,24.5
1502,2021,WISCONSIN,WI,POLK,CORN,55100.0,12700.0,69000.0,8805000.0,241000.0,159.8,19.0
1503,2021,WISCONSIN,WI,PORTAGE,CORN,37300.0,12800.0,51000.0,6229000.0,288000.0,167.0,22.5
1504,2021,WISCONSIN,WI,PRICE,CORN,2910.0,1970.0,5000.0,369000.0,30500.0,126.8,15.5
1505,2021,WISCONSIN,WI,RACINE,CORN,31100.0,1930.0,33600.0,5635000.0,34600.0,181.2,18.0
1506,2021,WISCONSIN,WI,RICHLAND,CORN,36000.0,11100.0,47900.0,5933000.0,228000.0,164.8,20.5
1507,2021,WISCONSIN,WI,ROCK,CORN,126700.0,14900.0,144000.0,24630000.0,349000.0,194.4,23.5
1508,2021,WISCONSIN,WI,RUSK,CORN,18800.0,7470.0,26700.0,3034000.0,138000.0,161.4,18.5
1509,2021,WISCONSIN,WI,SAUK,CORN,66000.0,16400.0,83800.0,11306000.0,344000.0,171.3,21.0
1510,2021,WISCONSIN,WI,SAWYER,CORN,5620.0,1930.0,7700.0,848000.0,38600.0,150.9,20.0
1511,2021,WISCONSIN,WI,SHAWANO,CORN,52900.0,26000.0,80300.0,9321000.0,533000.0,176.2,20.5
1512,2021,WISCONSIN,WI,SHEBOYGAN,CORN,29900.0,22200.0,53000.0,5334000.0,466000.0,178.4,21.0
1513,2021,WISCONSIN,WI,ST CROIX,CORN,77100.0,18900.0,97700.0,13238000.0,387000.0,171.7,20.5
1514,2021,WISCONSIN,WI,TAYLOR,CORN,28300.0,10800.0,39800.0,4933000.0,221000.0,174.3,20.5
1515,2021,WISCONSIN,WI,TREMPEALEAU,CORN,76500.0,9430.0,87400.0,12615000.0,222000.0,164.9,23.5
1516,2021,WISCONSIN,WI,VERNON,CORN,52100.0,10300.0,63200.0,8821000.0,211000.0,169.3,20.5
1517,2021,WISCONSIN,WI,WALWORTH,CORN,87800.0,13900.0,103500.0,15690000.0,320000.0,178.7,23.0
1518,2021,WISCONSIN,WI,WASHBURN,CORN,8350.0,3290.0,12400.0,1397000.0,70000.0,167.3,21.5
1519,2021,WISCONSIN,WI,WASHINGTON,CORN,21500.0,9330.0,31400.0,3866000.0,200000.0,179.8,21.5
1520,2021,WISCONSIN,WI,WAUKESHA,CORN,18800.0,360.0,19300.0,3467000.0,6600.0,184.4,18.5
1521,2021,WISCONSIN,WI,WAUPACA,CORN,39900.0,17400.0,58300.0,6851000.0,383000.0,171.7,22.0
1522,2021,WISCONSIN,WI,WAUSHARA,CORN,27300.0,5470.0,33300.0,5127000.0,104000.0,187.8,19.0
1523,2021,WISCONSIN,WI,WINNEBAGO,CORN,38900.0,9670.0,49400.0,6741000.0,208000.0,173.3,21.5
1524,2021,WISCONSIN,WI,WOOD,CORN,26100.0,11900.0,38700.0,4492000.0,256000.0,172.1,21.5
1525,2022,ALABAMA,AL,BALDWIN,CORN,7340.0,,7600.0,1020000.0,,139.0,
1526,2022,ALABAMA,AL,BARBOUR,CORN,1640.0,,1700.0,262000.0,,159.8,
1527,2022,ALABAMA,AL,BLOUNT,CORN,2410.0,,2500.0,242000.0,,100.4,
1528,2022,ALABAMA,AL,CALHOUN,CORN,2240.0,,2300.0,319000.0,,142.4,
1529,2022,ALABAMA,AL,CHEROKEE,CORN,4570.0,,4600.0,633000.0,,138.5,
1530,2022,ALABAMA,AL,CHILTON,CORN,820.0,,1000.0,75800.0,,92.4,
1531,2022,ALABAMA,AL,COFFEE,CORN,4800.0,,4900.0,602000.0,,125.4,
1532,2022,ALABAMA,AL,COLBERT,CORN,17100.0,,17700.0,1607000.0,,94.0,
1533,2022,ALABAMA,AL,CULLMAN,CORN,2700.0,,2800.0,363000.0,,134.4,
1534,2022,ALABAMA,AL,DALE,CORN,1560.0,,1800.0,200000.0,,128.2,
1535,2022,ALABAMA,AL,DALLAS,CORN,4520.0,,4700.0,503000.0,,111.3,
1536,2022,ALABAMA,AL,DE KALB,CORN,12200.0,,12600.0,1760000.0,,144.3,
1537,2022,ALABAMA,AL,ESCAMBIA,CORN,6800.0,,6800.0,1136000.0,,167.1,
1538,2022,ALABAMA,AL,ETOWAH,CORN,2900.0,,3000.0,384000.0,,132.4,
1539,2022,ALABAMA,AL,FAYETTE,CORN,1850.0,,1900.0,187800.0,,101.5,
1540,2022,ALABAMA,AL,HENRY,CORN,2900.0,,3000.0,468000.0,,161.4,
1541,2022,ALABAMA,AL,HOUSTON,CORN,2820.0,,2900.0,452000.0,,160.3,
1542,2022,ALABAMA,AL,JACKSON,CORN,23000.0,,23900.0,2546000.0,,110.7,
1543,2022,ALABAMA,AL,LAUDERDALE,CORN,23600.0,,24300.0,1959000.0,,83.0,
1544,2022,ALABAMA,AL,LAWRENCE,CORN,33400.0,,33600.0,3216000.0,,96.3,
1545,2022,ALABAMA,AL,LIMESTONE,CORN,22800.0,,23400.0,2672000.0,,117.2,
1546,2022,ALABAMA,AL,MADISON,CORN,26200.0,,26900.0,3995000.0,,152.5,
1547,2022,ALABAMA,AL,MARENGO,CORN,1160.0,,1200.0,70100.0,,60.4,
1548,2022,ALABAMA,AL,MARION,CORN,1840.0,,1900.0,221000.0,,120.1,
1549,2022,ALABAMA,AL,MARSHALL,CORN,5610.0,,5800.0,691000.0,,123.2,
1550,2022,ALABAMA,AL,MONROE,CORN,3660.0,,3700.0,484000.0,,132.2,
1551,2022,ALABAMA,AL,MORGAN,CORN,5230.0,,5300.0,467000.0,,89.3,
1552,2022,ALABAMA,AL,OTHER COUNTIES,CORN,48960.0,4000.0,52200.0,5978300.0,60000.0,122.1,15.0
1553,2022,ALABAMA,AL,PERRY,CORN,6380.0,,6600.0,434000.0,,68.0,
1554,2022,ALABAMA,AL,RANDOLPH,CORN,940.0,,1000.0,131500.0,,139.9,
1555,2022,ALABAMA,AL,RUSSELL,CORN,610.0,,700.0,60500.0,,99.2,
1556,2022,ALABAMA,AL,TALLADEGA,CORN,5320.0,,5500.0,824000.0,,154.9,
1557,2022,ALABAMA,AL,TUSCALOOSA,CORN,2120.0,,2200.0,256000.0,,120.8,
1558,2022,ARKANSAS,AR,ARKANSAS,CORN,53900.0,,54500.0,10127000.0,,187.9,
1559,2022,ARKANSAS,AR,ASHLEY,CORN,33600.0,,34500.0,5541000.0,,164.9,
1560,2022,ARKANSAS,AR,CHICOT,CORN,29000.0,,29500.0,5142000.0,,177.3,
1561,2022,ARKANSAS,AR,CLAY,CORN,31100.0,,31500.0,6102000.0,,196.2,
1562,2022,ARKANSAS,AR,CONWAY,CORN,2540.0,,2600.0,360000.0,,141.7,
1563,2022,ARKANSAS,AR,CRITTENDEN,CORN,16100.0,,16400.0,2516000.0,,156.3,
1564,2022,ARKANSAS,AR,CROSS,CORN,28700.0,,29100.0,4994000.0,,174.0,
1565,2022,ARKANSAS,AR,DESHA,CORN,33600.0,,34000.0,5588000.0,,166.3,
1566,2022,ARKANSAS,AR,DREW,CORN,11600.0,,11800.0,2130000.0,,183.6,
1567,2022,ARKANSAS,AR,GREENE,CORN,26100.0,,26600.0,4539000.0,,173.9,
1568,2022,ARKANSAS,AR,INDEPENDENCE,CORN,8190.0,,8900.0,1170000.0,,142.9,
1569,2022,ARKANSAS,AR,JACKSON,CORN,17300.0,,17600.0,2751000.0,,159.0,
1570,2022,ARKANSAS,AR,JEFFERSON,CORN,32700.0,,33000.0,5964000.0,,182.4,
1571,2022,ARKANSAS,AR,LAFAYETTE,CORN,10400.0,,10600.0,1557000.0,,149.7,
1572,2022,ARKANSAS,AR,LAWRENCE,CORN,9600.0,,9800.0,1543000.0,,160.7,
1573,2022,ARKANSAS,AR,LEE,CORN,38800.0,,39500.0,7000000.0,,180.4,
1574,2022,ARKANSAS,AR,LINCOLN,CORN,16100.0,,16300.0,2993000.0,,185.9,
1575,2022,ARKANSAS,AR,LONOKE,CORN,37700.0,,38300.0,6469000.0,,171.6,
1576,2022,ARKANSAS,AR,MISSISSIPPI,CORN,17100.0,,17400.0,2984000.0,,174.5,
1577,2022,ARKANSAS,AR,MONROE,CORN,24800.0,,25200.0,4174000.0,,168.3,
1578,2022,ARKANSAS,AR,OTHER COUNTIES,CORN,79740.0,,83700.0,13039000.0,80000.0,163.5,
1579,2022,ARKANSAS,AR,PHILLIPS,CORN,29300.0,,30200.0,4993000.0,,170.4,
1580,2022,ARKANSAS,AR,POINSETT,CORN,26700.0,,27300.0,4555000.0,,170.6,
1581,2022,ARKANSAS,AR,PRAIRIE,CORN,27600.0,,27900.0,5200000.0,,188.4,
1582,2022,ARKANSAS,AR,SAINT FRANCIS,CORN,25500.0,,25700.0,4603000.0,,180.5,
1583,2022,ARKANSAS,AR,WHITE,CORN,7270.0,,7400.0,1189000.0,,163.5,
1584,2022,ARKANSAS,AR,WOODRUFF,CORN,18100.0,,18500.0,2744000.0,,151.6,
1585,2022,ARKANSAS,AR,YELL,CORN,1860.0,,2200.0,268000.0,,144.1,
1586,2022,CALIFORNIA,CA,FRESNO,CORN,,20200.0,,,404000.0,,20.0
1587,2022,CALIFORNIA,CA,GLENN,CORN,,2980.0,,,82000.0,,27.5
1588,2022,CALIFORNIA,CA,HUMBOLDT,CORN,,200.0,,,4700.0,,23.5
1589,2022,CALIFORNIA,CA,IMPERIAL,CORN,920.0,,2600.0,122600.0,,133.3,
1590,2022,CALIFORNIA,CA,KERN,CORN,,29800.0,,,790000.0,,26.5
1591,2022,CALIFORNIA,CA,KINGS,CORN,,38400.0,,,960000.0,,25.0
1592,2022,CALIFORNIA,CA,MADERA,CORN,,9190.0,,,249000.0,,27.0
1593,2022,CALIFORNIA,CA,MERCED,CORN,,63200.0,,,1612000.0,,25.5
1594,2022,CALIFORNIA,CA,OTHER COUNTIES,CORN,16330.0,16130.0,339800.0,2922000.0,383300.0,178.9,24.0
1595,2022,CALIFORNIA,CA,SACRAMENTO,CORN,2370.0,14300.0,16700.0,444000.0,365000.0,187.3,25.5
1596,2022,CALIFORNIA,CA,SAN JOAQUIN,CORN,,24500.0,,,711000.0,,29.0
1597,2022,CALIFORNIA,CA,STANISLAUS,CORN,,18200.0,,,501000.0,,27.5
1598,2022,CALIFORNIA,CA,SUTTER,CORN,380.0,,900.0,51400.0,,135.3,
1599,2022,CALIFORNIA,CA,TULARE,CORN,,97900.0,,,2648000.0,,27.0
1600,2022,COLORADO,CO,ADAMS,CORN,9690.0,,24100.0,475000.0,,49.0,
1601,2022,COLORADO,CO,BENT,CORN,3650.0,,5000.0,490000.0,,134.2,
1602,2022,COLORADO,CO,CHEYENNE,CORN,53400.0,,73400.0,2013000.0,,37.7,
1603,2022,COLORADO,CO,DELTA,CORN,2550.0,,4200.0,600000.0,,235.3,
1604,2022,COLORADO,CO,KIOWA,CORN,14200.0,,17300.0,568000.0,,40.0,
1605,2022,COLORADO,CO,KIT CARSON,CORN,200500.0,,255000.0,17076000.0,,85.2,
1606,2022,COLORADO,CO,LARIMER,CORN,1570.0,,12000.0,300000.0,,191.1,
1607,2022,COLORADO,CO,LOGAN,CORN,67000.0,,97500.0,8945000.0,,133.5,
1608,2022,COLORADO,CO,MESA,CORN,1710.0,,3300.0,402000.0,,235.1,
1609,2022,COLORADO,CO,MORGAN,CORN,47600.0,,62000.0,6602000.0,,138.7,
1610,2022,COLORADO,CO,OTERO,CORN,4860.0,,6100.0,741000.0,,152.5,
1611,2022,COLORADO,CO,OTHER COUNTIES,CORN,91590.0,190000.0,131000.0,7836000.0,3705000.0,85.6,19.5
1612,2022,COLORADO,CO,PHILLIPS,CORN,69400.0,,116500.0,11597000.0,,167.1,
1613,2022,COLORADO,CO,PUEBLO,CORN,1980.0,,3000.0,389000.0,,196.5,
1614,2022,COLORADO,CO,SEDGWICK,CORN,39700.0,,71100.0,5300000.0,,133.5,
1615,2022,COLORADO,CO,WASHINGTON,CORN,80300.0,,116000.0,3541000.0,,44.1,
1616,2022,COLORADO,CO,WELD,CORN,80300.0,,109500.0,10399000.0,,129.5,
1617,2022,COLORADO,CO,YUMA,CORN,200000.0,,233000.0,40096000.0,,200.5,
1618,2022,DELAWARE,DE,KENT,CORN,48100.0,,50100.0,8547000.0,,177.7,
1619,2022,DELAWARE,DE,NEW CASTLE,CORN,15000.0,,15800.0,2330000.0,,155.3,
1620,2022,DELAWARE,DE,OTHER COUNTIES,CORN,,3000.0,,,57000.0,,19.0
1621,2022,DELAWARE,DE,SUSSEX,CORN,92900.0,,94100.0,15643000.0,,168.4,
1622,2022,GEORGIA,GA,BACON,CORN,2850.0,,3100.0,377000.0,,132.3,
1623,2022,GEORGIA,GA,BAKER,CORN,9410.0,,9700.0,1758000.0,,186.8,
1624,2022,GEORGIA,GA,BANKS,CORN,420.0,,600.0,45400.0,,108.1,
1625,2022,GEORGIA,GA,BARTOW,CORN,1780.0,,2000.0,355000.0,,199.4,
1626,2022,GEORGIA,GA,BEN HILL,CORN,3810.0,,4100.0,716000.0,,187.9,
1627,2022,GEORGIA,GA,BERRIEN,CORN,7000.0,,7200.0,1067000.0,,152.4,
1628,2022,GEORGIA,GA,BLECKLEY,CORN,4180.0,,4300.0,859000.0,,205.5,
1629,2022,GEORGIA,GA,BRANTLEY,CORN,540.0,,600.0,47800.0,,88.5,
1630,2022,GEORGIA,GA,BURKE,CORN,20000.0,,21000.0,3713000.0,,185.7,
1631,2022,GEORGIA,GA,CALHOUN,CORN,9910.0,,10000.0,2224000.0,,224.4,
1632,2022,GEORGIA,GA,CARROLL,CORN,250.0,,300.0,28000.0,,112.0,
1633,2022,GEORGIA,GA,CHATTOOGA,CORN,1680.0,,1800.0,265000.0,,157.7,
1634,2022,GEORGIA,GA,CLAY,CORN,1890.0,,2100.0,319000.0,,168.8,
1635,2022,GEORGIA,GA,COFFEE,CORN,6230.0,,6700.0,995000.0,,159.7,
1636,2022,GEORGIA,GA,DAWSON,CORN,180.0,,200.0,17200.0,,95.6,
1637,2022,GEORGIA,GA,DODGE,CORN,2120.0,,2300.0,417000.0,,196.7,
1638,2022,GEORGIA,GA,EARLY,CORN,8930.0,,9300.0,1811000.0,,202.8,
1639,2022,GEORGIA,GA,EMANUEL,CORN,1860.0,,2300.0,300000.0,,161.3,
1640,2022,GEORGIA,GA,FRANKLIN,CORN,530.0,,600.0,62300.0,,117.5,
1641,2022,GEORGIA,GA,GORDON,CORN,3080.0,,3100.0,409000.0,,132.8,
1642,2022,GEORGIA,GA,GRADY,CORN,7830.0,,8500.0,1226000.0,,156.6,
1643,2022,GEORGIA,GA,HALL,CORN,860.0,,1000.0,86600.0,,100.7,
1644,2022,GEORGIA,GA,HART,CORN,1850.0,,2300.0,133800.0,,72.3,
1645,2022,GEORGIA,GA,IRWIN,CORN,8710.0,,9100.0,1583000.0,,181.7,
1646,2022,GEORGIA,GA,JEFF DAVIS,CORN,3630.0,,3900.0,651000.0,,179.3,
1647,2022,GEORGIA,GA,JOHNSON,CORN,1960.0,,2100.0,201000.0,,102.6,
1648,2022,GEORGIA,GA,MACON,CORN,8270.0,,8700.0,1683000.0,,203.5,
1649,2022,GEORGIA,GA,MILLER,CORN,16500.0,,16700.0,3281000.0,,198.8,
1650,2022,GEORGIA,GA,MITCHELL,CORN,11100.0,,12200.0,2371000.0,,213.6,
1651,2022,GEORGIA,GA,MORGAN,CORN,2040.0,,2500.0,129100.0,,63.3,
1652,2022,GEORGIA,GA,OTHER COUNTIES,CORN,137870.0,30000.0,166100.0,23115200.0,660000.0,167.7,22.0
1653,2022,GEORGIA,GA,PEACH,CORN,1520.0,,1700.0,188800.0,,124.2,
1654,2022,GEORGIA,GA,PIERCE,CORN,5690.0,,6200.0,778000.0,,136.7,
1655,2022,GEORGIA,GA,POLK,CORN,990.0,,1100.0,88300.0,,89.2,
1656,2022,GEORGIA,GA,RABUN,CORN,180.0,,200.0,14000.0,,77.8,
1657,2022,GEORGIA,GA,RANDOLPH,CORN,11300.0,,11400.0,2194000.0,,194.2,
1658,2022,GEORGIA,GA,SCREVEN,CORN,6360.0,,6700.0,1009000.0,,158.6,
1659,2022,GEORGIA,GA,SEMINOLE,CORN,11900.0,,12000.0,2279000.0,,191.5,
1660,2022,GEORGIA,GA,SUMTER,CORN,18500.0,,18800.0,3186000.0,,172.2,
1661,2022,GEORGIA,GA,TAYLOR,CORN,880.0,,1000.0,92300.0,,104.9,
1662,2022,GEORGIA,GA,TERRELL,CORN,16500.0,,16600.0,3122000.0,,189.2,
1663,2022,GEORGIA,GA,THOMAS,CORN,2950.0,,3200.0,512000.0,,173.6,
1664,2022,GEORGIA,GA,TIFT,CORN,3190.0,,3500.0,580000.0,,181.8,
1665,2022,GEORGIA,GA,TREUTLEN,CORN,640.0,,700.0,130200.0,,203.4,
1666,2022,GEORGIA,GA,WALTON,CORN,360.0,,400.0,27900.0,,77.5,
1667,2022,GEORGIA,GA,WARE,CORN,1650.0,,1800.0,158100.0,,95.8,
1668,2022,GEORGIA,GA,WORTH,CORN,5120.0,,5300.0,1019000.0,,199.0,
1669,2022,IDAHO,ID,ADA,CORN,2350.0,,11500.0,511000.0,,217.4,
1670,2022,IDAHO,ID,BINGHAM,CORN,5300.0,,12300.0,921000.0,,173.8,
1671,2022,IDAHO,ID,CANYON,CORN,15600.0,,29000.0,3432000.0,,220.0,
1672,2022,IDAHO,ID,ELMORE,CORN,17300.0,,19000.0,4278000.0,,247.3,
1673,2022,IDAHO,ID,FRANKLIN,CORN,380.0,,4900.0,68700.0,,180.8,
1674,2022,IDAHO,ID,GEM,CORN,3300.0,,4300.0,768000.0,,232.7,
1675,2022,IDAHO,ID,GOODING,CORN,6700.0,,39000.0,1452000.0,,216.7,
1676,2022,IDAHO,ID,JEROME,CORN,4700.0,,34000.0,983000.0,,209.1,
1677,2022,IDAHO,ID,LINCOLN,CORN,2450.0,,8100.0,496000.0,,202.4,
1678,2022,IDAHO,ID,OTHER COUNTIES,CORN,18530.0,205000.0,69500.0,3618300.0,5945000.0,195.3,29.0
1679,2022,IDAHO,ID,OWYHEE,CORN,11800.0,,23500.0,2617000.0,,221.8,
1680,2022,IDAHO,ID,PAYETTE,CORN,3230.0,,8600.0,654000.0,,202.5,
1681,2022,IDAHO,ID,POWER,CORN,3700.0,,5000.0,776000.0,,209.7,
1682,2022,IDAHO,ID,TWIN FALLS,CORN,6900.0,,37800.0,1467000.0,,212.6,
1683,2022,IDAHO,ID,WASHINGTON,CORN,2760.0,,3500.0,638000.0,,231.2,
1684,2022,ILLINOIS,IL,ADAMS,CORN,145400.0,,148000.0,29202000.0,,200.8,
1685,2022,ILLINOIS,IL,ALEXANDER,CORN,4730.0,,5000.0,767000.0,,162.2,
1686,2022,ILLINOIS,IL,BOND,CORN,69500.0,,70800.0,13747000.0,,197.8,
1687,2022,ILLINOIS,IL,BOONE,CORN,67400.0,,68700.0,14100000.0,,209.2,
1688,2022,ILLINOIS,IL,BROWN,CORN,33100.0,,33700.0,6670000.0,,201.5,
1689,2022,ILLINOIS,IL,BUREAU,CORN,242000.0,,245500.0,54474000.0,,225.1,
1690,2022,ILLINOIS,IL,CALHOUN,CORN,14600.0,,14900.0,2713000.0,,185.8,
1691,2022,ILLINOIS,IL,CARROLL,CORN,122300.0,,124500.0,27909000.0,,228.2,
1692,2022,ILLINOIS,IL,CASS,CORN,77700.0,,79200.0,16698000.0,,214.9,
1693,2022,ILLINOIS,IL,CHAMPAIGN,CORN,264500.0,,268000.0,57952000.0,,219.1,
1694,2022,ILLINOIS,IL,CHRISTIAN,CORN,182100.0,,185000.0,41145000.0,,225.9,
1695,2022,ILLINOIS,IL,CLARK,CORN,88900.0,,90500.0,18411000.0,,207.1,
1696,2022,ILLINOIS,IL,CLAY,CORN,69400.0,,70600.0,14137000.0,,203.7,
1697,2022,ILLINOIS,IL,CLINTON,CORN,95500.0,,99400.0,18766000.0,,196.5,
1698,2022,ILLINOIS,IL,CRAWFORD,CORN,77300.0,,78800.0,16434000.0,,212.6,
1699,2022,ILLINOIS,IL,CUMBERLAND,CORN,60200.0,,61400.0,13388000.0,,222.4,
1700,2022,ILLINOIS,IL,DE KALB,CORN,182500.0,,186000.0,40898000.0,,224.1,
1701,2022,ILLINOIS,IL,DE WITT,CORN,100600.0,,102500.0,23430000.0,,232.9,
1702,2022,ILLINOIS,IL,DOUGLAS,CORN,106500.0,,108500.0,22365000.0,,210.0,
1703,2022,ILLINOIS,IL,DU PAGE,CORN,1570.0,,1600.0,290000.0,,184.7,
1704,2022,ILLINOIS,IL,EDGAR,CORN,152100.0,,155000.0,32230000.0,,211.9,
1705,2022,ILLINOIS,IL,EDWARDS,CORN,40300.0,,41400.0,7234000.0,,179.5,
1706,2022,ILLINOIS,IL,EFFINGHAM,CORN,81800.0,,83200.0,18070000.0,,220.9,
1707,2022,ILLINOIS,IL,FORD,CORN,134900.0,,137500.0,30015000.0,,222.5,
1708,2022,ILLINOIS,IL,FRANKLIN,CORN,34100.0,,34700.0,6005000.0,,176.1,
1709,2022,ILLINOIS,IL,FULTON,CORN,130100.0,,132500.0,27646000.0,,212.5,
1710,2022,ILLINOIS,IL,GALLATIN,CORN,53700.0,,54700.0,9811000.0,,182.7,
1711,2022,ILLINOIS,IL,GREENE,CORN,101200.0,,103000.0,20989000.0,,207.4,
1712,2022,ILLINOIS,IL,GRUNDY,CORN,92800.0,,94500.0,19989000.0,,215.4,
1713,2022,ILLINOIS,IL,HAMILTON,CORN,64800.0,,66000.0,11094000.0,,171.2,
1714,2022,ILLINOIS,IL,HANCOCK,CORN,163000.0,,166000.0,34915000.0,,214.2,
1715,2022,ILLINOIS,IL,HENDERSON,CORN,90700.0,,92400.0,19972000.0,,220.2,
1716,2022,ILLINOIS,IL,HENRY,CORN,214000.0,,217000.0,49627000.0,,231.9,
1717,2022,ILLINOIS,IL,IROQUOIS,CORN,305000.0,,309500.0,64782000.0,,212.4,
1718,2022,ILLINOIS,IL,JACKSON,CORN,30000.0,,30500.0,5247000.0,,174.9,
1719,2022,ILLINOIS,IL,JASPER,CORN,91900.0,,93500.0,18711000.0,,203.6,
1720,2022,ILLINOIS,IL,JEFFERSON,CORN,47100.0,,47900.0,7649000.0,,162.4,
1721,2022,ILLINOIS,IL,JERSEY,CORN,52800.0,,53800.0,10882000.0,,206.1,
1722,2022,ILLINOIS,IL,JO DAVIESS,CORN,87500.0,,91200.0,18446000.0,,210.8,
1723,2022,ILLINOIS,IL,JOHNSON,CORN,5790.0,,5900.0,973000.0,,168.0,
1724,2022,ILLINOIS,IL,KANE,CORN,68400.0,,69700.0,14706000.0,,215.0,
1725,2022,ILLINOIS,IL,KANKAKEE,CORN,172900.0,,176000.0,36223000.0,,209.5,
1726,2022,ILLINOIS,IL,KENDALL,CORN,69000.0,,70300.0,15268000.0,,221.3,
1727,2022,ILLINOIS,IL,KNOX,CORN,148200.0,,151000.0,33938000.0,,229.0,
1728,2022,ILLINOIS,IL,LA SALLE,CORN,275000.0,,279000.0,60500000.0,,220.0,
1729,2022,ILLINOIS,IL,LAKE,CORN,7500.0,,7700.0,1418000.0,,189.1,
1730,2022,ILLINOIS,IL,LAWRENCE,CORN,66500.0,,67800.0,12775000.0,,192.1,
1731,2022,ILLINOIS,IL,LEE,CORN,224000.0,,228000.0,50266000.0,,224.4,
1732,2022,ILLINOIS,IL,LIVINGSTON,CORN,289500.0,,294000.0,61792000.0,,213.4,
1733,2022,ILLINOIS,IL,LOGAN,CORN,175700.0,,178500.0,40253000.0,,229.1,
1734,2022,ILLINOIS,IL,MACON,CORN,139900.0,,142500.0,32527000.0,,232.5,
1735,2022,ILLINOIS,IL,MACOUPIN,CORN,163500.0,,166500.0,34204000.0,,209.2,
1736,2022,ILLINOIS,IL,MADISON,CORN,99600.0,,101500.0,20000000.0,,200.8,
1737,2022,ILLINOIS,IL,MARION,CORN,76700.0,,78200.0,14903000.0,,194.3,
1738,2022,ILLINOIS,IL,MARSHALL,CORN,89900.0,,91600.0,19931000.0,,221.7,
1739,2022,ILLINOIS,IL,MASON,CORN,112400.0,,114500.0,24717000.0,,219.9,
1740,2022,ILLINOIS,IL,MASSAC,CORN,23600.0,,24000.0,4031000.0,,170.8,
1741,2022,ILLINOIS,IL,MCDONOUGH,CORN,135500.0,,138000.0,29471000.0,,217.5,
1742,2022,ILLINOIS,IL,MCLEAN,CORN,305500.0,,312000.0,70981000.0,,232.3,
1743,2022,ILLINOIS,IL,MENARD,CORN,71300.0,,72600.0,16349000.0,,229.3,
1744,2022,ILLINOIS,IL,MERCER,CORN,134000.0,,136500.0,30364000.0,,226.6,
1745,2022,ILLINOIS,IL,MONROE,CORN,45500.0,,46300.0,7781000.0,,171.0,
1746,2022,ILLINOIS,IL,MONTGOMERY,CORN,154100.0,,157000.0,32947000.0,,213.8,
1747,2022,ILLINOIS,IL,MORGAN,CORN,125200.0,,127500.0,27306000.0,,218.1,
1748,2022,ILLINOIS,IL,MOULTRIE,CORN,84000.0,,85600.0,17682000.0,,210.5,
1749,2022,ILLINOIS,IL,OGLE,CORN,199000.0,,203000.0,46705000.0,,234.7,
1750,2022,ILLINOIS,IL,OTHER COUNTIES,CORN,530910.0,120000.0,541000.0,108156000.0,2760000.0,203.7,23.0
1751,2022,ILLINOIS,IL,PEORIA,CORN,99600.0,,101500.0,22360000.0,,224.5,
1752,2022,ILLINOIS,IL,PERRY,CORN,42000.0,,42700.0,6777000.0,,161.4,
1753,2022,ILLINOIS,IL,PIATT,CORN,121200.0,,123500.0,26676000.0,,220.1,
1754,2022,ILLINOIS,IL,PULASKI,CORN,13800.0,,14100.0,2426000.0,,175.8,
1755,2022,ILLINOIS,IL,PUTNAM,CORN,30700.0,,31300.0,6637000.0,,216.2,
1756,2022,ILLINOIS,IL,RANDOLPH,CORN,58100.0,,59100.0,9970000.0,,171.6,
1757,2022,ILLINOIS,IL,ROCK ISLAND,CORN,65500.0,,66700.0,14685000.0,,224.2,
1758,2022,ILLINOIS,IL,SALINE,CORN,42300.0,,43100.0,7644000.0,,180.7,
1759,2022,ILLINOIS,IL,SANGAMON,CORN,188900.0,,192000.0,43693000.0,,231.3,
1760,2022,ILLINOIS,IL,SCHUYLER,CORN,57900.0,,58900.0,11424000.0,,197.3,
1761,2022,ILLINOIS,IL,SCOTT,CORN,49600.0,,50500.0,10302000.0,,207.7,
1762,2022,ILLINOIS,IL,SHELBY,CORN,170300.0,,173500.0,36529000.0,,214.5,
1763,2022,ILLINOIS,IL,ST CLAIR,CORN,88300.0,,90000.0,16362000.0,,185.3,
1764,2022,ILLINOIS,IL,STARK,CORN,84700.0,,86200.0,20379000.0,,240.6,
1765,2022,ILLINOIS,IL,STEPHENSON,CORN,150800.0,,156500.0,31623000.0,,209.7,
1766,2022,ILLINOIS,IL,TAZEWELL,CORN,136900.0,,139500.0,31473000.0,,229.9,
1767,2022,ILLINOIS,IL,UNION,CORN,11000.0,,11200.0,1833000.0,,166.6,
1768,2022,ILLINOIS,IL,VERMILION,CORN,212500.0,,215500.0,46410000.0,,218.4,
1769,2022,ILLINOIS,IL,WABASH,CORN,47300.0,,48100.0,8599000.0,,181.8,
1770,2022,ILLINOIS,IL,WARREN,CORN,143800.0,,146500.0,30399000.0,,211.4,
1771,2022,ILLINOIS,IL,WASHINGTON,CORN,101600.0,,104500.0,18776000.0,,184.8,
1772,2022,ILLINOIS,IL,WAYNE,CORN,114500.0,,118500.0,21641000.0,,189.0,
1773,2022,ILLINOIS,IL,WHITE,CORN,82000.0,,83500.0,15596000.0,,190.2,
1774,2022,ILLINOIS,IL,WHITESIDE,CORN,207000.0,,211000.0,45499000.0,,219.8,
1775,2022,ILLINOIS,IL,WILL,CORN,87600.0,,89300.0,18203000.0,,207.8,
1776,2022,ILLINOIS,IL,WILLIAMSON,CORN,18700.0,,19100.0,3241000.0,,173.3,
1777,2022,ILLINOIS,IL,WINNEBAGO,CORN,84000.0,,85600.0,17346000.0,,206.5,
1778,2022,ILLINOIS,IL,WOODFORD,CORN,122700.0,,125000.0,28920000.0,,235.7,
1779,2022,INDIANA,IN,ADAMS,CORN,59700.0,,61300.0,11140000.0,,186.6,
1780,2022,INDIANA,IN,ALLEN,CORN,71600.0,,73300.0,13225000.0,,184.7,
1781,2022,INDIANA,IN,BARTHOLOMEW,CORN,50600.0,,51600.0,9371000.0,,185.2,
1782,2022,INDIANA,IN,BENTON,CORN,116800.0,,119500.0,24865000.0,,212.9,
1783,2022,INDIANA,IN,BLACKFORD,CORN,29400.0,,30100.0,5383000.0,,183.1,
1784,2022,INDIANA,IN,BOONE,CORN,81100.0,,83000.0,15831000.0,,195.2,
1785,2022,INDIANA,IN,CARROLL,CORN,87100.0,,89100.0,17734000.0,,203.6,
1786,2022,INDIANA,IN,CASS,CORN,91400.0,,93500.0,17759000.0,,194.3,
1787,2022,INDIANA,IN,CLARK,CORN,15600.0,,16000.0,2872000.0,,184.1,
1788,2022,INDIANA,IN,CLAY,CORN,51100.0,,52300.0,9878000.0,,193.3,
1789,2022,INDIANA,IN,CLINTON,CORN,104500.0,,106500.0,20931000.0,,200.3,
1790,2022,INDIANA,IN,DAVIESS,CORN,72000.0,,73200.0,14227000.0,,197.6,
1791,2022,INDIANA,IN,DE KALB,CORN,43200.0,,44800.0,8061000.0,,186.6,
1792,2022,INDIANA,IN,DEARBORN,CORN,6580.0,,6700.0,1057000.0,,160.6,
1793,2022,INDIANA,IN,DECATUR,CORN,74100.0,,75800.0,15442000.0,,208.4,
1794,2022,INDIANA,IN,DELAWARE,CORN,66400.0,,67900.0,12244000.0,,184.4,
1795,2022,INDIANA,IN,DUBOIS,CORN,50000.0,,51200.0,8990000.0,,179.8,
1796,2022,INDIANA,IN,ELKHART,CORN,40500.0,,47700.0,8116000.0,,200.4,
1797,2022,INDIANA,IN,FAYETTE,CORN,33600.0,,34400.0,6212000.0,,184.9,
1798,2022,INDIANA,IN,FOUNTAIN,CORN,83700.0,,85700.0,16029000.0,,191.5,
1799,2022,INDIANA,IN,FRANKLIN,CORN,34300.0,,35100.0,6370000.0,,185.7,
1800,2022,INDIANA,IN,GIBSON,CORN,90500.0,,91500.0,17847000.0,,197.2,
1801,2022,INDIANA,IN,GRANT,CORN,73900.0,,74600.0,13583000.0,,183.8,
1802,2022,INDIANA,IN,HAMILTON,CORN,47000.0,,47700.0,8155000.0,,173.5,
1803,2022,INDIANA,IN,HANCOCK,CORN,53500.0,,54700.0,9956000.0,,186.1,
1804,2022,INDIANA,IN,HARRISON,CORN,23200.0,,23700.0,4262000.0,,183.7,
1805,2022,INDIANA,IN,HENDRICKS,CORN,59600.0,,59900.0,12027000.0,,201.8,
1806,2022,INDIANA,IN,HENRY,CORN,67900.0,,69700.0,12575000.0,,185.2,
1807,2022,INDIANA,IN,HOWARD,CORN,63100.0,,63500.0,13359000.0,,211.7,
1808,2022,INDIANA,IN,HUNTINGTON,CORN,63600.0,,65100.0,11804000.0,,185.6,
1809,2022,INDIANA,IN,JACKSON,CORN,56500.0,,57700.0,10741000.0,,190.1,
1810,2022,INDIANA,IN,JASPER,CORN,135000.0,,142000.0,24800000.0,,183.7,
1811,2022,INDIANA,IN,JAY,CORN,75200.0,,76500.0,13912000.0,,185.0,
1812,2022,INDIANA,IN,JEFFERSON,CORN,15400.0,,16000.0,2834000.0,,184.0,
1813,2022,INDIANA,IN,JENNINGS,CORN,29800.0,,30300.0,5370000.0,,180.2,
1814,2022,INDIANA,IN,JOHNSON,CORN,34200.0,,34800.0,6221000.0,,181.9,
1815,2022,INDIANA,IN,KNOX,CORN,98400.0,,99400.0,19513000.0,,198.3,
1816,2022,INDIANA,IN,KOSCIUSKO,CORN,98000.0,,101000.0,18728000.0,,191.1,
1817,2022,INDIANA,IN,LA PORTE,CORN,106100.0,,108500.0,18154000.0,,171.1,
1818,2022,INDIANA,IN,LAGRANGE,CORN,40400.0,,42500.0,7224000.0,,178.8,
1819,2022,INDIANA,IN,LAKE,CORN,48300.0,,49200.0,8892000.0,,184.1,
1820,2022,INDIANA,IN,LAWRENCE,CORN,18600.0,,19000.0,3143000.0,,169.0,
1821,2022,INDIANA,IN,MADISON,CORN,82700.0,,83600.0,15903000.0,,192.3,
1822,2022,INDIANA,IN,MARSHALL,CORN,83700.0,,87700.0,16204000.0,,193.6,
1823,2022,INDIANA,IN,MARTIN,CORN,13800.0,,14200.0,2546000.0,,184.5,
1824,2022,INDIANA,IN,MIAMI,CORN,67800.0,,69400.0,12889000.0,,190.1,
1825,2022,INDIANA,IN,MONROE,CORN,5080.0,,5200.0,848000.0,,166.9,
1826,2022,INDIANA,IN,MORGAN,CORN,32600.0,,33400.0,6201000.0,,190.2,
1827,2022,INDIANA,IN,NEWTON,CORN,100100.0,,102500.0,20500000.0,,204.8,
1828,2022,INDIANA,IN,NOBLE,CORN,59500.0,,60900.0,11858000.0,,199.3,
1829,2022,INDIANA,IN,OTHER COUNTIES,CORN,418490.0,,428200.0,80727000.0,,192.9,
1830,2022,INDIANA,IN,OWEN,CORN,19900.0,,20400.0,3517000.0,,176.7,
1831,2022,INDIANA,IN,PARKE,CORN,56600.0,,57900.0,10380000.0,,183.4,
1832,2022,INDIANA,IN,PERRY,CORN,11900.0,,12500.0,2052000.0,,172.4,
1833,2022,INDIANA,IN,PIKE,CORN,28600.0,,29200.0,4768000.0,,166.7,
1834,2022,INDIANA,IN,PORTER,CORN,53500.0,,54500.0,10069000.0,,188.2,
1835,2022,INDIANA,IN,POSEY,CORN,76900.0,,78200.0,14872000.0,,193.4,
1836,2022,INDIANA,IN,PULASKI,CORN,91400.0,,93600.0,16260000.0,,177.9,
1837,2022,INDIANA,IN,PUTNAM,CORN,61200.0,,62600.0,12295000.0,,200.9,
1838,2022,INDIANA,IN,RANDOLPH,CORN,103000.0,,104500.0,18808000.0,,182.6,
1839,2022,INDIANA,IN,RIPLEY,CORN,38400.0,,39400.0,6409000.0,,166.9,
1840,2022,INDIANA,IN,RUSH,CORN,102500.0,,103500.0,20029000.0,,195.4,
1841,2022,INDIANA,IN,SCOTT,CORN,13300.0,,13600.0,2483000.0,,186.7,
1842,2022,INDIANA,IN,SHELBY,CORN,86900.0,,87700.0,17102000.0,,196.8,
1843,2022,INDIANA,IN,ST. JOSEPH,CORN,60600.0,,62000.0,10096000.0,,166.6,
1844,2022,INDIANA,IN,STARKE,CORN,46700.0,,47600.0,8453000.0,,181.0,
1845,2022,INDIANA,IN,STEUBEN,CORN,39700.0,,40600.0,7071000.0,,178.1,
1846,2022,INDIANA,IN,SULLIVAN,CORN,57800.0,,58600.0,10751000.0,,186.0,
1847,2022,INDIANA,IN,SWITZERLAND,CORN,6250.0,,6400.0,1120000.0,,179.2,
1848,2022,INDIANA,IN,TIPPECANOE,CORN,87500.0,,89600.0,16503000.0,,188.6,
1849,2022,INDIANA,IN,TIPTON,CORN,66700.0,,68200.0,13674000.0,,205.0,
1850,2022,INDIANA,IN,UNION,CORN,30100.0,,31100.0,5891000.0,,195.7,
1851,2022,INDIANA,IN,VANDERBURGH,CORN,25500.0,,25900.0,4871000.0,,191.0,
1852,2022,INDIANA,IN,VERMILLION,CORN,43300.0,,44300.0,8647000.0,,199.7,
1853,2022,INDIANA,IN,VIGO,CORN,41100.0,,42000.0,7645000.0,,186.0,
1854,2022,INDIANA,IN,WABASH,CORN,73800.0,,75400.0,14369000.0,,194.7,
1855,2022,INDIANA,IN,WARRICK,CORN,31900.0,,32600.0,5713000.0,,179.1,
1856,2022,INDIANA,IN,WASHINGTON,CORN,38300.0,,38800.0,6894000.0,,180.0,
1857,2022,INDIANA,IN,WAYNE,CORN,57900.0,,59300.0,10497000.0,,181.3,
1858,2022,INDIANA,IN,WELLS,CORN,76500.0,,78300.0,14566000.0,,190.4,
1859,2022,INDIANA,IN,WHITE,CORN,120700.0,,123000.0,21871000.0,,181.2,
1860,2022,INDIANA,IN,WHITLEY,CORN,56300.0,,57600.0,10511000.0,,186.7,
1861,2022,IOWA,IA,ADAIR,CORN,105100.0,,110500.0,17257000.0,,164.2,
1862,2022,IOWA,IA,ALLAMAKEE,CORN,76200.0,14200.0,90900.0,16452000.0,320000.0,215.9,22.5
1863,2022,IOWA,IA,APPANOOSE,CORN,28300.0,1350.0,30000.0,4135000.0,23600.0,146.1,17.5
1864,2022,IOWA,IA,AUDUBON,CORN,107100.0,,110500.0,21195000.0,,197.9,
1865,2022,IOWA,IA,BENTON,CORN,180400.0,6830.0,188000.0,39995000.0,174000.0,221.7,25.5
1866,2022,IOWA,IA,BLACK HAWK,CORN,131900.0,,134000.0,26700000.0,,202.4,
1867,2022,IOWA,IA,BOONE,CORN,150900.0,,152500.0,30542000.0,,202.4,
1868,2022,IOWA,IA,BREMER,CORN,110900.0,3160.0,114500.0,23378000.0,76000.0,210.8,24.0
1869,2022,IOWA,IA,BUCHANAN,CORN,166800.0,3060.0,170500.0,34978000.0,67000.0,209.7,22.0
1870,2022,IOWA,IA,BUENA VISTA,CORN,158500.0,,162000.0,31210000.0,,196.9,
1871,2022,IOWA,IA,BUTLER,CORN,157500.0,3740.0,162000.0,33453000.0,80000.0,212.4,21.5
1872,2022,IOWA,IA,CALHOUN,CORN,173300.0,,175500.0,35059000.0,,202.3,
1873,2022,IOWA,IA,CARROLL,CORN,173200.0,,176000.0,33895000.0,,195.7,
1874,2022,IOWA,IA,CASS,CORN,123000.0,,127500.0,22042000.0,,179.2,
1875,2022,IOWA,IA,CEDAR,CORN,147300.0,,149500.0,32612000.0,,221.4,
1876,2022,IOWA,IA,CERRO GORDO,CORN,160200.0,,163500.0,34747000.0,,216.9,
1877,2022,IOWA,IA,CHEROKEE,CORN,135000.0,,147500.0,26830000.0,,198.7,
1878,2022,IOWA,IA,CHICKASAW,CORN,139400.0,,146000.0,29915000.0,,214.6,
1879,2022,IOWA,IA,CLARKE,CORN,,2760.0,,,51000.0,,18.5
1880,2022,IOWA,IA,CLAY,CORN,137600.0,10300.0,149000.0,26341000.0,185000.0,191.4,18.0
1881,2022,IOWA,IA,CLAYTON,CORN,128400.0,7460.0,136500.0,27657000.0,198000.0,215.4,26.5
1882,2022,IOWA,IA,CLINTON,CORN,180000.0,,184000.0,40536000.0,,225.2,
1883,2022,IOWA,IA,CRAWFORD,CORN,198300.0,,202500.0,42912000.0,,216.4,
1884,2022,IOWA,IA,DALLAS,CORN,128200.0,,130000.0,23999000.0,,187.2,
1885,2022,IOWA,IA,DAVIS,CORN,39800.0,3210.0,43600.0,6165000.0,59000.0,154.9,18.5
1886,2022,IOWA,IA,DECATUR,CORN,30400.0,,32300.0,4520000.0,,148.7,
1887,2022,IOWA,IA,DELAWARE,CORN,161400.0,15700.0,178000.0,37251000.0,267000.0,230.8,17.0
1888,2022,IOWA,IA,DES MOINES,CORN,68700.0,920.0,69900.0,13383000.0,17900.0,194.8,19.5
1889,2022,IOWA,IA,DICKINSON,CORN,91200.0,,94100.0,18550000.0,,203.4,
1890,2022,IOWA,IA,DUBUQUE,CORN,133700.0,10700.0,145000.0,29909000.0,246000.0,223.7,23.0
1891,2022,IOWA,IA,EMMET,CORN,108700.0,,110500.0,23219000.0,,213.6,
1892,2022,IOWA,IA,FAYETTE,CORN,176800.0,6430.0,184000.0,37093000.0,154000.0,209.8,24.0
1893,2022,IOWA,IA,FLOYD,CORN,137300.0,2610.0,140500.0,28092000.0,61000.0,204.6,23.5
1894,2022,IOWA,IA,FRANKLIN,CORN,186100.0,,188500.0,40961000.0,,220.1,
1895,2022,IOWA,IA,FREMONT,CORN,111100.0,,113000.0,21287000.0,,191.6,
1896,2022,IOWA,IA,GREENE,CORN,161000.0,,165000.0,31765000.0,,197.3,
1897,2022,IOWA,IA,GRUNDY,CORN,153800.0,,155500.0,31914000.0,,207.5,
1898,2022,IOWA,IA,GUTHRIE,CORN,103900.0,,106500.0,20115000.0,,193.6,
1899,2022,IOWA,IA,HAMILTON,CORN,179100.0,,181000.0,37360000.0,,208.6,
1900,2022,IOWA,IA,HANCOCK,CORN,168400.0,,170500.0,35617000.0,,211.5,
1901,2022,IOWA,IA,HARDIN,CORN,172200.0,,174000.0,37126000.0,,215.6,
1902,2022,IOWA,IA,HARRISON,CORN,172200.0,,176000.0,29687000.0,,172.4,
1903,2022,IOWA,IA,HENRY,CORN,77100.0,,78300.0,12930000.0,,167.7,
1904,2022,IOWA,IA,HOWARD,CORN,129200.0,4710.0,134500.0,28065000.0,113000.0,217.2,24.0
1905,2022,IOWA,IA,HUMBOLDT,CORN,126300.0,,128000.0,24692000.0,,195.5,
1906,2022,IOWA,IA,IDA,CORN,118400.0,3000.0,122500.0,26190000.0,62000.0,221.2,20.5
1907,2022,IOWA,IA,IOWA,CORN,119000.0,2370.0,122000.0,24502000.0,46200.0,205.9,19.5
1908,2022,IOWA,IA,JACKSON,CORN,111100.0,,114500.0,24353000.0,,219.2,
1909,2022,IOWA,IA,JASPER,CORN,169900.0,,173000.0,34592000.0,,203.6,
1910,2022,IOWA,IA,JEFFERSON,CORN,65500.0,,69800.0,11659000.0,,178.0,
1911,2022,IOWA,IA,JOHNSON,CORN,98000.0,1510.0,99900.0,20110000.0,31000.0,205.2,20.5
1912,2022,IOWA,IA,JONES,CORN,144600.0,3280.0,148500.0,31552000.0,71000.0,218.2,21.5
1913,2022,IOWA,IA,KEOKUK,CORN,114600.0,2350.0,118500.0,19528000.0,44700.0,170.4,19.0
1914,2022,IOWA,IA,KOSSUTH,CORN,287500.0,,292000.0,56569000.0,,196.8,
1915,2022,IOWA,IA,LEE,CORN,70900.0,1360.0,72600.0,12634000.0,25200.0,178.2,18.5
1916,2022,IOWA,IA,LINN,CORN,137400.0,,143000.0,29541000.0,,215.0,
1917,2022,IOWA,IA,LOUISA,CORN,77000.0,,78000.0,15115000.0,,196.3,
1918,2022,IOWA,IA,LUCAS,CORN,29400.0,,31600.0,4101000.0,,139.5,
1919,2022,IOWA,IA,LYON,CORN,148500.0,20200.0,182500.0,28334000.0,475000.0,190.8,23.5
1920,2022,IOWA,IA,MADISON,CORN,68000.0,,69300.0,11349000.0,,166.9,
1921,2022,IOWA,IA,MAHASKA,CORN,124700.0,,127500.0,23232000.0,,186.3,
1922,2022,IOWA,IA,MARION,CORN,73200.0,,74800.0,12825000.0,,175.2,
1923,2022,IOWA,IA,MARSHALL,CORN,139900.0,8920.0,149500.0,29953000.0,210000.0,214.1,23.5
1924,2022,IOWA,IA,MILLS,CORN,95000.0,,95900.0,18155000.0,,191.1,
1925,2022,IOWA,IA,MITCHELL,CORN,139700.0,7630.0,148000.0,30441000.0,168000.0,217.9,22.0
1926,2022,IOWA,IA,MONONA,CORN,163900.0,,167000.0,27634000.0,,168.6,
1927,2022,IOWA,IA,MONROE,CORN,22600.0,470.0,23500.0,3286000.0,8000.0,145.4,17.0
1928,2022,IOWA,IA,MONTGOMERY,CORN,90600.0,,92000.0,17015000.0,,187.8,
1929,2022,IOWA,IA,MUSCATINE,CORN,87200.0,1410.0,89000.0,18582000.0,35000.0,213.1,25.0
1930,2022,IOWA,IA,O BRIEN,CORN,150600.0,12700.0,167000.0,30288000.0,292000.0,201.1,23.0
1931,2022,IOWA,IA,OSCEOLA,CORN,110300.0,,119000.0,21785000.0,,197.5,
1932,2022,IOWA,IA,OTHER COUNTIES,CORN,94500.0,135070.0,100400.0,14192000.0,2843200.0,150.2,21.0
1933,2022,IOWA,IA,PAGE,CORN,113600.0,,115500.0,19823000.0,,174.5,
1934,2022,IOWA,IA,PALO ALTO,CORN,162100.0,2780.0,166500.0,31740000.0,58000.0,195.8,21.0
1935,2022,IOWA,IA,PLYMOUTH,CORN,200500.0,,232000.0,34446000.0,,171.8,
1936,2022,IOWA,IA,POCAHONTAS,CORN,172000.0,,175000.0,34092000.0,,198.2,
1937,2022,IOWA,IA,POLK,CORN,71000.0,,71700.0,13391000.0,,188.6,
1938,2022,IOWA,IA,POTTAWATTAMIE,CORN,232000.0,,235500.0,45240000.0,,195.0,
1939,2022,IOWA,IA,POWESHIEK,CORN,136800.0,,139500.0,26443000.0,,193.3,
1940,2022,IOWA,IA,RINGGOLD,CORN,52000.0,,53000.0,7894000.0,,151.8,
1941,2022,IOWA,IA,SAC,CORN,158300.0,,164500.0,33623000.0,,212.4,
1942,2022,IOWA,IA,SCOTT,CORN,101900.0,,104500.0,22031000.0,,216.2,
1943,2022,IOWA,IA,SHELBY,CORN,164200.0,,167000.0,34318000.0,,209.0,
1944,2022,IOWA,IA,SIOUX,CORN,154300.0,55600.0,246000.0,30335000.0,1048000.0,196.6,19.0
1945,2022,IOWA,IA,STORY,CORN,156100.0,,158000.0,32328000.0,,207.1,
1946,2022,IOWA,IA,TAMA,CORN,167600.0,,170500.0,34073000.0,,203.3,
1947,2022,IOWA,IA,TAYLOR,CORN,79400.0,,80900.0,13665000.0,,172.1,
1948,2022,IOWA,IA,UNION,CORN,52300.0,1200.0,54500.0,7814000.0,23400.0,149.4,19.5
1949,2022,IOWA,IA,VAN BUREN,CORN,51300.0,2180.0,54200.0,7792000.0,36000.0,151.9,16.5
1950,2022,IOWA,IA,WAPELLO,CORN,54200.0,670.0,55500.0,9257000.0,12400.0,170.8,18.5
1951,2022,IOWA,IA,WARREN,CORN,59200.0,,60800.0,9342000.0,,157.8,
1952,2022,IOWA,IA,WASHINGTON,CORN,112300.0,1460.0,114500.0,20854000.0,31400.0,185.7,21.5
1953,2022,IOWA,IA,WAYNE,CORN,54300.0,,55500.0,9236000.0,,170.1,
1954,2022,IOWA,IA,WEBSTER,CORN,192400.0,,195000.0,38769000.0,,201.5,
1955,2022,IOWA,IA,WINNEBAGO,CORN,113400.0,,115000.0,24666000.0,,217.5,
1956,2022,IOWA,IA,WINNESHIEK,CORN,140600.0,15800.0,157500.0,29863000.0,332000.0,212.4,21.0
1957,2022,IOWA,IA,WOODBURY,CORN,178200.0,12900.0,199000.0,35676000.0,245000.0,200.2,19.0
1958,2022,IOWA,IA,WORTH,CORN,110600.0,,112000.0,24267000.0,,219.4,
1959,2022,IOWA,IA,WRIGHT,CORN,171500.0,,173500.0,35964000.0,,209.7,
1960,2022,KANSAS,KS,ALLEN,CORN,30800.0,,31700.0,2039000.0,,66.2,
1961,2022,KANSAS,KS,ANDERSON,CORN,39400.0,,40600.0,2971000.0,,75.4,
1962,2022,KANSAS,KS,ATCHISON,CORN,62900.0,,64200.0,9146000.0,,145.4,
1963,2022,KANSAS,KS,BARBER,CORN,3350.0,,4500.0,599000.0,,178.8,
1964,2022,KANSAS,KS,BARTON,CORN,24900.0,,29500.0,3250000.0,,130.5,
1965,2022,KANSAS,KS,BOURBON,CORN,10900.0,,12400.0,957000.0,,87.8,
1966,2022,KANSAS,KS,BROWN,CORN,119200.0,,122000.0,23456000.0,,196.8,
1967,2022,KANSAS,KS,BUTLER,CORN,58400.0,,69500.0,4111000.0,,70.4,
1968,2022,KANSAS,KS,CHASE,CORN,5110.0,,7600.0,548000.0,,107.2,
1969,2022,KANSAS,KS,CHAUTAUQUA,CORN,2690.0,,3100.0,78800.0,,29.3,
1970,2022,KANSAS,KS,CHEROKEE,CORN,50300.0,,55900.0,1901000.0,,37.8,
1971,2022,KANSAS,KS,CHEYENNE,CORN,60700.0,,78800.0,6619000.0,,109.0,
1972,2022,KANSAS,KS,CLAY,CORN,50900.0,,52100.0,7752000.0,,152.3,
1973,2022,KANSAS,KS,CLOUD,CORN,54600.0,,56300.0,6317000.0,,115.7,
1974,2022,KANSAS,KS,COFFEY,CORN,27500.0,,28400.0,2283000.0,,83.0,
1975,2022,KANSAS,KS,COWLEY,CORN,23300.0,,26500.0,1298000.0,,55.7,
1976,2022,KANSAS,KS,DICKINSON,CORN,15800.0,,21700.0,1815000.0,,114.9,
1977,2022,KANSAS,KS,DONIPHAN,CORN,86600.0,,88300.0,16915000.0,,195.3,
1978,2022,KANSAS,KS,DOUGLAS,CORN,23200.0,,24500.0,2578000.0,,111.1,
1979,2022,KANSAS,KS,EDWARDS,CORN,66200.0,,73900.0,9745000.0,,147.2,
1980,2022,KANSAS,KS,ELK,CORN,4510.0,,4600.0,369000.0,,81.8,
1981,2022,KANSAS,KS,ELLIS,CORN,3050.0,,8900.0,224000.0,,73.4,
1982,2022,KANSAS,KS,FINNEY,CORN,92200.0,,121000.0,13609000.0,,147.6,
1983,2022,KANSAS,KS,FORD,CORN,34900.0,,44600.0,6282000.0,,180.0,
1984,2022,KANSAS,KS,GEARY,CORN,12000.0,,12300.0,1804000.0,,150.3,
1985,2022,KANSAS,KS,GOVE,CORN,50900.0,,110000.0,2957000.0,,58.1,
1986,2022,KANSAS,KS,GRAHAM,CORN,46300.0,,62900.0,2440000.0,,52.7,
1987,2022,KANSAS,KS,GRANT,CORN,35200.0,,54600.0,8029000.0,,228.1,
1988,2022,KANSAS,KS,GRAY,CORN,63700.0,,81400.0,12543000.0,,196.9,
1989,2022,KANSAS,KS,GREELEY,CORN,35600.0,,43600.0,1812000.0,,50.9,
1990,2022,KANSAS,KS,GREENWOOD,CORN,6950.0,,8100.0,434000.0,,62.4,
1991,2022,KANSAS,KS,HAMILTON,CORN,17800.0,,29400.0,1347000.0,,75.7,
1992,2022,KANSAS,KS,HARVEY,CORN,66100.0,,70600.0,7205000.0,,109.0,
1993,2022,KANSAS,KS,HASKELL,CORN,67500.0,,86600.0,10704000.0,,158.6,
1994,2022,KANSAS,KS,JEFFERSON,CORN,45400.0,,46600.0,5966000.0,,131.4,
1995,2022,KANSAS,KS,JOHNSON,CORN,8690.0,,9200.0,867000.0,,99.8,
1996,2022,KANSAS,KS,KINGMAN,CORN,5840.0,,10800.0,758000.0,,129.8,
1997,2022,KANSAS,KS,KIOWA,CORN,26400.0,,28000.0,3905000.0,,147.9,
1998,2022,KANSAS,KS,LABETTE,CORN,25000.0,,38000.0,693000.0,,27.7,
1999,2022,KANSAS,KS,LANE,CORN,8070.0,,34900.0,568000.0,,70.4,
2000,2022,KANSAS,KS,LEAVENWORTH,CORN,20000.0,,21000.0,2584000.0,,129.2,
2001,2022,KANSAS,KS,LINN,CORN,14400.0,,19600.0,1241000.0,,86.2,
2002,2022,KANSAS,KS,LYON,CORN,20000.0,,23800.0,1306000.0,,65.3,
2003,2022,KANSAS,KS,MARION,CORN,61800.0,,67500.0,4481000.0,,72.5,
2004,2022,KANSAS,KS,MARSHALL,CORN,139800.0,,143500.0,21501000.0,,153.8,
2005,2022,KANSAS,KS,MEADE,CORN,68800.0,,76700.0,13684000.0,,198.9,
2006,2022,KANSAS,KS,MIAMI,CORN,14800.0,,16400.0,1379000.0,,93.2,
2007,2022,KANSAS,KS,MITCHELL,CORN,27900.0,,34000.0,2366000.0,,84.8,
2008,2022,KANSAS,KS,MORRIS,CORN,16400.0,,20600.0,1638000.0,,99.9,
2009,2022,KANSAS,KS,MORTON,CORN,23400.0,,25300.0,3681000.0,,157.3,
2010,2022,KANSAS,KS,NEOSHO,CORN,28900.0,,29800.0,1468000.0,,50.8,
2011,2022,KANSAS,KS,NESS,CORN,7690.0,,23400.0,424000.0,,55.1,
2012,2022,KANSAS,KS,NORTON,CORN,71700.0,,111500.0,3607000.0,,50.3,
2013,2022,KANSAS,KS,OSAGE,CORN,26200.0,,27200.0,2141000.0,,81.7,
2014,2022,KANSAS,KS,OSBORNE,CORN,31500.0,,33800.0,2378000.0,,75.5,
2015,2022,KANSAS,KS,OTHER COUNTIES,CORN,1027810.0,420000.0,1383100.0,104766200.0,4620000.0,101.9,11.0
2016,2022,KANSAS,KS,PAWNEE,CORN,50900.0,,56300.0,6363000.0,,125.0,
2017,2022,KANSAS,KS,PHILLIPS,CORN,69300.0,,75600.0,4179000.0,,60.3,
2018,2022,KANSAS,KS,PRATT,CORN,48300.0,,60600.0,8462000.0,,175.2,
2019,2022,KANSAS,KS,RAWLINS,CORN,50000.0,,110000.0,1705000.0,,34.1,
2020,2022,KANSAS,KS,RENO,CORN,41900.0,,48800.0,6084000.0,,145.2,
2021,2022,KANSAS,KS,REPUBLIC,CORN,121700.0,,124000.0,19265000.0,,158.3,
2022,2022,KANSAS,KS,RICE,CORN,32900.0,,35500.0,3862000.0,,117.4,
2023,2022,KANSAS,KS,RILEY,CORN,24200.0,,25300.0,3601000.0,,148.8,
2024,2022,KANSAS,KS,ROOKS,CORN,29100.0,,32300.0,1225000.0,,42.1,
2025,2022,KANSAS,KS,SALINE,CORN,8640.0,,9700.0,896000.0,,103.7,
2026,2022,KANSAS,KS,SCOTT,CORN,45600.0,,84900.0,1933000.0,,42.4,
2027,2022,KANSAS,KS,SEDGWICK,CORN,49300.0,,51600.0,6764000.0,,137.2,
2028,2022,KANSAS,KS,SEWARD,CORN,56500.0,,69300.0,11927000.0,,211.1,
2029,2022,KANSAS,KS,SHAWNEE,CORN,32500.0,,33100.0,3864000.0,,118.9,
2030,2022,KANSAS,KS,SHERMAN,CORN,125900.0,,192500.0,12628000.0,,100.3,
2031,2022,KANSAS,KS,SMITH,CORN,93000.0,,94800.0,9095000.0,,97.8,
2032,2022,KANSAS,KS,STEVENS,CORN,106100.0,,111500.0,17729000.0,,167.1,
2033,2022,KANSAS,KS,SUMNER,CORN,36900.0,,40300.0,1827000.0,,49.5,
2034,2022,KANSAS,KS,WABAUNSEE,CORN,21300.0,,23900.0,2552000.0,,119.8,
2035,2022,KANSAS,KS,WALLACE,CORN,78500.0,,99500.0,6005000.0,,76.5,
2036,2022,KANSAS,KS,WASHINGTON,CORN,107100.0,,111500.0,16011000.0,,149.5,
2037,2022,KANSAS,KS,WICHITA,CORN,74900.0,,91400.0,5288000.0,,70.6,
2038,2022,KANSAS,KS,WILSON,CORN,41600.0,,42400.0,2533000.0,,60.9,
2039,2022,KANSAS,KS,WOODSON,CORN,19900.0,,20400.0,1262000.0,,63.4,
2040,2022,KENTUCKY,KY,ADAIR,CORN,8200.0,,11700.0,1450000.0,,176.8,
2041,2022,KENTUCKY,KY,ALLEN,CORN,10200.0,,11400.0,1480000.0,,145.1,
2042,2022,KENTUCKY,KY,BALLARD,CORN,25500.0,,27500.0,4315000.0,,169.2,
2043,2022,KENTUCKY,KY,BARREN,CORN,20000.0,,29000.0,2575000.0,,128.8,
2044,2022,KENTUCKY,KY,BOYLE,CORN,4700.0,,5200.0,935000.0,,198.9,
2045,2022,KENTUCKY,KY,BRACKEN,CORN,770.0,,900.0,108600.0,,141.0,
2046,2022,KENTUCKY,KY,BREATHITT,CORN,160.0,,200.0,18400.0,,115.0,
2047,2022,KENTUCKY,KY,BRECKINRIDGE,CORN,22500.0,,23500.0,3295000.0,,146.4,
2048,2022,KENTUCKY,KY,BUTLER,CORN,19000.0,,19800.0,3470000.0,,182.6,
2049,2022,KENTUCKY,KY,CALDWELL,CORN,24000.0,,25500.0,2885000.0,,120.2,
2050,2022,KENTUCKY,KY,CALLOWAY,CORN,34500.0,,35500.0,3325000.0,,96.4,
2051,2022,KENTUCKY,KY,CAMPBELL,CORN,180.0,,300.0,25300.0,,140.6,
2052,2022,KENTUCKY,KY,CARLISLE,CORN,22500.0,,23500.0,3420000.0,,152.0,
2053,2022,KENTUCKY,KY,CARROLL,CORN,1500.0,,1600.0,237000.0,,158.0,
2054,2022,KENTUCKY,KY,CASEY,CORN,7800.0,,10400.0,1280000.0,,164.1,
2055,2022,KENTUCKY,KY,CHRISTIAN,CORN,72000.0,,75500.0,9340000.0,,129.7,
2056,2022,KENTUCKY,KY,CLARK,CORN,3500.0,,3700.0,627000.0,,179.1,
2057,2022,KENTUCKY,KY,CLINTON,CORN,1700.0,,1900.0,275000.0,,161.8,
2058,2022,KENTUCKY,KY,CRITTENDEN,CORN,19000.0,,19700.0,3350000.0,,176.3,
2059,2022,KENTUCKY,KY,CUMBERLAND,CORN,2350.0,,2500.0,382000.0,,162.6,
2060,2022,KENTUCKY,KY,DAVIESS,CORN,60000.0,,61500.0,10600000.0,,176.7,
2061,2022,KENTUCKY,KY,EDMONSON,CORN,5900.0,,6400.0,914000.0,,154.9,
2062,2022,KENTUCKY,KY,ESTILL,CORN,350.0,,500.0,52400.0,,149.7,
2063,2022,KENTUCKY,KY,FLEMING,CORN,3700.0,,4000.0,594000.0,,160.5,
2064,2022,KENTUCKY,KY,FULTON,CORN,18500.0,,19500.0,2230000.0,,120.5,
2065,2022,KENTUCKY,KY,GARRARD,CORN,1900.0,,2400.0,296000.0,,155.8,
2066,2022,KENTUCKY,KY,GRAVES,CORN,64000.0,,66500.0,7735000.0,,120.9,
2067,2022,KENTUCKY,KY,GRAYSON,CORN,13000.0,,13600.0,2130000.0,,163.8,
2068,2022,KENTUCKY,KY,GREEN,CORN,10200.0,,10700.0,1520000.0,,149.0,
2069,2022,KENTUCKY,KY,GREENUP,CORN,800.0,,900.0,112700.0,,140.9,
2070,2022,KENTUCKY,KY,HARDIN,CORN,31000.0,,32500.0,4785000.0,,154.4,
2071,2022,KENTUCKY,KY,HARRISON,CORN,2600.0,,4600.0,419000.0,,161.2,
2072,2022,KENTUCKY,KY,HART,CORN,8100.0,,9500.0,1040000.0,,128.4,
2073,2022,KENTUCKY,KY,HENDERSON,CORN,69500.0,,70500.0,12670000.0,,182.3,
2074,2022,KENTUCKY,KY,HICKMAN,CORN,36000.0,,37500.0,4465000.0,,124.0,
2075,2022,KENTUCKY,KY,JACKSON,CORN,150.0,,200.0,18600.0,,124.0,
2076,2022,KENTUCKY,KY,JOHNSON,CORN,100.0,,100.0,9600.0,,96.0,
2077,2022,KENTUCKY,KY,KENTON,CORN,350.0,,400.0,54000.0,,154.3,
2078,2022,KENTUCKY,KY,KNOX,CORN,190.0,,200.0,27600.0,,145.3,
2079,2022,KENTUCKY,KY,LARUE,CORN,21400.0,,22500.0,3560000.0,,166.4,
2080,2022,KENTUCKY,KY,LAUREL,CORN,270.0,,300.0,30600.0,,113.3,
2081,2022,KENTUCKY,KY,LINCOLN,CORN,7800.0,,10300.0,1370000.0,,175.6,
2082,2022,KENTUCKY,KY,LIVINGSTON,CORN,19000.0,,20000.0,2615000.0,,137.6,
2083,2022,KENTUCKY,KY,LOGAN,CORN,65000.0,,67500.0,9250000.0,,142.3,
2084,2022,KENTUCKY,KY,MADISON,CORN,1700.0,,2100.0,245000.0,,144.1,
2085,2022,KENTUCKY,KY,MARION,CORN,14300.0,,15400.0,2080000.0,,145.5,
2086,2022,KENTUCKY,KY,MASON,CORN,6400.0,,7500.0,1110000.0,,173.4,
2087,2022,KENTUCKY,KY,MCLEAN,CORN,41000.0,,42000.0,7600000.0,,185.4,
2088,2022,KENTUCKY,KY,MEADE,CORN,16000.0,,16700.0,2620000.0,,163.8,
2089,2022,KENTUCKY,KY,MENIFEE,CORN,170.0,,200.0,22300.0,,131.2,
2090,2022,KENTUCKY,KY,MERCER,CORN,5600.0,,6000.0,1030000.0,,183.9,
2091,2022,KENTUCKY,KY,METCALFE,CORN,4000.0,,7800.0,585000.0,,146.3,
2092,2022,KENTUCKY,KY,MONROE,CORN,9200.0,,11600.0,1485000.0,,161.4,
2093,2022,KENTUCKY,KY,MONTGOMERY,CORN,950.0,,1200.0,132900.0,,139.9,
2094,2022,KENTUCKY,KY,MORGAN,CORN,230.0,,300.0,30500.0,,132.6,
2095,2022,KENTUCKY,KY,MUHLENBERG,CORN,14700.0,,16200.0,2540000.0,,172.8,
2096,2022,KENTUCKY,KY,NICHOLAS,CORN,1300.0,,1500.0,195000.0,,150.0,
2097,2022,KENTUCKY,KY,OHIO,CORN,28500.0,,29500.0,5650000.0,,198.2,
2098,2022,KENTUCKY,KY,OTHER COUNTIES,CORN,126620.0,70000.0,136900.0,19978600.0,1260000.0,157.8,18.0
2099,2022,KENTUCKY,KY,OWEN,CORN,350.0,,900.0,56500.0,,161.4,
2100,2022,KENTUCKY,KY,OWSLEY,CORN,150.0,,200.0,21000.0,,140.0,
2101,2022,KENTUCKY,KY,PENDLETON,CORN,1000.0,,1200.0,169200.0,,169.2,
2102,2022,KENTUCKY,KY,PULASKI,CORN,8500.0,,9500.0,1475000.0,,173.5,
2103,2022,KENTUCKY,KY,ROCKCASTLE,CORN,2350.0,,2500.0,342000.0,,145.5,
2104,2022,KENTUCKY,KY,ROWAN,CORN,380.0,,400.0,57500.0,,151.3,
2105,2022,KENTUCKY,KY,RUSSELL,CORN,4400.0,,5200.0,788000.0,,179.1,
2106,2022,KENTUCKY,KY,SCOTT,CORN,2650.0,,2800.0,491000.0,,185.3,
2107,2022,KENTUCKY,KY,SHELBY,CORN,20000.0,,21000.0,3865000.0,,193.3,
2108,2022,KENTUCKY,KY,SIMPSON,CORN,40000.0,,41000.0,5525000.0,,138.1,
2109,2022,KENTUCKY,KY,SPENCER,CORN,4700.0,,5000.0,805000.0,,171.3,
2110,2022,KENTUCKY,KY,TAYLOR,CORN,12100.0,,13000.0,1975000.0,,163.2,
2111,2022,KENTUCKY,KY,TODD,CORN,49000.0,,51000.0,6810000.0,,139.0,
2112,2022,KENTUCKY,KY,TRIGG,CORN,22500.0,,24000.0,2560000.0,,113.8,
2113,2022,KENTUCKY,KY,TRIMBLE,CORN,1700.0,,1800.0,275000.0,,161.8,
2114,2022,KENTUCKY,KY,UNION,CORN,70000.0,,71000.0,13850000.0,,197.9,
2115,2022,KENTUCKY,KY,WARREN,CORN,31500.0,,33500.0,5065000.0,,160.8,
2116,2022,KENTUCKY,KY,WAYNE,CORN,5700.0,,6000.0,1080000.0,,189.5,
2117,2022,KENTUCKY,KY,WEBSTER,CORN,40000.0,,41000.0,7260000.0,,181.5,
2118,2022,KENTUCKY,KY,WHITLEY,CORN,380.0,,400.0,59700.0,,157.1,
2119,2022,KENTUCKY,KY,WOODFORD,CORN,2100.0,,2300.0,354000.0,,168.6,
2120,2022,LOUISIANA,LA,AVOYELLES,CORN,15400.0,,16300.0,2758000.0,,179.1,
2121,2022,LOUISIANA,LA,BEAUREGARD,CORN,880.0,,900.0,112500.0,,127.8,
2122,2022,LOUISIANA,LA,CADDO,CORN,11700.0,,12000.0,1637000.0,,139.9,
2123,2022,LOUISIANA,LA,CATAHOULA,CORN,25400.0,,26200.0,4509000.0,,177.5,
2124,2022,LOUISIANA,LA,CONCORDIA,CORN,13300.0,,14000.0,2557000.0,,192.3,
2125,2022,LOUISIANA,LA,EAST CARROLL,CORN,23100.0,,23900.0,3839000.0,,166.2,
2126,2022,LOUISIANA,LA,FRANKLIN,CORN,67300.0,,69300.0,11625000.0,,172.7,
2127,2022,LOUISIANA,LA,GRANT,CORN,2140.0,,2200.0,297000.0,,138.8,
2128,2022,LOUISIANA,LA,MADISON,CORN,41800.0,,43000.0,6705000.0,,160.4,
2129,2022,LOUISIANA,LA,MOREHOUSE,CORN,54400.0,,55600.0,10265000.0,,188.7,
2130,2022,LOUISIANA,LA,NATCHITOCHES,CORN,15200.0,,15600.0,1926000.0,,126.7,
2131,2022,LOUISIANA,LA,OTHER COUNTIES,CORN,14620.0,3000.0,15900.0,2096500.0,45000.0,143.4,15.0
2132,2022,LOUISIANA,LA,OUACHITA,CORN,6650.0,,7000.0,1111000.0,,167.1,
2133,2022,LOUISIANA,LA,POINTE COUPEE,CORN,4390.0,,4500.0,787000.0,,179.3,
2134,2022,LOUISIANA,LA,RAPIDES,CORN,4250.0,,4500.0,699000.0,,164.5,
2135,2022,LOUISIANA,LA,RED RIVER,CORN,4190.0,,4300.0,541000.0,,129.1,
2136,2022,LOUISIANA,LA,RICHLAND,CORN,47700.0,,49100.0,8901000.0,,186.6,
2137,2022,LOUISIANA,LA,SAINT LANDRY,CORN,8430.0,,8700.0,1413000.0,,167.6,
2138,2022,LOUISIANA,LA,TENSAS,CORN,39200.0,,40000.0,6390000.0,,163.0,
2139,2022,LOUISIANA,LA,WASHINGTON,CORN,3150.0,,3700.0,435000.0,,138.1,
2140,2022,LOUISIANA,LA,WEST CARROLL,CORN,31800.0,,33300.0,5346000.0,,168.1,
2141,2022,MARYLAND,MD,ANNE ARUNDEL,CORN,3540.0,,3600.0,577000.0,,163.0,
2142,2022,MARYLAND,MD,BALTIMORE,CORN,14100.0,,15700.0,2472000.0,,175.3,
2143,2022,MARYLAND,MD,CALVERT,CORN,2400.0,,2600.0,370000.0,,154.2,
2144,2022,MARYLAND,MD,CAROLINE,CORN,34100.0,,38300.0,5943000.0,,174.3,
2145,2022,MARYLAND,MD,CARROLL,CORN,25100.0,,29000.0,4473000.0,,178.2,
2146,2022,MARYLAND,MD,CECIL,CORN,17200.0,,19500.0,3074000.0,,178.7,
2147,2022,MARYLAND,MD,DORCHESTER,CORN,22100.0,,24200.0,3547000.0,,160.5,
2148,2022,MARYLAND,MD,FREDERICK,CORN,28600.0,,38300.0,4562000.0,,159.5,
2149,2022,MARYLAND,MD,GARRETT,CORN,4260.0,,6900.0,627000.0,,147.2,
2150,2022,MARYLAND,MD,HARFORD,CORN,14100.0,,17900.0,2432000.0,,172.5,
2151,2022,MARYLAND,MD,KENT,CORN,34600.0,,39500.0,5965000.0,,172.4,
2152,2022,MARYLAND,MD,OTHER COUNTIES,CORN,17200.0,40000.0,19400.0,2784000.0,760000.0,161.9,19.0
2153,2022,MARYLAND,MD,QUEEN ANNES,CORN,43400.0,,48100.0,7795000.0,,179.6,
2154,2022,MARYLAND,MD,SOMERSET,CORN,10600.0,,11700.0,1398000.0,,131.9,
2155,2022,MARYLAND,MD,ST MARYS,CORN,6500.0,,7200.0,924000.0,,142.2,
2156,2022,MARYLAND,MD,TALBOT,CORN,25100.0,,27500.0,3898000.0,,155.3,
2157,2022,MARYLAND,MD,WASHINGTON,CORN,7500.0,,16200.0,1105000.0,,147.3,
2158,2022,MARYLAND,MD,WICOMICO,CORN,20500.0,,22500.0,3057000.0,,149.1,
2159,2022,MARYLAND,MD,WORCESTER,CORN,29100.0,,31900.0,4397000.0,,151.1,
2160,2022,MICHIGAN,MI,ALLEGAN,CORN,59500.0,,70600.0,10371000.0,,174.3,
2161,2022,MICHIGAN,MI,ALPENA,CORN,7050.0,,8400.0,950000.0,,134.8,
2162,2022,MICHIGAN,MI,ARENAC,CORN,13400.0,,16900.0,2086000.0,,155.7,
2163,2022,MICHIGAN,MI,BARRY,CORN,30900.0,,39300.0,5312000.0,,171.9,
2164,2022,MICHIGAN,MI,BAY,CORN,48000.0,,48500.0,8270000.0,,172.3,
2165,2022,MICHIGAN,MI,BERRIEN,CORN,49700.0,,52100.0,8687000.0,,174.8,
2166,2022,MICHIGAN,MI,BRANCH,CORN,78400.0,,83300.0,13548000.0,,172.8,
2167,2022,MICHIGAN,MI,CALHOUN,CORN,69100.0,,74900.0,12842000.0,,185.8,
2168,2022,MICHIGAN,MI,CASS,CORN,62400.0,,66000.0,10149000.0,,162.6,
2169,2022,MICHIGAN,MI,CHARLEVOIX,CORN,1880.0,,2400.0,211000.0,,112.2,
2170,2022,MICHIGAN,MI,CLARE,CORN,6250.0,,6800.0,866000.0,,138.6,
2171,2022,MICHIGAN,MI,CLINTON,CORN,47700.0,,75700.0,7706000.0,,161.6,
2172,2022,MICHIGAN,MI,DELTA,CORN,1130.0,,2500.0,101400.0,,89.7,
2173,2022,MICHIGAN,MI,DICKINSON,CORN,350.0,,1200.0,38100.0,,108.9,
2174,2022,MICHIGAN,MI,EATON,CORN,44500.0,,48900.0,8058000.0,,181.1,
2175,2022,MICHIGAN,MI,EMMET,CORN,580.0,,900.0,61500.0,,106.0,
2176,2022,MICHIGAN,MI,GENESEE,CORN,24200.0,,27800.0,3550000.0,,146.7,
2177,2022,MICHIGAN,MI,GLADWIN,CORN,6320.0,,7300.0,932000.0,,147.5,
2178,2022,MICHIGAN,MI,GRAND TRAVERSE,CORN,4640.0,,5800.0,522000.0,,112.5,
2179,2022,MICHIGAN,MI,GRATIOT,CORN,82000.0,,98000.0,14015000.0,,170.9,
2180,2022,MICHIGAN,MI,HILLSDALE,CORN,59800.0,,66100.0,11150000.0,,186.5,
2181,2022,MICHIGAN,MI,HURON,CORN,74600.0,,103000.0,12249000.0,,164.2,
2182,2022,MICHIGAN,MI,INGHAM,CORN,46000.0,,54800.0,8124000.0,,176.6,
2183,2022,MICHIGAN,MI,IONIA,CORN,62000.0,,74100.0,11625000.0,,187.5,
2184,2022,MICHIGAN,MI,IOSCO,CORN,3140.0,,5600.0,431000.0,,137.3,
2185,2022,MICHIGAN,MI,ISABELLA,CORN,35200.0,,43000.0,5674000.0,,161.2,
2186,2022,MICHIGAN,MI,JACKSON,CORN,48200.0,,56600.0,8237000.0,,170.9,
2187,2022,MICHIGAN,MI,KENT,CORN,30700.0,,35700.0,5019000.0,,163.5,
2188,2022,MICHIGAN,MI,LAPEER,CORN,32600.0,,37200.0,5187000.0,,159.1,
2189,2022,MICHIGAN,MI,LEELANAU,CORN,1970.0,,2300.0,177200.0,,89.9,
2190,2022,MICHIGAN,MI,LENAWEE,CORN,83100.0,,97900.0,15680000.0,,188.7,
2191,2022,MICHIGAN,MI,LIVINGSTON,CORN,17600.0,,20100.0,2709000.0,,153.9,
2192,2022,MICHIGAN,MI,MACOMB,CORN,8500.0,,10200.0,1340000.0,,157.6,
2193,2022,MICHIGAN,MI,MANISTEE,CORN,4270.0,,5000.0,530000.0,,124.1,
2194,2022,MICHIGAN,MI,MASON,CORN,12900.0,,15300.0,2152000.0,,166.8,
2195,2022,MICHIGAN,MI,MECOSTA,CORN,18900.0,,22300.0,2565000.0,,135.7,
2196,2022,MICHIGAN,MI,MENOMINEE,CORN,3800.0,,15800.0,347000.0,,91.3,
2197,2022,MICHIGAN,MI,MIDLAND,CORN,19400.0,,22500.0,3482000.0,,179.5,
2198,2022,MICHIGAN,MI,MISSAUKEE,CORN,3100.0,,22700.0,497000.0,,160.3,
2199,2022,MICHIGAN,MI,MONROE,CORN,51700.0,,54800.0,9361000.0,,181.1,
2200,2022,MICHIGAN,MI,MONTCALM,CORN,59000.0,,62800.0,9292000.0,,157.5,
2201,2022,MICHIGAN,MI,MUSKEGON,CORN,10100.0,,13000.0,1697000.0,,168.0,
2202,2022,MICHIGAN,MI,NEWAYGO,CORN,18200.0,,21600.0,3167000.0,,174.0,
2203,2022,MICHIGAN,MI,OAKLAND,CORN,2420.0,,3000.0,345000.0,,142.6,
2204,2022,MICHIGAN,MI,OCEANA,CORN,12900.0,,14800.0,1988000.0,,154.1,
2205,2022,MICHIGAN,MI,OGEMAW,CORN,9100.0,,13300.0,1381000.0,,151.8,
2206,2022,MICHIGAN,MI,OSCEOLA,CORN,8750.0,,15100.0,1365000.0,,156.0,
2207,2022,MICHIGAN,MI,OTHER COUNTIES,CORN,99830.0,330000.0,119600.0,16290100.0,6600000.0,163.2,20.0
2208,2022,MICHIGAN,MI,OTSEGO,CORN,1050.0,,1200.0,85500.0,,81.4,
2209,2022,MICHIGAN,MI,OTTAWA,CORN,30900.0,,38400.0,5509000.0,,178.3,
2210,2022,MICHIGAN,MI,PRESQUE ISLE,CORN,6000.0,,6400.0,581000.0,,96.8,
2211,2022,MICHIGAN,MI,SAGINAW,CORN,85300.0,,93700.0,14642000.0,,171.7,
2212,2022,MICHIGAN,MI,SANILAC,CORN,83700.0,,112000.0,14669000.0,,175.3,
2213,2022,MICHIGAN,MI,SHIAWASSEE,CORN,48200.0,,55500.0,7259000.0,,150.6,
2214,2022,MICHIGAN,MI,ST CLAIR,CORN,22800.0,,26200.0,3345000.0,,146.7,
2215,2022,MICHIGAN,MI,ST JOSEPH,CORN,79700.0,,81100.0,11740000.0,,147.3,
2216,2022,MICHIGAN,MI,TUSCOLA,CORN,73200.0,,79100.0,12387000.0,,169.2,
2217,2022,MICHIGAN,MI,WASHTENAW,CORN,28900.0,,33300.0,4792000.0,,165.8,
2218,2022,MICHIGAN,MI,WAYNE,CORN,890.0,,1000.0,107200.0,,120.4,
2219,2022,MICHIGAN,MI,WEXFORD,CORN,3580.0,,6600.0,466000.0,,130.2,
2220,2022,MINNESOTA,MN,AITKIN,CORN,820.0,1080.0,2100.0,118000.0,15700.0,143.9,14.5
2221,2022,MINNESOTA,MN,ANOKA,CORN,4310.0,,4500.0,657000.0,,152.4,
2222,2022,MINNESOTA,MN,BECKER,CORN,63400.0,4760.0,69100.0,10334000.0,100000.0,163.0,21.0
2223,2022,MINNESOTA,MN,BELTRAMI,CORN,3030.0,,4800.0,390000.0,,128.7,
2224,2022,MINNESOTA,MN,BENTON,CORN,43800.0,10300.0,54600.0,7897000.0,211000.0,180.3,20.5
2225,2022,MINNESOTA,MN,BIG STONE,CORN,87600.0,,88200.0,14962000.0,,170.8,
2226,2022,MINNESOTA,MN,BLUE EARTH,CORN,176600.0,,179000.0,38817000.0,,219.8,
2227,2022,MINNESOTA,MN,BROWN,CORN,151800.0,3600.0,156000.0,31665000.0,72000.0,208.6,20.0
2228,2022,MINNESOTA,MN,CARLTON,CORN,110.0,390.0,500.0,13300.0,6600.0,120.9,17.0
2229,2022,MINNESOTA,MN,CARVER,CORN,50900.0,1810.0,52900.0,9915000.0,36200.0,194.8,20.0
2230,2022,MINNESOTA,MN,CASS,CORN,2630.0,2080.0,5600.0,360000.0,33300.0,136.9,16.0
2231,2022,MINNESOTA,MN,CHIPPEWA,CORN,136300.0,,150500.0,27219000.0,,199.7,
2232,2022,MINNESOTA,MN,CHISAGO,CORN,23500.0,,24100.0,4167000.0,,177.3,
2233,2022,MINNESOTA,MN,COTTONWOOD,CORN,165000.0,,168500.0,35211000.0,,213.4,
2234,2022,MINNESOTA,MN,CROW WING,CORN,9550.0,,10200.0,1450000.0,,151.8,
2235,2022,MINNESOTA,MN,DAKOTA,CORN,75500.0,5690.0,81700.0,14398000.0,142000.0,190.7,25.0
2236,2022,MINNESOTA,MN,DODGE,CORN,117600.0,2060.0,120000.0,26048000.0,54000.0,221.5,26.0
2237,2022,MINNESOTA,MN,DOUGLAS,CORN,69900.0,,72100.0,12659000.0,,181.1,
2238,2022,MINNESOTA,MN,FARIBAULT,CORN,198100.0,,199500.0,42849000.0,,216.3,
2239,2022,MINNESOTA,MN,FILLMORE,CORN,161800.0,12800.0,175500.0,32117000.0,314000.0,198.5,24.5
2240,2022,MINNESOTA,MN,FREEBORN,CORN,181000.0,1520.0,183000.0,38915000.0,34200.0,215.0,22.5
2241,2022,MINNESOTA,MN,GOODHUE,CORN,145500.0,11900.0,158000.0,30540000.0,303000.0,209.9,25.5
2242,2022,MINNESOTA,MN,GRANT,CORN,117500.0,,122500.0,21937000.0,,186.7,
2243,2022,MINNESOTA,MN,HENNEPIN,CORN,10000.0,,11000.0,1705000.0,,170.5,
2244,2022,MINNESOTA,MN,HOUSTON,CORN,44700.0,15000.0,60000.0,9074000.0,375000.0,203.0,25.0
2245,2022,MINNESOTA,MN,HUBBARD,CORN,10200.0,,12400.0,1025000.0,,100.5,
2246,2022,MINNESOTA,MN,ISANTI,CORN,27600.0,2030.0,29900.0,4593000.0,47700.0,166.4,23.5
2247,2022,MINNESOTA,MN,ITASCA,CORN,840.0,,1000.0,97400.0,,116.0,
2248,2022,MINNESOTA,MN,JACKSON,CORN,186400.0,,189000.0,39759000.0,,213.3,
2249,2022,MINNESOTA,MN,KANABEC,CORN,13390.0,,14000.0,2329000.0,,173.9,
2250,2022,MINNESOTA,MN,KOOCHICHING,CORN,340.0,,800.0,45000.0,,132.4,
2251,2022,MINNESOTA,MN,LE SUEUR,CORN,82900.0,920.0,84100.0,17492000.0,19300.0,211.0,21.0
2252,2022,MINNESOTA,MN,LINCOLN,CORN,,6350.0,,,117000.0,,18.5
2253,2022,MINNESOTA,MN,LYON,CORN,163100.0,8350.0,175500.0,28706000.0,167000.0,176.0,20.0
2254,2022,MINNESOTA,MN,MAHNOMEN,CORN,36100.0,430.0,36700.0,6047000.0,7300.0,167.5,17.0
2255,2022,MINNESOTA,MN,MARSHALL,CORN,20500.0,,22200.0,3167000.0,,154.5,
2256,2022,MINNESOTA,MN,MARTIN,CORN,203000.0,,205500.0,45655000.0,,224.9,
2257,2022,MINNESOTA,MN,MCLEOD,CORN,108200.0,2840.0,111500.0,20937000.0,64000.0,193.5,22.5
2258,2022,MINNESOTA,MN,MEEKER,CORN,109700.0,6210.0,117500.0,19856000.0,115000.0,181.0,18.5
2259,2022,MINNESOTA,MN,MILLE LACS,CORN,19600.0,1020.0,20800.0,2973000.0,15400.0,151.7,15.0
2260,2022,MINNESOTA,MN,MORRISON,CORN,85300.0,16100.0,102000.0,15004000.0,314000.0,175.9,19.5
2261,2022,MINNESOTA,MN,MOWER,CORN,199600.0,4010.0,204000.0,43513000.0,104000.0,218.0,26.0
2262,2022,MINNESOTA,MN,MURRAY,CORN,169500.0,6420.0,179500.0,32527000.0,112000.0,191.9,17.5
2263,2022,MINNESOTA,MN,NICOLLET,CORN,107600.0,,114500.0,22327000.0,,207.5,
2264,2022,MINNESOTA,MN,NOBLES,CORN,190500.0,15200.0,206500.0,38443000.0,357000.0,201.8,23.5
2265,2022,MINNESOTA,MN,OLMSTED,CORN,106400.0,5240.0,112000.0,22004000.0,131000.0,206.8,25.0
2266,2022,MINNESOTA,MN,OTHER COUNTIES,CORN,699880.0,117010.0,726500.0,127886300.0,2357500.0,182.7,20.0
2267,2022,MINNESOTA,MN,OTTER TAIL,CORN,172500.0,,197500.0,28428000.0,,164.8,
2268,2022,MINNESOTA,MN,PINE,CORN,15500.0,,18100.0,2499000.0,,161.2,
2269,2022,MINNESOTA,MN,PIPESTONE,CORN,96200.0,7240.0,112500.0,16037000.0,127000.0,166.7,17.5
2270,2022,MINNESOTA,MN,POLK,CORN,85600.0,1720.0,87500.0,13722000.0,36100.0,160.3,21.0
2271,2022,MINNESOTA,MN,POPE,CORN,105800.0,,109000.0,19129000.0,,180.8,
2272,2022,MINNESOTA,MN,RED LAKE,CORN,18900.0,3160.0,22100.0,3126000.0,66000.0,165.4,21.0
2273,2022,MINNESOTA,MN,REDWOOD,CORN,236000.0,,240000.0,44746000.0,,189.6,
2274,2022,MINNESOTA,MN,RENVILLE,CORN,248500.0,,254500.0,52892000.0,,212.8,
2275,2022,MINNESOTA,MN,RICE,CORN,84200.0,1250.0,85800.0,18229000.0,26900.0,216.5,21.5
2276,2022,MINNESOTA,MN,ROCK,CORN,129400.0,4680.0,135500.0,25466000.0,103000.0,196.8,22.0
2277,2022,MINNESOTA,MN,SCOTT,CORN,31800.0,1520.0,34700.0,5931000.0,30400.0,186.5,20.0
2278,2022,MINNESOTA,MN,SHERBURNE,CORN,28300.0,,29600.0,5023000.0,,177.5,
2279,2022,MINNESOTA,MN,SIBLEY,CORN,148700.0,4590.0,154000.0,30692000.0,101000.0,206.4,22.0
2280,2022,MINNESOTA,MN,STEARNS,CORN,158100.0,60100.0,223000.0,29312000.0,1278000.0,185.4,21.5
2281,2022,MINNESOTA,MN,STEELE,CORN,104500.0,1150.0,106000.0,22708000.0,23000.0,217.3,20.0
2282,2022,MINNESOTA,MN,STEVENS,CORN,98600.0,30800.0,130500.0,17669000.0,662000.0,179.2,21.5
2283,2022,MINNESOTA,MN,SWIFT,CORN,170100.0,15600.0,187000.0,32931000.0,382000.0,193.6,24.5
2284,2022,MINNESOTA,MN,TODD,CORN,62200.0,16300.0,79200.0,10257000.0,318000.0,164.9,19.5
2285,2022,MINNESOTA,MN,TRAVERSE,CORN,118100.0,6810.0,126500.0,19640000.0,146000.0,166.3,21.5
2286,2022,MINNESOTA,MN,WABASHA,CORN,85900.0,9870.0,96000.0,17472000.0,257000.0,203.4,26.0
2287,2022,MINNESOTA,MN,WADENA,CORN,17700.0,,21800.0,2814000.0,,159.0,
2288,2022,MINNESOTA,MN,WASECA,CORN,111800.0,,113000.0,24048000.0,,215.1,
2289,2022,MINNESOTA,MN,WASHINGTON,CORN,16000.0,430.0,16800.0,2749000.0,8400.0,171.8,19.5
2290,2022,MINNESOTA,MN,WATONWAN,CORN,128900.0,,130500.0,27391000.0,,212.5,
2291,2022,MINNESOTA,MN,WILKIN,CORN,118100.0,3560.0,122000.0,18483000.0,82000.0,156.5,23.0
2292,2022,MINNESOTA,MN,WINONA,CORN,65400.0,16100.0,82000.0,13446000.0,403000.0,205.6,25.0
2293,2022,MINNESOTA,MN,WRIGHT,CORN,70700.0,,75600.0,13355000.0,,188.9,
2294,2022,MINNESOTA,MN,YELLOW MEDICINE,CORN,180900.0,,189500.0,34552000.0,,191.0,
2295,2022,MISSISSIPPI,MS,BENTON,CORN,3310.0,,3400.0,418000.0,,126.3,
2296,2022,MISSISSIPPI,MS,BOLIVAR,CORN,28400.0,,29000.0,5183000.0,,182.5,
2297,2022,MISSISSIPPI,MS,CARROLL,CORN,6800.0,,7000.0,1102000.0,,162.1,
2298,2022,MISSISSIPPI,MS,CHICKASAW,CORN,5940.0,,6100.0,539000.0,,90.7,
2299,2022,MISSISSIPPI,MS,CLAIBORNE,CORN,2340.0,,2400.0,375000.0,,160.3,
2300,2022,MISSISSIPPI,MS,CLAY,CORN,2340.0,,2400.0,274000.0,,117.1,
2301,2022,MISSISSIPPI,MS,COAHOMA,CORN,27800.0,,28600.0,5015000.0,,180.4,
2302,2022,MISSISSIPPI,MS,DE SOTO,CORN,4670.0,,4800.0,578000.0,,123.8,
2303,2022,MISSISSIPPI,MS,GEORGE,CORN,250.0,,300.0,25300.0,,101.2,
2304,2022,MISSISSIPPI,MS,GREENE,CORN,230.0,,300.0,17800.0,,77.4,
2305,2022,MISSISSIPPI,MS,HINDS,CORN,8410.0,,9200.0,1105000.0,,131.4,
2306,2022,MISSISSIPPI,MS,HOLMES,CORN,23100.0,,23600.0,3973000.0,,172.0,
2307,2022,MISSISSIPPI,MS,HUMPHREYS,CORN,26600.0,,27000.0,4729000.0,,177.8,
2308,2022,MISSISSIPPI,MS,ITAWAMBA,CORN,1560.0,,1600.0,174900.0,,112.1,
2309,2022,MISSISSIPPI,MS,JACKSON,CORN,440.0,,500.0,28700.0,,65.2,
2310,2022,MISSISSIPPI,MS,LEE,CORN,3310.0,,3400.0,311000.0,,94.0,
2311,2022,MISSISSIPPI,MS,LEFLORE,CORN,49800.0,,50600.0,9596000.0,,192.7,
2312,2022,MISSISSIPPI,MS,LOWNDES,CORN,11300.0,,11500.0,1140000.0,,100.9,
2313,2022,MISSISSIPPI,MS,MADISON,CORN,8660.0,,8700.0,1523000.0,,175.9,
2314,2022,MISSISSIPPI,MS,MONROE,CORN,12700.0,,13000.0,951000.0,,74.9,
2315,2022,MISSISSIPPI,MS,MONTGOMERY,CORN,4140.0,,4400.0,643000.0,,155.3,
2316,2022,MISSISSIPPI,MS,NOXUBEE,CORN,31800.0,,32000.0,4337000.0,,136.4,
2317,2022,MISSISSIPPI,MS,OTHER COUNTIES,CORN,75470.0,5000.0,79700.0,10256400.0,75000.0,135.9,15.0
2318,2022,MISSISSIPPI,MS,PONTOTOC,CORN,2450.0,,2500.0,230000.0,,93.9,
2319,2022,MISSISSIPPI,MS,PRENTISS,CORN,1300.0,,1400.0,140900.0,,108.4,
2320,2022,MISSISSIPPI,MS,QUITMAN,CORN,9990.0,,10200.0,1827000.0,,182.9,
2321,2022,MISSISSIPPI,MS,RANKIN,CORN,1270.0,,1400.0,182100.0,,143.4,
2322,2022,MISSISSIPPI,MS,SHARKEY,CORN,25100.0,,25700.0,5078000.0,,202.3,
2323,2022,MISSISSIPPI,MS,SUNFLOWER,CORN,42900.0,,43400.0,8164000.0,,190.3,
2324,2022,MISSISSIPPI,MS,TALLAHATCHIE,CORN,35700.0,,36500.0,6719000.0,,188.2,
2325,2022,MISSISSIPPI,MS,TIPPAH,CORN,1300.0,,1300.0,171200.0,,131.7,
2326,2022,MISSISSIPPI,MS,TUNICA,CORN,10100.0,,10300.0,1463000.0,,144.9,
2327,2022,MISSISSIPPI,MS,UNION,CORN,2040.0,,2100.0,257000.0,,126.0,
2328,2022,MISSISSIPPI,MS,WALTHALL,CORN,1290.0,,1900.0,183700.0,,142.4,
2329,2022,MISSISSIPPI,MS,WARREN,CORN,8270.0,,8400.0,1249000.0,,151.0,
2330,2022,MISSISSIPPI,MS,WASHINGTON,CORN,51300.0,,52100.0,9876000.0,,192.5,
2331,2022,MISSISSIPPI,MS,WEBSTER,CORN,2720.0,,2800.0,312000.0,,114.7,
2332,2022,MISSISSIPPI,MS,YAZOO,CORN,29900.0,,30500.0,5077000.0,,169.8,
2333,2022,MISSOURI,MO,ADAIR,CORN,18700.0,,19700.0,3143000.0,,168.1,
2334,2022,MISSOURI,MO,ATCHISON,CORN,129600.0,,136000.0,25672000.0,,198.1,
2335,2022,MISSOURI,MO,AUDRAIN,CORN,100800.0,,106000.0,16753000.0,,166.2,
2336,2022,MISSOURI,MO,BARTON,CORN,45800.0,,58800.0,3430000.0,,74.9,
2337,2022,MISSOURI,MO,BATES,CORN,66100.0,,70200.0,8130000.0,,123.0,
2338,2022,MISSOURI,MO,BENTON,CORN,15100.0,,16000.0,2316000.0,,153.4,
2339,2022,MISSOURI,MO,BUCHANAN,CORN,50200.0,,52800.0,9135000.0,,182.0,
2340,2022,MISSOURI,MO,BUTLER,CORN,26300.0,,27600.0,4634000.0,,176.2,
2341,2022,MISSOURI,MO,CALDWELL,CORN,22600.0,,23800.0,3675000.0,,162.6,
2342,2022,MISSOURI,MO,CALLAWAY,CORN,30100.0,,31800.0,4741000.0,,157.5,
2343,2022,MISSOURI,MO,CAPE GIRARDEAU,CORN,28600.0,,30900.0,4668000.0,,163.2,
2344,2022,MISSOURI,MO,CARROLL,CORN,82200.0,,86300.0,14673000.0,,178.5,
2345,2022,MISSOURI,MO,CASS,CORN,29200.0,,31300.0,3265000.0,,111.8,
2346,2022,MISSOURI,MO,CLINTON,CORN,41100.0,,43200.0,7850000.0,,191.0,
2347,2022,MISSOURI,MO,COLE,CORN,4950.0,,5300.0,777000.0,,157.0,
2348,2022,MISSOURI,MO,DALLAS,CORN,260.0,,900.0,27400.0,,105.4,
2349,2022,MISSOURI,MO,DE KALB,CORN,38700.0,,40600.0,5991000.0,,154.8,
2350,2022,MISSOURI,MO,DENT,CORN,100.0,,100.0,7800.0,,78.0,
2351,2022,MISSOURI,MO,DUNKLIN,CORN,26800.0,,28300.0,4864000.0,,181.5,
2352,2022,MISSOURI,MO,FRANKLIN,CORN,15900.0,,17200.0,1813000.0,,114.0,
2353,2022,MISSOURI,MO,GASCONADE,CORN,5270.0,,5700.0,681000.0,,129.2,
2354,2022,MISSOURI,MO,GENTRY,CORN,32700.0,,34400.0,5470000.0,,167.3,
2355,2022,MISSOURI,MO,GRUNDY,CORN,33900.0,,35600.0,6027000.0,,177.8,
2356,2022,MISSOURI,MO,HENRY,CORN,26400.0,,27900.0,3382000.0,,128.1,
2357,2022,MISSOURI,MO,HOWARD,CORN,36300.0,,38100.0,4904000.0,,135.1,
2358,2022,MISSOURI,MO,JACKSON,CORN,18600.0,,19600.0,2522000.0,,135.6,
2359,2022,MISSOURI,MO,JASPER,CORN,19900.0,,31300.0,1799000.0,,90.4,
2360,2022,MISSOURI,MO,JEFFERSON,CORN,3420.0,,3600.0,499000.0,,145.9,
2361,2022,MISSOURI,MO,JOHNSON,CORN,42900.0,,45800.0,5024000.0,,117.1,
2362,2022,MISSOURI,MO,KNOX,CORN,51900.0,,54700.0,8892000.0,,171.3,
2363,2022,MISSOURI,MO,LAFAYETTE,CORN,99200.0,,105000.0,16194000.0,,163.2,
2364,2022,MISSOURI,MO,LEWIS,CORN,62600.0,,66000.0,9703000.0,,155.0,
2365,2022,MISSOURI,MO,LINCOLN,CORN,33100.0,,35200.0,4147000.0,,125.3,
2366,2022,MISSOURI,MO,LINN,CORN,34400.0,,36400.0,5704000.0,,165.8,
2367,2022,MISSOURI,MO,LIVINGSTON,CORN,37600.0,,39500.0,7460000.0,,198.4,
2368,2022,MISSOURI,MO,MARIES,CORN,1730.0,,2300.0,136400.0,,78.8,
2369,2022,MISSOURI,MO,MARION,CORN,49300.0,,51800.0,8618000.0,,174.8,
2370,2022,MISSOURI,MO,MISSISSIPPI,CORN,41300.0,,43300.0,7520000.0,,182.1,
2371,2022,MISSOURI,MO,MONITEAU,CORN,14600.0,,16600.0,1674000.0,,114.7,
2372,2022,MISSOURI,MO,MONROE,CORN,51000.0,,54000.0,7669000.0,,150.4,
2373,2022,MISSOURI,MO,MONTGOMERY,CORN,42800.0,,45400.0,7209000.0,,168.4,
2374,2022,MISSOURI,MO,MORGAN,CORN,7010.0,,7600.0,955000.0,,136.2,
2375,2022,MISSOURI,MO,NEW MADRID,CORN,40600.0,,42800.0,6934000.0,,170.8,
2376,2022,MISSOURI,MO,OSAGE,CORN,8640.0,,9300.0,1158000.0,,134.0,
2377,2022,MISSOURI,MO,OTHER COUNTIES,CORN,862630.0,150000.0,944600.0,144958400.0,1650000.0,168.0,11.0
2378,2022,MISSOURI,MO,PEMISCOT,CORN,16500.0,,17300.0,2917000.0,,176.8,
2379,2022,MISSOURI,MO,PERRY,CORN,26300.0,,28100.0,3578000.0,,136.0,
2380,2022,MISSOURI,MO,PETTIS,CORN,58100.0,,61800.0,7803000.0,,134.3,
2381,2022,MISSOURI,MO,PIKE,CORN,51200.0,,54100.0,7777000.0,,151.9,
2382,2022,MISSOURI,MO,PLATTE,CORN,39200.0,,41200.0,6958000.0,,177.5,
2383,2022,MISSOURI,MO,POLK,CORN,1500.0,,3800.0,196000.0,,130.7,
2384,2022,MISSOURI,MO,RALLS,CORN,48000.0,,50500.0,8208000.0,,171.0,
2385,2022,MISSOURI,MO,RANDOLPH,CORN,21400.0,,22500.0,3749000.0,,175.2,
2386,2022,MISSOURI,MO,RAY,CORN,37100.0,,39000.0,6452000.0,,173.9,
2387,2022,MISSOURI,MO,SCHUYLER,CORN,13000.0,,13800.0,2055000.0,,158.1,
2388,2022,MISSOURI,MO,SCOTLAND,CORN,45500.0,,48200.0,7107000.0,,156.2,
2389,2022,MISSOURI,MO,SCOTT,CORN,55100.0,,57800.0,9585000.0,,174.0,
2390,2022,MISSOURI,MO,SHELBY,CORN,45700.0,,48000.0,8432000.0,,184.5,
2391,2022,MISSOURI,MO,ST CHARLES,CORN,32000.0,,34100.0,5368000.0,,167.8,
2392,2022,MISSOURI,MO,ST CLAIR,CORN,13000.0,,14900.0,1105000.0,,85.0,
2393,2022,MISSOURI,MO,ST FRANCOIS,CORN,1380.0,,1400.0,225000.0,,163.0,
2394,2022,MISSOURI,MO,STE GENEVIEVE,CORN,10500.0,,11200.0,1765000.0,,168.1,
2395,2022,MISSOURI,MO,STODDARD,CORN,65400.0,,69000.0,10669000.0,,163.1,
2396,2022,MISSOURI,MO,SULLIVAN,CORN,18800.0,,19800.0,3006000.0,,159.9,
2397,2022,MISSOURI,MO,VERNON,CORN,49500.0,,56900.0,3975000.0,,80.3,
2398,2022,MISSOURI,MO,WARREN,CORN,16200.0,,17100.0,2820000.0,,174.1,
2399,2022,MISSOURI,MO,WEBSTER,CORN,410.0,,2200.0,23000.0,,56.1,
2400,2022,MISSOURI,MO,WORTH,CORN,13300.0,,14000.0,2132000.0,,160.3,
2401,2022,NEBRASKA,NE,ADAMS,CORN,169200.0,,174500.0,33783000.0,,199.7,
2402,2022,NEBRASKA,NE,BOONE,CORN,162700.0,,166500.0,29742000.0,,182.8,
2403,2022,NEBRASKA,NE,BOX BUTTE,CORN,80800.0,,83500.0,12896000.0,,159.6,
2404,2022,NEBRASKA,NE,BOYD,CORN,25500.0,,40200.0,2315000.0,,90.8,
2405,2022,NEBRASKA,NE,BROWN,CORN,34500.0,,39000.0,6852000.0,,198.6,
2406,2022,NEBRASKA,NE,BUFFALO,CORN,196900.0,,201000.0,32646000.0,,165.8,
2407,2022,NEBRASKA,NE,BURT,CORN,125100.0,,127000.0,19503000.0,,155.9,
2408,2022,NEBRASKA,NE,BUTLER,CORN,146300.0,,151500.0,24886000.0,,170.1,
2409,2022,NEBRASKA,NE,CASS,CORN,119700.0,,121500.0,15860000.0,,132.5,
2410,2022,NEBRASKA,NE,CEDAR,CORN,173500.0,,186000.0,29374000.0,,169.3,
2411,2022,NEBRASKA,NE,CHASE,CORN,132900.0,,152500.0,16692000.0,,125.6,
2412,2022,NEBRASKA,NE,CHEYENNE,CORN,48700.0,,64100.0,4958000.0,,101.8,
2413,2022,NEBRASKA,NE,CLAY,CORN,166900.0,,171500.0,28424000.0,,170.3,
2414,2022,NEBRASKA,NE,COLFAX,CORN,99200.0,,109500.0,16447000.0,,165.8,
2415,2022,NEBRASKA,NE,CUMING,CORN,152800.0,,164000.0,25762000.0,,168.6,
2416,2022,NEBRASKA,NE,DAKOTA,CORN,60400.0,,62200.0,9688000.0,,160.4,
2417,2022,NEBRASKA,NE,DAWSON,CORN,179000.0,,194500.0,34296000.0,,191.6,
2418,2022,NEBRASKA,NE,DODGE,CORN,138200.0,,143000.0,22140000.0,,160.2,
2419,2022,NEBRASKA,NE,DOUGLAS,CORN,27000.0,,27600.0,4544000.0,,168.3,
2420,2022,NEBRASKA,NE,DUNDY,CORN,58500.0,,86400.0,9916000.0,,169.5,
2421,2022,NEBRASKA,NE,FILLMORE,CORN,180100.0,,186500.0,34579000.0,,192.0,
2422,2022,NEBRASKA,NE,FRANKLIN,CORN,95100.0,,100000.0,14579000.0,,153.3,
2423,2022,NEBRASKA,NE,FRONTIER,CORN,97800.0,,117000.0,12166000.0,,124.4,
2424,2022,NEBRASKA,NE,FURNAS,CORN,106300.0,,119500.0,9474000.0,,89.1,
2425,2022,NEBRASKA,NE,GAGE,CORN,180000.0,,183000.0,24084000.0,,133.8,
2426,2022,NEBRASKA,NE,GARFIELD,CORN,9980.0,,12500.0,1844000.0,,184.8,
2427,2022,NEBRASKA,NE,GOSPER,CORN,78100.0,,82000.0,12035000.0,,154.1,
2428,2022,NEBRASKA,NE,GREELEY,CORN,72800.0,,77700.0,13402000.0,,184.1,
2429,2022,NEBRASKA,NE,HALL,CORN,169600.0,,176000.0,31919000.0,,188.2,
2430,2022,NEBRASKA,NE,HAMILTON,CORN,189300.0,,196000.0,41403000.0,,218.7,
2431,2022,NEBRASKA,NE,HARLAN,CORN,105200.0,,107500.0,19336000.0,,183.8,
2432,2022,NEBRASKA,NE,HAYES,CORN,50700.0,,74300.0,7975000.0,,157.3,
2433,2022,NEBRASKA,NE,HITCHCOCK,CORN,21200.0,,63900.0,3053000.0,,144.0,
2434,2022,NEBRASKA,NE,HOLT,CORN,172800.0,,185000.0,36485000.0,,211.1,
2435,2022,NEBRASKA,NE,HOWARD,CORN,86600.0,,97700.0,13189000.0,,152.3,
2436,2022,NEBRASKA,NE,JEFFERSON,CORN,106700.0,,109500.0,18128000.0,,169.9,
2437,2022,NEBRASKA,NE,JOHNSON,CORN,61800.0,,63200.0,7739000.0,,125.2,
2438,2022,NEBRASKA,NE,KEARNEY,CORN,158900.0,,162000.0,30827000.0,,194.0,
2439,2022,NEBRASKA,NE,KIMBALL,CORN,28400.0,,33400.0,2801000.0,,98.6,
2440,2022,NEBRASKA,NE,KNOX,CORN,121000.0,,139000.0,18404000.0,,152.1,
2441,2022,NEBRASKA,NE,LANCASTER,CORN,133400.0,,136000.0,14954000.0,,112.1,
2442,2022,NEBRASKA,NE,LINCOLN,CORN,171300.0,,198500.0,28367000.0,,165.6,
2443,2022,NEBRASKA,NE,MADISON,CORN,129800.0,,142500.0,21404000.0,,164.9,
2444,2022,NEBRASKA,NE,MORRILL,CORN,59000.0,,72100.0,9210000.0,,156.1,
2445,2022,NEBRASKA,NE,NANCE,CORN,81600.0,,84200.0,11514000.0,,141.1,
2446,2022,NEBRASKA,NE,NEMAHA,CORN,83000.0,,84300.0,12699000.0,,153.0,
2447,2022,NEBRASKA,NE,NUCKOLLS,CORN,126500.0,,130000.0,20683000.0,,163.5,
2448,2022,NEBRASKA,NE,OTHER COUNTIES,CORN,1115420.0,430000.0,1323000.0,182648000.0,5375000.0,163.7,12.5
2449,2022,NEBRASKA,NE,OTOE,CORN,135400.0,,137500.0,17575000.0,,129.8,
2450,2022,NEBRASKA,NE,PAWNEE,CORN,64700.0,,65700.0,9079000.0,,140.3,
2451,2022,NEBRASKA,NE,PHELPS,CORN,168600.0,,178500.0,38276000.0,,227.0,
2452,2022,NEBRASKA,NE,PIERCE,CORN,143600.0,,147000.0,25360000.0,,176.6,
2453,2022,NEBRASKA,NE,PLATTE,CORN,195500.0,,199000.0,33411000.0,,170.9,
2454,2022,NEBRASKA,NE,POLK,CORN,121200.0,,127000.0,25525000.0,,210.6,
2455,2022,NEBRASKA,NE,RED WILLOW,CORN,79000.0,,104000.0,9930000.0,,125.7,
2456,2022,NEBRASKA,NE,RICHARDSON,CORN,108500.0,,110500.0,18109000.0,,166.9,
2457,2022,NEBRASKA,NE,SALINE,CORN,132700.0,,140500.0,20914000.0,,157.6,
2458,2022,NEBRASKA,NE,SARPY,CORN,27900.0,,28500.0,4375000.0,,156.8,
2459,2022,NEBRASKA,NE,SAUNDERS,CORN,178500.0,,182500.0,30309000.0,,169.8,
2460,2022,NEBRASKA,NE,SCOTTS BLUFF,CORN,74400.0,,76700.0,12306000.0,,165.4,
2461,2022,NEBRASKA,NE,SEWARD,CORN,134300.0,,146000.0,20306000.0,,151.2,
2462,2022,NEBRASKA,NE,SHERMAN,CORN,76000.0,,78700.0,12859000.0,,169.2,
2463,2022,NEBRASKA,NE,SIOUX,CORN,12000.0,,14500.0,2036000.0,,169.7,
2464,2022,NEBRASKA,NE,STANTON,CORN,92100.0,,98600.0,11973000.0,,130.0,
2465,2022,NEBRASKA,NE,THAYER,CORN,152400.0,,155000.0,28026000.0,,183.9,
2466,2022,NEBRASKA,NE,THURSTON,CORN,92800.0,,98400.0,11266000.0,,121.4,
2467,2022,NEBRASKA,NE,VALLEY,CORN,69600.0,,72800.0,14219000.0,,204.3,
2468,2022,NEBRASKA,NE,WASHINGTON,CORN,82200.0,,83900.0,11985000.0,,145.8,
2469,2022,NEBRASKA,NE,WAYNE,CORN,114500.0,,129500.0,13305000.0,,116.2,
2470,2022,NEBRASKA,NE,WEBSTER,CORN,94400.0,,96400.0,13905000.0,,147.3,
2471,2022,NEBRASKA,NE,YORK,CORN,179500.0,,206500.0,34626000.0,,192.9,
2472,2022,NEW YORK,NY,ALLEGANY,CORN,10500.0,6800.0,18600.0,1029000.0,88000.0,98.0,13.0
2473,2022,NEW YORK,NY,BROOME,CORN,550.0,5150.0,5800.0,73700.0,75000.0,134.0,14.5
2474,2022,NEW YORK,NY,CATTARAUGUS,CORN,5380.0,15600.0,22400.0,701000.0,265000.0,130.3,17.0
2475,2022,NEW YORK,NY,CAYUGA,CORN,,18400.0,,,340000.0,,18.5
2476,2022,NEW YORK,NY,CHAUTAUQUA,CORN,11500.0,12600.0,24200.0,1617000.0,221000.0,140.6,17.5
2477,2022,NEW YORK,NY,CHEMUNG,CORN,2570.0,1930.0,4600.0,325000.0,35800.0,126.5,18.5
2478,2022,NEW YORK,NY,CHENANGO,CORN,3650.0,9440.0,13200.0,429000.0,151000.0,117.5,16.0
2479,2022,NEW YORK,NY,CLINTON,CORN,,9580.0,,,177000.0,,18.5
2480,2022,NEW YORK,NY,COLUMBIA,CORN,5030.0,4780.0,11200.0,572000.0,72000.0,113.7,15.0
2481,2022,NEW YORK,NY,CORTLAND,CORN,3320.0,12500.0,15900.0,437000.0,219000.0,131.6,17.5
2482,2022,NEW YORK,NY,DELAWARE,CORN,1920.0,3130.0,5100.0,233000.0,53000.0,121.4,17.0
2483,2022,NEW YORK,NY,DUTCHESS,CORN,4260.0,2470.0,7000.0,503000.0,34700.0,118.1,14.0
2484,2022,NEW YORK,NY,ERIE,CORN,10300.0,11300.0,22400.0,1399000.0,198000.0,135.8,17.5
2485,2022,NEW YORK,NY,ESSEX,CORN,,850.0,,,13600.0,,16.0
2486,2022,NEW YORK,NY,FRANKLIN,CORN,9420.0,9200.0,19100.0,1105000.0,152000.0,117.3,16.5
2487,2022,NEW YORK,NY,GENESEE,CORN,25200.0,23300.0,48800.0,3439000.0,350000.0,136.5,15.0
2488,2022,NEW YORK,NY,HERKIMER,CORN,11500.0,4410.0,16000.0,1609000.0,77000.0,139.9,17.5
2489,2022,NEW YORK,NY,JEFFERSON,CORN,15400.0,19600.0,35900.0,2013000.0,324000.0,130.7,16.5
2490,2022,NEW YORK,NY,LEWIS,CORN,9770.0,15200.0,25000.0,1485000.0,266000.0,152.0,17.5
2491,2022,NEW YORK,NY,LIVINGSTON,CORN,28200.0,31200.0,61400.0,4392000.0,564000.0,155.7,18.0
2492,2022,NEW YORK,NY,MADISON,CORN,13300.0,12300.0,25900.0,1604000.0,209000.0,120.6,17.0
2493,2022,NEW YORK,NY,MONROE,CORN,23500.0,,27500.0,3684000.0,,156.8,
2494,2022,NEW YORK,NY,MONTGOMERY,CORN,11900.0,7060.0,19100.0,1620000.0,120000.0,136.1,17.0
2495,2022,NEW YORK,NY,NIAGARA,CORN,28400.0,3600.0,32100.0,4440000.0,65000.0,156.3,18.0
2496,2022,NEW YORK,NY,ONEIDA,CORN,23400.0,,32300.0,3598000.0,,153.8,
2497,2022,NEW YORK,NY,ONONDAGA,CORN,20100.0,13400.0,34600.0,2988000.0,248000.0,148.7,18.5
2498,2022,NEW YORK,NY,ONTARIO,CORN,26100.0,15800.0,42100.0,3797000.0,300000.0,145.5,19.0
2499,2022,NEW YORK,NY,ORANGE,CORN,2110.0,1340.0,4400.0,235000.0,16100.0,111.4,12.0
2500,2022,NEW YORK,NY,ORLEANS,CORN,39500.0,4040.0,43700.0,6543000.0,75000.0,165.6,18.5
2501,2022,NEW YORK,NY,OSWEGO,CORN,4910.0,,9200.0,721000.0,,146.8,
2502,2022,NEW YORK,NY,OTHER COUNTIES,CORN,67820.0,26390.0,106900.0,9229600.0,419200.0,136.1,16.0
2503,2022,NEW YORK,NY,OTSEGO,CORN,11500.0,5210.0,16800.0,1732000.0,96000.0,150.6,18.5
2504,2022,NEW YORK,NY,RENSSELAER,CORN,4940.0,5170.0,10300.0,623000.0,62000.0,126.1,12.0
2505,2022,NEW YORK,NY,SARATOGA,CORN,4280.0,4790.0,9100.0,607000.0,89000.0,141.8,18.5
2506,2022,NEW YORK,NY,SCHUYLER,CORN,2070.0,1880.0,4100.0,223000.0,21600.0,107.7,11.5
2507,2022,NEW YORK,NY,SENECA,CORN,16900.0,2960.0,20000.0,2158000.0,55000.0,127.7,18.5
2508,2022,NEW YORK,NY,ST LAWRENCE,CORN,9700.0,20800.0,31100.0,1284000.0,364000.0,132.4,17.5
2509,2022,NEW YORK,NY,STEUBEN,CORN,23400.0,18100.0,43100.0,2898000.0,262000.0,123.8,14.5
2510,2022,NEW YORK,NY,SUFFOLK,CORN,300.0,,400.0,27300.0,,91.0,
2511,2022,NEW YORK,NY,SULLIVAN,CORN,,1350.0,,,20900.0,,15.5
2512,2022,NEW YORK,NY,TIOGA,CORN,5220.0,,7900.0,689000.0,,132.0,
2513,2022,NEW YORK,NY,TOMPKINS,CORN,5410.0,8140.0,13600.0,777000.0,130000.0,143.6,16.0
2514,2022,NEW YORK,NY,ULSTER,CORN,860.0,360.0,1300.0,103400.0,3100.0,120.2,8.6
2515,2022,NEW YORK,NY,WASHINGTON,CORN,6620.0,20400.0,27100.0,969000.0,347000.0,146.4,17.0
2516,2022,NEW YORK,NY,WAYNE,CORN,19400.0,2800.0,22300.0,2800000.0,50000.0,144.3,18.0
2517,2022,NEW YORK,NY,WYOMING,CORN,27200.0,27900.0,56900.0,4480000.0,532000.0,164.7,19.0
2518,2022,NEW YORK,NY,YATES,CORN,7690.0,3770.0,11600.0,1038000.0,64000.0,135.0,17.0
2519,2022,NORTH CAROLINA,NC,ALAMANCE,CORN,3110.0,,3400.0,395000.0,,127.0,
2520,2022,NORTH CAROLINA,NC,ALEXANDER,CORN,1460.0,,2500.0,205000.0,,140.4,
2521,2022,NORTH CAROLINA,NC,ANSON,CORN,8770.0,,9300.0,944000.0,,107.6,
2522,2022,NORTH CAROLINA,NC,BEAUFORT,CORN,37300.0,,37700.0,5370000.0,,144.0,
2523,2022,NORTH CAROLINA,NC,BERTIE,CORN,8680.0,,8800.0,1135000.0,,130.8,
2524,2022,NORTH CAROLINA,NC,BLADEN,CORN,22500.0,,23000.0,2535000.0,,112.7,
2525,2022,NORTH CAROLINA,NC,BRUNSWICK,CORN,6370.0,,6500.0,898000.0,,141.0,
2526,2022,NORTH CAROLINA,NC,BUNCOMBE,CORN,140.0,,800.0,19400.0,,138.6,
2527,2022,NORTH CAROLINA,NC,BURKE,CORN,640.0,,800.0,65600.0,,102.5,
2528,2022,NORTH CAROLINA,NC,CABARRUS,CORN,4120.0,,4600.0,585000.0,,142.0,
2529,2022,NORTH CAROLINA,NC,CALDWELL,CORN,1310.0,,1400.0,209000.0,,159.5,
2530,2022,NORTH CAROLINA,NC,CAMDEN,CORN,14100.0,,14300.0,2312000.0,,164.0,
2531,2022,NORTH CAROLINA,NC,CASWELL,CORN,860.0,,1000.0,72500.0,,84.3,
2532,2022,NORTH CAROLINA,NC,CATAWBA,CORN,4400.0,,4700.0,632000.0,,143.6,
2533,2022,NORTH CAROLINA,NC,CHATHAM,CORN,1900.0,,2800.0,211000.0,,111.1,
2534,2022,NORTH CAROLINA,NC,CHOWAN,CORN,2550.0,,2600.0,390000.0,,152.9,
2535,2022,NORTH CAROLINA,NC,CLEVELAND,CORN,5650.0,,6500.0,553000.0,,97.9,
2536,2022,NORTH CAROLINA,NC,COLUMBUS,CORN,31900.0,,32400.0,3881000.0,,121.7,
2537,2022,NORTH CAROLINA,NC,CRAVEN,CORN,14500.0,,14700.0,1683000.0,,116.1,
2538,2022,NORTH CAROLINA,NC,CUMBERLAND,CORN,7640.0,,7900.0,777000.0,,101.7,
2539,2022,NORTH CAROLINA,NC,CURRITUCK,CORN,9330.0,,9500.0,1533000.0,,164.3,
2540,2022,NORTH CAROLINA,NC,DAVIDSON,CORN,4960.0,,6900.0,571000.0,,115.1,
2541,2022,NORTH CAROLINA,NC,DAVIE,CORN,6460.0,,6700.0,920000.0,,142.4,
2542,2022,NORTH CAROLINA,NC,DURHAM,CORN,360.0,,500.0,40100.0,,111.4,
2543,2022,NORTH CAROLINA,NC,EDGECOMBE,CORN,7940.0,,8100.0,815000.0,,102.6,
2544,2022,NORTH CAROLINA,NC,FRANKLIN,CORN,1970.0,,2400.0,217000.0,,110.2,
2545,2022,NORTH CAROLINA,NC,GATES,CORN,3630.0,,3700.0,387000.0,,106.6,
2546,2022,NORTH CAROLINA,NC,GRANVILLE,CORN,1700.0,,2000.0,209000.0,,122.9,
2547,2022,NORTH CAROLINA,NC,GREENE,CORN,10400.0,,10900.0,1032000.0,,99.2,
2548,2022,NORTH CAROLINA,NC,GUILFORD,CORN,4260.0,,5100.0,483000.0,,113.4,
2549,2022,NORTH CAROLINA,NC,HARNETT,CORN,6450.0,,7200.0,759000.0,,117.7,
2550,2022,NORTH CAROLINA,NC,HENDERSON,CORN,2330.0,,2500.0,382000.0,,163.9,
2551,2022,NORTH CAROLINA,NC,HERTFORD,CORN,7420.0,,7600.0,892000.0,,120.2,
2552,2022,NORTH CAROLINA,NC,HOKE,CORN,6800.0,,7000.0,664000.0,,97.6,
2553,2022,NORTH CAROLINA,NC,HYDE,CORN,29100.0,,30000.0,4571000.0,,157.1,
2554,2022,NORTH CAROLINA,NC,IREDELL,CORN,15000.0,,20100.0,2212000.0,,147.5,
2555,2022,NORTH CAROLINA,NC,JACKSON,CORN,110.0,,200.0,14400.0,,130.9,
2556,2022,NORTH CAROLINA,NC,JOHNSTON,CORN,6000.0,,7500.0,584000.0,,97.3,
2557,2022,NORTH CAROLINA,NC,JONES,CORN,11800.0,,12000.0,1195000.0,,101.3,
2558,2022,NORTH CAROLINA,NC,LEE,CORN,1300.0,,1400.0,144800.0,,111.4,
2559,2022,NORTH CAROLINA,NC,LENOIR,CORN,18500.0,,18700.0,2499000.0,,135.1,
2560,2022,NORTH CAROLINA,NC,LINCOLN,CORN,1550.0,,4000.0,166500.0,,107.4,
2561,2022,NORTH CAROLINA,NC,MADISON,CORN,330.0,,500.0,48500.0,,147.0,
2562,2022,NORTH CAROLINA,NC,MARTIN,CORN,4350.0,,4500.0,422000.0,,97.0,
2563,2022,NORTH CAROLINA,NC,MOORE,CORN,3170.0,,3900.0,314000.0,,99.1,
2564,2022,NORTH CAROLINA,NC,NASH,CORN,2890.0,,3000.0,277000.0,,95.8,
2565,2022,NORTH CAROLINA,NC,NORTHAMPTON,CORN,10000.0,,10100.0,1283000.0,,128.3,
2566,2022,NORTH CAROLINA,NC,ONSLOW,CORN,7620.0,,7800.0,888000.0,,116.5,
2567,2022,NORTH CAROLINA,NC,ORANGE,CORN,2040.0,,2300.0,290000.0,,142.2,
2568,2022,NORTH CAROLINA,NC,OTHER COUNTIES,CORN,90450.0,30000.0,97300.0,11051200.0,420000.0,122.2,14.0
2569,2022,NORTH CAROLINA,NC,PAMLICO,CORN,13300.0,,13400.0,2012000.0,,151.3,
2570,2022,NORTH CAROLINA,NC,PASQUOTANK,CORN,19400.0,,19600.0,3294000.0,,169.8,
2571,2022,NORTH CAROLINA,NC,PERQUIMANS,CORN,12600.0,,12700.0,1934000.0,,153.5,
2572,2022,NORTH CAROLINA,NC,PERSON,CORN,3050.0,,3400.0,357000.0,,117.0,
2573,2022,NORTH CAROLINA,NC,PITT,CORN,13400.0,,13600.0,1343000.0,,100.2,
2574,2022,NORTH CAROLINA,NC,RANDOLPH,CORN,8530.0,,9800.0,1092000.0,,128.0,
2575,2022,NORTH CAROLINA,NC,ROBESON,CORN,58700.0,,59600.0,6361000.0,,108.4,
2576,2022,NORTH CAROLINA,NC,ROCKINGHAM,CORN,1850.0,,2600.0,193400.0,,104.5,
2577,2022,NORTH CAROLINA,NC,ROWAN,CORN,9400.0,,10600.0,1085000.0,,115.4,
2578,2022,NORTH CAROLINA,NC,RUTHERFORD,CORN,650.0,,700.0,62900.0,,96.8,
2579,2022,NORTH CAROLINA,NC,SAMPSON,CORN,31900.0,,32400.0,3505000.0,,109.9,
2580,2022,NORTH CAROLINA,NC,STANLY,CORN,11700.0,,12000.0,1264000.0,,108.0,
2581,2022,NORTH CAROLINA,NC,STOKES,CORN,1550.0,,1800.0,216000.0,,139.4,
2582,2022,NORTH CAROLINA,NC,SURRY,CORN,8720.0,,9300.0,1207000.0,,138.4,
2583,2022,NORTH CAROLINA,NC,TRANSYLVANIA,CORN,1690.0,,1800.0,259000.0,,153.3,
2584,2022,NORTH CAROLINA,NC,TYRRELL,CORN,22800.0,,23100.0,3371000.0,,147.9,
2585,2022,NORTH CAROLINA,NC,UNION,CORN,25600.0,,26000.0,2823000.0,,110.3,
2586,2022,NORTH CAROLINA,NC,VANCE,CORN,170.0,,200.0,15100.0,,88.8,
2587,2022,NORTH CAROLINA,NC,WAKE,CORN,780.0,,900.0,65900.0,,84.5,
2588,2022,NORTH CAROLINA,NC,WARREN,CORN,1130.0,,1200.0,99700.0,,88.2,
2589,2022,NORTH CAROLINA,NC,WASHINGTON,CORN,28000.0,,28300.0,4123000.0,,147.3,
2590,2022,NORTH CAROLINA,NC,WAYNE,CORN,20100.0,,20500.0,2064000.0,,102.7,
2591,2022,NORTH CAROLINA,NC,WILKES,CORN,4920.0,,7700.0,804000.0,,163.4,
2592,2022,NORTH CAROLINA,NC,WILSON,CORN,7840.0,,8000.0,710000.0,,90.6,
2593,2022,NORTH CAROLINA,NC,YADKIN,CORN,11100.0,,11700.0,1652000.0,,148.8,
2594,2022,NORTH DAKOTA,ND,ADAMS,CORN,32700.0,,39500.0,1901000.0,,58.1,
2595,2022,NORTH DAKOTA,ND,BARNES,CORN,105000.0,,109000.0,14427000.0,,137.4,
2596,2022,NORTH DAKOTA,ND,BENSON,CORN,37300.0,4070.0,41400.0,4795000.0,63000.0,128.6,15.5
2597,2022,NORTH DAKOTA,ND,BILLINGS,CORN,5530.0,1720.0,7500.0,330000.0,23200.0,59.7,13.5
2598,2022,NORTH DAKOTA,ND,BOTTINEAU,CORN,17500.0,,19900.0,1920000.0,,109.7,
2599,2022,NORTH DAKOTA,ND,BOWMAN,CORN,24200.0,2950.0,30300.0,1477000.0,33900.0,61.0,11.5
2600,2022,NORTH DAKOTA,ND,BURLEIGH,CORN,67400.0,16100.0,83700.0,6013000.0,233000.0,89.2,14.5
2601,2022,NORTH DAKOTA,ND,CASS,CORN,260000.0,560.0,262500.0,44930000.0,12000.0,172.8,21.5
2602,2022,NORTH DAKOTA,ND,DICKEY,CORN,105300.0,2860.0,110000.0,16020000.0,51000.0,152.1,18.0
2603,2022,NORTH DAKOTA,ND,DIVIDE,CORN,1180.0,1290.0,2700.0,84600.0,21900.0,71.7,17.0
2604,2022,NORTH DAKOTA,ND,DUNN,CORN,28000.0,4170.0,32900.0,2141000.0,56000.0,76.5,13.5
2605,2022,NORTH DAKOTA,ND,EDDY,CORN,28000.0,2750.0,31800.0,3507000.0,46800.0,125.3,17.0
2606,2022,NORTH DAKOTA,ND,EMMONS,CORN,130900.0,6390.0,140000.0,12551000.0,96000.0,95.9,15.0
2607,2022,NORTH DAKOTA,ND,FOSTER,CORN,54500.0,,58700.0,7168000.0,,131.5,
2608,2022,NORTH DAKOTA,ND,GRAND FORKS,CORN,85500.0,,86800.0,12940000.0,,151.3,
2609,2022,NORTH DAKOTA,ND,GRANT,CORN,50000.0,,75400.0,3668000.0,,73.4,
2610,2022,NORTH DAKOTA,ND,GRIGGS,CORN,28800.0,3600.0,32600.0,4152000.0,79000.0,144.2,22.0
2611,2022,NORTH DAKOTA,ND,HETTINGER,CORN,28400.0,,35000.0,2002000.0,,70.5,
2612,2022,NORTH DAKOTA,ND,KIDDER,CORN,33100.0,13800.0,49700.0,3798000.0,186000.0,114.7,13.5
2613,2022,NORTH DAKOTA,ND,LA MOURE,CORN,113200.0,220.0,115000.0,16168000.0,4700.0,142.8,21.5
2614,2022,NORTH DAKOTA,ND,LOGAN,CORN,40900.0,12600.0,57100.0,4499000.0,157000.0,110.0,12.5
2615,2022,NORTH DAKOTA,ND,MCHENRY,CORN,51700.0,13200.0,65600.0,5714000.0,185000.0,110.5,14.0
2616,2022,NORTH DAKOTA,ND,MCINTOSH,CORN,57600.0,8250.0,66400.0,5844000.0,128000.0,101.5,15.5
2617,2022,NORTH DAKOTA,ND,MCKENZIE,CORN,3260.0,5810.0,10300.0,388000.0,90000.0,119.0,15.5
2618,2022,NORTH DAKOTA,ND,MCLEAN,CORN,85900.0,1050.0,88000.0,8638000.0,14200.0,100.6,13.5
2619,2022,NORTH DAKOTA,ND,MERCER,CORN,31800.0,,36800.0,2723000.0,,85.6,
2620,2022,NORTH DAKOTA,ND,MORTON,CORN,50600.0,23100.0,77500.0,4343000.0,333000.0,85.8,14.5
2621,2022,NORTH DAKOTA,ND,MOUNTRAIL,CORN,5220.0,3320.0,9000.0,442000.0,43200.0,84.7,13.0
2622,2022,NORTH DAKOTA,ND,NELSON,CORN,15700.0,,17400.0,2078000.0,,132.4,
2623,2022,NORTH DAKOTA,ND,OTHER COUNTIES,CORN,79010.0,76710.0,95200.0,7063400.0,1209100.0,89.4,16.0
2624,2022,NORTH DAKOTA,ND,PEMBINA,CORN,14900.0,,15400.0,2152000.0,,144.4,
2625,2022,NORTH DAKOTA,ND,PIERCE,CORN,19200.0,,23700.0,2229000.0,,116.1,
2626,2022,NORTH DAKOTA,ND,RAMSEY,CORN,23900.0,,24900.0,3098000.0,,129.6,
2627,2022,NORTH DAKOTA,ND,RANSOM,CORN,71500.0,9200.0,80700.0,12252000.0,166000.0,171.4,18.0
2628,2022,NORTH DAKOTA,ND,RICHLAND,CORN,221500.0,,237000.0,33765000.0,,152.4,
2629,2022,NORTH DAKOTA,ND,ROLETTE,CORN,,1590.0,,,23100.0,,14.5
2630,2022,NORTH DAKOTA,ND,SARGENT,CORN,94600.0,,98500.0,15040000.0,,159.0,
2631,2022,NORTH DAKOTA,ND,SHERIDAN,CORN,23100.0,,27700.0,2590000.0,,112.1,
2632,2022,NORTH DAKOTA,ND,SLOPE,CORN,12800.0,3200.0,17800.0,700000.0,33600.0,54.7,10.5
2633,2022,NORTH DAKOTA,ND,STARK,CORN,39500.0,4410.0,45200.0,2914000.0,48200.0,73.8,11.0
2634,2022,NORTH DAKOTA,ND,STEELE,CORN,75400.0,220.0,78100.0,11548000.0,3700.0,153.2,17.0
2635,2022,NORTH DAKOTA,ND,STUTSMAN,CORN,158500.0,6420.0,166000.0,21052000.0,100000.0,132.8,15.5
2636,2022,NORTH DAKOTA,ND,TRAILL,CORN,79600.0,,82300.0,13602000.0,,170.9,
2637,2022,NORTH DAKOTA,ND,WALSH,CORN,34700.0,440.0,36200.0,5324000.0,9400.0,153.4,21.5
2638,2022,NORTH DAKOTA,ND,WARD,CORN,31200.0,,33700.0,3131000.0,,100.4,
2639,2022,NORTH DAKOTA,ND,WELLS,CORN,91400.0,,95100.0,13378000.0,,146.4,
2640,2022,OHIO,OH,ADAMS,CORN,14400.0,,15300.0,2467000.0,,171.3,
2641,2022,OHIO,OH,ALLEN,CORN,59000.0,,62300.0,11499000.0,,194.9,
2642,2022,OHIO,OH,ASHTABULA,CORN,16700.0,,20100.0,2831000.0,,169.5,
2643,2022,OHIO,OH,ATHENS,CORN,1770.0,,2600.0,267000.0,,150.8,
2644,2022,OHIO,OH,AUGLAIZE,CORN,67000.0,,70700.0,13212000.0,,197.2,
2645,2022,OHIO,OH,BROWN,CORN,17900.0,,21100.0,3270000.0,,182.7,
2646,2022,OHIO,OH,BUTLER,CORN,22800.0,,24200.0,3837000.0,,168.3,
2647,2022,OHIO,OH,CARROLL,CORN,10900.0,,12000.0,1504000.0,,138.0,
2648,2022,OHIO,OH,CHAMPAIGN,CORN,80900.0,,84500.0,15832000.0,,195.7,
2649,2022,OHIO,OH,CLARK,CORN,57900.0,,61900.0,11632000.0,,200.9,
2650,2022,OHIO,OH,CLERMONT,CORN,13900.0,,14500.0,2453000.0,,176.5,
2651,2022,OHIO,OH,CLINTON,CORN,62200.0,,64800.0,12204000.0,,196.2,
2652,2022,OHIO,OH,COLUMBIANA,CORN,23600.0,,25500.0,3790000.0,,160.6,
2653,2022,OHIO,OH,COSHOCTON,CORN,22300.0,,24700.0,3693000.0,,165.6,
2654,2022,OHIO,OH,CRAWFORD,CORN,74000.0,,78000.0,15545000.0,,210.1,
2655,2022,OHIO,OH,DARKE,CORN,123600.0,,132000.0,23997000.0,,194.2,
2656,2022,OHIO,OH,DEFIANCE,CORN,47000.0,,54100.0,8700000.0,,185.1,
2657,2022,OHIO,OH,DELAWARE,CORN,33100.0,,34300.0,6150000.0,,185.8,
2658,2022,OHIO,OH,ERIE,CORN,25100.0,,26400.0,4699000.0,,187.2,
2659,2022,OHIO,OH,FAIRFIELD,CORN,54200.0,,56300.0,10320000.0,,190.4,
2660,2022,OHIO,OH,FAYETTE,CORN,77600.0,,81300.0,14084000.0,,181.5,
2661,2022,OHIO,OH,FRANKLIN,CORN,10700.0,,11100.0,1988000.0,,185.8,
2662,2022,OHIO,OH,FULTON,CORN,78300.0,,81400.0,15683000.0,,200.3,
2663,2022,OHIO,OH,GALLIA,CORN,2840.0,,3100.0,435000.0,,153.2,
2664,2022,OHIO,OH,GEAUGA,CORN,1930.0,,3000.0,301000.0,,156.0,
2665,2022,OHIO,OH,GREENE,CORN,54300.0,,56200.0,10344000.0,,190.5,
2666,2022,OHIO,OH,GUERNSEY,CORN,2910.0,,3200.0,430000.0,,147.8,
2667,2022,OHIO,OH,HAMILTON,CORN,2430.0,,2900.0,430000.0,,177.0,
2668,2022,OHIO,OH,HANCOCK,CORN,78600.0,,82100.0,14926000.0,,189.9,
2669,2022,OHIO,OH,HARDIN,CORN,81000.0,,84100.0,15520000.0,,191.6,
2670,2022,OHIO,OH,HENRY,CORN,75600.0,,78300.0,15218000.0,,201.3,
2671,2022,OHIO,OH,HIGHLAND,CORN,31900.0,,34200.0,6004000.0,,188.2,
2672,2022,OHIO,OH,HOCKING,CORN,2410.0,,2500.0,406000.0,,168.5,
2673,2022,OHIO,OH,HOLMES,CORN,13300.0,,20800.0,2104000.0,,158.2,
2674,2022,OHIO,OH,HURON,CORN,51400.0,,55700.0,9319000.0,,181.3,
2675,2022,OHIO,OH,JACKSON,CORN,3060.0,,3600.0,476000.0,,155.6,
2676,2022,OHIO,OH,JEFFERSON,CORN,2320.0,,2500.0,353000.0,,152.2,
2677,2022,OHIO,OH,KNOX,CORN,51700.0,,53900.0,9528000.0,,184.3,
2678,2022,OHIO,OH,LAKE,CORN,480.0,,500.0,70400.0,,146.7,
2679,2022,OHIO,OH,LAWRENCE,CORN,1160.0,,1300.0,188300.0,,162.3,
2680,2022,OHIO,OH,LICKING,CORN,49200.0,,51200.0,8949000.0,,181.9,
2681,2022,OHIO,OH,LOGAN,CORN,64300.0,,67600.0,11709000.0,,182.1,
2682,2022,OHIO,OH,LORAIN,CORN,19800.0,,21100.0,3598000.0,,181.7,
2683,2022,OHIO,OH,LUCAS,CORN,19300.0,,20000.0,3748000.0,,194.2,
2684,2022,OHIO,OH,MADISON,CORN,86000.0,,90400.0,16151000.0,,187.8,
2685,2022,OHIO,OH,MAHONING,CORN,14000.0,,14900.0,2216000.0,,158.3,
2686,2022,OHIO,OH,MARION,CORN,57400.0,,60700.0,11337000.0,,197.5,
2687,2022,OHIO,OH,MEDINA,CORN,12600.0,,13900.0,2177000.0,,172.8,
2688,2022,OHIO,OH,MERCER,CORN,96500.0,,105000.0,18364000.0,,190.3,
2689,2022,OHIO,OH,MIAMI,CORN,70000.0,,73400.0,12383000.0,,176.9,
2690,2022,OHIO,OH,MONTGOMERY,CORN,31500.0,,32600.0,5295000.0,,168.1,
2691,2022,OHIO,OH,MORGAN,CORN,3780.0,,4200.0,591000.0,,156.3,
2692,2022,OHIO,OH,MORROW,CORN,42600.0,,44100.0,7711000.0,,181.0,
2693,2022,OHIO,OH,MUSKINGUM,CORN,16400.0,,17000.0,2768000.0,,168.8,
2694,2022,OHIO,OH,NOBLE,CORN,850.0,,900.0,124000.0,,145.9,
2695,2022,OHIO,OH,OTHER COUNTIES,CORN,57640.0,170000.0,66900.0,9841300.0,3740000.0,170.7,22.0
2696,2022,OHIO,OH,OTTAWA,CORN,16800.0,,17600.0,3123000.0,,185.9,
2697,2022,OHIO,OH,PAULDING,CORN,55200.0,,62000.0,10803000.0,,195.7,
2698,2022,OHIO,OH,PICKAWAY,CORN,81900.0,,85000.0,14980000.0,,182.9,
2699,2022,OHIO,OH,PIKE,CORN,10900.0,,11300.0,1893000.0,,173.7,
2700,2022,OHIO,OH,PORTAGE,CORN,12200.0,,13800.0,2105000.0,,172.5,
2701,2022,OHIO,OH,PREBLE,CORN,67200.0,,71900.0,11995000.0,,178.5,
2702,2022,OHIO,OH,PUTNAM,CORN,72000.0,,76800.0,13450000.0,,186.8,
2703,2022,OHIO,OH,RICHLAND,CORN,33300.0,,37200.0,6320000.0,,189.8,
2704,2022,OHIO,OH,ROSS,CORN,46500.0,,49500.0,8379000.0,,180.2,
2705,2022,OHIO,OH,SANDUSKY,CORN,59300.0,,61400.0,11652000.0,,196.5,
2706,2022,OHIO,OH,SCIOTO,CORN,7640.0,,8000.0,1337000.0,,175.0,
2707,2022,OHIO,OH,SENECA,CORN,82700.0,,86100.0,16267000.0,,196.7,
2708,2022,OHIO,OH,SHELBY,CORN,66200.0,,73000.0,12472000.0,,188.4,
2709,2022,OHIO,OH,STARK,CORN,26100.0,,29100.0,4143000.0,,158.7,
2710,2022,OHIO,OH,TRUMBULL,CORN,18500.0,,20000.0,3330000.0,,180.0,
2711,2022,OHIO,OH,TUSCARAWAS,CORN,17600.0,,22800.0,2719000.0,,154.5,
2712,2022,OHIO,OH,UNION,CORN,50100.0,,52200.0,9188000.0,,183.4,
2713,2022,OHIO,OH,VAN WERT,CORN,75600.0,,78300.0,14810000.0,,195.9,
2714,2022,OHIO,OH,WARREN,CORN,17500.0,,18500.0,3143000.0,,179.6,
2715,2022,OHIO,OH,WASHINGTON,CORN,8080.0,,8300.0,1301000.0,,161.0,
2716,2022,OHIO,OH,WAYNE,CORN,46400.0,,61600.0,7605000.0,,163.9,
2717,2022,OHIO,OH,WILLIAMS,CORN,59700.0,,61800.0,11218000.0,,187.9,
2718,2022,OHIO,OH,WOOD,CORN,85700.0,,91100.0,15974000.0,,186.4,
2719,2022,OHIO,OH,WYANDOT,CORN,68800.0,,71800.0,13781000.0,,200.3,
2720,2022,OKLAHOMA,OK,ALFALFA,CORN,1560.0,,2900.0,100300.0,,64.3,
2721,2022,OKLAHOMA,OK,CADDO,CORN,5270.0,,7100.0,503000.0,,95.4,
2722,2022,OKLAHOMA,OK,CREEK,CORN,230.0,,300.0,9000.0,,39.1,
2723,2022,OKLAHOMA,OK,ELLIS,CORN,1770.0,,2600.0,303000.0,,171.2,
2724,2022,OKLAHOMA,OK,GARFIELD,CORN,9360.0,,22800.0,211000.0,,22.5,
2725,2022,OKLAHOMA,OK,GARVIN,CORN,4210.0,,5600.0,305000.0,,72.4,
2726,2022,OKLAHOMA,OK,GRANT,CORN,6890.0,,15000.0,241000.0,,35.0,
2727,2022,OKLAHOMA,OK,NOBLE,CORN,6130.0,,10500.0,352000.0,,57.4,
2728,2022,OKLAHOMA,OK,OTHER COUNTIES,CORN,85160.0,35000.0,170300.0,9051300.0,385000.0,106.3,11.0
2729,2022,OKLAHOMA,OK,OTTAWA,CORN,4370.0,,9800.0,86500.0,,19.8,
2730,2022,OKLAHOMA,OK,TEXAS,CORN,71500.0,,97300.0,13041000.0,,182.4,
2731,2022,OKLAHOMA,OK,WAGONER,CORN,3550.0,,5800.0,196900.0,,55.5,
2732,2022,PENNSYLVANIA,PA,ADAMS,CORN,19400.0,6550.0,26800.0,2689000.0,124000.0,138.6,19.0
2733,2022,PENNSYLVANIA,PA,ARMSTRONG,CORN,10000.0,,13100.0,1492000.0,,149.2,
2734,2022,PENNSYLVANIA,PA,BEAVER,CORN,3110.0,,4400.0,470000.0,,151.1,
2735,2022,PENNSYLVANIA,PA,BEDFORD,CORN,15500.0,,25000.0,2438000.0,,157.3,
2736,2022,PENNSYLVANIA,PA,BERKS,CORN,21100.0,21400.0,44000.0,3016000.0,439000.0,142.9,20.5
2737,2022,PENNSYLVANIA,PA,BLAIR,CORN,13000.0,10500.0,24300.0,2261000.0,210000.0,173.9,20.0
2738,2022,PENNSYLVANIA,PA,BRADFORD,CORN,15800.0,9420.0,26000.0,1708000.0,127000.0,108.1,13.5
2739,2022,PENNSYLVANIA,PA,BUCKS,CORN,7430.0,2530.0,10300.0,723000.0,51000.0,97.3,20.0
2740,2022,PENNSYLVANIA,PA,BUTLER,CORN,12800.0,4090.0,17500.0,1742000.0,72000.0,136.1,17.5
2741,2022,PENNSYLVANIA,PA,CAMBRIA,CORN,8660.0,4950.0,14100.0,1360000.0,74000.0,157.0,15.0
2742,2022,PENNSYLVANIA,PA,CARBON,CORN,2280.0,,2800.0,233000.0,,102.2,
2743,2022,PENNSYLVANIA,PA,CENTRE,CORN,15700.0,6340.0,22800.0,2551000.0,108000.0,162.5,17.0
2744,2022,PENNSYLVANIA,PA,CHESTER,CORN,15700.0,,25300.0,3306000.0,,210.6,
2745,2022,PENNSYLVANIA,PA,CLARION,CORN,6730.0,2180.0,9200.0,927000.0,32700.0,137.7,15.0
2746,2022,PENNSYLVANIA,PA,CLINTON,CORN,3220.0,4520.0,8000.0,473000.0,72000.0,146.9,16.0
2747,2022,PENNSYLVANIA,PA,COLUMBIA,CORN,15000.0,4720.0,20400.0,1463000.0,68000.0,97.5,14.5
2748,2022,PENNSYLVANIA,PA,CRAWFORD,CORN,21700.0,,32400.0,2979000.0,,137.3,
2749,2022,PENNSYLVANIA,PA,CUMBERLAND,CORN,15100.0,10600.0,26600.0,2193000.0,207000.0,145.2,19.5
2750,2022,PENNSYLVANIA,PA,DAUPHIN,CORN,7720.0,,15300.0,875000.0,,113.3,
2751,2022,PENNSYLVANIA,PA,ELK,CORN,470.0,400.0,900.0,67800.0,4400.0,144.3,11.0
2752,2022,PENNSYLVANIA,PA,ERIE,CORN,13800.0,,16700.0,2125000.0,,154.0,
2753,2022,PENNSYLVANIA,PA,FAYETTE,CORN,5770.0,2460.0,8500.0,658000.0,45500.0,114.0,18.5
2754,2022,PENNSYLVANIA,PA,FRANKLIN,CORN,23900.0,22100.0,47500.0,4240000.0,442000.0,177.4,20.0
2755,2022,PENNSYLVANIA,PA,FULTON,CORN,6340.0,4690.0,11400.0,936000.0,77000.0,147.6,16.5
2756,2022,PENNSYLVANIA,PA,HUNTINGDON,CORN,11100.0,13400.0,25300.0,1374000.0,214000.0,123.8,16.0
2757,2022,PENNSYLVANIA,PA,INDIANA,CORN,17100.0,8630.0,26600.0,2632000.0,160000.0,153.9,18.5
2758,2022,PENNSYLVANIA,PA,JEFFERSON,CORN,6090.0,2040.0,8400.0,792000.0,34700.0,130.0,17.0
2759,2022,PENNSYLVANIA,PA,JUNIATA,CORN,10800.0,6320.0,17700.0,968000.0,79000.0,89.6,12.5
2760,2022,PENNSYLVANIA,PA,LACKAWANNA,CORN,220.0,360.0,600.0,27200.0,4900.0,123.6,13.5
2761,2022,PENNSYLVANIA,PA,LANCASTER,CORN,28500.0,34500.0,66500.0,5283000.0,825000.0,185.4,24.0
2762,2022,PENNSYLVANIA,PA,LAWRENCE,CORN,11900.0,3660.0,16100.0,1953000.0,62000.0,164.1,17.0
2763,2022,PENNSYLVANIA,PA,LEBANON,CORN,,6550.0,,,145000.0,,22.0
2764,2022,PENNSYLVANIA,PA,LEHIGH,CORN,11300.0,,14700.0,1350000.0,,119.5,
2765,2022,PENNSYLVANIA,PA,LUZERNE,CORN,6430.0,1410.0,8100.0,796000.0,13400.0,123.8,9.5
2766,2022,PENNSYLVANIA,PA,LYCOMING,CORN,12800.0,4440.0,17800.0,1587000.0,62000.0,124.0,14.0
2767,2022,PENNSYLVANIA,PA,MCKEAN,CORN,480.0,580.0,1100.0,54800.0,9300.0,114.2,16.0
2768,2022,PENNSYLVANIA,PA,MERCER,CORN,,6970.0,,,132000.0,,19.0
2769,2022,PENNSYLVANIA,PA,MIFFLIN,CORN,5460.0,8850.0,14800.0,774000.0,124000.0,141.8,14.0
2770,2022,PENNSYLVANIA,PA,MONROE,CORN,2400.0,,2900.0,268000.0,,111.7,
2771,2022,PENNSYLVANIA,PA,MONTGOMERY,CORN,2680.0,,3500.0,328000.0,,122.4,
2772,2022,PENNSYLVANIA,PA,MONTOUR,CORN,4380.0,,6400.0,620000.0,,141.6,
2773,2022,PENNSYLVANIA,PA,NORTHAMPTON,CORN,18800.0,,23000.0,1897000.0,,100.9,
2774,2022,PENNSYLVANIA,PA,NORTHUMBERLAND,CORN,20400.0,8480.0,29900.0,1773000.0,110000.0,86.9,13.0
2775,2022,PENNSYLVANIA,PA,OTHER COUNTIES,CORN,47550.0,63790.0,73800.0,6834800.0,1120600.0,143.7,17.5
2776,2022,PENNSYLVANIA,PA,PERRY,CORN,9150.0,9320.0,19100.0,976000.0,154000.0,106.7,16.5
2777,2022,PENNSYLVANIA,PA,SCHUYLKILL,CORN,16900.0,5590.0,23200.0,1783000.0,73000.0,105.5,13.0
2778,2022,PENNSYLVANIA,PA,SNYDER,CORN,12200.0,,16400.0,1003000.0,,82.2,
2779,2022,PENNSYLVANIA,PA,SOMERSET,CORN,15900.0,9720.0,26500.0,2334000.0,170000.0,146.8,17.5
2780,2022,PENNSYLVANIA,PA,SULLIVAN,CORN,760.0,690.0,1500.0,99400.0,7200.0,130.8,10.5
2781,2022,PENNSYLVANIA,PA,SUSQUEHANNA,CORN,,1900.0,,,23800.0,,12.5
2782,2022,PENNSYLVANIA,PA,TIOGA,CORN,9680.0,1990.0,12000.0,1087000.0,26900.0,112.3,13.5
2783,2022,PENNSYLVANIA,PA,UNION,CORN,5610.0,4000.0,11500.0,511000.0,48000.0,91.1,12.0
2784,2022,PENNSYLVANIA,PA,VENANGO,CORN,4770.0,,6500.0,592000.0,,124.1,
2785,2022,PENNSYLVANIA,PA,WASHINGTON,CORN,2180.0,1390.0,3700.0,278000.0,25000.0,127.5,18.0
2786,2022,PENNSYLVANIA,PA,WAYNE,CORN,,410.0,,,4900.0,,12.0
2787,2022,PENNSYLVANIA,PA,WESTMORELAND,CORN,10500.0,4400.0,15400.0,1432000.0,90000.0,136.4,20.5
2788,2022,PENNSYLVANIA,PA,WYOMING,CORN,2130.0,860.0,3100.0,153000.0,7700.0,71.8,9.0
2789,2022,PENNSYLVANIA,PA,YORK,CORN,56600.0,12300.0,70600.0,9814000.0,240000.0,173.4,19.5
2790,2022,SOUTH CAROLINA,SC,ALLENDALE,CORN,6500.0,,6800.0,491000.0,,75.5,
2791,2022,SOUTH CAROLINA,SC,ANDERSON,CORN,840.0,,1200.0,49400.0,,58.8,
2792,2022,SOUTH CAROLINA,SC,BAMBERG,CORN,5600.0,,6300.0,657000.0,,117.3,
2793,2022,SOUTH CAROLINA,SC,BARNWELL,CORN,3130.0,,3300.0,471000.0,,150.5,
2794,2022,SOUTH CAROLINA,SC,BERKELEY,CORN,2840.0,,3300.0,257000.0,,90.5,
2795,2022,SOUTH CAROLINA,SC,CALHOUN,CORN,7990.0,,8500.0,1037000.0,,129.8,
2796,2022,SOUTH CAROLINA,SC,CHARLESTON,CORN,350.0,,400.0,30100.0,,86.0,
2797,2022,SOUTH CAROLINA,SC,CLARENDON,CORN,33300.0,,34500.0,4955000.0,,148.8,
2798,2022,SOUTH CAROLINA,SC,COLLETON,CORN,3910.0,,4400.0,203000.0,,51.9,
2799,2022,SOUTH CAROLINA,SC,DARLINGTON,CORN,16300.0,,16900.0,1718000.0,,105.4,
2800,2022,SOUTH CAROLINA,SC,DILLON,CORN,21400.0,,22300.0,2838000.0,,132.6,
2801,2022,SOUTH CAROLINA,SC,DORCHESTER,CORN,6120.0,,6600.0,565000.0,,92.3,
2802,2022,SOUTH CAROLINA,SC,EDGEFIELD,CORN,830.0,,900.0,56600.0,,68.2,
2803,2022,SOUTH CAROLINA,SC,FLORENCE,CORN,15600.0,,16200.0,1555000.0,,99.7,
2804,2022,SOUTH CAROLINA,SC,GREENVILLE,CORN,510.0,,600.0,42300.0,,82.9,
2805,2022,SOUTH CAROLINA,SC,HAMPTON,CORN,6580.0,,7000.0,656000.0,,99.7,
2806,2022,SOUTH CAROLINA,SC,HORRY,CORN,15000.0,,15600.0,1755000.0,,117.0,
2807,2022,SOUTH CAROLINA,SC,LEE,CORN,25400.0,,26500.0,3853000.0,,151.7,
2808,2022,SOUTH CAROLINA,SC,LEXINGTON,CORN,4010.0,,4200.0,592000.0,,147.6,
2809,2022,SOUTH CAROLINA,SC,MARION,CORN,8870.0,,9200.0,1121000.0,,126.4,
2810,2022,SOUTH CAROLINA,SC,MARLBORO,CORN,15500.0,,16500.0,1818000.0,,117.3,
2811,2022,SOUTH CAROLINA,SC,NEWBERRY,CORN,1150.0,,2800.0,77200.0,,67.1,
2812,2022,SOUTH CAROLINA,SC,OCONEE,CORN,860.0,,900.0,80400.0,,93.5,
2813,2022,SOUTH CAROLINA,SC,ORANGEBURG,CORN,29800.0,,31300.0,4297000.0,,144.2,
2814,2022,SOUTH CAROLINA,SC,OTHER COUNTIES,CORN,27010.0,,30800.0,2815000.0,,104.2,
2815,2022,SOUTH CAROLINA,SC,SUMTER,CORN,24900.0,,26000.0,3357000.0,,134.8,
2816,2022,SOUTH CAROLINA,SC,WILLIAMSBURG,CORN,15700.0,,17000.0,1253000.0,,79.8,
2817,2022,SOUTH DAKOTA,SD,AURORA,CORN,77300.0,,88400.0,8387000.0,,108.5,
2818,2022,SOUTH DAKOTA,SD,BEADLE,CORN,176600.0,,197500.0,22605000.0,,128.0,
2819,2022,SOUTH DAKOTA,SD,BON HOMME,CORN,75500.0,,103000.0,6112000.0,,81.0,
2820,2022,SOUTH DAKOTA,SD,BROOKINGS,CORN,147500.0,,155000.0,25801000.0,,174.9,
2821,2022,SOUTH DAKOTA,SD,BROWN,CORN,243000.0,,248000.0,37432000.0,,154.0,
2822,2022,SOUTH DAKOTA,SD,BRULE,CORN,70000.0,,88200.0,6685000.0,,95.5,
2823,2022,SOUTH DAKOTA,SD,BUFFALO,CORN,15700.0,,26500.0,1476000.0,,94.0,
2824,2022,SOUTH DAKOTA,SD,BUTTE,CORN,1480.0,,6100.0,160700.0,,108.6,
2825,2022,SOUTH DAKOTA,SD,CAMPBELL,CORN,71300.0,,73300.0,8577000.0,,120.3,
2826,2022,SOUTH DAKOTA,SD,CHARLES MIX,CORN,124900.0,,144000.0,12165000.0,,97.4,
2827,2022,SOUTH DAKOTA,SD,CLARK,CORN,119500.0,,134000.0,19251000.0,,161.1,
2828,2022,SOUTH DAKOTA,SD,CLAY,CORN,102500.0,,108500.0,11357000.0,,110.8,
2829,2022,SOUTH DAKOTA,SD,CODINGTON,CORN,84000.0,,90800.0,15506000.0,,184.6,
2830,2022,SOUTH DAKOTA,SD,CORSON,CORN,46600.0,,56800.0,3420000.0,,73.4,
2831,2022,SOUTH DAKOTA,SD,DAVISON,CORN,68200.0,,72300.0,7611000.0,,111.6,
2832,2022,SOUTH DAKOTA,SD,DAY,CORN,107800.0,,112500.0,17367000.0,,161.1,
2833,2022,SOUTH DAKOTA,SD,DEUEL,CORN,74200.0,,94300.0,12681000.0,,170.9,
2834,2022,SOUTH DAKOTA,SD,DOUGLAS,CORN,72100.0,,78000.0,8133000.0,,112.8,
2835,2022,SOUTH DAKOTA,SD,EDMUNDS,CORN,139500.0,,144500.0,18888000.0,,135.4,
2836,2022,SOUTH DAKOTA,SD,FALL RIVER,CORN,2160.0,,3500.0,325000.0,,150.5,
2837,2022,SOUTH DAKOTA,SD,FAULK,CORN,128400.0,,129500.0,17231000.0,,134.2,
2838,2022,SOUTH DAKOTA,SD,GRANT,CORN,104200.0,,110000.0,16630000.0,,159.6,
2839,2022,SOUTH DAKOTA,SD,HAAKON,CORN,25500.0,,49600.0,1316000.0,,51.6,
2840,2022,SOUTH DAKOTA,SD,HAMLIN,CORN,68300.0,,100500.0,11884000.0,,174.0,
2841,2022,SOUTH DAKOTA,SD,HAND,CORN,169000.0,,185500.0,20539000.0,,121.5,
2842,2022,SOUTH DAKOTA,SD,HANSON,CORN,84000.0,,87700.0,8954000.0,,106.6,
2843,2022,SOUTH DAKOTA,SD,HUGHES,CORN,57900.0,,60700.0,6577000.0,,113.6,
2844,2022,SOUTH DAKOTA,SD,HUTCHINSON,CORN,145000.0,,177000.0,12456000.0,,85.9,
2845,2022,SOUTH DAKOTA,SD,HYDE,CORN,58300.0,,64300.0,7783000.0,,133.5,
2846,2022,SOUTH DAKOTA,SD,JERAULD,CORN,41100.0,,50600.0,4061000.0,,98.8,
2847,2022,SOUTH DAKOTA,SD,KINGSBURY,CORN,142100.0,,149000.0,21002000.0,,147.8,
2848,2022,SOUTH DAKOTA,SD,LAKE,CORN,121900.0,,126000.0,19699000.0,,161.6,
2849,2022,SOUTH DAKOTA,SD,LINCOLN,CORN,119400.0,,141000.0,15809000.0,,132.4,
2850,2022,SOUTH DAKOTA,SD,LYMAN,CORN,48100.0,,50400.0,3978000.0,,82.7,
2851,2022,SOUTH DAKOTA,SD,MARSHALL,CORN,78300.0,,86200.0,12951000.0,,165.4,
2852,2022,SOUTH DAKOTA,SD,MCCOOK,CORN,116800.0,,130000.0,13257000.0,,113.5,
2853,2022,SOUTH DAKOTA,SD,MCPHERSON,CORN,68400.0,,82300.0,8612000.0,,125.9,
2854,2022,SOUTH DAKOTA,SD,MELLETTE,CORN,10500.0,,15100.0,692000.0,,65.9,
2855,2022,SOUTH DAKOTA,SD,MINER,CORN,82800.0,,86200.0,9746000.0,,117.7,
2856,2022,SOUTH DAKOTA,SD,MINNEHAHA,CORN,136700.0,,168500.0,24770000.0,,181.2,
2857,2022,SOUTH DAKOTA,SD,OTHER COUNTIES,CORN,279560.0,,389600.0,33460300.0,,119.7,
2858,2022,SOUTH DAKOTA,SD,PERKINS,CORN,12200.0,,33200.0,651000.0,,53.4,
2859,2022,SOUTH DAKOTA,SD,POTTER,CORN,100800.0,,104500.0,13608000.0,,135.0,
2860,2022,SOUTH DAKOTA,SD,ROBERTS,CORN,126200.0,,131500.0,19738000.0,,156.4,
2861,2022,SOUTH DAKOTA,SD,SANBORN,CORN,51300.0,,73800.0,5340000.0,,104.1,
2862,2022,SOUTH DAKOTA,SD,SPINK,CORN,248500.0,,264000.0,40495000.0,,163.0,
2863,2022,SOUTH DAKOTA,SD,SULLY,CORN,116500.0,,122500.0,15495000.0,,133.0,
2864,2022,SOUTH DAKOTA,SD,TRIPP,CORN,48400.0,,88000.0,2580000.0,,53.3,
2865,2022,SOUTH DAKOTA,SD,TURNER,CORN,127500.0,,152500.0,13490000.0,,105.8,
2866,2022,SOUTH DAKOTA,SD,UNION,CORN,111900.0,,116500.0,15084000.0,,134.8,
2867,2022,SOUTH DAKOTA,SD,WALWORTH,CORN,68100.0,,73600.0,10590000.0,,155.5,
2868,2022,SOUTH DAKOTA,SD,YANKTON,CORN,78500.0,,102500.0,8140000.0,,103.7,
2869,2022,SOUTH DAKOTA,SD,ZIEBACH,CORN,14000.0,,22500.0,762000.0,,54.4,
2870,2022,TENNESSEE,TN,BEDFORD,CORN,7900.0,,8300.0,965000.0,,122.2,
2871,2022,TENNESSEE,TN,BLEDSOE,CORN,3250.0,,3500.0,567000.0,,174.5,
2872,2022,TENNESSEE,TN,BLOUNT,CORN,1000.0,,1200.0,150200.0,,150.2,
2873,2022,TENNESSEE,TN,CANNON,CORN,5800.0,,6200.0,990000.0,,170.7,
2874,2022,TENNESSEE,TN,CARROLL,CORN,26000.0,,27000.0,3250000.0,,125.0,
2875,2022,TENNESSEE,TN,CHEATHAM,CORN,1600.0,,1700.0,234000.0,,146.3,
2876,2022,TENNESSEE,TN,CHESTER,CORN,5600.0,,6000.0,725000.0,,129.5,
2877,2022,TENNESSEE,TN,COFFEE,CORN,21000.0,,22000.0,3835000.0,,182.6,
2878,2022,TENNESSEE,TN,CROCKETT,CORN,18100.0,,19100.0,1970000.0,,108.8,
2879,2022,TENNESSEE,TN,DE KALB,CORN,3750.0,,4000.0,614000.0,,163.7,
2880,2022,TENNESSEE,TN,DECATUR,CORN,3600.0,,3800.0,422000.0,,117.2,
2881,2022,TENNESSEE,TN,DYER,CORN,32500.0,,33500.0,3510000.0,,108.0,
2882,2022,TENNESSEE,TN,FAYETTE,CORN,16500.0,,17500.0,2535000.0,,153.6,
2883,2022,TENNESSEE,TN,FENTRESS,CORN,650.0,,700.0,105400.0,,162.2,
2884,2022,TENNESSEE,TN,FRANKLIN,CORN,22500.0,,23000.0,3305000.0,,146.9,
2885,2022,TENNESSEE,TN,GIBSON,CORN,66500.0,,69000.0,7125000.0,,107.1,
2886,2022,TENNESSEE,TN,GILES,CORN,14500.0,,15100.0,2319000.0,,159.9,
2887,2022,TENNESSEE,TN,GRAINGER,CORN,550.0,,600.0,80900.0,,147.1,
2888,2022,TENNESSEE,TN,GREENE,CORN,4100.0,,5100.0,675000.0,,164.6,
2889,2022,TENNESSEE,TN,HARDIN,CORN,5750.0,,6300.0,736000.0,,128.0,
2890,2022,TENNESSEE,TN,HAWKINS,CORN,900.0,,1000.0,120000.0,,133.3,
2891,2022,TENNESSEE,TN,HAYWOOD,CORN,17100.0,,18200.0,2465000.0,,144.2,
2892,2022,TENNESSEE,TN,HENRY,CORN,39000.0,,41000.0,4085000.0,,104.7,
2893,2022,TENNESSEE,TN,JACKSON,CORN,1050.0,,1100.0,171400.0,,163.2,
2894,2022,TENNESSEE,TN,LAKE,CORN,6900.0,,7100.0,1035000.0,,150.0,
2895,2022,TENNESSEE,TN,LAUDERDALE,CORN,13400.0,,14300.0,1821000.0,,135.9,
2896,2022,TENNESSEE,TN,LAWRENCE,CORN,26000.0,,27500.0,3220000.0,,123.8,
2897,2022,TENNESSEE,TN,LEWIS,CORN,950.0,,1000.0,95000.0,,100.0,
2898,2022,TENNESSEE,TN,LINCOLN,CORN,21500.0,,22500.0,3285000.0,,152.8,
2899,2022,TENNESSEE,TN,MACON,CORN,4600.0,,5000.0,613000.0,,133.3,
2900,2022,TENNESSEE,TN,MADISON,CORN,18800.0,,20000.0,2436000.0,,129.6,
2901,2022,TENNESSEE,TN,MARSHALL,CORN,4100.0,,4700.0,645000.0,,157.3,
2902,2022,TENNESSEE,TN,MAURY,CORN,7800.0,,8800.0,764000.0,,97.9,
2903,2022,TENNESSEE,TN,MCMINN,CORN,4800.0,,5600.0,730000.0,,152.1,
2904,2022,TENNESSEE,TN,MCNAIRY,CORN,6400.0,,6600.0,820000.0,,128.1,
2905,2022,TENNESSEE,TN,MEIGS,CORN,1750.0,,1900.0,309000.0,,176.6,
2906,2022,TENNESSEE,TN,MONTGOMERY,CORN,15700.0,,16300.0,2090000.0,,133.1,
2907,2022,TENNESSEE,TN,OBION,CORN,67500.0,,70000.0,9000000.0,,133.3,
2908,2022,TENNESSEE,TN,OTHER COUNTIES,CORN,96880.0,30000.0,105500.0,12677900.0,480000.0,130.9,16.0
2909,2022,TENNESSEE,TN,OVERTON,CORN,1100.0,,1200.0,216000.0,,196.4,
2910,2022,TENNESSEE,TN,PERRY,CORN,1500.0,,1600.0,150000.0,,100.0,
2911,2022,TENNESSEE,TN,RHEA,CORN,1950.0,,2100.0,225000.0,,115.4,
2912,2022,TENNESSEE,TN,ROBERTSON,CORN,37500.0,,39000.0,3960000.0,,105.6,
2913,2022,TENNESSEE,TN,RUTHERFORD,CORN,6200.0,,6600.0,915000.0,,147.6,
2914,2022,TENNESSEE,TN,SEQUATCHIE,CORN,1050.0,,1100.0,163000.0,,155.2,
2915,2022,TENNESSEE,TN,SEVIER,CORN,190.0,,200.0,26400.0,,138.9,
2916,2022,TENNESSEE,TN,STEWART,CORN,2650.0,,3000.0,275000.0,,103.8,
2917,2022,TENNESSEE,TN,SULLIVAN,CORN,550.0,,1100.0,91500.0,,166.4,
2918,2022,TENNESSEE,TN,SUMNER,CORN,10100.0,,10600.0,1303000.0,,129.0,
2919,2022,TENNESSEE,TN,TIPTON,CORN,24500.0,,25500.0,3280000.0,,133.9,
2920,2022,TENNESSEE,TN,VAN BUREN,CORN,280.0,,300.0,49300.0,,176.1,
2921,2022,TENNESSEE,TN,WARREN,CORN,10000.0,,10600.0,1795000.0,,179.5,
2922,2022,TENNESSEE,TN,WASHINGTON,CORN,2250.0,,3300.0,360000.0,,160.0,
2923,2022,TENNESSEE,TN,WEAKLEY,CORN,66500.0,,69000.0,8325000.0,,125.2,
2924,2022,TENNESSEE,TN,WHITE,CORN,2400.0,,3100.0,420000.0,,175.0,
2925,2022,TEXAS,TX,BELL,CORN,71700.0,,75800.0,4245000.0,,59.2,
2926,2022,TEXAS,TX,BEXAR,CORN,6600.0,,7700.0,350000.0,,53.0,
2927,2022,TEXAS,TX,BURLESON,CORN,8830.0,,10000.0,792000.0,,89.7,
2928,2022,TEXAS,TX,CALDWELL,CORN,6980.0,,8000.0,284000.0,,40.7,
2929,2022,TEXAS,TX,CALHOUN,CORN,23200.0,,26300.0,1768000.0,,76.2,
2930,2022,TEXAS,TX,CAMERON,CORN,24800.0,,30100.0,2401000.0,,96.8,
2931,2022,TEXAS,TX,COLLIN,CORN,15600.0,,18900.0,953000.0,,61.1,
2932,2022,TEXAS,TX,COLORADO,CORN,9870.0,,11200.0,667000.0,,67.6,
2933,2022,TEXAS,TX,COOKE,CORN,580.0,,3200.0,37200.0,,64.1,
2934,2022,TEXAS,TX,CORYELL,CORN,3920.0,,9900.0,137200.0,,35.0,
2935,2022,TEXAS,TX,DALLAM,CORN,76100.0,,97800.0,9794000.0,,128.7,
2936,2022,TEXAS,TX,DE WITT,CORN,4120.0,,4700.0,248000.0,,60.2,
2937,2022,TEXAS,TX,DEAF SMITH,CORN,13100.0,,37400.0,2201000.0,,168.0,
2938,2022,TEXAS,TX,ELLIS,CORN,35900.0,,40800.0,2143000.0,,59.7,
2939,2022,TEXAS,TX,FALLS,CORN,56800.0,,64600.0,4169000.0,,73.4,
2940,2022,TEXAS,TX,FAYETTE,CORN,6440.0,,7700.0,358000.0,,55.6,
2941,2022,TEXAS,TX,FORT BEND,CORN,19200.0,,21700.0,1396000.0,,72.7,
2942,2022,TEXAS,TX,GONZALES,CORN,4000.0,,5000.0,224000.0,,56.0,
2943,2022,TEXAS,TX,GRAY,CORN,3800.0,,8200.0,627000.0,,165.0,
2944,2022,TEXAS,TX,GRAYSON,CORN,17600.0,,19900.0,968000.0,,55.0,
2945,2022,TEXAS,TX,GUADALUPE,CORN,20300.0,,23200.0,680000.0,,33.5,
2946,2022,TEXAS,TX,HALE,CORN,19800.0,,27600.0,2263000.0,,114.3,
2947,2022,TEXAS,TX,HAYS,CORN,2420.0,,2900.0,72800.0,,30.1,
2948,2022,TEXAS,TX,HIDALGO,CORN,32500.0,,37200.0,2948000.0,,90.7,
2949,2022,TEXAS,TX,HILL,CORN,64800.0,,97300.0,4218000.0,,65.1,
2950,2022,TEXAS,TX,HUTCHINSON,CORN,17200.0,,23900.0,3053000.0,,177.5,
2951,2022,TEXAS,TX,JACKSON,CORN,68600.0,,77800.0,3924000.0,,57.2,
2952,2022,TEXAS,TX,JIM WELLS,CORN,4900.0,,10900.0,569000.0,,116.1,
2953,2022,TEXAS,TX,LAMAR,CORN,9300.0,,12100.0,404000.0,,43.4,
2954,2022,TEXAS,TX,LAVACA,CORN,1910.0,,2200.0,110200.0,,57.7,
2955,2022,TEXAS,TX,LEE,CORN,420.0,,600.0,22000.0,,52.4,
2956,2022,TEXAS,TX,LIMESTONE,CORN,12700.0,,14300.0,1363000.0,,107.3,
2957,2022,TEXAS,TX,MATAGORDA,CORN,39500.0,,44900.0,3547000.0,,89.8,
2958,2022,TEXAS,TX,MCLENNAN,CORN,33200.0,,60600.0,2032000.0,,61.2,
2959,2022,TEXAS,TX,MILAM,CORN,33800.0,,38900.0,2366000.0,,70.0,
2960,2022,TEXAS,TX,MOORE,CORN,29900.0,,50600.0,4359000.0,,145.8,
2961,2022,TEXAS,TX,NAVARRO,CORN,8450.0,,17900.0,544000.0,,64.4,
2962,2022,TEXAS,TX,OCHILTREE,CORN,28600.0,,34400.0,5248000.0,,183.5,
2963,2022,TEXAS,TX,OTHER COUNTIES,CORN,452440.0,260000.0,662200.0,52601300.0,3900000.0,116.3,15.0
2964,2022,TEXAS,TX,PARMER,CORN,5270.0,,36800.0,472000.0,,89.6,
2965,2022,TEXAS,TX,ROBERTSON,CORN,6100.0,,6800.0,520000.0,,85.2,
2966,2022,TEXAS,TX,SAN PATRICIO,CORN,20500.0,,24000.0,715000.0,,34.9,
2967,2022,TEXAS,TX,SHERMAN,CORN,73300.0,,90400.0,12726000.0,,173.6,
2968,2022,TEXAS,TX,TOM GREEN,CORN,5400.0,,7100.0,569000.0,,105.4,
2969,2022,TEXAS,TX,VICTORIA,CORN,33900.0,,38700.0,2519000.0,,74.3,
2970,2022,TEXAS,TX,WALLER,CORN,1950.0,,2300.0,117300.0,,60.2,
2971,2022,TEXAS,TX,WHARTON,CORN,85700.0,,92600.0,6637000.0,,77.4,
2972,2022,TEXAS,TX,WILLIAMSON,CORN,83200.0,,96700.0,4343000.0,,52.2,
2973,2022,TEXAS,TX,WILSON,CORN,4800.0,,6200.0,245000.0,,51.0,
2974,2022,VIRGINIA,VA,ACCOMACK,CORN,20000.0,,22500.0,3235000.0,,161.8,
2975,2022,VIRGINIA,VA,AMELIA,CORN,4600.0,,6700.0,681000.0,,148.0,
2976,2022,VIRGINIA,VA,APPOMATTOX,CORN,950.0,,1400.0,162800.0,,171.4,
2977,2022,VIRGINIA,VA,AUGUSTA,CORN,13500.0,,22000.0,2590000.0,,191.9,
2978,2022,VIRGINIA,VA,BEDFORD,CORN,500.0,,1300.0,72000.0,,144.0,
2979,2022,VIRGINIA,VA,BRUNSWICK,CORN,500.0,,700.0,75900.0,,151.8,
2980,2022,VIRGINIA,VA,CAMPBELL,CORN,1600.0,,2600.0,254000.0,,158.8,
2981,2022,VIRGINIA,VA,CAROLINE,CORN,12900.0,,14500.0,2165000.0,,167.8,
2982,2022,VIRGINIA,VA,CHARLES CITY,CORN,5900.0,,6500.0,1026000.0,,173.9,
2983,2022,VIRGINIA,VA,CHARLOTTE,CORN,1400.0,,1700.0,189500.0,,135.4,
2984,2022,VIRGINIA,VA,CHESTERFIELD,CORN,540.0,,600.0,77500.0,,143.5,
2985,2022,VIRGINIA,VA,CULPEPER,CORN,6500.0,,7900.0,1227000.0,,188.8,
2986,2022,VIRGINIA,VA,CUMBERLAND,CORN,1350.0,,2300.0,211000.0,,156.3,
2987,2022,VIRGINIA,VA,DINWIDDIE,CORN,5100.0,,6400.0,757000.0,,148.4,
2988,2022,VIRGINIA,VA,ESSEX,CORN,12900.0,,14500.0,2280000.0,,176.7,
2989,2022,VIRGINIA,VA,FAUQUIER,CORN,4900.0,,8200.0,931000.0,,190.0,
2990,2022,VIRGINIA,VA,FRANKLIN,CORN,4900.0,,10500.0,695000.0,,141.8,
2991,2022,VIRGINIA,VA,FREDERICK,CORN,3100.0,,3600.0,556000.0,,179.4,
2992,2022,VIRGINIA,VA,GLOUCESTER,CORN,3700.0,,4200.0,627000.0,,169.5,
2993,2022,VIRGINIA,VA,GREENSVILLE,CORN,1700.0,,1900.0,254000.0,,149.4,
2994,2022,VIRGINIA,VA,ISLE OF WIGHT,CORN,9400.0,,11000.0,1280000.0,,136.2,
2995,2022,VIRGINIA,VA,KING AND QUEEN,CORN,11200.0,,12500.0,1860000.0,,166.1,
2996,2022,VIRGINIA,VA,KING WILLIAM,CORN,11200.0,,12700.0,1960000.0,,175.0,
2997,2022,VIRGINIA,VA,LEE,CORN,500.0,,700.0,62700.0,,125.4,
2998,2022,VIRGINIA,VA,LUNENBURG,CORN,1200.0,,1600.0,142500.0,,118.8,
2999,2022,VIRGINIA,VA,MADISON,CORN,4700.0,,6700.0,900000.0,,191.5,
3000,2022,VIRGINIA,VA,MECKLENBURG,CORN,1700.0,,2400.0,258000.0,,151.8,
3001,2022,VIRGINIA,VA,MIDDLESEX,CORN,5000.0,,5500.0,947000.0,,189.4,
3002,2022,VIRGINIA,VA,NORTHAMPTON,CORN,5500.0,,6100.0,913000.0,,166.0,
3003,2022,VIRGINIA,VA,NORTHUMBERLAND,CORN,11000.0,,12500.0,2052000.0,,186.5,
3004,2022,VIRGINIA,VA,ORANGE,CORN,6150.0,,6800.0,1167000.0,,189.8,
3005,2022,VIRGINIA,VA,OTHER COUNTIES,CORN,66410.0,100000.0,94500.0,10477700.0,2200000.0,157.8,22.0
3006,2022,VIRGINIA,VA,PAGE,CORN,1650.0,,3100.0,271000.0,,164.2,
3007,2022,VIRGINIA,VA,PITTSYLVANIA,CORN,3150.0,,10000.0,294000.0,,93.3,
3008,2022,VIRGINIA,VA,POWHATAN,CORN,2100.0,,2900.0,374000.0,,178.1,
3009,2022,VIRGINIA,VA,PRINCE GEORGE,CORN,5200.0,,5800.0,862000.0,,165.8,
3010,2022,VIRGINIA,VA,RICHMOND,CORN,9200.0,,10100.0,1690000.0,,183.7,
3011,2022,VIRGINIA,VA,ROCKINGHAM,CORN,10800.0,,21500.0,2065000.0,,191.2,
3012,2022,VIRGINIA,VA,SHENANDOAH,CORN,9100.0,,12700.0,1665000.0,,183.0,
3013,2022,VIRGINIA,VA,SOUTHAMPTON,CORN,11200.0,,12500.0,1840000.0,,164.3,
3014,2022,VIRGINIA,VA,STAFFORD,CORN,1100.0,,1400.0,207000.0,,188.2,
3015,2022,VIRGINIA,VA,SUFFOLK CITY,CORN,6800.0,,7500.0,885000.0,,130.1,
3016,2022,VIRGINIA,VA,SURRY,CORN,7500.0,,8300.0,1245000.0,,166.0,
3017,2022,VIRGINIA,VA,SUSSEX,CORN,6600.0,,7400.0,1000000.0,,151.5,
3018,2022,VIRGINIA,VA,WASHINGTON,CORN,400.0,,3100.0,55400.0,,138.5,
3019,2022,VIRGINIA,VA,WESTMORELAND,CORN,9700.0,,10700.0,1735000.0,,178.9,
3020,2022,WASHINGTON,WA,ADAMS,CORN,6000.0,,9100.0,1248000.0,,208.0,
3021,2022,WASHINGTON,WA,FRANKLIN,CORN,9300.0,,11500.0,2000000.0,,215.1,
3022,2022,WASHINGTON,WA,GRANT,CORN,28500.0,,34500.0,6196000.0,,217.4,
3023,2022,WASHINGTON,WA,OTHER COUNTIES,CORN,30300.0,55000.0,52900.0,6868000.0,1375000.0,226.7,25.0
3024,2022,WASHINGTON,WA,YAKIMA,CORN,5900.0,,27000.0,1288000.0,,218.3,
3025,2022,WISCONSIN,WI,ADAMS,CORN,25200.0,,25500.0,4365000.0,,173.2,
3026,2022,WISCONSIN,WI,BARRON,CORN,74500.0,16500.0,91300.0,11614000.0,372000.0,155.9,22.5
3027,2022,WISCONSIN,WI,BAYFIELD,CORN,1580.0,500.0,2100.0,182600.0,6500.0,115.6,13.0
3028,2022,WISCONSIN,WI,BROWN,CORN,33100.0,35000.0,68700.0,5657000.0,805000.0,170.9,23.0
3029,2022,WISCONSIN,WI,BUFFALO,CORN,45100.0,20700.0,66400.0,7978000.0,549000.0,176.9,26.5
3030,2022,WISCONSIN,WI,BURNETT,CORN,9800.0,4230.0,14900.0,1326000.0,91000.0,135.3,21.5
3031,2022,WISCONSIN,WI,CALUMET,CORN,24800.0,21900.0,47100.0,4412000.0,493000.0,177.9,22.5
3032,2022,WISCONSIN,WI,CHIPPEWA,CORN,63700.0,24400.0,88900.0,10317000.0,451000.0,162.0,18.5
3033,2022,WISCONSIN,WI,CLARK,CORN,42900.0,35300.0,79000.0,6385000.0,812000.0,148.8,23.0
3034,2022,WISCONSIN,WI,COLUMBIA,CORN,109600.0,12200.0,123000.0,21048000.0,311000.0,192.0,25.5
3035,2022,WISCONSIN,WI,CRAWFORD,CORN,30400.0,4500.0,35200.0,5612000.0,106000.0,184.6,23.5
3036,2022,WISCONSIN,WI,DANE,CORN,143700.0,35500.0,181000.0,28360000.0,941000.0,197.4,26.5
3037,2022,WISCONSIN,WI,DODGE,CORN,124800.0,19800.0,146000.0,24591000.0,455000.0,197.0,23.0
3038,2022,WISCONSIN,WI,DOOR,CORN,22400.0,6880.0,29900.0,3840000.0,141000.0,171.4,20.5
3039,2022,WISCONSIN,WI,DUNN,CORN,92600.0,13400.0,107000.0,15816000.0,281000.0,170.8,21.0
3040,2022,WISCONSIN,WI,EAU CLAIRE,CORN,40900.0,1920.0,43200.0,6184000.0,35500.0,151.2,18.5
3041,2022,WISCONSIN,WI,FLORENCE,CORN,,280.0,,,4800.0,,17.0
3042,2022,WISCONSIN,WI,FOND DU LAC,CORN,71500.0,39900.0,112000.0,13432000.0,918000.0,187.9,23.0
3043,2022,WISCONSIN,WI,GRANT,CORN,127300.0,19300.0,148000.0,26906000.0,492000.0,211.4,25.5
3044,2022,WISCONSIN,WI,GREEN,CORN,97500.0,12500.0,111000.0,19416000.0,306000.0,199.1,24.5
3045,2022,WISCONSIN,WI,GREEN LAKE,CORN,46500.0,1440.0,48400.0,8621000.0,31700.0,185.4,22.0
3046,2022,WISCONSIN,WI,IOWA,CORN,65300.0,11400.0,77400.0,12283000.0,279000.0,188.1,24.5
3047,2022,WISCONSIN,WI,JACKSON,CORN,42300.0,5110.0,47900.0,6823000.0,125000.0,161.3,24.5
3048,2022,WISCONSIN,WI,JEFFERSON,CORN,71200.0,11800.0,83800.0,13558000.0,295000.0,190.4,25.0
3049,2022,WISCONSIN,WI,JUNEAU,CORN,31000.0,6720.0,38100.0,5196000.0,161000.0,167.6,24.0
3050,2022,WISCONSIN,WI,KENOSHA,CORN,22100.0,4220.0,26600.0,3993000.0,93000.0,180.7,22.0
3051,2022,WISCONSIN,WI,KEWAUNEE,CORN,22000.0,32200.0,56100.0,3771000.0,757000.0,171.4,23.5
3052,2022,WISCONSIN,WI,LA CROSSE,CORN,26800.0,3590.0,30700.0,4607000.0,77000.0,171.9,21.5
3053,2022,WISCONSIN,WI,LAFAYETTE,CORN,112200.0,19000.0,132500.0,24410000.0,504000.0,217.6,26.5
3054,2022,WISCONSIN,WI,LANGLADE,CORN,4900.0,6990.0,12800.0,734000.0,133000.0,149.8,19.0
3055,2022,WISCONSIN,WI,LINCOLN,CORN,7370.0,2140.0,9600.0,1026000.0,41000.0,139.2,19.0
3056,2022,WISCONSIN,WI,MANITOWOC,CORN,30200.0,46300.0,77100.0,5436000.0,1018000.0,180.0,22.0
3057,2022,WISCONSIN,WI,MARATHON,CORN,61200.0,49900.0,111500.0,9116000.0,1050000.0,149.0,21.0
3058,2022,WISCONSIN,WI,MARINETTE,CORN,21700.0,14200.0,38700.0,2888000.0,249000.0,133.1,17.5
3059,2022,WISCONSIN,WI,MARQUETTE,CORN,26800.0,3710.0,30800.0,3835000.0,70000.0,143.1,19.0
3060,2022,WISCONSIN,WI,MILWAUKEE,CORN,990.0,,1000.0,187200.0,,189.1,
3061,2022,WISCONSIN,WI,MONROE,CORN,36100.0,19700.0,56500.0,5866000.0,424000.0,162.5,21.5
3062,2022,WISCONSIN,WI,OCONTO,CORN,37100.0,24100.0,61800.0,5608000.0,494000.0,151.2,20.5
3063,2022,WISCONSIN,WI,OTHER COUNTIES,CORN,3590.0,3110.0,7200.0,410200.0,52100.0,114.3,17.0
3064,2022,WISCONSIN,WI,OUTAGAMIE,CORN,69000.0,12000.0,81500.0,12569000.0,282000.0,182.2,23.5
3065,2022,WISCONSIN,WI,OZAUKEE,CORN,9230.0,6420.0,15800.0,1680000.0,141000.0,182.0,22.0
3066,2022,WISCONSIN,WI,PEPIN,CORN,22900.0,5810.0,29000.0,3939000.0,137000.0,172.0,23.5
3067,2022,WISCONSIN,WI,PIERCE,CORN,64400.0,16900.0,82100.0,11676000.0,372000.0,181.3,22.0
3068,2022,WISCONSIN,WI,POLK,CORN,56100.0,9450.0,66200.0,8761000.0,213000.0,156.2,22.5
3069,2022,WISCONSIN,WI,PORTAGE,CORN,37600.0,11800.0,49900.0,6557000.0,254000.0,174.4,21.5
3070,2022,WISCONSIN,WI,PRICE,CORN,1950.0,2210.0,4200.0,239000.0,38700.0,122.6,17.5
3071,2022,WISCONSIN,WI,RACINE,CORN,31800.0,1410.0,33500.0,5702000.0,28200.0,179.3,20.0
3072,2022,WISCONSIN,WI,RICHLAND,CORN,32100.0,13200.0,45700.0,5762000.0,337000.0,179.5,25.5
3073,2022,WISCONSIN,WI,ROCK,CORN,137200.0,7890.0,146500.0,28104000.0,181000.0,204.8,23.0
3074,2022,WISCONSIN,WI,RUSK,CORN,17200.0,6260.0,23700.0,2621000.0,128000.0,152.4,20.5
3075,2022,WISCONSIN,WI,SAUK,CORN,72200.0,11800.0,84800.0,12982000.0,266000.0,179.8,22.5
3076,2022,WISCONSIN,WI,SAWYER,CORN,7210.0,660.0,7900.0,1095000.0,15900.0,151.9,24.0
3077,2022,WISCONSIN,WI,SHAWANO,CORN,47500.0,32600.0,80600.0,8099000.0,702000.0,170.5,21.5
3078,2022,WISCONSIN,WI,SHEBOYGAN,CORN,29500.0,23600.0,53400.0,5024000.0,495000.0,170.3,21.0
3079,2022,WISCONSIN,WI,ST CROIX,CORN,77800.0,16900.0,95500.0,12915000.0,346000.0,166.0,20.5
3080,2022,WISCONSIN,WI,TAYLOR,CORN,24900.0,12200.0,37500.0,3464000.0,262000.0,139.1,21.5
3081,2022,WISCONSIN,WI,TREMPEALEAU,CORN,76400.0,8800.0,86000.0,12759000.0,185000.0,167.0,21.0
3082,2022,WISCONSIN,WI,VERNON,CORN,48700.0,12400.0,61500.0,8398000.0,260000.0,172.4,21.0
3083,2022,WISCONSIN,WI,WALWORTH,CORN,96300.0,5670.0,103000.0,18981000.0,139000.0,197.1,24.5
3084,2022,WISCONSIN,WI,WASHBURN,CORN,9580.0,2430.0,12200.0,1522000.0,58000.0,158.9,24.0
3085,2022,WISCONSIN,WI,WASHINGTON,CORN,21600.0,10200.0,32100.0,3786000.0,240000.0,175.3,23.5
3086,2022,WISCONSIN,WI,WAUKESHA,CORN,19100.0,450.0,19700.0,3459000.0,8600.0,181.1,19.0
3087,2022,WISCONSIN,WI,WAUPACA,CORN,36900.0,18400.0,55800.0,6469000.0,423000.0,175.3,23.0
3088,2022,WISCONSIN,WI,WAUSHARA,CORN,33200.0,3200.0,36600.0,5800000.0,67000.0,174.7,21.0
3089,2022,WISCONSIN,WI,WINNEBAGO,CORN,33600.0,15600.0,49500.0,5779000.0,320000.0,172.0,20.5
3090,2022,WISCONSIN,WI,WOOD,CORN,25300.0,11400.0,37100.0,4248000.0,251000.0,167.9,22.0
3091,2023,ALABAMA,AL,BALDWIN,CORN,8900.0,,9000.0,1648000.0,,185.2,
3092,2023,ALABAMA,AL,BARBOUR,CORN,2140.0,,2200.0,400000.0,,186.9,
3093,2023,ALABAMA,AL,BLOUNT,CORN,2130.0,,2200.0,313000.0,,146.9,
3094,2023,ALABAMA,AL,CALHOUN,CORN,2130.0,,2200.0,384000.0,,180.3,
3095,2023,ALABAMA,AL,CHEROKEE,CORN,4080.0,,4200.0,625000.0,,153.2,
3096,2023,ALABAMA,AL,CHILTON,CORN,740.0,,900.0,122100.0,,165.0,
3097,2023,ALABAMA,AL,COFFEE,CORN,7070.0,,7300.0,785000.0,,111.0,
3098,2023,ALABAMA,AL,COLBERT,CORN,15700.0,,16200.0,2700000.0,,172.0,
3099,2023,ALABAMA,AL,COVINGTON,CORN,4240.0,,4400.0,594000.0,,140.1,
3100,2023,ALABAMA,AL,CULLMAN,CORN,3110.0,,3200.0,544000.0,,174.9,
3101,2023,ALABAMA,AL,DALE,CORN,1940.0,,2000.0,275000.0,,141.8,
3102,2023,ALABAMA,AL,DALLAS,CORN,3700.0,,3800.0,492000.0,,133.0,
3103,2023,ALABAMA,AL,DE KALB,CORN,12600.0,,13000.0,2211000.0,,175.5,
3104,2023,ALABAMA,AL,ELMORE,CORN,3200.0,,3300.0,428000.0,,133.8,
3105,2023,ALABAMA,AL,ESCAMBIA,CORN,8700.0,,9000.0,1454000.0,,167.1,
3106,2023,ALABAMA,AL,ETOWAH,CORN,3200.0,,3300.0,451000.0,,140.9,
3107,2023,ALABAMA,AL,FAYETTE,CORN,1260.0,,1300.0,170900.0,,135.6,
3108,2023,ALABAMA,AL,FRANKLIN,CORN,4080.0,,4200.0,658000.0,,161.3,
3109,2023,ALABAMA,AL,GENEVA,CORN,10700.0,,10800.0,1451000.0,,135.6,
3110,2023,ALABAMA,AL,HENRY,CORN,2810.0,,2900.0,449000.0,,159.8,
3111,2023,ALABAMA,AL,HOUSTON,CORN,2300.0,,2400.0,383000.0,,166.5,
3112,2023,ALABAMA,AL,JACKSON,CORN,23500.0,,23900.0,3860000.0,,164.3,
3113,2023,ALABAMA,AL,LAUDERDALE,CORN,21400.0,,21800.0,3330000.0,,155.6,
3114,2023,ALABAMA,AL,LAWRENCE,CORN,29400.0,,30100.0,5054000.0,,171.9,
3115,2023,ALABAMA,AL,LIMESTONE,CORN,26300.0,,26900.0,4794000.0,,182.3,
3116,2023,ALABAMA,AL,MACON,CORN,2330.0,,2400.0,323000.0,,138.6,
3117,2023,ALABAMA,AL,MADISON,CORN,32400.0,,33100.0,6520000.0,,201.2,
3118,2023,ALABAMA,AL,MARENGO,CORN,3210.0,,3300.0,370000.0,,115.3,
3119,2023,ALABAMA,AL,MARION,CORN,2420.0,,2500.0,342000.0,,141.3,
3120,2023,ALABAMA,AL,MARSHALL,CORN,6310.0,,6500.0,1099000.0,,174.2,
3121,2023,ALABAMA,AL,MONROE,CORN,6020.0,,6200.0,1106000.0,,183.7,
3122,2023,ALABAMA,AL,MORGAN,CORN,5530.0,,5700.0,979000.0,,177.0,
3123,2023,ALABAMA,AL,OTHER COUNTIES,CORN,34580.0,,37500.0,4967600.0,,143.7,
3124,2023,ALABAMA,AL,PERRY,CORN,5920.0,,6100.0,609000.0,,102.9,
3125,2023,ALABAMA,AL,PIKE,CORN,4080.0,,4200.0,595000.0,,145.8,
3126,2023,ALABAMA,AL,RANDOLPH,CORN,1040.0,,1100.0,155400.0,,149.4,
3127,2023,ALABAMA,AL,TALLADEGA,CORN,8400.0,,8400.0,1430000.0,,170.2,
3128,2023,ALABAMA,AL,TUSCALOOSA,CORN,2430.0,,2500.0,408000.0,,167.9,
3129,2023,ARKANSAS,AR,ARKANSAS,CORN,56400.0,,57400.0,10400000.0,,184.4,
3130,2023,ARKANSAS,AR,ASHLEY,CORN,41400.0,,41900.0,7349000.0,,177.5,
3131,2023,ARKANSAS,AR,CHICOT,CORN,42500.0,,43200.0,7591000.0,,178.6,
3132,2023,ARKANSAS,AR,CLAY,CORN,40800.0,,41300.0,7465000.0,,183.0,
3133,2023,ARKANSAS,AR,CRITTENDEN,CORN,21200.0,,21700.0,4011000.0,,189.2,
3134,2023,ARKANSAS,AR,CROSS,CORN,25800.0,,26300.0,4941000.0,,191.5,
3135,2023,ARKANSAS,AR,DESHA,CORN,37600.0,,38100.0,7230000.0,,192.3,
3136,2023,ARKANSAS,AR,DREW,CORN,14500.0,,14800.0,2783000.0,,191.9,
3137,2023,ARKANSAS,AR,GREENE,CORN,27200.0,,27700.0,5201000.0,,191.2,
3138,2023,ARKANSAS,AR,JACKSON,CORN,19500.0,,19900.0,3627000.0,,186.0,
3139,2023,ARKANSAS,AR,JEFFERSON,CORN,34200.0,,34600.0,6012000.0,,175.8,
3140,2023,ARKANSAS,AR,LEE,CORN,50500.0,,51700.0,9706000.0,,192.2,
3141,2023,ARKANSAS,AR,LINCOLN,CORN,19900.0,,20100.0,3616000.0,,181.7,
3142,2023,ARKANSAS,AR,LONOKE,CORN,39400.0,,40600.0,6836000.0,,173.5,
3143,2023,ARKANSAS,AR,MISSISSIPPI,CORN,29100.0,,29500.0,5593000.0,,192.2,
3144,2023,ARKANSAS,AR,MONROE,CORN,30700.0,,31700.0,5053000.0,,164.6,
3145,2023,ARKANSAS,AR,OTHER COUNTIES,CORN,135600.0,,142400.0,24356000.0,,179.6,
3146,2023,ARKANSAS,AR,PHILLIPS,CORN,41200.0,,42100.0,7807000.0,,189.5,
3147,2023,ARKANSAS,AR,POINSETT,CORN,35400.0,,35900.0,6662000.0,,188.2,
3148,2023,ARKANSAS,AR,PRAIRIE,CORN,26200.0,,26800.0,5038000.0,,192.3,
3149,2023,ARKANSAS,AR,SAINT FRANCIS,CORN,29000.0,,29500.0,5391000.0,,185.9,
3150,2023,ARKANSAS,AR,WHITE,CORN,8150.0,,8400.0,1522000.0,,186.7,
3151,2023,ARKANSAS,AR,WOODRUFF,CORN,21600.0,,22000.0,3376000.0,,156.3,
3152,2023,ARKANSAS,AR,YELL,CORN,2150.0,,2400.0,324000.0,,150.7,
3153,2023,CALIFORNIA,CA,COLUSA,CORN,880.0,,900.0,187000.0,,212.5,
3154,2023,CALIFORNIA,CA,FRESNO,CORN,,22700.0,,,488000.0,,21.5
3155,2023,CALIFORNIA,CA,GLENN,CORN,2450.0,2170.0,4700.0,409000.0,51000.0,166.9,23.5
3156,2023,CALIFORNIA,CA,KERN,CORN,,36100.0,,,717000.0,,20.0
3157,2023,CALIFORNIA,CA,KINGS,CORN,,45300.0,,,1110000.0,,24.5
3158,2023,CALIFORNIA,CA,MADERA,CORN,,9140.0,,,274000.0,,30.0
3159,2023,CALIFORNIA,CA,MERCED,CORN,,63700.0,,,1752000.0,,27.5
3160,2023,CALIFORNIA,CA,OTHER COUNTIES,CORN,17430.0,7930.0,339600.0,2598000.0,179000.0,149.1,22.5
3161,2023,CALIFORNIA,CA,SACRAMENTO,CORN,4350.0,8730.0,13300.0,877000.0,231000.0,201.6,26.5
3162,2023,CALIFORNIA,CA,SAN JOAQUIN,CORN,8950.0,24100.0,33600.0,1851000.0,639000.0,206.8,26.5
3163,2023,CALIFORNIA,CA,STANISLAUS,CORN,,20000.0,,,550000.0,,27.5
3164,2023,CALIFORNIA,CA,TULARE,CORN,,109700.0,,,3100000.0,,28.5
3165,2023,CALIFORNIA,CA,YOLO,CORN,5940.0,,7900.0,1198000.0,,201.7,
3166,2023,CALIFORNIA,CA,YUBA,CORN,,430.0,,,9000.0,,21.0
3167,2023,COLORADO,CO,BENT,CORN,3520.0,,5200.0,516000.0,,146.6,
3168,2023,COLORADO,CO,BOULDER,CORN,1230.0,,2300.0,172300.0,,140.1,
3169,2023,COLORADO,CO,DELTA,CORN,3890.0,,4400.0,899000.0,,231.1,
3170,2023,COLORADO,CO,ELBERT,CORN,8480.0,,9200.0,398000.0,,46.9,
3171,2023,COLORADO,CO,KIOWA,CORN,20200.0,,22200.0,1604000.0,,79.4,
3172,2023,COLORADO,CO,KIT CARSON,CORN,192200.0,,236000.0,18157000.0,,94.5,
3173,2023,COLORADO,CO,LARIMER,CORN,1940.0,,12100.0,378000.0,,194.8,
3174,2023,COLORADO,CO,LOGAN,CORN,79000.0,,94500.0,12008000.0,,152.0,
3175,2023,COLORADO,CO,MORGAN,CORN,24200.0,,59100.0,4712000.0,,194.7,
3176,2023,COLORADO,CO,OTHER COUNTIES,CORN,196360.0,,232500.0,18436700.0,,93.9,
3177,2023,COLORADO,CO,PHILLIPS,CORN,96900.0,,114500.0,11122000.0,,114.8,
3178,2023,COLORADO,CO,PROWERS,CORN,7960.0,,15300.0,1275000.0,,160.2,
3179,2023,COLORADO,CO,PUEBLO,CORN,2820.0,,4100.0,538000.0,,190.8,
3180,2023,COLORADO,CO,SEDGWICK,CORN,65400.0,,71100.0,7462000.0,,114.1,
3181,2023,COLORADO,CO,WASHINGTON,CORN,98900.0,,108000.0,8760000.0,,88.6,
3182,2023,COLORADO,CO,WELD,CORN,35000.0,,108000.0,7392000.0,,211.2,
3183,2023,COLORADO,CO,YUMA,CORN,177000.0,,231500.0,30000000.0,,169.5,
3184,2023,DELAWARE,DE,KENT,CORN,56100.0,,57000.0,10911000.0,,194.5,
3185,2023,DELAWARE,DE,NEW CASTLE,CORN,16700.0,,17000.0,3200000.0,,191.6,
3186,2023,DELAWARE,DE,SUSSEX,CORN,99200.0,,101000.0,18397000.0,,185.5,
3187,2023,GEORGIA,GA,BAKER,CORN,9810.0,,10300.0,1876000.0,,191.2,
3188,2023,GEORGIA,GA,BANKS,CORN,290.0,,300.0,45100.0,,155.5,
3189,2023,GEORGIA,GA,BERRIEN,CORN,8300.0,,8500.0,1384000.0,,166.7,
3190,2023,GEORGIA,GA,BROOKS,CORN,3840.0,,8400.0,675000.0,,175.8,
3191,2023,GEORGIA,GA,BULLOCH,CORN,3550.0,,4600.0,504000.0,,142.0,
3192,2023,GEORGIA,GA,BURKE,CORN,22900.0,,24300.0,4135000.0,,180.6,
3193,2023,GEORGIA,GA,CALHOUN,CORN,12000.0,,12100.0,2529000.0,,210.8,
3194,2023,GEORGIA,GA,CLAY,CORN,3030.0,,3100.0,584000.0,,192.7,
3195,2023,GEORGIA,GA,COFFEE,CORN,7520.0,,7700.0,1184000.0,,157.4,
3196,2023,GEORGIA,GA,COLQUITT,CORN,4890.0,,5400.0,947000.0,,193.7,
3197,2023,GEORGIA,GA,COOK,CORN,4380.0,,4700.0,795000.0,,181.5,
3198,2023,GEORGIA,GA,EARLY,CORN,10300.0,,10400.0,1787000.0,,173.5,
3199,2023,GEORGIA,GA,EMANUEL,CORN,3560.0,,3800.0,610000.0,,171.3,
3200,2023,GEORGIA,GA,FLOYD,CORN,3030.0,,3100.0,366000.0,,120.8,
3201,2023,GEORGIA,GA,FRANKLIN,CORN,590.0,,600.0,95700.0,,162.2,
3202,2023,GEORGIA,GA,GORDON,CORN,2440.0,,2500.0,412000.0,,168.9,
3203,2023,GEORGIA,GA,GRADY,CORN,8300.0,,8500.0,1479000.0,,178.2,
3204,2023,GEORGIA,GA,HALL,CORN,610.0,,1200.0,78700.0,,129.0,
3205,2023,GEORGIA,GA,IRWIN,CORN,12400.0,,12500.0,2448000.0,,197.4,
3206,2023,GEORGIA,GA,JEFF DAVIS,CORN,6050.0,,6500.0,919000.0,,151.9,
3207,2023,GEORGIA,GA,JEFFERSON,CORN,15200.0,,15600.0,3000000.0,,197.4,
3208,2023,GEORGIA,GA,JENKINS,CORN,4970.0,,5100.0,904000.0,,181.9,
3209,2023,GEORGIA,GA,JOHNSON,CORN,2970.0,,3200.0,494000.0,,166.3,
3210,2023,GEORGIA,GA,LAURENS,CORN,7150.0,,7400.0,1216000.0,,170.1,
3211,2023,GEORGIA,GA,LOWNDES,CORN,650.0,,700.0,101400.0,,156.0,
3212,2023,GEORGIA,GA,MACON,CORN,6490.0,,11400.0,1263000.0,,194.6,
3213,2023,GEORGIA,GA,MILLER,CORN,16700.0,,16800.0,3204000.0,,191.9,
3214,2023,GEORGIA,GA,OTHER COUNTIES,CORN,152970.0,,174900.0,25291800.0,,165.3,
3215,2023,GEORGIA,GA,PIERCE,CORN,7510.0,,7700.0,1297000.0,,172.7,
3216,2023,GEORGIA,GA,RABUN,CORN,180.0,,200.0,21700.0,,120.6,
3217,2023,GEORGIA,GA,RANDOLPH,CORN,11900.0,,12200.0,2005000.0,,168.5,
3218,2023,GEORGIA,GA,SCREVEN,CORN,9360.0,,9600.0,1560000.0,,166.7,
3219,2023,GEORGIA,GA,SUMTER,CORN,21600.0,,22100.0,4098000.0,,189.7,
3220,2023,GEORGIA,GA,TATTNALL,CORN,4010.0,,5200.0,705000.0,,175.8,
3221,2023,GEORGIA,GA,TAYLOR,CORN,980.0,,1000.0,101900.0,,104.0,
3222,2023,GEORGIA,GA,TERRELL,CORN,18100.0,,18200.0,2939000.0,,162.4,
3223,2023,GEORGIA,GA,THOMAS,CORN,1810.0,,2900.0,315000.0,,174.0,
3224,2023,GEORGIA,GA,TIFT,CORN,4390.0,,4500.0,825000.0,,187.9,
3225,2023,GEORGIA,GA,TURNER,CORN,5430.0,,5600.0,798000.0,,147.0,
3226,2023,GEORGIA,GA,WALKER,CORN,2730.0,,2800.0,425000.0,,155.7,
3227,2023,GEORGIA,GA,WALTON,CORN,290.0,,400.0,23700.0,,81.7,
3228,2023,GEORGIA,GA,WARE,CORN,1260.0,,2700.0,165000.0,,131.0,
3229,2023,GEORGIA,GA,WASHINGTON,CORN,6350.0,,6500.0,1285000.0,,202.4,
3230,2023,GEORGIA,GA,WILCOX,CORN,2180.0,,2600.0,406000.0,,186.2,
3231,2023,GEORGIA,GA,WORTH,CORN,7030.0,,7200.0,1262000.0,,179.5,
3232,2023,IDAHO,ID,BINGHAM,CORN,2750.0,,11500.0,506000.0,,184.0,
3233,2023,IDAHO,ID,CANYON,CORN,20000.0,,35000.0,4400000.0,,220.0,
3234,2023,IDAHO,ID,FRANKLIN,CORN,650.0,,5800.0,105000.0,,161.5,
3235,2023,IDAHO,ID,GEM,CORN,4200.0,,4800.0,920000.0,,219.0,
3236,2023,IDAHO,ID,GOODING,CORN,9300.0,,37000.0,1815000.0,,195.2,
3237,2023,IDAHO,ID,LINCOLN,CORN,3690.0,,15600.0,711000.0,,192.7,
3238,2023,IDAHO,ID,OTHER COUNTIES,CORN,46040.0,,155900.0,9059000.0,,196.8,
3239,2023,IDAHO,ID,OWYHEE,CORN,11000.0,,25000.0,2370000.0,,215.5,
3240,2023,IDAHO,ID,PAYETTE,CORN,1800.0,,7100.0,369000.0,,205.0,
3241,2023,IDAHO,ID,POWER,CORN,5100.0,,8000.0,955000.0,,187.3,
3242,2023,IDAHO,ID,TWIN FALLS,CORN,8000.0,,51000.0,1575000.0,,196.9,
3243,2023,IDAHO,ID,WASHINGTON,CORN,2470.0,,3300.0,560000.0,,226.7,
3244,2023,ILLINOIS,IL,ADAMS,CORN,152100.0,,154000.0,28245000.0,,185.7,
3245,2023,ILLINOIS,IL,BOND,CORN,74300.0,,75500.0,14451000.0,,194.5,
3246,2023,ILLINOIS,IL,BOONE,CORN,69700.0,,70500.0,14825000.0,,212.7,
3247,2023,ILLINOIS,IL,BROWN,CORN,38600.0,,39100.0,7427000.0,,192.4,
3248,2023,ILLINOIS,IL,BUREAU,CORN,249000.0,,252000.0,55652000.0,,223.5,
3249,2023,ILLINOIS,IL,CALHOUN,CORN,21100.0,,21300.0,4165000.0,,197.4,
3250,2023,ILLINOIS,IL,CARROLL,CORN,125500.0,,127000.0,28803000.0,,229.5,
3251,2023,ILLINOIS,IL,CASS,CORN,79600.0,,80700.0,17178000.0,,215.8,
3252,2023,ILLINOIS,IL,CHAMPAIGN,CORN,264500.0,,267500.0,57714000.0,,218.2,
3253,2023,ILLINOIS,IL,CHRISTIAN,CORN,197800.0,,200000.0,42883000.0,,216.8,
3254,2023,ILLINOIS,IL,CLARK,CORN,91900.0,,93200.0,18803000.0,,204.6,
3255,2023,ILLINOIS,IL,CLAY,CORN,78900.0,,79800.0,14068000.0,,178.3,
3256,2023,ILLINOIS,IL,CLINTON,CORN,95100.0,,100000.0,14893000.0,,156.6,
3257,2023,ILLINOIS,IL,COLES,CORN,115900.0,,117500.0,25649000.0,,221.3,
3258,2023,ILLINOIS,IL,CRAWFORD,CORN,83500.0,,84700.0,16224000.0,,194.3,
3259,2023,ILLINOIS,IL,CUMBERLAND,CORN,68300.0,,69800.0,14111000.0,,206.6,
3260,2023,ILLINOIS,IL,DE KALB,CORN,190800.0,,194000.0,42509000.0,,222.8,
3261,2023,ILLINOIS,IL,DOUGLAS,CORN,111400.0,,113000.0,23572000.0,,211.6,
3262,2023,ILLINOIS,IL,EDGAR,CORN,159800.0,,161500.0,33318000.0,,208.5,
3263,2023,ILLINOIS,IL,EDWARDS,CORN,43700.0,,44300.0,8076000.0,,184.8,
3264,2023,ILLINOIS,IL,EFFINGHAM,CORN,85500.0,,86900.0,15903000.0,,186.0,
3265,2023,ILLINOIS,IL,FAYETTE,CORN,122500.0,,124000.0,21095000.0,,172.2,
3266,2023,ILLINOIS,IL,FORD,CORN,136600.0,,138000.0,30503000.0,,223.3,
3267,2023,ILLINOIS,IL,FRANKLIN,CORN,39400.0,,39900.0,6844000.0,,173.7,
3268,2023,ILLINOIS,IL,FULTON,CORN,132800.0,,134500.0,26719000.0,,201.2,
3269,2023,ILLINOIS,IL,GREENE,CORN,107500.0,,109000.0,21887000.0,,203.6,
3270,2023,ILLINOIS,IL,HANCOCK,CORN,162100.0,,164000.0,33101000.0,,204.2,
3271,2023,ILLINOIS,IL,HENDERSON,CORN,91600.0,,92800.0,21041000.0,,229.7,
3272,2023,ILLINOIS,IL,HENRY,CORN,225500.0,,228000.0,50399000.0,,223.5,
3273,2023,ILLINOIS,IL,IROQUOIS,CORN,313000.0,,316500.0,67765000.0,,216.5,
3274,2023,ILLINOIS,IL,JACKSON,CORN,34400.0,,35400.0,5683000.0,,165.2,
3275,2023,ILLINOIS,IL,JASPER,CORN,103600.0,,105000.0,19870000.0,,191.8,
3276,2023,ILLINOIS,IL,JEFFERSON,CORN,54700.0,,55400.0,8517000.0,,155.7,
3277,2023,ILLINOIS,IL,JERSEY,CORN,56200.0,,57000.0,11347000.0,,201.9,
3278,2023,ILLINOIS,IL,JO DAVIESS,CORN,93200.0,,96800.0,19684000.0,,211.2,
3279,2023,ILLINOIS,IL,JOHNSON,CORN,9120.0,,9300.0,1456000.0,,159.6,
3280,2023,ILLINOIS,IL,KANE,CORN,72800.0,,73800.0,15222000.0,,209.1,
3281,2023,ILLINOIS,IL,KANKAKEE,CORN,170600.0,,172500.0,35400000.0,,207.5,
3282,2023,ILLINOIS,IL,KENDALL,CORN,70600.0,,71600.0,14558000.0,,206.2,
3283,2023,ILLINOIS,IL,KNOX,CORN,152100.0,,154000.0,33310000.0,,219.0,
3284,2023,ILLINOIS,IL,LA SALLE,CORN,277500.0,,280500.0,55403000.0,,199.7,
3285,2023,ILLINOIS,IL,LAKE,CORN,8970.0,,9100.0,1730000.0,,192.9,
3286,2023,ILLINOIS,IL,LAWRENCE,CORN,77600.0,,78700.0,14458000.0,,186.3,
3287,2023,ILLINOIS,IL,LEE,CORN,231500.0,,234000.0,48083000.0,,207.7,
3288,2023,ILLINOIS,IL,LIVINGSTON,CORN,289500.0,,292500.0,63716000.0,,220.1,
3289,2023,ILLINOIS,IL,LOGAN,CORN,175200.0,,177000.0,36985000.0,,211.1,
3290,2023,ILLINOIS,IL,MACON,CORN,137000.0,,138500.0,30865000.0,,225.3,
3291,2023,ILLINOIS,IL,MACOUPIN,CORN,175800.0,,178000.0,35037000.0,,199.3,
3292,2023,ILLINOIS,IL,MADISON,CORN,107200.0,,108500.0,20293000.0,,189.3,
3293,2023,ILLINOIS,IL,MARION,CORN,85000.0,,86100.0,13413000.0,,157.8,
3294,2023,ILLINOIS,IL,MASON,CORN,124300.0,,126000.0,25867000.0,,208.1,
3295,2023,ILLINOIS,IL,MASSAC,CORN,24500.0,,24800.0,4285000.0,,174.9,
3296,2023,ILLINOIS,IL,MCDONOUGH,CORN,130900.0,,132500.0,29348000.0,,224.2,
3297,2023,ILLINOIS,IL,MCLEAN,CORN,315000.0,,318500.0,70336000.0,,223.3,
3298,2023,ILLINOIS,IL,MENARD,CORN,76500.0,,77500.0,16402000.0,,214.4,
3299,2023,ILLINOIS,IL,MERCER,CORN,137300.0,,139000.0,31112000.0,,226.6,
3300,2023,ILLINOIS,IL,MONROE,CORN,49900.0,,50500.0,7685000.0,,154.0,
3301,2023,ILLINOIS,IL,MONTGOMERY,CORN,155200.0,,157000.0,31444000.0,,202.6,
3302,2023,ILLINOIS,IL,MORGAN,CORN,128900.0,,130500.0,25806000.0,,200.2,
3303,2023,ILLINOIS,IL,MOULTRIE,CORN,83900.0,,84900.0,18500000.0,,220.5,
3304,2023,ILLINOIS,IL,OGLE,CORN,215000.0,,218000.0,46612000.0,,216.8,
3305,2023,ILLINOIS,IL,OTHER COUNTIES,CORN,680620.0,,689500.0,141941000.0,,208.5,
3306,2023,ILLINOIS,IL,PEORIA,CORN,102800.0,,104000.0,22616000.0,,220.0,
3307,2023,ILLINOIS,IL,PERRY,CORN,50900.0,,51600.0,8409000.0,,165.2,
3308,2023,ILLINOIS,IL,PIATT,CORN,123800.0,,125000.0,27632000.0,,223.2,
3309,2023,ILLINOIS,IL,PIKE,CORN,153600.0,,155500.0,29153000.0,,189.8,
3310,2023,ILLINOIS,IL,POPE,CORN,7590.0,,7700.0,1224000.0,,161.3,
3311,2023,ILLINOIS,IL,PULASKI,CORN,16000.0,,16200.0,2587000.0,,161.7,
3312,2023,ILLINOIS,IL,PUTNAM,CORN,30800.0,,31200.0,6582000.0,,213.7,
3313,2023,ILLINOIS,IL,RANDOLPH,CORN,63800.0,,64600.0,10316000.0,,161.7,
3314,2023,ILLINOIS,IL,RICHLAND,CORN,73200.0,,75300.0,14091000.0,,192.5,
3315,2023,ILLINOIS,IL,ROCK ISLAND,CORN,66900.0,,67800.0,14644000.0,,218.9,
3316,2023,ILLINOIS,IL,SALINE,CORN,51000.0,,51700.0,8685000.0,,170.3,
3317,2023,ILLINOIS,IL,SANGAMON,CORN,198700.0,,201000.0,43933000.0,,221.1,
3318,2023,ILLINOIS,IL,SCHUYLER,CORN,62100.0,,62800.0,11724000.0,,188.8,
3319,2023,ILLINOIS,IL,SCOTT,CORN,49700.0,,50400.0,9756000.0,,196.3,
3320,2023,ILLINOIS,IL,SHELBY,CORN,165600.0,,167500.0,32557000.0,,196.6,
3321,2023,ILLINOIS,IL,ST CLAIR,CORN,93300.0,,94400.0,16234000.0,,174.0,
3322,2023,ILLINOIS,IL,STARK,CORN,85300.0,,86400.0,19969000.0,,234.1,
3323,2023,ILLINOIS,IL,STEPHENSON,CORN,157700.0,,163500.0,34221000.0,,217.0,
3324,2023,ILLINOIS,IL,TAZEWELL,CORN,140000.0,,141500.0,31079000.0,,222.0,
3325,2023,ILLINOIS,IL,UNION,CORN,12300.0,,12500.0,1750000.0,,142.3,
3326,2023,ILLINOIS,IL,VERMILION,CORN,215000.0,,217500.0,43903000.0,,204.2,
3327,2023,ILLINOIS,IL,WABASH,CORN,49500.0,,50200.0,9113000.0,,184.1,
3328,2023,ILLINOIS,IL,WASHINGTON,CORN,101300.0,,104500.0,18092000.0,,178.6,
3329,2023,ILLINOIS,IL,WAYNE,CORN,125100.0,,126500.0,23156000.0,,185.1,
3330,2023,ILLINOIS,IL,WHITE,CORN,94100.0,,95300.0,16091000.0,,171.0,
3331,2023,ILLINOIS,IL,WHITESIDE,CORN,210500.0,,213000.0,42374000.0,,201.3,
3332,2023,ILLINOIS,IL,WILL,CORN,89700.0,,91000.0,17509000.0,,195.2,
3333,2023,ILLINOIS,IL,WILLIAMSON,CORN,20600.0,,20800.0,3508000.0,,170.3,
3334,2023,ILLINOIS,IL,WINNEBAGO,CORN,88100.0,,89200.0,16774000.0,,190.4,
3335,2023,ILLINOIS,IL,WOODFORD,CORN,118400.0,,120000.0,26427000.0,,223.2,
3336,2023,INDIANA,IN,ADAMS,CORN,60700.0,,62000.0,12310000.0,,202.8,
3337,2023,INDIANA,IN,ALLEN,CORN,71600.0,,73400.0,13633000.0,,190.4,
3338,2023,INDIANA,IN,BARTHOLOMEW,CORN,53300.0,,54600.0,10394000.0,,195.0,
3339,2023,INDIANA,IN,BENTON,CORN,122300.0,,125500.0,27179000.0,,222.2,
3340,2023,INDIANA,IN,BLACKFORD,CORN,29100.0,,29800.0,5829000.0,,200.3,
3341,2023,INDIANA,IN,BOONE,CORN,79200.0,,80900.0,16410000.0,,207.2,
3342,2023,INDIANA,IN,BROWN,CORN,2730.0,,2800.0,501000.0,,183.5,
3343,2023,INDIANA,IN,CLARK,CORN,16200.0,,16600.0,3060000.0,,188.9,
3344,2023,INDIANA,IN,CLAY,CORN,61800.0,,62100.0,12008000.0,,194.3,
3345,2023,INDIANA,IN,CLINTON,CORN,105200.0,,106500.0,24664000.0,,234.4,
3346,2023,INDIANA,IN,DAVIESS,CORN,85400.0,,86500.0,18271000.0,,213.9,
3347,2023,INDIANA,IN,DEARBORN,CORN,7790.0,,8000.0,1473000.0,,189.1,
3348,2023,INDIANA,IN,DECATUR,CORN,75900.0,,77800.0,16842000.0,,221.9,
3349,2023,INDIANA,IN,DELAWARE,CORN,65600.0,,67200.0,12556000.0,,191.4,
3350,2023,INDIANA,IN,ELKHART,CORN,39900.0,,45000.0,7250000.0,,181.7,
3351,2023,INDIANA,IN,FAYETTE,CORN,33600.0,,34500.0,6989000.0,,208.0,
3352,2023,INDIANA,IN,FRANKLIN,CORN,36300.0,,37100.0,7202000.0,,198.4,
3353,2023,INDIANA,IN,GIBSON,CORN,96200.0,,97200.0,19481000.0,,202.5,
3354,2023,INDIANA,IN,GRANT,CORN,71600.0,,73300.0,15695000.0,,219.2,
3355,2023,INDIANA,IN,GREENE,CORN,50000.0,,51200.0,9480000.0,,189.6,
3356,2023,INDIANA,IN,HAMILTON,CORN,49900.0,,51200.0,10269000.0,,205.8,
3357,2023,INDIANA,IN,HANCOCK,CORN,53700.0,,55000.0,11111000.0,,206.9,
3358,2023,INDIANA,IN,HARRISON,CORN,24300.0,,24800.0,4576000.0,,188.3,
3359,2023,INDIANA,IN,HENDRICKS,CORN,58700.0,,60200.0,13031000.0,,222.0,
3360,2023,INDIANA,IN,HENRY,CORN,72800.0,,74700.0,14371000.0,,197.4,
3361,2023,INDIANA,IN,HOWARD,CORN,59300.0,,60800.0,12785000.0,,215.6,
3362,2023,INDIANA,IN,HUNTINGTON,CORN,63200.0,,64800.0,13379000.0,,211.7,
3363,2023,INDIANA,IN,JASPER,CORN,135800.0,,149500.0,27174000.0,,200.1,
3364,2023,INDIANA,IN,JAY,CORN,75700.0,,77500.0,15042000.0,,198.7,
3365,2023,INDIANA,IN,JEFFERSON,CORN,21500.0,,22000.0,3932000.0,,182.9,
3366,2023,INDIANA,IN,JENNINGS,CORN,33000.0,,33800.0,6333000.0,,191.9,
3367,2023,INDIANA,IN,JOHNSON,CORN,34000.0,,34800.0,7630000.0,,224.4,
3368,2023,INDIANA,IN,KNOX,CORN,116700.0,,118500.0,23573000.0,,202.0,
3369,2023,INDIANA,IN,KOSCIUSKO,CORN,98600.0,,101000.0,19523000.0,,198.0,
3370,2023,INDIANA,IN,LA PORTE,CORN,106200.0,,108500.0,18838000.0,,177.4,
3371,2023,INDIANA,IN,LAGRANGE,CORN,39800.0,,42900.0,7260000.0,,182.4,
3372,2023,INDIANA,IN,LAKE,CORN,50000.0,,51200.0,10375000.0,,207.5,
3373,2023,INDIANA,IN,MADISON,CORN,83300.0,,85200.0,17293000.0,,207.6,
3374,2023,INDIANA,IN,MARION,CORN,3610.0,,3700.0,671000.0,,185.9,
3375,2023,INDIANA,IN,MARSHALL,CORN,83100.0,,93500.0,16362000.0,,196.9,
3376,2023,INDIANA,IN,MIAMI,CORN,65800.0,,67500.0,13292000.0,,202.0,
3377,2023,INDIANA,IN,MONROE,CORN,4590.0,,4700.0,838000.0,,182.6,
3378,2023,INDIANA,IN,MONTGOMERY,CORN,112500.0,,114000.0,25650000.0,,228.0,
3379,2023,INDIANA,IN,MORGAN,CORN,33800.0,,34600.0,6760000.0,,200.0,
3380,2023,INDIANA,IN,NEWTON,CORN,101700.0,,104000.0,22303000.0,,219.3,
3381,2023,INDIANA,IN,NOBLE,CORN,62100.0,,62500.0,12128000.0,,195.3,
3382,2023,INDIANA,IN,OHIO,CORN,2440.0,,2500.0,403000.0,,165.2,
3383,2023,INDIANA,IN,OTHER COUNTIES,CORN,876090.0,,896700.0,177389000.0,,202.5,
3384,2023,INDIANA,IN,OWEN,CORN,21500.0,,22000.0,4124000.0,,191.8,
3385,2023,INDIANA,IN,PIKE,CORN,32400.0,,33200.0,6451000.0,,199.1,
3386,2023,INDIANA,IN,PORTER,CORN,52700.0,,54000.0,10630000.0,,201.7,
3387,2023,INDIANA,IN,POSEY,CORN,78600.0,,79400.0,15626000.0,,198.8,
3388,2023,INDIANA,IN,PULASKI,CORN,100800.0,,103000.0,19868000.0,,197.1,
3389,2023,INDIANA,IN,PUTNAM,CORN,68500.0,,70000.0,13858000.0,,202.3,
3390,2023,INDIANA,IN,RANDOLPH,CORN,102000.0,,103500.0,19706000.0,,193.2,
3391,2023,INDIANA,IN,RIPLEY,CORN,42800.0,,43700.0,7743000.0,,180.9,
3392,2023,INDIANA,IN,RUSH,CORN,103400.0,,106000.0,22903000.0,,221.5,
3393,2023,INDIANA,IN,SCOTT,CORN,12900.0,,14300.0,2485000.0,,192.6,
3394,2023,INDIANA,IN,SHELBY,CORN,82800.0,,84800.0,16610000.0,,200.6,
3395,2023,INDIANA,IN,ST. JOSEPH,CORN,62800.0,,64100.0,11561000.0,,184.1,
3396,2023,INDIANA,IN,STARKE,CORN,52900.0,,54200.0,9998000.0,,189.0,
3397,2023,INDIANA,IN,STEUBEN,CORN,39800.0,,40700.0,7275000.0,,182.8,
3398,2023,INDIANA,IN,SULLIVAN,CORN,68500.0,,70200.0,13645000.0,,199.2,
3399,2023,INDIANA,IN,SWITZERLAND,CORN,5850.0,,6000.0,1059000.0,,181.0,
3400,2023,INDIANA,IN,TIPPECANOE,CORN,84200.0,,85300.0,18726000.0,,222.4,
3401,2023,INDIANA,IN,TIPTON,CORN,67100.0,,67800.0,14010000.0,,208.8,
3402,2023,INDIANA,IN,UNION,CORN,32200.0,,33000.0,7142000.0,,221.8,
3403,2023,INDIANA,IN,VANDERBURGH,CORN,27100.0,,27800.0,5051000.0,,186.4,
3404,2023,INDIANA,IN,VIGO,CORN,46800.0,,48000.0,9304000.0,,198.8,
3405,2023,INDIANA,IN,WABASH,CORN,77700.0,,78600.0,16068000.0,,206.8,
3406,2023,INDIANA,IN,WARRICK,CORN,34700.0,,35600.0,6760000.0,,194.8,
3407,2023,INDIANA,IN,WAYNE,CORN,63700.0,,65100.0,12371000.0,,194.2,
3408,2023,INDIANA,IN,WELLS,CORN,80600.0,,82300.0,16573000.0,,205.6,
3409,2023,INDIANA,IN,WHITE,CORN,122900.0,,126000.0,24297000.0,,197.7,
3410,2023,INDIANA,IN,WHITLEY,CORN,58100.0,,59300.0,10568000.0,,181.9,
3411,2023,IOWA,IA,ALLAMAKEE,CORN,78000.0,10000.0,93200.0,14344000.0,175000.0,183.9,17.5
3412,2023,IOWA,IA,APPANOOSE,CORN,36000.0,,38500.0,6221000.0,,172.8,
3413,2023,IOWA,IA,AUDUBON,CORN,104000.0,,107500.0,20550000.0,,197.6,
3414,2023,IOWA,IA,BENTON,CORN,183500.0,,192000.0,36645000.0,,199.7,
3415,2023,IOWA,IA,BOONE,CORN,148700.0,,150000.0,33681000.0,,226.5,
3416,2023,IOWA,IA,BREMER,CORN,117300.0,2980.0,121000.0,23448000.0,55000.0,199.9,18.5
3417,2023,IOWA,IA,BUCHANAN,CORN,182000.0,,185500.0,34707000.0,,190.7,
3418,2023,IOWA,IA,BUENA VISTA,CORN,155100.0,,162000.0,32881000.0,,212.0,
3419,2023,IOWA,IA,BUTLER,CORN,156800.0,,160500.0,28710000.0,,183.1,
3420,2023,IOWA,IA,CALHOUN,CORN,158000.0,,168000.0,31853000.0,,201.6,
3421,2023,IOWA,IA,CARROLL,CORN,165100.0,,173500.0,32475000.0,,196.7,
3422,2023,IOWA,IA,CEDAR,CORN,149800.0,,152000.0,30814000.0,,205.7,
3423,2023,IOWA,IA,CHEROKEE,CORN,141100.0,2380.0,148500.0,29871000.0,51000.0,211.7,21.5
3424,2023,IOWA,IA,CHICKASAW,CORN,136100.0,7370.0,147000.0,27070000.0,129000.0,198.9,17.5
3425,2023,IOWA,IA,CLAY,CORN,140800.0,4130.0,145000.0,28709000.0,85000.0,203.9,20.5
3426,2023,IOWA,IA,CLAYTON,CORN,124900.0,,140500.0,25117000.0,,201.1,
3427,2023,IOWA,IA,CLINTON,CORN,182000.0,,187500.0,36036000.0,,198.0,
3428,2023,IOWA,IA,CRAWFORD,CORN,189900.0,,197500.0,35682000.0,,187.9,
3429,2023,IOWA,IA,DALLAS,CORN,121300.0,,122500.0,25582000.0,,210.9,
3430,2023,IOWA,IA,DAVIS,CORN,47700.0,2950.0,50900.0,8577000.0,50000.0,179.8,17.0
3431,2023,IOWA,IA,DECATUR,CORN,40700.0,,43100.0,8356000.0,,205.3,
3432,2023,IOWA,IA,DELAWARE,CORN,171700.0,8170.0,187500.0,34151000.0,163000.0,198.9,20.0
3433,2023,IOWA,IA,DES MOINES,CORN,73200.0,,74200.0,15218000.0,,207.9,
3434,2023,IOWA,IA,DICKINSON,CORN,90900.0,,92500.0,18298000.0,,201.3,
3435,2023,IOWA,IA,DUBUQUE,CORN,122200.0,12300.0,148500.0,24379000.0,258000.0,199.5,21.0
3436,2023,IOWA,IA,FAYETTE,CORN,180200.0,6120.0,189000.0,37103000.0,129000.0,205.9,21.0
3437,2023,IOWA,IA,FLOYD,CORN,127300.0,11000.0,139500.0,24416000.0,226000.0,191.8,20.5
3438,2023,IOWA,IA,FRANKLIN,CORN,188500.0,,191000.0,39679000.0,,210.5,
3439,2023,IOWA,IA,FREMONT,CORN,117400.0,,119000.0,24771000.0,,211.0,
3440,2023,IOWA,IA,GREENE,CORN,161200.0,,163500.0,33530000.0,,208.0,
3441,2023,IOWA,IA,GRUNDY,CORN,156500.0,,158500.0,33319000.0,,212.9,
3442,2023,IOWA,IA,HAMILTON,CORN,179400.0,,181000.0,38661000.0,,215.5,
3443,2023,IOWA,IA,HANCOCK,CORN,182100.0,,184000.0,37312000.0,,204.9,
3444,2023,IOWA,IA,HARDIN,CORN,178400.0,,180500.0,38053000.0,,213.3,
3445,2023,IOWA,IA,HARRISON,CORN,172100.0,,175000.0,32751000.0,,190.3,
3446,2023,IOWA,IA,HENRY,CORN,76000.0,,77300.0,14828000.0,,195.1,
3447,2023,IOWA,IA,HOWARD,CORN,125900.0,,133000.0,23153000.0,,183.9,
3448,2023,IOWA,IA,HUMBOLDT,CORN,128200.0,,129500.0,26384000.0,,205.8,
3449,2023,IOWA,IA,IDA,CORN,116800.0,,126500.0,23126000.0,,198.0,
3450,2023,IOWA,IA,IOWA,CORN,116700.0,,119000.0,24915000.0,,213.5,
3451,2023,IOWA,IA,JACKSON,CORN,106400.0,,118500.0,20173000.0,,189.6,
3452,2023,IOWA,IA,JASPER,CORN,167200.0,,169500.0,36450000.0,,218.0,
3453,2023,IOWA,IA,JEFFERSON,CORN,70500.0,,72500.0,13755000.0,,195.1,
3454,2023,IOWA,IA,JOHNSON,CORN,104300.0,1470.0,106000.0,21183000.0,25700.0,203.1,17.5
3455,2023,IOWA,IA,JONES,CORN,138600.0,,147000.0,26431000.0,,190.7,
3456,2023,IOWA,IA,KEOKUK,CORN,119100.0,,121000.0,25202000.0,,211.6,
3457,2023,IOWA,IA,LEE,CORN,74000.0,1470.0,75600.0,15074000.0,22800.0,203.7,15.5
3458,2023,IOWA,IA,LINN,CORN,143600.0,,147000.0,25776000.0,,179.5,
3459,2023,IOWA,IA,LUCAS,CORN,34800.0,,36100.0,6052000.0,,173.9,
3460,2023,IOWA,IA,LYON,CORN,151800.0,19100.0,185500.0,30390000.0,400000.0,200.2,21.0
3461,2023,IOWA,IA,MADISON,CORN,64000.0,,64800.0,12928000.0,,202.0,
3462,2023,IOWA,IA,MAHASKA,CORN,125100.0,,128000.0,26884000.0,,214.9,
3463,2023,IOWA,IA,MARION,CORN,74000.0,,75300.0,15074000.0,,203.7,
3464,2023,IOWA,IA,MARSHALL,CORN,134700.0,12700.0,147500.0,29136000.0,318000.0,216.3,25.0
3465,2023,IOWA,IA,MILLS,CORN,94500.0,,95500.0,19306000.0,,204.3,
3466,2023,IOWA,IA,MITCHELL,CORN,143600.0,,151500.0,24670000.0,,171.8,
3467,2023,IOWA,IA,MONONA,CORN,165800.0,,170000.0,27423000.0,,165.4,
3468,2023,IOWA,IA,MONROE,CORN,28300.0,1370.0,29700.0,5125000.0,25300.0,181.1,18.5
3469,2023,IOWA,IA,MONTGOMERY,CORN,93400.0,,94500.0,19259000.0,,206.2,
3470,2023,IOWA,IA,MUSCATINE,CORN,87300.0,,88700.0,18499000.0,,211.9,
3471,2023,IOWA,IA,O BRIEN,CORN,163700.0,5020.0,170500.0,34819000.0,128000.0,212.7,25.5
3472,2023,IOWA,IA,OSCEOLA,CORN,110300.0,,118000.0,22468000.0,,203.7,
3473,2023,IOWA,IA,OTHER COUNTIES,CORN,1354200.0,214620.0,1383000.0,269338000.0,4114200.0,198.9,19.0
3474,2023,IOWA,IA,PAGE,CORN,110800.0,,112000.0,22891000.0,,206.6,
3475,2023,IOWA,IA,PALO ALTO,CORN,157900.0,,160000.0,33427000.0,,211.7,
3476,2023,IOWA,IA,PLYMOUTH,CORN,212000.0,,234000.0,43608000.0,,205.7,
3477,2023,IOWA,IA,POCAHONTAS,CORN,176200.0,,178500.0,38429000.0,,218.1,
3478,2023,IOWA,IA,POLK,CORN,72700.0,,73500.0,15005000.0,,206.4,
3479,2023,IOWA,IA,POTTAWATTAMIE,CORN,237500.0,,240500.0,47144000.0,,198.5,
3480,2023,IOWA,IA,POWESHIEK,CORN,138500.0,,140500.0,28379000.0,,204.9,
3481,2023,IOWA,IA,SAC,CORN,159000.0,,166500.0,31657000.0,,199.1,
3482,2023,IOWA,IA,SCOTT,CORN,102900.0,,104500.0,21619000.0,,210.1,
3483,2023,IOWA,IA,SHELBY,CORN,162900.0,,170500.0,31928000.0,,196.0,
3484,2023,IOWA,IA,SIOUX,CORN,191400.0,31200.0,245500.0,40462000.0,723000.0,211.4,23.0
3485,2023,IOWA,IA,STORY,CORN,150600.0,,152500.0,31837000.0,,211.4,
3486,2023,IOWA,IA,TAMA,CORN,162200.0,,165500.0,32018000.0,,197.4,
3487,2023,IOWA,IA,TAYLOR,CORN,81900.0,,84500.0,15799000.0,,192.9,
3488,2023,IOWA,IA,UNION,CORN,58000.0,,59300.0,12586000.0,,217.0,
3489,2023,IOWA,IA,VAN BUREN,CORN,49500.0,,51500.0,9370000.0,,189.3,
3490,2023,IOWA,IA,WAPELLO,CORN,57100.0,,58400.0,11586000.0,,202.9,
3491,2023,IOWA,IA,WARREN,CORN,58800.0,,61900.0,11713000.0,,199.2,
3492,2023,IOWA,IA,WASHINGTON,CORN,113400.0,,115500.0,21353000.0,,188.3,
3493,2023,IOWA,IA,WEBSTER,CORN,192700.0,,195000.0,41007000.0,,212.8,
3494,2023,IOWA,IA,WINNEBAGO,CORN,118200.0,,120000.0,24976000.0,,211.3,
3495,2023,IOWA,IA,WINNESHIEK,CORN,143000.0,18200.0,165500.0,27928000.0,418000.0,195.3,23.0
3496,2023,IOWA,IA,WOODBURY,CORN,190600.0,7450.0,211000.0,32078000.0,104000.0,168.3,14.0
3497,2023,IOWA,IA,WORTH,CORN,110100.0,,111500.0,20655000.0,,187.6,
3498,2023,IOWA,IA,WRIGHT,CORN,169400.0,,171000.0,34304000.0,,202.5,
3499,2023,KANSAS,KS,ALLEN,CORN,33700.0,,34600.0,3259000.0,,96.7,
3500,2023,KANSAS,KS,ATCHISON,CORN,68800.0,,69700.0,12604000.0,,183.2,
3501,2023,KANSAS,KS,BARTON,CORN,24600.0,,31400.0,3095000.0,,125.8,
3502,2023,KANSAS,KS,BOURBON,CORN,14400.0,,18400.0,1670000.0,,116.0,
3503,2023,KANSAS,KS,BROWN,CORN,124200.0,,126000.0,23427000.0,,188.6,
3504,2023,KANSAS,KS,BUTLER,CORN,59700.0,,69200.0,5791000.0,,97.0,
3505,2023,KANSAS,KS,CHASE,CORN,6240.0,,9600.0,687000.0,,110.1,
3506,2023,KANSAS,KS,CHAUTAUQUA,CORN,1900.0,,2200.0,175200.0,,92.2,
3507,2023,KANSAS,KS,CHEROKEE,CORN,56500.0,,57600.0,6695000.0,,118.5,
3508,2023,KANSAS,KS,CHEYENNE,CORN,82200.0,,89900.0,9264000.0,,112.7,
3509,2023,KANSAS,KS,CLOUD,CORN,66500.0,,75300.0,4622000.0,,69.5,
3510,2023,KANSAS,KS,COFFEY,CORN,30900.0,,34000.0,2837000.0,,91.8,
3511,2023,KANSAS,KS,COWLEY,CORN,28300.0,,30400.0,3138000.0,,110.9,
3512,2023,KANSAS,KS,CRAWFORD,CORN,41100.0,,42700.0,4632000.0,,112.7,
3513,2023,KANSAS,KS,DECATUR,CORN,110500.0,,114500.0,11437000.0,,103.5,
3514,2023,KANSAS,KS,DICKINSON,CORN,20100.0,,30600.0,2109000.0,,104.9,
3515,2023,KANSAS,KS,DOUGLAS,CORN,29100.0,,30400.0,3835000.0,,131.8,
3516,2023,KANSAS,KS,EDWARDS,CORN,55500.0,,69700.0,8731000.0,,157.3,
3517,2023,KANSAS,KS,ELK,CORN,4570.0,,4900.0,452000.0,,98.9,
3518,2023,KANSAS,KS,ELLSWORTH,CORN,4050.0,,4200.0,394000.0,,97.3,
3519,2023,KANSAS,KS,FRANKLIN,CORN,35500.0,,38700.0,4161000.0,,117.2,
3520,2023,KANSAS,KS,GEARY,CORN,11800.0,,13200.0,1468000.0,,124.4,
3521,2023,KANSAS,KS,GOVE,CORN,86800.0,,102000.0,5000000.0,,57.6,
3522,2023,KANSAS,KS,GRAHAM,CORN,51300.0,,55500.0,3258000.0,,63.5,
3523,2023,KANSAS,KS,GRANT,CORN,45300.0,,56300.0,6813000.0,,150.4,
3524,2023,KANSAS,KS,GRAY,CORN,74200.0,,80600.0,15115000.0,,203.7,
3525,2023,KANSAS,KS,GREELEY,CORN,48700.0,,53600.0,3448000.0,,70.8,
3526,2023,KANSAS,KS,GREENWOOD,CORN,6080.0,,8000.0,403000.0,,66.3,
3527,2023,KANSAS,KS,HARPER,CORN,2520.0,,2800.0,256000.0,,101.6,
3528,2023,KANSAS,KS,HASKELL,CORN,78300.0,,84100.0,14446000.0,,184.5,
3529,2023,KANSAS,KS,JACKSON,CORN,43700.0,,45200.0,7460000.0,,170.7,
3530,2023,KANSAS,KS,JEFFERSON,CORN,44800.0,,49500.0,8301000.0,,185.3,
3531,2023,KANSAS,KS,JOHNSON,CORN,11400.0,,11800.0,1546000.0,,135.6,
3532,2023,KANSAS,KS,KINGMAN,CORN,12000.0,,13000.0,1632000.0,,136.0,
3533,2023,KANSAS,KS,KIOWA,CORN,30800.0,,31200.0,4306000.0,,139.8,
3534,2023,KANSAS,KS,LABETTE,CORN,38100.0,,39100.0,3612000.0,,94.8,
3535,2023,KANSAS,KS,LANE,CORN,19100.0,,31400.0,1259000.0,,65.9,
3536,2023,KANSAS,KS,LEAVENWORTH,CORN,24400.0,,25000.0,3938000.0,,161.4,
3537,2023,KANSAS,KS,LINCOLN,CORN,5280.0,,8600.0,359000.0,,68.0,
3538,2023,KANSAS,KS,LOGAN,CORN,103000.0,,109000.0,8714000.0,,84.6,
3539,2023,KANSAS,KS,LYON,CORN,26100.0,,31600.0,2446000.0,,93.7,
3540,2023,KANSAS,KS,MARION,CORN,59300.0,,76800.0,5373000.0,,90.6,
3541,2023,KANSAS,KS,MARSHALL,CORN,151000.0,,156000.0,20502000.0,,135.8,
3542,2023,KANSAS,KS,MCPHERSON,CORN,53100.0,,55500.0,4975000.0,,93.7,
3543,2023,KANSAS,KS,MEADE,CORN,66600.0,,73400.0,14059000.0,,211.1,
3544,2023,KANSAS,KS,MIAMI,CORN,19800.0,,21600.0,2713000.0,,137.0,
3545,2023,KANSAS,KS,MITCHELL,CORN,23500.0,,46100.0,1445000.0,,61.5,
3546,2023,KANSAS,KS,MONTGOMERY,CORN,24500.0,,25000.0,2901000.0,,118.4,
3547,2023,KANSAS,KS,MORRIS,CORN,17300.0,,23400.0,1450000.0,,83.8,
3548,2023,KANSAS,KS,NEMAHA,CORN,119700.0,,132000.0,20286000.0,,169.5,
3549,2023,KANSAS,KS,NEOSHO,CORN,34700.0,,35100.0,3008000.0,,86.7,
3550,2023,KANSAS,KS,OSAGE,CORN,35900.0,,37600.0,3629000.0,,101.1,
3551,2023,KANSAS,KS,OTHER COUNTIES,CORN,1408610.0,,1598200.0,156721000.0,,111.3,
3552,2023,KANSAS,KS,OTTAWA,CORN,23400.0,,26200.0,2190000.0,,93.6,
3553,2023,KANSAS,KS,PRATT,CORN,58800.0,,61200.0,10655000.0,,181.2,
3554,2023,KANSAS,KS,RAWLINS,CORN,110400.0,,116000.0,11493000.0,,104.1,
3555,2023,KANSAS,KS,RENO,CORN,46300.0,,48300.0,8644000.0,,186.7,
3556,2023,KANSAS,KS,RICE,CORN,33200.0,,35900.0,3733000.0,,112.4,
3557,2023,KANSAS,KS,RILEY,CORN,26200.0,,27200.0,3760000.0,,143.5,
3558,2023,KANSAS,KS,ROOKS,CORN,12200.0,,24300.0,870000.0,,71.3,
3559,2023,KANSAS,KS,RUSSELL,CORN,3050.0,,6800.0,167800.0,,55.0,
3560,2023,KANSAS,KS,SALINE,CORN,11400.0,,15500.0,1176000.0,,103.2,
3561,2023,KANSAS,KS,SEDGWICK,CORN,52100.0,,53200.0,6882000.0,,132.1,
3562,2023,KANSAS,KS,SEWARD,CORN,52300.0,,61300.0,9474000.0,,181.1,
3563,2023,KANSAS,KS,SHAWNEE,CORN,35500.0,,36000.0,4895000.0,,137.9,
3564,2023,KANSAS,KS,SHERIDAN,CORN,127400.0,,145000.0,12269000.0,,96.3,
3565,2023,KANSAS,KS,SHERMAN,CORN,173400.0,,203000.0,16976000.0,,97.9,
3566,2023,KANSAS,KS,SMITH,CORN,102900.0,,106500.0,9354000.0,,90.9,
3567,2023,KANSAS,KS,STEVENS,CORN,109500.0,,114500.0,16425000.0,,150.0,
3568,2023,KANSAS,KS,SUMNER,CORN,49500.0,,51000.0,5965000.0,,120.5,
3569,2023,KANSAS,KS,THOMAS,CORN,225500.0,,247000.0,24512000.0,,108.7,
3570,2023,KANSAS,KS,WABAUNSEE,CORN,26700.0,,29200.0,2611000.0,,97.8,
3571,2023,KANSAS,KS,WALLACE,CORN,87000.0,,96200.0,7743000.0,,89.0,
3572,2023,KANSAS,KS,WICHITA,CORN,64900.0,,86300.0,4913000.0,,75.7,
3573,2023,KANSAS,KS,WILSON,CORN,42300.0,,43200.0,4285000.0,,101.3,
3574,2023,KENTUCKY,KY,ADAIR,CORN,10600.0,,13400.0,2162000.0,,204.0,
3575,2023,KENTUCKY,KY,BALLARD,CORN,35300.0,,36300.0,6139000.0,,173.9,
3576,2023,KENTUCKY,KY,BARREN,CORN,29000.0,,33000.0,5597000.0,,193.0,
3577,2023,KENTUCKY,KY,BATH,CORN,1800.0,,2000.0,352000.0,,195.6,
3578,2023,KENTUCKY,KY,BOURBON,CORN,6500.0,,7200.0,1240000.0,,190.8,
3579,2023,KENTUCKY,KY,BREATHITT,CORN,100.0,,200.0,18200.0,,182.0,
3580,2023,KENTUCKY,KY,BRECKINRIDGE,CORN,24700.0,,25500.0,4320000.0,,174.9,
3581,2023,KENTUCKY,KY,BULLITT,CORN,2500.0,,2600.0,471000.0,,188.4,
3582,2023,KENTUCKY,KY,BUTLER,CORN,19500.0,,20400.0,3699000.0,,189.7,
3583,2023,KENTUCKY,KY,CALDWELL,CORN,34400.0,,36300.0,6663000.0,,193.7,
3584,2023,KENTUCKY,KY,CALLOWAY,CORN,39100.0,,40200.0,6342000.0,,162.2,
3585,2023,KENTUCKY,KY,CARLISLE,CORN,25400.0,,26300.0,4483000.0,,176.5,
3586,2023,KENTUCKY,KY,CARTER,CORN,800.0,,800.0,117400.0,,146.8,
3587,2023,KENTUCKY,KY,CASEY,CORN,6500.0,,8900.0,1279000.0,,196.8,
3588,2023,KENTUCKY,KY,CHRISTIAN,CORN,79000.0,,82500.0,15610000.0,,197.6,
3589,2023,KENTUCKY,KY,CLARK,CORN,3100.0,,3300.0,542000.0,,174.8,
3590,2023,KENTUCKY,KY,CLINTON,CORN,2550.0,,2900.0,497000.0,,194.9,
3591,2023,KENTUCKY,KY,CRITTENDEN,CORN,21200.0,,22000.0,3610000.0,,170.3,
3592,2023,KENTUCKY,KY,CUMBERLAND,CORN,2850.0,,3000.0,540000.0,,189.5,
3593,2023,KENTUCKY,KY,DAVIESS,CORN,66300.0,,68500.0,12352000.0,,186.3,
3594,2023,KENTUCKY,KY,EDMONSON,CORN,4400.0,,5100.0,822000.0,,186.8,
3595,2023,KENTUCKY,KY,ESTILL,CORN,650.0,,700.0,114900.0,,176.8,
3596,2023,KENTUCKY,KY,FAYETTE,CORN,3250.0,,3500.0,625000.0,,192.3,
3597,2023,KENTUCKY,KY,FLEMING,CORN,3800.0,,4100.0,631000.0,,166.1,
3598,2023,KENTUCKY,KY,FULTON,CORN,24900.0,,25700.0,4507000.0,,181.0,
3599,2023,KENTUCKY,KY,GARRARD,CORN,1400.0,,2700.0,255000.0,,182.1,
3600,2023,KENTUCKY,KY,GRAVES,CORN,79000.0,,82000.0,15056000.0,,190.6,
3601,2023,KENTUCKY,KY,GRAYSON,CORN,11400.0,,15000.0,1917000.0,,168.2,
3602,2023,KENTUCKY,KY,GREEN,CORN,14000.0,,15200.0,2801000.0,,200.1,
3603,2023,KENTUCKY,KY,HANCOCK,CORN,5900.0,,10100.0,1254000.0,,212.5,
3604,2023,KENTUCKY,KY,HARDIN,CORN,33100.0,,34200.0,6365000.0,,192.3,
3605,2023,KENTUCKY,KY,HARRISON,CORN,4950.0,,5700.0,969000.0,,195.8,
3606,2023,KENTUCKY,KY,HART,CORN,6500.0,,8700.0,1284000.0,,197.5,
3607,2023,KENTUCKY,KY,HENDERSON,CORN,82500.0,,85000.0,14322000.0,,173.6,
3608,2023,KENTUCKY,KY,HICKMAN,CORN,43100.0,,45000.0,8491000.0,,197.0,
3609,2023,KENTUCKY,KY,JACKSON,CORN,100.0,,200.0,11100.0,,111.0,
3610,2023,KENTUCKY,KY,KENTON,CORN,120.0,,200.0,16400.0,,136.7,
3611,2023,KENTUCKY,KY,KNOX,CORN,220.0,,300.0,32100.0,,145.9,
3612,2023,KENTUCKY,KY,LARUE,CORN,22200.0,,23000.0,4583000.0,,206.4,
3613,2023,KENTUCKY,KY,LAUREL,CORN,360.0,,500.0,53500.0,,148.6,
3614,2023,KENTUCKY,KY,LEWIS,CORN,2000.0,,2000.0,325000.0,,162.5,
3615,2023,KENTUCKY,KY,LINCOLN,CORN,9600.0,,10900.0,1671000.0,,174.1,
3616,2023,KENTUCKY,KY,LIVINGSTON,CORN,20600.0,,21600.0,3391000.0,,164.6,
3617,2023,KENTUCKY,KY,MADISON,CORN,1300.0,,1600.0,216000.0,,166.2,
3618,2023,KENTUCKY,KY,MARION,CORN,14700.0,,16200.0,2954000.0,,201.0,
3619,2023,KENTUCKY,KY,MASON,CORN,7600.0,,8300.0,1506000.0,,198.2,
3620,2023,KENTUCKY,KY,MCCRACKEN,CORN,14900.0,,15400.0,2260000.0,,151.7,
3621,2023,KENTUCKY,KY,MCLEAN,CORN,47600.0,,49000.0,9015000.0,,189.4,
3622,2023,KENTUCKY,KY,MEADE,CORN,17400.0,,18000.0,3604000.0,,207.1,
3623,2023,KENTUCKY,KY,MERCER,CORN,6350.0,,6800.0,1313000.0,,206.8,
3624,2023,KENTUCKY,KY,METCALFE,CORN,7500.0,,8500.0,1364000.0,,181.9,
3625,2023,KENTUCKY,KY,MONROE,CORN,6950.0,,10700.0,1238000.0,,178.1,
3626,2023,KENTUCKY,KY,MONTGOMERY,CORN,930.0,,1300.0,138800.0,,149.2,
3627,2023,KENTUCKY,KY,MORGAN,CORN,230.0,,300.0,33400.0,,145.2,
3628,2023,KENTUCKY,KY,MUHLENBERG,CORN,18700.0,,19600.0,3416000.0,,182.7,
3629,2023,KENTUCKY,KY,OHIO,CORN,34600.0,,36400.0,6519000.0,,188.4,
3630,2023,KENTUCKY,KY,OLDHAM,CORN,2400.0,,2700.0,466000.0,,194.2,
3631,2023,KENTUCKY,KY,OTHER COUNTIES,CORN,201240.0,,217500.0,36704700.0,,182.4,
3632,2023,KENTUCKY,KY,OWEN,CORN,700.0,,1100.0,131700.0,,188.1,
3633,2023,KENTUCKY,KY,ROWAN,CORN,250.0,,300.0,38800.0,,155.2,
3634,2023,KENTUCKY,KY,RUSSELL,CORN,3450.0,,5800.0,621000.0,,180.0,
3635,2023,KENTUCKY,KY,SCOTT,CORN,2750.0,,3400.0,557000.0,,202.5,
3636,2023,KENTUCKY,KY,SHELBY,CORN,20200.0,,21200.0,3963000.0,,196.2,
3637,2023,KENTUCKY,KY,SIMPSON,CORN,41700.0,,43000.0,7577000.0,,181.7,
3638,2023,KENTUCKY,KY,TAYLOR,CORN,14700.0,,15400.0,3115000.0,,211.9,
3639,2023,KENTUCKY,KY,TODD,CORN,47900.0,,49500.0,9590000.0,,200.2,
3640,2023,KENTUCKY,KY,TRIGG,CORN,21400.0,,22100.0,3829000.0,,178.9,
3641,2023,KENTUCKY,KY,TRIMBLE,CORN,2500.0,,2700.0,496000.0,,198.4,
3642,2023,KENTUCKY,KY,UNION,CORN,75700.0,,78000.0,14459000.0,,191.0,
3643,2023,KENTUCKY,KY,WARREN,CORN,40000.0,,42500.0,8356000.0,,208.9,
3644,2023,KENTUCKY,KY,WASHINGTON,CORN,5900.0,,8600.0,1150000.0,,194.9,
3645,2023,KENTUCKY,KY,WAYNE,CORN,6500.0,,6900.0,1410000.0,,216.9,
3646,2023,KENTUCKY,KY,WEBSTER,CORN,46200.0,,47500.0,8395000.0,,181.7,
3647,2023,KENTUCKY,KY,WOODFORD,CORN,2500.0,,3000.0,533000.0,,213.2,
3648,2023,LOUISIANA,LA,AVOYELLES,CORN,22400.0,,22900.0,3568000.0,,159.3,
3649,2023,LOUISIANA,LA,CADDO,CORN,16400.0,,16800.0,2332000.0,,142.2,
3650,2023,LOUISIANA,LA,CATAHOULA,CORN,40300.0,,40800.0,7564000.0,,187.7,
3651,2023,LOUISIANA,LA,CONCORDIA,CORN,18600.0,,21300.0,3400000.0,,182.8,
3652,2023,LOUISIANA,LA,EAST CARROLL,CORN,62700.0,,63100.0,11161000.0,,178.0,
3653,2023,LOUISIANA,LA,FRANKLIN,CORN,105700.0,,107000.0,19009000.0,,179.8,
3654,2023,LOUISIANA,LA,MADISON,CORN,82200.0,,85100.0,14393000.0,,175.1,
3655,2023,LOUISIANA,LA,MOREHOUSE,CORN,80500.0,,83400.0,14917000.0,,185.3,
3656,2023,LOUISIANA,LA,NATCHITOCHES,CORN,18200.0,,18700.0,2302000.0,,126.5,
3657,2023,LOUISIANA,LA,OTHER COUNTIES,CORN,28140.0,,30800.0,4184100.0,,148.7,
3658,2023,LOUISIANA,LA,OUACHITA,CORN,8270.0,,8400.0,1507000.0,,182.2,
3659,2023,LOUISIANA,LA,RAPIDES,CORN,7330.0,,7700.0,1206000.0,,164.5,
3660,2023,LOUISIANA,LA,RED RIVER,CORN,6200.0,,6300.0,805000.0,,129.8,
3661,2023,LOUISIANA,LA,RICHLAND,CORN,68300.0,,69800.0,11777000.0,,172.4,
3662,2023,LOUISIANA,LA,SAINT LANDRY,CORN,8470.0,,9000.0,1338000.0,,158.0,
3663,2023,LOUISIANA,LA,TENSAS,CORN,61400.0,,62600.0,11138000.0,,181.4,
3664,2023,LOUISIANA,LA,WASHINGTON,CORN,1290.0,,2300.0,168900.0,,130.9,
3665,2023,LOUISIANA,LA,WEST CARROLL,CORN,43600.0,,44000.0,8230000.0,,188.8,
3666,2023,MARYLAND,MD,ANNE ARUNDEL,CORN,3930.0,,4000.0,629000.0,,160.1,
3667,2023,MARYLAND,MD,BALTIMORE,CORN,15100.0,,17300.0,2442000.0,,161.7,
3668,2023,MARYLAND,MD,CALVERT,CORN,2850.0,,2900.0,411000.0,,144.2,
3669,2023,MARYLAND,MD,CAROLINE,CORN,42900.0,,43700.0,7649000.0,,178.3,
3670,2023,MARYLAND,MD,CARROLL,CORN,27200.0,,30200.0,3454000.0,,127.0,
3671,2023,MARYLAND,MD,CECIL,CORN,19800.0,,22400.0,3556000.0,,179.6,
3672,2023,MARYLAND,MD,CHARLES,CORN,5100.0,,5200.0,776000.0,,152.2,
3673,2023,MARYLAND,MD,DORCHESTER,CORN,30500.0,,31100.0,5810000.0,,190.5,
3674,2023,MARYLAND,MD,FREDERICK,CORN,32000.0,,45100.0,3830000.0,,119.7,
3675,2023,MARYLAND,MD,GARRETT,CORN,4740.0,,6500.0,559000.0,,117.9,
3676,2023,MARYLAND,MD,HOWARD,CORN,4700.0,,5100.0,887000.0,,188.7,
3677,2023,MARYLAND,MD,KENT,CORN,40500.0,,41700.0,7497000.0,,185.1,
3678,2023,MARYLAND,MD,MONTGOMERY,CORN,10400.0,,10600.0,1622000.0,,156.0,
3679,2023,MARYLAND,MD,OTHER COUNTIES,CORN,28280.0,,29500.0,4495000.0,,158.9,
3680,2023,MARYLAND,MD,PRINCE GEORGES,CORN,1650.0,,1900.0,232000.0,,140.6,
3681,2023,MARYLAND,MD,QUEEN ANNES,CORN,54700.0,,55700.0,9891000.0,,180.8,
3682,2023,MARYLAND,MD,SOMERSET,CORN,13900.0,,14200.0,2628000.0,,189.1,
3683,2023,MARYLAND,MD,TALBOT,CORN,33600.0,,34200.0,5719000.0,,170.2,
3684,2023,MARYLAND,MD,WASHINGTON,CORN,8950.0,,18200.0,1156000.0,,129.2,
3685,2023,MARYLAND,MD,WICOMICO,CORN,25000.0,,25500.0,3895000.0,,155.8,
3686,2023,MARYLAND,MD,WORCESTER,CORN,34200.0,,35000.0,5462000.0,,159.7,
3687,2023,MICHIGAN,MI,ALLEGAN,CORN,68000.0,,74300.0,11975000.0,,176.1,
3688,2023,MICHIGAN,MI,ALPENA,CORN,8160.0,,9400.0,1309000.0,,160.4,
3689,2023,MICHIGAN,MI,ANTRIM,CORN,1130.0,,2100.0,159400.0,,141.1,
3690,2023,MICHIGAN,MI,ARENAC,CORN,16400.0,,18700.0,2599000.0,,158.5,
3691,2023,MICHIGAN,MI,BARRY,CORN,37400.0,,41800.0,5933000.0,,158.6,
3692,2023,MICHIGAN,MI,BAY,CORN,49200.0,,51300.0,8733000.0,,177.5,
3693,2023,MICHIGAN,MI,BENZIE,CORN,590.0,,1100.0,71600.0,,121.4,
3694,2023,MICHIGAN,MI,BRANCH,CORN,79900.0,,83400.0,13495000.0,,168.9,
3695,2023,MICHIGAN,MI,CALHOUN,CORN,72900.0,,80100.0,10811000.0,,148.3,
3696,2023,MICHIGAN,MI,CASS,CORN,67600.0,,71200.0,10563000.0,,156.3,
3697,2023,MICHIGAN,MI,CHARLEVOIX,CORN,1390.0,,1900.0,165700.0,,119.2,
3698,2023,MICHIGAN,MI,DICKINSON,CORN,400.0,,1200.0,58500.0,,146.3,
3699,2023,MICHIGAN,MI,EATON,CORN,52800.0,,55300.0,8696000.0,,164.7,
3700,2023,MICHIGAN,MI,EMMET,CORN,490.0,,800.0,60300.0,,123.1,
3701,2023,MICHIGAN,MI,GENESEE,CORN,29400.0,,30600.0,4625000.0,,157.3,
3702,2023,MICHIGAN,MI,GLADWIN,CORN,7870.0,,8700.0,1201000.0,,152.6,
3703,2023,MICHIGAN,MI,GRAND TRAVERSE,CORN,5470.0,,6600.0,694000.0,,126.9,
3704,2023,MICHIGAN,MI,GRATIOT,CORN,86200.0,,100500.0,14533000.0,,168.6,
3705,2023,MICHIGAN,MI,HILLSDALE,CORN,69600.0,,73700.0,11185000.0,,160.7,
3706,2023,MICHIGAN,MI,HURON,CORN,73600.0,,102000.0,14225000.0,,193.3,
3707,2023,MICHIGAN,MI,INGHAM,CORN,40600.0,,52700.0,7316000.0,,180.2,
3708,2023,MICHIGAN,MI,IONIA,CORN,68000.0,,75300.0,11900000.0,,175.0,
3709,2023,MICHIGAN,MI,ISABELLA,CORN,37200.0,,49500.0,5643000.0,,151.7,
3710,2023,MICHIGAN,MI,JACKSON,CORN,49400.0,,56000.0,8141000.0,,164.8,
3711,2023,MICHIGAN,MI,KALAMAZOO,CORN,49900.0,,56000.0,7235000.0,,145.0,
3712,2023,MICHIGAN,MI,KENT,CORN,32300.0,,34800.0,5762000.0,,178.4,
3713,2023,MICHIGAN,MI,LAPEER,CORN,34700.0,,36900.0,5902000.0,,170.1,
3714,2023,MICHIGAN,MI,LEELANAU,CORN,1660.0,,2600.0,164000.0,,98.8,
3715,2023,MICHIGAN,MI,LENAWEE,CORN,97800.0,,106500.0,18732000.0,,191.5,
3716,2023,MICHIGAN,MI,LIVINGSTON,CORN,19100.0,,20600.0,3073000.0,,160.9,
3717,2023,MICHIGAN,MI,MACOMB,CORN,10700.0,,11800.0,1868000.0,,174.6,
3718,2023,MICHIGAN,MI,MANISTEE,CORN,4360.0,,5100.0,575000.0,,131.9,
3719,2023,MICHIGAN,MI,MASON,CORN,14400.0,,16700.0,2203000.0,,153.0,
3720,2023,MICHIGAN,MI,MECOSTA,CORN,19800.0,,22700.0,2598000.0,,131.2,
3721,2023,MICHIGAN,MI,MENOMINEE,CORN,7360.0,,16400.0,983000.0,,133.6,
3722,2023,MICHIGAN,MI,MIDLAND,CORN,22800.0,,23800.0,4056000.0,,177.9,
3723,2023,MICHIGAN,MI,MISSAUKEE,CORN,6730.0,,24300.0,1083000.0,,160.9,
3724,2023,MICHIGAN,MI,MONROE,CORN,56400.0,,59500.0,10857000.0,,192.5,
3725,2023,MICHIGAN,MI,MONTCALM,CORN,42800.0,,62300.0,6578000.0,,153.7,
3726,2023,MICHIGAN,MI,MONTMORENCY,CORN,1540.0,,1700.0,230000.0,,149.4,
3727,2023,MICHIGAN,MI,MUSKEGON,CORN,12800.0,,14500.0,1774000.0,,138.6,
3728,2023,MICHIGAN,MI,NEWAYGO,CORN,11000.0,,21900.0,1730000.0,,157.3,
3729,2023,MICHIGAN,MI,OAKLAND,CORN,2160.0,,2300.0,346000.0,,160.2,
3730,2023,MICHIGAN,MI,OCEANA,CORN,16400.0,,17400.0,2485000.0,,151.5,
3731,2023,MICHIGAN,MI,OGEMAW,CORN,11800.0,,14100.0,1900000.0,,161.0,
3732,2023,MICHIGAN,MI,OTHER COUNTIES,CORN,114340.0,,180200.0,19011700.0,,166.3,
3733,2023,MICHIGAN,MI,OTSEGO,CORN,1360.0,,1500.0,210000.0,,154.4,
3734,2023,MICHIGAN,MI,OTTAWA,CORN,29500.0,,38300.0,5325000.0,,180.5,
3735,2023,MICHIGAN,MI,PRESQUE ISLE,CORN,6680.0,,7300.0,788000.0,,118.0,
3736,2023,MICHIGAN,MI,SAGINAW,CORN,89300.0,,93000.0,15938000.0,,178.5,
3737,2023,MICHIGAN,MI,SANILAC,CORN,97300.0,,114500.0,17959000.0,,184.6,
3738,2023,MICHIGAN,MI,SHIAWASSEE,CORN,48900.0,,58200.0,8059000.0,,164.8,
3739,2023,MICHIGAN,MI,ST CLAIR,CORN,26200.0,,27600.0,4383000.0,,167.3,
3740,2023,MICHIGAN,MI,ST JOSEPH,CORN,82900.0,,86200.0,10197000.0,,123.0,
3741,2023,MICHIGAN,MI,TUSCOLA,CORN,79000.0,,83100.0,14357000.0,,181.7,
3742,2023,MICHIGAN,MI,VAN BUREN,CORN,48200.0,,51400.0,8906000.0,,184.8,
3743,2023,MICHIGAN,MI,WASHTENAW,CORN,35200.0,,37600.0,6575000.0,,186.8,
3744,2023,MICHIGAN,MI,WAYNE,CORN,910.0,,1000.0,144800.0,,159.1,
3745,2023,MINNESOTA,MN,AITKIN,CORN,700.0,1230.0,2300.0,90900.0,11100.0,129.9,9.0
3746,2023,MINNESOTA,MN,BECKER,CORN,77500.0,5180.0,83200.0,12997000.0,96000.0,167.7,18.5
3747,2023,MINNESOTA,MN,BENTON,CORN,47700.0,,60100.0,7851000.0,,164.6,
3748,2023,MINNESOTA,MN,BIG STONE,CORN,112900.0,,113500.0,20390000.0,,180.6,
3749,2023,MINNESOTA,MN,BLUE EARTH,CORN,185000.0,400.0,185500.0,36852000.0,10400.0,199.2,26.0
3750,2023,MINNESOTA,MN,BROWN,CORN,153800.0,4070.0,159000.0,29714000.0,69000.0,193.2,17.0
3751,2023,MINNESOTA,MN,CARLTON,CORN,120.0,300.0,500.0,17300.0,4500.0,144.2,15.0
3752,2023,MINNESOTA,MN,CARVER,CORN,51200.0,2060.0,53400.0,9841000.0,46400.0,192.2,22.5
3753,2023,MINNESOTA,MN,CASS,CORN,2590.0,3480.0,7300.0,375000.0,40000.0,144.8,11.5
3754,2023,MINNESOTA,MN,CHIPPEWA,CORN,145500.0,4920.0,150500.0,28358000.0,108000.0,194.9,22.0
3755,2023,MINNESOTA,MN,CHISAGO,CORN,25900.0,420.0,26400.0,4025000.0,5200.0,155.4,12.5
3756,2023,MINNESOTA,MN,CLAY,CORN,166600.0,370.0,167000.0,26823000.0,7800.0,161.0,21.0
3757,2023,MINNESOTA,MN,COTTONWOOD,CORN,172900.0,400.0,173500.0,35030000.0,8000.0,202.6,20.0
3758,2023,MINNESOTA,MN,CROW WING,CORN,8000.0,,10900.0,1026000.0,,128.3,
3759,2023,MINNESOTA,MN,DAKOTA,CORN,83000.0,990.0,84200.0,15197000.0,25900.0,183.1,26.0
3760,2023,MINNESOTA,MN,DODGE,CORN,116500.0,,118000.0,22088000.0,,189.6,
3761,2023,MINNESOTA,MN,FILLMORE,CORN,168300.0,10100.0,181500.0,30795000.0,242000.0,183.0,24.0
3762,2023,MINNESOTA,MN,FREEBORN,CORN,194000.0,,194500.0,35444000.0,,182.7,
3763,2023,MINNESOTA,MN,GOODHUE,CORN,151100.0,10300.0,162500.0,29600000.0,211000.0,195.9,20.5
3764,2023,MINNESOTA,MN,GRANT,CORN,136100.0,2340.0,138500.0,25505000.0,43300.0,187.4,18.5
3765,2023,MINNESOTA,MN,HOUSTON,CORN,50300.0,9410.0,62000.0,8903000.0,183000.0,177.0,19.5
3766,2023,MINNESOTA,MN,ISANTI,CORN,28500.0,,31100.0,4412000.0,,154.8,
3767,2023,MINNESOTA,MN,ITASCA,CORN,,420.0,,,4800.0,,11.5
3768,2023,MINNESOTA,MN,JACKSON,CORN,191000.0,400.0,191500.0,39098000.0,7600.0,204.7,19.0
3769,2023,MINNESOTA,MN,KANABEC,CORN,,650.0,,,8500.0,,13.0
3770,2023,MINNESOTA,MN,KANDIYOHI,CORN,152800.0,13800.0,167000.0,31125000.0,311000.0,203.7,22.5
3771,2023,MINNESOTA,MN,LAC QUI PARLE,CORN,181100.0,300.0,181500.0,33304000.0,6300.0,183.9,21.0
3772,2023,MINNESOTA,MN,LE SUEUR,CORN,85200.0,2040.0,87300.0,16469000.0,47500.0,193.3,23.5
3773,2023,MINNESOTA,MN,LINCOLN,CORN,118200.0,1060.0,119500.0,21453000.0,19100.0,181.5,18.0
3774,2023,MINNESOTA,MN,MAHNOMEN,CORN,48800.0,840.0,49700.0,8930000.0,16800.0,183.0,20.0
3775,2023,MINNESOTA,MN,MARSHALL,CORN,61500.0,,61700.0,10074000.0,,163.8,
3776,2023,MINNESOTA,MN,MCLEOD,CORN,115900.0,,116500.0,20561000.0,,177.4,
3777,2023,MINNESOTA,MN,MEEKER,CORN,113300.0,,123500.0,21856000.0,,192.9,
3778,2023,MINNESOTA,MN,MILLE LACS,CORN,16900.0,3340.0,22000.0,2322000.0,53000.0,137.4,16.0
3779,2023,MINNESOTA,MN,MORRISON,CORN,80000.0,27300.0,107500.0,11600000.0,341000.0,145.0,12.5
3780,2023,MINNESOTA,MN,MOWER,CORN,208500.0,300.0,209000.0,35456000.0,4300.0,170.1,14.5
3781,2023,MINNESOTA,MN,MURRAY,CORN,,2080.0,,,36400.0,,17.5
3782,2023,MINNESOTA,MN,NICOLLET,CORN,110300.0,,117000.0,21630000.0,,196.1,
3783,2023,MINNESOTA,MN,NOBLES,CORN,193800.0,,207500.0,38508000.0,,198.7,
3784,2023,MINNESOTA,MN,NORMAN,CORN,121800.0,,122500.0,20231000.0,,166.1,
3785,2023,MINNESOTA,MN,OLMSTED,CORN,107500.0,7290.0,117000.0,18791000.0,142000.0,174.8,19.5
3786,2023,MINNESOTA,MN,OTHER COUNTIES,CORN,1196390.0,169160.0,1244600.0,230830800.0,3012900.0,192.9,18.0
3787,2023,MINNESOTA,MN,OTTER TAIL,CORN,195000.0,,215000.0,30791000.0,,157.9,
3788,2023,MINNESOTA,MN,PINE,CORN,14300.0,5110.0,21200.0,2172000.0,84000.0,151.9,16.5
3789,2023,MINNESOTA,MN,PIPESTONE,CORN,107700.0,,123000.0,17426000.0,,161.8,
3790,2023,MINNESOTA,MN,POLK,CORN,130100.0,,130500.0,19112000.0,,146.9,
3791,2023,MINNESOTA,MN,POPE,CORN,129000.0,900.0,130000.0,23156000.0,18500.0,179.5,20.5
3792,2023,MINNESOTA,MN,RED LAKE,CORN,27200.0,,30100.0,4646000.0,,170.8,
3793,2023,MINNESOTA,MN,REDWOOD,CORN,238000.0,850.0,239000.0,41888000.0,14900.0,176.0,17.5
3794,2023,MINNESOTA,MN,RENVILLE,CORN,262000.0,210.0,262500.0,54578000.0,3200.0,208.3,15.0
3795,2023,MINNESOTA,MN,RICE,CORN,86000.0,3070.0,89500.0,16736000.0,57000.0,194.6,18.5
3796,2023,MINNESOTA,MN,ROCK,CORN,,2780.0,,,53000.0,,19.0
3797,2023,MINNESOTA,MN,SCOTT,CORN,33400.0,2870.0,36400.0,6409000.0,52000.0,191.9,18.0
3798,2023,MINNESOTA,MN,SHERBURNE,CORN,25300.0,,28400.0,4382000.0,,173.2,
3799,2023,MINNESOTA,MN,SIBLEY,CORN,153700.0,730.0,154500.0,28081000.0,11700.0,182.7,16.0
3800,2023,MINNESOTA,MN,STEARNS,CORN,201000.0,,234000.0,37647000.0,,187.3,
3801,2023,MINNESOTA,MN,STEELE,CORN,108000.0,400.0,108500.0,20509000.0,7400.0,189.9,18.5
3802,2023,MINNESOTA,MN,STEVENS,CORN,130000.0,,153500.0,25389000.0,,195.3,
3803,2023,MINNESOTA,MN,SWIFT,CORN,197000.0,6920.0,204000.0,38808000.0,164000.0,197.0,23.5
3804,2023,MINNESOTA,MN,TODD,CORN,64200.0,19800.0,90500.0,9521000.0,386000.0,148.3,19.5
3805,2023,MINNESOTA,MN,TRAVERSE,CORN,157900.0,3540.0,161500.0,29606000.0,76000.0,187.5,21.5
3806,2023,MINNESOTA,MN,WADENA,CORN,15900.0,,22200.0,2423000.0,,152.4,
3807,2023,MINNESOTA,MN,WASECA,CORN,111200.0,150.0,111500.0,22418000.0,3500.0,201.6,23.5
3808,2023,MINNESOTA,MN,WASHINGTON,CORN,14700.0,660.0,15400.0,2860000.0,11200.0,194.6,17.0
3809,2023,MINNESOTA,MN,WATONWAN,CORN,124900.0,,125500.0,26142000.0,,209.3,
3810,2023,MINNESOTA,MN,WILKIN,CORN,132300.0,,140500.0,18847000.0,,142.5,
3811,2023,MINNESOTA,MN,WINONA,CORN,62500.0,15800.0,82700.0,12363000.0,384000.0,197.8,24.5
3812,2023,MINNESOTA,MN,WRIGHT,CORN,77600.0,1260.0,78900.0,14015000.0,25800.0,180.6,20.5
3813,2023,MINNESOTA,MN,YELLOW MEDICINE,CORN,199900.0,,200500.0,35802000.0,,179.1,
3814,2023,MISSISSIPPI,MS,BOLIVAR,CORN,42100.0,,42800.0,7582000.0,,180.1,
3815,2023,MISSISSIPPI,MS,CALHOUN,CORN,10400.0,,10600.0,1579000.0,,151.8,
3816,2023,MISSISSIPPI,MS,CARROLL,CORN,12800.0,,13200.0,2358000.0,,184.2,
3817,2023,MISSISSIPPI,MS,CHICKASAW,CORN,6910.0,,7100.0,1051000.0,,152.1,
3818,2023,MISSISSIPPI,MS,CLAIBORNE,CORN,2810.0,,3000.0,432000.0,,153.7,
3819,2023,MISSISSIPPI,MS,CLAY,CORN,3900.0,,4000.0,640000.0,,164.1,
3820,2023,MISSISSIPPI,MS,COAHOMA,CORN,43500.0,,44300.0,8126000.0,,186.8,
3821,2023,MISSISSIPPI,MS,HINDS,CORN,8410.0,,9400.0,1150000.0,,136.7,
3822,2023,MISSISSIPPI,MS,HOLMES,CORN,34100.0,,34400.0,6274000.0,,184.0,
3823,2023,MISSISSIPPI,MS,HUMPHREYS,CORN,36600.0,,37500.0,6822000.0,,186.4,
3824,2023,MISSISSIPPI,MS,ISSAQUENA,CORN,21900.0,,23500.0,4242000.0,,193.7,
3825,2023,MISSISSIPPI,MS,LAFAYETTE,CORN,1860.0,,2000.0,293000.0,,157.5,
3826,2023,MISSISSIPPI,MS,LEE,CORN,2340.0,,2400.0,342000.0,,146.2,
3827,2023,MISSISSIPPI,MS,LEFLORE,CORN,67300.0,,68500.0,13130000.0,,195.1,
3828,2023,MISSISSIPPI,MS,LOWNDES,CORN,12100.0,,12800.0,2092000.0,,172.9,
3829,2023,MISSISSIPPI,MS,MADISON,CORN,13400.0,,13800.0,2446000.0,,182.5,
3830,2023,MISSISSIPPI,MS,MONROE,CORN,11500.0,,11700.0,1817000.0,,158.0,
3831,2023,MISSISSIPPI,MS,MONTGOMERY,CORN,4000.0,,4100.0,670000.0,,167.5,
3832,2023,MISSISSIPPI,MS,NOXUBEE,CORN,38000.0,,38300.0,6247000.0,,164.4,
3833,2023,MISSISSIPPI,MS,OTHER COUNTIES,CORN,98650.0,,103900.0,15648700.0,,158.6,
3834,2023,MISSISSIPPI,MS,PRENTISS,CORN,3020.0,,3100.0,358000.0,,118.5,
3835,2023,MISSISSIPPI,MS,RANKIN,CORN,2030.0,,2500.0,321000.0,,158.1,
3836,2023,MISSISSIPPI,MS,SHARKEY,CORN,42200.0,,42700.0,8022000.0,,190.1,
3837,2023,MISSISSIPPI,MS,STONE,CORN,780.0,,800.0,130100.0,,166.8,
3838,2023,MISSISSIPPI,MS,SUNFLOWER,CORN,53900.0,,54500.0,10715000.0,,198.8,
3839,2023,MISSISSIPPI,MS,TALLAHATCHIE,CORN,41900.0,,42600.0,7752000.0,,185.0,
3840,2023,MISSISSIPPI,MS,TIPPAH,CORN,1460.0,,1500.0,213000.0,,145.9,
3841,2023,MISSISSIPPI,MS,TUNICA,CORN,14200.0,,14400.0,2505000.0,,176.4,
3842,2023,MISSISSIPPI,MS,WALTHALL,CORN,1300.0,,1900.0,188200.0,,144.8,
3843,2023,MISSISSIPPI,MS,WARREN,CORN,11500.0,,11800.0,2130000.0,,185.2,
3844,2023,MISSISSIPPI,MS,WASHINGTON,CORN,70600.0,,71300.0,14207000.0,,201.2,
3845,2023,MISSISSIPPI,MS,WEBSTER,CORN,4330.0,,4800.0,741000.0,,171.1,
3846,2023,MISSISSIPPI,MS,YAZOO,CORN,50200.0,,50800.0,9146000.0,,182.2,
3847,2023,MISSOURI,MO,ANDREW,CORN,64100.0,,65700.0,11265000.0,,175.7,
3848,2023,MISSOURI,MO,AUDRAIN,CORN,108000.0,,112000.0,12452000.0,,115.3,
3849,2023,MISSOURI,MO,BARTON,CORN,64400.0,,69500.0,9596000.0,,149.0,
3850,2023,MISSOURI,MO,BATES,CORN,78700.0,,81400.0,11301000.0,,143.6,
3851,2023,MISSOURI,MO,BOLLINGER,CORN,15200.0,,15400.0,1812000.0,,119.2,
3852,2023,MISSOURI,MO,BOONE,CORN,22300.0,,23100.0,2738000.0,,122.8,
3853,2023,MISSOURI,MO,BUCHANAN,CORN,53900.0,,55200.0,9443000.0,,175.2,
3854,2023,MISSOURI,MO,CALDWELL,CORN,28900.0,,29400.0,4297000.0,,148.7,
3855,2023,MISSOURI,MO,CALLAWAY,CORN,34700.0,,36200.0,4907000.0,,141.4,
3856,2023,MISSOURI,MO,CAPE GIRARDEAU,CORN,30800.0,,33000.0,4312000.0,,140.0,
3857,2023,MISSOURI,MO,CARROLL,CORN,97500.0,,99500.0,15093000.0,,154.8,
3858,2023,MISSOURI,MO,CLARK,CORN,63600.0,,64700.0,10596000.0,,166.6,
3859,2023,MISSOURI,MO,CLAY,CORN,17400.0,,17500.0,3316000.0,,190.6,
3860,2023,MISSOURI,MO,CLINTON,CORN,50100.0,,51200.0,9474000.0,,189.1,
3861,2023,MISSOURI,MO,COLE,CORN,4710.0,,5700.0,616000.0,,130.8,
3862,2023,MISSOURI,MO,COOPER,CORN,57800.0,,61400.0,6069000.0,,105.0,
3863,2023,MISSOURI,MO,DADE,CORN,16400.0,,20300.0,1561000.0,,95.2,
3864,2023,MISSOURI,MO,DALLAS,CORN,290.0,,800.0,36000.0,,124.1,
3865,2023,MISSOURI,MO,DAVIESS,CORN,50200.0,,52300.0,7330000.0,,146.0,
3866,2023,MISSOURI,MO,DE KALB,CORN,47600.0,,48700.0,9065000.0,,190.4,
3867,2023,MISSOURI,MO,DUNKLIN,CORN,36400.0,,37100.0,5971000.0,,164.0,
3868,2023,MISSOURI,MO,FRANKLIN,CORN,18000.0,,19900.0,2367000.0,,131.5,
3869,2023,MISSOURI,MO,GASCONADE,CORN,8500.0,,9100.0,965000.0,,113.5,
3870,2023,MISSOURI,MO,GENTRY,CORN,44400.0,,45400.0,7104000.0,,160.0,
3871,2023,MISSOURI,MO,GRUNDY,CORN,41600.0,,43100.0,6494000.0,,156.1,
3872,2023,MISSOURI,MO,HENRY,CORN,28600.0,,30300.0,3535000.0,,123.6,
3873,2023,MISSOURI,MO,HICKORY,CORN,600.0,,2500.0,60700.0,,101.2,
3874,2023,MISSOURI,MO,HOLT,CORN,101200.0,,103500.0,22163000.0,,219.0,
3875,2023,MISSOURI,MO,HOWARD,CORN,42000.0,,43000.0,6262000.0,,149.1,
3876,2023,MISSOURI,MO,JACKSON,CORN,20500.0,,21200.0,3827000.0,,186.7,
3877,2023,MISSOURI,MO,JASPER,CORN,36200.0,,37000.0,5122000.0,,141.5,
3878,2023,MISSOURI,MO,JEFFERSON,CORN,3420.0,,3600.0,404000.0,,118.1,
3879,2023,MISSOURI,MO,JOHNSON,CORN,48300.0,,51300.0,6245000.0,,129.3,
3880,2023,MISSOURI,MO,KNOX,CORN,62300.0,,64600.0,8155000.0,,130.9,
3881,2023,MISSOURI,MO,LACLEDE,CORN,570.0,,2600.0,82100.0,,144.0,
3882,2023,MISSOURI,MO,LAFAYETTE,CORN,103500.0,,107500.0,18288000.0,,176.7,
3883,2023,MISSOURI,MO,LAWRENCE,CORN,10900.0,,17000.0,964000.0,,88.4,
3884,2023,MISSOURI,MO,LEWIS,CORN,69600.0,,73200.0,10280000.0,,147.7,
3885,2023,MISSOURI,MO,LINCOLN,CORN,44600.0,,46200.0,7100000.0,,159.2,
3886,2023,MISSOURI,MO,LINN,CORN,43100.0,,45000.0,6775000.0,,157.2,
3887,2023,MISSOURI,MO,LIVINGSTON,CORN,45800.0,,47300.0,6536000.0,,142.7,
3888,2023,MISSOURI,MO,MACON,CORN,46700.0,,48700.0,6389000.0,,136.8,
3889,2023,MISSOURI,MO,MARIES,CORN,1800.0,,2200.0,136600.0,,75.9,
3890,2023,MISSOURI,MO,MARION,CORN,59100.0,,61200.0,7382000.0,,124.9,
3891,2023,MISSOURI,MO,MILLER,CORN,1110.0,,2000.0,124400.0,,112.1,
3892,2023,MISSOURI,MO,MISSISSIPPI,CORN,57400.0,,58700.0,10177000.0,,177.3,
3893,2023,MISSOURI,MO,MONITEAU,CORN,13800.0,,17100.0,1572000.0,,113.9,
3894,2023,MISSOURI,MO,MONROE,CORN,68500.0,,71000.0,5619000.0,,82.0,
3895,2023,MISSOURI,MO,MONTGOMERY,CORN,52700.0,,53700.0,7357000.0,,139.6,
3896,2023,MISSOURI,MO,NEW MADRID,CORN,66300.0,,67900.0,12358000.0,,186.4,
3897,2023,MISSOURI,MO,OSAGE,CORN,9920.0,,10700.0,1124000.0,,113.3,
3898,2023,MISSOURI,MO,OTHER COUNTIES,CORN,676260.0,,714700.0,110688000.0,,163.7,
3899,2023,MISSOURI,MO,PEMISCOT,CORN,29400.0,,29900.0,5551000.0,,188.8,
3900,2023,MISSOURI,MO,PERRY,CORN,29800.0,,31000.0,3966000.0,,133.1,
3901,2023,MISSOURI,MO,PETTIS,CORN,64300.0,,69800.0,7800000.0,,121.3,
3902,2023,MISSOURI,MO,PLATTE,CORN,42000.0,,43700.0,7001000.0,,166.7,
3903,2023,MISSOURI,MO,POLK,CORN,2670.0,,3500.0,380000.0,,142.3,
3904,2023,MISSOURI,MO,PUTNAM,CORN,22600.0,,23600.0,3254000.0,,144.0,
3905,2023,MISSOURI,MO,RALLS,CORN,56600.0,,57900.0,5502000.0,,97.2,
3906,2023,MISSOURI,MO,RANDOLPH,CORN,27000.0,,27900.0,2840000.0,,105.2,
3907,2023,MISSOURI,MO,RAY,CORN,44700.0,,46200.0,7733000.0,,173.0,
3908,2023,MISSOURI,MO,SALINE,CORN,148100.0,,152500.0,26016000.0,,175.7,
3909,2023,MISSOURI,MO,SCOTLAND,CORN,49700.0,,55700.0,8330000.0,,167.6,
3910,2023,MISSOURI,MO,SCOTT,CORN,69100.0,,71100.0,12355000.0,,178.8,
3911,2023,MISSOURI,MO,SHELBY,CORN,55300.0,,57500.0,5829000.0,,105.4,
3912,2023,MISSOURI,MO,ST CHARLES,CORN,35500.0,,38600.0,5889000.0,,165.9,
3913,2023,MISSOURI,MO,ST CLAIR,CORN,13100.0,,17800.0,1046000.0,,79.8,
3914,2023,MISSOURI,MO,ST FRANCOIS,CORN,1780.0,,1800.0,248000.0,,139.3,
3915,2023,MISSOURI,MO,STE GENEVIEVE,CORN,10900.0,,11100.0,1621000.0,,148.7,
3916,2023,MISSOURI,MO,STODDARD,CORN,86000.0,,88700.0,14912000.0,,173.4,
3917,2023,MISSOURI,MO,SULLIVAN,CORN,21700.0,,22800.0,3194000.0,,147.2,
3918,2023,MISSOURI,MO,VERNON,CORN,54300.0,,61600.0,5685000.0,,104.7,
3919,2023,MISSOURI,MO,WARREN,CORN,17800.0,,17900.0,2554000.0,,143.5,
3920,2023,MISSOURI,MO,WAYNE,CORN,770.0,,900.0,69200.0,,89.9,
3921,2023,MISSOURI,MO,WORTH,CORN,16600.0,,17200.0,2829000.0,,170.4,
3922,2023,NEBRASKA,NE,ADAMS,CORN,177500.0,,180500.0,36299000.0,,204.5,
3923,2023,NEBRASKA,NE,BOX BUTTE,CORN,84600.0,,94700.0,13561000.0,,160.3,
3924,2023,NEBRASKA,NE,BOYD,CORN,39900.0,,41800.0,6842000.0,,171.5,
3925,2023,NEBRASKA,NE,BROWN,CORN,36000.0,,39400.0,7629000.0,,211.9,
3926,2023,NEBRASKA,NE,BUFFALO,CORN,210000.0,,213500.0,41244000.0,,196.4,
3927,2023,NEBRASKA,NE,BURT,CORN,125100.0,,126500.0,21805000.0,,174.3,
3928,2023,NEBRASKA,NE,BUTLER,CORN,150600.0,,155500.0,28169000.0,,187.0,
3929,2023,NEBRASKA,NE,CASS,CORN,127800.0,,129000.0,25010000.0,,195.7,
3930,2023,NEBRASKA,NE,CEDAR,CORN,180300.0,,189000.0,35494000.0,,196.9,
3931,2023,NEBRASKA,NE,CHASE,CORN,143700.0,,150000.0,23682000.0,,164.8,
3932,2023,NEBRASKA,NE,CHEYENNE,CORN,65900.0,,68400.0,6550000.0,,99.4,
3933,2023,NEBRASKA,NE,CLAY,CORN,175100.0,,178000.0,33917000.0,,193.7,
3934,2023,NEBRASKA,NE,COLFAX,CORN,103400.0,,116500.0,17971000.0,,173.8,
3935,2023,NEBRASKA,NE,CUMING,CORN,145000.0,,161500.0,23896000.0,,164.8,
3936,2023,NEBRASKA,NE,CUSTER,CORN,236500.0,,247000.0,45680000.0,,193.2,
3937,2023,NEBRASKA,NE,DAKOTA,CORN,62500.0,,63400.0,12294000.0,,196.7,
3938,2023,NEBRASKA,NE,DAWSON,CORN,192400.0,,200500.0,45118000.0,,234.5,
3939,2023,NEBRASKA,NE,DEUEL,CORN,50000.0,,51600.0,5925000.0,,118.5,
3940,2023,NEBRASKA,NE,DIXON,CORN,110600.0,,116000.0,19775000.0,,178.8,
3941,2023,NEBRASKA,NE,DODGE,CORN,141800.0,,143000.0,28105000.0,,198.2,
3942,2023,NEBRASKA,NE,DOUGLAS,CORN,24900.0,,25200.0,4123000.0,,165.6,
3943,2023,NEBRASKA,NE,DUNDY,CORN,84300.0,,91000.0,13092000.0,,155.3,
3944,2023,NEBRASKA,NE,FILLMORE,CORN,187600.0,,190500.0,35006000.0,,186.6,
3945,2023,NEBRASKA,NE,FRANKLIN,CORN,100900.0,,102500.0,19857000.0,,196.8,
3946,2023,NEBRASKA,NE,FURNAS,CORN,112900.0,,129500.0,13187000.0,,116.8,
3947,2023,NEBRASKA,NE,GAGE,CORN,191600.0,,193500.0,31537000.0,,164.6,
3948,2023,NEBRASKA,NE,GARDEN,CORN,36900.0,,42100.0,5210000.0,,141.2,
3949,2023,NEBRASKA,NE,GARFIELD,CORN,11000.0,,12800.0,2122000.0,,192.9,
3950,2023,NEBRASKA,NE,GOSPER,CORN,87200.0,,89400.0,18016000.0,,206.6,
3951,2023,NEBRASKA,NE,GREELEY,CORN,76400.0,,80600.0,14776000.0,,193.4,
3952,2023,NEBRASKA,NE,HALL,CORN,182400.0,,184500.0,39195000.0,,214.9,
3953,2023,NEBRASKA,NE,HAMILTON,CORN,204500.0,,210500.0,44765000.0,,218.9,
3954,2023,NEBRASKA,NE,HARLAN,CORN,99600.0,,114500.0,19093000.0,,191.7,
3955,2023,NEBRASKA,NE,HAYES,CORN,72300.0,,73400.0,9580000.0,,132.5,
3956,2023,NEBRASKA,NE,HITCHCOCK,CORN,63900.0,,68700.0,7003000.0,,109.6,
3957,2023,NEBRASKA,NE,HOLT,CORN,167600.0,,174000.0,37492000.0,,223.7,
3958,2023,NEBRASKA,NE,HOWARD,CORN,93700.0,,104000.0,20295000.0,,216.6,
3959,2023,NEBRASKA,NE,JEFFERSON,CORN,110300.0,,114500.0,15530000.0,,140.8,
3960,2023,NEBRASKA,NE,JOHNSON,CORN,67000.0,,67600.0,11631000.0,,173.6,
3961,2023,NEBRASKA,NE,KEARNEY,CORN,165600.0,,172000.0,33584000.0,,202.8,
3962,2023,NEBRASKA,NE,KEYA PAHA,CORN,17700.0,,20600.0,3806000.0,,215.0,
3963,2023,NEBRASKA,NE,KNOX,CORN,142000.0,,156000.0,23714000.0,,167.0,
3964,2023,NEBRASKA,NE,LANCASTER,CORN,138200.0,,139500.0,19293000.0,,139.6,
3965,2023,NEBRASKA,NE,LINCOLN,CORN,187800.0,,199000.0,35626000.0,,189.7,
3966,2023,NEBRASKA,NE,LOGAN,CORN,21500.0,,22500.0,4356000.0,,202.6,
3967,2023,NEBRASKA,NE,LOUP,CORN,5480.0,,8800.0,978000.0,,178.5,
3968,2023,NEBRASKA,NE,MADISON,CORN,139200.0,,151000.0,24360000.0,,175.0,
3969,2023,NEBRASKA,NE,MERRICK,CORN,123900.0,,127500.0,24644000.0,,198.9,
3970,2023,NEBRASKA,NE,MORRILL,CORN,65700.0,,72800.0,11373000.0,,173.1,
3971,2023,NEBRASKA,NE,NEMAHA,CORN,94700.0,,95300.0,17984000.0,,189.9,
3972,2023,NEBRASKA,NE,OTHER COUNTIES,CORN,1991720.0,,2079800.0,341068000.0,,171.2,
3973,2023,NEBRASKA,NE,PAWNEE,CORN,69200.0,,69600.0,12027000.0,,173.8,
3974,2023,NEBRASKA,NE,PHELPS,CORN,185300.0,,190500.0,42100000.0,,227.2,
3975,2023,NEBRASKA,NE,PLATTE,CORN,189700.0,,202000.0,39344000.0,,207.4,
3976,2023,NEBRASKA,NE,POLK,CORN,128400.0,,137000.0,24435000.0,,190.3,
3977,2023,NEBRASKA,NE,RICHARDSON,CORN,113000.0,,114000.0,22007000.0,,194.8,
3978,2023,NEBRASKA,NE,ROCK,CORN,26200.0,,27300.0,6087000.0,,232.3,
3979,2023,NEBRASKA,NE,SALINE,CORN,148600.0,,150000.0,23419000.0,,157.6,
3980,2023,NEBRASKA,NE,SARPY,CORN,29100.0,,29300.0,5308000.0,,182.4,
3981,2023,NEBRASKA,NE,SAUNDERS,CORN,184000.0,,187000.0,35199000.0,,191.3,
3982,2023,NEBRASKA,NE,SCOTTS BLUFF,CORN,62900.0,,75000.0,11731000.0,,186.5,
3983,2023,NEBRASKA,NE,SHERMAN,CORN,73900.0,,77900.0,14647000.0,,198.2,
3984,2023,NEBRASKA,NE,SIOUX,CORN,12000.0,,15800.0,1938000.0,,161.5,
3985,2023,NEBRASKA,NE,STANTON,CORN,98800.0,,102500.0,16124000.0,,163.2,
3986,2023,NEBRASKA,NE,THAYER,CORN,155200.0,,166500.0,25856000.0,,166.6,
3987,2023,NEBRASKA,NE,VALLEY,CORN,68500.0,,77600.0,14392000.0,,210.1,
3988,2023,NEBRASKA,NE,WASHINGTON,CORN,80900.0,,82800.0,12564000.0,,155.3,
3989,2023,NEBRASKA,NE,WAYNE,CORN,122100.0,,128500.0,19573000.0,,160.3,
3990,2023,NEBRASKA,NE,WEBSTER,CORN,92200.0,,98200.0,13581000.0,,147.3,
3991,2023,NEBRASKA,NE,WHEELER,CORN,32800.0,,39100.0,7406000.0,,225.8,
3992,2023,NEW YORK,NY,ALLEGANY,CORN,13700.0,,19600.0,1917000.0,,139.9,
3993,2023,NEW YORK,NY,BROOME,CORN,1160.0,5340.0,6600.0,191700.0,123000.0,165.3,23.0
3994,2023,NEW YORK,NY,CATTARAUGUS,CORN,10600.0,13100.0,24200.0,1484000.0,275000.0,140.0,21.0
3995,2023,NEW YORK,NY,CAYUGA,CORN,33300.0,30100.0,63600.0,5191000.0,632000.0,155.9,21.0
3996,2023,NEW YORK,NY,CHAUTAUQUA,CORN,12700.0,12400.0,25200.0,2198000.0,242000.0,173.1,19.5
3997,2023,NEW YORK,NY,CHENANGO,CORN,3760.0,9070.0,12900.0,481000.0,177000.0,127.9,19.5
3998,2023,NEW YORK,NY,CLINTON,CORN,,13100.0,,,249000.0,,19.0
3999,2023,NEW YORK,NY,COLUMBIA,CORN,7220.0,3890.0,11300.0,1047000.0,102000.0,145.0,26.0
4000,2023,NEW YORK,NY,CORTLAND,CORN,3470.0,12200.0,15800.0,579000.0,256000.0,166.9,21.0
4001,2023,NEW YORK,NY,DELAWARE,CORN,,3940.0,,,73000.0,,18.5
4002,2023,NEW YORK,NY,ERIE,CORN,13000.0,11000.0,24100.0,2093000.0,220000.0,161.0,20.0
4003,2023,NEW YORK,NY,ESSEX,CORN,,1150.0,,,16300.0,,14.0
4004,2023,NEW YORK,NY,FRANKLIN,CORN,14700.0,4740.0,19500.0,2042000.0,97000.0,138.9,20.5
4005,2023,NEW YORK,NY,GENESEE,CORN,33000.0,16300.0,49800.0,5676000.0,367000.0,172.0,22.5
4006,2023,NEW YORK,NY,HERKIMER,CORN,6730.0,10500.0,17300.0,1026000.0,205000.0,152.5,19.5
4007,2023,NEW YORK,NY,JEFFERSON,CORN,20400.0,18500.0,39300.0,3260000.0,379000.0,159.8,20.5
4008,2023,NEW YORK,NY,LEWIS,CORN,8690.0,17000.0,25700.0,1152000.0,315000.0,132.6,18.5
4009,2023,NEW YORK,NY,LIVINGSTON,CORN,37300.0,24000.0,61500.0,6363000.0,504000.0,170.6,21.0
4010,2023,NEW YORK,NY,MADISON,CORN,14800.0,12000.0,26900.0,2210000.0,240000.0,149.3,20.0
4011,2023,NEW YORK,NY,MONROE,CORN,26200.0,,26700.0,4561000.0,,174.1,
4012,2023,NEW YORK,NY,MONTGOMERY,CORN,8760.0,10800.0,19800.0,1307000.0,184000.0,149.2,17.0
4013,2023,NEW YORK,NY,NIAGARA,CORN,28400.0,4520.0,33100.0,4768000.0,102000.0,167.9,22.5
4014,2023,NEW YORK,NY,ONEIDA,CORN,27500.0,6570.0,34300.0,4326000.0,135000.0,157.3,20.5
4015,2023,NEW YORK,NY,ONONDAGA,CORN,21700.0,,35800.0,3244000.0,,149.5,
4016,2023,NEW YORK,NY,ONTARIO,CORN,19600.0,19600.0,41100.0,2991000.0,372000.0,152.6,19.0
4017,2023,NEW YORK,NY,ORANGE,CORN,,2040.0,,,37300.0,,18.5
4018,2023,NEW YORK,NY,ORLEANS,CORN,40600.0,3250.0,44000.0,7531000.0,70000.0,185.5,21.5
4019,2023,NEW YORK,NY,OSWEGO,CORN,7150.0,1300.0,8500.0,982000.0,22800.0,137.3,17.5
4020,2023,NEW YORK,NY,OTHER COUNTIES,CORN,42960.0,38590.0,91000.0,6537200.0,805000.0,152.2,21.0
4021,2023,NEW YORK,NY,OTSEGO,CORN,9560.0,,16200.0,1529000.0,,159.9,
4022,2023,NEW YORK,NY,RENSSELAER,CORN,5490.0,4840.0,10600.0,845000.0,90000.0,153.9,18.5
4023,2023,NEW YORK,NY,SARATOGA,CORN,,5070.0,,,91000.0,,18.0
4024,2023,NEW YORK,NY,SCHOHARIE,CORN,,6320.0,,,92000.0,,14.5
4025,2023,NEW YORK,NY,SENECA,CORN,18400.0,2440.0,21000.0,3200000.0,52000.0,173.9,21.5
4026,2023,NEW YORK,NY,ST LAWRENCE,CORN,17600.0,15900.0,34200.0,2798000.0,318000.0,159.0,20.0
4027,2023,NEW YORK,NY,STEUBEN,CORN,29100.0,16000.0,45300.0,4391000.0,296000.0,150.9,18.5
4028,2023,NEW YORK,NY,SUFFOLK,CORN,350.0,,500.0,49200.0,,140.6,
4029,2023,NEW YORK,NY,SULLIVAN,CORN,,240.0,,,5200.0,,21.5
4030,2023,NEW YORK,NY,TIOGA,CORN,,3230.0,,,66000.0,,20.5
4031,2023,NEW YORK,NY,TOMPKINS,CORN,6070.0,7580.0,13800.0,908000.0,163000.0,149.6,21.5
4032,2023,NEW YORK,NY,ULSTER,CORN,930.0,,1100.0,123900.0,,133.2,
4033,2023,NEW YORK,NY,WASHINGTON,CORN,6270.0,21700.0,28200.0,841000.0,380000.0,134.1,17.5
4034,2023,NEW YORK,NY,WAYNE,CORN,22600.0,1070.0,23800.0,3645000.0,21400.0,161.3,20.0
4035,2023,NEW YORK,NY,WYOMING,CORN,18800.0,35900.0,55500.0,2677000.0,731000.0,142.4,20.5
4036,2023,NEW YORK,NY,YATES,CORN,7430.0,4710.0,12200.0,1235000.0,94000.0,166.2,20.0
4037,2023,NORTH CAROLINA,NC,ALAMANCE,CORN,3440.0,,3600.0,493000.0,,143.3,
4038,2023,NORTH CAROLINA,NC,ALEXANDER,CORN,1500.0,,2800.0,202000.0,,134.7,
4039,2023,NORTH CAROLINA,NC,ANSON,CORN,9400.0,,10200.0,1049000.0,,111.6,
4040,2023,NORTH CAROLINA,NC,BEAUFORT,CORN,42800.0,,44000.0,6660000.0,,155.6,
4041,2023,NORTH CAROLINA,NC,BERTIE,CORN,12700.0,,13100.0,1824000.0,,143.6,
4042,2023,NORTH CAROLINA,NC,BLADEN,CORN,24800.0,,25500.0,3612000.0,,145.6,
4043,2023,NORTH CAROLINA,NC,BRUNSWICK,CORN,6600.0,,6800.0,951000.0,,144.1,
4044,2023,NORTH CAROLINA,NC,BUNCOMBE,CORN,350.0,,700.0,51700.0,,147.7,
4045,2023,NORTH CAROLINA,NC,BURKE,CORN,1200.0,,1400.0,170900.0,,142.4,
4046,2023,NORTH CAROLINA,NC,CALDWELL,CORN,1640.0,,1800.0,288000.0,,175.6,
4047,2023,NORTH CAROLINA,NC,CAMDEN,CORN,17900.0,,18400.0,3134000.0,,175.1,
4048,2023,NORTH CAROLINA,NC,CASWELL,CORN,670.0,,800.0,83100.0,,124.0,
4049,2023,NORTH CAROLINA,NC,CATAWBA,CORN,4900.0,,5200.0,767000.0,,156.5,
4050,2023,NORTH CAROLINA,NC,CHATHAM,CORN,3100.0,,4100.0,364000.0,,117.4,
4051,2023,NORTH CAROLINA,NC,CHOWAN,CORN,4460.0,,4600.0,677000.0,,151.8,
4052,2023,NORTH CAROLINA,NC,CLEVELAND,CORN,6000.0,,6900.0,851000.0,,141.8,
4053,2023,NORTH CAROLINA,NC,COLUMBUS,CORN,40400.0,,41500.0,5178000.0,,128.2,
4054,2023,NORTH CAROLINA,NC,CRAVEN,CORN,17100.0,,17600.0,2360000.0,,138.0,
4055,2023,NORTH CAROLINA,NC,CURRITUCK,CORN,9700.0,,10000.0,1555000.0,,160.3,
4056,2023,NORTH CAROLINA,NC,DAVIDSON,CORN,6100.0,,6800.0,784000.0,,128.5,
4057,2023,NORTH CAROLINA,NC,DAVIE,CORN,7550.0,,7800.0,974000.0,,129.0,
4058,2023,NORTH CAROLINA,NC,DUPLIN,CORN,50500.0,,51900.0,7007000.0,,138.8,
4059,2023,NORTH CAROLINA,NC,DURHAM,CORN,750.0,,900.0,92200.0,,122.9,
4060,2023,NORTH CAROLINA,NC,EDGECOMBE,CORN,9020.0,,9300.0,1114000.0,,123.5,
4061,2023,NORTH CAROLINA,NC,FORSYTH,CORN,1790.0,,1900.0,207000.0,,115.6,
4062,2023,NORTH CAROLINA,NC,FRANKLIN,CORN,2250.0,,2500.0,232000.0,,103.1,
4063,2023,NORTH CAROLINA,NC,GATES,CORN,3690.0,,3800.0,480000.0,,130.1,
4064,2023,NORTH CAROLINA,NC,GRANVILLE,CORN,2000.0,,2600.0,253000.0,,126.5,
4065,2023,NORTH CAROLINA,NC,GREENE,CORN,10700.0,,11000.0,1631000.0,,152.4,
4066,2023,NORTH CAROLINA,NC,GUILFORD,CORN,4600.0,,5400.0,652000.0,,141.7,
4067,2023,NORTH CAROLINA,NC,HALIFAX,CORN,7860.0,,8100.0,1010000.0,,128.5,
4068,2023,NORTH CAROLINA,NC,HARNETT,CORN,6990.0,,7200.0,1100000.0,,157.4,
4069,2023,NORTH CAROLINA,NC,HENDERSON,CORN,1990.0,,2100.0,360000.0,,180.9,
4070,2023,NORTH CAROLINA,NC,HERTFORD,CORN,9310.0,,9600.0,1209000.0,,129.9,
4071,2023,NORTH CAROLINA,NC,IREDELL,CORN,13500.0,,21600.0,2111000.0,,156.4,
4072,2023,NORTH CAROLINA,NC,JOHNSTON,CORN,7080.0,,7300.0,977000.0,,138.0,
4073,2023,NORTH CAROLINA,NC,JONES,CORN,17500.0,,18000.0,2798000.0,,159.9,
4074,2023,NORTH CAROLINA,NC,LEE,CORN,1600.0,,1700.0,140600.0,,87.9,
4075,2023,NORTH CAROLINA,NC,LENOIR,CORN,23200.0,,23900.0,3536000.0,,152.4,
4076,2023,NORTH CAROLINA,NC,MARTIN,CORN,6600.0,,6800.0,842000.0,,127.6,
4077,2023,NORTH CAROLINA,NC,MOORE,CORN,2800.0,,2900.0,279000.0,,99.6,
4078,2023,NORTH CAROLINA,NC,NASH,CORN,3690.0,,3800.0,439000.0,,119.0,
4079,2023,NORTH CAROLINA,NC,NORTHAMPTON,CORN,15600.0,,16000.0,1923000.0,,123.3,
4080,2023,NORTH CAROLINA,NC,ONSLOW,CORN,10400.0,,10700.0,1349000.0,,129.7,
4081,2023,NORTH CAROLINA,NC,ORANGE,CORN,2200.0,,2500.0,312000.0,,141.8,
4082,2023,NORTH CAROLINA,NC,OTHER COUNTIES,CORN,80700.0,,90100.0,11917100.0,,147.7,
4083,2023,NORTH CAROLINA,NC,PAMLICO,CORN,15500.0,,15900.0,2261000.0,,145.9,
4084,2023,NORTH CAROLINA,NC,PASQUOTANK,CORN,22500.0,,23200.0,4005000.0,,178.0,
4085,2023,NORTH CAROLINA,NC,PENDER,CORN,14700.0,,15100.0,2447000.0,,166.5,
4086,2023,NORTH CAROLINA,NC,PERQUIMANS,CORN,14700.0,,15100.0,2492000.0,,169.5,
4087,2023,NORTH CAROLINA,NC,PERSON,CORN,3840.0,,4100.0,414000.0,,107.8,
4088,2023,NORTH CAROLINA,NC,PITT,CORN,17500.0,,18000.0,2177000.0,,124.4,
4089,2023,NORTH CAROLINA,NC,RANDOLPH,CORN,10500.0,,11100.0,1208000.0,,115.0,
4090,2023,NORTH CAROLINA,NC,ROBESON,CORN,61700.0,,63300.0,9715000.0,,157.5,
4091,2023,NORTH CAROLINA,NC,ROCKINGHAM,CORN,3010.0,,3100.0,413000.0,,137.2,
4092,2023,NORTH CAROLINA,NC,ROWAN,CORN,9900.0,,10600.0,1346000.0,,136.0,
4093,2023,NORTH CAROLINA,NC,RUTHERFORD,CORN,570.0,,600.0,55300.0,,97.0,
4094,2023,NORTH CAROLINA,NC,SAMPSON,CORN,33000.0,,33900.0,5243000.0,,158.9,
4095,2023,NORTH CAROLINA,NC,SCOTLAND,CORN,6500.0,,6700.0,774000.0,,119.1,
4096,2023,NORTH CAROLINA,NC,STANLY,CORN,12700.0,,13100.0,1529000.0,,120.4,
4097,2023,NORTH CAROLINA,NC,STOKES,CORN,1900.0,,2100.0,253000.0,,133.2,
4098,2023,NORTH CAROLINA,NC,SURRY,CORN,12100.0,,12500.0,2109000.0,,174.3,
4099,2023,NORTH CAROLINA,NC,TRANSYLVANIA,CORN,1590.0,,1700.0,264000.0,,166.0,
4100,2023,NORTH CAROLINA,NC,TYRRELL,CORN,24800.0,,25500.0,4409000.0,,177.8,
4101,2023,NORTH CAROLINA,NC,UNION,CORN,31400.0,,32300.0,4288000.0,,136.6,
4102,2023,NORTH CAROLINA,NC,WAKE,CORN,900.0,,1300.0,98100.0,,109.0,
4103,2023,NORTH CAROLINA,NC,WARREN,CORN,2040.0,,2100.0,221000.0,,108.3,
4104,2023,NORTH CAROLINA,NC,WASHINGTON,CORN,33300.0,,34300.0,5751000.0,,172.7,
4105,2023,NORTH CAROLINA,NC,WAYNE,CORN,20100.0,,20700.0,2711000.0,,134.9,
4106,2023,NORTH CAROLINA,NC,WILKES,CORN,6100.0,,7400.0,1100000.0,,180.3,
4107,2023,NORTH CAROLINA,NC,WILSON,CORN,6020.0,,6200.0,769000.0,,127.7,
4108,2023,NORTH CAROLINA,NC,YADKIN,CORN,14500.0,,14900.0,2248000.0,,155.0,
4109,2023,NORTH DAKOTA,ND,ADAMS,CORN,44100.0,,47300.0,4273000.0,,96.9,
4110,2023,NORTH DAKOTA,ND,BARNES,CORN,184000.0,480.0,185000.0,26330000.0,7700.0,143.1,16.0
4111,2023,NORTH DAKOTA,ND,BENSON,CORN,66100.0,1900.0,69400.0,6709000.0,30400.0,101.5,16.0
4112,2023,NORTH DAKOTA,ND,BILLINGS,CORN,5350.0,1990.0,7400.0,561000.0,29900.0,104.9,15.0
4113,2023,NORTH DAKOTA,ND,BOTTINEAU,CORN,43700.0,,45500.0,4951000.0,,113.3,
4114,2023,NORTH DAKOTA,ND,BOWMAN,CORN,27000.0,3180.0,30400.0,3024000.0,52000.0,112.0,16.5
4115,2023,NORTH DAKOTA,ND,BURLEIGH,CORN,78200.0,10700.0,89600.0,10846000.0,176000.0,138.7,16.5
4116,2023,NORTH DAKOTA,ND,CASS,CORN,339000.0,,344500.0,54696000.0,,161.3,
4117,2023,NORTH DAKOTA,ND,CAVALIER,CORN,8060.0,,8200.0,745000.0,,92.4,
4118,2023,NORTH DAKOTA,ND,DICKEY,CORN,168300.0,1000.0,170500.0,28190000.0,20300.0,167.5,20.5
4119,2023,NORTH DAKOTA,ND,DUNN,CORN,24400.0,8500.0,33900.0,2672000.0,153000.0,109.5,18.0
4120,2023,NORTH DAKOTA,ND,EDDY,CORN,40800.0,,45400.0,5977000.0,,146.5,
4121,2023,NORTH DAKOTA,ND,EMMONS,CORN,165000.0,7920.0,174000.0,23892000.0,174000.0,144.8,22.0
4122,2023,NORTH DAKOTA,ND,FOSTER,CORN,60200.0,4690.0,65300.0,9307000.0,80000.0,154.6,17.0
4123,2023,NORTH DAKOTA,ND,GOLDEN VALLEY,CORN,17100.0,,17700.0,1789000.0,,104.6,
4124,2023,NORTH DAKOTA,ND,GRAND FORKS,CORN,165200.0,,166500.0,22186000.0,,134.3,
4125,2023,NORTH DAKOTA,ND,GRANT,CORN,67300.0,12700.0,81100.0,8473000.0,216000.0,125.9,17.0
4126,2023,NORTH DAKOTA,ND,GRIGGS,CORN,46800.0,1400.0,48700.0,6903000.0,25900.0,147.5,18.5
4127,2023,NORTH DAKOTA,ND,HETTINGER,CORN,48800.0,,50600.0,5705000.0,,116.9,
4128,2023,NORTH DAKOTA,ND,KIDDER,CORN,42800.0,9500.0,53900.0,5436000.0,176000.0,127.0,18.5
4129,2023,NORTH DAKOTA,ND,LA MOURE,CORN,182900.0,350.0,184000.0,29612000.0,6100.0,161.9,17.5
4130,2023,NORTH DAKOTA,ND,LOGAN,CORN,64000.0,7680.0,72300.0,8915000.0,154000.0,139.3,20.0
4131,2023,NORTH DAKOTA,ND,MCHENRY,CORN,78800.0,13000.0,95100.0,8503000.0,208000.0,107.9,16.0
4132,2023,NORTH DAKOTA,ND,MCINTOSH,CORN,73600.0,6510.0,80600.0,10348000.0,111000.0,140.6,17.0
4133,2023,NORTH DAKOTA,ND,MCKENZIE,CORN,,7850.0,,,122000.0,,15.5
4134,2023,NORTH DAKOTA,ND,MCLEAN,CORN,90800.0,,94900.0,10748000.0,,118.4,
4135,2023,NORTH DAKOTA,ND,MORTON,CORN,61500.0,,89600.0,8272000.0,,134.5,
4136,2023,NORTH DAKOTA,ND,MOUNTRAIL,CORN,6730.0,,11500.0,434000.0,,64.5,
4137,2023,NORTH DAKOTA,ND,NELSON,CORN,32700.0,,34500.0,3927000.0,,120.1,
4138,2023,NORTH DAKOTA,ND,OLIVER,CORN,22300.0,,27400.0,2899000.0,,130.0,
4139,2023,NORTH DAKOTA,ND,OTHER COUNTIES,CORN,48880.0,88580.0,68000.0,5586000.0,1539400.0,114.3,17.5
4140,2023,NORTH DAKOTA,ND,PEMBINA,CORN,34600.0,,37200.0,4225000.0,,122.1,
4141,2023,NORTH DAKOTA,ND,PIERCE,CORN,29000.0,,33900.0,3074000.0,,106.0,
4142,2023,NORTH DAKOTA,ND,RAMSEY,CORN,51300.0,,53500.0,5371000.0,,104.7,
4143,2023,NORTH DAKOTA,ND,RANSOM,CORN,103200.0,5290.0,110000.0,18184000.0,98000.0,176.2,18.5
4144,2023,NORTH DAKOTA,ND,RENVILLE,CORN,16500.0,,17900.0,1624000.0,,98.4,
4145,2023,NORTH DAKOTA,ND,RICHLAND,CORN,309500.0,,317000.0,51098000.0,,165.1,
4146,2023,NORTH DAKOTA,ND,ROLETTE,CORN,10100.0,940.0,12400.0,588000.0,13600.0,58.2,14.5
4147,2023,NORTH DAKOTA,ND,SARGENT,CORN,145700.0,,148500.0,23356000.0,,160.3,
4148,2023,NORTH DAKOTA,ND,SHERIDAN,CORN,27800.0,4840.0,32800.0,3400000.0,90000.0,122.3,18.5
4149,2023,NORTH DAKOTA,ND,SIOUX,CORN,23300.0,,27200.0,2840000.0,,121.9,
4150,2023,NORTH DAKOTA,ND,SLOPE,CORN,17300.0,,19000.0,1837000.0,,106.2,
4151,2023,NORTH DAKOTA,ND,STARK,CORN,42700.0,,47100.0,4804000.0,,112.5,
4152,2023,NORTH DAKOTA,ND,STEELE,CORN,101000.0,230.0,102000.0,15271000.0,5200.0,151.2,22.5
4153,2023,NORTH DAKOTA,ND,STUTSMAN,CORN,210000.0,,220500.0,32319000.0,,153.9,
4154,2023,NORTH DAKOTA,ND,TRAILL,CORN,122200.0,,123000.0,18709000.0,,153.1,
4155,2023,NORTH DAKOTA,ND,WALSH,CORN,65400.0,,65800.0,8168000.0,,124.9,
4156,2023,NORTH DAKOTA,ND,WARD,CORN,52800.0,,54000.0,6415000.0,,121.5,
4157,2023,NORTH DAKOTA,ND,WELLS,CORN,125700.0,,126500.0,19571000.0,,155.7,
4158,2023,NORTH DAKOTA,ND,WILLIAMS,CORN,7480.0,770.0,8900.0,637000.0,11500.0,85.2,15.0
4159,2023,OHIO,OH,ALLEN,CORN,65400.0,,66900.0,12446000.0,,190.3,
4160,2023,OHIO,OH,ASHTABULA,CORN,22000.0,,22700.0,3953000.0,,179.7,
4161,2023,OHIO,OH,ATHENS,CORN,2410.0,,2600.0,472000.0,,195.9,
4162,2023,OHIO,OH,AUGLAIZE,CORN,73900.0,,75700.0,14366000.0,,194.4,
4163,2023,OHIO,OH,BELMONT,CORN,120.0,,400.0,19800.0,,165.0,
4164,2023,OHIO,OH,BROWN,CORN,24800.0,,25400.0,5226000.0,,210.7,
4165,2023,OHIO,OH,BUTLER,CORN,27300.0,,28600.0,5307000.0,,194.4,
4166,2023,OHIO,OH,CARROLL,CORN,12000.0,,12700.0,1844000.0,,153.7,
4167,2023,OHIO,OH,CHAMPAIGN,CORN,85100.0,,89000.0,17301000.0,,203.3,
4168,2023,OHIO,OH,CLARK,CORN,63100.0,,64900.0,12286000.0,,194.7,
4169,2023,OHIO,OH,CLINTON,CORN,71800.0,,73500.0,15947000.0,,222.1,
4170,2023,OHIO,OH,COLUMBIANA,CORN,20800.0,,25700.0,3766000.0,,181.1,
4171,2023,OHIO,OH,COSHOCTON,CORN,23700.0,,26000.0,4330000.0,,182.7,
4172,2023,OHIO,OH,CRAWFORD,CORN,73800.0,,77200.0,15136000.0,,205.1,
4173,2023,OHIO,OH,DARKE,CORN,127000.0,,134500.0,26715000.0,,210.4,
4174,2023,OHIO,OH,DEFIANCE,CORN,47100.0,,53100.0,8106000.0,,172.1,
4175,2023,OHIO,OH,DELAWARE,CORN,34500.0,,35500.0,6683000.0,,193.7,
4176,2023,OHIO,OH,ERIE,CORN,25200.0,,26800.0,4798000.0,,190.4,
4177,2023,OHIO,OH,FAIRFIELD,CORN,58800.0,,60200.0,11384000.0,,193.6,
4178,2023,OHIO,OH,FAYETTE,CORN,86400.0,,91800.0,18127000.0,,209.8,
4179,2023,OHIO,OH,FULTON,CORN,80600.0,,83100.0,16160000.0,,200.5,
4180,2023,OHIO,OH,GALLIA,CORN,3310.0,,3800.0,596000.0,,180.1,
4181,2023,OHIO,OH,GEAUGA,CORN,2930.0,,3300.0,526000.0,,179.5,
4182,2023,OHIO,OH,GREENE,CORN,56500.0,,58900.0,12114000.0,,214.4,
4183,2023,OHIO,OH,GUERNSEY,CORN,3020.0,,3300.0,515000.0,,170.5,
4184,2023,OHIO,OH,HARDIN,CORN,83600.0,,87900.0,15784000.0,,188.8,
4185,2023,OHIO,OH,HARRISON,CORN,3720.0,,3900.0,657000.0,,176.6,
4186,2023,OHIO,OH,HENRY,CORN,78900.0,,80700.0,15733000.0,,199.4,
4187,2023,OHIO,OH,HIGHLAND,CORN,45200.0,,47300.0,9280000.0,,205.3,
4188,2023,OHIO,OH,HOLMES,CORN,17500.0,,20800.0,3071000.0,,175.5,
4189,2023,OHIO,OH,HURON,CORN,59200.0,,62600.0,11802000.0,,199.4,
4190,2023,OHIO,OH,JACKSON,CORN,3750.0,,4000.0,542000.0,,144.5,
4191,2023,OHIO,OH,JEFFERSON,CORN,2470.0,,2700.0,400000.0,,161.9,
4192,2023,OHIO,OH,KNOX,CORN,50800.0,,52300.0,9322000.0,,183.5,
4193,2023,OHIO,OH,LICKING,CORN,52700.0,,55900.0,9772000.0,,185.4,
4194,2023,OHIO,OH,LOGAN,CORN,69400.0,,72700.0,12714000.0,,183.2,
4195,2023,OHIO,OH,LORAIN,CORN,22900.0,,23400.0,4413000.0,,192.7,
4196,2023,OHIO,OH,LUCAS,CORN,19500.0,,20000.0,3908000.0,,200.4,
4197,2023,OHIO,OH,MADISON,CORN,86600.0,,93400.0,17588000.0,,203.1,
4198,2023,OHIO,OH,MAHONING,CORN,15600.0,,16400.0,2958000.0,,189.6,
4199,2023,OHIO,OH,MEDINA,CORN,15600.0,,17400.0,2931000.0,,187.9,
4200,2023,OHIO,OH,MEIGS,CORN,2410.0,,2500.0,410000.0,,170.1,
4201,2023,OHIO,OH,MERCER,CORN,96600.0,,107000.0,19774000.0,,204.7,
4202,2023,OHIO,OH,MIAMI,CORN,71000.0,,72800.0,14250000.0,,200.7,
4203,2023,OHIO,OH,MONROE,CORN,330.0,,900.0,49000.0,,148.5,
4204,2023,OHIO,OH,MONTGOMERY,CORN,34100.0,,34900.0,6772000.0,,198.6,
4205,2023,OHIO,OH,MORGAN,CORN,4840.0,,5400.0,841000.0,,173.8,
4206,2023,OHIO,OH,MUSKINGUM,CORN,15700.0,,17500.0,2854000.0,,181.8,
4207,2023,OHIO,OH,NOBLE,CORN,760.0,,800.0,123100.0,,162.0,
4208,2023,OHIO,OH,OTHER COUNTIES,CORN,405150.0,,431300.0,79407100.0,,196.0,
4209,2023,OHIO,OH,OTTAWA,CORN,16800.0,,17200.0,3252000.0,,193.6,
4210,2023,OHIO,OH,PAULDING,CORN,61100.0,,66300.0,11242000.0,,184.0,
4211,2023,OHIO,OH,PERRY,CORN,16900.0,,17300.0,3243000.0,,191.9,
4212,2023,OHIO,OH,PICKAWAY,CORN,87000.0,,92100.0,17532000.0,,201.5,
4213,2023,OHIO,OH,PIKE,CORN,12500.0,,12900.0,2236000.0,,178.9,
4214,2023,OHIO,OH,PORTAGE,CORN,14500.0,,14900.0,2623000.0,,180.9,
4215,2023,OHIO,OH,PREBLE,CORN,73100.0,,74800.0,15419000.0,,210.9,
4216,2023,OHIO,OH,PUTNAM,CORN,73500.0,,78800.0,14693000.0,,199.9,
4217,2023,OHIO,OH,RICHLAND,CORN,34900.0,,37300.0,6261000.0,,179.4,
4218,2023,OHIO,OH,ROSS,CORN,48600.0,,50300.0,10007000.0,,205.9,
4219,2023,OHIO,OH,SCIOTO,CORN,8790.0,,9000.0,1673000.0,,190.3,
4220,2023,OHIO,OH,SENECA,CORN,91100.0,,93200.0,18138000.0,,199.1,
4221,2023,OHIO,OH,SHELBY,CORN,70600.0,,76500.0,14275000.0,,202.2,
4222,2023,OHIO,OH,STARK,CORN,27800.0,,32400.0,5418000.0,,194.9,
4223,2023,OHIO,OH,TRUMBULL,CORN,18400.0,,19500.0,3808000.0,,207.0,
4224,2023,OHIO,OH,TUSCARAWAS,CORN,17300.0,,23500.0,3171000.0,,183.3,
4225,2023,OHIO,OH,UNION,CORN,58600.0,,61100.0,12013000.0,,205.0,
4226,2023,OHIO,OH,VAN WERT,CORN,77900.0,,82200.0,15268000.0,,196.0,
4227,2023,OHIO,OH,WARREN,CORN,20800.0,,21300.0,4356000.0,,209.4,
4228,2023,OHIO,OH,WASHINGTON,CORN,8790.0,,10200.0,1529000.0,,173.9,
4229,2023,OHIO,OH,WAYNE,CORN,48100.0,,60800.0,9312000.0,,193.6,
4230,2023,OHIO,OH,WOOD,CORN,91500.0,,95200.0,20002000.0,,218.6,
4231,2023,OHIO,OH,WYANDOT,CORN,71500.0,,73100.0,14250000.0,,199.3,
4232,2023,OKLAHOMA,OK,ALFALFA,CORN,3240.0,,3400.0,318000.0,,98.1,
4233,2023,OKLAHOMA,OK,CHOCTAW,CORN,2620.0,,2700.0,456000.0,,174.0,
4234,2023,OKLAHOMA,OK,CRAIG,CORN,2740.0,,3800.0,324000.0,,118.2,
4235,2023,OKLAHOMA,OK,DELAWARE,CORN,1170.0,,1200.0,176600.0,,150.9,
4236,2023,OKLAHOMA,OK,GARFIELD,CORN,24200.0,,25500.0,1989000.0,,82.2,
4237,2023,OKLAHOMA,OK,GARVIN,CORN,4700.0,,5000.0,517000.0,,110.0,
4238,2023,OKLAHOMA,OK,GRADY,CORN,4440.0,,5700.0,683000.0,,153.8,
4239,2023,OKLAHOMA,OK,KAY,CORN,22200.0,,24900.0,2471000.0,,111.3,
4240,2023,OKLAHOMA,OK,MAJOR,CORN,6190.0,,7700.0,1255000.0,,202.7,
4241,2023,OKLAHOMA,OK,MAYES,CORN,720.0,,1300.0,65300.0,,90.7,
4242,2023,OKLAHOMA,OK,MUSKOGEE,CORN,7380.0,,7600.0,1261000.0,,170.9,
4243,2023,OKLAHOMA,OK,NOBLE,CORN,9800.0,,10500.0,890000.0,,90.8,
4244,2023,OKLAHOMA,OK,OKLAHOMA,CORN,1460.0,,1500.0,216000.0,,147.9,
4245,2023,OKLAHOMA,OK,OTHER COUNTIES,CORN,115870.0,,141800.0,15283200.0,,131.9,
4246,2023,OKLAHOMA,OK,OTTAWA,CORN,7320.0,,9200.0,776000.0,,106.0,
4247,2023,OKLAHOMA,OK,PAYNE,CORN,870.0,,1000.0,63900.0,,73.4,
4248,2023,OKLAHOMA,OK,POTTAWATOMIE,CORN,3880.0,,4000.0,632000.0,,162.9,
4249,2023,OKLAHOMA,OK,TEXAS,CORN,97400.0,,102000.0,21859000.0,,224.4,
4250,2023,OKLAHOMA,OK,TILLMAN,CORN,19100.0,,25800.0,909000.0,,47.6,
4251,2023,OKLAHOMA,OK,WAGONER,CORN,4700.0,,5400.0,515000.0,,109.6,
4252,2023,PENNSYLVANIA,PA,ADAMS,CORN,15200.0,11600.0,27500.0,2253000.0,209000.0,148.2,18.0
4253,2023,PENNSYLVANIA,PA,ARMSTRONG,CORN,11400.0,,14500.0,1803000.0,,158.2,
4254,2023,PENNSYLVANIA,PA,BEAVER,CORN,3840.0,,5000.0,622000.0,,162.0,
4255,2023,PENNSYLVANIA,PA,BEDFORD,CORN,18700.0,8100.0,27100.0,2934000.0,174000.0,156.9,21.5
4256,2023,PENNSYLVANIA,PA,BERKS,CORN,27100.0,14400.0,41900.0,4550000.0,288000.0,167.9,20.0
4257,2023,PENNSYLVANIA,PA,BLAIR,CORN,13100.0,11700.0,24900.0,2528000.0,269000.0,193.0,23.0
4258,2023,PENNSYLVANIA,PA,BUCKS,CORN,7660.0,,10100.0,1223000.0,,159.7,
4259,2023,PENNSYLVANIA,PA,BUTLER,CORN,14700.0,,18700.0,2345000.0,,159.5,
4260,2023,PENNSYLVANIA,PA,CAMBRIA,CORN,9920.0,4680.0,14800.0,1509000.0,80000.0,152.1,17.0
4261,2023,PENNSYLVANIA,PA,CENTRE,CORN,16100.0,6250.0,22500.0,2661000.0,138000.0,165.3,22.0
4262,2023,PENNSYLVANIA,PA,CHESTER,CORN,16100.0,9720.0,25900.0,2824000.0,233000.0,175.4,24.0
4263,2023,PENNSYLVANIA,PA,CLARION,CORN,7960.0,,9800.0,1308000.0,,164.3,
4264,2023,PENNSYLVANIA,PA,CLEARFIELD,CORN,3780.0,,6000.0,575000.0,,152.1,
4265,2023,PENNSYLVANIA,PA,CLINTON,CORN,4340.0,4090.0,8500.0,743000.0,88000.0,171.2,21.5
4266,2023,PENNSYLVANIA,PA,COLUMBIA,CORN,15400.0,,19400.0,2193000.0,,142.4,
4267,2023,PENNSYLVANIA,PA,CRAWFORD,CORN,22400.0,,33700.0,3559000.0,,158.9,
4268,2023,PENNSYLVANIA,PA,CUMBERLAND,CORN,14400.0,11500.0,26200.0,2278000.0,219000.0,158.2,19.0
4269,2023,PENNSYLVANIA,PA,DAUPHIN,CORN,11900.0,,14800.0,1814000.0,,152.4,
4270,2023,PENNSYLVANIA,PA,ELK,CORN,630.0,460.0,1100.0,94800.0,8300.0,150.5,18.0
4271,2023,PENNSYLVANIA,PA,ERIE,CORN,15100.0,,18500.0,2048000.0,,135.6,
4272,2023,PENNSYLVANIA,PA,FAYETTE,CORN,6870.0,2640.0,9700.0,965000.0,51000.0,140.5,19.5
4273,2023,PENNSYLVANIA,PA,FRANKLIN,CORN,20200.0,24000.0,46200.0,3107000.0,468000.0,153.8,19.5
4274,2023,PENNSYLVANIA,PA,FULTON,CORN,5500.0,4850.0,11700.0,727000.0,85000.0,132.2,17.5
4275,2023,PENNSYLVANIA,PA,GREENE,CORN,690.0,,1100.0,93700.0,,135.8,
4276,2023,PENNSYLVANIA,PA,HUNTINGDON,CORN,11400.0,13000.0,25500.0,1809000.0,286000.0,158.7,22.0
4277,2023,PENNSYLVANIA,PA,INDIANA,CORN,19900.0,7360.0,27400.0,3005000.0,151000.0,151.0,20.5
4278,2023,PENNSYLVANIA,PA,JEFFERSON,CORN,6710.0,2610.0,9400.0,1028000.0,57000.0,153.2,22.0
4279,2023,PENNSYLVANIA,PA,JUNIATA,CORN,10400.0,6850.0,17400.0,1718000.0,134000.0,165.2,19.5
4280,2023,PENNSYLVANIA,PA,LANCASTER,CORN,38200.0,30600.0,69000.0,6960000.0,732000.0,182.2,24.0
4281,2023,PENNSYLVANIA,PA,LAWRENCE,CORN,11500.0,,16200.0,1912000.0,,166.3,
4282,2023,PENNSYLVANIA,PA,LEBANON,CORN,12900.0,5740.0,18700.0,2258000.0,129000.0,175.0,22.5
4283,2023,PENNSYLVANIA,PA,LEHIGH,CORN,11500.0,,14400.0,1850000.0,,160.9,
4284,2023,PENNSYLVANIA,PA,LUZERNE,CORN,6730.0,,8700.0,969000.0,,144.0,
4285,2023,PENNSYLVANIA,PA,LYCOMING,CORN,12700.0,,17000.0,1779000.0,,140.1,
4286,2023,PENNSYLVANIA,PA,MCKEAN,CORN,,810.0,,,16200.0,,20.0
4287,2023,PENNSYLVANIA,PA,MERCER,CORN,25200.0,,32700.0,3969000.0,,157.5,
4288,2023,PENNSYLVANIA,PA,MIFFLIN,CORN,8310.0,6760.0,15200.0,1290000.0,139000.0,155.2,20.5
4289,2023,PENNSYLVANIA,PA,MONTGOMERY,CORN,2650.0,,3700.0,429000.0,,161.9,
4290,2023,PENNSYLVANIA,PA,MONTOUR,CORN,6530.0,,8000.0,983000.0,,150.5,
4291,2023,PENNSYLVANIA,PA,NORTHAMPTON,CORN,19000.0,,23100.0,2930000.0,,154.2,
4292,2023,PENNSYLVANIA,PA,NORTHUMBERLAND,CORN,23100.0,6960.0,30200.0,3807000.0,143000.0,164.8,20.5
4293,2023,PENNSYLVANIA,PA,OTHER COUNTIES,CORN,26360.0,107120.0,46800.0,3915200.0,2008200.0,148.5,18.5
4294,2023,PENNSYLVANIA,PA,PERRY,CORN,11400.0,9070.0,20600.0,1790000.0,181000.0,157.0,20.0
4295,2023,PENNSYLVANIA,PA,SCHUYLKILL,CORN,17200.0,4030.0,21400.0,2108000.0,77000.0,122.6,19.0
4296,2023,PENNSYLVANIA,PA,SNYDER,CORN,10700.0,,14300.0,1678000.0,,156.8,
4297,2023,PENNSYLVANIA,PA,SOMERSET,CORN,16500.0,10400.0,27400.0,2381000.0,156000.0,144.3,15.0
4298,2023,PENNSYLVANIA,PA,SULLIVAN,CORN,960.0,,1500.0,133300.0,,138.9,
4299,2023,PENNSYLVANIA,PA,TIOGA,CORN,7140.0,5240.0,12700.0,1101000.0,84000.0,154.2,16.0
4300,2023,PENNSYLVANIA,PA,UNION,CORN,5770.0,4200.0,10100.0,1028000.0,99000.0,178.2,23.5
4301,2023,PENNSYLVANIA,PA,VENANGO,CORN,3620.0,,8000.0,514000.0,,142.0,
4302,2023,PENNSYLVANIA,PA,WARREN,CORN,2600.0,2360.0,5000.0,360000.0,40100.0,138.5,17.0
4303,2023,PENNSYLVANIA,PA,WASHINGTON,CORN,2310.0,1750.0,4100.0,310000.0,29800.0,134.2,17.0
4304,2023,PENNSYLVANIA,PA,WAYNE,CORN,,410.0,,,6400.0,,15.5
4305,2023,PENNSYLVANIA,PA,WESTMORELAND,CORN,9870.0,5740.0,15900.0,1417000.0,121000.0,143.6,21.0
4306,2023,PENNSYLVANIA,PA,WYOMING,CORN,2350.0,,3400.0,313000.0,,133.2,
4307,2023,PENNSYLVANIA,PA,YORK,CORN,53500.0,,72600.0,8258000.0,,154.4,
4308,2023,SOUTH CAROLINA,SC,BAMBERG,CORN,6240.0,,7400.0,1038000.0,,166.3,
4309,2023,SOUTH CAROLINA,SC,BERKELEY,CORN,3230.0,,3400.0,398000.0,,123.2,
4310,2023,SOUTH CAROLINA,SC,CALHOUN,CORN,9830.0,,10200.0,1706000.0,,173.6,
4311,2023,SOUTH CAROLINA,SC,CHESTER,CORN,580.0,,1200.0,50500.0,,87.1,
4312,2023,SOUTH CAROLINA,SC,CHESTERFIELD,CORN,8900.0,,9300.0,946000.0,,106.3,
4313,2023,SOUTH CAROLINA,SC,CLARENDON,CORN,40000.0,,40700.0,6935000.0,,173.4,
4314,2023,SOUTH CAROLINA,SC,DARLINGTON,CORN,19300.0,,20100.0,2837000.0,,147.0,
4315,2023,SOUTH CAROLINA,SC,DILLON,CORN,23700.0,,24000.0,3842000.0,,162.1,
4316,2023,SOUTH CAROLINA,SC,DORCHESTER,CORN,7330.0,,7600.0,1163000.0,,158.7,
4317,2023,SOUTH CAROLINA,SC,EDGEFIELD,CORN,770.0,,800.0,59300.0,,77.0,
4318,2023,SOUTH CAROLINA,SC,FLORENCE,CORN,20000.0,,20700.0,2629000.0,,131.5,
4319,2023,SOUTH CAROLINA,SC,GEORGETOWN,CORN,1890.0,,2000.0,286000.0,,151.3,
4320,2023,SOUTH CAROLINA,SC,GREENVILLE,CORN,770.0,,800.0,79900.0,,103.8,
4321,2023,SOUTH CAROLINA,SC,HAMPTON,CORN,7210.0,,7500.0,1120000.0,,155.3,
4322,2023,SOUTH CAROLINA,SC,HORRY,CORN,19200.0,,19500.0,2828000.0,,147.3,
4323,2023,SOUTH CAROLINA,SC,LANCASTER,CORN,2130.0,,2300.0,208000.0,,97.7,
4324,2023,SOUTH CAROLINA,SC,LEE,CORN,25500.0,,25900.0,3991000.0,,156.5,
4325,2023,SOUTH CAROLINA,SC,MARION,CORN,9290.0,,9600.0,1494000.0,,160.8,
4326,2023,SOUTH CAROLINA,SC,MARLBORO,CORN,16400.0,,16800.0,2787000.0,,169.9,
4327,2023,SOUTH CAROLINA,SC,NEWBERRY,CORN,2700.0,,3400.0,303000.0,,112.2,
4328,2023,SOUTH CAROLINA,SC,OCONEE,CORN,730.0,,800.0,79400.0,,108.8,
4329,2023,SOUTH CAROLINA,SC,ORANGEBURG,CORN,34700.0,,35400.0,5378000.0,,155.0,
4330,2023,SOUTH CAROLINA,SC,OTHER COUNTIES,CORN,40800.0,,44800.0,5326900.0,,130.6,
4331,2023,SOUTH CAROLINA,SC,SUMTER,CORN,27200.0,,28400.0,4347000.0,,159.8,
4332,2023,SOUTH CAROLINA,SC,WILLIAMSBURG,CORN,21600.0,,22400.0,2668000.0,,123.5,
4333,2023,SOUTH DAKOTA,SD,AURORA,CORN,87800.0,,100500.0,10940000.0,,124.6,
4334,2023,SOUTH DAKOTA,SD,BON HOMME,CORN,99100.0,,110500.0,15648000.0,,157.9,
4335,2023,SOUTH DAKOTA,SD,BROOKINGS,CORN,125800.0,,165000.0,20719000.0,,164.7,
4336,2023,SOUTH DAKOTA,SD,BROWN,CORN,302000.0,,315000.0,53037000.0,,175.6,
4337,2023,SOUTH DAKOTA,SD,BRULE,CORN,82500.0,,98000.0,10758000.0,,130.4,
4338,2023,SOUTH DAKOTA,SD,BUTTE,CORN,2370.0,,6400.0,333000.0,,140.5,
4339,2023,SOUTH DAKOTA,SD,CAMPBELL,CORN,71900.0,,78000.0,11605000.0,,161.4,
4340,2023,SOUTH DAKOTA,SD,CHARLES MIX,CORN,144300.0,,161000.0,19278000.0,,133.6,
4341,2023,SOUTH DAKOTA,SD,CLARK,CORN,138400.0,,165500.0,22794000.0,,164.7,
4342,2023,SOUTH DAKOTA,SD,CLAY,CORN,105900.0,,107500.0,18596000.0,,175.6,
4343,2023,SOUTH DAKOTA,SD,CORSON,CORN,52200.0,,63500.0,6541000.0,,125.3,
4344,2023,SOUTH DAKOTA,SD,CUSTER,CORN,1400.0,,1600.0,88200.0,,63.0,
4345,2023,SOUTH DAKOTA,SD,DAVISON,CORN,77500.0,,79900.0,12292000.0,,158.6,
4346,2023,SOUTH DAKOTA,SD,DOUGLAS,CORN,82200.0,,84400.0,12346000.0,,150.2,
4347,2023,SOUTH DAKOTA,SD,EDMUNDS,CORN,150000.0,,156000.0,22410000.0,,149.4,
4348,2023,SOUTH DAKOTA,SD,FALL RIVER,CORN,2400.0,,2900.0,339000.0,,141.3,
4349,2023,SOUTH DAKOTA,SD,GRANT,CORN,100700.0,,129000.0,14410000.0,,143.1,
4350,2023,SOUTH DAKOTA,SD,HAAKON,CORN,29900.0,,33600.0,2479000.0,,82.9,
4351,2023,SOUTH DAKOTA,SD,HAMLIN,CORN,102800.0,,115000.0,18072000.0,,175.8,
4352,2023,SOUTH DAKOTA,SD,HAND,CORN,188500.0,,207500.0,28595000.0,,151.7,
4353,2023,SOUTH DAKOTA,SD,HANSON,CORN,91400.0,,93100.0,15355000.0,,168.0,
4354,2023,SOUTH DAKOTA,SD,HUGHES,CORN,61000.0,,67100.0,8284000.0,,135.8,
4355,2023,SOUTH DAKOTA,SD,HUTCHINSON,CORN,166700.0,,176500.0,25255000.0,,151.5,
4356,2023,SOUTH DAKOTA,SD,JERAULD,CORN,56400.0,,60700.0,7964000.0,,141.2,
4357,2023,SOUTH DAKOTA,SD,LINCOLN,CORN,130700.0,,146500.0,19932000.0,,152.5,
4358,2023,SOUTH DAKOTA,SD,LYMAN,CORN,56200.0,,57900.0,7368000.0,,131.1,
4359,2023,SOUTH DAKOTA,SD,MARSHALL,CORN,92600.0,,111000.0,14936000.0,,161.3,
4360,2023,SOUTH DAKOTA,SD,MCCOOK,CORN,116300.0,,124000.0,17282000.0,,148.6,
4361,2023,SOUTH DAKOTA,SD,MCPHERSON,CORN,82000.0,,88100.0,13013000.0,,158.7,
4362,2023,SOUTH DAKOTA,SD,MEADE,CORN,6130.0,,10900.0,479000.0,,78.1,
4363,2023,SOUTH DAKOTA,SD,MINER,CORN,87900.0,,91300.0,12192000.0,,138.7,
4364,2023,SOUTH DAKOTA,SD,MOODY,CORN,114000.0,,138500.0,19904000.0,,174.6,
4365,2023,SOUTH DAKOTA,SD,OTHER COUNTIES,CORN,1709200.0,,1950100.0,245964800.0,,143.9,
4366,2023,SOUTH DAKOTA,SD,PERKINS,CORN,11200.0,,33500.0,995000.0,,88.8,
4367,2023,SOUTH DAKOTA,SD,ROBERTS,CORN,162200.0,,182000.0,24346000.0,,150.1,
4368,2023,SOUTH DAKOTA,SD,SPINK,CORN,257500.0,,280500.0,44110000.0,,171.3,
4369,2023,SOUTH DAKOTA,SD,SULLY,CORN,123000.0,,128500.0,16482000.0,,134.0,
4370,2023,SOUTH DAKOTA,SD,TURNER,CORN,132900.0,,155000.0,20998000.0,,158.0,
4371,2023,SOUTH DAKOTA,SD,UNION,CORN,115700.0,,119500.0,20583000.0,,177.9,
4372,2023,SOUTH DAKOTA,SD,YANKTON,CORN,99300.0,,104500.0,17517000.0,,176.4,
4373,2023,TENNESSEE,TN,BEDFORD,CORN,7840.0,,8400.0,1396000.0,,178.1,
4374,2023,TENNESSEE,TN,BENTON,CORN,7010.0,,7400.0,1112000.0,,158.6,
4375,2023,TENNESSEE,TN,BLEDSOE,CORN,3090.0,,3400.0,530000.0,,171.5,
4376,2023,TENNESSEE,TN,BLOUNT,CORN,1000.0,,1200.0,151600.0,,151.6,
4377,2023,TENNESSEE,TN,CAMPBELL,CORN,270.0,,300.0,44600.0,,165.2,
4378,2023,TENNESSEE,TN,CANNON,CORN,5710.0,,6100.0,991000.0,,173.6,
4379,2023,TENNESSEE,TN,CARROLL,CORN,37200.0,,39700.0,6183000.0,,166.2,
4380,2023,TENNESSEE,TN,CHESTER,CORN,3650.0,,3900.0,593000.0,,162.5,
4381,2023,TENNESSEE,TN,COFFEE,CORN,21600.0,,22000.0,4069000.0,,188.4,
4382,2023,TENNESSEE,TN,CROCKETT,CORN,19700.0,,21100.0,3268000.0,,165.9,
4383,2023,TENNESSEE,TN,CUMBERLAND,CORN,840.0,,1100.0,149300.0,,177.7,
4384,2023,TENNESSEE,TN,DYER,CORN,47800.0,,48900.0,7696000.0,,161.0,
4385,2023,TENNESSEE,TN,FENTRESS,CORN,1100.0,,1200.0,175000.0,,159.1,
4386,2023,TENNESSEE,TN,FRANKLIN,CORN,23400.0,,23700.0,4544000.0,,194.2,
4387,2023,TENNESSEE,TN,GIBSON,CORN,80200.0,,83000.0,13016000.0,,162.3,
4388,2023,TENNESSEE,TN,GILES,CORN,15400.0,,16400.0,2965000.0,,192.5,
4389,2023,TENNESSEE,TN,GREENE,CORN,4490.0,,5200.0,762000.0,,169.7,
4390,2023,TENNESSEE,TN,HARDEMAN,CORN,9860.0,,10600.0,1673000.0,,169.7,
4391,2023,TENNESSEE,TN,HARDIN,CORN,8020.0,,8200.0,1288000.0,,160.6,
4392,2023,TENNESSEE,TN,HAWKINS,CORN,1060.0,,1200.0,188900.0,,178.2,
4393,2023,TENNESSEE,TN,HENDERSON,CORN,10200.0,,10900.0,1632000.0,,160.0,
4394,2023,TENNESSEE,TN,HENRY,CORN,39600.0,,42300.0,7120000.0,,179.8,
4395,2023,TENNESSEE,TN,HICKMAN,CORN,3000.0,,3200.0,531000.0,,177.0,
4396,2023,TENNESSEE,TN,HUMPHREYS,CORN,6000.0,,6400.0,898000.0,,149.7,
4397,2023,TENNESSEE,TN,LAKE,CORN,11400.0,,11700.0,1929000.0,,169.2,
4398,2023,TENNESSEE,TN,LAUDERDALE,CORN,15800.0,,16300.0,2634000.0,,166.7,
4399,2023,TENNESSEE,TN,LAWRENCE,CORN,28800.0,,30400.0,5518000.0,,191.6,
4400,2023,TENNESSEE,TN,LINCOLN,CORN,18800.0,,19300.0,3446000.0,,183.3,
4401,2023,TENNESSEE,TN,MACON,CORN,6650.0,,7100.0,1052000.0,,158.2,
4402,2023,TENNESSEE,TN,MADISON,CORN,24900.0,,26600.0,4427000.0,,177.8,
4403,2023,TENNESSEE,TN,MARSHALL,CORN,5060.0,,5400.0,896000.0,,177.1,
4404,2023,TENNESSEE,TN,MAURY,CORN,9660.0,,10300.0,1889000.0,,195.5,
4405,2023,TENNESSEE,TN,MCMINN,CORN,6060.0,,6600.0,958000.0,,158.1,
4406,2023,TENNESSEE,TN,MEIGS,CORN,1480.0,,1600.0,270000.0,,182.4,
4407,2023,TENNESSEE,TN,MONTGOMERY,CORN,18500.0,,19000.0,3571000.0,,193.0,
4408,2023,TENNESSEE,TN,MORGAN,CORN,750.0,,800.0,138000.0,,184.0,
4409,2023,TENNESSEE,TN,OBION,CORN,79300.0,,81400.0,13911000.0,,175.4,
4410,2023,TENNESSEE,TN,OTHER COUNTIES,CORN,118360.0,,127700.0,20204100.0,,170.7,
4411,2023,TENNESSEE,TN,ROBERTSON,CORN,37800.0,,40300.0,6963000.0,,184.2,
4412,2023,TENNESSEE,TN,RUTHERFORD,CORN,6940.0,,7400.0,1244000.0,,179.3,
4413,2023,TENNESSEE,TN,SEQUATCHIE,CORN,1220.0,,1300.0,199400.0,,163.4,
4414,2023,TENNESSEE,TN,STEWART,CORN,3160.0,,3200.0,578000.0,,182.9,
4415,2023,TENNESSEE,TN,SULLIVAN,CORN,380.0,,1100.0,61100.0,,160.8,
4416,2023,TENNESSEE,TN,SUMNER,CORN,13400.0,,14200.0,2633000.0,,196.5,
4417,2023,TENNESSEE,TN,TIPTON,CORN,22900.0,,24500.0,3852000.0,,168.2,
4418,2023,TENNESSEE,TN,WARREN,CORN,13200.0,,13500.0,2650000.0,,200.8,
4419,2023,TENNESSEE,TN,WASHINGTON,CORN,2420.0,,3200.0,406000.0,,167.8,
4420,2023,TENNESSEE,TN,WAYNE,CORN,4770.0,,5100.0,700000.0,,146.8,
4421,2023,TENNESSEE,TN,WEAKLEY,CORN,72800.0,,77600.0,11530000.0,,158.4,
4422,2023,TENNESSEE,TN,WHITE,CORN,3950.0,,4600.0,766000.0,,193.9,
4423,2023,TENNESSEE,TN,WILSON,CORN,3500.0,,4000.0,568000.0,,162.3,
4424,2023,TEXAS,TX,ATASCOSA,CORN,1800.0,,1800.0,235000.0,,130.6,
4425,2023,TEXAS,TX,BEE,CORN,24700.0,,24700.0,2319000.0,,93.9,
4426,2023,TEXAS,TX,BELL,CORN,73000.0,,73000.0,7468000.0,,102.3,
4427,2023,TEXAS,TX,BEXAR,CORN,6400.0,,6400.0,597000.0,,93.3,
4428,2023,TEXAS,TX,BRAZOS,CORN,5200.0,,5400.0,768000.0,,147.7,
4429,2023,TEXAS,TX,CALHOUN,CORN,32500.0,,32500.0,4267000.0,,131.3,
4430,2023,TEXAS,TX,COOKE,CORN,4690.0,,4800.0,393000.0,,83.8,
4431,2023,TEXAS,TX,DALLAM,CORN,93100.0,,112000.0,11861000.0,,127.4,
4432,2023,TEXAS,TX,DE WITT,CORN,4700.0,,4700.0,522000.0,,111.1,
4433,2023,TEXAS,TX,DEAF SMITH,CORN,15400.0,,48500.0,2667000.0,,173.2,
4434,2023,TEXAS,TX,DELTA,CORN,11400.0,,11500.0,1317000.0,,115.5,
4435,2023,TEXAS,TX,ELLIS,CORN,55900.0,,56400.0,5165000.0,,92.4,
4436,2023,TEXAS,TX,FALLS,CORN,68400.0,,74300.0,7928000.0,,115.9,
4437,2023,TEXAS,TX,FAYETTE,CORN,5600.0,,7300.0,524000.0,,93.6,
4438,2023,TEXAS,TX,FORT BEND,CORN,25100.0,,25100.0,2874000.0,,114.5,
4439,2023,TEXAS,TX,GONZALES,CORN,4650.0,,4700.0,576000.0,,123.9,
4440,2023,TEXAS,TX,GRAYSON,CORN,24600.0,,24600.0,2517000.0,,102.3,
4441,2023,TEXAS,TX,GUADALUPE,CORN,22700.0,,22700.0,1952000.0,,86.0,
4442,2023,TEXAS,TX,HALE,CORN,28900.0,,52100.0,3439000.0,,119.0,
4443,2023,TEXAS,TX,HIDALGO,CORN,33600.0,,34100.0,3246000.0,,96.6,
4444,2023,TEXAS,TX,HILL,CORN,96100.0,,111000.0,11599000.0,,120.7,
4445,2023,TEXAS,TX,JACKSON,CORN,89600.0,,89600.0,10223000.0,,114.1,
4446,2023,TEXAS,TX,JOHNSON,CORN,14900.0,,15100.0,1433000.0,,96.2,
4447,2023,TEXAS,TX,KARNES,CORN,12600.0,,12600.0,1011000.0,,80.2,
4448,2023,TEXAS,TX,LAVACA,CORN,2300.0,,2300.0,234000.0,,101.7,
4449,2023,TEXAS,TX,MATAGORDA,CORN,65700.0,,67900.0,8462000.0,,128.8,
4450,2023,TEXAS,TX,MCLENNAN,CORN,44800.0,,66900.0,4829000.0,,107.8,
4451,2023,TEXAS,TX,MEDINA,CORN,22800.0,,24600.0,2875000.0,,126.1,
4452,2023,TEXAS,TX,MILAM,CORN,41400.0,,41600.0,3941000.0,,95.2,
4453,2023,TEXAS,TX,NAVARRO,CORN,21200.0,,25600.0,2366000.0,,111.6,
4454,2023,TEXAS,TX,NUECES,CORN,35000.0,,36400.0,3129000.0,,89.4,
4455,2023,TEXAS,TX,OCHILTREE,CORN,34600.0,,35100.0,6159000.0,,178.0,
4456,2023,TEXAS,TX,OTHER COUNTIES,CORN,649820.0,,858900.0,85054000.0,,130.9,
4457,2023,TEXAS,TX,PARMER,CORN,7950.0,,51200.0,1340000.0,,168.6,
4458,2023,TEXAS,TX,SAN PATRICIO,CORN,37300.0,,37300.0,3883000.0,,104.1,
4459,2023,TEXAS,TX,SHERMAN,CORN,68100.0,,73100.0,13245000.0,,194.5,
4460,2023,TEXAS,TX,TOM GREEN,CORN,3090.0,,6100.0,352000.0,,113.9,
4461,2023,TEXAS,TX,TRAVIS,CORN,15500.0,,15500.0,1445000.0,,93.2,
4462,2023,TEXAS,TX,UVALDE,CORN,10500.0,,14900.0,1203000.0,,114.6,
4463,2023,TEXAS,TX,VICTORIA,CORN,48200.0,,49700.0,5659000.0,,117.4,
4464,2023,TEXAS,TX,WHARTON,CORN,117100.0,,118500.0,15389000.0,,131.4,
4465,2023,TEXAS,TX,WILLACY,CORN,15800.0,,16000.0,1239000.0,,78.4,
4466,2023,TEXAS,TX,WILLIAMSON,CORN,103300.0,,103500.0,10495000.0,,101.6,
4467,2023,VIRGINIA,VA,APPOMATTOX,CORN,1460.0,,2000.0,208000.0,,142.5,
4468,2023,VIRGINIA,VA,AUGUSTA,CORN,19000.0,,27400.0,2755000.0,,145.0,
4469,2023,VIRGINIA,VA,BOTETOURT,CORN,2160.0,,3500.0,359000.0,,166.2,
4470,2023,VIRGINIA,VA,CAMPBELL,CORN,2680.0,,3300.0,391000.0,,145.9,
4471,2023,VIRGINIA,VA,CAROLINE,CORN,12900.0,,16000.0,2307000.0,,178.8,
4472,2023,VIRGINIA,VA,CHARLES CITY,CORN,6390.0,,7800.0,1038000.0,,162.4,
4473,2023,VIRGINIA,VA,CHARLOTTE,CORN,1580.0,,1800.0,217000.0,,137.3,
4474,2023,VIRGINIA,VA,CHESAPEAKE CITY,CORN,4600.0,,5600.0,804000.0,,174.8,
4475,2023,VIRGINIA,VA,CRAIG,CORN,320.0,,500.0,42200.0,,131.9,
4476,2023,VIRGINIA,VA,CULPEPER,CORN,6860.0,,8800.0,1016000.0,,148.1,
4477,2023,VIRGINIA,VA,DINWIDDIE,CORN,5410.0,,6600.0,900000.0,,166.4,
4478,2023,VIRGINIA,VA,ESSEX,CORN,13800.0,,16800.0,2357000.0,,170.8,
4479,2023,VIRGINIA,VA,FAUQUIER,CORN,6030.0,,8600.0,1003000.0,,166.3,
4480,2023,VIRGINIA,VA,FRANKLIN,CORN,6990.0,,10500.0,1159000.0,,165.8,
4481,2023,VIRGINIA,VA,FREDERICK,CORN,2050.0,,3800.0,214000.0,,104.4,
4482,2023,VIRGINIA,VA,GLOUCESTER,CORN,4010.0,,4900.0,523000.0,,130.4,
4483,2023,VIRGINIA,VA,HALIFAX,CORN,3420.0,,4200.0,461000.0,,134.8,
4484,2023,VIRGINIA,VA,ISLE OF WIGHT,CORN,10900.0,,13300.0,1518000.0,,139.3,
4485,2023,VIRGINIA,VA,KING AND QUEEN,CORN,13300.0,,16300.0,2181000.0,,164.0,
4486,2023,VIRGINIA,VA,LANCASTER,CORN,5150.0,,6300.0,837000.0,,162.5,
4487,2023,VIRGINIA,VA,LUNENBURG,CORN,980.0,,1200.0,147000.0,,150.0,
4488,2023,VIRGINIA,VA,MADISON,CORN,5170.0,,6400.0,758000.0,,146.6,
4489,2023,VIRGINIA,VA,MECKLENBURG,CORN,2400.0,,3900.0,298000.0,,124.2,
4490,2023,VIRGINIA,VA,MIDDLESEX,CORN,6160.0,,7500.0,1141000.0,,185.2,
4491,2023,VIRGINIA,VA,NEW KENT,CORN,3770.0,,4600.0,636000.0,,168.7,
4492,2023,VIRGINIA,VA,NORTHAMPTON,CORN,6250.0,,7600.0,1120000.0,,179.2,
4493,2023,VIRGINIA,VA,NORTHUMBERLAND,CORN,10600.0,,13000.0,1815000.0,,171.2,
4494,2023,VIRGINIA,VA,NOTTOWAY,CORN,2900.0,,3200.0,496000.0,,171.0,
4495,2023,VIRGINIA,VA,ORANGE,CORN,5300.0,,5600.0,975000.0,,184.0,
4496,2023,VIRGINIA,VA,OTHER COUNTIES,CORN,119700.0,,162800.0,18933800.0,,158.2,
4497,2023,VIRGINIA,VA,PAGE,CORN,1130.0,,3700.0,79000.0,,69.9,
4498,2023,VIRGINIA,VA,PRINCE GEORGE,CORN,4100.0,,5000.0,728000.0,,177.6,
4499,2023,VIRGINIA,VA,RICHMOND,CORN,10400.0,,12700.0,1872000.0,,180.0,
4500,2023,VIRGINIA,VA,ROCKINGHAM,CORN,12300.0,,25500.0,1390000.0,,113.0,
4501,2023,VIRGINIA,VA,SHENANDOAH,CORN,7360.0,,13600.0,671000.0,,91.2,
4502,2023,VIRGINIA,VA,SOUTHAMPTON,CORN,14800.0,,18100.0,2295000.0,,155.1,
4503,2023,VIRGINIA,VA,SPOTSYLVANIA,CORN,2860.0,,3500.0,492000.0,,172.0,
4504,2023,VIRGINIA,VA,SUFFOLK CITY,CORN,8510.0,,10400.0,1187000.0,,139.5,
4505,2023,VIRGINIA,VA,VIRGINIA BEACH CITY,CORN,5500.0,,5500.0,1048000.0,,190.5,
4506,2023,VIRGINIA,VA,WESTMORELAND,CORN,10800.0,,13200.0,1718000.0,,159.1,
4507,2023,WASHINGTON,WA,ADAMS,CORN,6100.0,,13300.0,1428000.0,,234.1,
4508,2023,WASHINGTON,WA,FRANKLIN,CORN,6100.0,,12800.0,1368000.0,,224.3,
4509,2023,WASHINGTON,WA,GRANT,CORN,19700.0,,39500.0,4642000.0,,235.6,
4510,2023,WASHINGTON,WA,OTHER COUNTIES,CORN,33800.0,,59600.0,8396000.0,,248.4,
4511,2023,WASHINGTON,WA,YAKIMA,CORN,9300.0,,34800.0,2166000.0,,232.9,
4512,2023,WISCONSIN,WI,ADAMS,CORN,,670.0,,,13100.0,,19.5
4513,2023,WISCONSIN,WI,BARRON,CORN,92400.0,1580.0,94100.0,13897000.0,33200.0,150.4,21.0
4514,2023,WISCONSIN,WI,BAYFIELD,CORN,1260.0,,2400.0,154800.0,,122.9,
4515,2023,WISCONSIN,WI,BROWN,CORN,34800.0,30100.0,65900.0,6111000.0,617000.0,175.6,20.5
4516,2023,WISCONSIN,WI,BUFFALO,CORN,55100.0,12900.0,68500.0,10260000.0,316000.0,186.2,24.5
4517,2023,WISCONSIN,WI,BURNETT,CORN,11400.0,1180.0,14100.0,1417000.0,22400.0,124.3,19.0
4518,2023,WISCONSIN,WI,CALUMET,CORN,15900.0,29200.0,46000.0,2749000.0,569000.0,172.9,19.5
4519,2023,WISCONSIN,WI,CHIPPEWA,CORN,73800.0,13600.0,88100.0,12332000.0,302000.0,167.1,22.0
4520,2023,WISCONSIN,WI,CLARK,CORN,55200.0,26100.0,81800.0,8247000.0,561000.0,149.4,21.5
4521,2023,WISCONSIN,WI,COLUMBIA,CORN,113800.0,9000.0,124000.0,21064000.0,180000.0,185.1,20.0
4522,2023,WISCONSIN,WI,CRAWFORD,CORN,31500.0,3330.0,36900.0,4867000.0,65000.0,154.5,19.5
4523,2023,WISCONSIN,WI,DANE,CORN,152400.0,27900.0,183500.0,30004000.0,656000.0,196.9,23.5
4524,2023,WISCONSIN,WI,DODGE,CORN,113400.0,,148500.0,22669000.0,,199.9,
4525,2023,WISCONSIN,WI,DOOR,CORN,29700.0,,31300.0,4903000.0,,165.1,
4526,2023,WISCONSIN,WI,DUNN,CORN,92200.0,15800.0,108500.0,16863000.0,308000.0,182.9,19.5
4527,2023,WISCONSIN,WI,EAU CLAIRE,CORN,43500.0,4500.0,48100.0,7352000.0,92000.0,169.0,20.5
4528,2023,WISCONSIN,WI,FOND DU LAC,CORN,70500.0,36300.0,107500.0,13571000.0,817000.0,192.5,22.5
4529,2023,WISCONSIN,WI,GRANT,CORN,127500.0,23200.0,159500.0,26497000.0,545000.0,207.8,23.5
4530,2023,WISCONSIN,WI,GREEN,CORN,91800.0,14300.0,114000.0,17001000.0,272000.0,185.2,19.0
4531,2023,WISCONSIN,WI,GREEN LAKE,CORN,,8210.0,,,185000.0,,22.5
4532,2023,WISCONSIN,WI,IOWA,CORN,61800.0,13600.0,79300.0,12082000.0,286000.0,195.5,21.0
4533,2023,WISCONSIN,WI,JACKSON,CORN,44800.0,4550.0,50600.0,7190000.0,93000.0,160.5,20.5
4534,2023,WISCONSIN,WI,JEFFERSON,CORN,71700.0,7060.0,79600.0,12963000.0,148000.0,180.8,21.0
4535,2023,WISCONSIN,WI,JUNEAU,CORN,32500.0,6260.0,41200.0,4626000.0,122000.0,142.3,19.5
4536,2023,WISCONSIN,WI,KENOSHA,CORN,25300.0,2360.0,27700.0,4617000.0,54000.0,182.5,23.0
4537,2023,WISCONSIN,WI,KEWAUNEE,CORN,24400.0,29700.0,55800.0,4075000.0,594000.0,167.0,20.0
4538,2023,WISCONSIN,WI,LA CROSSE,CORN,29000.0,2570.0,32000.0,4718000.0,55000.0,162.7,21.5
4539,2023,WISCONSIN,WI,LAFAYETTE,CORN,124700.0,14200.0,139500.0,26191000.0,341000.0,210.0,24.0
4540,2023,WISCONSIN,WI,LANGLADE,CORN,6540.0,9100.0,16200.0,975000.0,204000.0,149.1,22.5
4541,2023,WISCONSIN,WI,LINCOLN,CORN,6480.0,3930.0,10500.0,951000.0,71000.0,146.8,18.0
4542,2023,WISCONSIN,WI,MANITOWOC,CORN,55200.0,20600.0,75900.0,9483000.0,443000.0,171.8,21.5
4543,2023,WISCONSIN,WI,MARATHON,CORN,61300.0,61000.0,124000.0,9428000.0,1311000.0,153.8,21.5
4544,2023,WISCONSIN,WI,MARINETTE,CORN,26400.0,12300.0,38800.0,4266000.0,277000.0,161.6,22.5
4545,2023,WISCONSIN,WI,MARQUETTE,CORN,20800.0,12600.0,33700.0,3309000.0,233000.0,159.1,18.5
4546,2023,WISCONSIN,WI,MILWAUKEE,CORN,1100.0,,1100.0,217000.0,,197.3,
4547,2023,WISCONSIN,WI,MONROE,CORN,35000.0,21900.0,60500.0,5513000.0,449000.0,157.5,20.5
4548,2023,WISCONSIN,WI,OCONTO,CORN,40100.0,24000.0,64400.0,6765000.0,516000.0,168.7,21.5
4549,2023,WISCONSIN,WI,OTHER COUNTIES,CORN,71050.0,50990.0,84600.0,11509200.0,1131900.0,162.0,22.0
4550,2023,WISCONSIN,WI,OUTAGAMIE,CORN,73800.0,10700.0,85400.0,12037000.0,230000.0,163.1,21.5
4551,2023,WISCONSIN,WI,OZAUKEE,CORN,8610.0,8790.0,17500.0,1570000.0,180000.0,182.3,20.5
4552,2023,WISCONSIN,WI,PEPIN,CORN,28000.0,2970.0,31200.0,5121000.0,61000.0,182.9,20.5
4553,2023,WISCONSIN,WI,PIERCE,CORN,76500.0,,84600.0,15300000.0,,200.0,
4554,2023,WISCONSIN,WI,POLK,CORN,55200.0,9860.0,69500.0,8021000.0,187000.0,145.3,19.0
4555,2023,WISCONSIN,WI,PORTAGE,CORN,39000.0,9210.0,49400.0,5834000.0,170000.0,149.6,18.5
4556,2023,WISCONSIN,WI,PRICE,CORN,2430.0,1940.0,4400.0,327000.0,29100.0,134.6,15.0
4557,2023,WISCONSIN,WI,RACINE,CORN,32900.0,800.0,33800.0,6300000.0,16000.0,191.5,20.0
4558,2023,WISCONSIN,WI,RICHLAND,CORN,31200.0,11700.0,46400.0,4643000.0,205000.0,148.8,17.5
4559,2023,WISCONSIN,WI,ROCK,CORN,128000.0,16200.0,145500.0,23962000.0,340000.0,187.2,21.0
4560,2023,WISCONSIN,WI,RUSK,CORN,18600.0,6250.0,25000.0,2894000.0,125000.0,155.6,20.0
4561,2023,WISCONSIN,WI,SAUK,CORN,76700.0,6090.0,86300.0,12165000.0,104000.0,158.6,17.0
4562,2023,WISCONSIN,WI,SAWYER,CORN,5180.0,,8300.0,689000.0,,133.0,
4563,2023,WISCONSIN,WI,SHAWANO,CORN,53700.0,28100.0,83200.0,8866000.0,548000.0,165.1,19.5
4564,2023,WISCONSIN,WI,SHEBOYGAN,CORN,39400.0,14700.0,54300.0,7210000.0,287000.0,183.0,19.5
4565,2023,WISCONSIN,WI,ST CROIX,CORN,89600.0,8010.0,98300.0,16334000.0,176000.0,182.3,22.0
4566,2023,WISCONSIN,WI,TAYLOR,CORN,28000.0,11500.0,39700.0,4679000.0,242000.0,167.1,21.0
4567,2023,WISCONSIN,WI,TREMPEALEAU,CORN,80900.0,7360.0,89500.0,11904000.0,144000.0,147.1,19.5
4568,2023,WISCONSIN,WI,VERNON,CORN,43300.0,14200.0,61500.0,6061000.0,277000.0,140.0,19.5
4569,2023,WISCONSIN,WI,WALWORTH,CORN,94500.0,3700.0,99300.0,18182000.0,81000.0,192.4,22.0
4570,2023,WISCONSIN,WI,WASHBURN,CORN,9450.0,2800.0,12600.0,1253000.0,48700.0,132.6,17.5
4571,2023,WISCONSIN,WI,WASHINGTON,CORN,25400.0,6220.0,31900.0,4176000.0,134000.0,164.4,21.5
4572,2023,WISCONSIN,WI,WAUKESHA,CORN,19200.0,440.0,19700.0,3310000.0,8600.0,172.4,19.5
4573,2023,WISCONSIN,WI,WAUPACA,CORN,41100.0,15600.0,58900.0,6675000.0,320000.0,162.4,20.5
4574,2023,WISCONSIN,WI,WAUSHARA,CORN,30600.0,3770.0,35000.0,5499000.0,75000.0,179.7,20.0
4575,2023,WISCONSIN,WI,WINNEBAGO,CORN,35600.0,14100.0,49900.0,6269000.0,296000.0,176.1,21.0
4576,2023,WISCONSIN,WI,WOOD,CORN,28800.0,10400.0,40800.0,4522000.0,213000.0,157.0,20.5
4577,2024,ALABAMA,AL,BALDWIN,CORN,6800.0,,6900.0,1183000.0,,174.0,
4578,2024,ALABAMA,AL,BUTLER,CORN,1630.0,,1700.0,135800.0,,83.3,
4579,2024,ALABAMA,AL,CALHOUN,CORN,1750.0,,1800.0,227000.0,,129.7,
4580,2024,ALABAMA,AL,CHEROKEE,CORN,3690.0,,3800.0,315000.0,,85.4,
4581,2024,ALABAMA,AL,CHILTON,CORN,680.0,,800.0,60200.0,,88.5,
4582,2024,ALABAMA,AL,COFFEE,CORN,7370.0,,7600.0,590000.0,,80.1,
4583,2024,ALABAMA,AL,COLBERT,CORN,15600.0,,16100.0,1498000.0,,96.0,
4584,2024,ALABAMA,AL,COVINGTON,CORN,3980.0,,4100.0,348000.0,,87.4,
4585,2024,ALABAMA,AL,CRENSHAW,CORN,2430.0,,2600.0,156100.0,,64.2,
4586,2024,ALABAMA,AL,CULLMAN,CORN,2380.0,,2500.0,226000.0,,95.0,
4587,2024,ALABAMA,AL,DALE,CORN,1350.0,,1600.0,154200.0,,114.2,
4588,2024,ALABAMA,AL,DALLAS,CORN,6990.0,,7200.0,811000.0,,116.0,
4589,2024,ALABAMA,AL,DE KALB,CORN,12600.0,,12800.0,1632000.0,,129.5,
4590,2024,ALABAMA,AL,ETOWAH,CORN,2720.0,,2800.0,308000.0,,113.2,
4591,2024,ALABAMA,AL,FAYETTE,CORN,1730.0,,1900.0,113500.0,,65.6,
4592,2024,ALABAMA,AL,FRANKLIN,CORN,3010.0,,3100.0,215000.0,,71.4,
4593,2024,ALABAMA,AL,GENEVA,CORN,7620.0,,8000.0,1043000.0,,136.9,
4594,2024,ALABAMA,AL,HENRY,CORN,1830.0,,1900.0,281000.0,,153.6,
4595,2024,ALABAMA,AL,HOUSTON,CORN,2020.0,,2100.0,354000.0,,175.2,
4596,2024,ALABAMA,AL,JACKSON,CORN,18100.0,,18400.0,1868000.0,,103.2,
4597,2024,ALABAMA,AL,LAUDERDALE,CORN,17900.0,,18200.0,1709000.0,,95.5,
4598,2024,ALABAMA,AL,LAWRENCE,CORN,23500.0,,23800.0,2635000.0,,112.1,
4599,2024,ALABAMA,AL,LIMESTONE,CORN,20500.0,,20800.0,2339000.0,,114.1,
4600,2024,ALABAMA,AL,MACON,CORN,1260.0,,1300.0,194900.0,,154.7,
4601,2024,ALABAMA,AL,MADISON,CORN,20800.0,,21500.0,2390000.0,,114.9,
4602,2024,ALABAMA,AL,MARION,CORN,1940.0,,2000.0,177300.0,,91.4,
4603,2024,ALABAMA,AL,MARSHALL,CORN,5830.0,,6000.0,624000.0,,107.0,
4604,2024,ALABAMA,AL,MONROE,CORN,6120.0,,6300.0,791000.0,,129.2,
4605,2024,ALABAMA,AL,MORGAN,CORN,4180.0,,4300.0,427000.0,,102.2,
4606,2024,ALABAMA,AL,OTHER COUNTIES,CORN,36200.0,,40000.0,4320900.0,,119.4,
4607,2024,ALABAMA,AL,PERRY,CORN,5240.0,,5400.0,742000.0,,141.6,
4608,2024,ALABAMA,AL,PIKE,CORN,2560.0,,2700.0,176100.0,,68.8,
4609,2024,ALABAMA,AL,RANDOLPH,CORN,870.0,,900.0,99900.0,,114.8,
4610,2024,ALABAMA,AL,TALLADEGA,CORN,6310.0,,6500.0,716000.0,,113.5,
4611,2024,ALABAMA,AL,TUSCALOOSA,CORN,1650.0,,1700.0,196200.0,,118.9,
4612,2024,ALABAMA,AL,WALKER,CORN,860.0,,900.0,62900.0,,73.1,
4613,2024,ARKANSAS,AR,ARKANSAS,CORN,31600.0,,32200.0,6000000.0,,189.9,
4614,2024,ARKANSAS,AR,ASHLEY,CORN,26800.0,,30700.0,5120000.0,,191.0,
4615,2024,ARKANSAS,AR,CHICOT,CORN,17600.0,,18400.0,3173000.0,,180.3,
4616,2024,ARKANSAS,AR,CLAY,CORN,23400.0,,24000.0,4544000.0,,194.2,
4617,2024,ARKANSAS,AR,CONWAY,CORN,1890.0,,2500.0,297000.0,,157.1,
4618,2024,ARKANSAS,AR,CRAIGHEAD,CORN,34300.0,,34800.0,6623000.0,,193.1,
4619,2024,ARKANSAS,AR,CRITTENDEN,CORN,13300.0,,13700.0,2653000.0,,199.5,
4620,2024,ARKANSAS,AR,CROSS,CORN,20500.0,,21000.0,4131000.0,,201.5,
4621,2024,ARKANSAS,AR,DESHA,CORN,16000.0,,17000.0,2848000.0,,178.0,
4622,2024,ARKANSAS,AR,DREW,CORN,5650.0,,6000.0,1048000.0,,185.5,
4623,2024,ARKANSAS,AR,FAULKNER,CORN,1540.0,,1700.0,253000.0,,164.3,
4624,2024,ARKANSAS,AR,GREENE,CORN,18000.0,,18600.0,3485000.0,,193.6,
4625,2024,ARKANSAS,AR,JEFFERSON,CORN,17500.0,,17900.0,3124000.0,,178.5,
4626,2024,ARKANSAS,AR,LAFAYETTE,CORN,12400.0,,12800.0,1977000.0,,159.4,
4627,2024,ARKANSAS,AR,LEE,CORN,28600.0,,28900.0,5434000.0,,190.0,
4628,2024,ARKANSAS,AR,LINCOLN,CORN,10400.0,,11200.0,1913000.0,,183.9,
4629,2024,ARKANSAS,AR,LONOKE,CORN,24700.0,,25300.0,4853000.0,,196.5,
4630,2024,ARKANSAS,AR,MISSISSIPPI,CORN,14900.0,,15300.0,2976000.0,,199.7,
4631,2024,ARKANSAS,AR,MONROE,CORN,8730.0,,9000.0,1620000.0,,185.6,
4632,2024,ARKANSAS,AR,OTHER COUNTIES,CORN,55770.0,,59300.0,9081300.0,,162.8,
4633,2024,ARKANSAS,AR,PHILLIPS,CORN,12600.0,,13000.0,2415000.0,,191.7,
4634,2024,ARKANSAS,AR,POINSETT,CORN,21900.0,,22400.0,4471000.0,,204.2,
4635,2024,ARKANSAS,AR,PRAIRIE,CORN,20400.0,,20900.0,3778000.0,,185.2,
4636,2024,ARKANSAS,AR,PULASKI,CORN,4680.0,,4900.0,731000.0,,156.2,
4637,2024,ARKANSAS,AR,SAINT FRANCIS,CORN,16900.0,,17500.0,3233000.0,,191.3,
4638,2024,ARKANSAS,AR,WASHINGTON,CORN,190.0,,300.0,19700.0,,103.7,
4639,2024,ARKANSAS,AR,WHITE,CORN,6350.0,,6600.0,1348000.0,,212.3,
4640,2024,ARKANSAS,AR,WOODRUFF,CORN,11500.0,,11800.0,2329000.0,,202.5,
4641,2024,ARKANSAS,AR,YELL,CORN,1900.0,,2300.0,282000.0,,148.4,
4642,2024,COLORADO,CO,ADAMS,CORN,31600.0,,34200.0,1833000.0,,58.0,
4643,2024,COLORADO,CO,BENT,CORN,2440.0,,8200.0,337000.0,,138.1,
4644,2024,COLORADO,CO,CHEYENNE,CORN,70300.0,,98600.0,2728000.0,,38.8,
4645,2024,COLORADO,CO,DELTA,CORN,2800.0,,3700.0,527000.0,,188.2,
4646,2024,COLORADO,CO,KIT CARSON,CORN,206000.0,,252000.0,16748000.0,,81.3,
4647,2024,COLORADO,CO,LARIMER,CORN,4010.0,,12100.0,576000.0,,143.6,
4648,2024,COLORADO,CO,LINCOLN,CORN,24200.0,,32600.0,624000.0,,25.8,
4649,2024,COLORADO,CO,LOGAN,CORN,101800.0,,106000.0,14181000.0,,139.3,
4650,2024,COLORADO,CO,MESA,CORN,1300.0,,3000.0,263000.0,,202.3,
4651,2024,COLORADO,CO,MONTEZUMA,CORN,2790.0,,2900.0,156200.0,,56.0,
4652,2024,COLORADO,CO,MONTROSE,CORN,4940.0,,7500.0,1006000.0,,203.6,
4653,2024,COLORADO,CO,MORGAN,CORN,44400.0,,71300.0,8298000.0,,186.9,
4654,2024,COLORADO,CO,OTERO,CORN,8820.0,,10900.0,1147000.0,,130.0,
4655,2024,COLORADO,CO,OTHER COUNTIES,CORN,184670.0,,205300.0,16318800.0,,88.4,
4656,2024,COLORADO,CO,PHILLIPS,CORN,108800.0,,120500.0,14318000.0,,131.6,
4657,2024,COLORADO,CO,PROWERS,CORN,4330.0,,22200.0,813000.0,,187.8,
4658,2024,COLORADO,CO,WASHINGTON,CORN,114000.0,,121000.0,6829000.0,,59.9,
4659,2024,COLORADO,CO,WELD,CORN,44300.0,,105500.0,8789000.0,,198.4,
4660,2024,COLORADO,CO,YUMA,CORN,218500.0,,242500.0,41388000.0,,189.4,
4661,2024,DELAWARE,DE,KENT,CORN,51800.0,,52700.0,9303000.0,,179.6,
4662,2024,DELAWARE,DE,NEW CASTLE,CORN,15300.0,,15700.0,2719000.0,,177.7,
4663,2024,DELAWARE,DE,SUSSEX,CORN,94900.0,,96600.0,15680000.0,,165.2,
4664,2024,GEORGIA,GA,ATKINSON,CORN,2590.0,,2900.0,443000.0,,171.0,
4665,2024,GEORGIA,GA,BAKER,CORN,8100.0,,8400.0,1672000.0,,206.4,
4666,2024,GEORGIA,GA,BANKS,CORN,670.0,,800.0,64900.0,,96.9,
4667,2024,GEORGIA,GA,BEN HILL,CORN,3180.0,,3300.0,490000.0,,154.1,
4668,2024,GEORGIA,GA,BERRIEN,CORN,5650.0,,6300.0,575000.0,,101.8,
4669,2024,GEORGIA,GA,BRANTLEY,CORN,330.0,,900.0,18400.0,,55.8,
4670,2024,GEORGIA,GA,BURKE,CORN,14400.0,,19300.0,2554000.0,,177.4,
4671,2024,GEORGIA,GA,CALHOUN,CORN,9510.0,,9800.0,1953000.0,,205.4,
4672,2024,GEORGIA,GA,CANDLER,CORN,580.0,,700.0,40600.0,,70.0,
4673,2024,GEORGIA,GA,CARROLL,CORN,350.0,,400.0,38200.0,,109.1,
4674,2024,GEORGIA,GA,CHATTOOGA,CORN,1330.0,,1900.0,135300.0,,101.7,
4675,2024,GEORGIA,GA,COFFEE,CORN,5790.0,,6400.0,897000.0,,154.9,
4676,2024,GEORGIA,GA,COLQUITT,CORN,4420.0,,4700.0,777000.0,,175.8,
4677,2024,GEORGIA,GA,DAWSON,CORN,190.0,,200.0,27800.0,,146.3,
4678,2024,GEORGIA,GA,DECATUR,CORN,7600.0,,8300.0,1515000.0,,199.3,
4679,2024,GEORGIA,GA,DODGE,CORN,2790.0,,3000.0,608000.0,,217.9,
4680,2024,GEORGIA,GA,EMANUEL,CORN,2350.0,,2800.0,311000.0,,132.3,
4681,2024,GEORGIA,GA,FRANKLIN,CORN,1160.0,,1200.0,178000.0,,153.4,
4682,2024,GEORGIA,GA,GORDON,CORN,2110.0,,2200.0,150900.0,,71.5,
4683,2024,GEORGIA,GA,GRADY,CORN,5540.0,,6700.0,766000.0,,138.3,
4684,2024,GEORGIA,GA,HALL,CORN,250.0,,1300.0,19700.0,,78.8,
4685,2024,GEORGIA,GA,IRWIN,CORN,9080.0,,9400.0,1570000.0,,172.9,
4686,2024,GEORGIA,GA,LANIER,CORN,1250.0,,1300.0,121000.0,,96.8,
4687,2024,GEORGIA,GA,LAURENS,CORN,4760.0,,5000.0,865000.0,,181.7,
4688,2024,GEORGIA,GA,MARION,CORN,770.0,,800.0,108800.0,,141.3,
4689,2024,GEORGIA,GA,MILLER,CORN,10600.0,,11000.0,2068000.0,,195.1,
4690,2024,GEORGIA,GA,MITCHELL,CORN,9440.0,,10300.0,1909000.0,,202.2,
4691,2024,GEORGIA,GA,OTHER COUNTIES,CORN,147080.0,,197600.0,22432700.0,,152.5,
4692,2024,GEORGIA,GA,RANDOLPH,CORN,9900.0,,10100.0,1803000.0,,182.1,
4693,2024,GEORGIA,GA,SCREVEN,CORN,5200.0,,5600.0,667000.0,,128.3,
4694,2024,GEORGIA,GA,SEMINOLE,CORN,9400.0,,9900.0,2002000.0,,213.0,
4695,2024,GEORGIA,GA,TATTNALL,CORN,3490.0,,3700.0,660000.0,,189.1,
4696,2024,GEORGIA,GA,THOMAS,CORN,1300.0,,1900.0,237000.0,,182.3,
4697,2024,GEORGIA,GA,TIFT,CORN,2980.0,,3100.0,505000.0,,169.5,
4698,2024,GEORGIA,GA,TWIGGS,CORN,580.0,,600.0,103200.0,,177.9,
4699,2024,GEORGIA,GA,UNION,CORN,390.0,,500.0,55200.0,,141.5,
4700,2024,GEORGIA,GA,WALTON,CORN,190.0,,200.0,8500.0,,44.7,
4701,2024,GEORGIA,GA,WARE,CORN,900.0,,2300.0,117500.0,,130.6,
4702,2024,GEORGIA,GA,WAYNE,CORN,3990.0,,4300.0,367000.0,,92.0,
4703,2024,GEORGIA,GA,WILCOX,CORN,900.0,,1200.0,159200.0,,176.9,
4704,2024,GEORGIA,GA,WILKINSON,CORN,450.0,,500.0,93100.0,,206.9,
4705,2024,GEORGIA,GA,WORTH,CORN,3460.0,,4200.0,628000.0,,181.5,
4706,2024,IDAHO,ID,CANYON,CORN,19100.0,,38000.0,4104000.0,,214.9,
4707,2024,IDAHO,ID,GEM,CORN,3200.0,,4500.0,666000.0,,208.1,
4708,2024,IDAHO,ID,GOODING,CORN,8500.0,,43000.0,1785000.0,,210.0,
4709,2024,IDAHO,ID,LINCOLN,CORN,3400.0,,17000.0,643000.0,,189.1,
4710,2024,IDAHO,ID,OTHER COUNTIES,CORN,53440.0,,181000.0,10578000.0,,197.9,
4711,2024,IDAHO,ID,OWYHEE,CORN,21500.0,,31000.0,4688000.0,,218.0,
4712,2024,IDAHO,ID,PAYETTE,CORN,2900.0,,9200.0,592000.0,,204.1,
4713,2024,IDAHO,ID,TWIN FALLS,CORN,5900.0,,53000.0,1194000.0,,202.4,
4714,2024,IDAHO,ID,WASHINGTON,CORN,2060.0,,3300.0,470000.0,,228.2,
4715,2024,ILLINOIS,IL,BOONE,CORN,63400.0,,64900.0,13492000.0,,212.8,
4716,2024,ILLINOIS,IL,BROWN,CORN,34300.0,,34700.0,6088000.0,,177.5,
4717,2024,ILLINOIS,IL,BUREAU,CORN,243000.0,,246000.0,58514000.0,,240.8,
4718,2024,ILLINOIS,IL,CARROLL,CORN,123900.0,,125500.0,29637000.0,,239.2,
4719,2024,ILLINOIS,IL,CLARK,CORN,87800.0,,88900.0,18262000.0,,208.0,
4720,2024,ILLINOIS,IL,CLAY,CORN,57900.0,,58700.0,10017000.0,,173.0,
4721,2024,ILLINOIS,IL,CLINTON,CORN,91100.0,,96000.0,18001000.0,,197.6,
4722,2024,ILLINOIS,IL,COLES,CORN,111700.0,,113000.0,25423000.0,,227.6,
4723,2024,ILLINOIS,IL,CRAWFORD,CORN,76900.0,,77900.0,15242000.0,,198.2,
4724,2024,ILLINOIS,IL,CUMBERLAND,CORN,61100.0,,62500.0,13827000.0,,226.3,
4725,2024,ILLINOIS,IL,DOUGLAS,CORN,108700.0,,110000.0,24490000.0,,225.3,
4726,2024,ILLINOIS,IL,EDGAR,CORN,152100.0,,154000.0,33857000.0,,222.6,
4727,2024,ILLINOIS,IL,EDWARDS,CORN,41000.0,,41600.0,7601000.0,,185.4,
4728,2024,ILLINOIS,IL,EFFINGHAM,CORN,84500.0,,85600.0,18379000.0,,217.5,
4729,2024,ILLINOIS,IL,FRANKLIN,CORN,30200.0,,31200.0,5152000.0,,170.6,
4730,2024,ILLINOIS,IL,FULTON,CORN,132000.0,,134500.0,27509000.0,,208.4,
4731,2024,ILLINOIS,IL,GREENE,CORN,104900.0,,106500.0,24033000.0,,229.1,
4732,2024,ILLINOIS,IL,HANCOCK,CORN,163500.0,,165500.0,37311000.0,,228.2,
4733,2024,ILLINOIS,IL,IROQUOIS,CORN,309500.0,,312500.0,66171000.0,,213.8,
4734,2024,ILLINOIS,IL,JACKSON,CORN,32200.0,,32600.0,6253000.0,,194.2,
4735,2024,ILLINOIS,IL,JEFFERSON,CORN,38700.0,,40100.0,6064000.0,,156.7,
4736,2024,ILLINOIS,IL,JERSEY,CORN,54900.0,,55600.0,10634000.0,,193.7,
4737,2024,ILLINOIS,IL,JO DAVIESS,CORN,92900.0,,96200.0,19709000.0,,212.2,
4738,2024,ILLINOIS,IL,KANE,CORN,71700.0,,72600.0,16756000.0,,233.7,
4739,2024,ILLINOIS,IL,KNOX,CORN,147300.0,,149000.0,35087000.0,,238.2,
4740,2024,ILLINOIS,IL,LA SALLE,CORN,278500.0,,281000.0,62663000.0,,225.0,
4741,2024,ILLINOIS,IL,LAKE,CORN,6380.0,,7100.0,1051000.0,,164.7,
4742,2024,ILLINOIS,IL,LAWRENCE,CORN,69000.0,,69900.0,13421000.0,,194.5,
4743,2024,ILLINOIS,IL,LIVINGSTON,CORN,292500.0,,295000.0,67685000.0,,231.4,
4744,2024,ILLINOIS,IL,LOGAN,CORN,173000.0,,175000.0,40569000.0,,234.5,
4745,2024,ILLINOIS,IL,MACON,CORN,142400.0,,144000.0,34717000.0,,243.8,
4746,2024,ILLINOIS,IL,MACOUPIN,CORN,167700.0,,171000.0,34613000.0,,206.4,
4747,2024,ILLINOIS,IL,MADISON,CORN,103300.0,,105500.0,20650000.0,,199.9,
4748,2024,ILLINOIS,IL,MARION,CORN,67300.0,,68200.0,12323000.0,,183.1,
4749,2024,ILLINOIS,IL,MCLEAN,CORN,309000.0,,312000.0,76231000.0,,246.7,
4750,2024,ILLINOIS,IL,MENARD,CORN,70900.0,,71700.0,17137000.0,,241.7,
4751,2024,ILLINOIS,IL,MONROE,CORN,48600.0,,50000.0,8870000.0,,182.5,
4752,2024,ILLINOIS,IL,MONTGOMERY,CORN,159100.0,,161000.0,32616000.0,,205.0,
4753,2024,ILLINOIS,IL,MORGAN,CORN,126500.0,,128000.0,28905000.0,,228.5,
4754,2024,ILLINOIS,IL,OGLE,CORN,215000.0,,218000.0,50547000.0,,235.1,
4755,2024,ILLINOIS,IL,OTHER COUNTIES,CORN,3733400.0,,3779700.0,801064000.0,,214.6,
4756,2024,ILLINOIS,IL,PEORIA,CORN,101300.0,,102500.0,22124000.0,,218.4,
4757,2024,ILLINOIS,IL,PIATT,CORN,121100.0,,122500.0,29197000.0,,241.1,
4758,2024,ILLINOIS,IL,PIKE,CORN,150100.0,,152000.0,30050000.0,,200.2,
4759,2024,ILLINOIS,IL,POPE,CORN,5920.0,,6000.0,930000.0,,157.1,
4760,2024,ILLINOIS,IL,PULASKI,CORN,13200.0,,13400.0,2389000.0,,181.0,
4761,2024,ILLINOIS,IL,RANDOLPH,CORN,57400.0,,59200.0,9919000.0,,172.8,
4762,2024,ILLINOIS,IL,RICHLAND,CORN,62500.0,,64100.0,11213000.0,,179.4,
4763,2024,ILLINOIS,IL,SANGAMON,CORN,189200.0,,191500.0,46959000.0,,248.2,
4764,2024,ILLINOIS,IL,SCOTT,CORN,52700.0,,53300.0,10577000.0,,200.7,
4765,2024,ILLINOIS,IL,ST CLAIR,CORN,86200.0,,87500.0,16206000.0,,188.0,
4766,2024,ILLINOIS,IL,STARK,CORN,84900.0,,86000.0,19128000.0,,225.3,
4767,2024,ILLINOIS,IL,STEPHENSON,CORN,153900.0,,159500.0,33920000.0,,220.4,
4768,2024,ILLINOIS,IL,TAZEWELL,CORN,140400.0,,142000.0,33039000.0,,235.3,
4769,2024,ILLINOIS,IL,VERMILION,CORN,218000.0,,220500.0,47524000.0,,218.0,
4770,2024,ILLINOIS,IL,WABASH,CORN,48800.0,,49400.0,8940000.0,,183.2,
4771,2024,ILLINOIS,IL,WASHINGTON,CORN,100400.0,,103000.0,19196000.0,,191.2,
4772,2024,ILLINOIS,IL,WAYNE,CORN,107700.0,,110000.0,19591000.0,,181.9,
4773,2024,ILLINOIS,IL,WHITE,CORN,80700.0,,82200.0,14179000.0,,175.7,
4774,2024,ILLINOIS,IL,WHITESIDE,CORN,208500.0,,211000.0,48004000.0,,230.2,
4775,2024,ILLINOIS,IL,WILL,CORN,90200.0,,91300.0,17517000.0,,194.2,
4776,2024,ILLINOIS,IL,WILLIAMSON,CORN,15500.0,,15700.0,2246000.0,,144.9,
4777,2024,ILLINOIS,IL,WINNEBAGO,CORN,83600.0,,84700.0,17631000.0,,210.9,
4778,2024,INDIANA,IN,ADAMS,CORN,60300.0,,62000.0,11867000.0,,196.8,
4779,2024,INDIANA,IN,ALLEN,CORN,70600.0,,72600.0,13696000.0,,194.0,
4780,2024,INDIANA,IN,BARTHOLOMEW,CORN,47100.0,,48400.0,9359000.0,,198.7,
4781,2024,INDIANA,IN,BENTON,CORN,113800.0,,117000.0,26142000.0,,229.7,
4782,2024,INDIANA,IN,BOONE,CORN,77000.0,,79200.0,16162000.0,,209.9,
4783,2024,INDIANA,IN,CARROLL,CORN,82800.0,,85100.0,17934000.0,,216.6,
4784,2024,INDIANA,IN,CASS,CORN,91500.0,,94100.0,18428000.0,,201.4,
4785,2024,INDIANA,IN,CLARK,CORN,13200.0,,13600.0,2282000.0,,172.9,
4786,2024,INDIANA,IN,CLAY,CORN,53600.0,,55200.0,9986000.0,,186.3,
4787,2024,INDIANA,IN,CLINTON,CORN,98200.0,,101000.0,20936000.0,,213.2,
4788,2024,INDIANA,IN,DAVIESS,CORN,75600.0,,77700.0,14780000.0,,195.5,
4789,2024,INDIANA,IN,DE KALB,CORN,41700.0,,43300.0,7147000.0,,171.4,
4790,2024,INDIANA,IN,DEARBORN,CORN,6780.0,,7000.0,1242000.0,,183.2,
4791,2024,INDIANA,IN,DECATUR,CORN,70500.0,,73300.0,15475000.0,,219.5,
4792,2024,INDIANA,IN,DELAWARE,CORN,66000.0,,67800.0,12857000.0,,194.8,
4793,2024,INDIANA,IN,DUBOIS,CORN,47600.0,,49000.0,9054000.0,,190.2,
4794,2024,INDIANA,IN,ELKHART,CORN,44100.0,,46800.0,7907000.0,,179.3,
4795,2024,INDIANA,IN,FAYETTE,CORN,34800.0,,35800.0,7144000.0,,205.3,
4796,2024,INDIANA,IN,FRANKLIN,CORN,34400.0,,35500.0,6753000.0,,196.3,
4797,2024,INDIANA,IN,FULTON,CORN,89700.0,,92200.0,16944000.0,,188.9,
4798,2024,INDIANA,IN,GIBSON,CORN,87400.0,,90400.0,17393000.0,,199.0,
4799,2024,INDIANA,IN,HAMILTON,CORN,46900.0,,48200.0,9661000.0,,206.0,
4800,2024,INDIANA,IN,HANCOCK,CORN,52100.0,,53600.0,10269000.0,,197.1,
4801,2024,INDIANA,IN,HARRISON,CORN,21800.0,,22400.0,3647000.0,,167.3,
4802,2024,INDIANA,IN,HENDRICKS,CORN,59400.0,,61100.0,12314000.0,,207.3,
4803,2024,INDIANA,IN,HOWARD,CORN,59100.0,,60800.0,12677000.0,,214.5,
4804,2024,INDIANA,IN,HUNTINGTON,CORN,63000.0,,65600.0,11869000.0,,188.4,
4805,2024,INDIANA,IN,JACKSON,CORN,53100.0,,54600.0,10452000.0,,196.8,
4806,2024,INDIANA,IN,JAY,CORN,70700.0,,72900.0,12288000.0,,173.8,
4807,2024,INDIANA,IN,JEFFERSON,CORN,12600.0,,12900.0,2138000.0,,169.7,
4808,2024,INDIANA,IN,JENNINGS,CORN,29700.0,,30600.0,5402000.0,,181.9,
4809,2024,INDIANA,IN,JOHNSON,CORN,31900.0,,32800.0,6291000.0,,197.2,
4810,2024,INDIANA,IN,KNOX,CORN,101200.0,,104000.0,20959000.0,,207.1,
4811,2024,INDIANA,IN,KOSCIUSKO,CORN,97800.0,,100500.0,18005000.0,,184.1,
4812,2024,INDIANA,IN,LA PORTE,CORN,109000.0,,110500.0,20143000.0,,184.8,
4813,2024,INDIANA,IN,LAGRANGE,CORN,39400.0,,40500.0,7138000.0,,181.2,
4814,2024,INDIANA,IN,LAKE,CORN,47800.0,,49100.0,9364000.0,,195.9,
4815,2024,INDIANA,IN,MADISON,CORN,81200.0,,83500.0,17921000.0,,220.7,
4816,2024,INDIANA,IN,MARION,CORN,4470.0,,4600.0,854000.0,,191.1,
4817,2024,INDIANA,IN,MARSHALL,CORN,87600.0,,90200.0,15190000.0,,173.4,
4818,2024,INDIANA,IN,MIAMI,CORN,62600.0,,64600.0,11418000.0,,182.4,
4819,2024,INDIANA,IN,MONROE,CORN,4960.0,,5100.0,951000.0,,191.7,
4820,2024,INDIANA,IN,MONTGOMERY,CORN,110400.0,,113500.0,24332000.0,,220.4,
4821,2024,INDIANA,IN,MORGAN,CORN,30900.0,,31800.0,6158000.0,,199.3,
4822,2024,INDIANA,IN,NEWTON,CORN,90300.0,,99100.0,18159000.0,,201.1,
4823,2024,INDIANA,IN,NOBLE,CORN,58300.0,,59900.0,10517000.0,,180.4,
4824,2024,INDIANA,IN,OHIO,CORN,2600.0,,2700.0,363000.0,,139.6,
4825,2024,INDIANA,IN,OTHER COUNTIES,CORN,929690.0,,957000.0,188611000.0,,202.9,
4826,2024,INDIANA,IN,OWEN,CORN,20000.0,,20600.0,3278000.0,,163.9,
4827,2024,INDIANA,IN,POSEY,CORN,72000.0,,73700.0,14623000.0,,203.1,
4828,2024,INDIANA,IN,PULASKI,CORN,96000.0,,97000.0,16704000.0,,174.0,
4829,2024,INDIANA,IN,PUTNAM,CORN,61400.0,,63200.0,11703000.0,,190.6,
4830,2024,INDIANA,IN,RANDOLPH,CORN,99700.0,,102500.0,20419000.0,,204.8,
4831,2024,INDIANA,IN,RIPLEY,CORN,39500.0,,40100.0,6924000.0,,175.3,
4832,2024,INDIANA,IN,RUSH,CORN,99600.0,,101500.0,21245000.0,,213.3,
4833,2024,INDIANA,IN,SCOTT,CORN,10000.0,,10300.0,1851000.0,,185.1,
4834,2024,INDIANA,IN,SHELBY,CORN,86300.0,,88700.0,17881000.0,,207.2,
4835,2024,INDIANA,IN,SPENCER,CORN,46400.0,,47700.0,7972000.0,,171.8,
4836,2024,INDIANA,IN,ST. JOSEPH,CORN,59200.0,,60900.0,10739000.0,,181.4,
4837,2024,INDIANA,IN,STARKE,CORN,46400.0,,47800.0,7533000.0,,162.3,
4838,2024,INDIANA,IN,STEUBEN,CORN,39100.0,,40200.0,7468000.0,,191.0,
4839,2024,INDIANA,IN,SULLIVAN,CORN,58600.0,,60200.0,11802000.0,,201.4,
4840,2024,INDIANA,IN,TIPPECANOE,CORN,86500.0,,88900.0,19030000.0,,220.0,
4841,2024,INDIANA,IN,TIPTON,CORN,68900.0,,70800.0,15062000.0,,218.6,
4842,2024,INDIANA,IN,UNION,CORN,29700.0,,30500.0,5949000.0,,200.3,
4843,2024,INDIANA,IN,VANDERBURGH,CORN,22700.0,,23300.0,4352000.0,,191.7,
4844,2024,INDIANA,IN,VIGO,CORN,43400.0,,44900.0,8394000.0,,193.4,
4845,2024,INDIANA,IN,WABASH,CORN,74700.0,,76900.0,13125000.0,,175.7,
4846,2024,INDIANA,IN,WASHINGTON,CORN,36200.0,,37200.0,6498000.0,,179.5,
4847,2024,INDIANA,IN,WAYNE,CORN,59500.0,,61200.0,12257000.0,,206.0,
4848,2024,INDIANA,IN,WELLS,CORN,74000.0,,76200.0,14881000.0,,201.1,
4849,2024,INDIANA,IN,WHITLEY,CORN,55000.0,,56600.0,9631000.0,,175.1,
4850,2024,IOWA,IA,ADAIR,CORN,106900.0,,108500.0,22577000.0,,211.2,
4851,2024,IOWA,IA,ALLAMAKEE,CORN,84500.0,,91500.0,18277000.0,,216.3,
4852,2024,IOWA,IA,AUDUBON,CORN,110600.0,,111000.0,24797000.0,,224.2,
4853,2024,IOWA,IA,BENTON,CORN,181800.0,,184000.0,43377000.0,,238.6,
4854,2024,IOWA,IA,BLACK HAWK,CORN,135300.0,,136500.0,27858000.0,,205.9,
4855,2024,IOWA,IA,BOONE,CORN,152600.0,,153000.0,33206000.0,,217.6,
4856,2024,IOWA,IA,BREMER,CORN,112400.0,1590.0,114500.0,23143000.0,33400.0,205.9,21.0
4857,2024,IOWA,IA,BUCHANAN,CORN,179900.0,,181000.0,39722000.0,,220.8,
4858,2024,IOWA,IA,BUTLER,CORN,153900.0,,155000.0,32288000.0,,209.8,
4859,2024,IOWA,IA,CALHOUN,CORN,169800.0,2690.0,173000.0,38850000.0,58000.0,228.8,21.5
4860,2024,IOWA,IA,CARROLL,CORN,172600.0,,173500.0,41579000.0,,240.9,
4861,2024,IOWA,IA,CASS,CORN,127500.0,860.0,128500.0,27668000.0,23200.0,217.0,27.0
4862,2024,IOWA,IA,CEDAR,CORN,145400.0,,146000.0,34343000.0,,236.2,
4863,2024,IOWA,IA,CERRO GORDO,CORN,160300.0,850.0,161500.0,32012000.0,19600.0,199.7,23.0
4864,2024,IOWA,IA,CHEROKEE,CORN,137500.0,,147000.0,28476000.0,,207.1,
4865,2024,IOWA,IA,CHICKASAW,CORN,131900.0,,144500.0,27237000.0,,206.5,
4866,2024,IOWA,IA,CLARKE,CORN,31800.0,,34000.0,5848000.0,,183.9,
4867,2024,IOWA,IA,CLAY,CORN,132500.0,5260.0,144000.0,23333000.0,137000.0,176.1,26.0
4868,2024,IOWA,IA,CLAYTON,CORN,129600.0,,139000.0,28538000.0,,220.2,
4869,2024,IOWA,IA,CLINTON,CORN,178500.0,,180500.0,42108000.0,,235.9,
4870,2024,IOWA,IA,CRAWFORD,CORN,203000.0,,204500.0,43483000.0,,214.2,
4871,2024,IOWA,IA,DAVIS,CORN,43700.0,,45300.0,8517000.0,,194.9,
4872,2024,IOWA,IA,DECATUR,CORN,33500.0,,34800.0,5769000.0,,172.2,
4873,2024,IOWA,IA,DELAWARE,CORN,179800.0,,185500.0,39466000.0,,219.5,
4874,2024,IOWA,IA,DES MOINES,CORN,69100.0,,70100.0,15326000.0,,221.8,
4875,2024,IOWA,IA,DICKINSON,CORN,84400.0,1520.0,89600.0,13572000.0,33400.0,160.8,22.0
4876,2024,IOWA,IA,DUBUQUE,CORN,125000.0,15400.0,148000.0,27713000.0,370000.0,221.7,24.0
4877,2024,IOWA,IA,FAYETTE,CORN,169100.0,,186000.0,34023000.0,,201.2,
4878,2024,IOWA,IA,FLOYD,CORN,137600.0,3200.0,141000.0,28910000.0,77000.0,210.1,24.0
4879,2024,IOWA,IA,FRANKLIN,CORN,189600.0,,191000.0,38849000.0,,204.9,
4880,2024,IOWA,IA,FREMONT,CORN,113500.0,,114500.0,26219000.0,,231.0,
4881,2024,IOWA,IA,GREENE,CORN,157100.0,,158000.0,35049000.0,,223.1,
4882,2024,IOWA,IA,HAMILTON,CORN,182200.0,,182500.0,38681000.0,,212.3,
4883,2024,IOWA,IA,HANCOCK,CORN,178700.0,,179500.0,36294000.0,,203.1,
4884,2024,IOWA,IA,HENRY,CORN,77200.0,,77800.0,16498000.0,,213.7,
4885,2024,IOWA,IA,HOWARD,CORN,123200.0,8220.0,132000.0,26180000.0,181000.0,212.5,22.0
4886,2024,IOWA,IA,HUMBOLDT,CORN,123900.0,,124500.0,25486000.0,,205.7,
4887,2024,IOWA,IA,IDA,CORN,117500.0,,121000.0,26026000.0,,221.5,
4888,2024,IOWA,IA,IOWA,CORN,120200.0,,121000.0,26348000.0,,219.2,
4889,2024,IOWA,IA,JACKSON,CORN,109400.0,5780.0,116000.0,24889000.0,124000.0,227.5,21.5
4890,2024,IOWA,IA,JEFFERSON,CORN,69700.0,,70900.0,14198000.0,,203.7,
4891,2024,IOWA,IA,JOHNSON,CORN,102000.0,,103000.0,22756000.0,,223.1,
4892,2024,IOWA,IA,JONES,CORN,141500.0,,146000.0,33012000.0,,233.3,
4893,2024,IOWA,IA,LEE,CORN,72300.0,,73100.0,16145000.0,,223.3,
4894,2024,IOWA,IA,LINN,CORN,138000.0,,139500.0,31754000.0,,230.1,
4895,2024,IOWA,IA,LOUISA,CORN,78100.0,,78300.0,16752000.0,,214.5,
4896,2024,IOWA,IA,LYON,CORN,136000.0,33500.0,178500.0,27037000.0,720000.0,198.8,21.5
4897,2024,IOWA,IA,MAHASKA,CORN,120900.0,,127000.0,26949000.0,,222.9,
4898,2024,IOWA,IA,MARION,CORN,73800.0,,74400.0,16096000.0,,218.1,
4899,2024,IOWA,IA,MARSHALL,CORN,140300.0,10600.0,151000.0,31175000.0,297000.0,222.2,28.0
4900,2024,IOWA,IA,MILLS,CORN,93200.0,,93900.0,19656000.0,,210.9,
4901,2024,IOWA,IA,MITCHELL,CORN,145600.0,,149500.0,30984000.0,,212.8,
4902,2024,IOWA,IA,MONONA,CORN,164500.0,,169500.0,31584000.0,,192.0,
4903,2024,IOWA,IA,MONROE,CORN,24300.0,1560.0,25900.0,4658000.0,30400.0,191.7,19.5
4904,2024,IOWA,IA,MONTGOMERY,CORN,92400.0,270.0,92700.0,19940000.0,5800.0,215.8,21.5
4905,2024,IOWA,IA,MUSCATINE,CORN,86800.0,,88300.0,19131000.0,,220.4,
4906,2024,IOWA,IA,O BRIEN,CORN,144000.0,15400.0,165500.0,28656000.0,381000.0,199.0,24.5
4907,2024,IOWA,IA,OTHER COUNTIES,CORN,3176300.0,138950.0,3304700.0,653359000.0,3237200.0,205.7,23.5
4908,2024,IOWA,IA,PAGE,CORN,114200.0,,114500.0,23879000.0,,209.1,
4909,2024,IOWA,IA,PALO ALTO,CORN,159000.0,,163000.0,28986000.0,,182.3,
4910,2024,IOWA,IA,PLYMOUTH,CORN,215500.0,11800.0,233000.0,42152000.0,236000.0,195.6,20.0
4911,2024,IOWA,IA,POCAHONTAS,CORN,169300.0,,173000.0,34368000.0,,203.0,
4912,2024,IOWA,IA,POLK,CORN,72000.0,,72200.0,15696000.0,,218.0,
4913,2024,IOWA,IA,POWESHIEK,CORN,136000.0,,137500.0,30328000.0,,223.0,
4914,2024,IOWA,IA,SAC,CORN,161700.0,3130.0,165000.0,37045000.0,67000.0,229.1,21.5
4915,2024,IOWA,IA,SCOTT,CORN,103700.0,,105000.0,24287000.0,,234.2,
4916,2024,IOWA,IA,SIOUX,CORN,,57300.0,,,1566000.0,,27.5
4917,2024,IOWA,IA,STORY,CORN,153300.0,1030.0,154500.0,33036000.0,24700.0,215.5,24.0
4918,2024,IOWA,IA,TAYLOR,CORN,81100.0,,81500.0,15628000.0,,192.7,
4919,2024,IOWA,IA,WAYNE,CORN,57700.0,,58000.0,11240000.0,,194.8,
4920,2024,IOWA,IA,WEBSTER,CORN,196600.0,610.0,197500.0,41601000.0,14300.0,211.6,23.5
4921,2024,IOWA,IA,WINNEBAGO,CORN,112000.0,,113000.0,20451000.0,,182.6,
4922,2024,IOWA,IA,WINNESHIEK,CORN,142300.0,15800.0,159000.0,30182000.0,419000.0,212.1,26.5
4923,2024,IOWA,IA,WOODBURY,CORN,197200.0,4680.0,206000.0,40702000.0,105000.0,206.4,22.5
4924,2024,IOWA,IA,WORTH,CORN,105700.0,,106500.0,20992000.0,,198.6,
4925,2024,KANSAS,KS,ALLEN,CORN,33600.0,,34000.0,4296000.0,,127.9,
4926,2024,KANSAS,KS,ANDERSON,CORN,43200.0,,44000.0,5746000.0,,133.0,
4927,2024,KANSAS,KS,ATCHISON,CORN,66400.0,,67500.0,13008000.0,,195.9,
4928,2024,KANSAS,KS,BOURBON,CORN,15500.0,,16200.0,1767000.0,,114.0,
4929,2024,KANSAS,KS,BROWN,CORN,125400.0,,127000.0,25332000.0,,202.0,
4930,2024,KANSAS,KS,BUTLER,CORN,69600.0,,77400.0,8053000.0,,115.7,
4931,2024,KANSAS,KS,CHASE,CORN,8640.0,,9600.0,1405000.0,,162.6,
4932,2024,KANSAS,KS,CLOUD,CORN,70900.0,,74700.0,8132000.0,,114.7,
4933,2024,KANSAS,KS,COFFEY,CORN,30100.0,,32800.0,3879000.0,,128.9,
4934,2024,KANSAS,KS,COWLEY,CORN,32700.0,,35300.0,3653000.0,,111.7,
4935,2024,KANSAS,KS,DICKINSON,CORN,32900.0,,37000.0,4376000.0,,133.0,
4936,2024,KANSAS,KS,DOUGLAS,CORN,25200.0,,25500.0,4423000.0,,175.5,
4937,2024,KANSAS,KS,EDWARDS,CORN,79900.0,,81900.0,11977000.0,,149.9,
4938,2024,KANSAS,KS,ELLSWORTH,CORN,4260.0,,4600.0,380000.0,,89.2,
4939,2024,KANSAS,KS,FRANKLIN,CORN,36200.0,,37600.0,6480000.0,,179.0,
4940,2024,KANSAS,KS,GEARY,CORN,14000.0,,14300.0,2211000.0,,157.9,
4941,2024,KANSAS,KS,GOVE,CORN,106900.0,,114500.0,7900000.0,,73.9,
4942,2024,KANSAS,KS,GRAHAM,CORN,63000.0,,75400.0,4933000.0,,78.3,
4943,2024,KANSAS,KS,GRANT,CORN,39900.0,,59200.0,9057000.0,,227.0,
4944,2024,KANSAS,KS,GRAY,CORN,88800.0,,98400.0,13959000.0,,157.2,
4945,2024,KANSAS,KS,GREENWOOD,CORN,9380.0,,9800.0,952000.0,,101.5,
4946,2024,KANSAS,KS,HAMILTON,CORN,30100.0,,34800.0,2009000.0,,66.7,
4947,2024,KANSAS,KS,HASKELL,CORN,98400.0,,106500.0,19227000.0,,195.4,
4948,2024,KANSAS,KS,JACKSON,CORN,44600.0,,47000.0,7604000.0,,170.5,
4949,2024,KANSAS,KS,KINGMAN,CORN,11700.0,,12700.0,1970000.0,,168.4,
4950,2024,KANSAS,KS,LABETTE,CORN,41800.0,,42900.0,4414000.0,,105.6,
4951,2024,KANSAS,KS,LEAVENWORTH,CORN,23600.0,,23900.0,4399000.0,,186.4,
4952,2024,KANSAS,KS,LYON,CORN,29600.0,,30100.0,3937000.0,,133.0,
4953,2024,KANSAS,KS,MARION,CORN,70700.0,,79200.0,9594000.0,,135.7,
4954,2024,KANSAS,KS,MCPHERSON,CORN,67200.0,,69000.0,8964000.0,,133.4,
4955,2024,KANSAS,KS,MEADE,CORN,69600.0,,76800.0,11483000.0,,165.0,
4956,2024,KANSAS,KS,MIAMI,CORN,20100.0,,22200.0,3134000.0,,155.9,
4957,2024,KANSAS,KS,MITCHELL,CORN,37900.0,,45600.0,3051000.0,,80.5,
4958,2024,KANSAS,KS,MONTGOMERY,CORN,25800.0,,26100.0,2866000.0,,111.1,
4959,2024,KANSAS,KS,MORRIS,CORN,24500.0,,25000.0,3653000.0,,149.1,
4960,2024,KANSAS,KS,NEMAHA,CORN,124800.0,,128500.0,23899000.0,,191.5,
4961,2024,KANSAS,KS,NEOSHO,CORN,34000.0,,34800.0,3352000.0,,98.6,
4962,2024,KANSAS,KS,NESS,CORN,10600.0,,16400.0,655000.0,,61.8,
4963,2024,KANSAS,KS,OTHER COUNTIES,CORN,2484980.0,,2724700.0,306240000.0,,123.2,
4964,2024,KANSAS,KS,OTTAWA,CORN,23000.0,,25700.0,2553000.0,,111.0,
4965,2024,KANSAS,KS,PRATT,CORN,70400.0,,72500.0,11264000.0,,160.0,
4966,2024,KANSAS,KS,RAWLINS,CORN,122200.0,,134000.0,9947000.0,,81.4,
4967,2024,KANSAS,KS,RENO,CORN,55500.0,,57600.0,9557000.0,,172.2,
4968,2024,KANSAS,KS,REPUBLIC,CORN,131000.0,,133000.0,19467000.0,,148.6,
4969,2024,KANSAS,KS,RICE,CORN,38900.0,,44200.0,5520000.0,,141.9,
4970,2024,KANSAS,KS,RILEY,CORN,29000.0,,30100.0,4311000.0,,148.7,
4971,2024,KANSAS,KS,RUSSELL,CORN,6940.0,,11700.0,406000.0,,58.5,
4972,2024,KANSAS,KS,SALINE,CORN,18800.0,,20800.0,2198000.0,,116.9,
4973,2024,KANSAS,KS,SCOTT,CORN,96900.0,,102500.0,7229000.0,,74.6,
4974,2024,KANSAS,KS,SEDGWICK,CORN,61300.0,,62400.0,9299000.0,,151.7,
4975,2024,KANSAS,KS,SHAWNEE,CORN,35600.0,,36000.0,6298000.0,,176.9,
4976,2024,KANSAS,KS,SHERMAN,CORN,186800.0,,204500.0,21087000.0,,112.9,
4977,2024,KANSAS,KS,STAFFORD,CORN,70700.0,,71500.0,13574000.0,,192.0,
4978,2024,KANSAS,KS,STEVENS,CORN,112000.0,,113500.0,21168000.0,,189.0,
4979,2024,KANSAS,KS,SUMNER,CORN,61300.0,,63000.0,5076000.0,,82.8,
4980,2024,KANSAS,KS,THOMAS,CORN,233500.0,,287500.0,16649000.0,,71.3,
4981,2024,KANSAS,KS,WABAUNSEE,CORN,26900.0,,28000.0,4387000.0,,163.1,
4982,2024,KANSAS,KS,WICHITA,CORN,106200.0,,110500.0,8337000.0,,78.5,
4983,2024,KANSAS,KS,WILSON,CORN,45500.0,,46600.0,4878000.0,,107.2,
4984,2024,KANSAS,KS,WOODSON,CORN,21100.0,,21500.0,2625000.0,,124.4,
4985,2024,KENTUCKY,KY,ADAIR,CORN,7490.0,,9800.0,1414000.0,,188.8,
4986,2024,KENTUCKY,KY,ALLEN,CORN,8500.0,,8900.0,1144000.0,,134.6,
4987,2024,KENTUCKY,KY,BALLARD,CORN,25000.0,,25900.0,5112000.0,,204.5,
4988,2024,KENTUCKY,KY,BARREN,CORN,24400.0,,31200.0,4585000.0,,187.9,
4989,2024,KENTUCKY,KY,BOONE,CORN,1540.0,,1700.0,190000.0,,123.4,
4990,2024,KENTUCKY,KY,BRACKEN,CORN,620.0,,1000.0,78600.0,,126.8,
4991,2024,KENTUCKY,KY,BRECKINRIDGE,CORN,19000.0,,19700.0,3249000.0,,171.0,
4992,2024,KENTUCKY,KY,BUTLER,CORN,16100.0,,17300.0,2966000.0,,184.2,
4993,2024,KENTUCKY,KY,CALDWELL,CORN,20200.0,,22900.0,3973000.0,,196.7,
4994,2024,KENTUCKY,KY,CALLOWAY,CORN,32900.0,,33600.0,5224000.0,,158.8,
4995,2024,KENTUCKY,KY,CARLISLE,CORN,22800.0,,23300.0,4337000.0,,190.2,
4996,2024,KENTUCKY,KY,CARTER,CORN,290.0,,400.0,29000.0,,100.0,
4997,2024,KENTUCKY,KY,CHRISTIAN,CORN,73300.0,,77600.0,14509000.0,,197.9,
4998,2024,KENTUCKY,KY,CRITTENDEN,CORN,18700.0,,19200.0,3503000.0,,187.3,
4999,2024,KENTUCKY,KY,DAVIESS,CORN,53100.0,,57600.0,9579000.0,,180.4,
5000,2024,KENTUCKY,KY,EDMONSON,CORN,4090.0,,4700.0,678000.0,,165.8,
5001,2024,KENTUCKY,KY,FLEMING,CORN,2680.0,,3000.0,377000.0,,140.7,
5002,2024,KENTUCKY,KY,FRANKLIN,CORN,1550.0,,2100.0,175200.0,,113.0,
5003,2024,KENTUCKY,KY,GALLATIN,CORN,780.0,,800.0,119200.0,,152.8,
5004,2024,KENTUCKY,KY,GARRARD,CORN,1230.0,,1900.0,131400.0,,106.8,
5005,2024,KENTUCKY,KY,GRAVES,CORN,63500.0,,65000.0,11703000.0,,184.3,
5006,2024,KENTUCKY,KY,GRAYSON,CORN,9090.0,,10400.0,1499000.0,,164.9,
5007,2024,KENTUCKY,KY,GREEN,CORN,9800.0,,10400.0,1495000.0,,152.6,
5008,2024,KENTUCKY,KY,HARDIN,CORN,29300.0,,30100.0,4591000.0,,156.7,
5009,2024,KENTUCKY,KY,HART,CORN,8760.0,,9900.0,1514000.0,,172.8,
5010,2024,KENTUCKY,KY,HENDERSON,CORN,63900.0,,65500.0,11572000.0,,181.1,
5011,2024,KENTUCKY,KY,HICKMAN,CORN,37900.0,,38700.0,7220000.0,,190.5,
5012,2024,KENTUCKY,KY,JESSAMINE,CORN,1040.0,,1100.0,107200.0,,103.1,
5013,2024,KENTUCKY,KY,LAUREL,CORN,470.0,,600.0,74200.0,,157.9,
5014,2024,KENTUCKY,KY,LINCOLN,CORN,7190.0,,9800.0,1077000.0,,149.8,
5015,2024,KENTUCKY,KY,LOGAN,CORN,62800.0,,67500.0,11907000.0,,189.6,
5016,2024,KENTUCKY,KY,LYON,CORN,8820.0,,9200.0,1557000.0,,176.5,
5017,2024,KENTUCKY,KY,MADISON,CORN,1790.0,,2000.0,229000.0,,127.9,
5018,2024,KENTUCKY,KY,MAGOFFIN,CORN,100.0,,100.0,9400.0,,94.0,
5019,2024,KENTUCKY,KY,MASON,CORN,4270.0,,5700.0,551000.0,,129.0,
5020,2024,KENTUCKY,KY,MCLEAN,CORN,39300.0,,40700.0,7223000.0,,183.8,
5021,2024,KENTUCKY,KY,MEADE,CORN,16400.0,,16900.0,3127000.0,,190.7,
5022,2024,KENTUCKY,KY,METCALFE,CORN,6500.0,,7500.0,1225000.0,,188.5,
5023,2024,KENTUCKY,KY,MONTGOMERY,CORN,490.0,,900.0,61600.0,,125.7,
5024,2024,KENTUCKY,KY,MUHLENBERG,CORN,14400.0,,15300.0,2284000.0,,158.6,
5025,2024,KENTUCKY,KY,OHIO,CORN,23600.0,,27600.0,4177000.0,,177.0,
5026,2024,KENTUCKY,KY,OLDHAM,CORN,2060.0,,2200.0,317000.0,,153.9,
5027,2024,KENTUCKY,KY,OTHER COUNTIES,CORN,218330.0,,240600.0,34678700.0,,158.8,
5028,2024,KENTUCKY,KY,OWEN,CORN,440.0,,1100.0,54300.0,,123.4,
5029,2024,KENTUCKY,KY,PENDLETON,CORN,1270.0,,1400.0,160200.0,,126.1,
5030,2024,KENTUCKY,KY,ROCKCASTLE,CORN,2070.0,,2300.0,341000.0,,164.7,
5031,2024,KENTUCKY,KY,RUSSELL,CORN,4110.0,,6300.0,756000.0,,183.9,
5032,2024,KENTUCKY,KY,SCOTT,CORN,2330.0,,2600.0,327000.0,,140.3,
5033,2024,KENTUCKY,KY,SHELBY,CORN,21100.0,,21300.0,3319000.0,,157.3,
5034,2024,KENTUCKY,KY,SIMPSON,CORN,41700.0,,42700.0,7990000.0,,191.6,
5035,2024,KENTUCKY,KY,TAYLOR,CORN,12400.0,,13400.0,1880000.0,,151.6,
5036,2024,KENTUCKY,KY,TODD,CORN,49000.0,,50200.0,9119000.0,,186.1,
5037,2024,KENTUCKY,KY,TRIGG,CORN,21000.0,,21700.0,3988000.0,,189.9,
5038,2024,KENTUCKY,KY,TRIMBLE,CORN,1960.0,,2000.0,280000.0,,142.9,
5039,2024,KENTUCKY,KY,UNION,CORN,72000.0,,73200.0,14378000.0,,199.7,
5040,2024,KENTUCKY,KY,WARREN,CORN,33800.0,,34900.0,6648000.0,,196.7,
5041,2024,KENTUCKY,KY,WASHINGTON,CORN,5550.0,,7900.0,756000.0,,136.2,
5042,2024,KENTUCKY,KY,WAYNE,CORN,6650.0,,6800.0,1200000.0,,180.5,
5043,2024,KENTUCKY,KY,WEBSTER,CORN,38300.0,,39400.0,6783000.0,,177.1,
5044,2024,KENTUCKY,KY,WOODFORD,CORN,2240.0,,2500.0,288000.0,,128.6,
5045,2024,LOUISIANA,LA,AVOYELLES,CORN,20200.0,,20600.0,3493000.0,,172.9,
5046,2024,LOUISIANA,LA,CADDO,CORN,13100.0,,13700.0,2011000.0,,153.5,
5047,2024,LOUISIANA,LA,CALDWELL,CORN,4720.0,,4800.0,778000.0,,164.8,
5048,2024,LOUISIANA,LA,CATAHOULA,CORN,30200.0,,31500.0,5499000.0,,182.1,
5049,2024,LOUISIANA,LA,EAST CARROLL,CORN,24400.0,,25800.0,4699000.0,,192.6,
5050,2024,LOUISIANA,LA,FRANKLIN,CORN,65000.0,,66000.0,12801000.0,,196.9,
5051,2024,LOUISIANA,LA,GRANT,CORN,2340.0,,2600.0,388000.0,,165.8,
5052,2024,LOUISIANA,LA,MADISON,CORN,39400.0,,41500.0,7157000.0,,181.6,
5053,2024,LOUISIANA,LA,MOREHOUSE,CORN,42000.0,,51500.0,8064000.0,,192.0,
5054,2024,LOUISIANA,LA,NATCHITOCHES,CORN,17300.0,,18000.0,2778000.0,,160.6,
5055,2024,LOUISIANA,LA,OTHER COUNTIES,CORN,26120.0,,26700.0,4782000.0,,183.1,
5056,2024,LOUISIANA,LA,OUACHITA,CORN,9570.0,,9900.0,1728000.0,,180.6,
5057,2024,LOUISIANA,LA,POINTE COUPEE,CORN,5820.0,,5900.0,1058000.0,,181.8,
5058,2024,LOUISIANA,LA,RAPIDES,CORN,9040.0,,9400.0,1521000.0,,168.3,
5059,2024,LOUISIANA,LA,RED RIVER,CORN,6100.0,,6600.0,841000.0,,137.9,
5060,2024,LOUISIANA,LA,RICHLAND,CORN,39800.0,,44000.0,7510000.0,,188.7,
5061,2024,LOUISIANA,LA,SAINT LANDRY,CORN,9490.0,,9700.0,1740000.0,,183.4,
5062,2024,LOUISIANA,LA,TENSAS,CORN,47700.0,,48200.0,9414000.0,,197.4,
5063,2024,LOUISIANA,LA,WASHINGTON,CORN,2700.0,,2900.0,440000.0,,163.0,
5064,2024,LOUISIANA,LA,WEST CARROLL,CORN,25000.0,,30700.0,4698000.0,,187.9,
5065,2024,MARYLAND,MD,ANNE ARUNDEL,CORN,3240.0,,3400.0,276000.0,,85.2,
5066,2024,MARYLAND,MD,BALTIMORE,CORN,15900.0,,16700.0,2587000.0,,162.7,
5067,2024,MARYLAND,MD,CALVERT,CORN,2490.0,,2700.0,175500.0,,70.5,
5068,2024,MARYLAND,MD,CAROLINE,CORN,37200.0,,39300.0,4944000.0,,132.9,
5069,2024,MARYLAND,MD,CARROLL,CORN,23300.0,,28300.0,3278000.0,,140.7,
5070,2024,MARYLAND,MD,CECIL,CORN,20900.0,,23000.0,3177000.0,,152.0,
5071,2024,MARYLAND,MD,CHARLES,CORN,4250.0,,4500.0,298000.0,,70.1,
5072,2024,MARYLAND,MD,DORCHESTER,CORN,26800.0,,28200.0,4242000.0,,158.3,
5073,2024,MARYLAND,MD,FREDERICK,CORN,28700.0,,39900.0,3481000.0,,121.3,
5074,2024,MARYLAND,MD,GARRETT,CORN,4540.0,,7100.0,520000.0,,114.5,
5075,2024,MARYLAND,MD,HARFORD,CORN,17000.0,,18000.0,2695000.0,,158.5,
5076,2024,MARYLAND,MD,KENT,CORN,33400.0,,38500.0,5421000.0,,162.3,
5077,2024,MARYLAND,MD,OTHER COUNTIES,CORN,92970.0,,99100.0,12885500.0,,138.6,
5078,2024,MARYLAND,MD,SOMERSET,CORN,11700.0,,12200.0,2005000.0,,171.4,
5079,2024,MARYLAND,MD,TALBOT,CORN,27700.0,,28900.0,3598000.0,,129.9,
5080,2024,MARYLAND,MD,WASHINGTON,CORN,7510.0,,16600.0,958000.0,,127.6,
5081,2024,MARYLAND,MD,WORCESTER,CORN,32400.0,,33600.0,5229000.0,,161.4,
5082,2024,MICHIGAN,MI,ALLEGAN,CORN,54900.0,,68800.0,9745000.0,,177.5,
5083,2024,MICHIGAN,MI,ALPENA,CORN,7470.0,,8000.0,1147000.0,,153.5,
5084,2024,MICHIGAN,MI,ANTRIM,CORN,1180.0,,1500.0,132000.0,,111.9,
5085,2024,MICHIGAN,MI,ARENAC,CORN,16500.0,,18000.0,2736000.0,,165.8,
5086,2024,MICHIGAN,MI,BARRY,CORN,35800.0,,40800.0,7372000.0,,205.9,
5087,2024,MICHIGAN,MI,BAY,CORN,44400.0,,46700.0,8876000.0,,199.9,
5088,2024,MICHIGAN,MI,BERRIEN,CORN,45400.0,,48300.0,7813000.0,,172.1,
5089,2024,MICHIGAN,MI,CALHOUN,CORN,67500.0,,72000.0,11009000.0,,163.1,
5090,2024,MICHIGAN,MI,CASS,CORN,62800.0,,66000.0,10695000.0,,170.3,
5091,2024,MICHIGAN,MI,CHARLEVOIX,CORN,1550.0,,1800.0,178400.0,,115.1,
5092,2024,MICHIGAN,MI,CLARE,CORN,3850.0,,6000.0,603000.0,,156.6,
5093,2024,MICHIGAN,MI,CLINTON,CORN,65000.0,,73600.0,12285000.0,,189.0,
5094,2024,MICHIGAN,MI,DELTA,CORN,1070.0,,2300.0,117900.0,,110.2,
5095,2024,MICHIGAN,MI,DICKINSON,CORN,160.0,,1200.0,20000.0,,125.0,
5096,2024,MICHIGAN,MI,EATON,CORN,45900.0,,50600.0,9613000.0,,209.4,
5097,2024,MICHIGAN,MI,GENESEE,CORN,23800.0,,26300.0,3934000.0,,165.3,
5098,2024,MICHIGAN,MI,GLADWIN,CORN,6160.0,,8600.0,1153000.0,,187.2,
5099,2024,MICHIGAN,MI,GRAND TRAVERSE,CORN,5170.0,,6100.0,737000.0,,142.6,
5100,2024,MICHIGAN,MI,GRATIOT,CORN,81500.0,,97900.0,16247000.0,,199.3,
5101,2024,MICHIGAN,MI,HILLSDALE,CORN,54500.0,,67400.0,10273000.0,,188.5,
5102,2024,MICHIGAN,MI,HURON,CORN,59400.0,,100500.0,12462000.0,,209.8,
5103,2024,MICHIGAN,MI,INGHAM,CORN,43300.0,,51300.0,8184000.0,,189.0,
5104,2024,MICHIGAN,MI,IONIA,CORN,61100.0,,74000.0,12574000.0,,205.8,
5105,2024,MICHIGAN,MI,ISABELLA,CORN,34600.0,,45000.0,6598000.0,,190.7,
5106,2024,MICHIGAN,MI,JACKSON,CORN,47100.0,,52000.0,8026000.0,,170.4,
5107,2024,MICHIGAN,MI,LAPEER,CORN,33100.0,,35500.0,5597000.0,,169.1,
5108,2024,MICHIGAN,MI,LEELANAU,CORN,1840.0,,2600.0,149400.0,,81.2,
5109,2024,MICHIGAN,MI,LENAWEE,CORN,62800.0,,89200.0,11329000.0,,180.4,
5110,2024,MICHIGAN,MI,LIVINGSTON,CORN,16100.0,,19100.0,2925000.0,,181.7,
5111,2024,MICHIGAN,MI,MACOMB,CORN,8840.0,,9500.0,1468000.0,,166.1,
5112,2024,MICHIGAN,MI,MANISTEE,CORN,3720.0,,4600.0,481000.0,,129.3,
5113,2024,MICHIGAN,MI,MASON,CORN,12800.0,,13700.0,1948000.0,,152.2,
5114,2024,MICHIGAN,MI,MECOSTA,CORN,21600.0,,23500.0,3642000.0,,168.6,
5115,2024,MICHIGAN,MI,MENOMINEE,CORN,3750.0,,15900.0,290000.0,,77.3,
5116,2024,MICHIGAN,MI,MIDLAND,CORN,19490.0,,22100.0,3680000.0,,188.8,
5117,2024,MICHIGAN,MI,MISSAUKEE,CORN,7200.0,,23700.0,1086000.0,,150.8,
5118,2024,MICHIGAN,MI,MONROE,CORN,50000.0,,52700.0,9160000.0,,183.2,
5119,2024,MICHIGAN,MI,MONTCALM,CORN,52100.0,,57600.0,9477000.0,,181.9,
5120,2024,MICHIGAN,MI,MONTMORENCY,CORN,1150.0,,1500.0,145900.0,,126.9,
5121,2024,MICHIGAN,MI,MUSKEGON,CORN,9500.0,,13700.0,1585000.0,,166.8,
5122,2024,MICHIGAN,MI,NEWAYGO,CORN,16700.0,,20500.0,2550000.0,,152.7,
5123,2024,MICHIGAN,MI,OAKLAND,CORN,2130.0,,2300.0,341000.0,,160.1,
5124,2024,MICHIGAN,MI,OCEANA,CORN,12800.0,,14900.0,1680000.0,,131.3,
5125,2024,MICHIGAN,MI,OGEMAW,CORN,10900.0,,13900.0,1807000.0,,165.8,
5126,2024,MICHIGAN,MI,OSCEOLA,CORN,9280.0,,16400.0,1161000.0,,125.1,
5127,2024,MICHIGAN,MI,OTHER COUNTIES,CORN,334800.0,,369800.0,55884400.0,,166.9,
5128,2024,MICHIGAN,MI,PRESQUE ISLE,CORN,6320.0,,7000.0,785000.0,,124.2,
5129,2024,MICHIGAN,MI,SAGINAW,CORN,84200.0,,88900.0,15729000.0,,186.8,
5130,2024,MICHIGAN,MI,SANILAC,CORN,92800.0,,110500.0,18478000.0,,199.1,
5131,2024,MICHIGAN,MI,SHIAWASSEE,CORN,41800.0,,53600.0,7909000.0,,189.2,
5132,2024,MICHIGAN,MI,ST CLAIR,CORN,20700.0,,23100.0,3703000.0,,178.9,
5133,2024,MICHIGAN,MI,TUSCOLA,CORN,71800.0,,75800.0,14403000.0,,200.6,
5134,2024,MICHIGAN,MI,WASHTENAW,CORN,31100.0,,33100.0,5698000.0,,183.2,
5135,2024,MICHIGAN,MI,WAYNE,CORN,570.0,,600.0,88000.0,,154.4,
5136,2024,MINNESOTA,MN,AITKIN,CORN,1090.0,1770.0,3000.0,167000.0,26600.0,153.2,15.0
5137,2024,MINNESOTA,MN,ANOKA,CORN,4030.0,,4100.0,547000.0,,135.7,
5138,2024,MINNESOTA,MN,BECKER,CORN,71700.0,4370.0,76400.0,11465000.0,94000.0,159.9,21.5
5139,2024,MINNESOTA,MN,BELTRAMI,CORN,,530.0,,,8700.0,,16.5
5140,2024,MINNESOTA,MN,BENTON,CORN,49200.0,,55900.0,9176000.0,,186.5,
5141,2024,MINNESOTA,MN,BIG STONE,CORN,92000.0,,92300.0,15879000.0,,172.6,
5142,2024,MINNESOTA,MN,BLUE EARTH,CORN,176000.0,310.0,176500.0,30518000.0,3900.0,173.4,12.5
5143,2024,MINNESOTA,MN,BROWN,CORN,151800.0,1160.0,155500.0,25730000.0,18000.0,169.5,15.5
5144,2024,MINNESOTA,MN,CARLTON,CORN,,250.0,,,3900.0,,15.5
5145,2024,MINNESOTA,MN,CARVER,CORN,44800.0,4350.0,51300.0,7280000.0,74000.0,162.5,17.0
5146,2024,MINNESOTA,MN,CHISAGO,CORN,21300.0,,23900.0,3161000.0,,148.4,
5147,2024,MINNESOTA,MN,CLAY,CORN,153800.0,,154500.0,24285000.0,,157.9,
5148,2024,MINNESOTA,MN,CLEARWATER,CORN,6810.0,1070.0,7900.0,1100000.0,20300.0,161.5,19.0
5149,2024,MINNESOTA,MN,COTTONWOOD,CORN,159900.0,770.0,164500.0,28110000.0,13500.0,175.8,17.5
5150,2024,MINNESOTA,MN,CROW WING,CORN,8410.0,,9600.0,1323000.0,,157.3,
5151,2024,MINNESOTA,MN,DAKOTA,CORN,83000.0,1890.0,85800.0,15214000.0,49000.0,183.3,26.0
5152,2024,MINNESOTA,MN,DODGE,CORN,118400.0,1000.0,119500.0,23230000.0,24500.0,196.2,24.5
5153,2024,MINNESOTA,MN,DOUGLAS,CORN,,1360.0,,,22800.0,,17.0
5154,2024,MINNESOTA,MN,FILLMORE,CORN,166500.0,7950.0,174500.0,36290000.0,195000.0,218.0,24.5
5155,2024,MINNESOTA,MN,FREEBORN,CORN,184000.0,,184500.0,32126000.0,,174.6,
5156,2024,MINNESOTA,MN,GOODHUE,CORN,136200.0,18500.0,157500.0,26682000.0,435000.0,195.9,23.5
5157,2024,MINNESOTA,MN,GRANT,CORN,122600.0,,123000.0,21369000.0,,174.3,
5158,2024,MINNESOTA,MN,HENNEPIN,CORN,10300.0,,10400.0,1555000.0,,151.0,
5159,2024,MINNESOTA,MN,HOUSTON,CORN,44300.0,13000.0,58000.0,9148000.0,332000.0,206.5,25.5
5160,2024,MINNESOTA,MN,HUBBARD,CORN,,920.0,,,8800.0,,9.6
5161,2024,MINNESOTA,MN,ISANTI,CORN,31000.0,,31200.0,4994000.0,,161.1,
5162,2024,MINNESOTA,MN,JACKSON,CORN,185800.0,220.0,187000.0,30341000.0,3200.0,163.3,14.5
5163,2024,MINNESOTA,MN,KANDIYOHI,CORN,149600.0,6660.0,156500.0,25641000.0,140000.0,171.4,21.0
5164,2024,MINNESOTA,MN,LAC QUI PARLE,CORN,168900.0,,173000.0,30182000.0,,178.7,
5165,2024,MINNESOTA,MN,LE SUEUR,CORN,80700.0,,81500.0,13162000.0,,163.1,
5166,2024,MINNESOTA,MN,LINCOLN,CORN,111100.0,2600.0,114500.0,19565000.0,55000.0,176.1,21.0
5167,2024,MINNESOTA,MN,MAHNOMEN,CORN,48200.0,1170.0,50200.0,8170000.0,23400.0,169.5,20.0
5168,2024,MINNESOTA,MN,MARSHALL,CORN,52900.0,,54400.0,8094000.0,,153.0,
5169,2024,MINNESOTA,MN,MCLEOD,CORN,108000.0,2010.0,112000.0,16708000.0,34200.0,154.7,17.0
5170,2024,MINNESOTA,MN,MEEKER,CORN,,8450.0,,,186000.0,,22.0
5171,2024,MINNESOTA,MN,MILLE LACS,CORN,18400.0,1120.0,20100.0,2775000.0,16800.0,150.8,15.0
5172,2024,MINNESOTA,MN,MORRISON,CORN,89900.0,13100.0,103500.0,15724000.0,242000.0,174.9,18.5
5173,2024,MINNESOTA,MN,MOWER,CORN,200500.0,2640.0,203500.0,42265000.0,62000.0,210.8,23.5
5174,2024,MINNESOTA,MN,NICOLLET,CORN,107600.0,2150.0,113000.0,20226000.0,44100.0,188.0,20.5
5175,2024,MINNESOTA,MN,NOBLES,CORN,177500.0,,205000.0,31986000.0,,180.2,
5176,2024,MINNESOTA,MN,NORMAN,CORN,103600.0,2070.0,109500.0,15851000.0,37300.0,153.0,18.0
5177,2024,MINNESOTA,MN,OLMSTED,CORN,103700.0,7060.0,111000.0,20398000.0,173000.0,196.7,24.5
5178,2024,MINNESOTA,MN,OTHER COUNTIES,CORN,1662660.0,113330.0,1744100.0,281004000.0,2231600.0,169.0,19.5
5179,2024,MINNESOTA,MN,OTTER TAIL,CORN,187700.0,13200.0,203500.0,30389000.0,257000.0,161.9,19.5
5180,2024,MINNESOTA,MN,PENNINGTON,CORN,,1400.0,,,31600.0,,22.5
5181,2024,MINNESOTA,MN,PINE,CORN,13400.0,3200.0,16900.0,2031000.0,56000.0,151.6,17.5
5182,2024,MINNESOTA,MN,PIPESTONE,CORN,79600.0,,115500.0,15076000.0,,189.4,
5183,2024,MINNESOTA,MN,POLK,CORN,124500.0,420.0,125000.0,19547000.0,9500.0,157.0,22.5
5184,2024,MINNESOTA,MN,POPE,CORN,113100.0,1840.0,115000.0,21048000.0,37700.0,186.1,20.5
5185,2024,MINNESOTA,MN,RED LAKE,CORN,29600.0,,29900.0,4526000.0,,152.9,
5186,2024,MINNESOTA,MN,REDWOOD,CORN,233000.0,430.0,235500.0,39610000.0,6200.0,170.0,14.5
5187,2024,MINNESOTA,MN,RENVILLE,CORN,252000.0,150.0,255000.0,43503000.0,3500.0,172.6,23.5
5188,2024,MINNESOTA,MN,RICE,CORN,82900.0,2340.0,87300.0,13140000.0,31600.0,158.5,13.5
5189,2024,MINNESOTA,MN,ROCK,CORN,,9840.0,,,221000.0,,22.5
5190,2024,MINNESOTA,MN,SCOTT,CORN,29400.0,1020.0,31500.0,5154000.0,20400.0,175.3,20.0
5191,2024,MINNESOTA,MN,SHERBURNE,CORN,23500.0,,25200.0,3833000.0,,163.1,
5192,2024,MINNESOTA,MN,SIBLEY,CORN,144300.0,4100.0,151000.0,21631000.0,80000.0,149.9,19.5
5193,2024,MINNESOTA,MN,STEARNS,CORN,189300.0,34100.0,225500.0,35361000.0,736000.0,186.8,21.5
5194,2024,MINNESOTA,MN,STEELE,CORN,104500.0,420.0,105500.0,17681000.0,6200.0,169.2,15.0
5195,2024,MINNESOTA,MN,STEVENS,CORN,127600.0,13800.0,142000.0,23619000.0,311000.0,185.1,22.5
5196,2024,MINNESOTA,MN,SWIFT,CORN,183400.0,12000.0,200000.0,32975000.0,234000.0,179.8,19.5
5197,2024,MINNESOTA,MN,TODD,CORN,54400.0,27000.0,84300.0,7991000.0,581000.0,146.9,21.5
5198,2024,MINNESOTA,MN,TRAVERSE,CORN,,6940.0,,,142000.0,,20.5
5199,2024,MINNESOTA,MN,WABASHA,CORN,84500.0,10000.0,98100.0,15295000.0,240000.0,181.0,24.0
5200,2024,MINNESOTA,MN,WADENA,CORN,18400.0,,23300.0,2708000.0,,147.2,
5201,2024,MINNESOTA,MN,WASECA,CORN,109500.0,,112000.0,18210000.0,,166.3,
5202,2024,MINNESOTA,MN,WASHINGTON,CORN,15500.0,420.0,16000.0,2505000.0,6700.0,161.6,16.0
5203,2024,MINNESOTA,MN,WATONWAN,CORN,124700.0,,125500.0,20476000.0,,164.2,
5204,2024,MINNESOTA,MN,WILKIN,CORN,133500.0,,136000.0,23122000.0,,173.2,
5205,2024,MINNESOTA,MN,WINONA,CORN,65500.0,15600.0,81900.0,14148000.0,390000.0,216.0,25.0
5206,2024,MISSISSIPPI,MS,BENTON,CORN,2610.0,,2700.0,378000.0,,144.8,
5207,2024,MISSISSIPPI,MS,BOLIVAR,CORN,16900.0,,18400.0,3429000.0,,202.9,
5208,2024,MISSISSIPPI,MS,CALHOUN,CORN,6330.0,,6900.0,860000.0,,135.9,
5209,2024,MISSISSIPPI,MS,CARROLL,CORN,5650.0,,6000.0,887000.0,,157.0,
5210,2024,MISSISSIPPI,MS,DE SOTO,CORN,5840.0,,6000.0,1127000.0,,193.0,
5211,2024,MISSISSIPPI,MS,GEORGE,CORN,380.0,,500.0,48500.0,,127.6,
5212,2024,MISSISSIPPI,MS,HINDS,CORN,6350.0,,7300.0,1065000.0,,167.7,
5213,2024,MISSISSIPPI,MS,HOLMES,CORN,20000.0,,20700.0,4000000.0,,200.0,
5214,2024,MISSISSIPPI,MS,HUMPHREYS,CORN,24400.0,,25100.0,4941000.0,,202.5,
5215,2024,MISSISSIPPI,MS,LEE,CORN,2030.0,,2100.0,265000.0,,130.5,
5216,2024,MISSISSIPPI,MS,LEFLORE,CORN,43500.0,,44500.0,8823000.0,,202.8,
5217,2024,MISSISSIPPI,MS,MADISON,CORN,7850.0,,8100.0,1208000.0,,153.9,
5218,2024,MISSISSIPPI,MS,MONROE,CORN,10800.0,,11100.0,1254000.0,,116.1,
5219,2024,MISSISSIPPI,MS,NOXUBEE,CORN,31800.0,,32900.0,5339000.0,,167.9,
5220,2024,MISSISSIPPI,MS,OTHER COUNTIES,CORN,90450.0,,97500.0,14800500.0,,163.6,
5221,2024,MISSISSIPPI,MS,QUITMAN,CORN,7770.0,,8500.0,1594000.0,,205.1,
5222,2024,MISSISSIPPI,MS,RANKIN,CORN,3110.0,,3200.0,452000.0,,145.3,
5223,2024,MISSISSIPPI,MS,SCOTT,CORN,1630.0,,1700.0,301000.0,,184.7,
5224,2024,MISSISSIPPI,MS,SHARKEY,CORN,20900.0,,21400.0,4458000.0,,213.3,
5225,2024,MISSISSIPPI,MS,SUNFLOWER,CORN,35800.0,,36700.0,7500000.0,,209.5,
5226,2024,MISSISSIPPI,MS,TALLAHATCHIE,CORN,29000.0,,29400.0,5844000.0,,201.5,
5227,2024,MISSISSIPPI,MS,TATE,CORN,5440.0,,5600.0,871000.0,,160.1,
5228,2024,MISSISSIPPI,MS,TUNICA,CORN,5340.0,,5500.0,1032000.0,,193.3,
5229,2024,MISSISSIPPI,MS,WALTHALL,CORN,1400.0,,2000.0,207000.0,,147.9,
5230,2024,MISSISSIPPI,MS,WARREN,CORN,6320.0,,6500.0,1248000.0,,197.5,
5231,2024,MISSISSIPPI,MS,WASHINGTON,CORN,41700.0,,42300.0,8478000.0,,203.3,
5232,2024,MISSISSIPPI,MS,YAZOO,CORN,36700.0,,37400.0,7010000.0,,191.0,
5233,2024,MISSOURI,MO,ATCHISON,CORN,129800.0,,134500.0,26726000.0,,205.9,
5234,2024,MISSOURI,MO,AUDRAIN,CORN,102000.0,,106000.0,19951000.0,,195.6,
5235,2024,MISSOURI,MO,BARRY,CORN,5460.0,,5700.0,539000.0,,98.7,
5236,2024,MISSOURI,MO,BARTON,CORN,54300.0,,61000.0,9562000.0,,176.1,
5237,2024,MISSOURI,MO,BOONE,CORN,24200.0,,25100.0,4680000.0,,193.4,
5238,2024,MISSOURI,MO,BUCHANAN,CORN,51200.0,,53000.0,9697000.0,,189.4,
5239,2024,MISSOURI,MO,CALDWELL,CORN,28500.0,,29600.0,4848000.0,,170.1,
5240,2024,MISSOURI,MO,CALLAWAY,CORN,27800.0,,28900.0,5279000.0,,189.9,
5241,2024,MISSOURI,MO,CAPE GIRARDEAU,CORN,25600.0,,26800.0,4224000.0,,165.0,
5242,2024,MISSOURI,MO,CARROLL,CORN,89800.0,,93000.0,17511000.0,,195.0,
5243,2024,MISSOURI,MO,CASS,CORN,36600.0,,38000.0,5889000.0,,160.9,
5244,2024,MISSOURI,MO,CEDAR,CORN,4190.0,,5600.0,696000.0,,166.1,
5245,2024,MISSOURI,MO,CLAY,CORN,16200.0,,16800.0,3157000.0,,194.9,
5246,2024,MISSOURI,MO,CLINTON,CORN,45500.0,,47200.0,8317000.0,,182.8,
5247,2024,MISSOURI,MO,COLE,CORN,5060.0,,5400.0,870000.0,,171.9,
5248,2024,MISSOURI,MO,DADE,CORN,18100.0,,19300.0,2386000.0,,131.8,
5249,2024,MISSOURI,MO,DAVIESS,CORN,44100.0,,45800.0,8044000.0,,182.4,
5250,2024,MISSOURI,MO,DUNKLIN,CORN,20400.0,,21400.0,3515000.0,,172.3,
5251,2024,MISSOURI,MO,FRANKLIN,CORN,15800.0,,16800.0,2441000.0,,154.5,
5252,2024,MISSOURI,MO,GRUNDY,CORN,37000.0,,38500.0,6009000.0,,162.4,
5253,2024,MISSOURI,MO,HARRISON,CORN,53900.0,,55900.0,8586000.0,,159.3,
5254,2024,MISSOURI,MO,JACKSON,CORN,20300.0,,21200.0,3130000.0,,154.2,
5255,2024,MISSOURI,MO,JOHNSON,CORN,50300.0,,52300.0,9678000.0,,192.4,
5256,2024,MISSOURI,MO,LAFAYETTE,CORN,102600.0,,106500.0,21772000.0,,212.2,
5257,2024,MISSOURI,MO,LAWRENCE,CORN,14400.0,,15500.0,1608000.0,,111.7,
5258,2024,MISSOURI,MO,LEWIS,CORN,68300.0,,70900.0,12390000.0,,181.4,
5259,2024,MISSOURI,MO,LINCOLN,CORN,36600.0,,38000.0,6544000.0,,178.8,
5260,2024,MISSOURI,MO,LIVINGSTON,CORN,37900.0,,39500.0,6909000.0,,182.3,
5261,2024,MISSOURI,MO,MACON,CORN,46400.0,,48100.0,8964000.0,,193.2,
5262,2024,MISSOURI,MO,MARIES,CORN,1720.0,,2000.0,205000.0,,119.2,
5263,2024,MISSOURI,MO,MARION,CORN,50300.0,,52200.0,9381000.0,,186.5,
5264,2024,MISSOURI,MO,MILLER,CORN,1250.0,,1300.0,196500.0,,157.2,
5265,2024,MISSOURI,MO,MISSISSIPPI,CORN,43100.0,,44700.0,7935000.0,,184.1,
5266,2024,MISSOURI,MO,MONITEAU,CORN,15000.0,,15600.0,2502000.0,,166.8,
5267,2024,MISSOURI,MO,MONROE,CORN,54600.0,,56800.0,9664000.0,,177.0,
5268,2024,MISSOURI,MO,NEW MADRID,CORN,37700.0,,39200.0,6432000.0,,170.6,
5269,2024,MISSOURI,MO,OTHER COUNTIES,CORN,1192320.0,,1253400.0,211683500.0,,177.5,
5270,2024,MISSOURI,MO,PEMISCOT,CORN,17000.0,,17600.0,3383000.0,,199.0,
5271,2024,MISSOURI,MO,PERRY,CORN,26500.0,,27600.0,4468000.0,,168.6,
5272,2024,MISSOURI,MO,PIKE,CORN,53800.0,,55800.0,8608000.0,,160.0,
5273,2024,MISSOURI,MO,PLATTE,CORN,38600.0,,40000.0,6770000.0,,175.4,
5274,2024,MISSOURI,MO,PUTNAM,CORN,20500.0,,21300.0,3606000.0,,175.9,
5275,2024,MISSOURI,MO,RALLS,CORN,52100.0,,54200.0,10326000.0,,198.2,
5276,2024,MISSOURI,MO,RANDOLPH,CORN,22800.0,,23600.0,4576000.0,,200.7,
5277,2024,MISSOURI,MO,SALINE,CORN,141300.0,,146500.0,31521000.0,,223.1,
5278,2024,MISSOURI,MO,SCOTLAND,CORN,48200.0,,50200.0,9235000.0,,191.6,
5279,2024,MISSOURI,MO,SCOTT,CORN,55400.0,,57500.0,10831000.0,,195.5,
5280,2024,MISSOURI,MO,SHELBY,CORN,52000.0,,54000.0,10166000.0,,195.5,
5281,2024,MISSOURI,MO,ST CHARLES,CORN,35200.0,,36500.0,6505000.0,,184.8,
5282,2024,MISSOURI,MO,ST CLAIR,CORN,16000.0,,16900.0,2467000.0,,154.2,
5283,2024,MISSOURI,MO,STODDARD,CORN,56800.0,,59200.0,10326000.0,,181.8,
5284,2024,MISSOURI,MO,SULLIVAN,CORN,22400.0,,23300.0,3734000.0,,166.7,
5285,2024,MISSOURI,MO,WARREN,CORN,17000.0,,17600.0,2450000.0,,144.1,
5286,2024,MISSOURI,MO,WORTH,CORN,16100.0,,16700.0,3007000.0,,186.8,
5287,2024,NEBRASKA,NE,ADAMS,CORN,179100.0,,180500.0,39295000.0,,219.4,
5288,2024,NEBRASKA,NE,BOX BUTTE,CORN,67800.0,,90500.0,11153000.0,,164.5,
5289,2024,NEBRASKA,NE,BOYD,CORN,38900.0,,40500.0,5882000.0,,151.2,
5290,2024,NEBRASKA,NE,BROWN,CORN,37000.0,,40600.0,8260000.0,,223.2,
5291,2024,NEBRASKA,NE,BUFFALO,CORN,203500.0,,210000.0,41956000.0,,206.2,
5292,2024,NEBRASKA,NE,BURT,CORN,122000.0,,127500.0,23717000.0,,194.4,
5293,2024,NEBRASKA,NE,BUTLER,CORN,154900.0,,158500.0,29247000.0,,188.8,
5294,2024,NEBRASKA,NE,CASS,CORN,122000.0,,123500.0,23302000.0,,191.0,
5295,2024,NEBRASKA,NE,CEDAR,CORN,178200.0,,188000.0,32201000.0,,180.7,
5296,2024,NEBRASKA,NE,CHASE,CORN,141200.0,,159000.0,23835000.0,,168.8,
5297,2024,NEBRASKA,NE,CHEYENNE,CORN,83200.0,,84600.0,9818000.0,,118.0,
5298,2024,NEBRASKA,NE,CLAY,CORN,180600.0,,182500.0,37438000.0,,207.3,
5299,2024,NEBRASKA,NE,COLFAX,CORN,108200.0,,111500.0,21564000.0,,199.3,
5300,2024,NEBRASKA,NE,CUMING,CORN,153800.0,,160500.0,30652000.0,,199.3,
5301,2024,NEBRASKA,NE,CUSTER,CORN,233000.0,,246000.0,48208000.0,,206.9,
5302,2024,NEBRASKA,NE,DAWSON,CORN,185900.0,,206000.0,39411000.0,,212.0,
5303,2024,NEBRASKA,NE,DEUEL,CORN,58900.0,,60300.0,6715000.0,,114.0,
5304,2024,NEBRASKA,NE,DOUGLAS,CORN,25400.0,,26000.0,4887000.0,,192.4,
5305,2024,NEBRASKA,NE,DUNDY,CORN,87300.0,,97200.0,14972000.0,,171.5,
5306,2024,NEBRASKA,NE,FILLMORE,CORN,183400.0,,187500.0,38771000.0,,211.4,
5307,2024,NEBRASKA,NE,FRANKLIN,CORN,99800.0,,102500.0,18534000.0,,185.7,
5308,2024,NEBRASKA,NE,FRONTIER,CORN,120300.0,,124000.0,19536000.0,,162.4,
5309,2024,NEBRASKA,NE,FURNAS,CORN,132900.0,,134000.0,21647000.0,,162.9,
5310,2024,NEBRASKA,NE,GARFIELD,CORN,12300.0,,12900.0,2497000.0,,203.0,
5311,2024,NEBRASKA,NE,HALL,CORN,179200.0,,183000.0,38474000.0,,214.7,
5312,2024,NEBRASKA,NE,HAMILTON,CORN,203500.0,,208000.0,45604000.0,,224.1,
5313,2024,NEBRASKA,NE,HARLAN,CORN,122100.0,,123500.0,21013000.0,,172.1,
5314,2024,NEBRASKA,NE,HAYES,CORN,81400.0,,83300.0,13502000.0,,165.9,
5315,2024,NEBRASKA,NE,HITCHCOCK,CORN,80600.0,,82100.0,10414000.0,,129.2,
5316,2024,NEBRASKA,NE,HOWARD,CORN,97000.0,,101000.0,19609000.0,,202.2,
5317,2024,NEBRASKA,NE,JEFFERSON,CORN,112400.0,,113500.0,17096000.0,,152.1,
5318,2024,NEBRASKA,NE,JOHNSON,CORN,67000.0,,67600.0,10981000.0,,163.9,
5319,2024,NEBRASKA,NE,KEARNEY,CORN,156800.0,,174000.0,31015000.0,,197.8,
5320,2024,NEBRASKA,NE,KEITH,CORN,127900.0,,130500.0,23060000.0,,180.3,
5321,2024,NEBRASKA,NE,KEYA PAHA,CORN,17000.0,,21900.0,2888000.0,,169.9,
5322,2024,NEBRASKA,NE,KNOX,CORN,141300.0,,148500.0,25476000.0,,180.3,
5323,2024,NEBRASKA,NE,LANCASTER,CORN,135900.0,,137000.0,22356000.0,,164.5,
5324,2024,NEBRASKA,NE,LINCOLN,CORN,186500.0,,205000.0,39855000.0,,213.7,
5325,2024,NEBRASKA,NE,LOGAN,CORN,23600.0,,24100.0,4748000.0,,201.2,
5326,2024,NEBRASKA,NE,MORRILL,CORN,66300.0,,73800.0,11397000.0,,171.9,
5327,2024,NEBRASKA,NE,NUCKOLLS,CORN,135500.0,,137500.0,24553000.0,,181.2,
5328,2024,NEBRASKA,NE,OTHER COUNTIES,CORN,2741100.0,,2870800.0,505739000.0,,184.5,
5329,2024,NEBRASKA,NE,PAWNEE,CORN,69500.0,,70000.0,11051000.0,,159.0,
5330,2024,NEBRASKA,NE,PHELPS,CORN,165200.0,,184000.0,32858000.0,,198.9,
5331,2024,NEBRASKA,NE,PIERCE,CORN,142200.0,,145000.0,27331000.0,,192.2,
5332,2024,NEBRASKA,NE,PLATTE,CORN,189600.0,,201000.0,37244000.0,,196.4,
5333,2024,NEBRASKA,NE,POLK,CORN,130100.0,,137500.0,26827000.0,,206.2,
5334,2024,NEBRASKA,NE,RED WILLOW,CORN,92600.0,,105000.0,13905000.0,,150.2,
5335,2024,NEBRASKA,NE,SALINE,CORN,139000.0,,143000.0,23525000.0,,169.2,
5336,2024,NEBRASKA,NE,SARPY,CORN,28400.0,,28700.0,5653000.0,,199.0,
5337,2024,NEBRASKA,NE,SCOTTS BLUFF,CORN,67400.0,,73500.0,10818000.0,,160.5,
5338,2024,NEBRASKA,NE,SHERIDAN,CORN,29500.0,,39000.0,3679000.0,,124.7,
5339,2024,NEBRASKA,NE,SHERMAN,CORN,74200.0,,76200.0,14729000.0,,198.5,
5340,2024,NEBRASKA,NE,STANTON,CORN,97600.0,,100000.0,18788000.0,,192.5,
5341,2024,NEBRASKA,NE,THAYER,CORN,161200.0,,163500.0,29838000.0,,185.1,
5342,2024,NEBRASKA,NE,VALLEY,CORN,71300.0,,75300.0,15080000.0,,211.5,
5343,2024,NEBRASKA,NE,WASHINGTON,CORN,76600.0,,82300.0,13528000.0,,176.6,
5344,2024,NEBRASKA,NE,WAYNE,CORN,123900.0,,128500.0,23714000.0,,191.4,
5345,2024,NEBRASKA,NE,WEBSTER,CORN,99100.0,,101500.0,16797000.0,,169.5,
5346,2024,NEBRASKA,NE,WHEELER,CORN,32900.0,,35300.0,7439000.0,,226.1,
5347,2024,NEBRASKA,NE,YORK,CORN,215000.0,,221500.0,48838000.0,,227.2,
5348,2024,NEW YORK,NY,ALBANY,CORN,,1650.0,,,28100.0,,17.0
5349,2024,NEW YORK,NY,BROOME,CORN,2780.0,3940.0,6900.0,409000.0,67000.0,147.1,17.0
5350,2024,NEW YORK,NY,CATTARAUGUS,CORN,8430.0,,23300.0,1400000.0,,166.1,
5351,2024,NEW YORK,NY,CAYUGA,CORN,31500.0,31900.0,63800.0,5739000.0,670000.0,182.2,21.0
5352,2024,NEW YORK,NY,CHENANGO,CORN,7160.0,5730.0,12900.0,951000.0,109000.0,132.8,19.0
5353,2024,NEW YORK,NY,CLINTON,CORN,,11100.0,,,205000.0,,18.5
5354,2024,NEW YORK,NY,COLUMBIA,CORN,4750.0,4480.0,9300.0,713000.0,116000.0,150.1,26.0
5355,2024,NEW YORK,NY,CORTLAND,CORN,,12300.0,,,246000.0,,20.0
5356,2024,NEW YORK,NY,DELAWARE,CORN,,3550.0,,,59000.0,,16.5
5357,2024,NEW YORK,NY,ERIE,CORN,16600.0,7250.0,24500.0,2503000.0,134000.0,150.8,18.5
5358,2024,NEW YORK,NY,FRANKLIN,CORN,6030.0,14700.0,20900.0,830000.0,272000.0,137.6,18.5
5359,2024,NEW YORK,NY,GENESEE,CORN,27000.0,21200.0,48300.0,4954000.0,424000.0,183.5,20.0
5360,2024,NEW YORK,NY,HERKIMER,CORN,8130.0,7240.0,15400.0,1150000.0,134000.0,141.5,18.5
5361,2024,NEW YORK,NY,JEFFERSON,CORN,19500.0,19100.0,38700.0,2902000.0,334000.0,148.8,17.5
5362,2024,NEW YORK,NY,LEWIS,CORN,4640.0,22000.0,26700.0,677000.0,352000.0,145.9,16.0
5363,2024,NEW YORK,NY,LIVINGSTON,CORN,23300.0,39200.0,62600.0,4451000.0,759000.0,191.0,19.5
5364,2024,NEW YORK,NY,MADISON,CORN,14800.0,,24200.0,2316000.0,,156.5,
5365,2024,NEW YORK,NY,MONROE,CORN,25300.0,,26400.0,4873000.0,,192.6,
5366,2024,NEW YORK,NY,MONTGOMERY,CORN,6600.0,,19200.0,995000.0,,150.8,
5367,2024,NEW YORK,NY,ONEIDA,CORN,18100.0,13900.0,32100.0,2936000.0,243000.0,162.2,17.5
5368,2024,NEW YORK,NY,ONONDAGA,CORN,24300.0,9020.0,33500.0,3975000.0,180000.0,163.6,20.0
5369,2024,NEW YORK,NY,ONTARIO,CORN,28300.0,10500.0,38900.0,5020000.0,210000.0,177.4,20.0
5370,2024,NEW YORK,NY,ORANGE,CORN,3140.0,950.0,4100.0,554000.0,16200.0,176.4,17.0
5371,2024,NEW YORK,NY,ORLEANS,CORN,41100.0,,42300.0,7254000.0,,176.5,
5372,2024,NEW YORK,NY,OSWEGO,CORN,6270.0,2370.0,8700.0,1038000.0,45000.0,165.6,19.0
5373,2024,NEW YORK,NY,OTHER COUNTIES,CORN,125580.0,86480.0,215700.0,20473400.0,1595700.0,163.0,18.5
5374,2024,NEW YORK,NY,OTSEGO,CORN,7600.0,8290.0,15900.0,1124000.0,170000.0,147.9,20.5
5375,2024,NEW YORK,NY,RENSSELAER,CORN,6120.0,,10600.0,1094000.0,,178.8,
5376,2024,NEW YORK,NY,SARATOGA,CORN,4280.0,4900.0,9200.0,741000.0,100000.0,173.1,20.5
5377,2024,NEW YORK,NY,SCHUYLER,CORN,2540.0,1450.0,4000.0,424000.0,23900.0,166.9,16.5
5378,2024,NEW YORK,NY,ST LAWRENCE,CORN,9400.0,22800.0,32600.0,1536000.0,410000.0,163.4,18.0
5379,2024,NEW YORK,NY,STEUBEN,CORN,25900.0,18700.0,44800.0,4395000.0,346000.0,169.7,18.5
5380,2024,NEW YORK,NY,SUFFOLK,CORN,410.0,,500.0,63600.0,,155.1,
5381,2024,NEW YORK,NY,TIOGA,CORN,4990.0,2750.0,8000.0,905000.0,44700.0,181.4,16.5
5382,2024,NEW YORK,NY,ULSTER,CORN,1250.0,,1400.0,184000.0,,147.2,
5383,2024,NEW YORK,NY,WASHINGTON,CORN,,17400.0,,,339000.0,,19.5
5384,2024,NEW YORK,NY,WAYNE,CORN,20500.0,2290.0,22900.0,3604000.0,42400.0,175.8,18.5
5385,2024,NEW YORK,NY,WYOMING,CORN,22200.0,34200.0,56500.0,4121000.0,701000.0,185.6,20.5
5386,2024,NEW YORK,NY,YATES,CORN,11500.0,3660.0,15200.0,2025000.0,79000.0,176.1,21.5
5387,2024,NORTH CAROLINA,NC,ALAMANCE,CORN,2810.0,,3900.0,120300.0,,42.8,
5388,2024,NORTH CAROLINA,NC,ALEXANDER,CORN,1420.0,,2500.0,84900.0,,59.8,
5389,2024,NORTH CAROLINA,NC,BEAUFORT,CORN,39500.0,,40600.0,3381000.0,,85.6,
5390,2024,NORTH CAROLINA,NC,BERTIE,CORN,8230.0,,9000.0,885000.0,,107.5,
5391,2024,NORTH CAROLINA,NC,BLADEN,CORN,22800.0,,23500.0,1414000.0,,62.0,
5392,2024,NORTH CAROLINA,NC,BRUNSWICK,CORN,5160.0,,5500.0,408000.0,,79.1,
5393,2024,NORTH CAROLINA,NC,BUNCOMBE,CORN,200.0,,700.0,23200.0,,116.0,
5394,2024,NORTH CAROLINA,NC,BURKE,CORN,780.0,,900.0,48400.0,,62.1,
5395,2024,NORTH CAROLINA,NC,CABARRUS,CORN,3800.0,,4400.0,253000.0,,66.6,
5396,2024,NORTH CAROLINA,NC,CAMDEN,CORN,16500.0,,17200.0,2201000.0,,133.4,
5397,2024,NORTH CAROLINA,NC,CATAWBA,CORN,5030.0,,5300.0,508000.0,,101.0,
5398,2024,NORTH CAROLINA,NC,CHATHAM,CORN,2660.0,,3400.0,164700.0,,61.9,
5399,2024,NORTH CAROLINA,NC,CHEROKEE,CORN,990.0,,1200.0,176000.0,,177.8,
5400,2024,NORTH CAROLINA,NC,CHOWAN,CORN,3180.0,,3300.0,440000.0,,138.4,
5401,2024,NORTH CAROLINA,NC,CLEVELAND,CORN,6150.0,,6700.0,459000.0,,74.6,
5402,2024,NORTH CAROLINA,NC,COLUMBUS,CORN,36700.0,,37800.0,2345000.0,,63.9,
5403,2024,NORTH CAROLINA,NC,CRAVEN,CORN,14500.0,,16400.0,977000.0,,67.4,
5404,2024,NORTH CAROLINA,NC,CUMBERLAND,CORN,7240.0,,7500.0,502000.0,,69.3,
5405,2024,NORTH CAROLINA,NC,CURRITUCK,CORN,9250.0,,9600.0,1545000.0,,167.0,
5406,2024,NORTH CAROLINA,NC,DAVIDSON,CORN,5350.0,,6700.0,338000.0,,63.2,
5407,2024,NORTH CAROLINA,NC,DAVIE,CORN,7600.0,,8000.0,834000.0,,109.7,
5408,2024,NORTH CAROLINA,NC,DUPLIN,CORN,44300.0,,45200.0,2685000.0,,60.6,
5409,2024,NORTH CAROLINA,NC,DURHAM,CORN,260.0,,500.0,8000.0,,30.8,
5410,2024,NORTH CAROLINA,NC,EDGECOMBE,CORN,6150.0,,6600.0,456000.0,,74.1,
5411,2024,NORTH CAROLINA,NC,GREENE,CORN,10900.0,,12400.0,597000.0,,54.8,
5412,2024,NORTH CAROLINA,NC,GUILFORD,CORN,4160.0,,5000.0,208000.0,,50.0,
5413,2024,NORTH CAROLINA,NC,HARNETT,CORN,5330.0,,7400.0,230000.0,,43.2,
5414,2024,NORTH CAROLINA,NC,HYDE,CORN,29000.0,,30100.0,4263000.0,,147.0,
5415,2024,NORTH CAROLINA,NC,JOHNSTON,CORN,6530.0,,8500.0,209000.0,,32.0,
5416,2024,NORTH CAROLINA,NC,LEE,CORN,1300.0,,1800.0,34100.0,,26.2,
5417,2024,NORTH CAROLINA,NC,LENOIR,CORN,22900.0,,23700.0,2620000.0,,114.4,
5418,2024,NORTH CAROLINA,NC,MARTIN,CORN,5600.0,,7000.0,349000.0,,62.3,
5419,2024,NORTH CAROLINA,NC,MONTGOMERY,CORN,1240.0,,1400.0,96800.0,,78.1,
5420,2024,NORTH CAROLINA,NC,MOORE,CORN,2440.0,,3200.0,133500.0,,54.7,
5421,2024,NORTH CAROLINA,NC,NASH,CORN,2990.0,,3300.0,151300.0,,50.6,
5422,2024,NORTH CAROLINA,NC,NORTHAMPTON,CORN,9610.0,,11000.0,493000.0,,51.3,
5423,2024,NORTH CAROLINA,NC,ONSLOW,CORN,9950.0,,10300.0,451000.0,,45.3,
5424,2024,NORTH CAROLINA,NC,OTHER COUNTIES,CORN,156800.0,,177500.0,14377600.0,,91.7,
5425,2024,NORTH CAROLINA,NC,PAMLICO,CORN,15800.0,,16400.0,1853000.0,,117.3,
5426,2024,NORTH CAROLINA,NC,PASQUOTANK,CORN,22300.0,,23200.0,3940000.0,,176.7,
5427,2024,NORTH CAROLINA,NC,PERQUIMANS,CORN,14500.0,,15100.0,1913000.0,,131.9,
5428,2024,NORTH CAROLINA,NC,PERSON,CORN,3810.0,,4100.0,235000.0,,61.7,
5429,2024,NORTH CAROLINA,NC,PITT,CORN,13800.0,,15900.0,667000.0,,48.3,
5430,2024,NORTH CAROLINA,NC,RANDOLPH,CORN,5260.0,,10100.0,257000.0,,48.9,
5431,2024,NORTH CAROLINA,NC,ROBESON,CORN,56300.0,,57000.0,3930000.0,,69.8,
5432,2024,NORTH CAROLINA,NC,ROCKINGHAM,CORN,2140.0,,2600.0,98000.0,,45.8,
5433,2024,NORTH CAROLINA,NC,ROWAN,CORN,8470.0,,9900.0,612000.0,,72.3,
5434,2024,NORTH CAROLINA,NC,SAMPSON,CORN,32200.0,,33900.0,1671000.0,,51.9,
5435,2024,NORTH CAROLINA,NC,SCOTLAND,CORN,7900.0,,9200.0,605000.0,,76.6,
5436,2024,NORTH CAROLINA,NC,STOKES,CORN,1130.0,,1500.0,75800.0,,67.1,
5437,2024,NORTH CAROLINA,NC,SURRY,CORN,12600.0,,13200.0,1200000.0,,95.2,
5438,2024,NORTH CAROLINA,NC,UNION,CORN,25400.0,,27400.0,2256000.0,,88.8,
5439,2024,NORTH CAROLINA,NC,WAKE,CORN,840.0,,1400.0,44400.0,,52.9,
5440,2024,NORTH CAROLINA,NC,WASHINGTON,CORN,29800.0,,30900.0,3972000.0,,133.3,
5441,2024,NORTH CAROLINA,NC,WAYNE,CORN,19800.0,,21500.0,1305000.0,,65.9,
5442,2024,NORTH CAROLINA,NC,WILKES,CORN,6660.0,,7800.0,822000.0,,123.4,
5443,2024,NORTH CAROLINA,NC,WILSON,CORN,6580.0,,6900.0,359000.0,,54.6,
5444,2024,NORTH CAROLINA,NC,YADKIN,CORN,10400.0,,13000.0,620000.0,,59.6,
5445,2024,NORTH DAKOTA,ND,ADAMS,CORN,42100.0,4580.0,51100.0,3682000.0,45900.0,87.5,10.0
5446,2024,NORTH DAKOTA,ND,BARNES,CORN,198200.0,,200500.0,32921000.0,,166.1,
5447,2024,NORTH DAKOTA,ND,BENSON,CORN,62900.0,,65300.0,9001000.0,,143.1,
5448,2024,NORTH DAKOTA,ND,BILLINGS,CORN,2800.0,1680.0,5600.0,184400.0,15100.0,65.9,9.0
5449,2024,NORTH DAKOTA,ND,BOTTINEAU,CORN,47100.0,,49900.0,6387000.0,,135.6,
5450,2024,NORTH DAKOTA,ND,BURKE,CORN,3260.0,,4600.0,282000.0,,86.5,
5451,2024,NORTH DAKOTA,ND,BURLEIGH,CORN,66300.0,12700.0,79400.0,8431000.0,220000.0,127.2,17.5
5452,2024,NORTH DAKOTA,ND,CASS,CORN,317000.0,3000.0,327500.0,54295000.0,56000.0,171.3,18.5
5453,2024,NORTH DAKOTA,ND,CAVALIER,CORN,8740.0,,8900.0,1228000.0,,140.5,
5454,2024,NORTH DAKOTA,ND,DICKEY,CORN,164400.0,,168000.0,26797000.0,,163.0,
5455,2024,NORTH DAKOTA,ND,DUNN,CORN,25600.0,7830.0,34500.0,2429000.0,102000.0,94.9,13.0
5456,2024,NORTH DAKOTA,ND,EDDY,CORN,42400.0,4580.0,47100.0,6564000.0,75000.0,154.8,16.5
5457,2024,NORTH DAKOTA,ND,EMMONS,CORN,140600.0,,157000.0,18137000.0,,129.0,
5458,2024,NORTH DAKOTA,ND,FOSTER,CORN,87100.0,4470.0,91700.0,13840000.0,80000.0,158.9,18.0
5459,2024,NORTH DAKOTA,ND,GOLDEN VALLEY,CORN,,2270.0,,,14800.0,,6.5
5460,2024,NORTH DAKOTA,ND,GRAND FORKS,CORN,145100.0,,147000.0,22578000.0,,155.6,
5461,2024,NORTH DAKOTA,ND,GRIGGS,CORN,56000.0,,58800.0,8904000.0,,159.0,
5462,2024,NORTH DAKOTA,ND,KIDDER,CORN,38400.0,,54500.0,5530000.0,,144.0,
5463,2024,NORTH DAKOTA,ND,LOGAN,CORN,52500.0,,65400.0,7707000.0,,146.8,
5464,2024,NORTH DAKOTA,ND,MCHENRY,CORN,80700.0,,91800.0,10451000.0,,129.5,
5465,2024,NORTH DAKOTA,ND,MCINTOSH,CORN,63600.0,8900.0,74400.0,8847000.0,138000.0,139.1,15.5
5466,2024,NORTH DAKOTA,ND,MCLEAN,CORN,91600.0,,96600.0,10081000.0,,110.1,
5467,2024,NORTH DAKOTA,ND,MORTON,CORN,58900.0,16800.0,76700.0,6897000.0,296000.0,117.1,17.5
5468,2024,NORTH DAKOTA,ND,MOUNTRAIL,CORN,5990.0,,10300.0,624000.0,,104.2,
5469,2024,NORTH DAKOTA,ND,NELSON,CORN,32700.0,,35600.0,4303000.0,,131.6,
5470,2024,NORTH DAKOTA,ND,OLIVER,CORN,20000.0,,28000.0,2506000.0,,125.3,
5471,2024,NORTH DAKOTA,ND,OTHER COUNTIES,CORN,434860.0,184170.0,508800.0,57398600.0,2687400.0,132.0,14.5
5472,2024,NORTH DAKOTA,ND,PEMBINA,CORN,34800.0,,35200.0,5185000.0,,149.0,
5473,2024,NORTH DAKOTA,ND,PIERCE,CORN,27700.0,,31800.0,3673000.0,,132.6,
5474,2024,NORTH DAKOTA,ND,RANSOM,CORN,116000.0,7200.0,123500.0,21634000.0,137000.0,186.5,19.0
5475,2024,NORTH DAKOTA,ND,RENVILLE,CORN,31700.0,,33300.0,3769000.0,,118.9,
5476,2024,NORTH DAKOTA,ND,RICHLAND,CORN,252500.0,,262000.0,43481000.0,,172.2,
5477,2024,NORTH DAKOTA,ND,ROLETTE,CORN,7580.0,1820.0,9400.0,904000.0,32800.0,119.3,18.0
5478,2024,NORTH DAKOTA,ND,SARGENT,CORN,131400.0,,133000.0,23153000.0,,176.2,
5479,2024,NORTH DAKOTA,ND,SHERIDAN,CORN,27700.0,,32400.0,3867000.0,,139.6,
5480,2024,NORTH DAKOTA,ND,SLOPE,CORN,16300.0,,20800.0,1134000.0,,69.6,
5481,2024,NORTH DAKOTA,ND,STARK,CORN,45400.0,,51400.0,3886000.0,,85.6,
5482,2024,NORTH DAKOTA,ND,STEELE,CORN,94700.0,,96400.0,15351000.0,,162.1,
5483,2024,NORTH DAKOTA,ND,STUTSMAN,CORN,211000.0,,219500.0,32811000.0,,155.5,
5484,2024,NORTH DAKOTA,ND,TRAILL,CORN,109300.0,,110000.0,18395000.0,,168.3,
5485,2024,NORTH DAKOTA,ND,WALSH,CORN,55700.0,,56600.0,8277000.0,,148.6,
5486,2024,NORTH DAKOTA,ND,WARD,CORN,61000.0,,63100.0,7042000.0,,115.4,
5487,2024,NORTH DAKOTA,ND,WELLS,CORN,121200.0,,124000.0,19213000.0,,158.5,
5488,2024,NORTH DAKOTA,ND,WILLIAMS,CORN,7170.0,,8600.0,580000.0,,80.9,
5489,2024,OHIO,OH,ADAMS,CORN,15000.0,,15600.0,1931000.0,,128.7,
5490,2024,OHIO,OH,ALLEN,CORN,62900.0,,64600.0,12196000.0,,193.9,
5491,2024,OHIO,OH,ASHTABULA,CORN,19600.0,,20200.0,3374000.0,,172.1,
5492,2024,OHIO,OH,ATHENS,CORN,2450.0,,2600.0,365000.0,,149.0,
5493,2024,OHIO,OH,AUGLAIZE,CORN,70700.0,,73100.0,13730000.0,,194.2,
5494,2024,OHIO,OH,BROWN,CORN,17400.0,,17600.0,2781000.0,,159.8,
5495,2024,OHIO,OH,BUTLER,CORN,24600.0,,25100.0,4332000.0,,176.1,
5496,2024,OHIO,OH,CARROLL,CORN,9510.0,,11000.0,1113000.0,,117.0,
5497,2024,OHIO,OH,CHAMPAIGN,CORN,80000.0,,82900.0,14424000.0,,180.3,
5498,2024,OHIO,OH,CLARK,CORN,58800.0,,62300.0,11784000.0,,200.4,
5499,2024,OHIO,OH,CLINTON,CORN,63700.0,,64500.0,13224000.0,,207.6,
5500,2024,OHIO,OH,COLUMBIANA,CORN,15900.0,,24500.0,2460000.0,,154.7,
5501,2024,OHIO,OH,COSHOCTON,CORN,22700.0,,23500.0,3348000.0,,147.5,
5502,2024,OHIO,OH,CRAWFORD,CORN,72300.0,,76000.0,14619000.0,,202.2,
5503,2024,OHIO,OH,DEFIANCE,CORN,41600.0,,48000.0,7151000.0,,171.9,
5504,2024,OHIO,OH,DELAWARE,CORN,31100.0,,31400.0,5682000.0,,182.7,
5505,2024,OHIO,OH,ERIE,CORN,24200.0,,24500.0,4671000.0,,193.0,
5506,2024,OHIO,OH,FAIRFIELD,CORN,56500.0,,57500.0,8887000.0,,157.3,
5507,2024,OHIO,OH,FAYETTE,CORN,80100.0,,83100.0,12904000.0,,161.1,
5508,2024,OHIO,OH,FULTON,CORN,77100.0,,79700.0,13901000.0,,180.3,
5509,2024,OHIO,OH,GALLIA,CORN,2580.0,,3000.0,309000.0,,119.8,
5510,2024,OHIO,OH,GEAUGA,CORN,1100.0,,3400.0,170200.0,,154.7,
5511,2024,OHIO,OH,GREENE,CORN,54700.0,,55300.0,9879000.0,,180.6,
5512,2024,OHIO,OH,GUERNSEY,CORN,3300.0,,3500.0,455000.0,,137.9,
5513,2024,OHIO,OH,HANCOCK,CORN,82700.0,,84500.0,15126000.0,,182.9,
5514,2024,OHIO,OH,HARDIN,CORN,79400.0,,83600.0,13903000.0,,175.1,
5515,2024,OHIO,OH,HENRY,CORN,77000.0,,78200.0,15238000.0,,197.9,
5516,2024,OHIO,OH,HIGHLAND,CORN,37200.0,,39100.0,5305000.0,,142.6,
5517,2024,OHIO,OH,HOLMES,CORN,16500.0,,20200.0,2643000.0,,160.2,
5518,2024,OHIO,OH,HURON,CORN,47500.0,,54100.0,8735000.0,,183.9,
5519,2024,OHIO,OH,JEFFERSON,CORN,1990.0,,2300.0,172200.0,,86.5,
5520,2024,OHIO,OH,KNOX,CORN,51900.0,,52500.0,9845000.0,,189.7,
5521,2024,OHIO,OH,LOGAN,CORN,64300.0,,67100.0,11516000.0,,179.1,
5522,2024,OHIO,OH,LUCAS,CORN,18500.0,,18800.0,3393000.0,,183.4,
5523,2024,OHIO,OH,MADISON,CORN,82400.0,,90100.0,14723000.0,,178.7,
5524,2024,OHIO,OH,MAHONING,CORN,12600.0,,14400.0,2151000.0,,170.7,
5525,2024,OHIO,OH,MARION,CORN,55500.0,,56100.0,10033000.0,,180.8,
5526,2024,OHIO,OH,MEIGS,CORN,2210.0,,2400.0,200000.0,,90.5,
5527,2024,OHIO,OH,MONROE,CORN,340.0,,700.0,31800.0,,93.5,
5528,2024,OHIO,OH,MONTGOMERY,CORN,33100.0,,33400.0,5922000.0,,178.9,
5529,2024,OHIO,OH,MORGAN,CORN,3160.0,,4200.0,432000.0,,136.7,
5530,2024,OHIO,OH,MORROW,CORN,41500.0,,41900.0,7615000.0,,183.5,
5531,2024,OHIO,OH,MUSKINGUM,CORN,16500.0,,17000.0,2483000.0,,150.5,
5532,2024,OHIO,OH,OTHER COUNTIES,CORN,544560.0,,586200.0,96101800.0,,176.5,
5533,2024,OHIO,OH,OTTAWA,CORN,13600.0,,13900.0,2188000.0,,160.9,
5534,2024,OHIO,OH,PAULDING,CORN,57200.0,,67400.0,10428000.0,,182.3,
5535,2024,OHIO,OH,PICKAWAY,CORN,86300.0,,87900.0,11578000.0,,134.2,
5536,2024,OHIO,OH,PIKE,CORN,12100.0,,12300.0,1557000.0,,128.7,
5537,2024,OHIO,OH,PORTAGE,CORN,12100.0,,13300.0,2162000.0,,178.7,
5538,2024,OHIO,OH,PREBLE,CORN,72300.0,,73700.0,14286000.0,,197.6,
5539,2024,OHIO,OH,PUTNAM,CORN,66500.0,,77100.0,12216000.0,,183.7,
5540,2024,OHIO,OH,RICHLAND,CORN,30200.0,,37300.0,5324000.0,,176.3,
5541,2024,OHIO,OH,ROSS,CORN,50900.0,,52600.0,7396000.0,,145.3,
5542,2024,OHIO,OH,SANDUSKY,CORN,58100.0,,59500.0,11568000.0,,199.1,
5543,2024,OHIO,OH,SCIOTO,CORN,7810.0,,8700.0,1201000.0,,153.8,
5544,2024,OHIO,OH,SENECA,CORN,84000.0,,84800.0,15188000.0,,180.8,
5545,2024,OHIO,OH,SHELBY,CORN,71300.0,,73000.0,12242000.0,,171.7,
5546,2024,OHIO,OH,STARK,CORN,28000.0,,29700.0,4578000.0,,163.5,
5547,2024,OHIO,OH,TRUMBULL,CORN,16200.0,,19000.0,2897000.0,,178.8,
5548,2024,OHIO,OH,TUSCARAWAS,CORN,22100.0,,23800.0,3085000.0,,139.6,
5549,2024,OHIO,OH,UNION,CORN,56600.0,,57300.0,9656000.0,,170.6,
5550,2024,OHIO,OH,WARREN,CORN,19600.0,,19800.0,3669000.0,,187.2,
5551,2024,OHIO,OH,WASHINGTON,CORN,7690.0,,9500.0,895000.0,,116.4,
5552,2024,OHIO,OH,WAYNE,CORN,48200.0,,62200.0,8522000.0,,176.8,
5553,2024,OHIO,OH,WILLIAMS,CORN,55700.0,,60600.0,10188000.0,,182.9,
5554,2024,OHIO,OH,WOOD,CORN,82200.0,,83800.0,15084000.0,,183.5,
5555,2024,OHIO,OH,WYANDOT,CORN,64600.0,,73100.0,11233000.0,,173.9,
5556,2024,OKLAHOMA,OK,ALFALFA,CORN,7270.0,,7500.0,301000.0,,41.4,
5557,2024,OKLAHOMA,OK,CADDO,CORN,6300.0,,8800.0,524000.0,,83.2,
5558,2024,OKLAHOMA,OK,CANADIAN,CORN,810.0,,1300.0,68000.0,,84.0,
5559,2024,OKLAHOMA,OK,CUSTER,CORN,3070.0,,3700.0,131100.0,,42.7,
5560,2024,OKLAHOMA,OK,DELAWARE,CORN,1050.0,,1300.0,110900.0,,105.6,
5561,2024,OKLAHOMA,OK,GARFIELD,CORN,27900.0,,31200.0,787000.0,,28.2,
5562,2024,OKLAHOMA,OK,GRANT,CORN,30700.0,,31200.0,1919000.0,,62.5,
5563,2024,OKLAHOMA,OK,KAY,CORN,34600.0,,37900.0,1626000.0,,47.0,
5564,2024,OKLAHOMA,OK,MAYES,CORN,600.0,,1200.0,41000.0,,68.3,
5565,2024,OKLAHOMA,OK,NOBLE,CORN,11000.0,,11600.0,530000.0,,48.2,
5566,2024,OKLAHOMA,OK,OKLAHOMA,CORN,1180.0,,1200.0,129700.0,,109.9,
5567,2024,OKLAHOMA,OK,OTHER COUNTIES,CORN,246070.0,,268500.0,31575300.0,,128.3,
5568,2024,OKLAHOMA,OK,OTTAWA,CORN,9340.0,,10400.0,772000.0,,82.7,
5569,2024,OKLAHOMA,OK,TILLMAN,CORN,25000.0,,28800.0,1250000.0,,50.0,
5570,2024,OKLAHOMA,OK,WAGONER,CORN,5110.0,,5400.0,415000.0,,81.2,
5571,2024,PENNSYLVANIA,PA,ADAMS,CORN,15800.0,10500.0,26500.0,2071000.0,163000.0,131.1,15.5
5572,2024,PENNSYLVANIA,PA,ALLEGHENY,CORN,400.0,,600.0,39500.0,,98.8,
5573,2024,PENNSYLVANIA,PA,ARMSTRONG,CORN,10100.0,,14100.0,1299000.0,,128.6,
5574,2024,PENNSYLVANIA,PA,BEAVER,CORN,3420.0,,4300.0,394000.0,,115.2,
5575,2024,PENNSYLVANIA,PA,BEDFORD,CORN,16000.0,9640.0,25700.0,1386000.0,111000.0,86.6,11.5
5576,2024,PENNSYLVANIA,PA,BERKS,CORN,20800.0,17300.0,38200.0,3097000.0,294000.0,148.9,17.0
5577,2024,PENNSYLVANIA,PA,BLAIR,CORN,10400.0,12900.0,25200.0,1675000.0,232000.0,161.1,18.0
5578,2024,PENNSYLVANIA,PA,BRADFORD,CORN,15200.0,,25400.0,2067000.0,,136.0,
5579,2024,PENNSYLVANIA,PA,BUCKS,CORN,7000.0,,9300.0,767000.0,,109.6,
5580,2024,PENNSYLVANIA,PA,BUTLER,CORN,13100.0,3750.0,17000.0,1656000.0,54000.0,126.4,14.5
5581,2024,PENNSYLVANIA,PA,CAMBRIA,CORN,9630.0,4370.0,14000.0,1224000.0,57000.0,127.1,13.0
5582,2024,PENNSYLVANIA,PA,CARBON,CORN,2460.0,,2700.0,491000.0,,199.6,
5583,2024,PENNSYLVANIA,PA,CENTRE,CORN,11600.0,,20700.0,1684000.0,,145.2,
5584,2024,PENNSYLVANIA,PA,CHESTER,CORN,14300.0,9690.0,24000.0,2189000.0,233000.0,153.1,24.0
5585,2024,PENNSYLVANIA,PA,CLARION,CORN,6990.0,,9300.0,915000.0,,130.9,
5586,2024,PENNSYLVANIA,PA,CLINTON,CORN,4300.0,3490.0,7900.0,712000.0,77000.0,165.6,22.0
5587,2024,PENNSYLVANIA,PA,COLUMBIA,CORN,16100.0,,19100.0,2148000.0,,133.4,
5588,2024,PENNSYLVANIA,PA,CRAWFORD,CORN,26200.0,,31500.0,3566000.0,,136.1,
5589,2024,PENNSYLVANIA,PA,CUMBERLAND,CORN,14900.0,10900.0,26000.0,1901000.0,158000.0,127.6,14.5
5590,2024,PENNSYLVANIA,PA,DAUPHIN,CORN,9440.0,,15000.0,1188000.0,,125.8,
5591,2024,PENNSYLVANIA,PA,ELK,CORN,540.0,,1000.0,77000.0,,142.6,
5592,2024,PENNSYLVANIA,PA,ERIE,CORN,14500.0,,16200.0,1975000.0,,136.2,
5593,2024,PENNSYLVANIA,PA,FAYETTE,CORN,6180.0,2240.0,9000.0,470000.0,23500.0,76.1,10.5
5594,2024,PENNSYLVANIA,PA,FOREST,CORN,400.0,,500.0,53800.0,,134.5,
5595,2024,PENNSYLVANIA,PA,FRANKLIN,CORN,18300.0,27800.0,46400.0,2276000.0,375000.0,124.4,13.5
5596,2024,PENNSYLVANIA,PA,FULTON,CORN,2760.0,7980.0,11300.0,267000.0,80000.0,96.7,10.0
5597,2024,PENNSYLVANIA,PA,HUNTINGDON,CORN,11800.0,12600.0,24500.0,1479000.0,227000.0,125.3,18.0
5598,2024,PENNSYLVANIA,PA,INDIANA,CORN,20800.0,4800.0,25700.0,2931000.0,79000.0,140.9,16.5
5599,2024,PENNSYLVANIA,PA,JEFFERSON,CORN,7530.0,,9200.0,885000.0,,117.5,
5600,2024,PENNSYLVANIA,PA,JUNIATA,CORN,13000.0,,16500.0,1729000.0,,133.0,
5601,2024,PENNSYLVANIA,PA,LACKAWANNA,CORN,570.0,,900.0,83300.0,,146.1,
5602,2024,PENNSYLVANIA,PA,LANCASTER,CORN,36700.0,30800.0,67700.0,6103000.0,600000.0,166.3,19.5
5603,2024,PENNSYLVANIA,PA,LAWRENCE,CORN,12100.0,,14400.0,1842000.0,,152.2,
5604,2024,PENNSYLVANIA,PA,LEBANON,CORN,,3890.0,,,74000.0,,19.0
5605,2024,PENNSYLVANIA,PA,LEHIGH,CORN,9820.0,,14500.0,1374000.0,,139.9,
5606,2024,PENNSYLVANIA,PA,LUZERNE,CORN,7730.0,,8900.0,961000.0,,124.3,
5607,2024,PENNSYLVANIA,PA,LYCOMING,CORN,12600.0,2650.0,15300.0,1998000.0,46400.0,158.6,17.5
5608,2024,PENNSYLVANIA,PA,MCKEAN,CORN,200.0,,800.0,17800.0,,89.0,
5609,2024,PENNSYLVANIA,PA,MERCER,CORN,28400.0,,32400.0,4141000.0,,145.8,
5610,2024,PENNSYLVANIA,PA,MIFFLIN,CORN,10200.0,,13900.0,1416000.0,,138.8,
5611,2024,PENNSYLVANIA,PA,MONROE,CORN,2260.0,,2500.0,339000.0,,150.0,
5612,2024,PENNSYLVANIA,PA,MONTGOMERY,CORN,2810.0,,4100.0,348000.0,,123.8,
5613,2024,PENNSYLVANIA,PA,MONTOUR,CORN,5720.0,,6900.0,890000.0,,155.6,
5614,2024,PENNSYLVANIA,PA,NORTHAMPTON,CORN,19500.0,,22100.0,2750000.0,,141.0,
5615,2024,PENNSYLVANIA,PA,NORTHUMBERLAND,CORN,23600.0,5090.0,28800.0,3597000.0,94000.0,152.4,18.5
5616,2024,PENNSYLVANIA,PA,OTHER COUNTIES,CORN,24290.0,99390.0,35500.0,3601500.0,1600500.0,148.3,16.0
5617,2024,PENNSYLVANIA,PA,PERRY,CORN,11800.0,6000.0,17800.0,1442000.0,93000.0,122.2,15.5
5618,2024,PENNSYLVANIA,PA,SCHUYLKILL,CORN,15800.0,4500.0,20300.0,2073000.0,61000.0,131.2,13.5
5619,2024,PENNSYLVANIA,PA,SNYDER,CORN,10900.0,4270.0,15200.0,1449000.0,79000.0,132.9,18.5
5620,2024,PENNSYLVANIA,PA,SOMERSET,CORN,13300.0,13000.0,26500.0,1587000.0,143000.0,119.3,11.0
5621,2024,PENNSYLVANIA,PA,SULLIVAN,CORN,970.0,460.0,1500.0,142200.0,8100.0,146.6,17.5
5622,2024,PENNSYLVANIA,PA,SUSQUEHANNA,CORN,,1250.0,,,17500.0,,14.0
5623,2024,PENNSYLVANIA,PA,TIOGA,CORN,8720.0,,11800.0,1223000.0,,140.3,
5624,2024,PENNSYLVANIA,PA,UNION,CORN,6830.0,2970.0,9900.0,1202000.0,61000.0,176.0,20.5
5625,2024,PENNSYLVANIA,PA,VENANGO,CORN,4910.0,,6100.0,753000.0,,153.4,
5626,2024,PENNSYLVANIA,PA,WARREN,CORN,1010.0,,4500.0,139900.0,,138.5,
5627,2024,PENNSYLVANIA,PA,WASHINGTON,CORN,1950.0,1350.0,3500.0,232000.0,12800.0,119.0,9.5
5628,2024,PENNSYLVANIA,PA,WAYNE,CORN,,460.0,,,6200.0,,13.5
5629,2024,PENNSYLVANIA,PA,WESTMORELAND,CORN,8660.0,5960.0,14700.0,810000.0,60000.0,93.5,10.0
5630,2024,PENNSYLVANIA,PA,YORK,CORN,54700.0,,72700.0,7953000.0,,145.4,
5631,2024,SOUTH CAROLINA,SC,ANDERSON,CORN,1130.0,,1700.0,45800.0,,40.5,
5632,2024,SOUTH CAROLINA,SC,BAMBERG,CORN,5600.0,,6600.0,700000.0,,125.0,
5633,2024,SOUTH CAROLINA,SC,BARNWELL,CORN,3820.0,,4100.0,530000.0,,138.7,
5634,2024,SOUTH CAROLINA,SC,BERKELEY,CORN,2170.0,,2500.0,151500.0,,69.8,
5635,2024,SOUTH CAROLINA,SC,CALHOUN,CORN,7720.0,,8400.0,1149000.0,,148.8,
5636,2024,SOUTH CAROLINA,SC,CHARLESTON,CORN,750.0,,800.0,100400.0,,133.9,
5637,2024,SOUTH CAROLINA,SC,CLARENDON,CORN,32500.0,,35400.0,4613000.0,,141.9,
5638,2024,SOUTH CAROLINA,SC,COLLETON,CORN,3530.0,,4000.0,315000.0,,89.2,
5639,2024,SOUTH CAROLINA,SC,DARLINGTON,CORN,15200.0,,18300.0,1281000.0,,84.3,
5640,2024,SOUTH CAROLINA,SC,DILLON,CORN,22300.0,,22800.0,1650000.0,,74.0,
5641,2024,SOUTH CAROLINA,SC,DORCHESTER,CORN,5280.0,,6000.0,448000.0,,84.8,
5642,2024,SOUTH CAROLINA,SC,EDGEFIELD,CORN,400.0,,800.0,18000.0,,45.0,
5643,2024,SOUTH CAROLINA,SC,FLORENCE,CORN,17800.0,,20000.0,1068000.0,,60.0,
5644,2024,SOUTH CAROLINA,SC,GEORGETOWN,CORN,1360.0,,1500.0,89500.0,,65.8,
5645,2024,SOUTH CAROLINA,SC,GREENVILLE,CORN,370.0,,600.0,25000.0,,67.6,
5646,2024,SOUTH CAROLINA,SC,HAMPTON,CORN,5840.0,,6100.0,775000.0,,132.7,
5647,2024,SOUTH CAROLINA,SC,HORRY,CORN,14800.0,,15600.0,924000.0,,62.4,
5648,2024,SOUTH CAROLINA,SC,LANCASTER,CORN,1540.0,,1800.0,84800.0,,55.1,
5649,2024,SOUTH CAROLINA,SC,LEE,CORN,23200.0,,24900.0,2631000.0,,113.4,
5650,2024,SOUTH CAROLINA,SC,MARION,CORN,8760.0,,9300.0,568000.0,,64.8,
5651,2024,SOUTH CAROLINA,SC,MARLBORO,CORN,18700.0,,19700.0,1275000.0,,68.2,
5652,2024,SOUTH CAROLINA,SC,NEWBERRY,CORN,1100.0,,3700.0,57600.0,,52.4,
5653,2024,SOUTH CAROLINA,SC,OCONEE,CORN,690.0,,800.0,53300.0,,77.2,
5654,2024,SOUTH CAROLINA,SC,ORANGEBURG,CORN,28400.0,,31000.0,3698000.0,,130.2,
5655,2024,SOUTH CAROLINA,SC,OTHER COUNTIES,CORN,32910.0,,39300.0,3767000.0,,114.5,
5656,2024,SOUTH CAROLINA,SC,PICKENS,CORN,100.0,,100.0,4900.0,,49.0,
5657,2024,SOUTH CAROLINA,SC,SALUDA,CORN,1130.0,,1800.0,78200.0,,69.2,
5658,2024,SOUTH CAROLINA,SC,SUMTER,CORN,24500.0,,26500.0,2957000.0,,120.7,
5659,2024,SOUTH CAROLINA,SC,WILLIAMSBURG,CORN,13400.0,,15900.0,737000.0,,55.0,
5660,2024,SOUTH DAKOTA,SD,AURORA,CORN,83200.0,,94000.0,13187000.0,,158.5,
5661,2024,SOUTH DAKOTA,SD,BON HOMME,CORN,94600.0,,104000.0,15675000.0,,165.7,
5662,2024,SOUTH DAKOTA,SD,BROOKINGS,CORN,142600.0,,153500.0,27763000.0,,194.7,
5663,2024,SOUTH DAKOTA,SD,BROWN,CORN,290500.0,,294500.0,54231000.0,,186.7,
5664,2024,SOUTH DAKOTA,SD,BRULE,CORN,80800.0,,90900.0,13001000.0,,160.9,
5665,2024,SOUTH DAKOTA,SD,BUFFALO,CORN,21400.0,,26800.0,3587000.0,,167.6,
5666,2024,SOUTH DAKOTA,SD,CAMPBELL,CORN,65700.0,,73400.0,10105000.0,,153.8,
5667,2024,SOUTH DAKOTA,SD,CHARLES MIX,CORN,135900.0,,145500.0,21010000.0,,154.6,
5668,2024,SOUTH DAKOTA,SD,CLARK,CORN,138500.0,,151500.0,26292000.0,,189.8,
5669,2024,SOUTH DAKOTA,SD,CLAY,CORN,92500.0,,97800.0,15651000.0,,169.2,
5670,2024,SOUTH DAKOTA,SD,DAVISON,CORN,63200.0,,69800.0,10611000.0,,167.9,
5671,2024,SOUTH DAKOTA,SD,DAY,CORN,110500.0,,126500.0,20929000.0,,189.4,
5672,2024,SOUTH DAKOTA,SD,DEUEL,CORN,89700.0,,97000.0,16693000.0,,186.1,
5673,2024,SOUTH DAKOTA,SD,DEWEY,CORN,33500.0,,38900.0,3420000.0,,102.1,
5674,2024,SOUTH DAKOTA,SD,DOUGLAS,CORN,75300.0,,78500.0,10640000.0,,141.3,
5675,2024,SOUTH DAKOTA,SD,EDMUNDS,CORN,158900.0,,160500.0,25154000.0,,158.3,
5676,2024,SOUTH DAKOTA,SD,FALL RIVER,CORN,2900.0,,3700.0,363000.0,,125.2,
5677,2024,SOUTH DAKOTA,SD,GRANT,CORN,92700.0,,106000.0,16640000.0,,179.5,
5678,2024,SOUTH DAKOTA,SD,HAAKON,CORN,39000.0,,46200.0,2898000.0,,74.3,
5679,2024,SOUTH DAKOTA,SD,HAND,CORN,165640.0,,175500.0,24893000.0,,150.3,
5680,2024,SOUTH DAKOTA,SD,HANSON,CORN,85300.0,,88400.0,13793000.0,,161.7,
5681,2024,SOUTH DAKOTA,SD,HUGHES,CORN,68500.0,,73400.0,10426000.0,,152.2,
5682,2024,SOUTH DAKOTA,SD,HYDE,CORN,67200.0,,77300.0,10154000.0,,151.1,
5683,2024,SOUTH DAKOTA,SD,JERAULD,CORN,51300.0,,54400.0,8295000.0,,161.7,
5684,2024,SOUTH DAKOTA,SD,LAKE,CORN,119800.0,,127500.0,21887000.0,,182.7,
5685,2024,SOUTH DAKOTA,SD,LINCOLN,CORN,126500.0,,137500.0,21332000.0,,168.6,
5686,2024,SOUTH DAKOTA,SD,LYMAN,CORN,48100.0,,50600.0,4622000.0,,96.1,
5687,2024,SOUTH DAKOTA,SD,MARSHALL,CORN,85400.0,,93200.0,15449000.0,,180.9,
5688,2024,SOUTH DAKOTA,SD,MCCOOK,CORN,112560.0,,120500.0,19968000.0,,177.4,
5689,2024,SOUTH DAKOTA,SD,MCPHERSON,CORN,81100.0,,87400.0,12887000.0,,158.9,
5690,2024,SOUTH DAKOTA,SD,MEADE,CORN,6520.0,,15100.0,326000.0,,50.0,
5691,2024,SOUTH DAKOTA,SD,MELLETTE,CORN,8850.0,,12500.0,673000.0,,76.0,
5692,2024,SOUTH DAKOTA,SD,MINER,CORN,79200.0,,85400.0,12514000.0,,158.0,
5693,2024,SOUTH DAKOTA,SD,MOODY,CORN,118100.0,,133000.0,22097000.0,,187.1,
5694,2024,SOUTH DAKOTA,SD,OTHER COUNTIES,CORN,1629630.0,,1816300.0,261027000.0,,160.2,
5695,2024,SOUTH DAKOTA,SD,ROBERTS,CORN,101900.0,,116000.0,18373000.0,,180.3,
5696,2024,SOUTH DAKOTA,SD,SANBORN,CORN,68200.0,,73000.0,10019000.0,,146.9,
5697,2024,SOUTH DAKOTA,SD,SULLY,CORN,143000.0,,144000.0,22194000.0,,155.2,
5698,2024,SOUTH DAKOTA,SD,TRIPP,CORN,79400.0,,92000.0,8472000.0,,106.7,
5699,2024,SOUTH DAKOTA,SD,TURNER,CORN,134700.0,,152500.0,21040000.0,,156.2,
5700,2024,SOUTH DAKOTA,SD,UNION,CORN,102100.0,,115000.0,18480000.0,,181.0,
5701,2024,SOUTH DAKOTA,SD,YANKTON,CORN,95600.0,,100500.0,17189000.0,,179.8,
5702,2024,TENNESSEE,TN,BEDFORD,CORN,6970.0,,7800.0,673000.0,,96.6,
5703,2024,TENNESSEE,TN,CANNON,CORN,5100.0,,5300.0,470000.0,,92.2,
5704,2024,TENNESSEE,TN,CARROLL,CORN,26000.0,,26900.0,4423000.0,,170.1,
5705,2024,TENNESSEE,TN,CHESTER,CORN,1900.0,,2000.0,293000.0,,154.2,
5706,2024,TENNESSEE,TN,COFFEE,CORN,19200.0,,20200.0,2152000.0,,112.1,
5707,2024,TENNESSEE,TN,CUMBERLAND,CORN,830.0,,1000.0,67800.0,,81.7,
5708,2024,TENNESSEE,TN,DECATUR,CORN,1820.0,,1900.0,269000.0,,147.8,
5709,2024,TENNESSEE,TN,DYER,CORN,20400.0,,21200.0,3913000.0,,191.8,
5710,2024,TENNESSEE,TN,FAYETTE,CORN,11500.0,,11900.0,1872000.0,,162.8,
5711,2024,TENNESSEE,TN,FENTRESS,CORN,1160.0,,1200.0,93100.0,,80.3,
5712,2024,TENNESSEE,TN,FRANKLIN,CORN,23700.0,,24600.0,2797000.0,,118.0,
5713,2024,TENNESSEE,TN,GIBSON,CORN,48500.0,,50500.0,8046000.0,,165.9,
5714,2024,TENNESSEE,TN,GILES,CORN,15400.0,,15800.0,1549000.0,,100.6,
5715,2024,TENNESSEE,TN,GRAINGER,CORN,380.0,,500.0,56400.0,,148.4,
5716,2024,TENNESSEE,TN,GREENE,CORN,4060.0,,5100.0,545000.0,,134.2,
5717,2024,TENNESSEE,TN,HARDIN,CORN,4820.0,,5000.0,736000.0,,152.7,
5718,2024,TENNESSEE,TN,HAWKINS,CORN,1060.0,,1200.0,90100.0,,85.0,
5719,2024,TENNESSEE,TN,HAYWOOD,CORN,14900.0,,15400.0,2780000.0,,186.6,
5720,2024,TENNESSEE,TN,HENRY,CORN,37600.0,,38800.0,6727000.0,,178.9,
5721,2024,TENNESSEE,TN,HICKMAN,CORN,2110.0,,2300.0,323000.0,,153.1,
5722,2024,TENNESSEE,TN,HUMPHREYS,CORN,5270.0,,5500.0,762000.0,,144.6,
5723,2024,TENNESSEE,TN,JEFFERSON,CORN,730.0,,1100.0,60000.0,,82.2,
5724,2024,TENNESSEE,TN,LAKE,CORN,6660.0,,6900.0,1165000.0,,174.9,
5725,2024,TENNESSEE,TN,LAUDERDALE,CORN,8950.0,,9600.0,1638000.0,,183.0,
5726,2024,TENNESSEE,TN,LAWRENCE,CORN,25100.0,,26100.0,2364000.0,,94.2,
5727,2024,TENNESSEE,TN,LINCOLN,CORN,20000.0,,20900.0,2056000.0,,102.8,
5728,2024,TENNESSEE,TN,MADISON,CORN,15500.0,,16100.0,2852000.0,,184.0,
5729,2024,TENNESSEE,TN,MARSHALL,CORN,3740.0,,4300.0,626000.0,,167.4,
5730,2024,TENNESSEE,TN,MCMINN,CORN,3780.0,,6200.0,419000.0,,110.8,
5731,2024,TENNESSEE,TN,MCNAIRY,CORN,3490.0,,3900.0,480000.0,,137.5,
5732,2024,TENNESSEE,TN,OBION,CORN,54700.0,,57300.0,9190000.0,,168.0,
5733,2024,TENNESSEE,TN,OTHER COUNTIES,CORN,142620.0,,154800.0,20279300.0,,142.2,
5734,2024,TENNESSEE,TN,ROBERTSON,CORN,37600.0,,38800.0,7016000.0,,186.6,
5735,2024,TENNESSEE,TN,RUTHERFORD,CORN,5870.0,,6000.0,508000.0,,86.5,
5736,2024,TENNESSEE,TN,VAN BUREN,CORN,480.0,,500.0,48400.0,,100.8,
5737,2024,TENNESSEE,TN,WARREN,CORN,10000.0,,10600.0,1173000.0,,117.3,
5738,2024,TENNESSEE,TN,WASHINGTON,CORN,2140.0,,2800.0,215000.0,,100.5,
5739,2024,TENNESSEE,TN,WEAKLEY,CORN,60100.0,,62200.0,10988000.0,,182.8,
5740,2024,TENNESSEE,TN,WHITE,CORN,2510.0,,3700.0,255000.0,,101.6,
5741,2024,TENNESSEE,TN,WILLIAMSON,CORN,2000.0,,2200.0,223000.0,,111.5,
5742,2024,TENNESSEE,TN,WILSON,CORN,1350.0,,1900.0,126900.0,,94.0,
5743,2024,TEXAS,TX,AUSTIN,CORN,4850.0,,5000.0,407000.0,,83.9,
5744,2024,TEXAS,TX,BEE,CORN,19700.0,,20400.0,823000.0,,41.8,
5745,2024,TEXAS,TX,BELL,CORN,65900.0,,69800.0,3598000.0,,54.6,
5746,2024,TEXAS,TX,BEXAR,CORN,5200.0,,6000.0,355000.0,,68.3,
5747,2024,TEXAS,TX,BURLESON,CORN,10700.0,,10700.0,1425000.0,,133.2,
5748,2024,TEXAS,TX,CALDWELL,CORN,9100.0,,9100.0,1002000.0,,110.1,
5749,2024,TEXAS,TX,CALHOUN,CORN,27400.0,,27400.0,3100000.0,,113.1,
5750,2024,TEXAS,TX,CAMERON,CORN,13200.0,,14600.0,587000.0,,44.5,
5751,2024,TEXAS,TX,CARSON,CORN,21300.0,,30600.0,3872000.0,,181.8,
5752,2024,TEXAS,TX,COLLIN,CORN,14500.0,,15800.0,748000.0,,51.6,
5753,2024,TEXAS,TX,COLORADO,CORN,14500.0,,15100.0,1647000.0,,113.6,
5754,2024,TEXAS,TX,COOKE,CORN,3330.0,,4500.0,260000.0,,78.1,
5755,2024,TEXAS,TX,DALLAM,CORN,95900.0,,99300.0,15277000.0,,159.3,
5756,2024,TEXAS,TX,DE WITT,CORN,4800.0,,4800.0,409000.0,,85.2,
5757,2024,TEXAS,TX,DEAF SMITH,CORN,19700.0,,40000.0,2797000.0,,142.0,
5758,2024,TEXAS,TX,DENTON,CORN,1500.0,,1500.0,92300.0,,61.5,
5759,2024,TEXAS,TX,ELLIS,CORN,38200.0,,43200.0,2865000.0,,75.0,
5760,2024,TEXAS,TX,FALLS,CORN,69000.0,,72100.0,6203000.0,,89.9,
5761,2024,TEXAS,TX,FANNIN,CORN,15500.0,,16600.0,911000.0,,58.8,
5762,2024,TEXAS,TX,FAYETTE,CORN,7040.0,,7200.0,788000.0,,111.9,
5763,2024,TEXAS,TX,FLOYD,CORN,5050.0,,5200.0,502000.0,,99.4,
5764,2024,TEXAS,TX,FORT BEND,CORN,20700.0,,21200.0,2281000.0,,110.2,
5765,2024,TEXAS,TX,FRIO,CORN,8200.0,,8200.0,1105000.0,,134.8,
5766,2024,TEXAS,TX,GILLESPIE,CORN,2100.0,,2200.0,135000.0,,64.3,
5767,2024,TEXAS,TX,GOLIAD,CORN,4720.0,,4900.0,286000.0,,60.6,
5768,2024,TEXAS,TX,GONZALES,CORN,4360.0,,4600.0,412000.0,,94.5,
5769,2024,TEXAS,TX,GRAY,CORN,9610.0,,13800.0,2066000.0,,215.0,
5770,2024,TEXAS,TX,GUADALUPE,CORN,23000.0,,23100.0,1589000.0,,69.1,
5771,2024,TEXAS,TX,HANSFORD,CORN,65200.0,,65800.0,13255000.0,,203.3,
5772,2024,TEXAS,TX,HILL,CORN,56900.0,,102000.0,4603000.0,,80.9,
5773,2024,TEXAS,TX,HUNT,CORN,7680.0,,7700.0,388000.0,,50.5,
5774,2024,TEXAS,TX,JACKSON,CORN,80800.0,,82400.0,9413000.0,,116.5,
5775,2024,TEXAS,TX,KARNES,CORN,13000.0,,13000.0,811000.0,,62.4,
5776,2024,TEXAS,TX,LAMB,CORN,13200.0,,22400.0,1399000.0,,106.0,
5777,2024,TEXAS,TX,LAVACA,CORN,2100.0,,2200.0,211000.0,,100.5,
5778,2024,TEXAS,TX,LEE,CORN,300.0,,400.0,34600.0,,115.3,
5779,2024,TEXAS,TX,LIMESTONE,CORN,13800.0,,14400.0,1179000.0,,85.4,
5780,2024,TEXAS,TX,MATAGORDA,CORN,51000.0,,51900.0,5263000.0,,103.2,
5781,2024,TEXAS,TX,MCLENNAN,CORN,49200.0,,64200.0,4113000.0,,83.6,
5782,2024,TEXAS,TX,MEDINA,CORN,18800.0,,22600.0,1854000.0,,98.6,
5783,2024,TEXAS,TX,MILAM,CORN,41400.0,,41800.0,4744000.0,,114.6,
5784,2024,TEXAS,TX,MOORE,CORN,38700.0,,40400.0,8252000.0,,213.2,
5785,2024,TEXAS,TX,NAVARRO,CORN,14000.0,,21100.0,1313000.0,,93.8,
5786,2024,TEXAS,TX,OTHER COUNTIES,CORN,444670.0,,541900.0,47101100.0,,105.9,
5787,2024,TEXAS,TX,PARMER,CORN,6290.0,,35900.0,810000.0,,128.8,
5788,2024,TEXAS,TX,REFUGIO,CORN,8210.0,,8300.0,816000.0,,99.4,
5789,2024,TEXAS,TX,ROBERTSON,CORN,9840.0,,9900.0,1178000.0,,119.7,
5790,2024,TEXAS,TX,SAN PATRICIO,CORN,30000.0,,31900.0,1785000.0,,59.5,
5791,2024,TEXAS,TX,SHERMAN,CORN,68800.0,,75700.0,13327000.0,,193.7,
5792,2024,TEXAS,TX,TRAVIS,CORN,14700.0,,14700.0,1474000.0,,100.3,
5793,2024,TEXAS,TX,UVALDE,CORN,9500.0,,10500.0,900000.0,,94.7,
5794,2024,TEXAS,TX,VICTORIA,CORN,44900.0,,45500.0,4661000.0,,103.8,
5795,2024,TEXAS,TX,WHARTON,CORN,103400.0,,106000.0,13463000.0,,130.2,
5796,2024,TEXAS,TX,WICHITA,CORN,6950.0,,7400.0,409000.0,,58.8,
5797,2024,TEXAS,TX,WILLACY,CORN,9600.0,,14800.0,780000.0,,81.3,
5798,2024,TEXAS,TX,WILLIAMSON,CORN,98000.0,,98300.0,9241000.0,,94.3,
5799,2024,VIRGINIA,VA,ACCOMACK,CORN,23000.0,,28000.0,3647000.0,,158.6,
5800,2024,VIRGINIA,VA,AMELIA,CORN,1960.0,,6200.0,175600.0,,89.6,
5801,2024,VIRGINIA,VA,APPOMATTOX,CORN,230.0,,1700.0,15000.0,,65.2,
5802,2024,VIRGINIA,VA,AUGUSTA,CORN,10600.0,,25900.0,1141000.0,,107.6,
5803,2024,VIRGINIA,VA,BOTETOURT,CORN,650.0,,2600.0,97600.0,,150.2,
5804,2024,VIRGINIA,VA,CAROLINE,CORN,14900.0,,17500.0,1043000.0,,70.0,
5805,2024,VIRGINIA,VA,CHARLES CITY,CORN,6140.0,,6700.0,844000.0,,137.5,
5806,2024,VIRGINIA,VA,CHESAPEAKE CITY,CORN,5590.0,,6100.0,994000.0,,177.8,
5807,2024,VIRGINIA,VA,CHESTERFIELD,CORN,820.0,,900.0,86800.0,,105.9,
5808,2024,VIRGINIA,VA,CULPEPER,CORN,6000.0,,7700.0,648000.0,,108.0,
5809,2024,VIRGINIA,VA,DINWIDDIE,CORN,4580.0,,5000.0,547000.0,,119.4,
5810,2024,VIRGINIA,VA,ESSEX,CORN,12900.0,,16500.0,1018000.0,,78.9,
5811,2024,VIRGINIA,VA,FAUQUIER,CORN,4550.0,,7700.0,546000.0,,120.0,
5812,2024,VIRGINIA,VA,FREDERICK,CORN,1380.0,,4400.0,89300.0,,64.7,
5813,2024,VIRGINIA,VA,LEE,CORN,380.0,,500.0,41500.0,,109.2,
5814,2024,VIRGINIA,VA,MADISON,CORN,3230.0,,7000.0,328000.0,,101.5,
5815,2024,VIRGINIA,VA,NEW KENT,CORN,3760.0,,4100.0,316000.0,,84.0,
5816,2024,VIRGINIA,VA,NORTHAMPTON,CORN,8430.0,,9200.0,1173000.0,,139.1,
5817,2024,VIRGINIA,VA,NORTHUMBERLAND,CORN,11200.0,,12700.0,1427000.0,,127.4,
5818,2024,VIRGINIA,VA,NOTTOWAY,CORN,1600.0,,2200.0,136300.0,,85.2,
5819,2024,VIRGINIA,VA,ORANGE,CORN,4120.0,,5400.0,494000.0,,119.9,
5820,2024,VIRGINIA,VA,OTHER COUNTIES,CORN,110250.0,,173300.0,11744000.0,,106.5,
5821,2024,VIRGINIA,VA,PAGE,CORN,430.0,,4100.0,22600.0,,52.6,
5822,2024,VIRGINIA,VA,RICHMOND,CORN,9250.0,,10500.0,939000.0,,101.5,
5823,2024,VIRGINIA,VA,ROCKBRIDGE,CORN,1800.0,,3800.0,179800.0,,99.9,
5824,2024,VIRGINIA,VA,ROCKINGHAM,CORN,8380.0,,26700.0,866000.0,,103.3,
5825,2024,VIRGINIA,VA,SCOTT,CORN,100.0,,400.0,11000.0,,110.0,
5826,2024,VIRGINIA,VA,SHENANDOAH,CORN,4170.0,,14300.0,528000.0,,126.6,
5827,2024,VIRGINIA,VA,SOUTHAMPTON,CORN,11500.0,,12600.0,1600000.0,,139.1,
5828,2024,VIRGINIA,VA,STAFFORD,CORN,1240.0,,1400.0,136500.0,,110.1,
5829,2024,VIRGINIA,VA,SUFFOLK CITY,CORN,6690.0,,7300.0,850000.0,,127.1,
5830,2024,VIRGINIA,VA,SURRY,CORN,7140.0,,7800.0,1122000.0,,157.1,
5831,2024,VIRGINIA,VA,SUSSEX,CORN,7330.0,,8000.0,963000.0,,131.4,
5832,2024,VIRGINIA,VA,WESTMORELAND,CORN,10700.0,,11800.0,1000000.0,,93.5,
5833,2024,WASHINGTON,WA,ADAMS,CORN,10000.0,,19500.0,2141000.0,,214.1,
5834,2024,WASHINGTON,WA,FRANKLIN,CORN,8300.0,,14100.0,1928000.0,,232.3,
5835,2024,WASHINGTON,WA,GRANT,CORN,28000.0,,47000.0,6440000.0,,230.0,
5836,2024,WASHINGTON,WA,OTHER COUNTIES,CORN,41700.0,,94400.0,10171000.0,,243.9,
5837,2024,WISCONSIN,WI,ADAMS,CORN,28000.0,320.0,28500.0,3363000.0,9000.0,120.1,28.0
5838,2024,WISCONSIN,WI,BARRON,CORN,87600.0,3800.0,91500.0,14020000.0,79000.0,160.0,21.0
5839,2024,WISCONSIN,WI,BROWN,CORN,,35800.0,,,698000.0,,19.5
5840,2024,WISCONSIN,WI,BUFFALO,CORN,58100.0,8200.0,66300.0,9805000.0,201000.0,168.8,24.5
5841,2024,WISCONSIN,WI,BURNETT,CORN,9120.0,4760.0,13900.0,1134000.0,90000.0,124.3,19.0
5842,2024,WISCONSIN,WI,CALUMET,CORN,14000.0,21900.0,41200.0,1894000.0,405000.0,135.3,18.5
5843,2024,WISCONSIN,WI,CHIPPEWA,CORN,74700.0,8200.0,83000.0,13518000.0,172000.0,181.0,21.0
5844,2024,WISCONSIN,WI,CLARK,CORN,32200.0,33700.0,69900.0,4357000.0,522000.0,135.3,15.5
5845,2024,WISCONSIN,WI,COLUMBIA,CORN,103400.0,17800.0,121500.0,20790000.0,454000.0,201.1,25.5
5846,2024,WISCONSIN,WI,CRAWFORD,CORN,33500.0,1520.0,35100.0,5973000.0,36000.0,178.3,23.5
5847,2024,WISCONSIN,WI,DANE,CORN,152600.0,24200.0,177000.0,29780000.0,545000.0,195.2,22.5
5848,2024,WISCONSIN,WI,DODGE,CORN,108000.0,34400.0,142500.0,19200000.0,754000.0,177.8,22.0
5849,2024,WISCONSIN,WI,DOOR,CORN,18500.0,,27100.0,2177000.0,,117.7,
5850,2024,WISCONSIN,WI,DUNN,CORN,98000.0,8400.0,106500.0,16444000.0,172000.0,167.8,20.5
5851,2024,WISCONSIN,WI,EAU CLAIRE,CORN,,270.0,,,5400.0,,20.0
5852,2024,WISCONSIN,WI,FLORENCE,CORN,,190.0,,,1900.0,,10.0
5853,2024,WISCONSIN,WI,FOND DU LAC,CORN,70100.0,37300.0,108000.0,12622000.0,839000.0,180.1,22.5
5854,2024,WISCONSIN,WI,GRANT,CORN,131900.0,16000.0,148000.0,26706000.0,384000.0,202.5,24.0
5855,2024,WISCONSIN,WI,GREEN,CORN,103800.0,8200.0,112000.0,19490000.0,209000.0,187.8,25.5
5856,2024,WISCONSIN,WI,GREEN LAKE,CORN,46400.0,2400.0,48900.0,7809000.0,53000.0,168.3,22.0
5857,2024,WISCONSIN,WI,IOWA,CORN,64500.0,12900.0,77600.0,13126000.0,335000.0,203.5,26.0
5858,2024,WISCONSIN,WI,JACKSON,CORN,42000.0,4180.0,46200.0,7657000.0,90000.0,182.3,21.5
5859,2024,WISCONSIN,WI,JEFFERSON,CORN,69400.0,7030.0,78300.0,11746000.0,144000.0,169.3,20.5
5860,2024,WISCONSIN,WI,JUNEAU,CORN,34900.0,4410.0,39500.0,4921000.0,84000.0,141.0,19.0
5861,2024,WISCONSIN,WI,KENOSHA,CORN,21200.0,920.0,22200.0,3865000.0,17000.0,182.3,18.5
5862,2024,WISCONSIN,WI,KEWAUNEE,CORN,21100.0,23500.0,50200.0,3507000.0,435000.0,166.2,18.5
5863,2024,WISCONSIN,WI,LA CROSSE,CORN,28000.0,,31500.0,4948000.0,,176.7,
5864,2024,WISCONSIN,WI,LAFAYETTE,CORN,116700.0,19800.0,136500.0,24970000.0,525000.0,214.0,26.5
5865,2024,WISCONSIN,WI,LANGLADE,CORN,6920.0,6100.0,14400.0,855000.0,107000.0,123.6,17.5
5866,2024,WISCONSIN,WI,LINCOLN,CORN,4080.0,2410.0,7600.0,471000.0,36200.0,115.4,15.0
5867,2024,WISCONSIN,WI,MANITOWOC,CORN,29400.0,40800.0,70300.0,4754000.0,734000.0,161.7,18.0
5868,2024,WISCONSIN,WI,MARATHON,CORN,62500.0,44400.0,108000.0,9319000.0,688000.0,149.1,15.5
5869,2024,WISCONSIN,WI,MARINETTE,CORN,20000.0,15100.0,38000.0,2898000.0,279000.0,144.9,18.5
5870,2024,WISCONSIN,WI,MARQUETTE,CORN,26800.0,4900.0,31700.0,3377000.0,96000.0,126.0,19.5
5871,2024,WISCONSIN,WI,MONROE,CORN,47200.0,10200.0,57500.0,8633000.0,245000.0,182.9,24.0
5872,2024,WISCONSIN,WI,OCONTO,CORN,36800.0,18900.0,58600.0,5873000.0,359000.0,159.6,19.0
5873,2024,WISCONSIN,WI,OTHER COUNTIES,CORN,104490.0,56480.0,187800.0,17476000.0,1136400.0,167.3,20.0
5874,2024,WISCONSIN,WI,OUTAGAMIE,CORN,41900.0,19800.0,67600.0,6620000.0,347000.0,158.0,17.5
5875,2024,WISCONSIN,WI,OZAUKEE,CORN,3730.0,8830.0,15100.0,576000.0,141000.0,154.4,16.0
5876,2024,WISCONSIN,WI,PEPIN,CORN,26100.0,4200.0,30300.0,4369000.0,97000.0,167.4,23.0
5877,2024,WISCONSIN,WI,PIERCE,CORN,78700.0,3170.0,81900.0,13735000.0,76000.0,174.5,24.0
5878,2024,WISCONSIN,WI,POLK,CORN,57600.0,6300.0,64000.0,9274000.0,129000.0,161.0,20.5
5879,2024,WISCONSIN,WI,PORTAGE,CORN,38200.0,8500.0,46800.0,6093000.0,136000.0,159.5,16.0
5880,2024,WISCONSIN,WI,PRICE,CORN,1420.0,1660.0,3700.0,214000.0,21600.0,150.7,13.0
5881,2024,WISCONSIN,WI,RACINE,CORN,27900.0,370.0,28400.0,5290000.0,6800.0,189.6,18.5
5882,2024,WISCONSIN,WI,RICHLAND,CORN,34500.0,11000.0,45500.0,6200000.0,264000.0,179.7,24.0
5883,2024,WISCONSIN,WI,ROCK,CORN,137300.0,5650.0,143000.0,25587000.0,147000.0,186.4,26.0
5884,2024,WISCONSIN,WI,RUSK,CORN,12100.0,6430.0,20900.0,1598000.0,113000.0,132.1,17.5
5885,2024,WISCONSIN,WI,SAUK,CORN,72300.0,9750.0,82200.0,11226000.0,195000.0,155.3,20.0
5886,2024,WISCONSIN,WI,SAWYER,CORN,6240.0,,7600.0,976000.0,,156.4,
5887,2024,WISCONSIN,WI,SHEBOYGAN,CORN,26600.0,17300.0,48400.0,3814000.0,320000.0,143.4,18.5
5888,2024,WISCONSIN,WI,ST CROIX,CORN,89700.0,7930.0,97700.0,15920000.0,174000.0,177.5,22.0
5889,2024,WISCONSIN,WI,TAYLOR,CORN,25800.0,4700.0,30900.0,2926000.0,68000.0,113.4,14.5
5890,2024,WISCONSIN,WI,TREMPEALEAU,CORN,85000.0,1680.0,87300.0,14170000.0,34000.0,166.7,20.0
5891,2024,WISCONSIN,WI,VERNON,CORN,40500.0,17000.0,57900.0,7205000.0,417000.0,177.9,24.5
5892,2024,WISCONSIN,WI,WALWORTH,CORN,96000.0,1230.0,97300.0,18980000.0,28300.0,197.7,23.0
5893,2024,WISCONSIN,WI,WASHBURN,CORN,10300.0,,12900.0,1576000.0,,153.0,
5894,2024,WISCONSIN,WI,WASHINGTON,CORN,20700.0,8350.0,29600.0,3258000.0,159000.0,157.4,19.0
5895,2024,WISCONSIN,WI,WAUKESHA,CORN,17400.0,470.0,17900.0,3122000.0,8000.0,179.4,17.0
5896,2024,WISCONSIN,WI,WAUPACA,CORN,25200.0,25900.0,52800.0,3548000.0,427000.0,140.8,16.5
5897,2024,WISCONSIN,WI,WAUSHARA,CORN,29400.0,1970.0,32000.0,4210000.0,37400.0,143.2,19.0
5898,2024,WISCONSIN,WI,WINNEBAGO,CORN,35500.0,10600.0,46300.0,5275000.0,212000.0,148.6,20.0
5899,2024,WISCONSIN,WI,WOOD,CORN,14000.0,7820.0,25200.0,1800000.0,102000.0,128.6,13.0
