year,reference_period_desc,prodn_practice_desc,state,state_abbr,state_fips,county,county_fips,agg_level,commodity,class,util_practice_desc,statistic_category,description,unit,value,coeff_variation_pct
2025,YEAR,ALL PRODUCTION PRACTICES,OTHER STATES,OT,98,,,STATE,CORN,ALL CLASSES,GRAIN,YIELD,"CORN, GRAIN - YIELD, MEASURED IN BU / ACRE",BU / ACRE,0.0,
2024,YEAR,ALL PRODUCTION PRACTICES,OTHER STATES,OT,98,,,STATE,CORN,ALL CLASSES,GRAIN,YIELD,"CORN, GRAIN - YIELD, MEASURED IN BU / ACRE",BU / ACRE,0.0,
2023,YEAR,ALL PRODUCTION PRACTICES,OTHER STATES,OT,98,,,STATE,CORN,ALL CLASSES,GRAIN,YIELD,"CORN, GRAIN - YIELD, MEASURED IN BU / ACRE",BU / ACRE,0.0,
2022,YEAR,ALL PRODUCTION PRACTICES,OTHER STATES,OT,98,,,STATE,CORN,ALL CLASSES,GRAIN,YIELD,"CORN, GRAIN - YIELD, MEASURED IN BU / ACRE",BU / ACRE,0.0,
2021,YEAR,ALL PRODUCTION PRACTICES,OTHER STATES,OT,98,,,STATE,CORN,ALL CLASSES,GRAIN,YIELD,"CORN, GRAIN - YIELD, MEASURED IN BU / ACRE",BU / ACRE,0.0,
2025,YEAR,ALL PRODUCTION PRACTICES,ALABAMA,AL,01,,,STATE,CORN,ALL CLASSES,GRAIN,YIELD,"CORN, GRAIN - YIELD, MEASURED IN BU / ACRE",BU / ACRE,152.0,
2024,YEAR,ALL PRODUCTION PRACTICES,ALABAMA,AL,01,,,STATE,CORN,ALL CLASSES,GRAIN,YIELD,"CORN, GRAIN - YIELD, MEASURED IN BU / ACRE",BU / ACRE,112.0,
2023,YEAR,ALL PRODUCTION PRACTICES,ALABAMA,AL,01,,,STATE,CORN,ALL CLASSES,GRAIN,YIELD,"CORN, GRAIN - YIELD, MEASURED IN BU / ACRE",BU / ACRE,164.0,
2022,YEAR,ALL PRODUCTION PRACTICES,ALABAMA,AL,01,,,STATE,CORN,ALL CLASSES,GRAIN,YIELD,"CORN, GRAIN - YIELD, MEASURED IN BU / ACRE",BU / ACRE,118.0,
2021,YEAR,ALL PRODUCTION PRACTICES,ALABAMA,AL,01,,,STATE,CORN,ALL CLASSES,GRAIN,YIELD,"CORN, GRAIN - YIELD, MEASURED IN BU / ACRE",BU / ACRE,163.0,
2025,YEAR,ALL PRODUCTION PRACTICES,ARIZONA,AZ,04,,,STATE,CORN,ALL CLASSES,GRAIN,YIELD,"CORN, GRAIN - YIELD, MEASURED IN BU / ACRE",BU / ACRE,198.0,
2024,YEAR,ALL PRODUCTION PRACTICES,ARIZONA,AZ,04,,,STATE,CORN,ALL CLASSES,GRAIN,YIELD,"CORN, GRAIN - YIELD, MEASURED IN BU / ACRE",BU / ACRE,225.0,
2023,YEAR,ALL PRODUCTION PRACTICES,ARIZONA,AZ,04,,,STATE,CORN,ALL CLASSES,GRAIN,YIELD,"CORN, GRAIN - YIELD, MEASURED IN BU / ACRE",BU / ACRE,206.0,
2022,YEAR,ALL PRODUCTION PRACTICES,ARIZONA,AZ,04,,,STATE,CORN,ALL CLASSES,GRAIN,YIELD,"CORN, GRAIN - YIELD, MEASURED IN BU / ACRE",BU / ACRE,220.0,
2021,YEAR,ALL PRODUCTION PRACTICES,ARIZONA,AZ,04,,,STATE,CORN,ALL CLASSES,GRAIN,YIELD,"CORN, GRAIN - YIELD, MEASURED IN BU / ACRE",BU / ACRE,181.0,
2025,YEAR,ALL PRODUCTION PRACTICES,ARKANSAS,AR,05,,,STATE,CORN,ALL CLASSES,GRAIN,YIELD,"CORN, GRAIN - YIELD, MEASURED IN BU / ACRE",BU / ACRE,182.0,
2024,YEAR,ALL PRODUCTION PRACTICES,ARKANSAS,AR,05,,,STATE,CORN,ALL CLASSES,GRAIN,YIELD,"CORN, GRAIN - YIELD, MEASURED IN BU / ACRE",BU / ACRE,187.0,
2023,YEAR,ALL PRODUCTION PRACTICES,ARKANSAS,AR,05,,,STATE,CORN,ALL CLASSES,GRAIN,YIELD,"CORN, GRAIN - YIELD, MEASURED IN BU / ACRE",BU / ACRE,183.0,
2022,YEAR,ALL PRODUCTION PRACTICES,ARKANSAS,AR,05,,,STATE,CORN,ALL CLASSES,GRAIN,YIELD,"CORN, GRAIN - YIELD, MEASURED IN BU / ACRE",BU / ACRE,173.0,
2021,YEAR,ALL PRODUCTION PRACTICES,ARKANSAS,AR,05,,,STATE,CORN,ALL CLASSES,GRAIN,YIELD,"CORN, GRAIN - YIELD, MEASURED IN BU / ACRE",BU / ACRE,184.0,
2025,YEAR,ALL PRODUCTION PRACTICES,CALIFORNIA,CA,06,,,STATE,CORN,ALL CLASSES,GRAIN,YIELD,"CORN, GRAIN - YIELD, MEASURED IN BU / ACRE",BU / ACRE,173.0,
2024,YEAR,ALL PRODUCTION PRACTICES,CALIFORNIA,CA,06,,,STATE,CORN,ALL CLASSES,GRAIN,YIELD,"CORN, GRAIN - YIELD, MEASURED IN BU / ACRE",BU / ACRE,182.0,
2023,YEAR,ALL PRODUCTION PRACTICES,CALIFORNIA,CA,06,,,STATE,CORN,ALL CLASSES,GRAIN,YIELD,"CORN, GRAIN - YIELD, MEASURED IN BU / ACRE",BU / ACRE,178.0,
2022,YEAR,ALL PRODUCTION PRACTICES,CALIFORNIA,CA,06,,,STATE,CORN,ALL CLASSES,GRAIN,YIELD,"CORN, GRAIN - YIELD, MEASURED IN BU / ACRE",BU / ACRE,177.0,
2021,YEAR,ALL PRODUCTION PRACTICES,CALIFORNIA,CA,06,,,STATE,CORN,ALL CLASSES,GRAIN,YIELD,"CORN, GRAIN - YIELD, MEASURED IN BU / ACRE",BU / ACRE,188.0,
2025,YEAR,ALL PRODUCTION PRACTICES,COLORADO,CO,08,,,STATE,CORN,ALL CLASSES,GRAIN,YIELD,"CORN, GRAIN - YIELD, MEASURED IN BU / ACRE",BU / ACRE,133.0,
2024,YEAR,ALL PRODUCTION PRACTICES,COLORADO,CO,08,,,STATE,CORN,ALL CLASSES,GRAIN,YIELD,"CORN, GRAIN - YIELD, MEASURED IN BU / ACRE",BU / ACRE,116.0,
2023,YEAR,ALL PRODUCTION PRACTICES,COLORADO,CO,08,,,STATE,CORN,ALL CLASSES,GRAIN,YIELD,"CORN, GRAIN - YIELD, MEASURED IN BU / ACRE",BU / ACRE,122.0,
2022,YEAR,ALL PRODUCTION PRACTICES,COLORADO,CO,08,,,STATE,CORN,ALL CLASSES,GRAIN,YIELD,"CORN, GRAIN - YIELD, MEASURED IN BU / ACRE",BU / ACRE,121.0,
2021,YEAR,ALL PRODUCTION PRACTICES,COLORADO,CO,08,,,STATE,CORN,ALL CLASSES,GRAIN,YIELD,"CORN, GRAIN - YIELD, MEASURED IN BU / ACRE",BU / ACRE,129.0,
2025,YEAR,ALL PRODUCTION PRACTICES,DELAWARE,DE,10,,,STATE,CORN,ALL CLASSES,GRAIN,YIELD,"CORN, GRAIN - YIELD, MEASURED IN BU / ACRE",BU / ACRE,191.0,
2024,YEAR,ALL PRODUCTION PRACTICES,DELAWARE,DE,10,,,STATE,CORN,ALL CLASSES,GRAIN,YIELD,"CORN, GRAIN - YIELD, MEASURED IN BU / ACRE",BU / ACRE,171.0,
2023,YEAR,ALL PRODUCTION PRACTICES,DELAWARE,DE,10,,,STATE,CORN,ALL CLASSES,GRAIN,YIELD,"CORN, GRAIN - YIELD, MEASURED IN BU / ACRE",BU / ACRE,189.0,
2022,YEAR,ALL PRODUCTION PRACTICES,DELAWARE,DE,10,,,STATE,CORN,ALL CLASSES,GRAIN,YIELD,"CORN, GRAIN - YIELD, MEASURED IN BU / ACRE",BU / ACRE,170.0,
2021,YEAR,ALL PRODUCTION PRACTICES,DELAWARE,DE,10,,,STATE,CORN,ALL CLASSES,GRAIN,YIELD,"CORN, GRAIN - YIELD, MEASURED IN BU / ACRE",BU / ACRE,184.0,
2025,YEAR,ALL PRODUCTION PRACTICES,FLORIDA,FL,12,,,STATE,CORN,ALL CLASSES,GRAIN,YIELD,"CORN, GRAIN - YIELD, MEASURED IN BU / ACRE",BU / ACRE,155.0,
2024,YEAR,ALL PRODUCTION PRACTICES,FLORIDA,FL,12,,,STATE,CORN,ALL CLASSES,GRAIN,YIELD,"CORN, GRAIN - YIELD, MEASURED IN BU / ACRE",BU / ACRE,141.0,
2023,YEAR,ALL PRODUCTION PRACTICES,FLORIDA,FL,12,,,STATE,CORN,ALL CLASSES,GRAIN,YIELD,"CORN, GRAIN - YIELD, MEASURED IN BU / ACRE",BU / ACRE,158.0,
2022,YEAR,ALL PRODUCTION PRACTICES,FLORIDA,FL,12,,,STATE,CORN,ALL CLASSES,GRAIN,YIELD,"CORN, GRAIN - YIELD, MEASURED IN BU / ACRE",BU / ACRE,164.0,
2021,YEAR,ALL PRODUCTION PRACTICES,FLORIDA,FL,12,,,STATE,CORN,ALL CLASSES,GRAIN,YIELD,"CORN, GRAIN - YIELD, MEASURED IN BU / ACRE",BU / ACRE,176.0,
2025,YEAR,ALL PRODUCTION PRACTICES,GEORGIA,GA,13,,,STATE,CORN,ALL CLASSES,GRAIN,YIELD,"CORN, GRAIN - YIELD, MEASURED IN BU / ACRE",BU / ACRE,187.0,
2024,YEAR,ALL PRODUCTION PRACTICES,GEORGIA,GA,13,,,STATE,CORN,ALL CLASSES,GRAIN,YIELD,"CORN, GRAIN - YIELD, MEASURED IN BU / ACRE",BU / ACRE,163.0,
2023,YEAR,ALL PRODUCTION PRACTICES,GEORGIA,GA,13,,,STATE,CORN,ALL CLASSES,GRAIN,YIELD,"CORN, GRAIN - YIELD, MEASURED IN BU / ACRE",BU / ACRE,174.0,
2022,YEAR,ALL PRODUCTION PRACTICES,GEORGIA,GA,13,,,STATE,CORN,ALL CLASSES,GRAIN,YIELD,"CORN, GRAIN - YIELD, MEASURED IN BU / ACRE",BU / ACRE,175.0,
2021,YEAR,ALL PRODUCTION PRACTICES,GEORGIA,GA,13,,,STATE,CORN,ALL CLASSES,GRAIN,YIELD,"CORN, GRAIN - YIELD, MEASURED IN BU / ACRE",BU / ACRE,182.0,
2025,YEAR,ALL PRODUCTION PRACTICES,IDAHO,ID,16,,,STATE,CORN,ALL CLASSES,GRAIN,YIELD,"CORN, GRAIN - YIELD, MEASURED IN BU / ACRE",BU / ACRE,209.0,
2024,YEAR,ALL PRODUCTION PRACTICES,IDAHO,ID,16,,,STATE,CORN,ALL CLASSES,GRAIN,YIELD,"CORN, GRAIN - YIELD, MEASURED IN BU / ACRE",BU / ACRE,206.0,
2023,YEAR,ALL PRODUCTION PRACTICES,IDAHO,ID,16,,,STATE,CORN,ALL CLASSES,GRAIN,YIELD,"CORN, GRAIN - YIELD, MEASURED IN BU / ACRE",BU / ACRE,203.0,
2022,YEAR,ALL PRODUCTION PRACTICES,IDAHO,ID,16,,,STATE,CORN,ALL CLASSES,GRAIN,YIELD,"CORN, GRAIN - YIELD, MEASURED IN BU / ACRE",BU / ACRE,216.0,
2021,YEAR,ALL PRODUCTION PRACTICES,IDAHO,ID,16,,,STATE,CORN,ALL CLASSES,GRAIN,YIELD,"CORN, GRAIN - YIELD, MEASURED IN BU / ACRE",BU / ACRE,210.0,
2025,YEAR,ALL PRODUCTION PRACTICES,ILLINOIS,IL,17,,,STATE,CORN,ALL CLASSES,GRAIN,YIELD,"CORN, GRAIN - YIELD, MEASURED IN BU / ACRE",BU / ACRE,214.0,
2024,YEAR,ALL PRODUCTION PRACTICES,ILLINOIS,IL,17,,,STATE,CORN,ALL CLASSES,GRAIN,YIELD,"CORN, GRAIN - YIELD, MEASURED IN BU / ACRE",BU / ACRE,217.0,
2023,YEAR,ALL PRODUCTION PRACTICES,ILLINOIS,IL,17,,,STATE,CORN,ALL CLASSES,GRAIN,YIELD,"CORN, GRAIN - YIELD, MEASURED IN BU / ACRE",BU / ACRE,206.0,
2022,YEAR,ALL PRODUCTION PRACTICES,ILLINOIS,IL,17,,,STATE,CORN,ALL CLASSES,GRAIN,YIELD,"CORN, GRAIN - YIELD, MEASURED IN BU / ACRE",BU / ACRE,214.0,
2021,YEAR,ALL PRODUCTION PRACTICES,ILLINOIS,IL,17,,,STATE,CORN,ALL CLASSES,GRAIN,YIELD,"CORN, GRAIN - YIELD, MEASURED IN BU / ACRE",BU / ACRE,202.0,
2025,YEAR,ALL PRODUCTION PRACTICES,INDIANA,IN,18,,,STATE,CORN,ALL CLASSES,GRAIN,YIELD,"CORN, GRAIN - YIELD, MEASURED IN BU / ACRE",BU / ACRE,204.0,
2024,YEAR,ALL PRODUCTION PRACTICES,INDIANA,IN,18,,,STATE,CORN,ALL CLASSES,GRAIN,YIELD,"CORN, GRAIN - YIELD, MEASURED IN BU / ACRE",BU / ACRE,198.0,
2023,YEAR,ALL PRODUCTION PRACTICES,INDIANA,IN,18,,,STATE,CORN,ALL CLASSES,GRAIN,YIELD,"CORN, GRAIN - YIELD, MEASURED IN BU / ACRE",BU / ACRE,203.0,
2022,YEAR,ALL PRODUCTION PRACTICES,INDIANA,IN,18,,,STATE,CORN,ALL CLASSES,GRAIN,YIELD,"CORN, GRAIN - YIELD, MEASURED IN BU / ACRE",BU / ACRE,190.0,
2021,YEAR,ALL PRODUCTION PRACTICES,INDIANA,IN,18,,,STATE,CORN,ALL CLASSES,GRAIN,YIELD,"CORN, GRAIN - YIELD, MEASURED IN BU / ACRE",BU / ACRE,195.0,
2025,YEAR,ALL PRODUCTION PRACTICES,IOWA,IA,19,,,STATE,CORN,ALL CLASSES,GRAIN,YIELD,"CORN, GRAIN - YIELD, MEASURED IN BU / ACRE",BU / ACRE,210.0,
2024,YEAR,ALL PRODUCTION PRACTICES,IOWA,IA,19,,,STATE,CORN,ALL CLASSES,GRAIN,YIELD,"CORN, GRAIN - YIELD, MEASURED IN BU / ACRE",BU / ACRE,211.0,
2023,YEAR,ALL PRODUCTION PRACTICES,IOWA,IA,19,,,STATE,CORN,ALL CLASSES,GRAIN,YIELD,"CORN, GRAIN - YIELD, MEASURED IN BU / ACRE",BU / ACRE,201.0,
2022,YEAR,ALL PRODUCTION PRACTICES,IOWA,IA,19,,,STATE,CORN,ALL CLASSES,GRAIN,YIELD,"CORN, GRAIN - YIELD, MEASURED IN BU / ACRE",BU / ACRE,200.0,
2021,YEAR,ALL PRODUCTION PRACTICES,IOWA,IA,19,,,STATE,CORN,ALL CLASSES,GRAIN,YIELD,"CORN, GRAIN - YIELD, MEASURED IN BU / ACRE",BU / ACRE,204.0,
2025,YEAR,ALL PRODUCTION PRACTICES,KANSAS,KS,20,,,STATE,CORN,ALL CLASSES,GRAIN,YIELD,"CORN, GRAIN - YIELD, MEASURED IN BU / ACRE",BU / ACRE,145.0,
2024,YEAR,ALL PRODUCTION PRACTICES,KANSAS,KS,20,,,STATE,CORN,ALL CLASSES,GRAIN,YIELD,"CORN, GRAIN - YIELD, MEASURED IN BU / ACRE",BU / ACRE,129.0,
2023,YEAR,ALL PRODUCTION PRACTICES,KANSAS,KS,20,,,STATE,CORN,ALL CLASSES,GRAIN,YIELD,"CORN, GRAIN - YIELD, MEASURED IN BU / ACRE",BU / ACRE,119.0,
2022,YEAR,ALL PRODUCTION PRACTICES,KANSAS,KS,20,,,STATE,CORN,ALL CLASSES,GRAIN,YIELD,"CORN, GRAIN - YIELD, MEASURED IN BU / ACRE",BU / ACRE,115.0,
2021,YEAR,ALL PRODUCTION PRACTICES,KANSAS,KS,20,,,STATE,CORN,ALL CLASSES,GRAIN,YIELD,"CORN, GRAIN - YIELD, MEASURED IN BU / ACRE",BU / ACRE,139.0,
2025,YEAR,ALL PRODUCTION PRACTICES,KENTUCKY,KY,21,,,STATE,CORN,ALL CLASSES,GRAIN,YIELD,"CORN, GRAIN - YIELD, MEASURED IN BU / ACRE",BU / ACRE,167.0,
2024,YEAR,ALL PRODUCTION PRACTICES,KENTUCKY,KY,21,,,STATE,CORN,ALL CLASSES,GRAIN,YIELD,"CORN, GRAIN - YIELD, MEASURED IN BU / ACRE",BU / ACRE,178.0,
2023,YEAR,ALL PRODUCTION PRACTICES,KENTUCKY,KY,21,,,STATE,CORN,ALL CLASSES,GRAIN,YIELD,"CORN, GRAIN - YIELD, MEASURED IN BU / ACRE",BU / ACRE,187.0,
2022,YEAR,ALL PRODUCTION PRACTICES,KENTUCKY,KY,21,,,STATE,CORN,ALL CLASSES,GRAIN,YIELD,"CORN, GRAIN - YIELD, MEASURED IN BU / ACRE",BU / ACRE,156.0,
2021,YEAR,ALL PRODUCTION PRACTICES,KENTUCKY,KY,21,,,STATE,CORN,ALL CLASSES,GRAIN,YIELD,"CORN, GRAIN - YIELD, MEASURED IN BU / ACRE",BU / ACRE,192.0,
2025,YEAR,ALL PRODUCTION PRACTICES,LOUISIANA,LA,22,,,STATE,CORN,ALL CLASSES,GRAIN,YIELD,"CORN, GRAIN - YIELD, MEASURED IN BU / ACRE",BU / ACRE,193.0,
2024,YEAR,ALL PRODUCTION PRACTICES,LOUISIANA,LA,22,,,STATE,CORN,ALL CLASSES,GRAIN,YIELD,"CORN, GRAIN - YIELD, MEASURED IN BU / ACRE",BU / ACRE,185.0,
2023,YEAR,ALL PRODUCTION PRACTICES,LOUISIANA,LA,22,,,STATE,CORN,ALL CLASSES,GRAIN,YIELD,"CORN, GRAIN - YIELD, MEASURED IN BU / ACRE",BU / ACRE,175.0,
2022,YEAR,ALL PRODUCTION PRACTICES,LOUISIANA,LA,22,,,STATE,CORN,ALL CLASSES,GRAIN,YIELD,"CORN, GRAIN - YIELD, MEASURED IN BU / ACRE",BU / ACRE,170.0,
2021,YEAR,ALL PRODUCTION PRACTICES,LOUISIANA,LA,22,,,STATE,CORN,ALL CLASSES,GRAIN,YIELD,"CORN, GRAIN - YIELD, MEASURED IN BU / ACRE",BU / ACRE,183.0,
2025,YEAR,ALL PRODUCTION PRACTICES,MARYLAND,MD,24,,,STATE,CORN,ALL CLASSES,GRAIN,YIELD,"CORN, GRAIN - YIELD, MEASURED IN BU / ACRE",BU / ACRE,171.0,
2024,YEAR,ALL PRODUCTION PRACTICES,MARYLAND,MD,24,,,STATE,CORN,ALL CLASSES,GRAIN,YIELD,"CORN, GRAIN - YIELD, MEASURED IN BU / ACRE",BU / ACRE,143.0,
2023,YEAR,ALL PRODUCTION PRACTICES,MARYLAND,MD,24,,,STATE,CORN,ALL CLASSES,GRAIN,YIELD,"CORN, GRAIN - YIELD, MEASURED IN BU / ACRE",BU / ACRE,165.0,
2022,YEAR,ALL PRODUCTION PRACTICES,MARYLAND,MD,24,,,STATE,CORN,ALL CLASSES,GRAIN,YIELD,"CORN, GRAIN - YIELD, MEASURED IN BU / ACRE",BU / ACRE,165.0,
2021,YEAR,ALL PRODUCTION PRACTICES,MARYLAND,MD,24,,,STATE,CORN,ALL CLASSES,GRAIN,YIELD,"CORN, GRAIN - YIELD, MEASURED IN BU / ACRE",BU / ACRE,175.0,
2025,YEAR,ALL PRODUCTION PRACTICES,MICHIGAN,MI,26,,,STATE,CORN,ALL CLASSES,GRAIN,YIELD,"CORN, GRAIN - YIELD, MEASURED IN BU / ACRE",BU / ACRE,178.0,
2024,YEAR,ALL PRODUCTION PRACTICES,MICHIGAN,MI,26,,,STATE,CORN,ALL CLASSES,GRAIN,YIELD,"CORN, GRAIN - YIELD, MEASURED IN BU / ACRE",BU / ACRE,181.0,
2023,YEAR,ALL PRODUCTION PRACTICES,MICHIGAN,MI,26,,,STATE,CORN,ALL CLASSES,GRAIN,YIELD,"CORN, GRAIN - YIELD, MEASURED IN BU / ACRE",BU / ACRE,168.0,
2022,YEAR,ALL PRODUCTION PRACTICES,MICHIGAN,MI,26,,,STATE,CORN,ALL CLASSES,GRAIN,YIELD,"CORN, GRAIN - YIELD, MEASURED IN BU / ACRE",BU / ACRE,168.0,
2021,YEAR,ALL PRODUCTION PRACTICES,MICHIGAN,MI,26,,,STATE,CORN,ALL CLASSES,GRAIN,YIELD,"CORN, GRAIN - YIELD, MEASURED IN BU / ACRE",BU / ACRE,174.0,
2025,YEAR,ALL PRODUCTION PRACTICES,MINNESOTA,MN,27,,,STATE,CORN,ALL CLASSES,GRAIN,YIELD,"CORN, GRAIN - YIELD, MEASURED IN BU / ACRE",BU / ACRE,201.0,
2024,YEAR,ALL PRODUCTION PRACTICES,MINNESOTA,MN,27,,,STATE,CORN,ALL CLASSES,GRAIN,YIELD,"CORN, GRAIN - YIELD, MEASURED IN BU / ACRE",BU / ACRE,174.0,
2023,YEAR,ALL PRODUCTION PRACTICES,MINNESOTA,MN,27,,,STATE,CORN,ALL CLASSES,GRAIN,YIELD,"CORN, GRAIN - YIELD, MEASURED IN BU / ACRE",BU / ACRE,185.0,
2022,YEAR,ALL PRODUCTION PRACTICES,MINNESOTA,MN,27,,,STATE,CORN,ALL CLASSES,GRAIN,YIELD,"CORN, GRAIN - YIELD, MEASURED IN BU / ACRE",BU / ACRE,195.0,
2021,YEAR,ALL PRODUCTION PRACTICES,MINNESOTA,MN,27,,,STATE,CORN,ALL CLASSES,GRAIN,YIELD,"CORN, GRAIN - YIELD, MEASURED IN BU / ACRE",BU / ACRE,177.0,
2025,YEAR,ALL PRODUCTION PRACTICES,MISSISSIPPI,MS,28,,,STATE,CORN,ALL CLASSES,GRAIN,YIELD,"CORN, GRAIN - YIELD, MEASURED IN BU / ACRE",BU / ACRE,180.0,
2024,YEAR,ALL PRODUCTION PRACTICES,MISSISSIPPI,MS,28,,,STATE,CORN,ALL CLASSES,GRAIN,YIELD,"CORN, GRAIN - YIELD, MEASURED IN BU / ACRE",BU / ACRE,186.0,
2023,YEAR,ALL PRODUCTION PRACTICES,MISSISSIPPI,MS,28,,,STATE,CORN,ALL CLASSES,GRAIN,YIELD,"CORN, GRAIN - YIELD, MEASURED IN BU / ACRE",BU / ACRE,181.0,
2022,YEAR,ALL PRODUCTION PRACTICES,MISSISSIPPI,MS,28,,,STATE,CORN,ALL CLASSES,GRAIN,YIELD,"CORN, GRAIN - YIELD, MEASURED IN BU / ACRE",BU / ACRE,165.0,
2021,YEAR,ALL PRODUCTION PRACTICES,MISSISSIPPI,MS,28,,,STATE,CORN,ALL CLASSES,GRAIN,YIELD,"CORN, GRAIN - YIELD, MEASURED IN BU / ACRE",BU / ACRE,181.0,
2025,YEAR,ALL PRODUCTION PRACTICES,MISSOURI,MO,29,,,STATE,CORN,ALL CLASSES,GRAIN,YIELD,"CORN, GRAIN - YIELD, MEASURED IN BU / ACRE",BU / ACRE,185.0,
2024,YEAR,ALL PRODUCTION PRACTICES,MISSOURI,MO,29,,,STATE,CORN,ALL CLASSES,GRAIN,YIELD,"CORN, GRAIN - YIELD, MEASURED IN BU / ACRE",BU / ACRE,183.0,
2023,YEAR,ALL PRODUCTION PRACTICES,MISSOURI,MO,29,,,STATE,CORN,ALL CLASSES,GRAIN,YIELD,"CORN, GRAIN - YIELD, MEASURED IN BU / ACRE",BU / ACRE,153.0,
2022,YEAR,ALL PRODUCTION PRACTICES,MISSOURI,MO,29,,,STATE,CORN,ALL CLASSES,GRAIN,YIELD,"CORN, GRAIN - YIELD, MEASURED IN BU / ACRE",BU / ACRE,161.0,
2021,YEAR,ALL PRODUCTION PRACTICES,MISSOURI,MO,29,,,STATE,CORN,ALL CLASSES,GRAIN,YIELD,"CORN, GRAIN - YIELD, MEASURED IN BU / ACRE",BU / ACRE,159.0,
2025,YEAR,ALL PRODUCTION PRACTICES,MONTANA,MT,30,,,STATE,CORN,ALL CLASSES,GRAIN,YIELD,"CORN, GRAIN - YIELD, MEASURED IN BU / ACRE",BU / ACRE,132.0,
2024,YEAR,ALL PRODUCTION PRACTICES,MONTANA,MT,30,,,STATE,CORN,ALL CLASSES,GRAIN,YIELD,"CORN, GRAIN - YIELD, MEASURED IN BU / ACRE",BU / ACRE,85.0,
2023,YEAR,ALL PRODUCTION PRACTICES,MONTANA,MT,30,,,STATE,CORN,ALL CLASSES,GRAIN,YIELD,"CORN, GRAIN - YIELD, MEASURED IN BU / ACRE",BU / ACRE,129.0,
2022,YEAR,ALL PRODUCTION PRACTICES,MONTANA,MT,30,,,STATE,CORN,ALL CLASSES,GRAIN,YIELD,"CORN, GRAIN - YIELD, MEASURED IN BU / ACRE",BU / ACRE,112.0,
2021,YEAR,ALL PRODUCTION PRACTICES,MONTANA,MT,30,,,STATE,CORN,ALL CLASSES,GRAIN,YIELD,"CORN, GRAIN - YIELD, MEASURED IN BU / ACRE",BU / ACRE,100.0,
2025,YEAR,ALL PRODUCTION PRACTICES,NEBRASKA,NE,31,,,STATE,CORN,ALL CLASSES,GRAIN,YIELD,"CORN, GRAIN - YIELD, MEASURED IN BU / ACRE",BU / ACRE,194.0,
2024,YEAR,ALL PRODUCTION PRACTICES,NEBRASKA,NE,31,,,STATE,CORN,ALL CLASSES,GRAIN,YIELD,"CORN, GRAIN - YIELD, MEASURED IN BU / ACRE",BU / ACRE,188.0,
2023,YEAR,ALL PRODUCTION PRACTICES,NEBRASKA,NE,31,,,STATE,CORN,ALL CLASSES,GRAIN,YIELD,"CORN, GRAIN - YIELD, MEASURED IN BU / ACRE",BU / ACRE,182.0,
2022,YEAR,ALL PRODUCTION PRACTICES,NEBRASKA,NE,31,,,STATE,CORN,ALL CLASSES,GRAIN,YIELD,"CORN, GRAIN - YIELD, MEASURED IN BU / ACRE",BU / ACRE,165.0,
2021,YEAR,ALL PRODUCTION PRACTICES,NEBRASKA,NE,31,,,STATE,CORN,ALL CLASSES,GRAIN,YIELD,"CORN, GRAIN - YIELD, MEASURED IN BU / ACRE",BU / ACRE,194.0,
2025,YEAR,ALL PRODUCTION PRACTICES,NEW JERSEY,NJ,34,,,STATE,CORN,ALL CLASSES,GRAIN,YIELD,"CORN, GRAIN - YIELD, MEASURED IN BU / ACRE",BU / ACRE,161.0,
2024,YEAR,ALL PRODUCTION PRACTICES,NEW JERSEY,NJ,34,,,STATE,CORN,ALL CLASSES,GRAIN,YIELD,"CORN, GRAIN - YIELD, MEASURED IN BU / ACRE",BU / ACRE,157.0,
2023,YEAR,ALL PRODUCTION PRACTICES,NEW JERSEY,NJ,34,,,STATE,CORN,ALL CLASSES,GRAIN,YIELD,"CORN, GRAIN - YIELD, MEASURED IN BU / ACRE",BU / ACRE,168.0,
2022,YEAR,ALL PRODUCTION PRACTICES,NEW JERSEY,NJ,34,,,STATE,CORN,ALL CLASSES,GRAIN,YIELD,"CORN, GRAIN - YIELD, MEASURED IN BU / ACRE",BU / ACRE,114.0,
2021,YEAR,ALL PRODUCTION PRACTICES,NEW JERSEY,NJ,34,,,STATE,CORN,ALL CLASSES,GRAIN,YIELD,"CORN, GRAIN - YIELD, MEASURED IN BU / ACRE",BU / ACRE,163.0,
2025,YEAR,ALL PRODUCTION PRACTICES,NEW MEXICO,NM,35,,,STATE,CORN,ALL CLASSES,GRAIN,YIELD,"CORN, GRAIN - YIELD, MEASURED IN BU / ACRE",BU / ACRE,173.0,
2024,YEAR,ALL PRODUCTION PRACTICES,NEW MEXICO,NM,35,,,STATE,CORN,ALL CLASSES,GRAIN,YIELD,"CORN, GRAIN - YIELD, MEASURED IN BU / ACRE",BU / ACRE,157.0,
2023,YEAR,ALL PRODUCTION PRACTICES,NEW MEXICO,NM,35,,,STATE,CORN,ALL CLASSES,GRAIN,YIELD,"CORN, GRAIN - YIELD, MEASURED IN BU / ACRE",BU / ACRE,155.0,
2022,YEAR,ALL PRODUCTION PRACTICES,NEW MEXICO,NM,35,,,STATE,CORN,ALL CLASSES,GRAIN,YIELD,"CORN, GRAIN - YIELD, MEASURED IN BU / ACRE",BU / ACRE,149.0,
2021,YEAR,ALL PRODUCTION PRACTICES,NEW MEXICO,NM,35,,,STATE,CORN,ALL CLASSES,GRAIN,YIELD,"CORN, GRAIN - YIELD, MEASURED IN BU / ACRE",BU / ACRE,184.0,
2025,YEAR,ALL PRODUCTION PRACTICES,NEW YORK,NY,36,,,STATE,CORN,ALL CLASSES,GRAIN,YIELD,"CORN, GRAIN - YIELD, MEASURED IN BU / ACRE",BU / ACRE,140.0,
2024,YEAR,ALL PRODUCTION PRACTICES,NEW YORK,NY,36,,,STATE,CORN,ALL CLASSES,GRAIN,YIELD,"CORN, GRAIN - YIELD, MEASURED IN BU / ACRE",BU / ACRE,169.0,
2023,YEAR,ALL PRODUCTION PRACTICES,NEW YORK,NY,36,,,STATE,CORN,ALL CLASSES,GRAIN,YIELD,"CORN, GRAIN - YIELD, MEASURED IN BU / ACRE",BU / ACRE,159.0,
2022,YEAR,ALL PRODUCTION PRACTICES,NEW YORK,NY,36,,,STATE,CORN,ALL CLASSES,GRAIN,YIELD,"CORN, GRAIN - YIELD, MEASURED IN BU / ACRE",BU / ACRE,142.0,
2021,YEAR,ALL PRODUCTION PRACTICES,NEW YORK,NY,36,,,STATE,CORN,ALL CLASSES,GRAIN,YIELD,"CORN, GRAIN - YIELD, MEASURED IN BU / ACRE",BU / ACRE,167.0,
2025,YEAR,ALL PRODUCTION PRACTICES,NORTH CAROLINA,NC,37,,,STATE,CORN,ALL CLASSES,GRAIN,YIELD,"CORN, GRAIN - YIELD, MEASURED IN BU / ACRE",BU / ACRE,144.0,
2024,YEAR,ALL PRODUCTION PRACTICES,NORTH CAROLINA,NC,37,,,STATE,CORN,ALL CLASSES,GRAIN,YIELD,"CORN, GRAIN - YIELD, MEASURED IN BU / ACRE",BU / ACRE,87.0,
2023,YEAR,ALL PRODUCTION PRACTICES,NORTH CAROLINA,NC,37,,,STATE,CORN,ALL CLASSES,GRAIN,YIELD,"CORN, GRAIN - YIELD, MEASURED IN BU / ACRE",BU / ACRE,147.0,
2022,YEAR,ALL PRODUCTION PRACTICES,NORTH CAROLINA,NC,37,,,STATE,CORN,ALL CLASSES,GRAIN,YIELD,"CORN, GRAIN - YIELD, MEASURED IN BU / ACRE",BU / ACRE,126.0,
2021,YEAR,ALL PRODUCTION PRACTICES,NORTH CAROLINA,NC,37,,,STATE,CORN,ALL CLASSES,GRAIN,YIELD,"CORN, GRAIN - YIELD, MEASURED IN BU / ACRE",BU / ACRE,149.0,
2025,YEAR,ALL PRODUCTION PRACTICES,NORTH DAKOTA,ND,38,,,STATE,CORN,ALL CLASSES,GRAIN,YIELD,"CORN, GRAIN - YIELD, MEASURED IN BU / ACRE",BU / ACRE,158.0,
2024,YEAR,ALL PRODUCTION PRACTICES,NORTH DAKOTA,ND,38,,,STATE,CORN,ALL CLASSES,GRAIN,YIELD,"CORN, GRAIN - YIELD, MEASURED IN BU / ACRE",BU / ACRE,149.0,
2023,YEAR,ALL PRODUCTION PRACTICES,NORTH DAKOTA,ND,38,,,STATE,CORN,ALL CLASSES,GRAIN,YIELD,"CORN, GRAIN - YIELD, MEASURED IN BU / ACRE",BU / ACRE,143.0,
2022,YEAR,ALL PRODUCTION PRACTICES,NORTH DAKOTA,ND,38,,,STATE,CORN,ALL CLASSES,GRAIN,YIELD,"CORN, GRAIN - YIELD, MEASURED IN BU / ACRE",BU / ACRE,130.0,
2021,YEAR,ALL PRODUCTION PRACTICES,NORTH DAKOTA,ND,38,,,STATE,CORN,ALL CLASSES,GRAIN,YIELD,"CORN, GRAIN - YIELD, MEASURED IN BU / ACRE",BU / ACRE,105.0,
2025,YEAR,ALL PRODUCTION PRACTICES,OHIO,OH,39,,,STATE,CORN,ALL CLASSES,GRAIN,YIELD,"CORN, GRAIN - YIELD, MEASURED IN BU / ACRE",BU / ACRE,185.0,
2024,YEAR,ALL PRODUCTION PRACTICES,OHIO,OH,39,,,STATE,CORN,ALL CLASSES,GRAIN,YIELD,"CORN, GRAIN - YIELD, MEASURED IN BU / ACRE",BU / ACRE,177.0,
2023,YEAR,ALL PRODUCTION PRACTICES,OHIO,OH,39,,,STATE,CORN,ALL CLASSES,GRAIN,YIELD,"CORN, GRAIN - YIELD, MEASURED IN BU / ACRE",BU / ACRE,198.0,
2022,YEAR,ALL PRODUCTION PRACTICES,OHIO,OH,39,,,STATE,CORN,ALL CLASSES,GRAIN,YIELD,"CORN, GRAIN - YIELD, MEASURED IN BU / ACRE",BU / ACRE,187.0,
2021,YEAR,ALL PRODUCTION PRACTICES,OHIO,OH,39,,,STATE,CORN,ALL CLASSES,GRAIN,YIELD,"CORN, GRAIN - YIELD, MEASURED IN BU / ACRE",BU / ACRE,193.0,
2025,YEAR,ALL PRODUCTION PRACTICES,OKLAHOMA,OK,40,,,STATE,CORN,ALL CLASSES,GRAIN,YIELD,"CORN, GRAIN - YIELD, MEASURED IN BU / ACRE",BU / ACRE,122.0,
2024,YEAR,ALL PRODUCTION PRACTICES,OKLAHOMA,OK,40,,,STATE,CORN,ALL CLASSES,GRAIN,YIELD,"CORN, GRAIN - YIELD, MEASURED IN BU / ACRE",BU / ACRE,98.0,
2023,YEAR,ALL PRODUCTION PRACTICES,OKLAHOMA,OK,40,,,STATE,CORN,ALL CLASSES,GRAIN,YIELD,"CORN, GRAIN - YIELD, MEASURED IN BU / ACRE",BU / ACRE,149.0,
2022,YEAR,ALL PRODUCTION PRACTICES,OKLAHOMA,OK,40,,,STATE,CORN,ALL CLASSES,GRAIN,YIELD,"CORN, GRAIN - YIELD, MEASURED IN BU / ACRE",BU / ACRE,122.0,
2021,YEAR,ALL PRODUCTION PRACTICES,OKLAHOMA,OK,40,,,STATE,CORN,ALL CLASSES,GRAIN,YIELD,"CORN, GRAIN - YIELD, MEASURED IN BU / ACRE",BU / ACRE,150.0,
2025,YEAR,ALL PRODUCTION PRACTICES,OREGON,OR,41,,,STATE,CORN,ALL CLASSES,GRAIN,YIELD,"CORN, GRAIN - YIELD, MEASURED IN BU / ACRE",BU / ACRE,236.0,
2024,YEAR,ALL PRODUCTION PRACTICES,OREGON,OR,41,,,STATE,CORN,ALL CLASSES,GRAIN,YIELD,"CORN, GRAIN - YIELD, MEASURED IN BU / ACRE",BU / ACRE,208.0,
2023,YEAR,ALL PRODUCTION PRACTICES,OREGON,OR,41,,,STATE,CORN,ALL CLASSES,GRAIN,YIELD,"CORN, GRAIN - YIELD, MEASURED IN BU / ACRE",BU / ACRE,214.0,
2022,YEAR,ALL PRODUCTION PRACTICES,OREGON,OR,41,,,STATE,CORN,ALL CLASSES,GRAIN,YIELD,"CORN, GRAIN - YIELD, MEASURED IN BU / ACRE",BU / ACRE,237.0,
2021,YEAR,ALL PRODUCTION PRACTICES,OREGON,OR,41,,,STATE,CORN,ALL CLASSES,GRAIN,YIELD,"CORN, GRAIN - YIELD, MEASURED IN BU / ACRE",BU / ACRE,240.0,
2025,YEAR,ALL PRODUCTION PRACTICES,PENNSYLVANIA,PA,42,,,STATE,CORN,ALL CLASSES,GRAIN,YIELD,"CORN, GRAIN - YIELD, MEASURED IN BU / ACRE",BU / ACRE,151.0,
2024,YEAR,ALL PRODUCTION PRACTICES,PENNSYLVANIA,PA,42,,,STATE,CORN,ALL CLASSES,GRAIN,YIELD,"CORN, GRAIN - YIELD, MEASURED IN BU / ACRE",BU / ACRE,138.0,
2023,YEAR,ALL PRODUCTION PRACTICES,PENNSYLVANIA,PA,42,,,STATE,CORN,ALL CLASSES,GRAIN,YIELD,"CORN, GRAIN - YIELD, MEASURED IN BU / ACRE",BU / ACRE,157.0,
2022,YEAR,ALL PRODUCTION PRACTICES,PENNSYLVANIA,PA,42,,,STATE,CORN,ALL CLASSES,GRAIN,YIELD,"CORN, GRAIN - YIELD, MEASURED IN BU / ACRE",BU / ACRE,140.0,
2021,YEAR,ALL PRODUCTION PRACTICES,PENNSYLVANIA,PA,42,,,STATE,CORN,ALL CLASSES,GRAIN,YIELD,"CORN, GRAIN - YIELD, MEASURED IN BU / ACRE",BU / ACRE,169.0,
2025,YEAR,ALL PRODUCTION PRACTICES,SOUTH CAROLINA,SC,45,,,STATE,CORN,ALL CLASSES,GRAIN,YIELD,"CORN, GRAIN - YIELD, MEASURED IN BU / ACRE",BU / ACRE,138.0,
2024,YEAR,ALL PRODUCTION PRACTICES,SOUTH CAROLINA,SC,45,,,STATE,CORN,ALL CLASSES,GRAIN,YIELD,"CORN, GRAIN - YIELD, MEASURED IN BU / ACRE",BU / ACRE,101.0,
2023,YEAR,ALL PRODUCTION PRACTICES,SOUTH CAROLINA,SC,45,,,STATE,CORN,ALL CLASSES,GRAIN,YIELD,"CORN, GRAIN - YIELD, MEASURED IN BU / ACRE",BU / ACRE,150.0,
2022,YEAR,ALL PRODUCTION PRACTICES,SOUTH CAROLINA,SC,45,,,STATE,CORN,ALL CLASSES,GRAIN,YIELD,"CORN, GRAIN - YIELD, MEASURED IN BU / ACRE",BU / ACRE,122.0,
2021,YEAR,ALL PRODUCTION PRACTICES,SOUTH CAROLINA,SC,45,,,STATE,CORN,ALL CLASSES,GRAIN,YIELD,"CORN, GRAIN - YIELD, MEASURED IN BU / ACRE",BU / ACRE,139.0,
2025,YEAR,ALL PRODUCTION PRACTICES,SOUTH DAKOTA,SD,46,,,STATE,CORN,ALL CLASSES,GRAIN,YIELD,"CORN, GRAIN - YIELD, MEASURED IN BU / ACRE",BU / ACRE,171.0,
2024,YEAR,ALL PRODUCTION PRACTICES,SOUTH DAKOTA,SD,46,,,STATE,CORN,ALL CLASSES,GRAIN,YIELD,"CORN, GRAIN - YIELD, MEASURED IN BU / ACRE",BU / ACRE,164.0,
2023,YEAR,ALL PRODUCTION PRACTICES,SOUTH DAKOTA,SD,46,,,STATE,CORN,ALL CLASSES,GRAIN,YIELD,"CORN, GRAIN - YIELD, MEASURED IN BU / ACRE",BU / ACRE,152.0,
2022,YEAR,ALL PRODUCTION PRACTICES,SOUTH DAKOTA,SD,46,,,STATE,CORN,ALL CLASSES,GRAIN,YIELD,"CORN, GRAIN - YIELD, MEASURED IN BU / ACRE",BU / ACRE,132.0,
2021,YEAR,ALL PRODUCTION PRACTICES,SOUTH DAKOTA,SD,46,,,STATE,CORN,ALL CLASSES,GRAIN,YIELD,"CORN, GRAIN - YIELD, MEASURED IN BU / ACRE",BU / ACRE,134.0,
2025,YEAR,ALL PRODUCTION PRACTICES,TENNESSEE,TN,47,,,STATE,CORN,ALL CLASSES,GRAIN,YIELD,"CORN, GRAIN - YIELD, MEASURED IN BU / ACRE",BU / ACRE,162.0,
2024,YEAR,ALL PRODUCTION PRACTICES,TENNESSEE,TN,47,,,STATE,CORN,ALL CLASSES,GRAIN,YIELD,"CORN, GRAIN - YIELD, MEASURED IN BU / ACRE",BU / ACRE,152.0,
2023,YEAR,ALL PRODUCTION PRACTICES,TENNESSEE,TN,47,,,STATE,CORN,ALL CLASSES,GRAIN,YIELD,"CORN, GRAIN - YIELD, MEASURED IN BU / ACRE",BU / ACRE,173.0,
2022,YEAR,ALL PRODUCTION PRACTICES,TENNESSEE,TN,47,,,STATE,CORN,ALL CLASSES,GRAIN,YIELD,"CORN, GRAIN - YIELD, MEASURED IN BU / ACRE",BU / ACRE,130.0,
2021,YEAR,ALL PRODUCTION PRACTICES,TENNESSEE,TN,47,,,STATE,CORN,ALL CLASSES,GRAIN,YIELD,"CORN, GRAIN - YIELD, MEASURED IN BU / ACRE",BU / ACRE,170.0,
2025,YEAR,ALL PRODUCTION PRACTICES,TEXAS,TX,48,,,STATE,CORN,ALL CLASSES,GRAIN,YIELD,"CORN, GRAIN - YIELD, MEASURED IN BU / ACRE",BU / ACRE,135.0,
2024,YEAR,ALL PRODUCTION PRACTICES,TEXAS,TX,48,,,STATE,CORN,ALL CLASSES,GRAIN,YIELD,"CORN, GRAIN - YIELD, MEASURED IN BU / ACRE",BU / ACRE,112.0,
2023,YEAR,ALL PRODUCTION PRACTICES,TEXAS,TX,48,,,STATE,CORN,ALL CLASSES,GRAIN,YIELD,"CORN, GRAIN - YIELD, MEASURED IN BU / ACRE",BU / ACRE,122.0,
2022,YEAR,ALL PRODUCTION PRACTICES,TEXAS,TX,48,,,STATE,CORN,ALL CLASSES,GRAIN,YIELD,"CORN, GRAIN - YIELD, MEASURED IN BU / ACRE",BU / ACRE,95.0,
2021,YEAR,ALL PRODUCTION PRACTICES,TEXAS,TX,48,,,STATE,CORN,ALL CLASSES,GRAIN,YIELD,"CORN, GRAIN - YIELD, MEASURED IN BU / ACRE",BU / ACRE,128.0,
2025,YEAR,ALL PRODUCTION PRACTICES,UTAH,UT,49,,,STATE,CORN,ALL CLASSES,GRAIN,YIELD,"CORN, GRAIN - YIELD, MEASURED IN BU / ACRE",BU / ACRE,172.0,
2024,YEAR,ALL PRODUCTION PRACTICES,UTAH,UT,49,,,STATE,CORN,ALL CLASSES,GRAIN,YIELD,"CORN, GRAIN - YIELD, MEASURED IN BU / ACRE",BU / ACRE,167.0,
2023,YEAR,ALL PRODUCTION PRACTICES,UTAH,UT,49,,,STATE,CORN,ALL CLASSES,GRAIN,YIELD,"CORN, GRAIN - YIELD, MEASURED IN BU / ACRE",BU / ACRE,185.0,
2022,YEAR,ALL PRODUCTION PRACTICES,UTAH,UT,49,,,STATE,CORN,ALL CLASSES,GRAIN,YIELD,"CORN, GRAIN - YIELD, MEASURED IN BU / ACRE",BU / ACRE,165.0,
2021,YEAR,ALL PRODUCTION PRACTICES,UTAH,UT,49,,,STATE,CORN,ALL CLASSES,GRAIN,YIELD,"CORN, GRAIN - YIELD, MEASURED IN BU / ACRE",BU / ACRE,179.0,
2025,YEAR,ALL PRODUCTION PRACTICES,VIRGINIA,VA,51,,,STATE,CORN,ALL CLASSES,GRAIN,YIELD,"CORN, GRAIN - YIELD, MEASURED IN BU / ACRE",BU / ACRE,168.0,
2024,YEAR,ALL PRODUCTION PRACTICES,VIRGINIA,VA,51,,,STATE,CORN,ALL CLASSES,GRAIN,YIELD,"CORN, GRAIN - YIELD, MEASURED IN BU / ACRE",BU / ACRE,114.0,
2023,YEAR,ALL PRODUCTION PRACTICES,VIRGINIA,VA,51,,,STATE,CORN,ALL CLASSES,GRAIN,YIELD,"CORN, GRAIN - YIELD, MEASURED IN BU / ACRE",BU / ACRE,157.0,
2022,YEAR,ALL PRODUCTION PRACTICES,VIRGINIA,VA,51,,,STATE,CORN,ALL CLASSES,GRAIN,YIELD,"CORN, GRAIN - YIELD, MEASURED IN BU / ACRE",BU / ACRE,167.0,
2021,YEAR,ALL PRODUCTION PRACTICES,VIRGINIA,VA,51,,,STATE,CORN,ALL CLASSES,GRAIN,YIELD,"CORN, GRAIN - YIELD, MEASURED IN BU / ACRE",BU / ACRE,160.0,
2025,YEAR,ALL PRODUCTION PRACTICES,WASHINGTON,WA,53,,,STATE,CORN,ALL CLASSES,GRAIN,YIELD,"CORN, GRAIN - YIELD, MEASURED IN BU / ACRE",BU / ACRE,251.0,
2024,YEAR,ALL PRODUCTION PRACTICES,WASHINGTON,WA,53,,,STATE,CORN,ALL CLASSES,GRAIN,YIELD,"CORN, GRAIN - YIELD, MEASURED IN BU / ACRE",BU / ACRE,235.0,
2023,YEAR,ALL PRODUCTION PRACTICES,WASHINGTON,WA,53,,,STATE,CORN,ALL CLASSES,GRAIN,YIELD,"CORN, GRAIN - YIELD, MEASURED IN BU / ACRE",BU / ACRE,240.0,
2022,YEAR,ALL PRODUCTION PRACTICES,WASHINGTON,WA,53,,,STATE,CORN,ALL CLASSES,GRAIN,YIELD,"CORN, GRAIN - YIELD, MEASURED IN BU / ACRE",BU / ACRE,220.0,
2021,YEAR,ALL PRODUCTION PRACTICES,WASHINGTON,WA,53,,,STATE,CORN,ALL CLASSES,GRAIN,YIELD,"CORN, GRAIN - YIELD, MEASURED IN BU / ACRE",BU / ACRE,248.0,
2025,YEAR,ALL PRODUCTION PRACTICES,WEST VIRGINIA,WV,54,,,STATE,CORN,ALL CLASSES,GRAIN,YIELD,"CORN, GRAIN - YIELD, MEASURED IN BU / ACRE",BU / ACRE,153.0,
2024,YEAR,ALL PRODUCTION PRACTICES,WEST VIRGINIA,WV,54,,,STATE,CORN,ALL CLASSES,GRAIN,YIELD,"CORN, GRAIN - YIELD, MEASURED IN BU / ACRE",BU / ACRE,110.0,
2023,YEAR,ALL PRODUCTION PRACTICES,WEST VIRGINIA,WV,54,,,STATE,CORN,ALL CLASSES,GRAIN,YIELD,"CORN, GRAIN - YIELD, MEASURED IN BU / ACRE",BU / ACRE,145.0,
2022,YEAR,ALL PRODUCTION PRACTICES,WEST VIRGINIA,WV,54,,,STATE,CORN,ALL CLASSES,GRAIN,YIELD,"CORN, GRAIN - YIELD, MEASURED IN BU / ACRE",BU / ACRE,168.0,
2021,YEAR,ALL PRODUCTION PRACTICES,WEST VIRGINIA,WV,54,,,STATE,CORN,ALL CLASSES,GRAIN,YIELD,"CORN, GRAIN - YIELD, MEASURED IN BU / ACRE",BU / ACRE,144.0,
2025,YEAR,ALL PRODUCTION PRACTICES,WISCONSIN,WI,55,,,STATE,CORN,ALL CLASSES,GRAIN,YIELD,"CORN, GRAIN - YIELD, MEASURED IN BU / ACRE",BU / ACRE,188.0,
2024,YEAR,ALL PRODUCTION PRACTICES,WISCONSIN,WI,55,,,STATE,CORN,ALL CLASSES,GRAIN,YIELD,"CORN, GRAIN - YIELD, MEASURED IN BU / ACRE",BU / ACRE,174.0,
2023,YEAR,ALL PRODUCTION PRACTICES,WISCONSIN,WI,55,,,STATE,CORN,ALL CLASSES,GRAIN,YIELD,"CORN, GRAIN - YIELD, MEASURED IN BU / ACRE",BU / ACRE,176.0,
2022,YEAR,ALL PRODUCTION PRACTICES,WISCONSIN,WI,55,,,STATE,CORN,ALL CLASSES,GRAIN,YIELD,"CORN, GRAIN - YIELD, MEASURED IN BU / ACRE",BU / ACRE,180.0,
2021,YEAR,ALL PRODUCTION PRACTICES,WISCONSIN,WI,55,,,STATE,CORN,ALL CLASSES,GRAIN,YIELD,"CORN, GRAIN - YIELD, MEASURED IN BU / ACRE",BU / ACRE,180.0,
2025,YEAR,ALL PRODUCTION PRACTICES,WYOMING,WY,56,,,STATE,CORN,ALL CLASSES,GRAIN,YIELD,"CORN, GRAIN - YIELD, MEASURED IN BU / ACRE",BU / ACRE,145.0,
2024,YEAR,ALL PRODUCTION PRACTICES,WYOMING,WY,56,,,STATE,CORN,ALL CLASSES,GRAIN,YIELD,"CORN, GRAIN - YIELD, MEASURED IN BU / ACRE",BU / ACRE,155.0,
2023,YEAR,ALL PRODUCTION PRACTICES,WYOMING,WY,56,,,STATE,CORN,ALL CLASSES,GRAIN,YIELD,"CORN, GRAIN - YIELD, MEASURED IN BU / ACRE",BU / ACRE,153.0,
2022,YEAR,ALL PRODUCTION PRACTICES,WYOMING,WY,56,,,STATE,CORN,ALL CLASSES,GRAIN,YIELD,"CORN, GRAIN - YIELD, MEASURED IN BU / ACRE",BU / ACRE,153.0,
2021,YEAR,ALL PRODUCTION PRACTICES,WYOMING,WY,56,,,STATE,CORN,ALL CLASSES,GRAIN,YIELD,"CORN, GRAIN - YIELD, MEASURED IN BU / ACRE",BU / ACRE,132.0,
2021,YEAR,ALL PRODUCTION PRACTICES,OTHER STATES,OT,98,,,STATE,CORN,ALL CLASSES,SILAGE,YIELD,"CORN, SILAGE - YIELD, MEASURED IN TONS / ACRE",TONS / ACRE,0.0,
2025,YEAR,ALL PRODUCTION PRACTICES,ALABAMA,AL,01,,,STATE,CORN,ALL CLASSES,SILAGE,YIELD,"CORN, SILAGE - YIELD, MEASURED IN TONS / ACRE",TONS / ACRE,15.0,
2024,YEAR,ALL PRODUCTION PRACTICES,ALABAMA,AL,01,,,STATE,CORN,ALL CLASSES,SILAGE,YIELD,"CORN, SILAGE - YIELD, MEASURED IN TONS / ACRE",TONS / ACRE,16.0,
2023,YEAR,ALL PRODUCTION PRACTICES,ALABAMA,AL,01,,,STATE,CORN,ALL CLASSES,SILAGE,YIELD,"CORN, SILAGE - YIELD, MEASURED IN TONS / ACRE",TONS / ACRE,16.0,
2022,YEAR,ALL PRODUCTION PRACTICES,ALABAMA,AL,01,,,STATE,CORN,ALL CLASSES,SILAGE,YIELD,"CORN, SILAGE - YIELD, MEASURED IN TONS / ACRE",TONS / ACRE,15.0,
2021,YEAR,ALL PRODUCTION PRACTICES,ALABAMA,AL,01,,,STATE,CORN,ALL CLASSES,SILAGE,YIELD,"CORN, SILAGE - YIELD, MEASURED IN TONS / ACRE",TONS / ACRE,18.0,
2025,YEAR,ALL PRODUCTION PRACTICES,ARIZONA,AZ,04,,,STATE,CORN,ALL CLASSES,SILAGE,YIELD,"CORN, SILAGE - YIELD, MEASURED IN TONS / ACRE",TONS / ACRE,29.0,
2024,YEAR,ALL PRODUCTION PRACTICES,ARIZONA,AZ,04,,,STATE,CORN,ALL CLASSES,SILAGE,YIELD,"CORN, SILAGE - YIELD, MEASURED IN TONS / ACRE",TONS / ACRE,27.0,
2023,YEAR,ALL PRODUCTION PRACTICES,ARIZONA,AZ,04,,,STATE,CORN,ALL CLASSES,SILAGE,YIELD,"CORN, SILAGE - YIELD, MEASURED IN TONS / ACRE",TONS / ACRE,27.0,
2022,YEAR,ALL PRODUCTION PRACTICES,ARIZONA,AZ,04,,,STATE,CORN,ALL CLASSES,SILAGE,YIELD,"CORN, SILAGE - YIELD, MEASURED IN TONS / ACRE",TONS / ACRE,28.0,
2021,YEAR,ALL PRODUCTION PRACTICES,ARIZONA,AZ,04,,,STATE,CORN,ALL CLASSES,SILAGE,YIELD,"CORN, SILAGE - YIELD, MEASURED IN TONS / ACRE",TONS / ACRE,28.0,
2025,YEAR,ALL PRODUCTION PRACTICES,ARKANSAS,AR,05,,,STATE,CORN,ALL CLASSES,SILAGE,YIELD,"CORN, SILAGE - YIELD, MEASURED IN TONS / ACRE",TONS / ACRE,13.0,
2024,YEAR,ALL PRODUCTION PRACTICES,ARKANSAS,AR,05,,,STATE,CORN,ALL CLASSES,SILAGE,YIELD,"CORN, SILAGE - YIELD, MEASURED IN TONS / ACRE",TONS / ACRE,20.0,
2023,YEAR,ALL PRODUCTION PRACTICES,ARKANSAS,AR,05,,,STATE,CORN,ALL CLASSES,SILAGE,YIELD,"CORN, SILAGE - YIELD, MEASURED IN TONS / ACRE",TONS / ACRE,16.0,
2022,YEAR,ALL PRODUCTION PRACTICES,ARKANSAS,AR,05,,,STATE,CORN,ALL CLASSES,SILAGE,YIELD,"CORN, SILAGE - YIELD, MEASURED IN TONS / ACRE",TONS / ACRE,16.0,
2021,YEAR,ALL PRODUCTION PRACTICES,ARKANSAS,AR,05,,,STATE,CORN,ALL CLASSES,SILAGE,YIELD,"CORN, SILAGE - YIELD, MEASURED IN TONS / ACRE",TONS / ACRE,20.0,
2025,YEAR,ALL PRODUCTION PRACTICES,CALIFORNIA,CA,06,,,STATE,CORN,ALL CLASSES,SILAGE,YIELD,"CORN, SILAGE - YIELD, MEASURED IN TONS / ACRE",TONS / ACRE,27.0,
2024,YEAR,ALL PRODUCTION PRACTICES,CALIFORNIA,CA,06,,,STATE,CORN,ALL CLASSES,SILAGE,YIELD,"CORN, SILAGE - YIELD, MEASURED IN TONS / ACRE",TONS / ACRE,26.0,
2023,YEAR,ALL PRODUCTION PRACTICES,CALIFORNIA,CA,06,,,STATE,CORN,ALL CLASSES,SILAGE,YIELD,"CORN, SILAGE - YIELD, MEASURED IN TONS / ACRE",TONS / ACRE,26.0,
2022,YEAR,ALL PRODUCTION PRACTICES,CALIFORNIA,CA,06,,,STATE,CORN,ALL CLASSES,SILAGE,YIELD,"CORN, SILAGE - YIELD, MEASURED IN TONS / ACRE",TONS / ACRE,26.0,
2021,YEAR,ALL PRODUCTION PRACTICES,CALIFORNIA,CA,06,,,STATE,CORN,ALL CLASSES,SILAGE,YIELD,"CORN, SILAGE - YIELD, MEASURED IN TONS / ACRE",TONS / ACRE,28.0,
2025,YEAR,ALL PRODUCTION PRACTICES,COLORADO,CO,08,,,STATE,CORN,ALL CLASSES,SILAGE,YIELD,"CORN, SILAGE - YIELD, MEASURED IN TONS / ACRE",TONS / ACRE,23.0,
2024,YEAR,ALL PRODUCTION PRACTICES,COLORADO,CO,08,,,STATE,CORN,ALL CLASSES,SILAGE,YIELD,"CORN, SILAGE - YIELD, MEASURED IN TONS / ACRE",TONS / ACRE,22.5,
2023,YEAR,ALL PRODUCTION PRACTICES,COLORADO,CO,08,,,STATE,CORN,ALL CLASSES,SILAGE,YIELD,"CORN, SILAGE - YIELD, MEASURED IN TONS / ACRE",TONS / ACRE,24.5,
2022,YEAR,ALL PRODUCTION PRACTICES,COLORADO,CO,08,,,STATE,CORN,ALL CLASSES,SILAGE,YIELD,"CORN, SILAGE - YIELD, MEASURED IN TONS / ACRE",TONS / ACRE,19.5,
2021,YEAR,ALL PRODUCTION PRACTICES,COLORADO,CO,08,,,STATE,CORN,ALL CLASSES,SILAGE,YIELD,"CORN, SILAGE - YIELD, MEASURED IN TONS / ACRE",TONS / ACRE,24.5,
2025,YEAR,ALL PRODUCTION PRACTICES,CONNECTICUT,CT,09,,,STATE,CORN,ALL CLASSES,SILAGE,YIELD,"CORN, SILAGE - YIELD, MEASURED IN TONS / ACRE",TONS / ACRE,21.0,
2024,YEAR,ALL PRODUCTION PRACTICES,CONNECTICUT,CT,09,,,STATE,CORN,ALL CLASSES,SILAGE,YIELD,"CORN, SILAGE - YIELD, MEASURED IN TONS / ACRE",TONS / ACRE,20.0,
2023,YEAR,ALL PRODUCTION PRACTICES,CONNECTICUT,CT,09,,,STATE,CORN,ALL CLASSES,SILAGE,YIELD,"CORN, SILAGE - YIELD, MEASURED IN TONS / ACRE",TONS / ACRE,17.0,
2022,YEAR,ALL PRODUCTION PRACTICES,CONNECTICUT,CT,09,,,STATE,CORN,ALL CLASSES,SILAGE,YIELD,"CORN, SILAGE - YIELD, MEASURED IN TONS / ACRE",TONS / ACRE,20.0,
2021,YEAR,ALL PRODUCTION PRACTICES,CONNECTICUT,CT,09,,,STATE,CORN,ALL CLASSES,SILAGE,YIELD,"CORN, SILAGE - YIELD, MEASURED IN TONS / ACRE",TONS / ACRE,17.0,
2025,YEAR,ALL PRODUCTION PRACTICES,DELAWARE,DE,10,,,STATE,CORN,ALL CLASSES,SILAGE,YIELD,"CORN, SILAGE - YIELD, MEASURED IN TONS / ACRE",TONS / ACRE,25.0,
2024,YEAR,ALL PRODUCTION PRACTICES,DELAWARE,DE,10,,,STATE,CORN,ALL CLASSES,SILAGE,YIELD,"CORN, SILAGE - YIELD, MEASURED IN TONS / ACRE",TONS / ACRE,23.0,
2023,YEAR,ALL PRODUCTION PRACTICES,DELAWARE,DE,10,,,STATE,CORN,ALL CLASSES,SILAGE,YIELD,"CORN, SILAGE - YIELD, MEASURED IN TONS / ACRE",TONS / ACRE,25.0,
2022,YEAR,ALL PRODUCTION PRACTICES,DELAWARE,DE,10,,,STATE,CORN,ALL CLASSES,SILAGE,YIELD,"CORN, SILAGE - YIELD, MEASURED IN TONS / ACRE",TONS / ACRE,19.0,
2021,YEAR,ALL PRODUCTION PRACTICES,DELAWARE,DE,10,,,STATE,CORN,ALL CLASSES,SILAGE,YIELD,"CORN, SILAGE - YIELD, MEASURED IN TONS / ACRE",TONS / ACRE,21.0,
2025,YEAR,ALL PRODUCTION PRACTICES,FLORIDA,FL,12,,,STATE,CORN,ALL CLASSES,SILAGE,YIELD,"CORN, SILAGE - YIELD, MEASURED IN TONS / ACRE",TONS / ACRE,15.0,
2024,YEAR,ALL PRODUCTION PRACTICES,FLORIDA,FL,12,,,STATE,CORN,ALL CLASSES,SILAGE,YIELD,"CORN, SILAGE - YIELD, MEASURED IN TONS / ACRE",TONS / ACRE,16.0,
2023,YEAR,ALL PRODUCTION PRACTICES,FLORIDA,FL,12,,,STATE,CORN,ALL CLASSES,SILAGE,YIELD,"CORN, SILAGE - YIELD, MEASURED IN TONS / ACRE",TONS / ACRE,19.0,
2022,YEAR,ALL PRODUCTION PRACTICES,FLORIDA,FL,12,,,STATE,CORN,ALL CLASSES,SILAGE,YIELD,"CORN, SILAGE - YIELD, MEASURED IN TONS / ACRE",TONS / ACRE,17.0,
2021,YEAR,ALL PRODUCTION PRACTICES,FLORIDA,FL,12,,,STATE,CORN,ALL CLASSES,SILAGE,YIELD,"CORN, SILAGE - YIELD, MEASURED IN TONS / ACRE",TONS / ACRE,24.0,
2025,YEAR,ALL PRODUCTION PRACTICES,GEORGIA,GA,13,,,STATE,CORN,ALL CLASSES,SILAGE,YIELD,"CORN, SILAGE - YIELD, MEASURED IN TONS / ACRE",TONS / ACRE,22.0,
2024,YEAR,ALL PRODUCTION PRACTICES,GEORGIA,GA,13,,,STATE,CORN,ALL CLASSES,SILAGE,YIELD,"CORN, SILAGE - YIELD, MEASURED IN TONS / ACRE",TONS / ACRE,21.0,
2023,YEAR,ALL PRODUCTION PRACTICES,GEORGIA,GA,13,,,STATE,CORN,ALL CLASSES,SILAGE,YIELD,"CORN, SILAGE - YIELD, MEASURED IN TONS / ACRE",TONS / ACRE,23.0,
2022,YEAR,ALL PRODUCTION PRACTICES,GEORGIA,GA,13,,,STATE,CORN,ALL CLASSES,SILAGE,YIELD,"CORN, SILAGE - YIELD, MEASURED IN TONS / ACRE",TONS / ACRE,22.0,
2021,YEAR,ALL PRODUCTION PRACTICES,GEORGIA,GA,13,,,STATE,CORN,ALL CLASSES,SILAGE,YIELD,"CORN, SILAGE - YIELD, MEASURED IN TONS / ACRE",TONS / ACRE,22.0,
2025,YEAR,ALL PRODUCTION PRACTICES,IDAHO,ID,16,,,STATE,CORN,ALL CLASSES,SILAGE,YIELD,"CORN, SILAGE - YIELD, MEASURED IN TONS / ACRE",TONS / ACRE,31.0,
2024,YEAR,ALL PRODUCTION PRACTICES,IDAHO,ID,16,,,STATE,CORN,ALL CLASSES,SILAGE,YIELD,"CORN, SILAGE - YIELD, MEASURED IN TONS / ACRE",TONS / ACRE,30.0,
2023,YEAR,ALL PRODUCTION PRACTICES,IDAHO,ID,16,,,STATE,CORN,ALL CLASSES,SILAGE,YIELD,"CORN, SILAGE - YIELD, MEASURED IN TONS / ACRE",TONS / ACRE,28.0,
2022,YEAR,ALL PRODUCTION PRACTICES,IDAHO,ID,16,,,STATE,CORN,ALL CLASSES,SILAGE,YIELD,"CORN, SILAGE - YIELD, MEASURED IN TONS / ACRE",TONS / ACRE,29.0,
2021,YEAR,ALL PRODUCTION PRACTICES,IDAHO,ID,16,,,STATE,CORN,ALL CLASSES,SILAGE,YIELD,"CORN, SILAGE - YIELD, MEASURED IN TONS / ACRE",TONS / ACRE,29.0,
2025,YEAR,ALL PRODUCTION PRACTICES,ILLINOIS,IL,17,,,STATE,CORN,ALL CLASSES,SILAGE,YIELD,"CORN, SILAGE - YIELD, MEASURED IN TONS / ACRE",TONS / ACRE,20.0,
2024,YEAR,ALL PRODUCTION PRACTICES,ILLINOIS,IL,17,,,STATE,CORN,ALL CLASSES,SILAGE,YIELD,"CORN, SILAGE - YIELD, MEASURED IN TONS / ACRE",TONS / ACRE,24.0,
2023,YEAR,ALL PRODUCTION PRACTICES,ILLINOIS,IL,17,,,STATE,CORN,ALL CLASSES,SILAGE,YIELD,"CORN, SILAGE - YIELD, MEASURED IN TONS / ACRE",TONS / ACRE,20.0,
2022,YEAR,ALL PRODUCTION PRACTICES,ILLINOIS,IL,17,,,STATE,CORN,ALL CLASSES,SILAGE,YIELD,"CORN, SILAGE - YIELD, MEASURED IN TONS / ACRE",TONS / ACRE,23.0,
2021,YEAR,ALL PRODUCTION PRACTICES,ILLINOIS,IL,17,,,STATE,CORN,ALL CLASSES,SILAGE,YIELD,"CORN, SILAGE - YIELD, MEASURED IN TONS / ACRE",TONS / ACRE,20.0,
2025,YEAR,ALL PRODUCTION PRACTICES,INDIANA,IN,18,,,STATE,CORN,ALL CLASSES,SILAGE,YIELD,"CORN, SILAGE - YIELD, MEASURED IN TONS / ACRE",TONS / ACRE,22.0,
2024,YEAR,ALL PRODUCTION PRACTICES,INDIANA,IN,18,,,STATE,CORN,ALL CLASSES,SILAGE,YIELD,"CORN, SILAGE - YIELD, MEASURED IN TONS / ACRE",TONS / ACRE,23.0,
2023,YEAR,ALL PRODUCTION PRACTICES,INDIANA,IN,18,,,STATE,CORN,ALL CLASSES,SILAGE,YIELD,"CORN, SILAGE - YIELD, MEASURED IN TONS / ACRE",TONS / ACRE,22.0,
2022,YEAR,ALL PRODUCTION PRACTICES,INDIANA,IN,18,,,STATE,CORN,ALL CLASSES,SILAGE,YIELD,"CORN, SILAGE - YIELD, MEASURED IN TONS / ACRE",TONS / ACRE,22.0,
2021,YEAR,ALL PRODUCTION PRACTICES,INDIANA,IN,18,,,STATE,CORN,ALL CLASSES,SILAGE,YIELD,"CORN, SILAGE - YIELD, MEASURED IN TONS / ACRE",TONS / ACRE,22.0,
2025,YEAR,ALL PRODUCTION PRACTICES,IOWA,IA,19,,,STATE,CORN,ALL CLASSES,SILAGE,YIELD,"CORN, SILAGE - YIELD, MEASURED IN TONS / ACRE",TONS / ACRE,25.0,
2024,YEAR,ALL PRODUCTION PRACTICES,IOWA,IA,19,,,STATE,CORN,ALL CLASSES,SILAGE,YIELD,"CORN, SILAGE - YIELD, MEASURED IN TONS / ACRE",TONS / ACRE,24.0,
2023,YEAR,ALL PRODUCTION PRACTICES,IOWA,IA,19,,,STATE,CORN,ALL CLASSES,SILAGE,YIELD,"CORN, SILAGE - YIELD, MEASURED IN TONS / ACRE",TONS / ACRE,20.0,
2022,YEAR,ALL PRODUCTION PRACTICES,IOWA,IA,19,,,STATE,CORN,ALL CLASSES,SILAGE,YIELD,"CORN, SILAGE - YIELD, MEASURED IN TONS / ACRE",TONS / ACRE,21.0,
2021,YEAR,ALL PRODUCTION PRACTICES,IOWA,IA,19,,,STATE,CORN,ALL CLASSES,SILAGE,YIELD,"CORN, SILAGE - YIELD, MEASURED IN TONS / ACRE",TONS / ACRE,21.0,
2025,YEAR,ALL PRODUCTION PRACTICES,KANSAS,KS,20,,,STATE,CORN,ALL CLASSES,SILAGE,YIELD,"CORN, SILAGE - YIELD, MEASURED IN TONS / ACRE",TONS / ACRE,23.0,
2024,YEAR,ALL PRODUCTION PRACTICES,KANSAS,KS,20,,,STATE,CORN,ALL CLASSES,SILAGE,YIELD,"CORN, SILAGE - YIELD, MEASURED IN TONS / ACRE",TONS / ACRE,16.0,
2023,YEAR,ALL PRODUCTION PRACTICES,KANSAS,KS,20,,,STATE,CORN,ALL CLASSES,SILAGE,YIELD,"CORN, SILAGE - YIELD, MEASURED IN TONS / ACRE",TONS / ACRE,15.0,
2022,YEAR,ALL PRODUCTION PRACTICES,KANSAS,KS,20,,,STATE,CORN,ALL CLASSES,SILAGE,YIELD,"CORN, SILAGE - YIELD, MEASURED IN TONS / ACRE",TONS / ACRE,11.0,
2021,YEAR,ALL PRODUCTION PRACTICES,KANSAS,KS,20,,,STATE,CORN,ALL CLASSES,SILAGE,YIELD,"CORN, SILAGE - YIELD, MEASURED IN TONS / ACRE",TONS / ACRE,18.0,
2025,YEAR,ALL PRODUCTION PRACTICES,KENTUCKY,KY,21,,,STATE,CORN,ALL CLASSES,SILAGE,YIELD,"CORN, SILAGE - YIELD, MEASURED IN TONS / ACRE",TONS / ACRE,21.0,
2024,YEAR,ALL PRODUCTION PRACTICES,KENTUCKY,KY,21,,,STATE,CORN,ALL CLASSES,SILAGE,YIELD,"CORN, SILAGE - YIELD, MEASURED IN TONS / ACRE",TONS / ACRE,19.0,
2023,YEAR,ALL PRODUCTION PRACTICES,KENTUCKY,KY,21,,,STATE,CORN,ALL CLASSES,SILAGE,YIELD,"CORN, SILAGE - YIELD, MEASURED IN TONS / ACRE",TONS / ACRE,22.0,
2022,YEAR,ALL PRODUCTION PRACTICES,KENTUCKY,KY,21,,,STATE,CORN,ALL CLASSES,SILAGE,YIELD,"CORN, SILAGE - YIELD, MEASURED IN TONS / ACRE",TONS / ACRE,18.0,
2021,YEAR,ALL PRODUCTION PRACTICES,KENTUCKY,KY,21,,,STATE,CORN,ALL CLASSES,SILAGE,YIELD,"CORN, SILAGE - YIELD, MEASURED IN TONS / ACRE",TONS / ACRE,19.0,
2025,YEAR,ALL PRODUCTION PRACTICES,LOUISIANA,LA,22,,,STATE,CORN,ALL CLASSES,SILAGE,YIELD,"CORN, SILAGE - YIELD, MEASURED IN TONS / ACRE",TONS / ACRE,15.0,
2024,YEAR,ALL PRODUCTION PRACTICES,LOUISIANA,LA,22,,,STATE,CORN,ALL CLASSES,SILAGE,YIELD,"CORN, SILAGE - YIELD, MEASURED IN TONS / ACRE",TONS / ACRE,18.0,
2023,YEAR,ALL PRODUCTION PRACTICES,LOUISIANA,LA,22,,,STATE,CORN,ALL CLASSES,SILAGE,YIELD,"CORN, SILAGE - YIELD, MEASURED IN TONS / ACRE",TONS / ACRE,15.0,
2022,YEAR,ALL PRODUCTION PRACTICES,LOUISIANA,LA,22,,,STATE,CORN,ALL CLASSES,SILAGE,YIELD,"CORN, SILAGE - YIELD, MEASURED IN TONS / ACRE",TONS / ACRE,15.0,
2021,YEAR,ALL PRODUCTION PRACTICES,LOUISIANA,LA,22,,,STATE,CORN,ALL CLASSES,SILAGE,YIELD,"CORN, SILAGE - YIELD, MEASURED IN TONS / ACRE",TONS / ACRE,16.0,
2025,YEAR,ALL PRODUCTION PRACTICES,MAINE,ME,23,,,STATE,CORN,ALL CLASSES,SILAGE,YIELD,"CORN, SILAGE - YIELD, MEASURED IN TONS / ACRE",TONS / ACRE,13.0,
2024,YEAR,ALL PRODUCTION PRACTICES,MAINE,ME,23,,,STATE,CORN,ALL CLASSES,SILAGE,YIELD,"CORN, SILAGE - YIELD, MEASURED IN TONS / ACRE",TONS / ACRE,19.0,
2023,YEAR,ALL PRODUCTION PRACTICES,MAINE,ME,23,,,STATE,CORN,ALL CLASSES,SILAGE,YIELD,"CORN, SILAGE - YIELD, MEASURED IN TONS / ACRE",TONS / ACRE,15.0,
2022,YEAR,ALL PRODUCTION PRACTICES,MAINE,ME,23,,,STATE,CORN,ALL CLASSES,SILAGE,YIELD,"CORN, SILAGE - YIELD, MEASURED IN TONS / ACRE",TONS / ACRE,17.0,
2021,YEAR,ALL PRODUCTION PRACTICES,MAINE,ME,23,,,STATE,CORN,ALL CLASSES,SILAGE,YIELD,"CORN, SILAGE - YIELD, MEASURED IN TONS / ACRE",TONS / ACRE,21.0,
2025,YEAR,ALL PRODUCTION PRACTICES,MARYLAND,MD,24,,,STATE,CORN,ALL CLASSES,SILAGE,YIELD,"CORN, SILAGE - YIELD, MEASURED IN TONS / ACRE",TONS / ACRE,18.0,
2024,YEAR,ALL PRODUCTION PRACTICES,MARYLAND,MD,24,,,STATE,CORN,ALL CLASSES,SILAGE,YIELD,"CORN, SILAGE - YIELD, MEASURED IN TONS / ACRE",TONS / ACRE,16.0,
2023,YEAR,ALL PRODUCTION PRACTICES,MARYLAND,MD,24,,,STATE,CORN,ALL CLASSES,SILAGE,YIELD,"CORN, SILAGE - YIELD, MEASURED IN TONS / ACRE",TONS / ACRE,17.0,
2022,YEAR,ALL PRODUCTION PRACTICES,MARYLAND,MD,24,,,STATE,CORN,ALL CLASSES,SILAGE,YIELD,"CORN, SILAGE - YIELD, MEASURED IN TONS / ACRE",TONS / ACRE,19.0,
2021,YEAR,ALL PRODUCTION PRACTICES,MARYLAND,MD,24,,,STATE,CORN,ALL CLASSES,SILAGE,YIELD,"CORN, SILAGE - YIELD, MEASURED IN TONS / ACRE",TONS / ACRE,20.0,
2025,YEAR,ALL PRODUCTION PRACTICES,MASSACHUSETTS,MA,25,,,STATE,CORN,ALL CLASSES,SILAGE,YIELD,"CORN, SILAGE - YIELD, MEASURED IN TONS / ACRE",TONS / ACRE,17.0,
2024,YEAR,ALL PRODUCTION PRACTICES,MASSACHUSETTS,MA,25,,,STATE,CORN,ALL CLASSES,SILAGE,YIELD,"CORN, SILAGE - YIELD, MEASURED IN TONS / ACRE",TONS / ACRE,19.0,
2023,YEAR,ALL PRODUCTION PRACTICES,MASSACHUSETTS,MA,25,,,STATE,CORN,ALL CLASSES,SILAGE,YIELD,"CORN, SILAGE - YIELD, MEASURED IN TONS / ACRE",TONS / ACRE,16.0,
2022,YEAR,ALL PRODUCTION PRACTICES,MASSACHUSETTS,MA,25,,,STATE,CORN,ALL CLASSES,SILAGE,YIELD,"CORN, SILAGE - YIELD, MEASURED IN TONS / ACRE",TONS / ACRE,15.0,
2021,YEAR,ALL PRODUCTION PRACTICES,MASSACHUSETTS,MA,25,,,STATE,CORN,ALL CLASSES,SILAGE,YIELD,"CORN, SILAGE - YIELD, MEASURED IN TONS / ACRE",TONS / ACRE,17.0,
2025,YEAR,ALL PRODUCTION PRACTICES,MICHIGAN,MI,26,,,STATE,CORN,ALL CLASSES,SILAGE,YIELD,"CORN, SILAGE - YIELD, MEASURED IN TONS / ACRE",TONS / ACRE,22.5,
2024,YEAR,ALL PRODUCTION PRACTICES,MICHIGAN,MI,26,,,STATE,CORN,ALL CLASSES,SILAGE,YIELD,"CORN, SILAGE - YIELD, MEASURED IN TONS / ACRE",TONS / ACRE,20.5,
2023,YEAR,ALL PRODUCTION PRACTICES,MICHIGAN,MI,26,,,STATE,CORN,ALL CLASSES,SILAGE,YIELD,"CORN, SILAGE - YIELD, MEASURED IN TONS / ACRE",TONS / ACRE,20.0,
2022,YEAR,ALL PRODUCTION PRACTICES,MICHIGAN,MI,26,,,STATE,CORN,ALL CLASSES,SILAGE,YIELD,"CORN, SILAGE - YIELD, MEASURED IN TONS / ACRE",TONS / ACRE,20.0,
2021,YEAR,ALL PRODUCTION PRACTICES,MICHIGAN,MI,26,,,STATE,CORN,ALL CLASSES,SILAGE,YIELD,"CORN, SILAGE - YIELD, MEASURED IN TONS / ACRE",TONS / ACRE,20.5,
2025,YEAR,ALL PRODUCTION PRACTICES,MINNESOTA,MN,27,,,STATE,CORN,ALL CLASSES,SILAGE,YIELD,"CORN, SILAGE - YIELD, MEASURED IN TONS / ACRE",TONS / ACRE,23.0,
2024,YEAR,ALL PRODUCTION PRACTICES,MINNESOTA,MN,27,,,STATE,CORN,ALL CLASSES,SILAGE,YIELD,"CORN, SILAGE - YIELD, MEASURED IN TONS / ACRE",TONS / ACRE,21.0,
2023,YEAR,ALL PRODUCTION PRACTICES,MINNESOTA,MN,27,,,STATE,CORN,ALL CLASSES,SILAGE,YIELD,"CORN, SILAGE - YIELD, MEASURED IN TONS / ACRE",TONS / ACRE,18.5,
2022,YEAR,ALL PRODUCTION PRACTICES,MINNESOTA,MN,27,,,STATE,CORN,ALL CLASSES,SILAGE,YIELD,"CORN, SILAGE - YIELD, MEASURED IN TONS / ACRE",TONS / ACRE,21.5,
2021,YEAR,ALL PRODUCTION PRACTICES,MINNESOTA,MN,27,,,STATE,CORN,ALL CLASSES,SILAGE,YIELD,"CORN, SILAGE - YIELD, MEASURED IN TONS / ACRE",TONS / ACRE,19.0,
2025,YEAR,ALL PRODUCTION PRACTICES,MISSISSIPPI,MS,28,,,STATE,CORN,ALL CLASSES,SILAGE,YIELD,"CORN, SILAGE - YIELD, MEASURED IN TONS / ACRE",TONS / ACRE,18.0,
2024,YEAR,ALL PRODUCTION PRACTICES,MISSISSIPPI,MS,28,,,STATE,CORN,ALL CLASSES,SILAGE,YIELD,"CORN, SILAGE - YIELD, MEASURED IN TONS / ACRE",TONS / ACRE,16.0,
2023,YEAR,ALL PRODUCTION PRACTICES,MISSISSIPPI,MS,28,,,STATE,CORN,ALL CLASSES,SILAGE,YIELD,"CORN, SILAGE - YIELD, MEASURED IN TONS / ACRE",TONS / ACRE,15.0,
2022,YEAR,ALL PRODUCTION PRACTICES,MISSISSIPPI,MS,28,,,STATE,CORN,ALL CLASSES,SILAGE,YIELD,"CORN, SILAGE - YIELD, MEASURED IN TONS / ACRE",TONS / ACRE,15.0,
2021,YEAR,ALL PRODUCTION PRACTICES,MISSISSIPPI,MS,28,,,STATE,CORN,ALL CLASSES,SILAGE,YIELD,"CORN, SILAGE - YIELD, MEASURED IN TONS / ACRE",TONS / ACRE,17.0,
2025,YEAR,ALL PRODUCTION PRACTICES,MISSOURI,MO,29,,,STATE,CORN,ALL CLASSES,SILAGE,YIELD,"CORN, SILAGE - YIELD, MEASURED IN TONS / ACRE",TONS / ACRE,16.0,
2024,YEAR,ALL PRODUCTION PRACTICES,MISSOURI,MO,29,,,STATE,CORN,ALL CLASSES,SILAGE,YIELD,"CORN, SILAGE - YIELD, MEASURED IN TONS / ACRE",TONS / ACRE,18.0,
2023,YEAR,ALL PRODUCTION PRACTICES,MISSOURI,MO,29,,,STATE,CORN,ALL CLASSES,SILAGE,YIELD,"CORN, SILAGE - YIELD, MEASURED IN TONS / ACRE",TONS / ACRE,14.0,
2022,YEAR,ALL PRODUCTION PRACTICES,MISSOURI,MO,29,,,STATE,CORN,ALL CLASSES,SILAGE,YIELD,"CORN, SILAGE - YIELD, MEASURED IN TONS / ACRE",TONS / ACRE,11.0,
2021,YEAR,ALL PRODUCTION PRACTICES,MISSOURI,MO,29,,,STATE,CORN,ALL CLASSES,SILAGE,YIELD,"CORN, SILAGE - YIELD, MEASURED IN TONS / ACRE",TONS / ACRE,15.0,
2025,YEAR,ALL PRODUCTION PRACTICES,MONTANA,MT,30,,,STATE,CORN,ALL CLASSES,SILAGE,YIELD,"CORN, SILAGE - YIELD, MEASURED IN TONS / ACRE",TONS / ACRE,23.0,
2024,YEAR,ALL PRODUCTION PRACTICES,MONTANA,MT,30,,,STATE,CORN,ALL CLASSES,SILAGE,YIELD,"CORN, SILAGE - YIELD, MEASURED IN TONS / ACRE",TONS / ACRE,20.0,
2023,YEAR,ALL PRODUCTION PRACTICES,MONTANA,MT,30,,,STATE,CORN,ALL CLASSES,SILAGE,YIELD,"CORN, SILAGE - YIELD, MEASURED IN TONS / ACRE",TONS / ACRE,23.0,
2022,YEAR,ALL PRODUCTION PRACTICES,MONTANA,MT,30,,,STATE,CORN,ALL CLASSES,SILAGE,YIELD,"CORN, SILAGE - YIELD, MEASURED IN TONS / ACRE",TONS / ACRE,21.0,
2021,YEAR,ALL PRODUCTION PRACTICES,MONTANA,MT,30,,,STATE,CORN,ALL CLASSES,SILAGE,YIELD,"CORN, SILAGE - YIELD, MEASURED IN TONS / ACRE",TONS / ACRE,18.0,
2025,YEAR,ALL PRODUCTION PRACTICES,NEBRASKA,NE,31,,,STATE,CORN,ALL CLASSES,SILAGE,YIELD,"CORN, SILAGE - YIELD, MEASURED IN TONS / ACRE",TONS / ACRE,21.0,
2024,YEAR,ALL PRODUCTION PRACTICES,NEBRASKA,NE,31,,,STATE,CORN,ALL CLASSES,SILAGE,YIELD,"CORN, SILAGE - YIELD, MEASURED IN TONS / ACRE",TONS / ACRE,21.0,
2023,YEAR,ALL PRODUCTION PRACTICES,NEBRASKA,NE,31,,,STATE,CORN,ALL CLASSES,SILAGE,YIELD,"CORN, SILAGE - YIELD, MEASURED IN TONS / ACRE",TONS / ACRE,17.0,
2022,YEAR,ALL PRODUCTION PRACTICES,NEBRASKA,NE,31,,,STATE,CORN,ALL CLASSES,SILAGE,YIELD,"CORN, SILAGE - YIELD, MEASURED IN TONS / ACRE",TONS / ACRE,12.5,
2021,YEAR,ALL PRODUCTION PRACTICES,NEBRASKA,NE,31,,,STATE,CORN,ALL CLASSES,SILAGE,YIELD,"CORN, SILAGE - YIELD, MEASURED IN TONS / ACRE",TONS / ACRE,19.5,
2025,YEAR,ALL PRODUCTION PRACTICES,NEVADA,NV,32,,,STATE,CORN,ALL CLASSES,SILAGE,YIELD,"CORN, SILAGE - YIELD, MEASURED IN TONS / ACRE",TONS / ACRE,22.0,
2024,YEAR,ALL PRODUCTION PRACTICES,NEVADA,NV,32,,,STATE,CORN,ALL CLASSES,SILAGE,YIELD,"CORN, SILAGE - YIELD, MEASURED IN TONS / ACRE",TONS / ACRE,25.0,
2023,YEAR,ALL PRODUCTION PRACTICES,NEVADA,NV,32,,,STATE,CORN,ALL CLASSES,SILAGE,YIELD,"CORN, SILAGE - YIELD, MEASURED IN TONS / ACRE",TONS / ACRE,21.0,
2022,YEAR,ALL PRODUCTION PRACTICES,NEVADA,NV,32,,,STATE,CORN,ALL CLASSES,SILAGE,YIELD,"CORN, SILAGE - YIELD, MEASURED IN TONS / ACRE",TONS / ACRE,22.0,
2021,YEAR,ALL PRODUCTION PRACTICES,NEVADA,NV,32,,,STATE,CORN,ALL CLASSES,SILAGE,YIELD,"CORN, SILAGE - YIELD, MEASURED IN TONS / ACRE",TONS / ACRE,26.0,
2025,YEAR,ALL PRODUCTION PRACTICES,NEW HAMPSHIRE,NH,33,,,STATE,CORN,ALL CLASSES,SILAGE,YIELD,"CORN, SILAGE - YIELD, MEASURED IN TONS / ACRE",TONS / ACRE,17.0,
2024,YEAR,ALL PRODUCTION PRACTICES,NEW HAMPSHIRE,NH,33,,,STATE,CORN,ALL CLASSES,SILAGE,YIELD,"CORN, SILAGE - YIELD, MEASURED IN TONS / ACRE",TONS / ACRE,21.0,
2023,YEAR,ALL PRODUCTION PRACTICES,NEW HAMPSHIRE,NH,33,,,STATE,CORN,ALL CLASSES,SILAGE,YIELD,"CORN, SILAGE - YIELD, MEASURED IN TONS / ACRE",TONS / ACRE,18.0,
2022,YEAR,ALL PRODUCTION PRACTICES,NEW HAMPSHIRE,NH,33,,,STATE,CORN,ALL CLASSES,SILAGE,YIELD,"CORN, SILAGE - YIELD, MEASURED IN TONS / ACRE",TONS / ACRE,19.0,
2021,YEAR,ALL PRODUCTION PRACTICES,NEW HAMPSHIRE,NH,33,,,STATE,CORN,ALL CLASSES,SILAGE,YIELD,"CORN, SILAGE - YIELD, MEASURED IN TONS / ACRE",TONS / ACRE,21.0,
2025,YEAR,ALL PRODUCTION PRACTICES,NEW JERSEY,NJ,34,,,STATE,CORN,ALL CLASSES,SILAGE,YIELD,"CORN, SILAGE - YIELD, MEASURED IN TONS / ACRE",TONS / ACRE,20.0,
2024,YEAR,ALL PRODUCTION PRACTICES,NEW JERSEY,NJ,34,,,STATE,CORN,ALL CLASSES,SILAGE,YIELD,"CORN, SILAGE - YIELD, MEASURED IN TONS / ACRE",TONS / ACRE,17.0,
2023,YEAR,ALL PRODUCTION PRACTICES,NEW JERSEY,NJ,34,,,STATE,CORN,ALL CLASSES,SILAGE,YIELD,"CORN, SILAGE - YIELD, MEASURED IN TONS / ACRE",TONS / ACRE,18.0,
2022,YEAR,ALL PRODUCTION PRACTICES,NEW JERSEY,NJ,34,,,STATE,CORN,ALL CLASSES,SILAGE,YIELD,"CORN, SILAGE - YIELD, MEASURED IN TONS / ACRE",TONS / ACRE,16.0,
2021,YEAR,ALL PRODUCTION PRACTICES,NEW JERSEY,NJ,34,,,STATE,CORN,ALL CLASSES,SILAGE,YIELD,"CORN, SILAGE - YIELD, MEASURED IN TONS / ACRE",TONS / ACRE,20.0,
2025,YEAR,ALL PRODUCTION PRACTICES,NEW MEXICO,NM,35,,,STATE,CORN,ALL CLASSES,SILAGE,YIELD,"CORN, SILAGE - YIELD, MEASURED IN TONS / ACRE",TONS / ACRE,23.0,
2024,YEAR,ALL PRODUCTION PRACTICES,NEW MEXICO,NM,35,,,STATE,CORN,ALL CLASSES,SILAGE,YIELD,"CORN, SILAGE - YIELD, MEASURED IN TONS / ACRE",TONS / ACRE,22.0,
2023,YEAR,ALL PRODUCTION PRACTICES,NEW MEXICO,NM,35,,,STATE,CORN,ALL CLASSES,SILAGE,YIELD,"CORN, SILAGE - YIELD, MEASURED IN TONS / ACRE",TONS / ACRE,21.0,
2022,YEAR,ALL PRODUCTION PRACTICES,NEW MEXICO,NM,35,,,STATE,CORN,ALL CLASSES,SILAGE,YIELD,"CORN, SILAGE - YIELD, MEASURED IN TONS / ACRE",TONS / ACRE,24.0,
2021,YEAR,ALL PRODUCTION PRACTICES,NEW MEXICO,NM,35,,,STATE,CORN,ALL CLASSES,SILAGE,YIELD,"CORN, SILAGE - YIELD, MEASURED IN TONS / ACRE",TONS / ACRE,26.0,
2025,YEAR,ALL PRODUCTION PRACTICES,NEW YORK,NY,36,,,STATE,CORN,ALL CLASSES,SILAGE,YIELD,"CORN, SILAGE - YIELD, MEASURED IN TONS / ACRE",TONS / ACRE,17.0,
2024,YEAR,ALL PRODUCTION PRACTICES,NEW YORK,NY,36,,,STATE,CORN,ALL CLASSES,SILAGE,YIELD,"CORN, SILAGE - YIELD, MEASURED IN TONS / ACRE",TONS / ACRE,19.0,
2023,YEAR,ALL PRODUCTION PRACTICES,NEW YORK,NY,36,,,STATE,CORN,ALL CLASSES,SILAGE,YIELD,"CORN, SILAGE - YIELD, MEASURED IN TONS / ACRE",TONS / ACRE,20.0,
2022,YEAR,ALL PRODUCTION PRACTICES,NEW YORK,NY,36,,,STATE,CORN,ALL CLASSES,SILAGE,YIELD,"CORN, SILAGE - YIELD, MEASURED IN TONS / ACRE",TONS / ACRE,17.0,
2021,YEAR,ALL PRODUCTION PRACTICES,NEW YORK,NY,36,,,STATE,CORN,ALL CLASSES,SILAGE,YIELD,"CORN, SILAGE - YIELD, MEASURED IN TONS / ACRE",TONS / ACRE,19.0,
2025,YEAR,ALL PRODUCTION PRACTICES,NORTH CAROLINA,NC,37,,,STATE,CORN,ALL CLASSES,SILAGE,YIELD,"CORN, SILAGE - YIELD, MEASURED IN TONS / ACRE",TONS / ACRE,22.0,
2024,YEAR,ALL PRODUCTION PRACTICES,NORTH CAROLINA,NC,37,,,STATE,CORN,ALL CLASSES,SILAGE,YIELD,"CORN, SILAGE - YIELD, MEASURED IN TONS / ACRE",TONS / ACRE,12.0,
2023,YEAR,ALL PRODUCTION PRACTICES,NORTH CAROLINA,NC,37,,,STATE,CORN,ALL CLASSES,SILAGE,YIELD,"CORN, SILAGE - YIELD, MEASURED IN TONS / ACRE",TONS / ACRE,18.0,
2022,YEAR,ALL PRODUCTION PRACTICES,NORTH CAROLINA,NC,37,,,STATE,CORN,ALL CLASSES,SILAGE,YIELD,"CORN, SILAGE - YIELD, MEASURED IN TONS / ACRE",TONS / ACRE,14.0,
2021,YEAR,ALL PRODUCTION PRACTICES,NORTH CAROLINA,NC,37,,,STATE,CORN,ALL CLASSES,SILAGE,YIELD,"CORN, SILAGE - YIELD, MEASURED IN TONS / ACRE",TONS / ACRE,18.0,
2025,YEAR,ALL PRODUCTION PRACTICES,NORTH DAKOTA,ND,38,,,STATE,CORN,ALL CLASSES,SILAGE,YIELD,"CORN, SILAGE - YIELD, MEASURED IN TONS / ACRE",TONS / ACRE,19.0,
2024,YEAR,ALL PRODUCTION PRACTICES,NORTH DAKOTA,ND,38,,,STATE,CORN,ALL CLASSES,SILAGE,YIELD,"CORN, SILAGE - YIELD, MEASURED IN TONS / ACRE",TONS / ACRE,15.0,
2023,YEAR,ALL PRODUCTION PRACTICES,NORTH DAKOTA,ND,38,,,STATE,CORN,ALL CLASSES,SILAGE,YIELD,"CORN, SILAGE - YIELD, MEASURED IN TONS / ACRE",TONS / ACRE,17.5,
2022,YEAR,ALL PRODUCTION PRACTICES,NORTH DAKOTA,ND,38,,,STATE,CORN,ALL CLASSES,SILAGE,YIELD,"CORN, SILAGE - YIELD, MEASURED IN TONS / ACRE",TONS / ACRE,15.0,
2021,YEAR,ALL PRODUCTION PRACTICES,NORTH DAKOTA,ND,38,,,STATE,CORN,ALL CLASSES,SILAGE,YIELD,"CORN, SILAGE - YIELD, MEASURED IN TONS / ACRE",TONS / ACRE,7.5,
2025,YEAR,ALL PRODUCTION PRACTICES,OHIO,OH,39,,,STATE,CORN,ALL CLASSES,SILAGE,YIELD,"CORN, SILAGE - YIELD, MEASURED IN TONS / ACRE",TONS / ACRE,22.0,
2024,YEAR,ALL PRODUCTION PRACTICES,OHIO,OH,39,,,STATE,CORN,ALL CLASSES,SILAGE,YIELD,"CORN, SILAGE - YIELD, MEASURED IN TONS / ACRE",TONS / ACRE,20.0,
2023,YEAR,ALL PRODUCTION PRACTICES,OHIO,OH,39,,,STATE,CORN,ALL CLASSES,SILAGE,YIELD,"CORN, SILAGE - YIELD, MEASURED IN TONS / ACRE",TONS / ACRE,21.0,
2022,YEAR,ALL PRODUCTION PRACTICES,OHIO,OH,39,,,STATE,CORN,ALL CLASSES,SILAGE,YIELD,"CORN, SILAGE - YIELD, MEASURED IN TONS / ACRE",TONS / ACRE,22.0,
2021,YEAR,ALL PRODUCTION PRACTICES,OHIO,OH,39,,,STATE,CORN,ALL CLASSES,SILAGE,YIELD,"CORN, SILAGE - YIELD, MEASURED IN TONS / ACRE",TONS / ACRE,20.0,
2025,YEAR,ALL PRODUCTION PRACTICES,OKLAHOMA,OK,40,,,STATE,CORN,ALL CLASSES,SILAGE,YIELD,"CORN, SILAGE - YIELD, MEASURED IN TONS / ACRE",TONS / ACRE,14.0,
2024,YEAR,ALL PRODUCTION PRACTICES,OKLAHOMA,OK,40,,,STATE,CORN,ALL CLASSES,SILAGE,YIELD,"CORN, SILAGE - YIELD, MEASURED IN TONS / ACRE",TONS / ACRE,12.0,
2023,YEAR,ALL PRODUCTION PRACTICES,OKLAHOMA,OK,40,,,STATE,CORN,ALL CLASSES,SILAGE,YIELD,"CORN, SILAGE - YIELD, MEASURED IN TONS / ACRE",TONS / ACRE,14.0,
2022,YEAR,ALL PRODUCTION PRACTICES,OKLAHOMA,OK,40,,,STATE,CORN,ALL CLASSES,SILAGE,YIELD,"CORN, SILAGE - YIELD, MEASURED IN TONS / ACRE",TONS / ACRE,11.0,
2021,YEAR,ALL PRODUCTION PRACTICES,OKLAHOMA,OK,40,,,STATE,CORN,ALL CLASSES,SILAGE,YIELD,"CORN, SILAGE - YIELD, MEASURED IN TONS / ACRE",TONS / ACRE,12.0,
2025,YEAR,ALL PRODUCTION PRACTICES,OREGON,OR,41,,,STATE,CORN,ALL CLASSES,SILAGE,YIELD,"CORN, SILAGE - YIELD, MEASURED IN TONS / ACRE",TONS / ACRE,23.0,
2024,YEAR,ALL PRODUCTION PRACTICES,OREGON,OR,41,,,STATE,CORN,ALL CLASSES,SILAGE,YIELD,"CORN, SILAGE - YIELD, MEASURED IN TONS / ACRE",TONS / ACRE,23.0,
2023,YEAR,ALL PRODUCTION PRACTICES,OREGON,OR,41,,,STATE,CORN,ALL CLASSES,SILAGE,YIELD,"CORN, SILAGE - YIELD, MEASURED IN TONS / ACRE",TONS / ACRE,26.0,
2022,YEAR,ALL PRODUCTION PRACTICES,OREGON,OR,41,,,STATE,CORN,ALL CLASSES,SILAGE,YIELD,"CORN, SILAGE - YIELD, MEASURED IN TONS / ACRE",TONS / ACRE,28.0,
2021,YEAR,ALL PRODUCTION PRACTICES,OREGON,OR,41,,,STATE,CORN,ALL CLASSES,SILAGE,YIELD,"CORN, SILAGE - YIELD, MEASURED IN TONS / ACRE",TONS / ACRE,23.0,
2025,YEAR,ALL PRODUCTION PRACTICES,PENNSYLVANIA,PA,42,,,STATE,CORN,ALL CLASSES,SILAGE,YIELD,"CORN, SILAGE - YIELD, MEASURED IN TONS / ACRE",TONS / ACRE,20.0,
2024,YEAR,ALL PRODUCTION PRACTICES,PENNSYLVANIA,PA,42,,,STATE,CORN,ALL CLASSES,SILAGE,YIELD,"CORN, SILAGE - YIELD, MEASURED IN TONS / ACRE",TONS / ACRE,16.0,
2023,YEAR,ALL PRODUCTION PRACTICES,PENNSYLVANIA,PA,42,,,STATE,CORN,ALL CLASSES,SILAGE,YIELD,"CORN, SILAGE - YIELD, MEASURED IN TONS / ACRE",TONS / ACRE,20.0,
2022,YEAR,ALL PRODUCTION PRACTICES,PENNSYLVANIA,PA,42,,,STATE,CORN,ALL CLASSES,SILAGE,YIELD,"CORN, SILAGE - YIELD, MEASURED IN TONS / ACRE",TONS / ACRE,18.0,
2021,YEAR,ALL PRODUCTION PRACTICES,PENNSYLVANIA,PA,42,,,STATE,CORN,ALL CLASSES,SILAGE,YIELD,"CORN, SILAGE - YIELD, MEASURED IN TONS / ACRE",TONS / ACRE,21.0,
2025,YEAR,ALL PRODUCTION PRACTICES,RHODE ISLAND,RI,44,,,STATE,CORN,ALL CLASSES,SILAGE,YIELD,"CORN, SILAGE - YIELD, MEASURED IN TONS / ACRE",TONS / ACRE,12.0,
2024,YEAR,ALL PRODUCTION PRACTICES,RHODE ISLAND,RI,44,,,STATE,CORN,ALL CLASSES,SILAGE,YIELD,"CORN, SILAGE - YIELD, MEASURED IN TONS / ACRE",TONS / ACRE,18.0,
2023,YEAR,ALL PRODUCTION PRACTICES,RHODE ISLAND,RI,44,,,STATE,CORN,ALL CLASSES,SILAGE,YIELD,"CORN, SILAGE - YIELD, MEASURED IN TONS / ACRE",TONS / ACRE,21.0,
2022,YEAR,ALL PRODUCTION PRACTICES,RHODE ISLAND,RI,44,,,STATE,CORN,ALL CLASSES,SILAGE,YIELD,"CORN, SILAGE - YIELD, MEASURED IN TONS / ACRE",TONS / ACRE,16.0,
2021,YEAR,ALL PRODUCTION PRACTICES,RHODE ISLAND,RI,44,,,STATE,CORN,ALL CLASSES,SILAGE,YIELD,"CORN, SILAGE - YIELD, MEASURED IN TONS / ACRE",TONS / ACRE,21.0,
2025,YEAR,ALL PRODUCTION PRACTICES,SOUTH CAROLINA,SC,45,,,STATE,CORN,ALL CLASSES,SILAGE,YIELD,"CORN, SILAGE - YIELD, MEASURED IN TONS / ACRE",TONS / ACRE,19.0,
2024,YEAR,ALL PRODUCTION PRACTICES,SOUTH CAROLINA,SC,45,,,STATE,CORN,ALL CLASSES,SILAGE,YIELD,"CORN, SILAGE - YIELD, MEASURED IN TONS / ACRE",TONS / ACRE,18.0,
2023,YEAR,ALL PRODUCTION PRACTICES,SOUTH CAROLINA,SC,45,,,STATE,CORN,ALL CLASSES,SILAGE,YIELD,"CORN, SILAGE - YIELD, MEASURED IN TONS / ACRE",TONS / ACRE,19.0,
2022,YEAR,ALL PRODUCTION PRACTICES,SOUTH CAROLINA,SC,45,,,STATE,CORN,ALL CLASSES,SILAGE,YIELD,"CORN, SILAGE - YIELD, MEASURED IN TONS / ACRE",TONS / ACRE,14.0,
2021,YEAR,ALL PRODUCTION PRACTICES,SOUTH CAROLINA,SC,45,,,STATE,CORN,ALL CLASSES,SILAGE,YIELD,"CORN, SILAGE - YIELD, MEASURED IN TONS / ACRE",TONS / ACRE,19.0,
2025,YEAR,ALL PRODUCTION PRACTICES,SOUTH DAKOTA,SD,46,,,STATE,CORN,ALL CLASSES,SILAGE,YIELD,"CORN, SILAGE - YIELD, MEASURED IN TONS / ACRE",TONS / ACRE,17.0,
2024,YEAR,ALL PRODUCTION PRACTICES,SOUTH DAKOTA,SD,46,,,STATE,CORN,ALL CLASSES,SILAGE,YIELD,"CORN, SILAGE - YIELD, MEASURED IN TONS / ACRE",TONS / ACRE,15.0,
2023,YEAR,ALL PRODUCTION PRACTICES,SOUTH DAKOTA,SD,46,,,STATE,CORN,ALL CLASSES,SILAGE,YIELD,"CORN, SILAGE - YIELD, MEASURED IN TONS / ACRE",TONS / ACRE,17.0,
2022,YEAR,ALL PRODUCTION PRACTICES,SOUTH DAKOTA,SD,46,,,STATE,CORN,ALL CLASSES,SILAGE,YIELD,"CORN, SILAGE - YIELD, MEASURED IN TONS / ACRE",TONS / ACRE,12.0,
2021,YEAR,ALL PRODUCTION PRACTICES,SOUTH DAKOTA,SD,46,,,STATE,CORN,ALL CLASSES,SILAGE,YIELD,"CORN, SILAGE - YIELD, MEASURED IN TONS / ACRE",TONS / ACRE,12.0,
2025,YEAR,ALL PRODUCTION PRACTICES,TENNESSEE,TN,47,,,STATE,CORN,ALL CLASSES,SILAGE,YIELD,"CORN, SILAGE - YIELD, MEASURED IN TONS / ACRE",TONS / ACRE,19.0,
2024,YEAR,ALL PRODUCTION PRACTICES,TENNESSEE,TN,47,,,STATE,CORN,ALL CLASSES,SILAGE,YIELD,"CORN, SILAGE - YIELD, MEASURED IN TONS / ACRE",TONS / ACRE,17.0,
2023,YEAR,ALL PRODUCTION PRACTICES,TENNESSEE,TN,47,,,STATE,CORN,ALL CLASSES,SILAGE,YIELD,"CORN, SILAGE - YIELD, MEASURED IN TONS / ACRE",TONS / ACRE,20.0,
2022,YEAR,ALL PRODUCTION PRACTICES,TENNESSEE,TN,47,,,STATE,CORN,ALL CLASSES,SILAGE,YIELD,"CORN, SILAGE - YIELD, MEASURED IN TONS / ACRE",TONS / ACRE,16.0,
2021,YEAR,ALL PRODUCTION PRACTICES,TENNESSEE,TN,47,,,STATE,CORN,ALL CLASSES,SILAGE,YIELD,"CORN, SILAGE - YIELD, MEASURED IN TONS / ACRE",TONS / ACRE,19.0,
2025,YEAR,ALL PRODUCTION PRACTICES,TEXAS,TX,48,,,STATE,CORN,ALL CLASSES,SILAGE,YIELD,"CORN, SILAGE - YIELD, MEASURED IN TONS / ACRE",TONS / ACRE,22.0,
2024,YEAR,ALL PRODUCTION PRACTICES,TEXAS,TX,48,,,STATE,CORN,ALL CLASSES,SILAGE,YIELD,"CORN, SILAGE - YIELD, MEASURED IN TONS / ACRE",TONS / ACRE,18.0,
2023,YEAR,ALL PRODUCTION PRACTICES,TEXAS,TX,48,,,STATE,CORN,ALL CLASSES,SILAGE,YIELD,"CORN, SILAGE - YIELD, MEASURED IN TONS / ACRE",TONS / ACRE,18.0,
2022,YEAR,ALL PRODUCTION PRACTICES,TEXAS,TX,48,,,STATE,CORN,ALL CLASSES,SILAGE,YIELD,"CORN, SILAGE - YIELD, MEASURED IN TONS / ACRE",TONS / ACRE,15.0,
2021,YEAR,ALL PRODUCTION PRACTICES,TEXAS,TX,48,,,STATE,CORN,ALL CLASSES,SILAGE,YIELD,"CORN, SILAGE - YIELD, MEASURED IN TONS / ACRE",TONS / ACRE,21.0,
2025,YEAR,ALL PRODUCTION PRACTICES,UTAH,UT,49,,,STATE,CORN,ALL CLASSES,SILAGE,YIELD,"CORN, SILAGE - YIELD, MEASURED IN TONS / ACRE",TONS / ACRE,24.0,
2024,YEAR,ALL PRODUCTION PRACTICES,UTAH,UT,49,,,STATE,CORN,ALL CLASSES,SILAGE,YIELD,"CORN, SILAGE - YIELD, MEASURED IN TONS / ACRE",TONS / ACRE,23.0,
2023,YEAR,ALL PRODUCTION PRACTICES,UTAH,UT,49,,,STATE,CORN,ALL CLASSES,SILAGE,YIELD,"CORN, SILAGE - YIELD, MEASURED IN TONS / ACRE",TONS / ACRE,25.0,
2022,YEAR,ALL PRODUCTION PRACTICES,UTAH,UT,49,,,STATE,CORN,ALL CLASSES,SILAGE,YIELD,"CORN, SILAGE - YIELD, MEASURED IN TONS / ACRE",TONS / ACRE,24.0,
2021,YEAR,ALL PRODUCTION PRACTICES,UTAH,UT,49,,,STATE,CORN,ALL CLASSES,SILAGE,YIELD,"CORN, SILAGE - YIELD, MEASURED IN TONS / ACRE",TONS / ACRE,24.0,
2025,YEAR,ALL PRODUCTION PRACTICES,VERMONT,VT,50,,,STATE,CORN,ALL CLASSES,SILAGE,YIELD,"CORN, SILAGE - YIELD, MEASURED IN TONS / ACRE",TONS / ACRE,18.0,
2024,YEAR,ALL PRODUCTION PRACTICES,VERMONT,VT,50,,,STATE,CORN,ALL CLASSES,SILAGE,YIELD,"CORN, SILAGE - YIELD, MEASURED IN TONS / ACRE",TONS / ACRE,19.0,
2023,YEAR,ALL PRODUCTION PRACTICES,VERMONT,VT,50,,,STATE,CORN,ALL CLASSES,SILAGE,YIELD,"CORN, SILAGE - YIELD, MEASURED IN TONS / ACRE",TONS / ACRE,17.0,
2022,YEAR,ALL PRODUCTION PRACTICES,VERMONT,VT,50,,,STATE,CORN,ALL CLASSES,SILAGE,YIELD,"CORN, SILAGE - YIELD, MEASURED IN TONS / ACRE",TONS / ACRE,19.0,
2021,YEAR,ALL PRODUCTION PRACTICES,VERMONT,VT,50,,,STATE,CORN,ALL CLASSES,SILAGE,YIELD,"CORN, SILAGE - YIELD, MEASURED IN TONS / ACRE",TONS / ACRE,19.0,
2025,YEAR,ALL PRODUCTION PRACTICES,VIRGINIA,VA,51,,,STATE,CORN,ALL CLASSES,SILAGE,YIELD,"CORN, SILAGE - YIELD, MEASURED IN TONS / ACRE",TONS / ACRE,21.0,
2024,YEAR,ALL PRODUCTION PRACTICES,VIRGINIA,VA,51,,,STATE,CORN,ALL CLASSES,SILAGE,YIELD,"CORN, SILAGE - YIELD, MEASURED IN TONS / ACRE",TONS / ACRE,14.0,
2023,YEAR,ALL PRODUCTION PRACTICES,VIRGINIA,VA,51,,,STATE,CORN,ALL CLASSES,SILAGE,YIELD,"CORN, SILAGE - YIELD, MEASURED IN TONS / ACRE",TONS / ACRE,17.0,
2022,YEAR,ALL PRODUCTION PRACTICES,VIRGINIA,VA,51,,,STATE,CORN,ALL CLASSES,SILAGE,YIELD,"CORN, SILAGE - YIELD, MEASURED IN TONS / ACRE",TONS / ACRE,22.0,
2021,YEAR,ALL PRODUCTION PRACTICES,VIRGINIA,VA,51,,,STATE,CORN,ALL CLASSES,SILAGE,YIELD,"CORN, SILAGE - YIELD, MEASURED IN TONS / ACRE",TONS / ACRE,17.0,
2025,YEAR,ALL PRODUCTION PRACTICES,WASHINGTON,WA,53,,,STATE,CORN,ALL CLASSES,SILAGE,YIELD,"CORN, SILAGE - YIELD, MEASURED IN TONS / ACRE",TONS / ACRE,27.0,
2024,YEAR,ALL PRODUCTION PRACTICES,WASHINGTON,WA,53,,,STATE,CORN,ALL CLASSES,SILAGE,YIELD,"CORN, SILAGE - YIELD, MEASURED IN TONS / ACRE",TONS / ACRE,26.0,
2023,YEAR,ALL PRODUCTION PRACTICES,WASHINGTON,WA,53,,,STATE,CORN,ALL CLASSES,SILAGE,YIELD,"CORN, SILAGE - YIELD, MEASURED IN TONS / ACRE",TONS / ACRE,24.0,
2022,YEAR,ALL PRODUCTION PRACTICES,WASHINGTON,WA,53,,,STATE,CORN,ALL CLASSES,SILAGE,YIELD,"CORN, SILAGE - YIELD, MEASURED IN TONS / ACRE",TONS / ACRE,25.0,
2021,YEAR,ALL PRODUCTION PRACTICES,WASHINGTON,WA,53,,,STATE,CORN,ALL CLASSES,SILAGE,YIELD,"CORN, SILAGE - YIELD, MEASURED IN TONS / ACRE",TONS / ACRE,25.0,
2025,YEAR,ALL PRODUCTION PRACTICES,WEST VIRGINIA,WV,54,,,STATE,CORN,ALL CLASSES,SILAGE,YIELD,"CORN, SILAGE - YIELD, MEASURED IN TONS / ACRE",TONS / ACRE,19.0,
2024,YEAR,ALL PRODUCTION PRACTICES,WEST VIRGINIA,WV,54,,,STATE,CORN,ALL CLASSES,SILAGE,YIELD,"CORN, SILAGE - YIELD, MEASURED IN TONS / ACRE",TONS / ACRE,12.0,
2023,YEAR,ALL PRODUCTION PRACTICES,WEST VIRGINIA,WV,54,,,STATE,CORN,ALL CLASSES,SILAGE,YIELD,"CORN, SILAGE - YIELD, MEASURED IN TONS / ACRE",TONS / ACRE,17.0,
2022,YEAR,ALL PRODUCTION PRACTICES,WEST VIRGINIA,WV,54,,,STATE,CORN,ALL CLASSES,SILAGE,YIELD,"CORN, SILAGE - YIELD, MEASURED IN TONS / ACRE",TONS / ACRE,21.0,
2021,YEAR,ALL PRODUCTION PRACTICES,WEST VIRGINIA,WV,54,,,STATE,CORN,ALL CLASSES,SILAGE,YIELD,"CORN, SILAGE - YIELD, MEASURED IN TONS / ACRE",TONS / ACRE,18.0,
2025,YEAR,ALL PRODUCTION PRACTICES,WISCONSIN,WI,55,,,STATE,CORN,ALL CLASSES,SILAGE,YIELD,"CORN, SILAGE - YIELD, MEASURED IN TONS / ACRE",TONS / ACRE,22.0,
2024,YEAR,ALL PRODUCTION PRACTICES,WISCONSIN,WI,55,,,STATE,CORN,ALL CLASSES,SILAGE,YIELD,"CORN, SILAGE - YIELD, MEASURED IN TONS / ACRE",TONS / ACRE,20.0,
2023,YEAR,ALL PRODUCTION PRACTICES,WISCONSIN,WI,55,,,STATE,CORN,ALL CLASSES,SILAGE,YIELD,"CORN, SILAGE - YIELD, MEASURED IN TONS / ACRE",TONS / ACRE,21.0,
2022,YEAR,ALL PRODUCTION PRACTICES,WISCONSIN,WI,55,,,STATE,CORN,ALL CLASSES,SILAGE,YIELD,"CORN, SILAGE - YIELD, MEASURED IN TONS / ACRE",TONS / ACRE,22.5,
2021,YEAR,ALL PRODUCTION PRACTICES,WISCONSIN,WI,55,,,STATE,CORN,ALL CLASSES,SILAGE,YIELD,"CORN, SILAGE - YIELD, MEASURED IN TONS / ACRE",TONS / ACRE,21.5,
2025,YEAR,ALL PRODUCTION PRACTICES,WYOMING,WY,56,,,STATE,CORN,ALL CLASSES,SILAGE,YIELD,"CORN, SILAGE - YIELD, MEASURED IN TONS / ACRE",TONS / ACRE,23.0,
2024,YEAR,ALL PRODUCTION PRACTICES,WYOMING,WY,56,,,STATE,CORN,ALL CLASSES,SILAGE,YIELD,"CORN, SILAGE - YIELD, MEASURED IN TONS / ACRE",TONS / ACRE,23.0,
2023,YEAR,ALL PRODUCTION PRACTICES,WYOMING,WY,56,,,STATE,CORN,ALL CLASSES,SILAGE,YIELD,"CORN, SILAGE - YIELD, MEASURED IN TONS / ACRE",TONS / ACRE,23.0,
2022,YEAR,ALL PRODUCTION PRACTICES,WYOMING,WY,56,,,STATE,CORN,ALL CLASSES,SILAGE,YIELD,"CORN, SILAGE - YIELD, MEASURED IN TONS / ACRE",TONS / ACRE,24.0,
2021,YEAR,ALL PRODUCTION PRACTICES,WYOMING,WY,56,,,STATE,CORN,ALL CLASSES,SILAGE,YIELD,"CORN, SILAGE - YIELD, MEASURED IN TONS / ACRE",TONS / ACRE,23.0,
2024,YEAR,ALL PRODUCTION PRACTICES,OTHER STATES,OT,98,,,STATE,CORN,ALL CLASSES,ALL UTILIZATION PRACTICES,AREA PLANTED,CORN - ACRES PLANTED,ACRES,767000.0,
2023,YEAR,ALL PRODUCTION PRACTICES,OTHER STATES,OT,98,,,STATE,CORN,ALL CLASSES,ALL UTILIZATION PRACTICES,AREA PLANTED,CORN - ACRES PLANTED,ACRES,0.0,
2022,YEAR,ALL PRODUCTION PRACTICES,OTHER STATES,OT,98,,,STATE,CORN,ALL CLASSES,ALL UTILIZATION PRACTICES,AREA PLANTED,CORN - ACRES PLANTED,ACRES,0.0,
2021,YEAR,ALL PRODUCTION PRACTICES,OTHER STATES,OT,98,,,STATE,CORN,ALL CLASSES,ALL UTILIZATION PRACTICES,AREA PLANTED,CORN - ACRES PLANTED,ACRES,0.0,
2025,YEAR,ALL PRODUCTION PRACTICES,ALABAMA,AL,01,,,STATE,CORN,ALL CLASSES,ALL UTILIZATION PRACTICES,AREA PLANTED,CORN - ACRES PLANTED,ACRES,350000.0,
2024,YEAR,ALL PRODUCTION PRACTICES,ALABAMA,AL,01,,,STATE,CORN,ALL CLASSES,ALL UTILIZATION PRACTICES,AREA PLANTED,CORN - ACRES PLANTED,ACRES,280000.0,
2023,YEAR,ALL PRODUCTION PRACTICES,ALABAMA,AL,01,,,STATE,CORN,ALL CLASSES,ALL UTILIZATION PRACTICES,AREA PLANTED,CORN - ACRES PLANTED,ACRES,330000.0,
2022,YEAR,ALL PRODUCTION PRACTICES,ALABAMA,AL,01,,,STATE,CORN,ALL CLASSES,ALL UTILIZATION PRACTICES,AREA PLANTED,CORN - ACRES PLANTED,ACRES,300000.0,
2021,YEAR,ALL PRODUCTION PRACTICES,ALABAMA,AL,01,,,STATE,CORN,ALL CLASSES,ALL UTILIZATION PRACTICES,AREA PLANTED,CORN - ACRES PLANTED,ACRES,330000.0,
2025,YEAR,ALL PRODUCTION PRACTICES,ARIZONA,AZ,04,,,STATE,CORN,ALL CLASSES,ALL UTILIZATION PRACTICES,AREA PLANTED,CORN - ACRES PLANTED,ACRES,65000.0,
2024,YEAR,ALL PRODUCTION PRACTICES,ARIZONA,AZ,04,,,STATE,CORN,ALL CLASSES,ALL UTILIZATION PRACTICES,AREA PLANTED,CORN - ACRES PLANTED,ACRES,70000.0,
2023,YEAR,ALL PRODUCTION PRACTICES,ARIZONA,AZ,04,,,STATE,CORN,ALL CLASSES,ALL UTILIZATION PRACTICES,AREA PLANTED,CORN - ACRES PLANTED,ACRES,105000.0,
2022,YEAR,ALL PRODUCTION PRACTICES,ARIZONA,AZ,04,,,STATE,CORN,ALL CLASSES,ALL UTILIZATION PRACTICES,AREA PLANTED,CORN - ACRES PLANTED,ACRES,90000.0,
2021,YEAR,ALL PRODUCTION PRACTICES,ARIZONA,AZ,04,,,STATE,CORN,ALL CLASSES,ALL UTILIZATION PRACTICES,AREA PLANTED,CORN - ACRES PLANTED,ACRES,95000.0,
2025,YEAR,ALL PRODUCTION PRACTICES,ARKANSAS,AR,05,,,STATE,CORN,ALL CLASSES,ALL UTILIZATION PRACTICES,AREA PLANTED,CORN - ACRES PLANTED,ACRES,810000.0,
2024,YEAR,ALL PRODUCTION PRACTICES,ARKANSAS,AR,05,,,STATE,CORN,ALL CLASSES,ALL UTILIZATION PRACTICES,AREA PLANTED,CORN - ACRES PLANTED,ACRES,500000.0,
2023,YEAR,ALL PRODUCTION PRACTICES,ARKANSAS,AR,05,,,STATE,CORN,ALL CLASSES,ALL UTILIZATION PRACTICES,AREA PLANTED,CORN - ACRES PLANTED,ACRES,850000.0,
2022,YEAR,ALL PRODUCTION PRACTICES,ARKANSAS,AR,05,,,STATE,CORN,ALL CLASSES,ALL UTILIZATION PRACTICES,AREA PLANTED,CORN - ACRES PLANTED,ACRES,710000.0,
2021,YEAR,ALL PRODUCTION PRACTICES,ARKANSAS,AR,05,,,STATE,CORN,ALL CLASSES,ALL UTILIZATION PRACTICES,AREA PLANTED,CORN - ACRES PLANTED,ACRES,850000.0,
2025,YEAR,ALL PRODUCTION PRACTICES,CALIFORNIA,CA,06,,,STATE,CORN,ALL CLASSES,ALL UTILIZATION PRACTICES,AREA PLANTED,CORN - ACRES PLANTED,ACRES,420000.0,
2024,YEAR,ALL PRODUCTION PRACTICES,CALIFORNIA,CA,06,,,STATE,CORN,ALL CLASSES,ALL UTILIZATION PRACTICES,AREA PLANTED,CORN - ACRES PLANTED,ACRES,440000.0,
2023,YEAR,ALL PRODUCTION PRACTICES,CALIFORNIA,CA,06,,,STATE,CORN,ALL CLASSES,ALL UTILIZATION PRACTICES,AREA PLANTED,CORN - ACRES PLANTED,ACRES,400000.0,
2022,YEAR,ALL PRODUCTION PRACTICES,CALIFORNIA,CA,06,,,STATE,CORN,ALL CLASSES,ALL UTILIZATION PRACTICES,AREA PLANTED,CORN - ACRES PLANTED,ACRES,360000.0,
2021,YEAR,ALL PRODUCTION PRACTICES,CALIFORNIA,CA,06,,,STATE,CORN,ALL CLASSES,ALL UTILIZATION PRACTICES,AREA PLANTED,CORN - ACRES PLANTED,ACRES,400000.0,
2025,YEAR,ALL PRODUCTION PRACTICES,COLORADO,CO,08,,,STATE,CORN,ALL CLASSES,ALL UTILIZATION PRACTICES,AREA PLANTED,CORN - ACRES PLANTED,ACRES,1500000.0,
2024,YEAR,ALL PRODUCTION PRACTICES,COLORADO,CO,08,,,STATE,CORN,ALL CLASSES,ALL UTILIZATION PRACTICES,AREA PLANTED,CORN - ACRES PLANTED,ACRES,1460000.0,
2023,YEAR,ALL PRODUCTION PRACTICES,COLORADO,CO,08,,,STATE,CORN,ALL CLASSES,ALL UTILIZATION PRACTICES,AREA PLANTED,CORN - ACRES PLANTED,ACRES,1330000.0,
2022,YEAR,ALL PRODUCTION PRACTICES,COLORADO,CO,08,,,STATE,CORN,ALL CLASSES,ALL UTILIZATION PRACTICES,AREA PLANTED,CORN - ACRES PLANTED,ACRES,1340000.0,
2021,YEAR,ALL PRODUCTION PRACTICES,COLORADO,CO,08,,,STATE,CORN,ALL CLASSES,ALL UTILIZATION PRACTICES,AREA PLANTED,CORN - ACRES PLANTED,ACRES,1370000.0,
2025,YEAR,ALL PRODUCTION PRACTICES,CONNECTICUT,CT,09,,,STATE,CORN,ALL CLASSES,ALL UTILIZATION PRACTICES,AREA PLANTED,CORN - ACRES PLANTED,ACRES,23000.0,
2024,YEAR,ALL PRODUCTION PRACTICES,CONNECTICUT,CT,09,,,STATE,CORN,ALL CLASSES,ALL UTILIZATION PRACTICES,AREA PLANTED,CORN - ACRES PLANTED,ACRES,24000.0,
2023,YEAR,ALL PRODUCTION PRACTICES,CONNECTICUT,CT,09,,,STATE,CORN,ALL CLASSES,ALL UTILIZATION PRACTICES,AREA PLANTED,CORN - ACRES PLANTED,ACRES,24000.0,
2022,YEAR,ALL PRODUCTION PRACTICES,CONNECTICUT,CT,09,,,STATE,CORN,ALL CLASSES,ALL UTILIZATION PRACTICES,AREA PLANTED,CORN - ACRES PLANTED,ACRES,24000.0,
2021,YEAR,ALL PRODUCTION PRACTICES,CONNECTICUT,CT,09,,,STATE,CORN,ALL CLASSES,ALL UTILIZATION PRACTICES,AREA PLANTED,CORN - ACRES PLANTED,ACRES,24000.0,
2025,YEAR,ALL PRODUCTION PRACTICES,DELAWARE,DE,10,,,STATE,CORN,ALL CLASSES,ALL UTILIZATION PRACTICES,AREA PLANTED,CORN - ACRES PLANTED,ACRES,175000.0,
2024,YEAR,ALL PRODUCTION PRACTICES,DELAWARE,DE,10,,,STATE,CORN,ALL CLASSES,ALL UTILIZATION PRACTICES,AREA PLANTED,CORN - ACRES PLANTED,ACRES,165000.0,
2023,YEAR,ALL PRODUCTION PRACTICES,DELAWARE,DE,10,,,STATE,CORN,ALL CLASSES,ALL UTILIZATION PRACTICES,AREA PLANTED,CORN - ACRES PLANTED,ACRES,175000.0,
2022,YEAR,ALL PRODUCTION PRACTICES,DELAWARE,DE,10,,,STATE,CORN,ALL CLASSES,ALL UTILIZATION PRACTICES,AREA PLANTED,CORN - ACRES PLANTED,ACRES,160000.0,
2021,YEAR,ALL PRODUCTION PRACTICES,DELAWARE,DE,10,,,STATE,CORN,ALL CLASSES,ALL UTILIZATION PRACTICES,AREA PLANTED,CORN - ACRES PLANTED,ACRES,170000.0,
2025,YEAR,ALL PRODUCTION PRACTICES,FLORIDA,FL,12,,,STATE,CORN,ALL CLASSES,ALL UTILIZATION PRACTICES,AREA PLANTED,CORN - ACRES PLANTED,ACRES,85000.0,
2024,YEAR,ALL PRODUCTION PRACTICES,FLORIDA,FL,12,,,STATE,CORN,ALL CLASSES,ALL UTILIZATION PRACTICES,AREA PLANTED,CORN - ACRES PLANTED,ACRES,85000.0,
2023,YEAR,ALL PRODUCTION PRACTICES,FLORIDA,FL,12,,,STATE,CORN,ALL CLASSES,ALL UTILIZATION PRACTICES,AREA PLANTED,CORN - ACRES PLANTED,ACRES,90000.0,
2022,YEAR,ALL PRODUCTION PRACTICES,FLORIDA,FL,12,,,STATE,CORN,ALL CLASSES,ALL UTILIZATION PRACTICES,AREA PLANTED,CORN - ACRES PLANTED,ACRES,85000.0,
2021,YEAR,ALL PRODUCTION PRACTICES,FLORIDA,FL,12,,,STATE,CORN,ALL CLASSES,ALL UTILIZATION PRACTICES,AREA PLANTED,CORN - ACRES PLANTED,ACRES,95000.0,
2025,YEAR,ALL PRODUCTION PRACTICES,GEORGIA,GA,13,,,STATE,CORN,ALL CLASSES,ALL UTILIZATION PRACTICES,AREA PLANTED,CORN - ACRES PLANTED,ACRES,550000.0,
2024,YEAR,ALL PRODUCTION PRACTICES,GEORGIA,GA,13,,,STATE,CORN,ALL CLASSES,ALL UTILIZATION PRACTICES,AREA PLANTED,CORN - ACRES PLANTED,ACRES,375000.0,
2023,YEAR,ALL PRODUCTION PRACTICES,GEORGIA,GA,13,,,STATE,CORN,ALL CLASSES,ALL UTILIZATION PRACTICES,AREA PLANTED,CORN - ACRES PLANTED,ACRES,485000.0,
2022,YEAR,ALL PRODUCTION PRACTICES,GEORGIA,GA,13,,,STATE,CORN,ALL CLASSES,ALL UTILIZATION PRACTICES,AREA PLANTED,CORN - ACRES PLANTED,ACRES,415000.0,
2021,YEAR,ALL PRODUCTION PRACTICES,GEORGIA,GA,13,,,STATE,CORN,ALL CLASSES,ALL UTILIZATION PRACTICES,AREA PLANTED,CORN - ACRES PLANTED,ACRES,470000.0,
2025,YEAR,ALL PRODUCTION PRACTICES,IDAHO,ID,16,,,STATE,CORN,ALL CLASSES,ALL UTILIZATION PRACTICES,AREA PLANTED,CORN - ACRES PLANTED,ACRES,430000.0,
2024,YEAR,ALL PRODUCTION PRACTICES,IDAHO,ID,16,,,STATE,CORN,ALL CLASSES,ALL UTILIZATION PRACTICES,AREA PLANTED,CORN - ACRES PLANTED,ACRES,380000.0,
2023,YEAR,ALL PRODUCTION PRACTICES,IDAHO,ID,16,,,STATE,CORN,ALL CLASSES,ALL UTILIZATION PRACTICES,AREA PLANTED,CORN - ACRES PLANTED,ACRES,360000.0,
2022,YEAR,ALL PRODUCTION PRACTICES,IDAHO,ID,16,,,STATE,CORN,ALL CLASSES,ALL UTILIZATION PRACTICES,AREA PLANTED,CORN - ACRES PLANTED,ACRES,310000.0,
2021,YEAR,ALL PRODUCTION PRACTICES,IDAHO,ID,16,,,STATE,CORN,ALL CLASSES,ALL UTILIZATION PRACTICES,AREA PLANTED,CORN - ACRES PLANTED,ACRES,380000.0,
2025,YEAR,ALL PRODUCTION PRACTICES,ILLINOIS,IL,17,,,STATE,CORN,ALL CLASSES,ALL UTILIZATION PRACTICES,AREA PLANTED,CORN - ACRES PLANTED,ACRES,11200000.0,
2024,YEAR,ALL PRODUCTION PRACTICES,ILLINOIS,IL,17,,,STATE,CORN,ALL CLASSES,ALL UTILIZATION PRACTICES,AREA PLANTED,CORN - ACRES PLANTED,ACRES,10800000.0,
2023,YEAR,ALL PRODUCTION PRACTICES,ILLINOIS,IL,17,,,STATE,CORN,ALL CLASSES,ALL UTILIZATION PRACTICES,AREA PLANTED,CORN - ACRES PLANTED,ACRES,11200000.0,
2022,YEAR,ALL PRODUCTION PRACTICES,ILLINOIS,IL,17,,,STATE,CORN,ALL CLASSES,ALL UTILIZATION PRACTICES,AREA PLANTED,CORN - ACRES PLANTED,ACRES,10800000.0,
2021,YEAR,ALL PRODUCTION PRACTICES,ILLINOIS,IL,17,,,STATE,CORN,ALL CLASSES,ALL UTILIZATION PRACTICES,AREA PLANTED,CORN - ACRES PLANTED,ACRES,11000000.0,
2025,YEAR,ALL PRODUCTION PRACTICES,INDIANA,IN,18,,,STATE,CORN,ALL CLASSES,ALL UTILIZATION PRACTICES,AREA PLANTED,CORN - ACRES PLANTED,ACRES,5400000.0,
2024,YEAR,ALL PRODUCTION PRACTICES,INDIANA,IN,18,,,STATE,CORN,ALL CLASSES,ALL UTILIZATION PRACTICES,AREA PLANTED,CORN - ACRES PLANTED,ACRES,5200000.0,
2023,YEAR,ALL PRODUCTION PRACTICES,INDIANA,IN,18,,,STATE,CORN,ALL CLASSES,ALL UTILIZATION PRACTICES,AREA PLANTED,CORN - ACRES PLANTED,ACRES,5450000.0,
2022,YEAR,ALL PRODUCTION PRACTICES,INDIANA,IN,18,,,STATE,CORN,ALL CLASSES,ALL UTILIZATION PRACTICES,AREA PLANTED,CORN - ACRES PLANTED,ACRES,5250000.0,
2021,YEAR,ALL PRODUCTION PRACTICES,INDIANA,IN,18,,,STATE,CORN,ALL CLASSES,ALL UTILIZATION PRACTICES,AREA PLANTED,CORN - ACRES PLANTED,ACRES,5400000.0,
2025,YEAR,ALL PRODUCTION PRACTICES,IOWA,IA,19,,,STATE,CORN,ALL CLASSES,ALL UTILIZATION PRACTICES,AREA PLANTED,CORN - ACRES PLANTED,ACRES,13550000.0,
2024,YEAR,ALL PRODUCTION PRACTICES,IOWA,IA,19,,,STATE,CORN,ALL CLASSES,ALL UTILIZATION PRACTICES,AREA PLANTED,CORN - ACRES PLANTED,ACRES,12900000.0,
2023,YEAR,ALL PRODUCTION PRACTICES,IOWA,IA,19,,,STATE,CORN,ALL CLASSES,ALL UTILIZATION PRACTICES,AREA PLANTED,CORN - ACRES PLANTED,ACRES,13100000.0,
2022,YEAR,ALL PRODUCTION PRACTICES,IOWA,IA,19,,,STATE,CORN,ALL CLASSES,ALL UTILIZATION PRACTICES,AREA PLANTED,CORN - ACRES PLANTED,ACRES,12900000.0,
2021,YEAR,ALL PRODUCTION PRACTICES,IOWA,IA,19,,,STATE,CORN,ALL CLASSES,ALL UTILIZATION PRACTICES,AREA PLANTED,CORN - ACRES PLANTED,ACRES,12900000.0,
2025,YEAR,ALL PRODUCTION PRACTICES,KANSAS,KS,20,,,STATE,CORN,ALL CLASSES,ALL UTILIZATION PRACTICES,AREA PLANTED,CORN - ACRES PLANTED,ACRES,6850000.0,
2024,YEAR,ALL PRODUCTION PRACTICES,KANSAS,KS,20,,,STATE,CORN,ALL CLASSES,ALL UTILIZATION PRACTICES,AREA PLANTED,CORN - ACRES PLANTED,ACRES,6300000.0,
2023,YEAR,ALL PRODUCTION PRACTICES,KANSAS,KS,20,,,STATE,CORN,ALL CLASSES,ALL UTILIZATION PRACTICES,AREA PLANTED,CORN - ACRES PLANTED,ACRES,5750000.0,
2022,YEAR,ALL PRODUCTION PRACTICES,KANSAS,KS,20,,,STATE,CORN,ALL CLASSES,ALL UTILIZATION PRACTICES,AREA PLANTED,CORN - ACRES PLANTED,ACRES,5500000.0,
2021,YEAR,ALL PRODUCTION PRACTICES,KANSAS,KS,20,,,STATE,CORN,ALL CLASSES,ALL UTILIZATION PRACTICES,AREA PLANTED,CORN - ACRES PLANTED,ACRES,5700000.0,
2025,YEAR,ALL PRODUCTION PRACTICES,KENTUCKY,KY,21,,,STATE,CORN,ALL CLASSES,ALL UTILIZATION PRACTICES,AREA PLANTED,CORN - ACRES PLANTED,ACRES,1520000.0,
2024,YEAR,ALL PRODUCTION PRACTICES,KENTUCKY,KY,21,,,STATE,CORN,ALL CLASSES,ALL UTILIZATION PRACTICES,AREA PLANTED,CORN - ACRES PLANTED,ACRES,1370000.0,
2023,YEAR,ALL PRODUCTION PRACTICES,KENTUCKY,KY,21,,,STATE,CORN,ALL CLASSES,ALL UTILIZATION PRACTICES,AREA PLANTED,CORN - ACRES PLANTED,ACRES,1600000.0,
2022,YEAR,ALL PRODUCTION PRACTICES,KENTUCKY,KY,21,,,STATE,CORN,ALL CLASSES,ALL UTILIZATION PRACTICES,AREA PLANTED,CORN - ACRES PLANTED,ACRES,1420000.0,
2021,YEAR,ALL PRODUCTION PRACTICES,KENTUCKY,KY,21,,,STATE,CORN,ALL CLASSES,ALL UTILIZATION PRACTICES,AREA PLANTED,CORN - ACRES PLANTED,ACRES,1530000.0,
2025,YEAR,ALL PRODUCTION PRACTICES,LOUISIANA,LA,22,,,STATE,CORN,ALL CLASSES,ALL UTILIZATION PRACTICES,AREA PLANTED,CORN - ACRES PLANTED,ACRES,810000.0,
2024,YEAR,ALL PRODUCTION PRACTICES,LOUISIANA,LA,22,,,STATE,CORN,ALL CLASSES,ALL UTILIZATION PRACTICES,AREA PLANTED,CORN - ACRES PLANTED,ACRES,470000.0,
2023,YEAR,ALL PRODUCTION PRACTICES,LOUISIANA,LA,22,,,STATE,CORN,ALL CLASSES,ALL UTILIZATION PRACTICES,AREA PLANTED,CORN - ACRES PLANTED,ACRES,700000.0,
2022,YEAR,ALL PRODUCTION PRACTICES,LOUISIANA,LA,22,,,STATE,CORN,ALL CLASSES,ALL UTILIZATION PRACTICES,AREA PLANTED,CORN - ACRES PLANTED,ACRES,450000.0,
2021,YEAR,ALL PRODUCTION PRACTICES,LOUISIANA,LA,22,,,STATE,CORN,ALL CLASSES,ALL UTILIZATION PRACTICES,AREA PLANTED,CORN - ACRES PLANTED,ACRES,580000.0,
2025,YEAR,ALL PRODUCTION PRACTICES,MAINE,ME,23,,,STATE,CORN,ALL CLASSES,ALL UTILIZATION PRACTICES,AREA PLANTED,CORN - ACRES PLANTED,ACRES,30000.0,
2024,YEAR,ALL PRODUCTION PRACTICES,MAINE,ME,23,,,STATE,CORN,ALL CLASSES,ALL UTILIZATION PRACTICES,AREA PLANTED,CORN - ACRES PLANTED,ACRES,30000.0,
2023,YEAR,ALL PRODUCTION PRACTICES,MAINE,ME,23,,,STATE,CORN,ALL CLASSES,ALL UTILIZATION PRACTICES,AREA PLANTED,CORN - ACRES PLANTED,ACRES,28000.0,
2022,YEAR,ALL PRODUCTION PRACTICES,MAINE,ME,23,,,STATE,CORN,ALL CLASSES,ALL UTILIZATION PRACTICES,AREA PLANTED,CORN - ACRES PLANTED,ACRES,29000.0,
2021,YEAR,ALL PRODUCTION PRACTICES,MAINE,ME,23,,,STATE,CORN,ALL CLASSES,ALL UTILIZATION PRACTICES,AREA PLANTED,CORN - ACRES PLANTED,ACRES,30000.0,
2025,YEAR,ALL PRODUCTION PRACTICES,MARYLAND,MD,24,,,STATE,CORN,ALL CLASSES,ALL UTILIZATION PRACTICES,AREA PLANTED,CORN - ACRES PLANTED,ACRES,460000.0,
2024,YEAR,ALL PRODUCTION PRACTICES,MARYLAND,MD,24,,,STATE,CORN,ALL CLASSES,ALL UTILIZATION PRACTICES,AREA PLANTED,CORN - ACRES PLANTED,ACRES,440000.0,
2023,YEAR,ALL PRODUCTION PRACTICES,MARYLAND,MD,24,,,STATE,CORN,ALL CLASSES,ALL UTILIZATION PRACTICES,AREA PLANTED,CORN - ACRES PLANTED,ACRES,480000.0,
2022,YEAR,ALL PRODUCTION PRACTICES,MARYLAND,MD,24,,,STATE,CORN,ALL CLASSES,ALL UTILIZATION PRACTICES,AREA PLANTED,CORN - ACRES PLANTED,ACRES,420000.0,
2021,YEAR,ALL PRODUCTION PRACTICES,MARYLAND,MD,24,,,STATE,CORN,ALL CLASSES,ALL UTILIZATION PRACTICES,AREA PLANTED,CORN - ACRES PLANTED,ACRES,460000.0,
2025,YEAR,ALL PRODUCTION PRACTICES,MASSACHUSETTS,MA,25,,,STATE,CORN,ALL CLASSES,ALL UTILIZATION PRACTICES,AREA PLANTED,CORN - ACRES PLANTED,ACRES,14000.0,
2024,YEAR,ALL PRODUCTION PRACTICES,MASSACHUSETTS,MA,25,,,STATE,CORN,ALL CLASSES,ALL UTILIZATION PRACTICES,AREA PLANTED,CORN - ACRES PLANTED,ACRES,14000.0,
2023,YEAR,ALL PRODUCTION PRACTICES,MASSACHUSETTS,MA,25,,,STATE,CORN,ALL CLASSES,ALL UTILIZATION PRACTICES,AREA PLANTED,CORN - ACRES PLANTED,ACRES,14000.0,
2022,YEAR,ALL PRODUCTION PRACTICES,MASSACHUSETTS,MA,25,,,STATE,CORN,ALL CLASSES,ALL UTILIZATION PRACTICES,AREA PLANTED,CORN - ACRES PLANTED,ACRES,14000.0,
2021,YEAR,ALL PRODUCTION PRACTICES,MASSACHUSETTS,MA,25,,,STATE,CORN,ALL CLASSES,ALL UTILIZATION PRACTICES,AREA PLANTED,CORN - ACRES PLANTED,ACRES,14000.0,
2025,YEAR,ALL PRODUCTION PRACTICES,MICHIGAN,MI,26,,,STATE,CORN,ALL CLASSES,ALL UTILIZATION PRACTICES,AREA PLANTED,CORN - ACRES PLANTED,ACRES,2350000.0,
2024,YEAR,ALL PRODUCTION PRACTICES,MICHIGAN,MI,26,,,STATE,CORN,ALL CLASSES,ALL UTILIZATION PRACTICES,AREA PLANTED,CORN - ACRES PLANTED,ACRES,2300000.0,
2023,YEAR,ALL PRODUCTION PRACTICES,MICHIGAN,MI,26,,,STATE,CORN,ALL CLASSES,ALL UTILIZATION PRACTICES,AREA PLANTED,CORN - ACRES PLANTED,ACRES,2400000.0,
2022,YEAR,ALL PRODUCTION PRACTICES,MICHIGAN,MI,26,,,STATE,CORN,ALL CLASSES,ALL UTILIZATION PRACTICES,AREA PLANTED,CORN - ACRES PLANTED,ACRES,2300000.0,
2021,YEAR,ALL PRODUCTION PRACTICES,MICHIGAN,MI,26,,,STATE,CORN,ALL CLASSES,ALL UTILIZATION PRACTICES,AREA PLANTED,CORN - ACRES PLANTED,ACRES,2350000.0,
2025,YEAR,ALL PRODUCTION PRACTICES,MINNESOTA,MN,27,,,STATE,CORN,ALL CLASSES,ALL UTILIZATION PRACTICES,AREA PLANTED,CORN - ACRES PLANTED,ACRES,8900000.0,
2024,YEAR,ALL PRODUCTION PRACTICES,MINNESOTA,MN,27,,,STATE,CORN,ALL CLASSES,ALL UTILIZATION PRACTICES,AREA PLANTED,CORN - ACRES PLANTED,ACRES,8200000.0,
2023,YEAR,ALL PRODUCTION PRACTICES,MINNESOTA,MN,27,,,STATE,CORN,ALL CLASSES,ALL UTILIZATION PRACTICES,AREA PLANTED,CORN - ACRES PLANTED,ACRES,8600000.0,
2022,YEAR,ALL PRODUCTION PRACTICES,MINNESOTA,MN,27,,,STATE,CORN,ALL CLASSES,ALL UTILIZATION PRACTICES,AREA PLANTED,CORN - ACRES PLANTED,ACRES,8000000.0,
2021,YEAR,ALL PRODUCTION PRACTICES,MINNESOTA,MN,27,,,STATE,CORN,ALL CLASSES,ALL UTILIZATION PRACTICES,AREA PLANTED,CORN - ACRES PLANTED,ACRES,8350000.0,
2025,YEAR,ALL PRODUCTION PRACTICES,MISSISSIPPI,MS,28,,,STATE,CORN,ALL CLASSES,ALL UTILIZATION PRACTICES,AREA PLANTED,CORN - ACRES PLANTED,ACRES,910000.0,
2024,YEAR,ALL PRODUCTION PRACTICES,MISSISSIPPI,MS,28,,,STATE,CORN,ALL CLASSES,ALL UTILIZATION PRACTICES,AREA PLANTED,CORN - ACRES PLANTED,ACRES,490000.0,
2023,YEAR,ALL PRODUCTION PRACTICES,MISSISSIPPI,MS,28,,,STATE,CORN,ALL CLASSES,ALL UTILIZATION PRACTICES,AREA PLANTED,CORN - ACRES PLANTED,ACRES,790000.0,
2022,YEAR,ALL PRODUCTION PRACTICES,MISSISSIPPI,MS,28,,,STATE,CORN,ALL CLASSES,ALL UTILIZATION PRACTICES,AREA PLANTED,CORN - ACRES PLANTED,ACRES,580000.0,
2021,YEAR,ALL PRODUCTION PRACTICES,MISSISSIPPI,MS,28,,,STATE,CORN,ALL CLASSES,ALL UTILIZATION PRACTICES,AREA PLANTED,CORN - ACRES PLANTED,ACRES,730000.0,
2025,YEAR,ALL PRODUCTION PRACTICES,MISSOURI,MO,29,,,STATE,CORN,ALL CLASSES,ALL UTILIZATION PRACTICES,AREA PLANTED,CORN - ACRES PLANTED,ACRES,3800000.0,
2024,YEAR,ALL PRODUCTION PRACTICES,MISSOURI,MO,29,,,STATE,CORN,ALL CLASSES,ALL UTILIZATION PRACTICES,AREA PLANTED,CORN - ACRES PLANTED,ACRES,3500000.0,
2023,YEAR,ALL PRODUCTION PRACTICES,MISSOURI,MO,29,,,STATE,CORN,ALL CLASSES,ALL UTILIZATION PRACTICES,AREA PLANTED,CORN - ACRES PLANTED,ACRES,3850000.0,
2022,YEAR,ALL PRODUCTION PRACTICES,MISSOURI,MO,29,,,STATE,CORN,ALL CLASSES,ALL UTILIZATION PRACTICES,AREA PLANTED,CORN - ACRES PLANTED,ACRES,3350000.0,
2021,YEAR,ALL PRODUCTION PRACTICES,MISSOURI,MO,29,,,STATE,CORN,ALL CLASSES,ALL UTILIZATION PRACTICES,AREA PLANTED,CORN - ACRES PLANTED,ACRES,3600000.0,
2025,YEAR,ALL PRODUCTION PRACTICES,MONTANA,MT,30,,,STATE,CORN,ALL CLASSES,ALL UTILIZATION PRACTICES,AREA PLANTED,CORN - ACRES PLANTED,ACRES,145000.0,
2024,YEAR,ALL PRODUCTION PRACTICES,MONTANA,MT,30,,,STATE,CORN,ALL CLASSES,ALL UTILIZATION PRACTICES,AREA PLANTED,CORN - ACRES PLANTED,ACRES,130000.0,
2023,YEAR,ALL PRODUCTION PRACTICES,MONTANA,MT,30,,,STATE,CORN,ALL CLASSES,ALL UTILIZATION PRACTICES,AREA PLANTED,CORN - ACRES PLANTED,ACRES,135000.0,
2022,YEAR,ALL PRODUCTION PRACTICES,MONTANA,MT,30,,,STATE,CORN,ALL CLASSES,ALL UTILIZATION PRACTICES,AREA PLANTED,CORN - ACRES PLANTED,ACRES,130000.0,
2021,YEAR,ALL PRODUCTION PRACTICES,MONTANA,MT,30,,,STATE,CORN,ALL CLASSES,ALL UTILIZATION PRACTICES,AREA PLANTED,CORN - ACRES PLANTED,ACRES,120000.0,
2025,YEAR,ALL PRODUCTION PRACTICES,NEBRASKA,NE,31,,,STATE,CORN,ALL CLASSES,ALL UTILIZATION PRACTICES,AREA PLANTED,CORN - ACRES PLANTED,ACRES,10750000.0,
2024,YEAR,ALL PRODUCTION PRACTICES,NEBRASKA,NE,31,,,STATE,CORN,ALL CLASSES,ALL UTILIZATION PRACTICES,AREA PLANTED,CORN - ACRES PLANTED,ACRES,10050000.0,
2023,YEAR,ALL PRODUCTION PRACTICES,NEBRASKA,NE,31,,,STATE,CORN,ALL CLASSES,ALL UTILIZATION PRACTICES,AREA PLANTED,CORN - ACRES PLANTED,ACRES,9950000.0,
2022,YEAR,ALL PRODUCTION PRACTICES,NEBRASKA,NE,31,,,STATE,CORN,ALL CLASSES,ALL UTILIZATION PRACTICES,AREA PLANTED,CORN - ACRES PLANTED,ACRES,9600000.0,
2021,YEAR,ALL PRODUCTION PRACTICES,NEBRASKA,NE,31,,,STATE,CORN,ALL CLASSES,ALL UTILIZATION PRACTICES,AREA PLANTED,CORN - ACRES PLANTED,ACRES,9900000.0,
2025,YEAR,ALL PRODUCTION PRACTICES,NEVADA,NV,32,,,STATE,CORN,ALL CLASSES,ALL UTILIZATION PRACTICES,AREA PLANTED,CORN - ACRES PLANTED,ACRES,26000.0,
2024,YEAR,ALL PRODUCTION PRACTICES,NEVADA,NV,32,,,STATE,CORN,ALL CLASSES,ALL UTILIZATION PRACTICES,AREA PLANTED,CORN - ACRES PLANTED,ACRES,20000.0,
2023,YEAR,ALL PRODUCTION PRACTICES,NEVADA,NV,32,,,STATE,CORN,ALL CLASSES,ALL UTILIZATION PRACTICES,AREA PLANTED,CORN - ACRES PLANTED,ACRES,13000.0,
2022,YEAR,ALL PRODUCTION PRACTICES,NEVADA,NV,32,,,STATE,CORN,ALL CLASSES,ALL UTILIZATION PRACTICES,AREA PLANTED,CORN - ACRES PLANTED,ACRES,12000.0,
2021,YEAR,ALL PRODUCTION PRACTICES,NEVADA,NV,32,,,STATE,CORN,ALL CLASSES,ALL UTILIZATION PRACTICES,AREA PLANTED,CORN - ACRES PLANTED,ACRES,13000.0,
2025,YEAR,ALL PRODUCTION PRACTICES,NEW HAMPSHIRE,NH,33,,,STATE,CORN,ALL CLASSES,ALL UTILIZATION PRACTICES,AREA PLANTED,CORN - ACRES PLANTED,ACRES,12000.0,
2024,YEAR,ALL PRODUCTION PRACTICES,NEW HAMPSHIRE,NH,33,,,STATE,CORN,ALL CLASSES,ALL UTILIZATION PRACTICES,AREA PLANTED,CORN - ACRES PLANTED,ACRES,12000.0,
2023,YEAR,ALL PRODUCTION PRACTICES,NEW HAMPSHIRE,NH,33,,,STATE,CORN,ALL CLASSES,ALL UTILIZATION PRACTICES,AREA PLANTED,CORN - ACRES PLANTED,ACRES,13000.0,
2022,YEAR,ALL PRODUCTION PRACTICES,NEW HAMPSHIRE,NH,33,,,STATE,CORN,ALL CLASSES,ALL UTILIZATION PRACTICES,AREA PLANTED,CORN - ACRES PLANTED,ACRES,13000.0,
2021,YEAR,ALL PRODUCTION PRACTICES,NEW HAMPSHIRE,NH,33,,,STATE,CORN,ALL CLASSES,ALL UTILIZATION PRACTICES,AREA PLANTED,CORN - ACRES PLANTED,ACRES,13000.0,
2025,YEAR,ALL PRODUCTION PRACTICES,NEW JERSEY,NJ,34,,,STATE,CORN,ALL CLASSES,ALL UTILIZATION PRACTICES,AREA PLANTED,CORN - ACRES PLANTED,ACRES,75000.0,
2024,YEAR,ALL PRODUCTION PRACTICES,NEW JERSEY,NJ,34,,,STATE,CORN,ALL CLASSES,ALL UTILIZATION PRACTICES,AREA PLANTED,CORN - ACRES PLANTED,ACRES,72000.0,
2023,YEAR,ALL PRODUCTION PRACTICES,NEW JERSEY,NJ,34,,,STATE,CORN,ALL CLASSES,ALL UTILIZATION PRACTICES,AREA PLANTED,CORN - ACRES PLANTED,ACRES,74000.0,
2022,YEAR,ALL PRODUCTION PRACTICES,NEW JERSEY,NJ,34,,,STATE,CORN,ALL CLASSES,ALL UTILIZATION PRACTICES,AREA PLANTED,CORN - ACRES PLANTED,ACRES,68000.0,
2021,YEAR,ALL PRODUCTION PRACTICES,NEW JERSEY,NJ,34,,,STATE,CORN,ALL CLASSES,ALL UTILIZATION PRACTICES,AREA PLANTED,CORN - ACRES PLANTED,ACRES,75000.0,
2025,YEAR,ALL PRODUCTION PRACTICES,NEW MEXICO,NM,35,,,STATE,CORN,ALL CLASSES,ALL UTILIZATION PRACTICES,AREA PLANTED,CORN - ACRES PLANTED,ACRES,105000.0,
2024,YEAR,ALL PRODUCTION PRACTICES,NEW MEXICO,NM,35,,,STATE,CORN,ALL CLASSES,ALL UTILIZATION PRACTICES,AREA PLANTED,CORN - ACRES PLANTED,ACRES,105000.0,
2023,YEAR,ALL PRODUCTION PRACTICES,NEW MEXICO,NM,35,,,STATE,CORN,ALL CLASSES,ALL UTILIZATION PRACTICES,AREA PLANTED,CORN - ACRES PLANTED,ACRES,125000.0,
2022,YEAR,ALL PRODUCTION PRACTICES,NEW MEXICO,NM,35,,,STATE,CORN,ALL CLASSES,ALL UTILIZATION PRACTICES,AREA PLANTED,CORN - ACRES PLANTED,ACRES,100000.0,
2021,YEAR,ALL PRODUCTION PRACTICES,NEW MEXICO,NM,35,,,STATE,CORN,ALL CLASSES,ALL UTILIZATION PRACTICES,AREA PLANTED,CORN - ACRES PLANTED,ACRES,120000.0,
2025,YEAR,ALL PRODUCTION PRACTICES,NEW YORK,NY,36,,,STATE,CORN,ALL CLASSES,ALL UTILIZATION PRACTICES,AREA PLANTED,CORN - ACRES PLANTED,ACRES,970000.0,
2024,YEAR,ALL PRODUCTION PRACTICES,NEW YORK,NY,36,,,STATE,CORN,ALL CLASSES,ALL UTILIZATION PRACTICES,AREA PLANTED,CORN - ACRES PLANTED,ACRES,1020000.0,
2023,YEAR,ALL PRODUCTION PRACTICES,NEW YORK,NY,36,,,STATE,CORN,ALL CLASSES,ALL UTILIZATION PRACTICES,AREA PLANTED,CORN - ACRES PLANTED,ACRES,1040000.0,
2022,YEAR,ALL PRODUCTION PRACTICES,NEW YORK,NY,36,,,STATE,CORN,ALL CLASSES,ALL UTILIZATION PRACTICES,AREA PLANTED,CORN - ACRES PLANTED,ACRES,1010000.0,
2021,YEAR,ALL PRODUCTION PRACTICES,NEW YORK,NY,36,,,STATE,CORN,ALL CLASSES,ALL UTILIZATION PRACTICES,AREA PLANTED,CORN - ACRES PLANTED,ACRES,1030000.0,
2025,YEAR,ALL PRODUCTION PRACTICES,NORTH CAROLINA,NC,37,,,STATE,CORN,ALL CLASSES,ALL UTILIZATION PRACTICES,AREA PLANTED,CORN - ACRES PLANTED,ACRES,950000.0,
2024,YEAR,ALL PRODUCTION PRACTICES,NORTH CAROLINA,NC,37,,,STATE,CORN,ALL CLASSES,ALL UTILIZATION PRACTICES,AREA PLANTED,CORN - ACRES PLANTED,ACRES,890000.0,
2023,YEAR,ALL PRODUCTION PRACTICES,NORTH CAROLINA,NC,37,,,STATE,CORN,ALL CLASSES,ALL UTILIZATION PRACTICES,AREA PLANTED,CORN - ACRES PLANTED,ACRES,950000.0,
2022,YEAR,ALL PRODUCTION PRACTICES,NORTH CAROLINA,NC,37,,,STATE,CORN,ALL CLASSES,ALL UTILIZATION PRACTICES,AREA PLANTED,CORN - ACRES PLANTED,ACRES,820000.0,
2021,YEAR,ALL PRODUCTION PRACTICES,NORTH CAROLINA,NC,37,,,STATE,CORN,ALL CLASSES,ALL UTILIZATION PRACTICES,AREA PLANTED,CORN - ACRES PLANTED,ACRES,960000.0,
2025,YEAR,ALL PRODUCTION PRACTICES,NORTH DAKOTA,ND,38,,,STATE,CORN,ALL CLASSES,ALL UTILIZATION PRACTICES,AREA PLANTED,CORN - ACRES PLANTED,ACRES,4700000.0,
2024,YEAR,ALL PRODUCTION PRACTICES,NORTH DAKOTA,ND,38,,,STATE,CORN,ALL CLASSES,ALL UTILIZATION PRACTICES,AREA PLANTED,CORN - ACRES PLANTED,ACRES,3950000.0,
2023,YEAR,ALL PRODUCTION PRACTICES,NORTH DAKOTA,ND,38,,,STATE,CORN,ALL CLASSES,ALL UTILIZATION PRACTICES,AREA PLANTED,CORN - ACRES PLANTED,ACRES,4050000.0,
2022,YEAR,ALL PRODUCTION PRACTICES,NORTH DAKOTA,ND,38,,,STATE,CORN,ALL CLASSES,ALL UTILIZATION PRACTICES,AREA PLANTED,CORN - ACRES PLANTED,ACRES,2950000.0,
2021,YEAR,ALL PRODUCTION PRACTICES,NORTH DAKOTA,ND,38,,,STATE,CORN,ALL CLASSES,ALL UTILIZATION PRACTICES,AREA PLANTED,CORN - ACRES PLANTED,ACRES,4100000.0,
2025,YEAR,ALL PRODUCTION PRACTICES,OHIO,OH,39,,,STATE,CORN,ALL CLASSES,ALL UTILIZATION PRACTICES,AREA PLANTED,CORN - ACRES PLANTED,ACRES,3400000.0,
2024,YEAR,ALL PRODUCTION PRACTICES,OHIO,OH,39,,,STATE,CORN,ALL CLASSES,ALL UTILIZATION PRACTICES,AREA PLANTED,CORN - ACRES PLANTED,ACRES,3400000.0,
2023,YEAR,ALL PRODUCTION PRACTICES,OHIO,OH,39,,,STATE,CORN,ALL CLASSES,ALL UTILIZATION PRACTICES,AREA PLANTED,CORN - ACRES PLANTED,ACRES,3600000.0,
2022,YEAR,ALL PRODUCTION PRACTICES,OHIO,OH,39,,,STATE,CORN,ALL CLASSES,ALL UTILIZATION PRACTICES,AREA PLANTED,CORN - ACRES PLANTED,ACRES,3400000.0,
2021,YEAR,ALL PRODUCTION PRACTICES,OHIO,OH,39,,,STATE,CORN,ALL CLASSES,ALL UTILIZATION PRACTICES,AREA PLANTED,CORN - ACRES PLANTED,ACRES,3550000.0,
2025,YEAR,ALL PRODUCTION PRACTICES,OKLAHOMA,OK,40,,,STATE,CORN,ALL CLASSES,ALL UTILIZATION PRACTICES,AREA PLANTED,CORN - ACRES PLANTED,ACRES,540000.0,
2024,YEAR,ALL PRODUCTION PRACTICES,OKLAHOMA,OK,40,,,STATE,CORN,ALL CLASSES,ALL UTILIZATION PRACTICES,AREA PLANTED,CORN - ACRES PLANTED,ACRES,450000.0,
2023,YEAR,ALL PRODUCTION PRACTICES,OKLAHOMA,OK,40,,,STATE,CORN,ALL CLASSES,ALL UTILIZATION PRACTICES,AREA PLANTED,CORN - ACRES PLANTED,ACRES,390000.0,
2022,YEAR,ALL PRODUCTION PRACTICES,OKLAHOMA,OK,40,,,STATE,CORN,ALL CLASSES,ALL UTILIZATION PRACTICES,AREA PLANTED,CORN - ACRES PLANTED,ACRES,350000.0,
2021,YEAR,ALL PRODUCTION PRACTICES,OKLAHOMA,OK,40,,,STATE,CORN,ALL CLASSES,ALL UTILIZATION PRACTICES,AREA PLANTED,CORN - ACRES PLANTED,ACRES,340000.0,
2025,YEAR,ALL PRODUCTION PRACTICES,OREGON,OR,41,,,STATE,CORN,ALL CLASSES,ALL UTILIZATION PRACTICES,AREA PLANTED,CORN - ACRES PLANTED,ACRES,105000.0,
2024,YEAR,ALL PRODUCTION PRACTICES,OREGON,OR,41,,,STATE,CORN,ALL CLASSES,ALL UTILIZATION PRACTICES,AREA PLANTED,CORN - ACRES PLANTED,ACRES,110000.0,
2023,YEAR,ALL PRODUCTION PRACTICES,OREGON,OR,41,,,STATE,CORN,ALL CLASSES,ALL UTILIZATION PRACTICES,AREA PLANTED,CORN - ACRES PLANTED,ACRES,95000.0,
2022,YEAR,ALL PRODUCTION PRACTICES,OREGON,OR,41,,,STATE,CORN,ALL CLASSES,ALL UTILIZATION PRACTICES,AREA PLANTED,CORN - ACRES PLANTED,ACRES,80000.0,
2021,YEAR,ALL PRODUCTION PRACTICES,OREGON,OR,41,,,STATE,CORN,ALL CLASSES,ALL UTILIZATION PRACTICES,AREA PLANTED,CORN - ACRES PLANTED,ACRES,95000.0,
2025,YEAR,ALL PRODUCTION PRACTICES,PENNSYLVANIA,PA,42,,,STATE,CORN,ALL CLASSES,ALL UTILIZATION PRACTICES,AREA PLANTED,CORN - ACRES PLANTED,ACRES,1010000.0,
2024,YEAR,ALL PRODUCTION PRACTICES,PENNSYLVANIA,PA,42,,,STATE,CORN,ALL CLASSES,ALL UTILIZATION PRACTICES,AREA PLANTED,CORN - ACRES PLANTED,ACRES,1050000.0,
2023,YEAR,ALL PRODUCTION PRACTICES,PENNSYLVANIA,PA,42,,,STATE,CORN,ALL CLASSES,ALL UTILIZATION PRACTICES,AREA PLANTED,CORN - ACRES PLANTED,ACRES,1040000.0,
2022,YEAR,ALL PRODUCTION PRACTICES,PENNSYLVANIA,PA,42,,,STATE,CORN,ALL CLASSES,ALL UTILIZATION PRACTICES,AREA PLANTED,CORN - ACRES PLANTED,ACRES,1020000.0,
2021,YEAR,ALL PRODUCTION PRACTICES,PENNSYLVANIA,PA,42,,,STATE,CORN,ALL CLASSES,ALL UTILIZATION PRACTICES,AREA PLANTED,CORN - ACRES PLANTED,ACRES,1180000.0,
2025,YEAR,ALL PRODUCTION PRACTICES,RHODE ISLAND,RI,44,,,STATE,CORN,ALL CLASSES,ALL UTILIZATION PRACTICES,AREA PLANTED,CORN - ACRES PLANTED,ACRES,2000.0,
2024,YEAR,ALL PRODUCTION PRACTICES,RHODE ISLAND,RI,44,,,STATE,CORN,ALL CLASSES,ALL UTILIZATION PRACTICES,AREA PLANTED,CORN - ACRES PLANTED,ACRES,2000.0,
2023,YEAR,ALL PRODUCTION PRACTICES,RHODE ISLAND,RI,44,,,STATE,CORN,ALL CLASSES,ALL UTILIZATION PRACTICES,AREA PLANTED,CORN - ACRES PLANTED,ACRES,2000.0,
2022,YEAR,ALL PRODUCTION PRACTICES,RHODE ISLAND,RI,44,,,STATE,CORN,ALL CLASSES,ALL UTILIZATION PRACTICES,AREA PLANTED,CORN - ACRES PLANTED,ACRES,2000.0,
2021,YEAR,ALL PRODUCTION PRACTICES,RHODE ISLAND,RI,44,,,STATE,CORN,ALL CLASSES,ALL UTILIZATION PRACTICES,AREA PLANTED,CORN - ACRES PLANTED,ACRES,2000.0,
2025,YEAR,ALL PRODUCTION PRACTICES,SOUTH CAROLINA,SC,45,,,STATE,CORN,ALL CLASSES,ALL UTILIZATION PRACTICES,AREA PLANTED,CORN - ACRES PLANTED,ACRES,390000.0,
2024,YEAR,ALL PRODUCTION PRACTICES,SOUTH CAROLINA,SC,45,,,STATE,CORN,ALL CLASSES,ALL UTILIZATION PRACTICES,AREA PLANTED,CORN - ACRES PLANTED,ACRES,340000.0,
2023,YEAR,ALL PRODUCTION PRACTICES,SOUTH CAROLINA,SC,45,,,STATE,CORN,ALL CLASSES,ALL UTILIZATION PRACTICES,AREA PLANTED,CORN - ACRES PLANTED,ACRES,365000.0,
2022,YEAR,ALL PRODUCTION PRACTICES,SOUTH CAROLINA,SC,45,,,STATE,CORN,ALL CLASSES,ALL UTILIZATION PRACTICES,AREA PLANTED,CORN - ACRES PLANTED,ACRES,320000.0,
2021,YEAR,ALL PRODUCTION PRACTICES,SOUTH CAROLINA,SC,45,,,STATE,CORN,ALL CLASSES,ALL UTILIZATION PRACTICES,AREA PLANTED,CORN - ACRES PLANTED,ACRES,390000.0,
2025,YEAR,ALL PRODUCTION PRACTICES,SOUTH DAKOTA,SD,46,,,STATE,CORN,ALL CLASSES,ALL UTILIZATION PRACTICES,AREA PLANTED,CORN - ACRES PLANTED,ACRES,6850000.0,
2024,YEAR,ALL PRODUCTION PRACTICES,SOUTH DAKOTA,SD,46,,,STATE,CORN,ALL CLASSES,ALL UTILIZATION PRACTICES,AREA PLANTED,CORN - ACRES PLANTED,ACRES,5900000.0,
2023,YEAR,ALL PRODUCTION PRACTICES,SOUTH DAKOTA,SD,46,,,STATE,CORN,ALL CLASSES,ALL UTILIZATION PRACTICES,AREA PLANTED,CORN - ACRES PLANTED,ACRES,6300000.0,
2022,YEAR,ALL PRODUCTION PRACTICES,SOUTH DAKOTA,SD,46,,,STATE,CORN,ALL CLASSES,ALL UTILIZATION PRACTICES,AREA PLANTED,CORN - ACRES PLANTED,ACRES,5750000.0,
2021,YEAR,ALL PRODUCTION PRACTICES,SOUTH DAKOTA,SD,46,,,STATE,CORN,ALL CLASSES,ALL UTILIZATION PRACTICES,AREA PLANTED,CORN - ACRES PLANTED,ACRES,6150000.0,
2025,YEAR,ALL PRODUCTION PRACTICES,TENNESSEE,TN,47,,,STATE,CORN,ALL CLASSES,ALL UTILIZATION PRACTICES,AREA PLANTED,CORN - ACRES PLANTED,ACRES,930000.0,
2024,YEAR,ALL PRODUCTION PRACTICES,TENNESSEE,TN,47,,,STATE,CORN,ALL CLASSES,ALL UTILIZATION PRACTICES,AREA PLANTED,CORN - ACRES PLANTED,ACRES,700000.0,
2023,YEAR,ALL PRODUCTION PRACTICES,TENNESSEE,TN,47,,,STATE,CORN,ALL CLASSES,ALL UTILIZATION PRACTICES,AREA PLANTED,CORN - ACRES PLANTED,ACRES,940000.0,
2022,YEAR,ALL PRODUCTION PRACTICES,TENNESSEE,TN,47,,,STATE,CORN,ALL CLASSES,ALL UTILIZATION PRACTICES,AREA PLANTED,CORN - ACRES PLANTED,ACRES,830000.0,
2021,YEAR,ALL PRODUCTION PRACTICES,TENNESSEE,TN,47,,,STATE,CORN,ALL CLASSES,ALL UTILIZATION PRACTICES,AREA PLANTED,CORN - ACRES PLANTED,ACRES,990000.0,
2025,YEAR,ALL PRODUCTION PRACTICES,TEXAS,TX,48,,,STATE,CORN,ALL CLASSES,ALL UTILIZATION PRACTICES,AREA PLANTED,CORN - ACRES PLANTED,ACRES,2500000.0,
2024,YEAR,ALL PRODUCTION PRACTICES,TEXAS,TX,48,,,STATE,CORN,ALL CLASSES,ALL UTILIZATION PRACTICES,AREA PLANTED,CORN - ACRES PLANTED,ACRES,2200000.0,
2023,YEAR,ALL PRODUCTION PRACTICES,TEXAS,TX,48,,,STATE,CORN,ALL CLASSES,ALL UTILIZATION PRACTICES,AREA PLANTED,CORN - ACRES PLANTED,ACRES,2500000.0,
2022,YEAR,ALL PRODUCTION PRACTICES,TEXAS,TX,48,,,STATE,CORN,ALL CLASSES,ALL UTILIZATION PRACTICES,AREA PLANTED,CORN - ACRES PLANTED,ACRES,2150000.0,
2021,YEAR,ALL PRODUCTION PRACTICES,TEXAS,TX,48,,,STATE,CORN,ALL CLASSES,ALL UTILIZATION PRACTICES,AREA PLANTED,CORN - ACRES PLANTED,ACRES,2150000.0,
2025,YEAR,ALL PRODUCTION PRACTICES,UTAH,UT,49,,,STATE,CORN,ALL CLASSES,ALL UTILIZATION PRACTICES,AREA PLANTED,CORN - ACRES PLANTED,ACRES,85000.0,
2024,YEAR,ALL PRODUCTION PRACTICES,UTAH,UT,49,,,STATE,CORN,ALL CLASSES,ALL UTILIZATION PRACTICES,AREA PLANTED,CORN - ACRES PLANTED,ACRES,80000.0,
2023,YEAR,ALL PRODUCTION PRACTICES,UTAH,UT,49,,,STATE,CORN,ALL CLASSES,ALL UTILIZATION PRACTICES,AREA PLANTED,CORN - ACRES PLANTED,ACRES,75000.0,
2022,YEAR,ALL PRODUCTION PRACTICES,UTAH,UT,49,,,STATE,CORN,ALL CLASSES,ALL UTILIZATION PRACTICES,AREA PLANTED,CORN - ACRES PLANTED,ACRES,60000.0,
2021,YEAR,ALL PRODUCTION PRACTICES,UTAH,UT,49,,,STATE,CORN,ALL CLASSES,ALL UTILIZATION PRACTICES,AREA PLANTED,CORN - ACRES PLANTED,ACRES,65000.0,
2025,YEAR,ALL PRODUCTION PRACTICES,VERMONT,VT,50,,,STATE,CORN,ALL CLASSES,ALL UTILIZATION PRACTICES,AREA PLANTED,CORN - ACRES PLANTED,ACRES,95000.0,
2024,YEAR,ALL PRODUCTION PRACTICES,VERMONT,VT,50,,,STATE,CORN,ALL CLASSES,ALL UTILIZATION PRACTICES,AREA PLANTED,CORN - ACRES PLANTED,ACRES,94000.0,
2023,YEAR,ALL PRODUCTION PRACTICES,VERMONT,VT,50,,,STATE,CORN,ALL CLASSES,ALL UTILIZATION PRACTICES,AREA PLANTED,CORN - ACRES PLANTED,ACRES,89000.0,
2022,YEAR,ALL PRODUCTION PRACTICES,VERMONT,VT,50,,,STATE,CORN,ALL CLASSES,ALL UTILIZATION PRACTICES,AREA PLANTED,CORN - ACRES PLANTED,ACRES,90000.0,
2021,YEAR,ALL PRODUCTION PRACTICES,VERMONT,VT,50,,,STATE,CORN,ALL CLASSES,ALL UTILIZATION PRACTICES,AREA PLANTED,CORN - ACRES PLANTED,ACRES,85000.0,
2025,YEAR,ALL PRODUCTION PRACTICES,VIRGINIA,VA,51,,,STATE,CORN,ALL CLASSES,ALL UTILIZATION PRACTICES,AREA PLANTED,CORN - ACRES PLANTED,ACRES,470000.0,
2024,YEAR,ALL PRODUCTION PRACTICES,VIRGINIA,VA,51,,,STATE,CORN,ALL CLASSES,ALL UTILIZATION PRACTICES,AREA PLANTED,CORN - ACRES PLANTED,ACRES,460000.0,
2023,YEAR,ALL PRODUCTION PRACTICES,VIRGINIA,VA,51,,,STATE,CORN,ALL CLASSES,ALL UTILIZATION PRACTICES,AREA PLANTED,CORN - ACRES PLANTED,ACRES,495000.0,
2022,YEAR,ALL PRODUCTION PRACTICES,VIRGINIA,VA,51,,,STATE,CORN,ALL CLASSES,ALL UTILIZATION PRACTICES,AREA PLANTED,CORN - ACRES PLANTED,ACRES,430000.0,
2021,YEAR,ALL PRODUCTION PRACTICES,VIRGINIA,VA,51,,,STATE,CORN,ALL CLASSES,ALL UTILIZATION PRACTICES,AREA PLANTED,CORN - ACRES PLANTED,ACRES,490000.0,
2025,YEAR,ALL PRODUCTION PRACTICES,WASHINGTON,WA,53,,,STATE,CORN,ALL CLASSES,ALL UTILIZATION PRACTICES,AREA PLANTED,CORN - ACRES PLANTED,ACRES,200000.0,
2024,YEAR,ALL PRODUCTION PRACTICES,WASHINGTON,WA,53,,,STATE,CORN,ALL CLASSES,ALL UTILIZATION PRACTICES,AREA PLANTED,CORN - ACRES PLANTED,ACRES,205000.0,
2023,YEAR,ALL PRODUCTION PRACTICES,WASHINGTON,WA,53,,,STATE,CORN,ALL CLASSES,ALL UTILIZATION PRACTICES,AREA PLANTED,CORN - ACRES PLANTED,ACRES,160000.0,
2022,YEAR,ALL PRODUCTION PRACTICES,WASHINGTON,WA,53,,,STATE,CORN,ALL CLASSES,ALL UTILIZATION PRACTICES,AREA PLANTED,CORN - ACRES PLANTED,ACRES,135000.0,
2021,YEAR,ALL PRODUCTION PRACTICES,WASHINGTON,WA,53,,,STATE,CORN,ALL CLASSES,ALL UTILIZATION PRACTICES,AREA PLANTED,CORN - ACRES PLANTED,ACRES,165000.0,
2025,YEAR,ALL PRODUCTION PRACTICES,WEST VIRGINIA,WV,54,,,STATE,CORN,ALL CLASSES,ALL UTILIZATION PRACTICES,AREA PLANTED,CORN - ACRES PLANTED,ACRES,41000.0,
2024,YEAR,ALL PRODUCTION PRACTICES,WEST VIRGINIA,WV,54,,,STATE,CORN,ALL CLASSES,ALL UTILIZATION PRACTICES,AREA PLANTED,CORN - ACRES PLANTED,ACRES,41000.0,
2023,YEAR,ALL PRODUCTION PRACTICES,WEST VIRGINIA,WV,54,,,STATE,CORN,ALL CLASSES,ALL UTILIZATION PRACTICES,AREA PLANTED,CORN - ACRES PLANTED,ACRES,44000.0,
2022,YEAR,ALL PRODUCTION PRACTICES,WEST VIRGINIA,WV,54,,,STATE,CORN,ALL CLASSES,ALL UTILIZATION PRACTICES,AREA PLANTED,CORN - ACRES PLANTED,ACRES,40000.0,
2021,YEAR,ALL PRODUCTION PRACTICES,WEST VIRGINIA,WV,54,,,STATE,CORN,ALL CLASSES,ALL UTILIZATION PRACTICES,AREA PLANTED,CORN - ACRES PLANTED,ACRES,45000.0,
2025,YEAR,ALL PRODUCTION PRACTICES,WISCONSIN,WI,55,,,STATE,CORN,ALL CLASSES,ALL UTILIZATION PRACTICES,AREA PLANTED,CORN - ACRES PLANTED,ACRES,4150000.0,
2024,YEAR,ALL PRODUCTION PRACTICES,WISCONSIN,WI,55,,,STATE,CORN,ALL CLASSES,ALL UTILIZATION PRACTICES,AREA PLANTED,CORN - ACRES PLANTED,ACRES,3750000.0,
2023,YEAR,ALL PRODUCTION PRACTICES,WISCONSIN,WI,55,,,STATE,CORN,ALL CLASSES,ALL UTILIZATION PRACTICES,AREA PLANTED,CORN - ACRES PLANTED,ACRES,4000000.0,
2022,YEAR,ALL PRODUCTION PRACTICES,WISCONSIN,WI,55,,,STATE,CORN,ALL CLASSES,ALL UTILIZATION PRACTICES,AREA PLANTED,CORN - ACRES PLANTED,ACRES,3900000.0,
2021,YEAR,ALL PRODUCTION PRACTICES,WISCONSIN,WI,55,,,STATE,CORN,ALL CLASSES,ALL UTILIZATION PRACTICES,AREA PLANTED,CORN - ACRES PLANTED,ACRES,3950000.0,
2025,YEAR,ALL PRODUCTION PRACTICES,WYOMING,WY,56,,,STATE,CORN,ALL CLASSES,ALL UTILIZATION PRACTICES,AREA PLANTED,CORN - ACRES PLANTED,ACRES,85000.0,
2024,YEAR,ALL PRODUCTION PRACTICES,WYOMING,WY,56,,,STATE,CORN,ALL CLASSES,ALL UTILIZATION PRACTICES,AREA PLANTED,CORN - ACRES PLANTED,ACRES,85000.0,
2023,YEAR,ALL PRODUCTION PRACTICES,WYOMING,WY,56,,,STATE,CORN,ALL CLASSES,ALL UTILIZATION PRACTICES,AREA PLANTED,CORN - ACRES PLANTED,ACRES,85000.0,
2022,YEAR,ALL PRODUCTION PRACTICES,WYOMING,WY,56,,,STATE,CORN,ALL CLASSES,ALL UTILIZATION PRACTICES,AREA PLANTED,CORN - ACRES PLANTED,ACRES,95000.0,
2021,YEAR,ALL PRODUCTION PRACTICES,WYOMING,WY,56,,,STATE,CORN,ALL CLASSES,ALL UTILIZATION PRACTICES,AREA PLANTED,CORN - ACRES PLANTED,ACRES,95000.0,
2025,YEAR,ALL PRODUCTION PRACTICES,ILLINOIS,IL,17,,,STATE,CORN,ALL CLASSES,GRAIN,AREA PLANTED,"CORN, GRAIN - AREA PLANTED, MEASURED IN PCT BY SIZE GROUP",PCT BY SIZE GROUP,0.0,
2024,YEAR,ALL PRODUCTION PRACTICES,ILLINOIS,IL,17,,,STATE,CORN,ALL CLASSES,GRAIN,AREA PLANTED,"CORN, GRAIN - AREA PLANTED, MEASURED IN PCT BY SIZE GROUP",PCT BY SIZE GROUP,0.9,
2023,YEAR,ALL PRODUCTION PRACTICES,ILLINOIS,IL,17,,,STATE,CORN,ALL CLASSES,GRAIN,AREA PLANTED,"CORN, GRAIN - AREA PLANTED, MEASURED IN PCT BY SIZE GROUP",PCT BY SIZE GROUP,0.8,
2022,YEAR,ALL PRODUCTION PRACTICES,ILLINOIS,IL,17,,,STATE,CORN,ALL CLASSES,GRAIN,AREA PLANTED,"CORN, GRAIN - AREA PLANTED, MEASURED IN PCT BY SIZE GROUP",PCT BY SIZE GROUP,0.0,
2021,YEAR,ALL PRODUCTION PRACTICES,ILLINOIS,IL,17,,,STATE,CORN,ALL CLASSES,GRAIN,AREA PLANTED,"CORN, GRAIN - AREA PLANTED, MEASURED IN PCT BY SIZE GROUP",PCT BY SIZE GROUP,0.8,
2025,YEAR,ALL PRODUCTION PRACTICES,INDIANA,IN,18,,,STATE,CORN,ALL CLASSES,GRAIN,AREA PLANTED,"CORN, GRAIN - AREA PLANTED, MEASURED IN PCT BY SIZE GROUP",PCT BY SIZE GROUP,1.7,
2024,YEAR,ALL PRODUCTION PRACTICES,INDIANA,IN,18,,,STATE,CORN,ALL CLASSES,GRAIN,AREA PLANTED,"CORN, GRAIN - AREA PLANTED, MEASURED IN PCT BY SIZE GROUP",PCT BY SIZE GROUP,4.9,
2023,YEAR,ALL PRODUCTION PRACTICES,INDIANA,IN,18,,,STATE,CORN,ALL CLASSES,GRAIN,AREA PLANTED,"CORN, GRAIN - AREA PLANTED, MEASURED IN PCT BY SIZE GROUP",PCT BY SIZE GROUP,1.5,
2022,YEAR,ALL PRODUCTION PRACTICES,INDIANA,IN,18,,,STATE,CORN,ALL CLASSES,GRAIN,AREA PLANTED,"CORN, GRAIN - AREA PLANTED, MEASURED IN PCT BY SIZE GROUP",PCT BY SIZE GROUP,5.6,
2021,YEAR,ALL PRODUCTION PRACTICES,INDIANA,IN,18,,,STATE,CORN,ALL CLASSES,GRAIN,AREA PLANTED,"CORN, GRAIN - AREA PLANTED, MEASURED IN PCT BY SIZE GROUP",PCT BY SIZE GROUP,1.6,
2025,YEAR,ALL PRODUCTION PRACTICES,IOWA,IA,19,,,STATE,CORN,ALL CLASSES,GRAIN,AREA PLANTED,"CORN, GRAIN - AREA PLANTED, MEASURED IN PCT BY SIZE GROUP",PCT BY SIZE GROUP,2.4,
2024,YEAR,ALL PRODUCTION PRACTICES,IOWA,IA,19,,,STATE,CORN,ALL CLASSES,GRAIN,AREA PLANTED,"CORN, GRAIN - AREA PLANTED, MEASURED IN PCT BY SIZE GROUP",PCT BY SIZE GROUP,2.9,
2023,YEAR,ALL PRODUCTION PRACTICES,IOWA,IA,19,,,STATE,CORN,ALL CLASSES,GRAIN,AREA PLANTED,"CORN, GRAIN - AREA PLANTED, MEASURED IN PCT BY SIZE GROUP",PCT BY SIZE GROUP,0.0,
2022,YEAR,ALL PRODUCTION PRACTICES,IOWA,IA,19,,,STATE,CORN,ALL CLASSES,GRAIN,AREA PLANTED,"CORN, GRAIN - AREA PLANTED, MEASURED IN PCT BY SIZE GROUP",PCT BY SIZE GROUP,0.7,
2021,YEAR,ALL PRODUCTION PRACTICES,IOWA,IA,19,,,STATE,CORN,ALL CLASSES,GRAIN,AREA PLANTED,"CORN, GRAIN - AREA PLANTED, MEASURED IN PCT BY SIZE GROUP",PCT BY SIZE GROUP,1.6,
2025,YEAR,ALL PRODUCTION PRACTICES,KANSAS,KS,20,,,STATE,CORN,ALL CLASSES,GRAIN,AREA PLANTED,"CORN, GRAIN - AREA PLANTED, MEASURED IN PCT BY SIZE GROUP",PCT BY SIZE GROUP,17.9,
2024,YEAR,ALL PRODUCTION PRACTICES,KANSAS,KS,20,,,STATE,CORN,ALL CLASSES,GRAIN,AREA PLANTED,"CORN, GRAIN - AREA PLANTED, MEASURED IN PCT BY SIZE GROUP",PCT BY SIZE GROUP,18.8,
2023,YEAR,ALL PRODUCTION PRACTICES,KANSAS,KS,20,,,STATE,CORN,ALL CLASSES,GRAIN,AREA PLANTED,"CORN, GRAIN - AREA PLANTED, MEASURED IN PCT BY SIZE GROUP",PCT BY SIZE GROUP,13.8,
2022,YEAR,ALL PRODUCTION PRACTICES,KANSAS,KS,20,,,STATE,CORN,ALL CLASSES,GRAIN,AREA PLANTED,"CORN, GRAIN - AREA PLANTED, MEASURED IN PCT BY SIZE GROUP",PCT BY SIZE GROUP,9.6,
2021,YEAR,ALL PRODUCTION PRACTICES,KANSAS,KS,20,,,STATE,CORN,ALL CLASSES,GRAIN,AREA PLANTED,"CORN, GRAIN - AREA PLANTED, MEASURED IN PCT BY SIZE GROUP",PCT BY SIZE GROUP,13.1,
2025,YEAR,ALL PRODUCTION PRACTICES,MINNESOTA,MN,27,,,STATE,CORN,ALL CLASSES,GRAIN,AREA PLANTED,"CORN, GRAIN - AREA PLANTED, MEASURED IN PCT BY SIZE GROUP",PCT BY SIZE GROUP,0.9,
2024,YEAR,ALL PRODUCTION PRACTICES,MINNESOTA,MN,27,,,STATE,CORN,ALL CLASSES,GRAIN,AREA PLANTED,"CORN, GRAIN - AREA PLANTED, MEASURED IN PCT BY SIZE GROUP",PCT BY SIZE GROUP,1.1,
2023,YEAR,ALL PRODUCTION PRACTICES,MINNESOTA,MN,27,,,STATE,CORN,ALL CLASSES,GRAIN,AREA PLANTED,"CORN, GRAIN - AREA PLANTED, MEASURED IN PCT BY SIZE GROUP",PCT BY SIZE GROUP,2.9,
2022,YEAR,ALL PRODUCTION PRACTICES,MINNESOTA,MN,27,,,STATE,CORN,ALL CLASSES,GRAIN,AREA PLANTED,"CORN, GRAIN - AREA PLANTED, MEASURED IN PCT BY SIZE GROUP",PCT BY SIZE GROUP,2.6,
2021,YEAR,ALL PRODUCTION PRACTICES,MINNESOTA,MN,27,,,STATE,CORN,ALL CLASSES,GRAIN,AREA PLANTED,"CORN, GRAIN - AREA PLANTED, MEASURED IN PCT BY SIZE GROUP",PCT BY SIZE GROUP,4.3,
2025,YEAR,ALL PRODUCTION PRACTICES,MISSOURI,MO,29,,,STATE,CORN,ALL CLASSES,GRAIN,AREA PLANTED,"CORN, GRAIN - AREA PLANTED, MEASURED IN PCT BY SIZE GROUP",PCT BY SIZE GROUP,5.6,
2024,YEAR,ALL PRODUCTION PRACTICES,MISSOURI,MO,29,,,STATE,CORN,ALL CLASSES,GRAIN,AREA PLANTED,"CORN, GRAIN - AREA PLANTED, MEASURED IN PCT BY SIZE GROUP",PCT BY SIZE GROUP,2.4,
2023,YEAR,ALL PRODUCTION PRACTICES,MISSOURI,MO,29,,,STATE,CORN,ALL CLASSES,GRAIN,AREA PLANTED,"CORN, GRAIN - AREA PLANTED, MEASURED IN PCT BY SIZE GROUP",PCT BY SIZE GROUP,5.1,
2022,YEAR,ALL PRODUCTION PRACTICES,MISSOURI,MO,29,,,STATE,CORN,ALL CLASSES,GRAIN,AREA PLANTED,"CORN, GRAIN - AREA PLANTED, MEASURED IN PCT BY SIZE GROUP",PCT BY SIZE GROUP,9.0,
2021,YEAR,ALL PRODUCTION PRACTICES,MISSOURI,MO,29,,,STATE,CORN,ALL CLASSES,GRAIN,AREA PLANTED,"CORN, GRAIN - AREA PLANTED, MEASURED IN PCT BY SIZE GROUP",PCT BY SIZE GROUP,5.3,
2025,YEAR,ALL PRODUCTION PRACTICES,NEBRASKA,NE,31,,,STATE,CORN,ALL CLASSES,GRAIN,AREA PLANTED,"CORN, GRAIN - AREA PLANTED, MEASURED IN PCT BY SIZE GROUP",PCT BY SIZE GROUP,7.8,
2024,YEAR,ALL PRODUCTION PRACTICES,NEBRASKA,NE,31,,,STATE,CORN,ALL CLASSES,GRAIN,AREA PLANTED,"CORN, GRAIN - AREA PLANTED, MEASURED IN PCT BY SIZE GROUP",PCT BY SIZE GROUP,12.1,
2023,YEAR,ALL PRODUCTION PRACTICES,NEBRASKA,NE,31,,,STATE,CORN,ALL CLASSES,GRAIN,AREA PLANTED,"CORN, GRAIN - AREA PLANTED, MEASURED IN PCT BY SIZE GROUP",PCT BY SIZE GROUP,10.8,
2022,YEAR,ALL PRODUCTION PRACTICES,NEBRASKA,NE,31,,,STATE,CORN,ALL CLASSES,GRAIN,AREA PLANTED,"CORN, GRAIN - AREA PLANTED, MEASURED IN PCT BY SIZE GROUP",PCT BY SIZE GROUP,13.2,
2021,YEAR,ALL PRODUCTION PRACTICES,NEBRASKA,NE,31,,,STATE,CORN,ALL CLASSES,GRAIN,AREA PLANTED,"CORN, GRAIN - AREA PLANTED, MEASURED IN PCT BY SIZE GROUP",PCT BY SIZE GROUP,2.5,
2025,YEAR,ALL PRODUCTION PRACTICES,OHIO,OH,39,,,STATE,CORN,ALL CLASSES,GRAIN,AREA PLANTED,"CORN, GRAIN - AREA PLANTED, MEASURED IN PCT BY SIZE GROUP",PCT BY SIZE GROUP,1.4,
2024,YEAR,ALL PRODUCTION PRACTICES,OHIO,OH,39,,,STATE,CORN,ALL CLASSES,GRAIN,AREA PLANTED,"CORN, GRAIN - AREA PLANTED, MEASURED IN PCT BY SIZE GROUP",PCT BY SIZE GROUP,0.0,
2023,YEAR,ALL PRODUCTION PRACTICES,OHIO,OH,39,,,STATE,CORN,ALL CLASSES,GRAIN,AREA PLANTED,"CORN, GRAIN - AREA PLANTED, MEASURED IN PCT BY SIZE GROUP",PCT BY SIZE GROUP,6.9,
2022,YEAR,ALL PRODUCTION PRACTICES,OHIO,OH,39,,,STATE,CORN,ALL CLASSES,GRAIN,AREA PLANTED,"CORN, GRAIN - AREA PLANTED, MEASURED IN PCT BY SIZE GROUP",PCT BY SIZE GROUP,3.5,
2021,YEAR,ALL PRODUCTION PRACTICES,OHIO,OH,39,,,STATE,CORN,ALL CLASSES,GRAIN,AREA PLANTED,"CORN, GRAIN - AREA PLANTED, MEASURED IN PCT BY SIZE GROUP",PCT BY SIZE GROUP,1.1,
2025,YEAR,ALL PRODUCTION PRACTICES,SOUTH DAKOTA,SD,46,,,STATE,CORN,ALL CLASSES,GRAIN,AREA PLANTED,"CORN, GRAIN - AREA PLANTED, MEASURED IN PCT BY SIZE GROUP",PCT BY SIZE GROUP,16.0,
2024,YEAR,ALL PRODUCTION PRACTICES,SOUTH DAKOTA,SD,46,,,STATE,CORN,ALL CLASSES,GRAIN,AREA PLANTED,"CORN, GRAIN - AREA PLANTED, MEASURED IN PCT BY SIZE GROUP",PCT BY SIZE GROUP,15.4,
2023,YEAR,ALL PRODUCTION PRACTICES,SOUTH DAKOTA,SD,46,,,STATE,CORN,ALL CLASSES,GRAIN,AREA PLANTED,"CORN, GRAIN - AREA PLANTED, MEASURED IN PCT BY SIZE GROUP",PCT BY SIZE GROUP,10.0,
2022,YEAR,ALL PRODUCTION PRACTICES,SOUTH DAKOTA,SD,46,,,STATE,CORN,ALL CLASSES,GRAIN,AREA PLANTED,"CORN, GRAIN - AREA PLANTED, MEASURED IN PCT BY SIZE GROUP",PCT BY SIZE GROUP,12.5,
2021,YEAR,ALL PRODUCTION PRACTICES,SOUTH DAKOTA,SD,46,,,STATE,CORN,ALL CLASSES,GRAIN,AREA PLANTED,"CORN, GRAIN - AREA PLANTED, MEASURED IN PCT BY SIZE GROUP",PCT BY SIZE GROUP,1.8,
2025,YEAR,ALL PRODUCTION PRACTICES,WISCONSIN,WI,55,,,STATE,CORN,ALL CLASSES,GRAIN,AREA PLANTED,"CORN, GRAIN - AREA PLANTED, MEASURED IN PCT BY SIZE GROUP",PCT BY SIZE GROUP,1.8,
2024,YEAR,ALL PRODUCTION PRACTICES,WISCONSIN,WI,55,,,STATE,CORN,ALL CLASSES,GRAIN,AREA PLANTED,"CORN, GRAIN - AREA PLANTED, MEASURED IN PCT BY SIZE GROUP",PCT BY SIZE GROUP,0.0,
2023,YEAR,ALL PRODUCTION PRACTICES,WISCONSIN,WI,55,,,STATE,CORN,ALL CLASSES,GRAIN,AREA PLANTED,"CORN, GRAIN - AREA PLANTED, MEASURED IN PCT BY SIZE GROUP",PCT BY SIZE GROUP,1.4,
2022,YEAR,ALL PRODUCTION PRACTICES,WISCONSIN,WI,55,,,STATE,CORN,ALL CLASSES,GRAIN,AREA PLANTED,"CORN, GRAIN - AREA PLANTED, MEASURED IN PCT BY SIZE GROUP",PCT BY SIZE GROUP,4.2,
2021,YEAR,ALL PRODUCTION PRACTICES,WISCONSIN,WI,55,,,STATE,CORN,ALL CLASSES,GRAIN,AREA PLANTED,"CORN, GRAIN - AREA PLANTED, MEASURED IN PCT BY SIZE GROUP",PCT BY SIZE GROUP,4.5,
2025,YEAR,ALL PRODUCTION PRACTICES,ILLINOIS,IL,17,,,STATE,CORN,ALL CLASSES,GRAIN,AREA PLANTED,"CORN, GRAIN - AREA PLANTED, MEASURED IN PCT BY SIZE GROUP",PCT BY SIZE GROUP,0.8,
2024,YEAR,ALL PRODUCTION PRACTICES,ILLINOIS,IL,17,,,STATE,CORN,ALL CLASSES,GRAIN,AREA PLANTED,"CORN, GRAIN - AREA PLANTED, MEASURED IN PCT BY SIZE GROUP",PCT BY SIZE GROUP,1.8,
2023,YEAR,ALL PRODUCTION PRACTICES,ILLINOIS,IL,17,,,STATE,CORN,ALL CLASSES,GRAIN,AREA PLANTED,"CORN, GRAIN - AREA PLANTED, MEASURED IN PCT BY SIZE GROUP",PCT BY SIZE GROUP,2.3,
2022,YEAR,ALL PRODUCTION PRACTICES,ILLINOIS,IL,17,,,STATE,CORN,ALL CLASSES,GRAIN,AREA PLANTED,"CORN, GRAIN - AREA PLANTED, MEASURED IN PCT BY SIZE GROUP",PCT BY SIZE GROUP,1.6,
2021,YEAR,ALL PRODUCTION PRACTICES,ILLINOIS,IL,17,,,STATE,CORN,ALL CLASSES,GRAIN,AREA PLANTED,"CORN, GRAIN - AREA PLANTED, MEASURED IN PCT BY SIZE GROUP",PCT BY SIZE GROUP,1.6,
2025,YEAR,ALL PRODUCTION PRACTICES,INDIANA,IN,18,,,STATE,CORN,ALL CLASSES,GRAIN,AREA PLANTED,"CORN, GRAIN - AREA PLANTED, MEASURED IN PCT BY SIZE GROUP",PCT BY SIZE GROUP,6.8,
2024,YEAR,ALL PRODUCTION PRACTICES,INDIANA,IN,18,,,STATE,CORN,ALL CLASSES,GRAIN,AREA PLANTED,"CORN, GRAIN - AREA PLANTED, MEASURED IN PCT BY SIZE GROUP",PCT BY SIZE GROUP,1.6,
2023,YEAR,ALL PRODUCTION PRACTICES,INDIANA,IN,18,,,STATE,CORN,ALL CLASSES,GRAIN,AREA PLANTED,"CORN, GRAIN - AREA PLANTED, MEASURED IN PCT BY SIZE GROUP",PCT BY SIZE GROUP,1.5,
2022,YEAR,ALL PRODUCTION PRACTICES,INDIANA,IN,18,,,STATE,CORN,ALL CLASSES,GRAIN,AREA PLANTED,"CORN, GRAIN - AREA PLANTED, MEASURED IN PCT BY SIZE GROUP",PCT BY SIZE GROUP,7.4,
2021,YEAR,ALL PRODUCTION PRACTICES,INDIANA,IN,18,,,STATE,CORN,ALL CLASSES,GRAIN,AREA PLANTED,"CORN, GRAIN - AREA PLANTED, MEASURED IN PCT BY SIZE GROUP",PCT BY SIZE GROUP,6.3,
2025,YEAR,ALL PRODUCTION PRACTICES,IOWA,IA,19,,,STATE,CORN,ALL CLASSES,GRAIN,AREA PLANTED,"CORN, GRAIN - AREA PLANTED, MEASURED IN PCT BY SIZE GROUP",PCT BY SIZE GROUP,1.6,
2024,YEAR,ALL PRODUCTION PRACTICES,IOWA,IA,19,,,STATE,CORN,ALL CLASSES,GRAIN,AREA PLANTED,"CORN, GRAIN - AREA PLANTED, MEASURED IN PCT BY SIZE GROUP",PCT BY SIZE GROUP,4.4,
2023,YEAR,ALL PRODUCTION PRACTICES,IOWA,IA,19,,,STATE,CORN,ALL CLASSES,GRAIN,AREA PLANTED,"CORN, GRAIN - AREA PLANTED, MEASURED IN PCT BY SIZE GROUP",PCT BY SIZE GROUP,0.7,
2022,YEAR,ALL PRODUCTION PRACTICES,IOWA,IA,19,,,STATE,CORN,ALL CLASSES,GRAIN,AREA PLANTED,"CORN, GRAIN - AREA PLANTED, MEASURED IN PCT BY SIZE GROUP",PCT BY SIZE GROUP,0.7,
2021,YEAR,ALL PRODUCTION PRACTICES,IOWA,IA,19,,,STATE,CORN,ALL CLASSES,GRAIN,AREA PLANTED,"CORN, GRAIN - AREA PLANTED, MEASURED IN PCT BY SIZE GROUP",PCT BY SIZE GROUP,2.4,
2025,YEAR,ALL PRODUCTION PRACTICES,KANSAS,KS,20,,,STATE,CORN,ALL CLASSES,GRAIN,AREA PLANTED,"CORN, GRAIN - AREA PLANTED, MEASURED IN PCT BY SIZE GROUP",PCT BY SIZE GROUP,17.9,
2024,YEAR,ALL PRODUCTION PRACTICES,KANSAS,KS,20,,,STATE,CORN,ALL CLASSES,GRAIN,AREA PLANTED,"CORN, GRAIN - AREA PLANTED, MEASURED IN PCT BY SIZE GROUP",PCT BY SIZE GROUP,27.7,
2023,YEAR,ALL PRODUCTION PRACTICES,KANSAS,KS,20,,,STATE,CORN,ALL CLASSES,GRAIN,AREA PLANTED,"CORN, GRAIN - AREA PLANTED, MEASURED IN PCT BY SIZE GROUP",PCT BY SIZE GROUP,20.0,
2022,YEAR,ALL PRODUCTION PRACTICES,KANSAS,KS,20,,,STATE,CORN,ALL CLASSES,GRAIN,AREA PLANTED,"CORN, GRAIN - AREA PLANTED, MEASURED IN PCT BY SIZE GROUP",PCT BY SIZE GROUP,20.5,
2021,YEAR,ALL PRODUCTION PRACTICES,KANSAS,KS,20,,,STATE,CORN,ALL CLASSES,GRAIN,AREA PLANTED,"CORN, GRAIN - AREA PLANTED, MEASURED IN PCT BY SIZE GROUP",PCT BY SIZE GROUP,24.2,
2025,YEAR,ALL PRODUCTION PRACTICES,MINNESOTA,MN,27,,,STATE,CORN,ALL CLASSES,GRAIN,AREA PLANTED,"CORN, GRAIN - AREA PLANTED, MEASURED IN PCT BY SIZE GROUP",PCT BY SIZE GROUP,1.7,
2024,YEAR,ALL PRODUCTION PRACTICES,MINNESOTA,MN,27,,,STATE,CORN,ALL CLASSES,GRAIN,AREA PLANTED,"CORN, GRAIN - AREA PLANTED, MEASURED IN PCT BY SIZE GROUP",PCT BY SIZE GROUP,5.7,
2023,YEAR,ALL PRODUCTION PRACTICES,MINNESOTA,MN,27,,,STATE,CORN,ALL CLASSES,GRAIN,AREA PLANTED,"CORN, GRAIN - AREA PLANTED, MEASURED IN PCT BY SIZE GROUP",PCT BY SIZE GROUP,2.9,
2022,YEAR,ALL PRODUCTION PRACTICES,MINNESOTA,MN,27,,,STATE,CORN,ALL CLASSES,GRAIN,AREA PLANTED,"CORN, GRAIN - AREA PLANTED, MEASURED IN PCT BY SIZE GROUP",PCT BY SIZE GROUP,1.8,
2021,YEAR,ALL PRODUCTION PRACTICES,MINNESOTA,MN,27,,,STATE,CORN,ALL CLASSES,GRAIN,AREA PLANTED,"CORN, GRAIN - AREA PLANTED, MEASURED IN PCT BY SIZE GROUP",PCT BY SIZE GROUP,2.2,
2025,YEAR,ALL PRODUCTION PRACTICES,MISSOURI,MO,29,,,STATE,CORN,ALL CLASSES,GRAIN,AREA PLANTED,"CORN, GRAIN - AREA PLANTED, MEASURED IN PCT BY SIZE GROUP",PCT BY SIZE GROUP,13.3,
2024,YEAR,ALL PRODUCTION PRACTICES,MISSOURI,MO,29,,,STATE,CORN,ALL CLASSES,GRAIN,AREA PLANTED,"CORN, GRAIN - AREA PLANTED, MEASURED IN PCT BY SIZE GROUP",PCT BY SIZE GROUP,15.9,
2023,YEAR,ALL PRODUCTION PRACTICES,MISSOURI,MO,29,,,STATE,CORN,ALL CLASSES,GRAIN,AREA PLANTED,"CORN, GRAIN - AREA PLANTED, MEASURED IN PCT BY SIZE GROUP",PCT BY SIZE GROUP,16.5,
2022,YEAR,ALL PRODUCTION PRACTICES,MISSOURI,MO,29,,,STATE,CORN,ALL CLASSES,GRAIN,AREA PLANTED,"CORN, GRAIN - AREA PLANTED, MEASURED IN PCT BY SIZE GROUP",PCT BY SIZE GROUP,17.9,
2021,YEAR,ALL PRODUCTION PRACTICES,MISSOURI,MO,29,,,STATE,CORN,ALL CLASSES,GRAIN,AREA PLANTED,"CORN, GRAIN - AREA PLANTED, MEASURED IN PCT BY SIZE GROUP",PCT BY SIZE GROUP,14.5,
2025,YEAR,ALL PRODUCTION PRACTICES,NEBRASKA,NE,31,,,STATE,CORN,ALL CLASSES,GRAIN,AREA PLANTED,"CORN, GRAIN - AREA PLANTED, MEASURED IN PCT BY SIZE GROUP",PCT BY SIZE GROUP,10.7,
2024,YEAR,ALL PRODUCTION PRACTICES,NEBRASKA,NE,31,,,STATE,CORN,ALL CLASSES,GRAIN,AREA PLANTED,"CORN, GRAIN - AREA PLANTED, MEASURED IN PCT BY SIZE GROUP",PCT BY SIZE GROUP,12.1,
2023,YEAR,ALL PRODUCTION PRACTICES,NEBRASKA,NE,31,,,STATE,CORN,ALL CLASSES,GRAIN,AREA PLANTED,"CORN, GRAIN - AREA PLANTED, MEASURED IN PCT BY SIZE GROUP",PCT BY SIZE GROUP,5.0,
2022,YEAR,ALL PRODUCTION PRACTICES,NEBRASKA,NE,31,,,STATE,CORN,ALL CLASSES,GRAIN,AREA PLANTED,"CORN, GRAIN - AREA PLANTED, MEASURED IN PCT BY SIZE GROUP",PCT BY SIZE GROUP,10.9,
2021,YEAR,ALL PRODUCTION PRACTICES,NEBRASKA,NE,31,,,STATE,CORN,ALL CLASSES,GRAIN,AREA PLANTED,"CORN, GRAIN - AREA PLANTED, MEASURED IN PCT BY SIZE GROUP",PCT BY SIZE GROUP,14.2,
2025,YEAR,ALL PRODUCTION PRACTICES,OHIO,OH,39,,,STATE,CORN,ALL CLASSES,GRAIN,AREA PLANTED,"CORN, GRAIN - AREA PLANTED, MEASURED IN PCT BY SIZE GROUP",PCT BY SIZE GROUP,5.7,
2024,YEAR,ALL PRODUCTION PRACTICES,OHIO,OH,39,,,STATE,CORN,ALL CLASSES,GRAIN,AREA PLANTED,"CORN, GRAIN - AREA PLANTED, MEASURED IN PCT BY SIZE GROUP",PCT BY SIZE GROUP,3.5,
2023,YEAR,ALL PRODUCTION PRACTICES,OHIO,OH,39,,,STATE,CORN,ALL CLASSES,GRAIN,AREA PLANTED,"CORN, GRAIN - AREA PLANTED, MEASURED IN PCT BY SIZE GROUP",PCT BY SIZE GROUP,7.8,
2022,YEAR,ALL PRODUCTION PRACTICES,OHIO,OH,39,,,STATE,CORN,ALL CLASSES,GRAIN,AREA PLANTED,"CORN, GRAIN - AREA PLANTED, MEASURED IN PCT BY SIZE GROUP",PCT BY SIZE GROUP,3.5,
2021,YEAR,ALL PRODUCTION PRACTICES,OHIO,OH,39,,,STATE,CORN,ALL CLASSES,GRAIN,AREA PLANTED,"CORN, GRAIN - AREA PLANTED, MEASURED IN PCT BY SIZE GROUP",PCT BY SIZE GROUP,4.6,
2025,YEAR,ALL PRODUCTION PRACTICES,SOUTH DAKOTA,SD,46,,,STATE,CORN,ALL CLASSES,GRAIN,AREA PLANTED,"CORN, GRAIN - AREA PLANTED, MEASURED IN PCT BY SIZE GROUP",PCT BY SIZE GROUP,26.0,
2024,YEAR,ALL PRODUCTION PRACTICES,SOUTH DAKOTA,SD,46,,,STATE,CORN,ALL CLASSES,GRAIN,AREA PLANTED,"CORN, GRAIN - AREA PLANTED, MEASURED IN PCT BY SIZE GROUP",PCT BY SIZE GROUP,11.5,
2023,YEAR,ALL PRODUCTION PRACTICES,SOUTH DAKOTA,SD,46,,,STATE,CORN,ALL CLASSES,GRAIN,AREA PLANTED,"CORN, GRAIN - AREA PLANTED, MEASURED IN PCT BY SIZE GROUP",PCT BY SIZE GROUP,18.0,
2022,YEAR,ALL PRODUCTION PRACTICES,SOUTH DAKOTA,SD,46,,,STATE,CORN,ALL CLASSES,GRAIN,AREA PLANTED,"CORN, GRAIN - AREA PLANTED, MEASURED IN PCT BY SIZE GROUP",PCT BY SIZE GROUP,18.8,
2021,YEAR,ALL PRODUCTION PRACTICES,SOUTH DAKOTA,SD,46,,,STATE,CORN,ALL CLASSES,GRAIN,AREA PLANTED,"CORN, GRAIN - AREA PLANTED, MEASURED IN PCT BY SIZE GROUP",PCT BY SIZE GROUP,21.8,
2025,YEAR,ALL PRODUCTION PRACTICES,WISCONSIN,WI,55,,,STATE,CORN,ALL CLASSES,GRAIN,AREA PLANTED,"CORN, GRAIN - AREA PLANTED, MEASURED IN PCT BY SIZE GROUP",PCT BY SIZE GROUP,8.9,
2024,YEAR,ALL PRODUCTION PRACTICES,WISCONSIN,WI,55,,,STATE,CORN,ALL CLASSES,GRAIN,AREA PLANTED,"CORN, GRAIN - AREA PLANTED, MEASURED IN PCT BY SIZE GROUP",PCT BY SIZE GROUP,6.3,
2023,YEAR,ALL PRODUCTION PRACTICES,WISCONSIN,WI,55,,,STATE,CORN,ALL CLASSES,GRAIN,AREA PLANTED,"CORN, GRAIN - AREA PLANTED, MEASURED IN PCT BY SIZE GROUP",PCT BY SIZE GROUP,5.7,
2022,YEAR,ALL PRODUCTION PRACTICES,WISCONSIN,WI,55,,,STATE,CORN,ALL CLASSES,GRAIN,AREA PLANTED,"CORN, GRAIN - AREA PLANTED, MEASURED IN PCT BY SIZE GROUP",PCT BY SIZE GROUP,0.0,
2021,YEAR,ALL PRODUCTION PRACTICES,WISCONSIN,WI,55,,,STATE,CORN,ALL CLASSES,GRAIN,AREA PLANTED,"CORN, GRAIN - AREA PLANTED, MEASURED IN PCT BY SIZE GROUP",PCT BY SIZE GROUP,4.5,
2025,YEAR,ALL PRODUCTION PRACTICES,ILLINOIS,IL,17,,,STATE,CORN,ALL CLASSES,GRAIN,AREA PLANTED,"CORN, GRAIN - AREA PLANTED, MEASURED IN PCT BY SIZE GROUP",PCT BY SIZE GROUP,9.3,
2024,YEAR,ALL PRODUCTION PRACTICES,ILLINOIS,IL,17,,,STATE,CORN,ALL CLASSES,GRAIN,AREA PLANTED,"CORN, GRAIN - AREA PLANTED, MEASURED IN PCT BY SIZE GROUP",PCT BY SIZE GROUP,5.4,
2023,YEAR,ALL PRODUCTION PRACTICES,ILLINOIS,IL,17,,,STATE,CORN,ALL CLASSES,GRAIN,AREA PLANTED,"CORN, GRAIN - AREA PLANTED, MEASURED IN PCT BY SIZE GROUP",PCT BY SIZE GROUP,2.3,
2022,YEAR,ALL PRODUCTION PRACTICES,ILLINOIS,IL,17,,,STATE,CORN,ALL CLASSES,GRAIN,AREA PLANTED,"CORN, GRAIN - AREA PLANTED, MEASURED IN PCT BY SIZE GROUP",PCT BY SIZE GROUP,6.5,
2021,YEAR,ALL PRODUCTION PRACTICES,ILLINOIS,IL,17,,,STATE,CORN,ALL CLASSES,GRAIN,AREA PLANTED,"CORN, GRAIN - AREA PLANTED, MEASURED IN PCT BY SIZE GROUP",PCT BY SIZE GROUP,7.1,
2025,YEAR,ALL PRODUCTION PRACTICES,INDIANA,IN,18,,,STATE,CORN,ALL CLASSES,GRAIN,AREA PLANTED,"CORN, GRAIN - AREA PLANTED, MEASURED IN PCT BY SIZE GROUP",PCT BY SIZE GROUP,10.2,
2024,YEAR,ALL PRODUCTION PRACTICES,INDIANA,IN,18,,,STATE,CORN,ALL CLASSES,GRAIN,AREA PLANTED,"CORN, GRAIN - AREA PLANTED, MEASURED IN PCT BY SIZE GROUP",PCT BY SIZE GROUP,6.6,
2023,YEAR,ALL PRODUCTION PRACTICES,INDIANA,IN,18,,,STATE,CORN,ALL CLASSES,GRAIN,AREA PLANTED,"CORN, GRAIN - AREA PLANTED, MEASURED IN PCT BY SIZE GROUP",PCT BY SIZE GROUP,11.9,
2022,YEAR,ALL PRODUCTION PRACTICES,INDIANA,IN,18,,,STATE,CORN,ALL CLASSES,GRAIN,AREA PLANTED,"CORN, GRAIN - AREA PLANTED, MEASURED IN PCT BY SIZE GROUP",PCT BY SIZE GROUP,14.8,
2021,YEAR,ALL PRODUCTION PRACTICES,INDIANA,IN,18,,,STATE,CORN,ALL CLASSES,GRAIN,AREA PLANTED,"CORN, GRAIN - AREA PLANTED, MEASURED IN PCT BY SIZE GROUP",PCT BY SIZE GROUP,14.3,
2025,YEAR,ALL PRODUCTION PRACTICES,IOWA,IA,19,,,STATE,CORN,ALL CLASSES,GRAIN,AREA PLANTED,"CORN, GRAIN - AREA PLANTED, MEASURED IN PCT BY SIZE GROUP",PCT BY SIZE GROUP,6.3,
2024,YEAR,ALL PRODUCTION PRACTICES,IOWA,IA,19,,,STATE,CORN,ALL CLASSES,GRAIN,AREA PLANTED,"CORN, GRAIN - AREA PLANTED, MEASURED IN PCT BY SIZE GROUP",PCT BY SIZE GROUP,8.1,
2023,YEAR,ALL PRODUCTION PRACTICES,IOWA,IA,19,,,STATE,CORN,ALL CLASSES,GRAIN,AREA PLANTED,"CORN, GRAIN - AREA PLANTED, MEASURED IN PCT BY SIZE GROUP",PCT BY SIZE GROUP,8.1,
2022,YEAR,ALL PRODUCTION PRACTICES,IOWA,IA,19,,,STATE,CORN,ALL CLASSES,GRAIN,AREA PLANTED,"CORN, GRAIN - AREA PLANTED, MEASURED IN PCT BY SIZE GROUP",PCT BY SIZE GROUP,3.3,
2021,YEAR,ALL PRODUCTION PRACTICES,IOWA,IA,19,,,STATE,CORN,ALL CLASSES,GRAIN,AREA PLANTED,"CORN, GRAIN - AREA PLANTED, MEASURED IN PCT BY SIZE GROUP",PCT BY SIZE GROUP,5.5,
2025,YEAR,ALL PRODUCTION PRACTICES,KANSAS,KS,20,,,STATE,CORN,ALL CLASSES,GRAIN,AREA PLANTED,"CORN, GRAIN - AREA PLANTED, MEASURED IN PCT BY SIZE GROUP",PCT BY SIZE GROUP,11.6,
2024,YEAR,ALL PRODUCTION PRACTICES,KANSAS,KS,20,,,STATE,CORN,ALL CLASSES,GRAIN,AREA PLANTED,"CORN, GRAIN - AREA PLANTED, MEASURED IN PCT BY SIZE GROUP",PCT BY SIZE GROUP,7.2,
2023,YEAR,ALL PRODUCTION PRACTICES,KANSAS,KS,20,,,STATE,CORN,ALL CLASSES,GRAIN,AREA PLANTED,"CORN, GRAIN - AREA PLANTED, MEASURED IN PCT BY SIZE GROUP",PCT BY SIZE GROUP,12.5,
2022,YEAR,ALL PRODUCTION PRACTICES,KANSAS,KS,20,,,STATE,CORN,ALL CLASSES,GRAIN,AREA PLANTED,"CORN, GRAIN - AREA PLANTED, MEASURED IN PCT BY SIZE GROUP",PCT BY SIZE GROUP,11.0,
2021,YEAR,ALL PRODUCTION PRACTICES,KANSAS,KS,20,,,STATE,CORN,ALL CLASSES,GRAIN,AREA PLANTED,"CORN, GRAIN - AREA PLANTED, MEASURED IN PCT BY SIZE GROUP",PCT BY SIZE GROUP,15.2,
2025,YEAR,ALL PRODUCTION PRACTICES,MINNESOTA,MN,27,,,STATE,CORN,ALL CLASSES,GRAIN,AREA PLANTED,"CORN, GRAIN - AREA PLANTED, MEASURED IN PCT BY SIZE GROUP",PCT BY SIZE GROUP,8.6,
2024,YEAR,ALL PRODUCTION PRACTICES,MINNESOTA,MN,27,,,STATE,CORN,ALL CLASSES,GRAIN,AREA PLANTED,"CORN, GRAIN - AREA PLANTED, MEASURED IN PCT BY SIZE GROUP",PCT BY SIZE GROUP,5.7,
2023,YEAR,ALL PRODUCTION PRACTICES,MINNESOTA,MN,27,,,STATE,CORN,ALL CLASSES,GRAIN,AREA PLANTED,"CORN, GRAIN - AREA PLANTED, MEASURED IN PCT BY SIZE GROUP",PCT BY SIZE GROUP,10.8,
2022,YEAR,ALL PRODUCTION PRACTICES,MINNESOTA,MN,27,,,STATE,CORN,ALL CLASSES,GRAIN,AREA PLANTED,"CORN, GRAIN - AREA PLANTED, MEASURED IN PCT BY SIZE GROUP",PCT BY SIZE GROUP,7.0,
2021,YEAR,ALL PRODUCTION PRACTICES,MINNESOTA,MN,27,,,STATE,CORN,ALL CLASSES,GRAIN,AREA PLANTED,"CORN, GRAIN - AREA PLANTED, MEASURED IN PCT BY SIZE GROUP",PCT BY SIZE GROUP,4.3,
2025,YEAR,ALL PRODUCTION PRACTICES,MISSOURI,MO,29,,,STATE,CORN,ALL CLASSES,GRAIN,AREA PLANTED,"CORN, GRAIN - AREA PLANTED, MEASURED IN PCT BY SIZE GROUP",PCT BY SIZE GROUP,17.8,
2024,YEAR,ALL PRODUCTION PRACTICES,MISSOURI,MO,29,,,STATE,CORN,ALL CLASSES,GRAIN,AREA PLANTED,"CORN, GRAIN - AREA PLANTED, MEASURED IN PCT BY SIZE GROUP",PCT BY SIZE GROUP,13.4,
2023,YEAR,ALL PRODUCTION PRACTICES,MISSOURI,MO,29,,,STATE,CORN,ALL CLASSES,GRAIN,AREA PLANTED,"CORN, GRAIN - AREA PLANTED, MEASURED IN PCT BY SIZE GROUP",PCT BY SIZE GROUP,8.9,
2022,YEAR,ALL PRODUCTION PRACTICES,MISSOURI,MO,29,,,STATE,CORN,ALL CLASSES,GRAIN,AREA PLANTED,"CORN, GRAIN - AREA PLANTED, MEASURED IN PCT BY SIZE GROUP",PCT BY SIZE GROUP,10.3,
2021,YEAR,ALL PRODUCTION PRACTICES,MISSOURI,MO,29,,,STATE,CORN,ALL CLASSES,GRAIN,AREA PLANTED,"CORN, GRAIN - AREA PLANTED, MEASURED IN PCT BY SIZE GROUP",PCT BY SIZE GROUP,18.4,
2025,YEAR,ALL PRODUCTION PRACTICES,NEBRASKA,NE,31,,,STATE,CORN,ALL CLASSES,GRAIN,AREA PLANTED,"CORN, GRAIN - AREA PLANTED, MEASURED IN PCT BY SIZE GROUP",PCT BY SIZE GROUP,9.7,
2024,YEAR,ALL PRODUCTION PRACTICES,NEBRASKA,NE,31,,,STATE,CORN,ALL CLASSES,GRAIN,AREA PLANTED,"CORN, GRAIN - AREA PLANTED, MEASURED IN PCT BY SIZE GROUP",PCT BY SIZE GROUP,14.5,
2023,YEAR,ALL PRODUCTION PRACTICES,NEBRASKA,NE,31,,,STATE,CORN,ALL CLASSES,GRAIN,AREA PLANTED,"CORN, GRAIN - AREA PLANTED, MEASURED IN PCT BY SIZE GROUP",PCT BY SIZE GROUP,17.5,
2022,YEAR,ALL PRODUCTION PRACTICES,NEBRASKA,NE,31,,,STATE,CORN,ALL CLASSES,GRAIN,AREA PLANTED,"CORN, GRAIN - AREA PLANTED, MEASURED IN PCT BY SIZE GROUP",PCT BY SIZE GROUP,16.3,
2021,YEAR,ALL PRODUCTION PRACTICES,NEBRASKA,NE,31,,,STATE,CORN,ALL CLASSES,GRAIN,AREA PLANTED,"CORN, GRAIN - AREA PLANTED, MEASURED IN PCT BY SIZE GROUP",PCT BY SIZE GROUP,14.2,
2025,YEAR,ALL PRODUCTION PRACTICES,OHIO,OH,39,,,STATE,CORN,ALL CLASSES,GRAIN,AREA PLANTED,"CORN, GRAIN - AREA PLANTED, MEASURED IN PCT BY SIZE GROUP",PCT BY SIZE GROUP,10.0,
2024,YEAR,ALL PRODUCTION PRACTICES,OHIO,OH,39,,,STATE,CORN,ALL CLASSES,GRAIN,AREA PLANTED,"CORN, GRAIN - AREA PLANTED, MEASURED IN PCT BY SIZE GROUP",PCT BY SIZE GROUP,8.1,
2023,YEAR,ALL PRODUCTION PRACTICES,OHIO,OH,39,,,STATE,CORN,ALL CLASSES,GRAIN,AREA PLANTED,"CORN, GRAIN - AREA PLANTED, MEASURED IN PCT BY SIZE GROUP",PCT BY SIZE GROUP,11.8,
2022,YEAR,ALL PRODUCTION PRACTICES,OHIO,OH,39,,,STATE,CORN,ALL CLASSES,GRAIN,AREA PLANTED,"CORN, GRAIN - AREA PLANTED, MEASURED IN PCT BY SIZE GROUP",PCT BY SIZE GROUP,15.3,
2021,YEAR,ALL PRODUCTION PRACTICES,OHIO,OH,39,,,STATE,CORN,ALL CLASSES,GRAIN,AREA PLANTED,"CORN, GRAIN - AREA PLANTED, MEASURED IN PCT BY SIZE GROUP",PCT BY SIZE GROUP,9.2,
2025,YEAR,ALL PRODUCTION PRACTICES,SOUTH DAKOTA,SD,46,,,STATE,CORN,ALL CLASSES,GRAIN,AREA PLANTED,"CORN, GRAIN - AREA PLANTED, MEASURED IN PCT BY SIZE GROUP",PCT BY SIZE GROUP,30.0,
2024,YEAR,ALL PRODUCTION PRACTICES,SOUTH DAKOTA,SD,46,,,STATE,CORN,ALL CLASSES,GRAIN,AREA PLANTED,"CORN, GRAIN - AREA PLANTED, MEASURED IN PCT BY SIZE GROUP",PCT BY SIZE GROUP,26.9,
2023,YEAR,ALL PRODUCTION PRACTICES,SOUTH DAKOTA,SD,46,,,STATE,CORN,ALL CLASSES,GRAIN,AREA PLANTED,"CORN, GRAIN - AREA PLANTED, MEASURED IN PCT BY SIZE GROUP",PCT BY SIZE GROUP,18.0,
2022,YEAR,ALL PRODUCTION PRACTICES,SOUTH DAKOTA,SD,46,,,STATE,CORN,ALL CLASSES,GRAIN,AREA PLANTED,"CORN, GRAIN - AREA PLANTED, MEASURED IN PCT BY SIZE GROUP",PCT BY SIZE GROUP,27.0,
2021,YEAR,ALL PRODUCTION PRACTICES,SOUTH DAKOTA,SD,46,,,STATE,CORN,ALL CLASSES,GRAIN,AREA PLANTED,"CORN, GRAIN - AREA PLANTED, MEASURED IN PCT BY SIZE GROUP",PCT BY SIZE GROUP,25.5,
2025,YEAR,ALL PRODUCTION PRACTICES,WISCONSIN,WI,55,,,STATE,CORN,ALL CLASSES,GRAIN,AREA PLANTED,"CORN, GRAIN - AREA PLANTED, MEASURED IN PCT BY SIZE GROUP",PCT BY SIZE GROUP,12.5,
2024,YEAR,ALL PRODUCTION PRACTICES,WISCONSIN,WI,55,,,STATE,CORN,ALL CLASSES,GRAIN,AREA PLANTED,"CORN, GRAIN - AREA PLANTED, MEASURED IN PCT BY SIZE GROUP",PCT BY SIZE GROUP,12.5,
2023,YEAR,ALL PRODUCTION PRACTICES,WISCONSIN,WI,55,,,STATE,CORN,ALL CLASSES,GRAIN,AREA PLANTED,"CORN, GRAIN - AREA PLANTED, MEASURED IN PCT BY SIZE GROUP",PCT BY SIZE GROUP,17.1,
2022,YEAR,ALL PRODUCTION PRACTICES,WISCONSIN,WI,55,,,STATE,CORN,ALL CLASSES,GRAIN,AREA PLANTED,"CORN, GRAIN - AREA PLANTED, MEASURED IN PCT BY SIZE GROUP",PCT BY SIZE GROUP,14.1,
2021,YEAR,ALL PRODUCTION PRACTICES,WISCONSIN,WI,55,,,STATE,CORN,ALL CLASSES,GRAIN,AREA PLANTED,"CORN, GRAIN - AREA PLANTED, MEASURED IN PCT BY SIZE GROUP",PCT BY SIZE GROUP,10.6,
2025,YEAR,ALL PRODUCTION PRACTICES,ILLINOIS,IL,17,,,STATE,CORN,ALL CLASSES,GRAIN,AREA PLANTED,"CORN, GRAIN - AREA PLANTED, MEASURED IN PCT BY SIZE GROUP",PCT BY SIZE GROUP,9.3,
2024,YEAR,ALL PRODUCTION PRACTICES,ILLINOIS,IL,17,,,STATE,CORN,ALL CLASSES,GRAIN,AREA PLANTED,"CORN, GRAIN - AREA PLANTED, MEASURED IN PCT BY SIZE GROUP",PCT BY SIZE GROUP,13.4,
2023,YEAR,ALL PRODUCTION PRACTICES,ILLINOIS,IL,17,,,STATE,CORN,ALL CLASSES,GRAIN,AREA PLANTED,"CORN, GRAIN - AREA PLANTED, MEASURED IN PCT BY SIZE GROUP",PCT BY SIZE GROUP,15.6,
2022,YEAR,ALL PRODUCTION PRACTICES,ILLINOIS,IL,17,,,STATE,CORN,ALL CLASSES,GRAIN,AREA PLANTED,"CORN, GRAIN - AREA PLANTED, MEASURED IN PCT BY SIZE GROUP",PCT BY SIZE GROUP,14.6,
2021,YEAR,ALL PRODUCTION PRACTICES,ILLINOIS,IL,17,,,STATE,CORN,ALL CLASSES,GRAIN,AREA PLANTED,"CORN, GRAIN - AREA PLANTED, MEASURED IN PCT BY SIZE GROUP",PCT BY SIZE GROUP,19.0,
2025,YEAR,ALL PRODUCTION PRACTICES,INDIANA,IN,18,,,STATE,CORN,ALL CLASSES,GRAIN,AREA PLANTED,"CORN, GRAIN - AREA PLANTED, MEASURED IN PCT BY SIZE GROUP",PCT BY SIZE GROUP,11.9,
2024,YEAR,ALL PRODUCTION PRACTICES,INDIANA,IN,18,,,STATE,CORN,ALL CLASSES,GRAIN,AREA PLANTED,"CORN, GRAIN - AREA PLANTED, MEASURED IN PCT BY SIZE GROUP",PCT BY SIZE GROUP,19.7,
2023,YEAR,ALL PRODUCTION PRACTICES,INDIANA,IN,18,,,STATE,CORN,ALL CLASSES,GRAIN,AREA PLANTED,"CORN, GRAIN - AREA PLANTED, MEASURED IN PCT BY SIZE GROUP",PCT BY SIZE GROUP,20.9,
2022,YEAR,ALL PRODUCTION PRACTICES,INDIANA,IN,18,,,STATE,CORN,ALL CLASSES,GRAIN,AREA PLANTED,"CORN, GRAIN - AREA PLANTED, MEASURED IN PCT BY SIZE GROUP",PCT BY SIZE GROUP,22.2,
2021,YEAR,ALL PRODUCTION PRACTICES,INDIANA,IN,18,,,STATE,CORN,ALL CLASSES,GRAIN,AREA PLANTED,"CORN, GRAIN - AREA PLANTED, MEASURED IN PCT BY SIZE GROUP",PCT BY SIZE GROUP,25.4,
2025,YEAR,ALL PRODUCTION PRACTICES,IOWA,IA,19,,,STATE,CORN,ALL CLASSES,GRAIN,AREA PLANTED,"CORN, GRAIN - AREA PLANTED, MEASURED IN PCT BY SIZE GROUP",PCT BY SIZE GROUP,23.0,
2024,YEAR,ALL PRODUCTION PRACTICES,IOWA,IA,19,,,STATE,CORN,ALL CLASSES,GRAIN,AREA PLANTED,"CORN, GRAIN - AREA PLANTED, MEASURED IN PCT BY SIZE GROUP",PCT BY SIZE GROUP,18.4,
2023,YEAR,ALL PRODUCTION PRACTICES,IOWA,IA,19,,,STATE,CORN,ALL CLASSES,GRAIN,AREA PLANTED,"CORN, GRAIN - AREA PLANTED, MEASURED IN PCT BY SIZE GROUP",PCT BY SIZE GROUP,16.8,
2022,YEAR,ALL PRODUCTION PRACTICES,IOWA,IA,19,,,STATE,CORN,ALL CLASSES,GRAIN,AREA PLANTED,"CORN, GRAIN - AREA PLANTED, MEASURED IN PCT BY SIZE GROUP",PCT BY SIZE GROUP,17.6,
2021,YEAR,ALL PRODUCTION PRACTICES,IOWA,IA,19,,,STATE,CORN,ALL CLASSES,GRAIN,AREA PLANTED,"CORN, GRAIN - AREA PLANTED, MEASURED IN PCT BY SIZE GROUP",PCT BY SIZE GROUP,12.6,
2025,YEAR,ALL PRODUCTION PRACTICES,KANSAS,KS,20,,,STATE,CORN,ALL CLASSES,GRAIN,AREA PLANTED,"CORN, GRAIN - AREA PLANTED, MEASURED IN PCT BY SIZE GROUP",PCT BY SIZE GROUP,10.7,
2024,YEAR,ALL PRODUCTION PRACTICES,KANSAS,KS,20,,,STATE,CORN,ALL CLASSES,GRAIN,AREA PLANTED,"CORN, GRAIN - AREA PLANTED, MEASURED IN PCT BY SIZE GROUP",PCT BY SIZE GROUP,13.0,
2023,YEAR,ALL PRODUCTION PRACTICES,KANSAS,KS,20,,,STATE,CORN,ALL CLASSES,GRAIN,AREA PLANTED,"CORN, GRAIN - AREA PLANTED, MEASURED IN PCT BY SIZE GROUP",PCT BY SIZE GROUP,26.1,
2022,YEAR,ALL PRODUCTION PRACTICES,KANSAS,KS,20,,,STATE,CORN,ALL CLASSES,GRAIN,AREA PLANTED,"CORN, GRAIN - AREA PLANTED, MEASURED IN PCT BY SIZE GROUP",PCT BY SIZE GROUP,20.5,
2021,YEAR,ALL PRODUCTION PRACTICES,KANSAS,KS,20,,,STATE,CORN,ALL CLASSES,GRAIN,AREA PLANTED,"CORN, GRAIN - AREA PLANTED, MEASURED IN PCT BY SIZE GROUP",PCT BY SIZE GROUP,9.1,
2025,YEAR,ALL PRODUCTION PRACTICES,MINNESOTA,MN,27,,,STATE,CORN,ALL CLASSES,GRAIN,AREA PLANTED,"CORN, GRAIN - AREA PLANTED, MEASURED IN PCT BY SIZE GROUP",PCT BY SIZE GROUP,20.7,
2024,YEAR,ALL PRODUCTION PRACTICES,MINNESOTA,MN,27,,,STATE,CORN,ALL CLASSES,GRAIN,AREA PLANTED,"CORN, GRAIN - AREA PLANTED, MEASURED IN PCT BY SIZE GROUP",PCT BY SIZE GROUP,23.0,
2023,YEAR,ALL PRODUCTION PRACTICES,MINNESOTA,MN,27,,,STATE,CORN,ALL CLASSES,GRAIN,AREA PLANTED,"CORN, GRAIN - AREA PLANTED, MEASURED IN PCT BY SIZE GROUP",PCT BY SIZE GROUP,9.8,
2022,YEAR,ALL PRODUCTION PRACTICES,MINNESOTA,MN,27,,,STATE,CORN,ALL CLASSES,GRAIN,AREA PLANTED,"CORN, GRAIN - AREA PLANTED, MEASURED IN PCT BY SIZE GROUP",PCT BY SIZE GROUP,14.9,
2021,YEAR,ALL PRODUCTION PRACTICES,MINNESOTA,MN,27,,,STATE,CORN,ALL CLASSES,GRAIN,AREA PLANTED,"CORN, GRAIN - AREA PLANTED, MEASURED IN PCT BY SIZE GROUP",PCT BY SIZE GROUP,28.3,
2025,YEAR,ALL PRODUCTION PRACTICES,MISSOURI,MO,29,,,STATE,CORN,ALL CLASSES,GRAIN,AREA PLANTED,"CORN, GRAIN - AREA PLANTED, MEASURED IN PCT BY SIZE GROUP",PCT BY SIZE GROUP,32.2,
2024,YEAR,ALL PRODUCTION PRACTICES,MISSOURI,MO,29,,,STATE,CORN,ALL CLASSES,GRAIN,AREA PLANTED,"CORN, GRAIN - AREA PLANTED, MEASURED IN PCT BY SIZE GROUP",PCT BY SIZE GROUP,34.2,
2023,YEAR,ALL PRODUCTION PRACTICES,MISSOURI,MO,29,,,STATE,CORN,ALL CLASSES,GRAIN,AREA PLANTED,"CORN, GRAIN - AREA PLANTED, MEASURED IN PCT BY SIZE GROUP",PCT BY SIZE GROUP,35.3,
2022,YEAR,ALL PRODUCTION PRACTICES,MISSOURI,MO,29,,,STATE,CORN,ALL CLASSES,GRAIN,AREA PLANTED,"CORN, GRAIN - AREA PLANTED, MEASURED IN PCT BY SIZE GROUP",PCT BY SIZE GROUP,28.2,
2021,YEAR,ALL PRODUCTION PRACTICES,MISSOURI,MO,29,,,STATE,CORN,ALL CLASSES,GRAIN,AREA PLANTED,"CORN, GRAIN - AREA PLANTED, MEASURED IN PCT BY SIZE GROUP",PCT BY SIZE GROUP,44.7,
2025,YEAR,ALL PRODUCTION PRACTICES,NEBRASKA,NE,31,,,STATE,CORN,ALL CLASSES,GRAIN,AREA PLANTED,"CORN, GRAIN - AREA PLANTED, MEASURED IN PCT BY SIZE GROUP",PCT BY SIZE GROUP,17.5,
2024,YEAR,ALL PRODUCTION PRACTICES,NEBRASKA,NE,31,,,STATE,CORN,ALL CLASSES,GRAIN,AREA PLANTED,"CORN, GRAIN - AREA PLANTED, MEASURED IN PCT BY SIZE GROUP",PCT BY SIZE GROUP,16.1,
2023,YEAR,ALL PRODUCTION PRACTICES,NEBRASKA,NE,31,,,STATE,CORN,ALL CLASSES,GRAIN,AREA PLANTED,"CORN, GRAIN - AREA PLANTED, MEASURED IN PCT BY SIZE GROUP",PCT BY SIZE GROUP,26.7,
2022,YEAR,ALL PRODUCTION PRACTICES,NEBRASKA,NE,31,,,STATE,CORN,ALL CLASSES,GRAIN,AREA PLANTED,"CORN, GRAIN - AREA PLANTED, MEASURED IN PCT BY SIZE GROUP",PCT BY SIZE GROUP,26.2,
2021,YEAR,ALL PRODUCTION PRACTICES,NEBRASKA,NE,31,,,STATE,CORN,ALL CLASSES,GRAIN,AREA PLANTED,"CORN, GRAIN - AREA PLANTED, MEASURED IN PCT BY SIZE GROUP",PCT BY SIZE GROUP,20.0,
2025,YEAR,ALL PRODUCTION PRACTICES,OHIO,OH,39,,,STATE,CORN,ALL CLASSES,GRAIN,AREA PLANTED,"CORN, GRAIN - AREA PLANTED, MEASURED IN PCT BY SIZE GROUP",PCT BY SIZE GROUP,21.4,
2024,YEAR,ALL PRODUCTION PRACTICES,OHIO,OH,39,,,STATE,CORN,ALL CLASSES,GRAIN,AREA PLANTED,"CORN, GRAIN - AREA PLANTED, MEASURED IN PCT BY SIZE GROUP",PCT BY SIZE GROUP,18.6,
2023,YEAR,ALL PRODUCTION PRACTICES,OHIO,OH,39,,,STATE,CORN,ALL CLASSES,GRAIN,AREA PLANTED,"CORN, GRAIN - AREA PLANTED, MEASURED IN PCT BY SIZE GROUP",PCT BY SIZE GROUP,17.6,
2022,YEAR,ALL PRODUCTION PRACTICES,OHIO,OH,39,,,STATE,CORN,ALL CLASSES,GRAIN,AREA PLANTED,"CORN, GRAIN - AREA PLANTED, MEASURED IN PCT BY SIZE GROUP",PCT BY SIZE GROUP,28.2,
2021,YEAR,ALL PRODUCTION PRACTICES,OHIO,OH,39,,,STATE,CORN,ALL CLASSES,GRAIN,AREA PLANTED,"CORN, GRAIN - AREA PLANTED, MEASURED IN PCT BY SIZE GROUP",PCT BY SIZE GROUP,32.2,
2025,YEAR,ALL PRODUCTION PRACTICES,SOUTH DAKOTA,SD,46,,,STATE,CORN,ALL CLASSES,GRAIN,AREA PLANTED,"CORN, GRAIN - AREA PLANTED, MEASURED IN PCT BY SIZE GROUP",PCT BY SIZE GROUP,12.0,
2024,YEAR,ALL PRODUCTION PRACTICES,SOUTH DAKOTA,SD,46,,,STATE,CORN,ALL CLASSES,GRAIN,AREA PLANTED,"CORN, GRAIN - AREA PLANTED, MEASURED IN PCT BY SIZE GROUP",PCT BY SIZE GROUP,15.4,
2023,YEAR,ALL PRODUCTION PRACTICES,SOUTH DAKOTA,SD,46,,,STATE,CORN,ALL CLASSES,GRAIN,AREA PLANTED,"CORN, GRAIN - AREA PLANTED, MEASURED IN PCT BY SIZE GROUP",PCT BY SIZE GROUP,20.0,
2022,YEAR,ALL PRODUCTION PRACTICES,SOUTH DAKOTA,SD,46,,,STATE,CORN,ALL CLASSES,GRAIN,AREA PLANTED,"CORN, GRAIN - AREA PLANTED, MEASURED IN PCT BY SIZE GROUP",PCT BY SIZE GROUP,16.7,
2021,YEAR,ALL PRODUCTION PRACTICES,SOUTH DAKOTA,SD,46,,,STATE,CORN,ALL CLASSES,GRAIN,AREA PLANTED,"CORN, GRAIN - AREA PLANTED, MEASURED IN PCT BY SIZE GROUP",PCT BY SIZE GROUP,20.0,
2025,YEAR,ALL PRODUCTION PRACTICES,WISCONSIN,WI,55,,,STATE,CORN,ALL CLASSES,GRAIN,AREA PLANTED,"CORN, GRAIN - AREA PLANTED, MEASURED IN PCT BY SIZE GROUP",PCT BY SIZE GROUP,25.0,
2024,YEAR,ALL PRODUCTION PRACTICES,WISCONSIN,WI,55,,,STATE,CORN,ALL CLASSES,GRAIN,AREA PLANTED,"CORN, GRAIN - AREA PLANTED, MEASURED IN PCT BY SIZE GROUP",PCT BY SIZE GROUP,25.0,
2023,YEAR,ALL PRODUCTION PRACTICES,WISCONSIN,WI,55,,,STATE,CORN,ALL CLASSES,GRAIN,AREA PLANTED,"CORN, GRAIN - AREA PLANTED, MEASURED IN PCT BY SIZE GROUP",PCT BY SIZE GROUP,21.4,
2022,YEAR,ALL PRODUCTION PRACTICES,WISCONSIN,WI,55,,,STATE,CORN,ALL CLASSES,GRAIN,AREA PLANTED,"CORN, GRAIN - AREA PLANTED, MEASURED IN PCT BY SIZE GROUP",PCT BY SIZE GROUP,16.9,
2021,YEAR,ALL PRODUCTION PRACTICES,WISCONSIN,WI,55,,,STATE,CORN,ALL CLASSES,GRAIN,AREA PLANTED,"CORN, GRAIN - AREA PLANTED, MEASURED IN PCT BY SIZE GROUP",PCT BY SIZE GROUP,28.8,
2025,YEAR,ALL PRODUCTION PRACTICES,ILLINOIS,IL,17,,,STATE,CORN,ALL CLASSES,GRAIN,AREA PLANTED,"CORN, GRAIN - AREA PLANTED, MEASURED IN PCT BY SIZE GROUP",PCT BY SIZE GROUP,78.1,
2024,YEAR,ALL PRODUCTION PRACTICES,ILLINOIS,IL,17,,,STATE,CORN,ALL CLASSES,GRAIN,AREA PLANTED,"CORN, GRAIN - AREA PLANTED, MEASURED IN PCT BY SIZE GROUP",PCT BY SIZE GROUP,78.5,
2023,YEAR,ALL PRODUCTION PRACTICES,ILLINOIS,IL,17,,,STATE,CORN,ALL CLASSES,GRAIN,AREA PLANTED,"CORN, GRAIN - AREA PLANTED, MEASURED IN PCT BY SIZE GROUP",PCT BY SIZE GROUP,78.2,
2022,YEAR,ALL PRODUCTION PRACTICES,ILLINOIS,IL,17,,,STATE,CORN,ALL CLASSES,GRAIN,AREA PLANTED,"CORN, GRAIN - AREA PLANTED, MEASURED IN PCT BY SIZE GROUP",PCT BY SIZE GROUP,77.3,
2021,YEAR,ALL PRODUCTION PRACTICES,ILLINOIS,IL,17,,,STATE,CORN,ALL CLASSES,GRAIN,AREA PLANTED,"CORN, GRAIN - AREA PLANTED, MEASURED IN PCT BY SIZE GROUP",PCT BY SIZE GROUP,69.9,
2025,YEAR,ALL PRODUCTION PRACTICES,INDIANA,IN,18,,,STATE,CORN,ALL CLASSES,GRAIN,AREA PLANTED,"CORN, GRAIN - AREA PLANTED, MEASURED IN PCT BY SIZE GROUP",PCT BY SIZE GROUP,60.9,
2024,YEAR,ALL PRODUCTION PRACTICES,INDIANA,IN,18,,,STATE,CORN,ALL CLASSES,GRAIN,AREA PLANTED,"CORN, GRAIN - AREA PLANTED, MEASURED IN PCT BY SIZE GROUP",PCT BY SIZE GROUP,65.6,
2023,YEAR,ALL PRODUCTION PRACTICES,INDIANA,IN,18,,,STATE,CORN,ALL CLASSES,GRAIN,AREA PLANTED,"CORN, GRAIN - AREA PLANTED, MEASURED IN PCT BY SIZE GROUP",PCT BY SIZE GROUP,64.2,
2022,YEAR,ALL PRODUCTION PRACTICES,INDIANA,IN,18,,,STATE,CORN,ALL CLASSES,GRAIN,AREA PLANTED,"CORN, GRAIN - AREA PLANTED, MEASURED IN PCT BY SIZE GROUP",PCT BY SIZE GROUP,46.3,
2021,YEAR,ALL PRODUCTION PRACTICES,INDIANA,IN,18,,,STATE,CORN,ALL CLASSES,GRAIN,AREA PLANTED,"CORN, GRAIN - AREA PLANTED, MEASURED IN PCT BY SIZE GROUP",PCT BY SIZE GROUP,50.8,
2025,YEAR,ALL PRODUCTION PRACTICES,IOWA,IA,19,,,STATE,CORN,ALL CLASSES,GRAIN,AREA PLANTED,"CORN, GRAIN - AREA PLANTED, MEASURED IN PCT BY SIZE GROUP",PCT BY SIZE GROUP,65.1,
2024,YEAR,ALL PRODUCTION PRACTICES,IOWA,IA,19,,,STATE,CORN,ALL CLASSES,GRAIN,AREA PLANTED,"CORN, GRAIN - AREA PLANTED, MEASURED IN PCT BY SIZE GROUP",PCT BY SIZE GROUP,64.7,
2023,YEAR,ALL PRODUCTION PRACTICES,IOWA,IA,19,,,STATE,CORN,ALL CLASSES,GRAIN,AREA PLANTED,"CORN, GRAIN - AREA PLANTED, MEASURED IN PCT BY SIZE GROUP",PCT BY SIZE GROUP,73.7,
2022,YEAR,ALL PRODUCTION PRACTICES,IOWA,IA,19,,,STATE,CORN,ALL CLASSES,GRAIN,AREA PLANTED,"CORN, GRAIN - AREA PLANTED, MEASURED IN PCT BY SIZE GROUP",PCT BY SIZE GROUP,77.0,
2021,YEAR,ALL PRODUCTION PRACTICES,IOWA,IA,19,,,STATE,CORN,ALL CLASSES,GRAIN,AREA PLANTED,"CORN, GRAIN - AREA PLANTED, MEASURED IN PCT BY SIZE GROUP",PCT BY SIZE GROUP,77.9,
2025,YEAR,ALL PRODUCTION PRACTICES,KANSAS,KS,20,,,STATE,CORN,ALL CLASSES,GRAIN,AREA PLANTED,"CORN, GRAIN - AREA PLANTED, MEASURED IN PCT BY SIZE GROUP",PCT BY SIZE GROUP,6.3,
2024,YEAR,ALL PRODUCTION PRACTICES,KANSAS,KS,20,,,STATE,CORN,ALL CLASSES,GRAIN,AREA PLANTED,"CORN, GRAIN - AREA PLANTED, MEASURED IN PCT BY SIZE GROUP",PCT BY SIZE GROUP,8.7,
2023,YEAR,ALL PRODUCTION PRACTICES,KANSAS,KS,20,,,STATE,CORN,ALL CLASSES,GRAIN,AREA PLANTED,"CORN, GRAIN - AREA PLANTED, MEASURED IN PCT BY SIZE GROUP",PCT BY SIZE GROUP,13.8,
2022,YEAR,ALL PRODUCTION PRACTICES,KANSAS,KS,20,,,STATE,CORN,ALL CLASSES,GRAIN,AREA PLANTED,"CORN, GRAIN - AREA PLANTED, MEASURED IN PCT BY SIZE GROUP",PCT BY SIZE GROUP,19.2,
2021,YEAR,ALL PRODUCTION PRACTICES,KANSAS,KS,20,,,STATE,CORN,ALL CLASSES,GRAIN,AREA PLANTED,"CORN, GRAIN - AREA PLANTED, MEASURED IN PCT BY SIZE GROUP",PCT BY SIZE GROUP,12.1,
2025,YEAR,ALL PRODUCTION PRACTICES,MINNESOTA,MN,27,,,STATE,CORN,ALL CLASSES,GRAIN,AREA PLANTED,"CORN, GRAIN - AREA PLANTED, MEASURED IN PCT BY SIZE GROUP",PCT BY SIZE GROUP,66.4,
2024,YEAR,ALL PRODUCTION PRACTICES,MINNESOTA,MN,27,,,STATE,CORN,ALL CLASSES,GRAIN,AREA PLANTED,"CORN, GRAIN - AREA PLANTED, MEASURED IN PCT BY SIZE GROUP",PCT BY SIZE GROUP,63.4,
2023,YEAR,ALL PRODUCTION PRACTICES,MINNESOTA,MN,27,,,STATE,CORN,ALL CLASSES,GRAIN,AREA PLANTED,"CORN, GRAIN - AREA PLANTED, MEASURED IN PCT BY SIZE GROUP",PCT BY SIZE GROUP,71.6,
2022,YEAR,ALL PRODUCTION PRACTICES,MINNESOTA,MN,27,,,STATE,CORN,ALL CLASSES,GRAIN,AREA PLANTED,"CORN, GRAIN - AREA PLANTED, MEASURED IN PCT BY SIZE GROUP",PCT BY SIZE GROUP,71.9,
2021,YEAR,ALL PRODUCTION PRACTICES,MINNESOTA,MN,27,,,STATE,CORN,ALL CLASSES,GRAIN,AREA PLANTED,"CORN, GRAIN - AREA PLANTED, MEASURED IN PCT BY SIZE GROUP",PCT BY SIZE GROUP,59.8,
2025,YEAR,ALL PRODUCTION PRACTICES,MISSOURI,MO,29,,,STATE,CORN,ALL CLASSES,GRAIN,AREA PLANTED,"CORN, GRAIN - AREA PLANTED, MEASURED IN PCT BY SIZE GROUP",PCT BY SIZE GROUP,24.4,
2024,YEAR,ALL PRODUCTION PRACTICES,MISSOURI,MO,29,,,STATE,CORN,ALL CLASSES,GRAIN,AREA PLANTED,"CORN, GRAIN - AREA PLANTED, MEASURED IN PCT BY SIZE GROUP",PCT BY SIZE GROUP,31.7,
2023,YEAR,ALL PRODUCTION PRACTICES,MISSOURI,MO,29,,,STATE,CORN,ALL CLASSES,GRAIN,AREA PLANTED,"CORN, GRAIN - AREA PLANTED, MEASURED IN PCT BY SIZE GROUP",PCT BY SIZE GROUP,26.6,
2022,YEAR,ALL PRODUCTION PRACTICES,MISSOURI,MO,29,,,STATE,CORN,ALL CLASSES,GRAIN,AREA PLANTED,"CORN, GRAIN - AREA PLANTED, MEASURED IN PCT BY SIZE GROUP",PCT BY SIZE GROUP,28.2,
2021,YEAR,ALL PRODUCTION PRACTICES,MISSOURI,MO,29,,,STATE,CORN,ALL CLASSES,GRAIN,AREA PLANTED,"CORN, GRAIN - AREA PLANTED, MEASURED IN PCT BY SIZE GROUP",PCT BY SIZE GROUP,14.5,
2025,YEAR,ALL PRODUCTION PRACTICES,NEBRASKA,NE,31,,,STATE,CORN,ALL CLASSES,GRAIN,AREA PLANTED,"CORN, GRAIN - AREA PLANTED, MEASURED IN PCT BY SIZE GROUP",PCT BY SIZE GROUP,36.8,
2024,YEAR,ALL PRODUCTION PRACTICES,NEBRASKA,NE,31,,,STATE,CORN,ALL CLASSES,GRAIN,AREA PLANTED,"CORN, GRAIN - AREA PLANTED, MEASURED IN PCT BY SIZE GROUP",PCT BY SIZE GROUP,28.3,
2023,YEAR,ALL PRODUCTION PRACTICES,NEBRASKA,NE,31,,,STATE,CORN,ALL CLASSES,GRAIN,AREA PLANTED,"CORN, GRAIN - AREA PLANTED, MEASURED IN PCT BY SIZE GROUP",PCT BY SIZE GROUP,28.3,
2022,YEAR,ALL PRODUCTION PRACTICES,NEBRASKA,NE,31,,,STATE,CORN,ALL CLASSES,GRAIN,AREA PLANTED,"CORN, GRAIN - AREA PLANTED, MEASURED IN PCT BY SIZE GROUP",PCT BY SIZE GROUP,26.4,
2021,YEAR,ALL PRODUCTION PRACTICES,NEBRASKA,NE,31,,,STATE,CORN,ALL CLASSES,GRAIN,AREA PLANTED,"CORN, GRAIN - AREA PLANTED, MEASURED IN PCT BY SIZE GROUP",PCT BY SIZE GROUP,33.3,
2025,YEAR,ALL PRODUCTION PRACTICES,OHIO,OH,39,,,STATE,CORN,ALL CLASSES,GRAIN,AREA PLANTED,"CORN, GRAIN - AREA PLANTED, MEASURED IN PCT BY SIZE GROUP",PCT BY SIZE GROUP,60.1,
2024,YEAR,ALL PRODUCTION PRACTICES,OHIO,OH,39,,,STATE,CORN,ALL CLASSES,GRAIN,AREA PLANTED,"CORN, GRAIN - AREA PLANTED, MEASURED IN PCT BY SIZE GROUP",PCT BY SIZE GROUP,68.6,
2023,YEAR,ALL PRODUCTION PRACTICES,OHIO,OH,39,,,STATE,CORN,ALL CLASSES,GRAIN,AREA PLANTED,"CORN, GRAIN - AREA PLANTED, MEASURED IN PCT BY SIZE GROUP",PCT BY SIZE GROUP,53.0,
2022,YEAR,ALL PRODUCTION PRACTICES,OHIO,OH,39,,,STATE,CORN,ALL CLASSES,GRAIN,AREA PLANTED,"CORN, GRAIN - AREA PLANTED, MEASURED IN PCT BY SIZE GROUP",PCT BY SIZE GROUP,47.1,
2021,YEAR,ALL PRODUCTION PRACTICES,OHIO,OH,39,,,STATE,CORN,ALL CLASSES,GRAIN,AREA PLANTED,"CORN, GRAIN - AREA PLANTED, MEASURED IN PCT BY SIZE GROUP",PCT BY SIZE GROUP,50.6,
2025,YEAR,ALL PRODUCTION PRACTICES,SOUTH DAKOTA,SD,46,,,STATE,CORN,ALL CLASSES,GRAIN,AREA PLANTED,"CORN, GRAIN - AREA PLANTED, MEASURED IN PCT BY SIZE GROUP",PCT BY SIZE GROUP,6.0,
2024,YEAR,ALL PRODUCTION PRACTICES,SOUTH DAKOTA,SD,46,,,STATE,CORN,ALL CLASSES,GRAIN,AREA PLANTED,"CORN, GRAIN - AREA PLANTED, MEASURED IN PCT BY SIZE GROUP",PCT BY SIZE GROUP,17.3,
2023,YEAR,ALL PRODUCTION PRACTICES,SOUTH DAKOTA,SD,46,,,STATE,CORN,ALL CLASSES,GRAIN,AREA PLANTED,"CORN, GRAIN - AREA PLANTED, MEASURED IN PCT BY SIZE GROUP",PCT BY SIZE GROUP,24.0,
2022,YEAR,ALL PRODUCTION PRACTICES,SOUTH DAKOTA,SD,46,,,STATE,CORN,ALL CLASSES,GRAIN,AREA PLANTED,"CORN, GRAIN - AREA PLANTED, MEASURED IN PCT BY SIZE GROUP",PCT BY SIZE GROUP,16.7,
2021,YEAR,ALL PRODUCTION PRACTICES,SOUTH DAKOTA,SD,46,,,STATE,CORN,ALL CLASSES,GRAIN,AREA PLANTED,"CORN, GRAIN - AREA PLANTED, MEASURED IN PCT BY SIZE GROUP",PCT BY SIZE GROUP,16.4,
2025,YEAR,ALL PRODUCTION PRACTICES,WISCONSIN,WI,55,,,STATE,CORN,ALL CLASSES,GRAIN,AREA PLANTED,"CORN, GRAIN - AREA PLANTED, MEASURED IN PCT BY SIZE GROUP",PCT BY SIZE GROUP,50.0,
2024,YEAR,ALL PRODUCTION PRACTICES,WISCONSIN,WI,55,,,STATE,CORN,ALL CLASSES,GRAIN,AREA PLANTED,"CORN, GRAIN - AREA PLANTED, MEASURED IN PCT BY SIZE GROUP",PCT BY SIZE GROUP,56.2,
2023,YEAR,ALL PRODUCTION PRACTICES,WISCONSIN,WI,55,,,STATE,CORN,ALL CLASSES,GRAIN,AREA PLANTED,"CORN, GRAIN - AREA PLANTED, MEASURED IN PCT BY SIZE GROUP",PCT BY SIZE GROUP,54.4,
2022,YEAR,ALL PRODUCTION PRACTICES,WISCONSIN,WI,55,,,STATE,CORN,ALL CLASSES,GRAIN,AREA PLANTED,"CORN, GRAIN - AREA PLANTED, MEASURED IN PCT BY SIZE GROUP",PCT BY SIZE GROUP,60.6,
2021,YEAR,ALL PRODUCTION PRACTICES,WISCONSIN,WI,55,,,STATE,CORN,ALL CLASSES,GRAIN,AREA PLANTED,"CORN, GRAIN - AREA PLANTED, MEASURED IN PCT BY SIZE GROUP",PCT BY SIZE GROUP,50.1,
2025,YEAR,ALL PRODUCTION PRACTICES,ILLINOIS,IL,17,,,STATE,CORN,ALL CLASSES,GRAIN,AREA PLANTED,"CORN, GRAIN - AREA PLANTED, MEASURED IN PCT BY SIZE GROUP",PCT BY SIZE GROUP,2.5,
2024,YEAR,ALL PRODUCTION PRACTICES,ILLINOIS,IL,17,,,STATE,CORN,ALL CLASSES,GRAIN,AREA PLANTED,"CORN, GRAIN - AREA PLANTED, MEASURED IN PCT BY SIZE GROUP",PCT BY SIZE GROUP,0.0,
2023,YEAR,ALL PRODUCTION PRACTICES,ILLINOIS,IL,17,,,STATE,CORN,ALL CLASSES,GRAIN,AREA PLANTED,"CORN, GRAIN - AREA PLANTED, MEASURED IN PCT BY SIZE GROUP",PCT BY SIZE GROUP,0.8,
2022,YEAR,ALL PRODUCTION PRACTICES,ILLINOIS,IL,17,,,STATE,CORN,ALL CLASSES,GRAIN,AREA PLANTED,"CORN, GRAIN - AREA PLANTED, MEASURED IN PCT BY SIZE GROUP",PCT BY SIZE GROUP,0.0,
2021,YEAR,ALL PRODUCTION PRACTICES,ILLINOIS,IL,17,,,STATE,CORN,ALL CLASSES,GRAIN,AREA PLANTED,"CORN, GRAIN - AREA PLANTED, MEASURED IN PCT BY SIZE GROUP",PCT BY SIZE GROUP,1.6,
2025,YEAR,ALL PRODUCTION PRACTICES,INDIANA,IN,18,,,STATE,CORN,ALL CLASSES,GRAIN,AREA PLANTED,"CORN, GRAIN - AREA PLANTED, MEASURED IN PCT BY SIZE GROUP",PCT BY SIZE GROUP,8.5,
2024,YEAR,ALL PRODUCTION PRACTICES,INDIANA,IN,18,,,STATE,CORN,ALL CLASSES,GRAIN,AREA PLANTED,"CORN, GRAIN - AREA PLANTED, MEASURED IN PCT BY SIZE GROUP",PCT BY SIZE GROUP,1.6,
2023,YEAR,ALL PRODUCTION PRACTICES,INDIANA,IN,18,,,STATE,CORN,ALL CLASSES,GRAIN,AREA PLANTED,"CORN, GRAIN - AREA PLANTED, MEASURED IN PCT BY SIZE GROUP",PCT BY SIZE GROUP,0.0,
2022,YEAR,ALL PRODUCTION PRACTICES,INDIANA,IN,18,,,STATE,CORN,ALL CLASSES,GRAIN,AREA PLANTED,"CORN, GRAIN - AREA PLANTED, MEASURED IN PCT BY SIZE GROUP",PCT BY SIZE GROUP,3.7,
2021,YEAR,ALL PRODUCTION PRACTICES,INDIANA,IN,18,,,STATE,CORN,ALL CLASSES,GRAIN,AREA PLANTED,"CORN, GRAIN - AREA PLANTED, MEASURED IN PCT BY SIZE GROUP",PCT BY SIZE GROUP,1.6,
2025,YEAR,ALL PRODUCTION PRACTICES,IOWA,IA,19,,,STATE,CORN,ALL CLASSES,GRAIN,AREA PLANTED,"CORN, GRAIN - AREA PLANTED, MEASURED IN PCT BY SIZE GROUP",PCT BY SIZE GROUP,1.6,
2024,YEAR,ALL PRODUCTION PRACTICES,IOWA,IA,19,,,STATE,CORN,ALL CLASSES,GRAIN,AREA PLANTED,"CORN, GRAIN - AREA PLANTED, MEASURED IN PCT BY SIZE GROUP",PCT BY SIZE GROUP,1.5,
2023,YEAR,ALL PRODUCTION PRACTICES,IOWA,IA,19,,,STATE,CORN,ALL CLASSES,GRAIN,AREA PLANTED,"CORN, GRAIN - AREA PLANTED, MEASURED IN PCT BY SIZE GROUP",PCT BY SIZE GROUP,0.7,
2022,YEAR,ALL PRODUCTION PRACTICES,IOWA,IA,19,,,STATE,CORN,ALL CLASSES,GRAIN,AREA PLANTED,"CORN, GRAIN - AREA PLANTED, MEASURED IN PCT BY SIZE GROUP",PCT BY SIZE GROUP,0.7,
2021,YEAR,ALL PRODUCTION PRACTICES,IOWA,IA,19,,,STATE,CORN,ALL CLASSES,GRAIN,AREA PLANTED,"CORN, GRAIN - AREA PLANTED, MEASURED IN PCT BY SIZE GROUP",PCT BY SIZE GROUP,0.0,
2025,YEAR,ALL PRODUCTION PRACTICES,KANSAS,KS,20,,,STATE,CORN,ALL CLASSES,GRAIN,AREA PLANTED,"CORN, GRAIN - AREA PLANTED, MEASURED IN PCT BY SIZE GROUP",PCT BY SIZE GROUP,35.6,
2024,YEAR,ALL PRODUCTION PRACTICES,KANSAS,KS,20,,,STATE,CORN,ALL CLASSES,GRAIN,AREA PLANTED,"CORN, GRAIN - AREA PLANTED, MEASURED IN PCT BY SIZE GROUP",PCT BY SIZE GROUP,24.6,
2023,YEAR,ALL PRODUCTION PRACTICES,KANSAS,KS,20,,,STATE,CORN,ALL CLASSES,GRAIN,AREA PLANTED,"CORN, GRAIN - AREA PLANTED, MEASURED IN PCT BY SIZE GROUP",PCT BY SIZE GROUP,13.8,
2022,YEAR,ALL PRODUCTION PRACTICES,KANSAS,KS,20,,,STATE,CORN,ALL CLASSES,GRAIN,AREA PLANTED,"CORN, GRAIN - AREA PLANTED, MEASURED IN PCT BY SIZE GROUP",PCT BY SIZE GROUP,19.2,
2021,YEAR,ALL PRODUCTION PRACTICES,KANSAS,KS,20,,,STATE,CORN,ALL CLASSES,GRAIN,AREA PLANTED,"CORN, GRAIN - AREA PLANTED, MEASURED IN PCT BY SIZE GROUP",PCT BY SIZE GROUP,26.3,
2025,YEAR,ALL PRODUCTION PRACTICES,MINNESOTA,MN,27,,,STATE,CORN,ALL CLASSES,GRAIN,AREA PLANTED,"CORN, GRAIN - AREA PLANTED, MEASURED IN PCT BY SIZE GROUP",PCT BY SIZE GROUP,1.7,
2024,YEAR,ALL PRODUCTION PRACTICES,MINNESOTA,MN,27,,,STATE,CORN,ALL CLASSES,GRAIN,AREA PLANTED,"CORN, GRAIN - AREA PLANTED, MEASURED IN PCT BY SIZE GROUP",PCT BY SIZE GROUP,1.1,
2023,YEAR,ALL PRODUCTION PRACTICES,MINNESOTA,MN,27,,,STATE,CORN,ALL CLASSES,GRAIN,AREA PLANTED,"CORN, GRAIN - AREA PLANTED, MEASURED IN PCT BY SIZE GROUP",PCT BY SIZE GROUP,2.0,
2022,YEAR,ALL PRODUCTION PRACTICES,MINNESOTA,MN,27,,,STATE,CORN,ALL CLASSES,GRAIN,AREA PLANTED,"CORN, GRAIN - AREA PLANTED, MEASURED IN PCT BY SIZE GROUP",PCT BY SIZE GROUP,1.8,
2021,YEAR,ALL PRODUCTION PRACTICES,MINNESOTA,MN,27,,,STATE,CORN,ALL CLASSES,GRAIN,AREA PLANTED,"CORN, GRAIN - AREA PLANTED, MEASURED IN PCT BY SIZE GROUP",PCT BY SIZE GROUP,1.1,
2025,YEAR,ALL PRODUCTION PRACTICES,MISSOURI,MO,29,,,STATE,CORN,ALL CLASSES,GRAIN,AREA PLANTED,"CORN, GRAIN - AREA PLANTED, MEASURED IN PCT BY SIZE GROUP",PCT BY SIZE GROUP,6.7,
2024,YEAR,ALL PRODUCTION PRACTICES,MISSOURI,MO,29,,,STATE,CORN,ALL CLASSES,GRAIN,AREA PLANTED,"CORN, GRAIN - AREA PLANTED, MEASURED IN PCT BY SIZE GROUP",PCT BY SIZE GROUP,2.4,
2023,YEAR,ALL PRODUCTION PRACTICES,MISSOURI,MO,29,,,STATE,CORN,ALL CLASSES,GRAIN,AREA PLANTED,"CORN, GRAIN - AREA PLANTED, MEASURED IN PCT BY SIZE GROUP",PCT BY SIZE GROUP,7.6,
2022,YEAR,ALL PRODUCTION PRACTICES,MISSOURI,MO,29,,,STATE,CORN,ALL CLASSES,GRAIN,AREA PLANTED,"CORN, GRAIN - AREA PLANTED, MEASURED IN PCT BY SIZE GROUP",PCT BY SIZE GROUP,6.4,
2021,YEAR,ALL PRODUCTION PRACTICES,MISSOURI,MO,29,,,STATE,CORN,ALL CLASSES,GRAIN,AREA PLANTED,"CORN, GRAIN - AREA PLANTED, MEASURED IN PCT BY SIZE GROUP",PCT BY SIZE GROUP,2.6,
2025,YEAR,ALL PRODUCTION PRACTICES,NEBRASKA,NE,31,,,STATE,CORN,ALL CLASSES,GRAIN,AREA PLANTED,"CORN, GRAIN - AREA PLANTED, MEASURED IN PCT BY SIZE GROUP",PCT BY SIZE GROUP,17.5,
2024,YEAR,ALL PRODUCTION PRACTICES,NEBRASKA,NE,31,,,STATE,CORN,ALL CLASSES,GRAIN,AREA PLANTED,"CORN, GRAIN - AREA PLANTED, MEASURED IN PCT BY SIZE GROUP",PCT BY SIZE GROUP,16.9,
2023,YEAR,ALL PRODUCTION PRACTICES,NEBRASKA,NE,31,,,STATE,CORN,ALL CLASSES,GRAIN,AREA PLANTED,"CORN, GRAIN - AREA PLANTED, MEASURED IN PCT BY SIZE GROUP",PCT BY SIZE GROUP,11.7,
2022,YEAR,ALL PRODUCTION PRACTICES,NEBRASKA,NE,31,,,STATE,CORN,ALL CLASSES,GRAIN,AREA PLANTED,"CORN, GRAIN - AREA PLANTED, MEASURED IN PCT BY SIZE GROUP",PCT BY SIZE GROUP,7.0,
2021,YEAR,ALL PRODUCTION PRACTICES,NEBRASKA,NE,31,,,STATE,CORN,ALL CLASSES,GRAIN,AREA PLANTED,"CORN, GRAIN - AREA PLANTED, MEASURED IN PCT BY SIZE GROUP",PCT BY SIZE GROUP,15.8,
2025,YEAR,ALL PRODUCTION PRACTICES,OHIO,OH,39,,,STATE,CORN,ALL CLASSES,GRAIN,AREA PLANTED,"CORN, GRAIN - AREA PLANTED, MEASURED IN PCT BY SIZE GROUP",PCT BY SIZE GROUP,1.4,
2024,YEAR,ALL PRODUCTION PRACTICES,OHIO,OH,39,,,STATE,CORN,ALL CLASSES,GRAIN,AREA PLANTED,"CORN, GRAIN - AREA PLANTED, MEASURED IN PCT BY SIZE GROUP",PCT BY SIZE GROUP,1.2,
2023,YEAR,ALL PRODUCTION PRACTICES,OHIO,OH,39,,,STATE,CORN,ALL CLASSES,GRAIN,AREA PLANTED,"CORN, GRAIN - AREA PLANTED, MEASURED IN PCT BY SIZE GROUP",PCT BY SIZE GROUP,2.9,
2022,YEAR,ALL PRODUCTION PRACTICES,OHIO,OH,39,,,STATE,CORN,ALL CLASSES,GRAIN,AREA PLANTED,"CORN, GRAIN - AREA PLANTED, MEASURED IN PCT BY SIZE GROUP",PCT BY SIZE GROUP,2.4,
2021,YEAR,ALL PRODUCTION PRACTICES,OHIO,OH,39,,,STATE,CORN,ALL CLASSES,GRAIN,AREA PLANTED,"CORN, GRAIN - AREA PLANTED, MEASURED IN PCT BY SIZE GROUP",PCT BY SIZE GROUP,2.3,
2025,YEAR,ALL PRODUCTION PRACTICES,SOUTH DAKOTA,SD,46,,,STATE,CORN,ALL CLASSES,GRAIN,AREA PLANTED,"CORN, GRAIN - AREA PLANTED, MEASURED IN PCT BY SIZE GROUP",PCT BY SIZE GROUP,10.0,
2024,YEAR,ALL PRODUCTION PRACTICES,SOUTH DAKOTA,SD,46,,,STATE,CORN,ALL CLASSES,GRAIN,AREA PLANTED,"CORN, GRAIN - AREA PLANTED, MEASURED IN PCT BY SIZE GROUP",PCT BY SIZE GROUP,13.5,
2023,YEAR,ALL PRODUCTION PRACTICES,SOUTH DAKOTA,SD,46,,,STATE,CORN,ALL CLASSES,GRAIN,AREA PLANTED,"CORN, GRAIN - AREA PLANTED, MEASURED IN PCT BY SIZE GROUP",PCT BY SIZE GROUP,10.0,
2022,YEAR,ALL PRODUCTION PRACTICES,SOUTH DAKOTA,SD,46,,,STATE,CORN,ALL CLASSES,GRAIN,AREA PLANTED,"CORN, GRAIN - AREA PLANTED, MEASURED IN PCT BY SIZE GROUP",PCT BY SIZE GROUP,8.3,
2021,YEAR,ALL PRODUCTION PRACTICES,SOUTH DAKOTA,SD,46,,,STATE,CORN,ALL CLASSES,GRAIN,AREA PLANTED,"CORN, GRAIN - AREA PLANTED, MEASURED IN PCT BY SIZE GROUP",PCT BY SIZE GROUP,14.5,
2025,YEAR,ALL PRODUCTION PRACTICES,WISCONSIN,WI,55,,,STATE,CORN,ALL CLASSES,GRAIN,AREA PLANTED,"CORN, GRAIN - AREA PLANTED, MEASURED IN PCT BY SIZE GROUP",PCT BY SIZE GROUP,1.8,
2024,YEAR,ALL PRODUCTION PRACTICES,WISCONSIN,WI,55,,,STATE,CORN,ALL CLASSES,GRAIN,AREA PLANTED,"CORN, GRAIN - AREA PLANTED, MEASURED IN PCT BY SIZE GROUP",PCT BY SIZE GROUP,0.0,
2023,YEAR,ALL PRODUCTION PRACTICES,WISCONSIN,WI,55,,,STATE,CORN,ALL CLASSES,GRAIN,AREA PLANTED,"CORN, GRAIN - AREA PLANTED, MEASURED IN PCT BY SIZE GROUP",PCT BY SIZE GROUP,0.0,
2022,YEAR,ALL PRODUCTION PRACTICES,WISCONSIN,WI,55,,,STATE,CORN,ALL CLASSES,GRAIN,AREA PLANTED,"CORN, GRAIN - AREA PLANTED, MEASURED IN PCT BY SIZE GROUP",PCT BY SIZE GROUP,4.2,
2021,YEAR,ALL PRODUCTION PRACTICES,WISCONSIN,WI,55,,,STATE,CORN,ALL CLASSES,GRAIN,AREA PLANTED,"CORN, GRAIN - AREA PLANTED, MEASURED IN PCT BY SIZE GROUP",PCT BY SIZE GROUP,1.5,
2025,YEAR,ALL PRODUCTION PRACTICES,ILLINOIS,IL,17,,,STATE,CORN,ALL CLASSES,GRAIN,AREA PLANTED,"CORN, GRAIN - AREA PLANTED, MEASURED IN PCT BY SIZE GROUP",PCT BY SIZE GROUP,78.0,
2024,YEAR,ALL PRODUCTION PRACTICES,ILLINOIS,IL,17,,,STATE,CORN,ALL CLASSES,GRAIN,AREA PLANTED,"CORN, GRAIN - AREA PLANTED, MEASURED IN PCT BY SIZE GROUP",PCT BY SIZE GROUP,86.6,
2023,YEAR,ALL PRODUCTION PRACTICES,ILLINOIS,IL,17,,,STATE,CORN,ALL CLASSES,GRAIN,AREA PLANTED,"CORN, GRAIN - AREA PLANTED, MEASURED IN PCT BY SIZE GROUP",PCT BY SIZE GROUP,83.6,
2022,YEAR,ALL PRODUCTION PRACTICES,ILLINOIS,IL,17,,,STATE,CORN,ALL CLASSES,GRAIN,AREA PLANTED,"CORN, GRAIN - AREA PLANTED, MEASURED IN PCT BY SIZE GROUP",PCT BY SIZE GROUP,82.1,
2021,YEAR,ALL PRODUCTION PRACTICES,ILLINOIS,IL,17,,,STATE,CORN,ALL CLASSES,GRAIN,AREA PLANTED,"CORN, GRAIN - AREA PLANTED, MEASURED IN PCT BY SIZE GROUP",PCT BY SIZE GROUP,80.1,
2025,YEAR,ALL PRODUCTION PRACTICES,INDIANA,IN,18,,,STATE,CORN,ALL CLASSES,GRAIN,AREA PLANTED,"CORN, GRAIN - AREA PLANTED, MEASURED IN PCT BY SIZE GROUP",PCT BY SIZE GROUP,78.0,
2024,YEAR,ALL PRODUCTION PRACTICES,INDIANA,IN,18,,,STATE,CORN,ALL CLASSES,GRAIN,AREA PLANTED,"CORN, GRAIN - AREA PLANTED, MEASURED IN PCT BY SIZE GROUP",PCT BY SIZE GROUP,78.7,
2023,YEAR,ALL PRODUCTION PRACTICES,INDIANA,IN,18,,,STATE,CORN,ALL CLASSES,GRAIN,AREA PLANTED,"CORN, GRAIN - AREA PLANTED, MEASURED IN PCT BY SIZE GROUP",PCT BY SIZE GROUP,71.6,
2022,YEAR,ALL PRODUCTION PRACTICES,INDIANA,IN,18,,,STATE,CORN,ALL CLASSES,GRAIN,AREA PLANTED,"CORN, GRAIN - AREA PLANTED, MEASURED IN PCT BY SIZE GROUP",PCT BY SIZE GROUP,72.2,
2021,YEAR,ALL PRODUCTION PRACTICES,INDIANA,IN,18,,,STATE,CORN,ALL CLASSES,GRAIN,AREA PLANTED,"CORN, GRAIN - AREA PLANTED, MEASURED IN PCT BY SIZE GROUP",PCT BY SIZE GROUP,79.4,
2025,YEAR,ALL PRODUCTION PRACTICES,IOWA,IA,19,,,STATE,CORN,ALL CLASSES,GRAIN,AREA PLANTED,"CORN, GRAIN - AREA PLANTED, MEASURED IN PCT BY SIZE GROUP",PCT BY SIZE GROUP,84.1,
2024,YEAR,ALL PRODUCTION PRACTICES,IOWA,IA,19,,,STATE,CORN,ALL CLASSES,GRAIN,AREA PLANTED,"CORN, GRAIN - AREA PLANTED, MEASURED IN PCT BY SIZE GROUP",PCT BY SIZE GROUP,84.6,
2023,YEAR,ALL PRODUCTION PRACTICES,IOWA,IA,19,,,STATE,CORN,ALL CLASSES,GRAIN,AREA PLANTED,"CORN, GRAIN - AREA PLANTED, MEASURED IN PCT BY SIZE GROUP",PCT BY SIZE GROUP,75.8,
2022,YEAR,ALL PRODUCTION PRACTICES,IOWA,IA,19,,,STATE,CORN,ALL CLASSES,GRAIN,AREA PLANTED,"CORN, GRAIN - AREA PLANTED, MEASURED IN PCT BY SIZE GROUP",PCT BY SIZE GROUP,78.4,
2021,YEAR,ALL PRODUCTION PRACTICES,IOWA,IA,19,,,STATE,CORN,ALL CLASSES,GRAIN,AREA PLANTED,"CORN, GRAIN - AREA PLANTED, MEASURED IN PCT BY SIZE GROUP",PCT BY SIZE GROUP,82.7,
2025,YEAR,ALL PRODUCTION PRACTICES,KANSAS,KS,20,,,STATE,CORN,ALL CLASSES,GRAIN,AREA PLANTED,"CORN, GRAIN - AREA PLANTED, MEASURED IN PCT BY SIZE GROUP",PCT BY SIZE GROUP,75.0,
2024,YEAR,ALL PRODUCTION PRACTICES,KANSAS,KS,20,,,STATE,CORN,ALL CLASSES,GRAIN,AREA PLANTED,"CORN, GRAIN - AREA PLANTED, MEASURED IN PCT BY SIZE GROUP",PCT BY SIZE GROUP,87.0,
2023,YEAR,ALL PRODUCTION PRACTICES,KANSAS,KS,20,,,STATE,CORN,ALL CLASSES,GRAIN,AREA PLANTED,"CORN, GRAIN - AREA PLANTED, MEASURED IN PCT BY SIZE GROUP",PCT BY SIZE GROUP,81.2,
2022,YEAR,ALL PRODUCTION PRACTICES,KANSAS,KS,20,,,STATE,CORN,ALL CLASSES,GRAIN,AREA PLANTED,"CORN, GRAIN - AREA PLANTED, MEASURED IN PCT BY SIZE GROUP",PCT BY SIZE GROUP,78.1,
2021,YEAR,ALL PRODUCTION PRACTICES,KANSAS,KS,20,,,STATE,CORN,ALL CLASSES,GRAIN,AREA PLANTED,"CORN, GRAIN - AREA PLANTED, MEASURED IN PCT BY SIZE GROUP",PCT BY SIZE GROUP,83.9,
2025,YEAR,ALL PRODUCTION PRACTICES,MINNESOTA,MN,27,,,STATE,CORN,ALL CLASSES,GRAIN,AREA PLANTED,"CORN, GRAIN - AREA PLANTED, MEASURED IN PCT BY SIZE GROUP",PCT BY SIZE GROUP,84.4,
2024,YEAR,ALL PRODUCTION PRACTICES,MINNESOTA,MN,27,,,STATE,CORN,ALL CLASSES,GRAIN,AREA PLANTED,"CORN, GRAIN - AREA PLANTED, MEASURED IN PCT BY SIZE GROUP",PCT BY SIZE GROUP,88.6,
2023,YEAR,ALL PRODUCTION PRACTICES,MINNESOTA,MN,27,,,STATE,CORN,ALL CLASSES,GRAIN,AREA PLANTED,"CORN, GRAIN - AREA PLANTED, MEASURED IN PCT BY SIZE GROUP",PCT BY SIZE GROUP,82.3,
2022,YEAR,ALL PRODUCTION PRACTICES,MINNESOTA,MN,27,,,STATE,CORN,ALL CLASSES,GRAIN,AREA PLANTED,"CORN, GRAIN - AREA PLANTED, MEASURED IN PCT BY SIZE GROUP",PCT BY SIZE GROUP,83.3,
2021,YEAR,ALL PRODUCTION PRACTICES,MINNESOTA,MN,27,,,STATE,CORN,ALL CLASSES,GRAIN,AREA PLANTED,"CORN, GRAIN - AREA PLANTED, MEASURED IN PCT BY SIZE GROUP",PCT BY SIZE GROUP,88.0,
2025,YEAR,ALL PRODUCTION PRACTICES,MISSOURI,MO,29,,,STATE,CORN,ALL CLASSES,GRAIN,AREA PLANTED,"CORN, GRAIN - AREA PLANTED, MEASURED IN PCT BY SIZE GROUP",PCT BY SIZE GROUP,71.1,
2024,YEAR,ALL PRODUCTION PRACTICES,MISSOURI,MO,29,,,STATE,CORN,ALL CLASSES,GRAIN,AREA PLANTED,"CORN, GRAIN - AREA PLANTED, MEASURED IN PCT BY SIZE GROUP",PCT BY SIZE GROUP,83.0,
2023,YEAR,ALL PRODUCTION PRACTICES,MISSOURI,MO,29,,,STATE,CORN,ALL CLASSES,GRAIN,AREA PLANTED,"CORN, GRAIN - AREA PLANTED, MEASURED IN PCT BY SIZE GROUP",PCT BY SIZE GROUP,81.0,
2022,YEAR,ALL PRODUCTION PRACTICES,MISSOURI,MO,29,,,STATE,CORN,ALL CLASSES,GRAIN,AREA PLANTED,"CORN, GRAIN - AREA PLANTED, MEASURED IN PCT BY SIZE GROUP",PCT BY SIZE GROUP,69.2,
2021,YEAR,ALL PRODUCTION PRACTICES,MISSOURI,MO,29,,,STATE,CORN,ALL CLASSES,GRAIN,AREA PLANTED,"CORN, GRAIN - AREA PLANTED, MEASURED IN PCT BY SIZE GROUP",PCT BY SIZE GROUP,76.3,
2025,YEAR,ALL PRODUCTION PRACTICES,NEBRASKA,NE,31,,,STATE,CORN,ALL CLASSES,GRAIN,AREA PLANTED,"CORN, GRAIN - AREA PLANTED, MEASURED IN PCT BY SIZE GROUP",PCT BY SIZE GROUP,70.9,
2024,YEAR,ALL PRODUCTION PRACTICES,NEBRASKA,NE,31,,,STATE,CORN,ALL CLASSES,GRAIN,AREA PLANTED,"CORN, GRAIN - AREA PLANTED, MEASURED IN PCT BY SIZE GROUP",PCT BY SIZE GROUP,64.6,
2023,YEAR,ALL PRODUCTION PRACTICES,NEBRASKA,NE,31,,,STATE,CORN,ALL CLASSES,GRAIN,AREA PLANTED,"CORN, GRAIN - AREA PLANTED, MEASURED IN PCT BY SIZE GROUP",PCT BY SIZE GROUP,68.3,
2022,YEAR,ALL PRODUCTION PRACTICES,NEBRASKA,NE,31,,,STATE,CORN,ALL CLASSES,GRAIN,AREA PLANTED,"CORN, GRAIN - AREA PLANTED, MEASURED IN PCT BY SIZE GROUP",PCT BY SIZE GROUP,65.8,
2021,YEAR,ALL PRODUCTION PRACTICES,NEBRASKA,NE,31,,,STATE,CORN,ALL CLASSES,GRAIN,AREA PLANTED,"CORN, GRAIN - AREA PLANTED, MEASURED IN PCT BY SIZE GROUP",PCT BY SIZE GROUP,69.2,
2025,YEAR,ALL PRODUCTION PRACTICES,OHIO,OH,39,,,STATE,CORN,ALL CLASSES,GRAIN,AREA PLANTED,"CORN, GRAIN - AREA PLANTED, MEASURED IN PCT BY SIZE GROUP",PCT BY SIZE GROUP,81.4,
2024,YEAR,ALL PRODUCTION PRACTICES,OHIO,OH,39,,,STATE,CORN,ALL CLASSES,GRAIN,AREA PLANTED,"CORN, GRAIN - AREA PLANTED, MEASURED IN PCT BY SIZE GROUP",PCT BY SIZE GROUP,89.5,
2023,YEAR,ALL PRODUCTION PRACTICES,OHIO,OH,39,,,STATE,CORN,ALL CLASSES,GRAIN,AREA PLANTED,"CORN, GRAIN - AREA PLANTED, MEASURED IN PCT BY SIZE GROUP",PCT BY SIZE GROUP,77.4,
2022,YEAR,ALL PRODUCTION PRACTICES,OHIO,OH,39,,,STATE,CORN,ALL CLASSES,GRAIN,AREA PLANTED,"CORN, GRAIN - AREA PLANTED, MEASURED IN PCT BY SIZE GROUP",PCT BY SIZE GROUP,87.1,
2021,YEAR,ALL PRODUCTION PRACTICES,OHIO,OH,39,,,STATE,CORN,ALL CLASSES,GRAIN,AREA PLANTED,"CORN, GRAIN - AREA PLANTED, MEASURED IN PCT BY SIZE GROUP",PCT BY SIZE GROUP,82.9,
2025,YEAR,ALL PRODUCTION PRACTICES,SOUTH DAKOTA,SD,46,,,STATE,CORN,ALL CLASSES,GRAIN,AREA PLANTED,"CORN, GRAIN - AREA PLANTED, MEASURED IN PCT BY SIZE GROUP",PCT BY SIZE GROUP,62.0,
2024,YEAR,ALL PRODUCTION PRACTICES,SOUTH DAKOTA,SD,46,,,STATE,CORN,ALL CLASSES,GRAIN,AREA PLANTED,"CORN, GRAIN - AREA PLANTED, MEASURED IN PCT BY SIZE GROUP",PCT BY SIZE GROUP,71.1,
2023,YEAR,ALL PRODUCTION PRACTICES,SOUTH DAKOTA,SD,46,,,STATE,CORN,ALL CLASSES,GRAIN,AREA PLANTED,"CORN, GRAIN - AREA PLANTED, MEASURED IN PCT BY SIZE GROUP",PCT BY SIZE GROUP,64.0,
2022,YEAR,ALL PRODUCTION PRACTICES,SOUTH DAKOTA,SD,46,,,STATE,CORN,ALL CLASSES,GRAIN,AREA PLANTED,"CORN, GRAIN - AREA PLANTED, MEASURED IN PCT BY SIZE GROUP",PCT BY SIZE GROUP,79.1,
2021,YEAR,ALL PRODUCTION PRACTICES,SOUTH DAKOTA,SD,46,,,STATE,CORN,ALL CLASSES,GRAIN,AREA PLANTED,"CORN, GRAIN - AREA PLANTED, MEASURED IN PCT BY SIZE GROUP",PCT BY SIZE GROUP,76.4,
2025,YEAR,ALL PRODUCTION PRACTICES,WISCONSIN,WI,55,,,STATE,CORN,ALL CLASSES,GRAIN,AREA PLANTED,"CORN, GRAIN - AREA PLANTED, MEASURED IN PCT BY SIZE GROUP",PCT BY SIZE GROUP,74.9,
2024,YEAR,ALL PRODUCTION PRACTICES,WISCONSIN,WI,55,,,STATE,CORN,ALL CLASSES,GRAIN,AREA PLANTED,"CORN, GRAIN - AREA PLANTED, MEASURED IN PCT BY SIZE GROUP",PCT BY SIZE GROUP,79.6,
2023,YEAR,ALL PRODUCTION PRACTICES,WISCONSIN,WI,55,,,STATE,CORN,ALL CLASSES,GRAIN,AREA PLANTED,"CORN, GRAIN - AREA PLANTED, MEASURED IN PCT BY SIZE GROUP",PCT BY SIZE GROUP,72.8,
2022,YEAR,ALL PRODUCTION PRACTICES,WISCONSIN,WI,55,,,STATE,CORN,ALL CLASSES,GRAIN,AREA PLANTED,"CORN, GRAIN - AREA PLANTED, MEASURED IN PCT BY SIZE GROUP",PCT BY SIZE GROUP,63.4,
2021,YEAR,ALL PRODUCTION PRACTICES,WISCONSIN,WI,55,,,STATE,CORN,ALL CLASSES,GRAIN,AREA PLANTED,"CORN, GRAIN - AREA PLANTED, MEASURED IN PCT BY SIZE GROUP",PCT BY SIZE GROUP,71.3,
2025,YEAR,ALL PRODUCTION PRACTICES,ILLINOIS,IL,17,,,STATE,CORN,ALL CLASSES,GRAIN,AREA PLANTED,"CORN, GRAIN - AREA PLANTED, MEASURED IN PCT BY SIZE GROUP",PCT BY SIZE GROUP,16.9,
2024,YEAR,ALL PRODUCTION PRACTICES,ILLINOIS,IL,17,,,STATE,CORN,ALL CLASSES,GRAIN,AREA PLANTED,"CORN, GRAIN - AREA PLANTED, MEASURED IN PCT BY SIZE GROUP",PCT BY SIZE GROUP,11.6,
2023,YEAR,ALL PRODUCTION PRACTICES,ILLINOIS,IL,17,,,STATE,CORN,ALL CLASSES,GRAIN,AREA PLANTED,"CORN, GRAIN - AREA PLANTED, MEASURED IN PCT BY SIZE GROUP",PCT BY SIZE GROUP,13.3,
2022,YEAR,ALL PRODUCTION PRACTICES,ILLINOIS,IL,17,,,STATE,CORN,ALL CLASSES,GRAIN,AREA PLANTED,"CORN, GRAIN - AREA PLANTED, MEASURED IN PCT BY SIZE GROUP",PCT BY SIZE GROUP,16.3,
2021,YEAR,ALL PRODUCTION PRACTICES,ILLINOIS,IL,17,,,STATE,CORN,ALL CLASSES,GRAIN,AREA PLANTED,"CORN, GRAIN - AREA PLANTED, MEASURED IN PCT BY SIZE GROUP",PCT BY SIZE GROUP,18.3,
2025,YEAR,ALL PRODUCTION PRACTICES,INDIANA,IN,18,,,STATE,CORN,ALL CLASSES,GRAIN,AREA PLANTED,"CORN, GRAIN - AREA PLANTED, MEASURED IN PCT BY SIZE GROUP",PCT BY SIZE GROUP,20.3,
2024,YEAR,ALL PRODUCTION PRACTICES,INDIANA,IN,18,,,STATE,CORN,ALL CLASSES,GRAIN,AREA PLANTED,"CORN, GRAIN - AREA PLANTED, MEASURED IN PCT BY SIZE GROUP",PCT BY SIZE GROUP,16.4,
2023,YEAR,ALL PRODUCTION PRACTICES,INDIANA,IN,18,,,STATE,CORN,ALL CLASSES,GRAIN,AREA PLANTED,"CORN, GRAIN - AREA PLANTED, MEASURED IN PCT BY SIZE GROUP",PCT BY SIZE GROUP,26.9,
2022,YEAR,ALL PRODUCTION PRACTICES,INDIANA,IN,18,,,STATE,CORN,ALL CLASSES,GRAIN,AREA PLANTED,"CORN, GRAIN - AREA PLANTED, MEASURED IN PCT BY SIZE GROUP",PCT BY SIZE GROUP,27.8,
2021,YEAR,ALL PRODUCTION PRACTICES,INDIANA,IN,18,,,STATE,CORN,ALL CLASSES,GRAIN,AREA PLANTED,"CORN, GRAIN - AREA PLANTED, MEASURED IN PCT BY SIZE GROUP",PCT BY SIZE GROUP,19.0,
2025,YEAR,ALL PRODUCTION PRACTICES,IOWA,IA,19,,,STATE,CORN,ALL CLASSES,GRAIN,AREA PLANTED,"CORN, GRAIN - AREA PLANTED, MEASURED IN PCT BY SIZE GROUP",PCT BY SIZE GROUP,11.1,
2024,YEAR,ALL PRODUCTION PRACTICES,IOWA,IA,19,,,STATE,CORN,ALL CLASSES,GRAIN,AREA PLANTED,"CORN, GRAIN - AREA PLANTED, MEASURED IN PCT BY SIZE GROUP",PCT BY SIZE GROUP,10.3,
2023,YEAR,ALL PRODUCTION PRACTICES,IOWA,IA,19,,,STATE,CORN,ALL CLASSES,GRAIN,AREA PLANTED,"CORN, GRAIN - AREA PLANTED, MEASURED IN PCT BY SIZE GROUP",PCT BY SIZE GROUP,21.5,
2022,YEAR,ALL PRODUCTION PRACTICES,IOWA,IA,19,,,STATE,CORN,ALL CLASSES,GRAIN,AREA PLANTED,"CORN, GRAIN - AREA PLANTED, MEASURED IN PCT BY SIZE GROUP",PCT BY SIZE GROUP,19.0,
2021,YEAR,ALL PRODUCTION PRACTICES,IOWA,IA,19,,,STATE,CORN,ALL CLASSES,GRAIN,AREA PLANTED,"CORN, GRAIN - AREA PLANTED, MEASURED IN PCT BY SIZE GROUP",PCT BY SIZE GROUP,12.6,
2025,YEAR,ALL PRODUCTION PRACTICES,KANSAS,KS,20,,,STATE,CORN,ALL CLASSES,GRAIN,AREA PLANTED,"CORN, GRAIN - AREA PLANTED, MEASURED IN PCT BY SIZE GROUP",PCT BY SIZE GROUP,19.6,
2024,YEAR,ALL PRODUCTION PRACTICES,KANSAS,KS,20,,,STATE,CORN,ALL CLASSES,GRAIN,AREA PLANTED,"CORN, GRAIN - AREA PLANTED, MEASURED IN PCT BY SIZE GROUP",PCT BY SIZE GROUP,11.6,
2023,YEAR,ALL PRODUCTION PRACTICES,KANSAS,KS,20,,,STATE,CORN,ALL CLASSES,GRAIN,AREA PLANTED,"CORN, GRAIN - AREA PLANTED, MEASURED IN PCT BY SIZE GROUP",PCT BY SIZE GROUP,12.5,
2022,YEAR,ALL PRODUCTION PRACTICES,KANSAS,KS,20,,,STATE,CORN,ALL CLASSES,GRAIN,AREA PLANTED,"CORN, GRAIN - AREA PLANTED, MEASURED IN PCT BY SIZE GROUP",PCT BY SIZE GROUP,17.8,
2021,YEAR,ALL PRODUCTION PRACTICES,KANSAS,KS,20,,,STATE,CORN,ALL CLASSES,GRAIN,AREA PLANTED,"CORN, GRAIN - AREA PLANTED, MEASURED IN PCT BY SIZE GROUP",PCT BY SIZE GROUP,13.1,
2025,YEAR,ALL PRODUCTION PRACTICES,MINNESOTA,MN,27,,,STATE,CORN,ALL CLASSES,GRAIN,AREA PLANTED,"CORN, GRAIN - AREA PLANTED, MEASURED IN PCT BY SIZE GROUP",PCT BY SIZE GROUP,9.5,
2024,YEAR,ALL PRODUCTION PRACTICES,MINNESOTA,MN,27,,,STATE,CORN,ALL CLASSES,GRAIN,AREA PLANTED,"CORN, GRAIN - AREA PLANTED, MEASURED IN PCT BY SIZE GROUP",PCT BY SIZE GROUP,6.9,
2023,YEAR,ALL PRODUCTION PRACTICES,MINNESOTA,MN,27,,,STATE,CORN,ALL CLASSES,GRAIN,AREA PLANTED,"CORN, GRAIN - AREA PLANTED, MEASURED IN PCT BY SIZE GROUP",PCT BY SIZE GROUP,10.8,
2022,YEAR,ALL PRODUCTION PRACTICES,MINNESOTA,MN,27,,,STATE,CORN,ALL CLASSES,GRAIN,AREA PLANTED,"CORN, GRAIN - AREA PLANTED, MEASURED IN PCT BY SIZE GROUP",PCT BY SIZE GROUP,15.8,
2021,YEAR,ALL PRODUCTION PRACTICES,MINNESOTA,MN,27,,,STATE,CORN,ALL CLASSES,GRAIN,AREA PLANTED,"CORN, GRAIN - AREA PLANTED, MEASURED IN PCT BY SIZE GROUP",PCT BY SIZE GROUP,7.6,
2025,YEAR,ALL PRODUCTION PRACTICES,MISSOURI,MO,29,,,STATE,CORN,ALL CLASSES,GRAIN,AREA PLANTED,"CORN, GRAIN - AREA PLANTED, MEASURED IN PCT BY SIZE GROUP",PCT BY SIZE GROUP,17.8,
2024,YEAR,ALL PRODUCTION PRACTICES,MISSOURI,MO,29,,,STATE,CORN,ALL CLASSES,GRAIN,AREA PLANTED,"CORN, GRAIN - AREA PLANTED, MEASURED IN PCT BY SIZE GROUP",PCT BY SIZE GROUP,12.2,
2023,YEAR,ALL PRODUCTION PRACTICES,MISSOURI,MO,29,,,STATE,CORN,ALL CLASSES,GRAIN,AREA PLANTED,"CORN, GRAIN - AREA PLANTED, MEASURED IN PCT BY SIZE GROUP",PCT BY SIZE GROUP,12.7,
2022,YEAR,ALL PRODUCTION PRACTICES,MISSOURI,MO,29,,,STATE,CORN,ALL CLASSES,GRAIN,AREA PLANTED,"CORN, GRAIN - AREA PLANTED, MEASURED IN PCT BY SIZE GROUP",PCT BY SIZE GROUP,19.2,
2021,YEAR,ALL PRODUCTION PRACTICES,MISSOURI,MO,29,,,STATE,CORN,ALL CLASSES,GRAIN,AREA PLANTED,"CORN, GRAIN - AREA PLANTED, MEASURED IN PCT BY SIZE GROUP",PCT BY SIZE GROUP,13.2,
2025,YEAR,ALL PRODUCTION PRACTICES,NEBRASKA,NE,31,,,STATE,CORN,ALL CLASSES,GRAIN,AREA PLANTED,"CORN, GRAIN - AREA PLANTED, MEASURED IN PCT BY SIZE GROUP",PCT BY SIZE GROUP,19.4,
2024,YEAR,ALL PRODUCTION PRACTICES,NEBRASKA,NE,31,,,STATE,CORN,ALL CLASSES,GRAIN,AREA PLANTED,"CORN, GRAIN - AREA PLANTED, MEASURED IN PCT BY SIZE GROUP",PCT BY SIZE GROUP,29.0,
2023,YEAR,ALL PRODUCTION PRACTICES,NEBRASKA,NE,31,,,STATE,CORN,ALL CLASSES,GRAIN,AREA PLANTED,"CORN, GRAIN - AREA PLANTED, MEASURED IN PCT BY SIZE GROUP",PCT BY SIZE GROUP,21.7,
2022,YEAR,ALL PRODUCTION PRACTICES,NEBRASKA,NE,31,,,STATE,CORN,ALL CLASSES,GRAIN,AREA PLANTED,"CORN, GRAIN - AREA PLANTED, MEASURED IN PCT BY SIZE GROUP",PCT BY SIZE GROUP,24.0,
2021,YEAR,ALL PRODUCTION PRACTICES,NEBRASKA,NE,31,,,STATE,CORN,ALL CLASSES,GRAIN,AREA PLANTED,"CORN, GRAIN - AREA PLANTED, MEASURED IN PCT BY SIZE GROUP",PCT BY SIZE GROUP,15.8,
2025,YEAR,ALL PRODUCTION PRACTICES,OHIO,OH,39,,,STATE,CORN,ALL CLASSES,GRAIN,AREA PLANTED,"CORN, GRAIN - AREA PLANTED, MEASURED IN PCT BY SIZE GROUP",PCT BY SIZE GROUP,14.3,
2024,YEAR,ALL PRODUCTION PRACTICES,OHIO,OH,39,,,STATE,CORN,ALL CLASSES,GRAIN,AREA PLANTED,"CORN, GRAIN - AREA PLANTED, MEASURED IN PCT BY SIZE GROUP",PCT BY SIZE GROUP,7.0,
2023,YEAR,ALL PRODUCTION PRACTICES,OHIO,OH,39,,,STATE,CORN,ALL CLASSES,GRAIN,AREA PLANTED,"CORN, GRAIN - AREA PLANTED, MEASURED IN PCT BY SIZE GROUP",PCT BY SIZE GROUP,16.7,
2022,YEAR,ALL PRODUCTION PRACTICES,OHIO,OH,39,,,STATE,CORN,ALL CLASSES,GRAIN,AREA PLANTED,"CORN, GRAIN - AREA PLANTED, MEASURED IN PCT BY SIZE GROUP",PCT BY SIZE GROUP,8.2,
2021,YEAR,ALL PRODUCTION PRACTICES,OHIO,OH,39,,,STATE,CORN,ALL CLASSES,GRAIN,AREA PLANTED,"CORN, GRAIN - AREA PLANTED, MEASURED IN PCT BY SIZE GROUP",PCT BY SIZE GROUP,12.6,
2025,YEAR,ALL PRODUCTION PRACTICES,SOUTH DAKOTA,SD,46,,,STATE,CORN,ALL CLASSES,GRAIN,AREA PLANTED,"CORN, GRAIN - AREA PLANTED, MEASURED IN PCT BY SIZE GROUP",PCT BY SIZE GROUP,30.0,
2024,YEAR,ALL PRODUCTION PRACTICES,SOUTH DAKOTA,SD,46,,,STATE,CORN,ALL CLASSES,GRAIN,AREA PLANTED,"CORN, GRAIN - AREA PLANTED, MEASURED IN PCT BY SIZE GROUP",PCT BY SIZE GROUP,21.2,
2023,YEAR,ALL PRODUCTION PRACTICES,SOUTH DAKOTA,SD,46,,,STATE,CORN,ALL CLASSES,GRAIN,AREA PLANTED,"CORN, GRAIN - AREA PLANTED, MEASURED IN PCT BY SIZE GROUP",PCT BY SIZE GROUP,28.0,
2022,YEAR,ALL PRODUCTION PRACTICES,SOUTH DAKOTA,SD,46,,,STATE,CORN,ALL CLASSES,GRAIN,AREA PLANTED,"CORN, GRAIN - AREA PLANTED, MEASURED IN PCT BY SIZE GROUP",PCT BY SIZE GROUP,10.4,
2021,YEAR,ALL PRODUCTION PRACTICES,SOUTH DAKOTA,SD,46,,,STATE,CORN,ALL CLASSES,GRAIN,AREA PLANTED,"CORN, GRAIN - AREA PLANTED, MEASURED IN PCT BY SIZE GROUP",PCT BY SIZE GROUP,14.5,
2025,YEAR,ALL PRODUCTION PRACTICES,WISCONSIN,WI,55,,,STATE,CORN,ALL CLASSES,GRAIN,AREA PLANTED,"CORN, GRAIN - AREA PLANTED, MEASURED IN PCT BY SIZE GROUP",PCT BY SIZE GROUP,17.9,
2024,YEAR,ALL PRODUCTION PRACTICES,WISCONSIN,WI,55,,,STATE,CORN,ALL CLASSES,GRAIN,AREA PLANTED,"CORN, GRAIN - AREA PLANTED, MEASURED IN PCT BY SIZE GROUP",PCT BY SIZE GROUP,17.2,
2023,YEAR,ALL PRODUCTION PRACTICES,WISCONSIN,WI,55,,,STATE,CORN,ALL CLASSES,GRAIN,AREA PLANTED,"CORN, GRAIN - AREA PLANTED, MEASURED IN PCT BY SIZE GROUP",PCT BY SIZE GROUP,24.3,
2022,YEAR,ALL PRODUCTION PRACTICES,WISCONSIN,WI,55,,,STATE,CORN,ALL CLASSES,GRAIN,AREA PLANTED,"CORN, GRAIN - AREA PLANTED, MEASURED IN PCT BY SIZE GROUP",PCT BY SIZE GROUP,31.0,
2021,YEAR,ALL PRODUCTION PRACTICES,WISCONSIN,WI,55,,,STATE,CORN,ALL CLASSES,GRAIN,AREA PLANTED,"CORN, GRAIN - AREA PLANTED, MEASURED IN PCT BY SIZE GROUP",PCT BY SIZE GROUP,22.7,
2025,YEAR,ALL PRODUCTION PRACTICES,ILLINOIS,IL,17,,,STATE,CORN,ALL CLASSES,GRAIN,AREA PLANTED,"CORN, GRAIN - AREA PLANTED, MEASURED IN PCT BY SIZE GROUP",PCT BY SIZE GROUP,0.0,
2024,YEAR,ALL PRODUCTION PRACTICES,ILLINOIS,IL,17,,,STATE,CORN,ALL CLASSES,GRAIN,AREA PLANTED,"CORN, GRAIN - AREA PLANTED, MEASURED IN PCT BY SIZE GROUP",PCT BY SIZE GROUP,0.0,
2023,YEAR,ALL PRODUCTION PRACTICES,ILLINOIS,IL,17,,,STATE,CORN,ALL CLASSES,GRAIN,AREA PLANTED,"CORN, GRAIN - AREA PLANTED, MEASURED IN PCT BY SIZE GROUP",PCT BY SIZE GROUP,0.0,
2022,YEAR,ALL PRODUCTION PRACTICES,ILLINOIS,IL,17,,,STATE,CORN,ALL CLASSES,GRAIN,AREA PLANTED,"CORN, GRAIN - AREA PLANTED, MEASURED IN PCT BY SIZE GROUP",PCT BY SIZE GROUP,1.6,
2021,YEAR,ALL PRODUCTION PRACTICES,ILLINOIS,IL,17,,,STATE,CORN,ALL CLASSES,GRAIN,AREA PLANTED,"CORN, GRAIN - AREA PLANTED, MEASURED IN PCT BY SIZE GROUP",PCT BY SIZE GROUP,0.0,
2025,YEAR,ALL PRODUCTION PRACTICES,INDIANA,IN,18,,,STATE,CORN,ALL CLASSES,GRAIN,AREA PLANTED,"CORN, GRAIN - AREA PLANTED, MEASURED IN PCT BY SIZE GROUP",PCT BY SIZE GROUP,0.0,
2024,YEAR,ALL PRODUCTION PRACTICES,INDIANA,IN,18,,,STATE,CORN,ALL CLASSES,GRAIN,AREA PLANTED,"CORN, GRAIN - AREA PLANTED, MEASURED IN PCT BY SIZE GROUP",PCT BY SIZE GROUP,0.0,
2023,YEAR,ALL PRODUCTION PRACTICES,INDIANA,IN,18,,,STATE,CORN,ALL CLASSES,GRAIN,AREA PLANTED,"CORN, GRAIN - AREA PLANTED, MEASURED IN PCT BY SIZE GROUP",PCT BY SIZE GROUP,0.0,
2022,YEAR,ALL PRODUCTION PRACTICES,INDIANA,IN,18,,,STATE,CORN,ALL CLASSES,GRAIN,AREA PLANTED,"CORN, GRAIN - AREA PLANTED, MEASURED IN PCT BY SIZE GROUP",PCT BY SIZE GROUP,0.0,
2021,YEAR,ALL PRODUCTION PRACTICES,INDIANA,IN,18,,,STATE,CORN,ALL CLASSES,GRAIN,AREA PLANTED,"CORN, GRAIN - AREA PLANTED, MEASURED IN PCT BY SIZE GROUP",PCT BY SIZE GROUP,0.0,
2025,YEAR,ALL PRODUCTION PRACTICES,IOWA,IA,19,,,STATE,CORN,ALL CLASSES,GRAIN,AREA PLANTED,"CORN, GRAIN - AREA PLANTED, MEASURED IN PCT BY SIZE GROUP",PCT BY SIZE GROUP,0.0,
2024,YEAR,ALL PRODUCTION PRACTICES,IOWA,IA,19,,,STATE,CORN,ALL CLASSES,GRAIN,AREA PLANTED,"CORN, GRAIN - AREA PLANTED, MEASURED IN PCT BY SIZE GROUP",PCT BY SIZE GROUP,0.7,
2023,YEAR,ALL PRODUCTION PRACTICES,IOWA,IA,19,,,STATE,CORN,ALL CLASSES,GRAIN,AREA PLANTED,"CORN, GRAIN - AREA PLANTED, MEASURED IN PCT BY SIZE GROUP",PCT BY SIZE GROUP,0.7,
2022,YEAR,ALL PRODUCTION PRACTICES,IOWA,IA,19,,,STATE,CORN,ALL CLASSES,GRAIN,AREA PLANTED,"CORN, GRAIN - AREA PLANTED, MEASURED IN PCT BY SIZE GROUP",PCT BY SIZE GROUP,0.0,
2021,YEAR,ALL PRODUCTION PRACTICES,IOWA,IA,19,,,STATE,CORN,ALL CLASSES,GRAIN,AREA PLANTED,"CORN, GRAIN - AREA PLANTED, MEASURED IN PCT BY SIZE GROUP",PCT BY SIZE GROUP,0.8,
2025,YEAR,ALL PRODUCTION PRACTICES,KANSAS,KS,20,,,STATE,CORN,ALL CLASSES,GRAIN,AREA PLANTED,"CORN, GRAIN - AREA PLANTED, MEASURED IN PCT BY SIZE GROUP",PCT BY SIZE GROUP,1.8,
2024,YEAR,ALL PRODUCTION PRACTICES,KANSAS,KS,20,,,STATE,CORN,ALL CLASSES,GRAIN,AREA PLANTED,"CORN, GRAIN - AREA PLANTED, MEASURED IN PCT BY SIZE GROUP",PCT BY SIZE GROUP,1.4,
2023,YEAR,ALL PRODUCTION PRACTICES,KANSAS,KS,20,,,STATE,CORN,ALL CLASSES,GRAIN,AREA PLANTED,"CORN, GRAIN - AREA PLANTED, MEASURED IN PCT BY SIZE GROUP",PCT BY SIZE GROUP,2.5,
2022,YEAR,ALL PRODUCTION PRACTICES,KANSAS,KS,20,,,STATE,CORN,ALL CLASSES,GRAIN,AREA PLANTED,"CORN, GRAIN - AREA PLANTED, MEASURED IN PCT BY SIZE GROUP",PCT BY SIZE GROUP,0.0,
2021,YEAR,ALL PRODUCTION PRACTICES,KANSAS,KS,20,,,STATE,CORN,ALL CLASSES,GRAIN,AREA PLANTED,"CORN, GRAIN - AREA PLANTED, MEASURED IN PCT BY SIZE GROUP",PCT BY SIZE GROUP,0.0,
2025,YEAR,ALL PRODUCTION PRACTICES,MINNESOTA,MN,27,,,STATE,CORN,ALL CLASSES,GRAIN,AREA PLANTED,"CORN, GRAIN - AREA PLANTED, MEASURED IN PCT BY SIZE GROUP",PCT BY SIZE GROUP,0.0,
2024,YEAR,ALL PRODUCTION PRACTICES,MINNESOTA,MN,27,,,STATE,CORN,ALL CLASSES,GRAIN,AREA PLANTED,"CORN, GRAIN - AREA PLANTED, MEASURED IN PCT BY SIZE GROUP",PCT BY SIZE GROUP,0.0,
2023,YEAR,ALL PRODUCTION PRACTICES,MINNESOTA,MN,27,,,STATE,CORN,ALL CLASSES,GRAIN,AREA PLANTED,"CORN, GRAIN - AREA PLANTED, MEASURED IN PCT BY SIZE GROUP",PCT BY SIZE GROUP,1.0,
2022,YEAR,ALL PRODUCTION PRACTICES,MINNESOTA,MN,27,,,STATE,CORN,ALL CLASSES,GRAIN,AREA PLANTED,"CORN, GRAIN - AREA PLANTED, MEASURED IN PCT BY SIZE GROUP",PCT BY SIZE GROUP,0.9,
2021,YEAR,ALL PRODUCTION PRACTICES,MINNESOTA,MN,27,,,STATE,CORN,ALL CLASSES,GRAIN,AREA PLANTED,"CORN, GRAIN - AREA PLANTED, MEASURED IN PCT BY SIZE GROUP",PCT BY SIZE GROUP,0.0,
2025,YEAR,ALL PRODUCTION PRACTICES,MISSOURI,MO,29,,,STATE,CORN,ALL CLASSES,GRAIN,AREA PLANTED,"CORN, GRAIN - AREA PLANTED, MEASURED IN PCT BY SIZE GROUP",PCT BY SIZE GROUP,0.0,
2024,YEAR,ALL PRODUCTION PRACTICES,MISSOURI,MO,29,,,STATE,CORN,ALL CLASSES,GRAIN,AREA PLANTED,"CORN, GRAIN - AREA PLANTED, MEASURED IN PCT BY SIZE GROUP",PCT BY SIZE GROUP,0.0,
2023,YEAR,ALL PRODUCTION PRACTICES,MISSOURI,MO,29,,,STATE,CORN,ALL CLASSES,GRAIN,AREA PLANTED,"CORN, GRAIN - AREA PLANTED, MEASURED IN PCT BY SIZE GROUP",PCT BY SIZE GROUP,2.5,
2022,YEAR,ALL PRODUCTION PRACTICES,MISSOURI,MO,29,,,STATE,CORN,ALL CLASSES,GRAIN,AREA PLANTED,"CORN, GRAIN - AREA PLANTED, MEASURED IN PCT BY SIZE GROUP",PCT BY SIZE GROUP,2.6,
2021,YEAR,ALL PRODUCTION PRACTICES,MISSOURI,MO,29,,,STATE,CORN,ALL CLASSES,GRAIN,AREA PLANTED,"CORN, GRAIN - AREA PLANTED, MEASURED IN PCT BY SIZE GROUP",PCT BY SIZE GROUP,1.3,
2025,YEAR,ALL PRODUCTION PRACTICES,NEBRASKA,NE,31,,,STATE,CORN,ALL CLASSES,GRAIN,AREA PLANTED,"CORN, GRAIN - AREA PLANTED, MEASURED IN PCT BY SIZE GROUP",PCT BY SIZE GROUP,6.8,
2024,YEAR,ALL PRODUCTION PRACTICES,NEBRASKA,NE,31,,,STATE,CORN,ALL CLASSES,GRAIN,AREA PLANTED,"CORN, GRAIN - AREA PLANTED, MEASURED IN PCT BY SIZE GROUP",PCT BY SIZE GROUP,2.4,
2023,YEAR,ALL PRODUCTION PRACTICES,NEBRASKA,NE,31,,,STATE,CORN,ALL CLASSES,GRAIN,AREA PLANTED,"CORN, GRAIN - AREA PLANTED, MEASURED IN PCT BY SIZE GROUP",PCT BY SIZE GROUP,5.0,
2022,YEAR,ALL PRODUCTION PRACTICES,NEBRASKA,NE,31,,,STATE,CORN,ALL CLASSES,GRAIN,AREA PLANTED,"CORN, GRAIN - AREA PLANTED, MEASURED IN PCT BY SIZE GROUP",PCT BY SIZE GROUP,7.8,
2021,YEAR,ALL PRODUCTION PRACTICES,NEBRASKA,NE,31,,,STATE,CORN,ALL CLASSES,GRAIN,AREA PLANTED,"CORN, GRAIN - AREA PLANTED, MEASURED IN PCT BY SIZE GROUP",PCT BY SIZE GROUP,14.2,
2025,YEAR,ALL PRODUCTION PRACTICES,OHIO,OH,39,,,STATE,CORN,ALL CLASSES,GRAIN,AREA PLANTED,"CORN, GRAIN - AREA PLANTED, MEASURED IN PCT BY SIZE GROUP",PCT BY SIZE GROUP,1.4,
2024,YEAR,ALL PRODUCTION PRACTICES,OHIO,OH,39,,,STATE,CORN,ALL CLASSES,GRAIN,AREA PLANTED,"CORN, GRAIN - AREA PLANTED, MEASURED IN PCT BY SIZE GROUP",PCT BY SIZE GROUP,1.2,
2023,YEAR,ALL PRODUCTION PRACTICES,OHIO,OH,39,,,STATE,CORN,ALL CLASSES,GRAIN,AREA PLANTED,"CORN, GRAIN - AREA PLANTED, MEASURED IN PCT BY SIZE GROUP",PCT BY SIZE GROUP,1.0,
2022,YEAR,ALL PRODUCTION PRACTICES,OHIO,OH,39,,,STATE,CORN,ALL CLASSES,GRAIN,AREA PLANTED,"CORN, GRAIN - AREA PLANTED, MEASURED IN PCT BY SIZE GROUP",PCT BY SIZE GROUP,0.0,
2021,YEAR,ALL PRODUCTION PRACTICES,OHIO,OH,39,,,STATE,CORN,ALL CLASSES,GRAIN,AREA PLANTED,"CORN, GRAIN - AREA PLANTED, MEASURED IN PCT BY SIZE GROUP",PCT BY SIZE GROUP,1.1,
2025,YEAR,ALL PRODUCTION PRACTICES,SOUTH DAKOTA,SD,46,,,STATE,CORN,ALL CLASSES,GRAIN,AREA PLANTED,"CORN, GRAIN - AREA PLANTED, MEASURED IN PCT BY SIZE GROUP",PCT BY SIZE GROUP,0.0,
2024,YEAR,ALL PRODUCTION PRACTICES,SOUTH DAKOTA,SD,46,,,STATE,CORN,ALL CLASSES,GRAIN,AREA PLANTED,"CORN, GRAIN - AREA PLANTED, MEASURED IN PCT BY SIZE GROUP",PCT BY SIZE GROUP,0.0,
2023,YEAR,ALL PRODUCTION PRACTICES,SOUTH DAKOTA,SD,46,,,STATE,CORN,ALL CLASSES,GRAIN,AREA PLANTED,"CORN, GRAIN - AREA PLANTED, MEASURED IN PCT BY SIZE GROUP",PCT BY SIZE GROUP,2.0,
2022,YEAR,ALL PRODUCTION PRACTICES,SOUTH DAKOTA,SD,46,,,STATE,CORN,ALL CLASSES,GRAIN,AREA PLANTED,"CORN, GRAIN - AREA PLANTED, MEASURED IN PCT BY SIZE GROUP",PCT BY SIZE GROUP,2.1,
2021,YEAR,ALL PRODUCTION PRACTICES,SOUTH DAKOTA,SD,46,,,STATE,CORN,ALL CLASSES,GRAIN,AREA PLANTED,"CORN, GRAIN - AREA PLANTED, MEASURED IN PCT BY SIZE GROUP",PCT BY SIZE GROUP,1.8,
2025,YEAR,ALL PRODUCTION PRACTICES,WISCONSIN,WI,55,,,STATE,CORN,ALL CLASSES,GRAIN,AREA PLANTED,"CORN, GRAIN - AREA PLANTED, MEASURED IN PCT BY SIZE GROUP",PCT BY SIZE GROUP,1.8,
2024,YEAR,ALL PRODUCTION PRACTICES,WISCONSIN,WI,55,,,STATE,CORN,ALL CLASSES,GRAIN,AREA PLANTED,"CORN, GRAIN - AREA PLANTED, MEASURED IN PCT BY SIZE GROUP",PCT BY SIZE GROUP,1.6,
2023,YEAR,ALL PRODUCTION PRACTICES,WISCONSIN,WI,55,,,STATE,CORN,ALL CLASSES,GRAIN,AREA PLANTED,"CORN, GRAIN - AREA PLANTED, MEASURED IN PCT BY SIZE GROUP",PCT BY SIZE GROUP,2.9,
2022,YEAR,ALL PRODUCTION PRACTICES,WISCONSIN,WI,55,,,STATE,CORN,ALL CLASSES,GRAIN,AREA PLANTED,"CORN, GRAIN - AREA PLANTED, MEASURED IN PCT BY SIZE GROUP",PCT BY SIZE GROUP,2.8,
2021,YEAR,ALL PRODUCTION PRACTICES,WISCONSIN,WI,55,,,STATE,CORN,ALL CLASSES,GRAIN,AREA PLANTED,"CORN, GRAIN - AREA PLANTED, MEASURED IN PCT BY SIZE GROUP",PCT BY SIZE GROUP,1.5,
2025,YEAR,ALL PRODUCTION PRACTICES,ILLINOIS,IL,17,,,STATE,CORN,ALL CLASSES,GRAIN,AREA PLANTED,"CORN, GRAIN - AREA PLANTED, MEASURED IN PCT BY SIZE GROUP",PCT BY SIZE GROUP,0.0,
2024,YEAR,ALL PRODUCTION PRACTICES,ILLINOIS,IL,17,,,STATE,CORN,ALL CLASSES,GRAIN,AREA PLANTED,"CORN, GRAIN - AREA PLANTED, MEASURED IN PCT BY SIZE GROUP",PCT BY SIZE GROUP,0.0,
2023,YEAR,ALL PRODUCTION PRACTICES,ILLINOIS,IL,17,,,STATE,CORN,ALL CLASSES,GRAIN,AREA PLANTED,"CORN, GRAIN - AREA PLANTED, MEASURED IN PCT BY SIZE GROUP",PCT BY SIZE GROUP,0.0,
2022,YEAR,ALL PRODUCTION PRACTICES,ILLINOIS,IL,17,,,STATE,CORN,ALL CLASSES,GRAIN,AREA PLANTED,"CORN, GRAIN - AREA PLANTED, MEASURED IN PCT BY SIZE GROUP",PCT BY SIZE GROUP,0.0,
2021,YEAR,ALL PRODUCTION PRACTICES,ILLINOIS,IL,17,,,STATE,CORN,ALL CLASSES,GRAIN,AREA PLANTED,"CORN, GRAIN - AREA PLANTED, MEASURED IN PCT BY SIZE GROUP",PCT BY SIZE GROUP,0.0,
2025,YEAR,ALL PRODUCTION PRACTICES,INDIANA,IN,18,,,STATE,CORN,ALL CLASSES,GRAIN,AREA PLANTED,"CORN, GRAIN - AREA PLANTED, MEASURED IN PCT BY SIZE GROUP",PCT BY SIZE GROUP,0.0,
2024,YEAR,ALL PRODUCTION PRACTICES,INDIANA,IN,18,,,STATE,CORN,ALL CLASSES,GRAIN,AREA PLANTED,"CORN, GRAIN - AREA PLANTED, MEASURED IN PCT BY SIZE GROUP",PCT BY SIZE GROUP,3.3,
2023,YEAR,ALL PRODUCTION PRACTICES,INDIANA,IN,18,,,STATE,CORN,ALL CLASSES,GRAIN,AREA PLANTED,"CORN, GRAIN - AREA PLANTED, MEASURED IN PCT BY SIZE GROUP",PCT BY SIZE GROUP,0.0,
2022,YEAR,ALL PRODUCTION PRACTICES,INDIANA,IN,18,,,STATE,CORN,ALL CLASSES,GRAIN,AREA PLANTED,"CORN, GRAIN - AREA PLANTED, MEASURED IN PCT BY SIZE GROUP",PCT BY SIZE GROUP,0.0,
2021,YEAR,ALL PRODUCTION PRACTICES,INDIANA,IN,18,,,STATE,CORN,ALL CLASSES,GRAIN,AREA PLANTED,"CORN, GRAIN - AREA PLANTED, MEASURED IN PCT BY SIZE GROUP",PCT BY SIZE GROUP,0.0,
2025,YEAR,ALL PRODUCTION PRACTICES,IOWA,IA,19,,,STATE,CORN,ALL CLASSES,GRAIN,AREA PLANTED,"CORN, GRAIN - AREA PLANTED, MEASURED IN PCT BY SIZE GROUP",PCT BY SIZE GROUP,2.4,
2024,YEAR,ALL PRODUCTION PRACTICES,IOWA,IA,19,,,STATE,CORN,ALL CLASSES,GRAIN,AREA PLANTED,"CORN, GRAIN - AREA PLANTED, MEASURED IN PCT BY SIZE GROUP",PCT BY SIZE GROUP,0.7,
2023,YEAR,ALL PRODUCTION PRACTICES,IOWA,IA,19,,,STATE,CORN,ALL CLASSES,GRAIN,AREA PLANTED,"CORN, GRAIN - AREA PLANTED, MEASURED IN PCT BY SIZE GROUP",PCT BY SIZE GROUP,0.7,
2022,YEAR,ALL PRODUCTION PRACTICES,IOWA,IA,19,,,STATE,CORN,ALL CLASSES,GRAIN,AREA PLANTED,"CORN, GRAIN - AREA PLANTED, MEASURED IN PCT BY SIZE GROUP",PCT BY SIZE GROUP,0.0,
2021,YEAR,ALL PRODUCTION PRACTICES,IOWA,IA,19,,,STATE,CORN,ALL CLASSES,GRAIN,AREA PLANTED,"CORN, GRAIN - AREA PLANTED, MEASURED IN PCT BY SIZE GROUP",PCT BY SIZE GROUP,0.0,
2025,YEAR,ALL PRODUCTION PRACTICES,KANSAS,KS,20,,,STATE,CORN,ALL CLASSES,GRAIN,AREA PLANTED,"CORN, GRAIN - AREA PLANTED, MEASURED IN PCT BY SIZE GROUP",PCT BY SIZE GROUP,0.0,
2024,YEAR,ALL PRODUCTION PRACTICES,KANSAS,KS,20,,,STATE,CORN,ALL CLASSES,GRAIN,AREA PLANTED,"CORN, GRAIN - AREA PLANTED, MEASURED IN PCT BY SIZE GROUP",PCT BY SIZE GROUP,0.0,
2023,YEAR,ALL PRODUCTION PRACTICES,KANSAS,KS,20,,,STATE,CORN,ALL CLASSES,GRAIN,AREA PLANTED,"CORN, GRAIN - AREA PLANTED, MEASURED IN PCT BY SIZE GROUP",PCT BY SIZE GROUP,1.3,
2022,YEAR,ALL PRODUCTION PRACTICES,KANSAS,KS,20,,,STATE,CORN,ALL CLASSES,GRAIN,AREA PLANTED,"CORN, GRAIN - AREA PLANTED, MEASURED IN PCT BY SIZE GROUP",PCT BY SIZE GROUP,0.0,
2021,YEAR,ALL PRODUCTION PRACTICES,KANSAS,KS,20,,,STATE,CORN,ALL CLASSES,GRAIN,AREA PLANTED,"CORN, GRAIN - AREA PLANTED, MEASURED IN PCT BY SIZE GROUP",PCT BY SIZE GROUP,0.0,
2025,YEAR,ALL PRODUCTION PRACTICES,MINNESOTA,MN,27,,,STATE,CORN,ALL CLASSES,GRAIN,AREA PLANTED,"CORN, GRAIN - AREA PLANTED, MEASURED IN PCT BY SIZE GROUP",PCT BY SIZE GROUP,0.0,
2024,YEAR,ALL PRODUCTION PRACTICES,MINNESOTA,MN,27,,,STATE,CORN,ALL CLASSES,GRAIN,AREA PLANTED,"CORN, GRAIN - AREA PLANTED, MEASURED IN PCT BY SIZE GROUP",PCT BY SIZE GROUP,0.0,
2023,YEAR,ALL PRODUCTION PRACTICES,MINNESOTA,MN,27,,,STATE,CORN,ALL CLASSES,GRAIN,AREA PLANTED,"CORN, GRAIN - AREA PLANTED, MEASURED IN PCT BY SIZE GROUP",PCT BY SIZE GROUP,0.0,
2022,YEAR,ALL PRODUCTION PRACTICES,MINNESOTA,MN,27,,,STATE,CORN,ALL CLASSES,GRAIN,AREA PLANTED,"CORN, GRAIN - AREA PLANTED, MEASURED IN PCT BY SIZE GROUP",PCT BY SIZE GROUP,0.0,
2021,YEAR,ALL PRODUCTION PRACTICES,MINNESOTA,MN,27,,,STATE,CORN,ALL CLASSES,GRAIN,AREA PLANTED,"CORN, GRAIN - AREA PLANTED, MEASURED IN PCT BY SIZE GROUP",PCT BY SIZE GROUP,1.1,
2025,YEAR,ALL PRODUCTION PRACTICES,MISSOURI,MO,29,,,STATE,CORN,ALL CLASSES,GRAIN,AREA PLANTED,"CORN, GRAIN - AREA PLANTED, MEASURED IN PCT BY SIZE GROUP",PCT BY SIZE GROUP,6.7,
2024,YEAR,ALL PRODUCTION PRACTICES,MISSOURI,MO,29,,,STATE,CORN,ALL CLASSES,GRAIN,AREA PLANTED,"CORN, GRAIN - AREA PLANTED, MEASURED IN PCT BY SIZE GROUP",PCT BY SIZE GROUP,1.2,
2023,YEAR,ALL PRODUCTION PRACTICES,MISSOURI,MO,29,,,STATE,CORN,ALL CLASSES,GRAIN,AREA PLANTED,"CORN, GRAIN - AREA PLANTED, MEASURED IN PCT BY SIZE GROUP",PCT BY SIZE GROUP,2.5,
2022,YEAR,ALL PRODUCTION PRACTICES,MISSOURI,MO,29,,,STATE,CORN,ALL CLASSES,GRAIN,AREA PLANTED,"CORN, GRAIN - AREA PLANTED, MEASURED IN PCT BY SIZE GROUP",PCT BY SIZE GROUP,2.6,
2021,YEAR,ALL PRODUCTION PRACTICES,MISSOURI,MO,29,,,STATE,CORN,ALL CLASSES,GRAIN,AREA PLANTED,"CORN, GRAIN - AREA PLANTED, MEASURED IN PCT BY SIZE GROUP",PCT BY SIZE GROUP,6.6,
2025,YEAR,ALL PRODUCTION PRACTICES,NEBRASKA,NE,31,,,STATE,CORN,ALL CLASSES,GRAIN,AREA PLANTED,"CORN, GRAIN - AREA PLANTED, MEASURED IN PCT BY SIZE GROUP",PCT BY SIZE GROUP,2.9,
2024,YEAR,ALL PRODUCTION PRACTICES,NEBRASKA,NE,31,,,STATE,CORN,ALL CLASSES,GRAIN,AREA PLANTED,"CORN, GRAIN - AREA PLANTED, MEASURED IN PCT BY SIZE GROUP",PCT BY SIZE GROUP,2.4,
2023,YEAR,ALL PRODUCTION PRACTICES,NEBRASKA,NE,31,,,STATE,CORN,ALL CLASSES,GRAIN,AREA PLANTED,"CORN, GRAIN - AREA PLANTED, MEASURED IN PCT BY SIZE GROUP",PCT BY SIZE GROUP,5.0,
2022,YEAR,ALL PRODUCTION PRACTICES,NEBRASKA,NE,31,,,STATE,CORN,ALL CLASSES,GRAIN,AREA PLANTED,"CORN, GRAIN - AREA PLANTED, MEASURED IN PCT BY SIZE GROUP",PCT BY SIZE GROUP,1.6,
2021,YEAR,ALL PRODUCTION PRACTICES,NEBRASKA,NE,31,,,STATE,CORN,ALL CLASSES,GRAIN,AREA PLANTED,"CORN, GRAIN - AREA PLANTED, MEASURED IN PCT BY SIZE GROUP",PCT BY SIZE GROUP,0.8,
2025,YEAR,ALL PRODUCTION PRACTICES,OHIO,OH,39,,,STATE,CORN,ALL CLASSES,GRAIN,AREA PLANTED,"CORN, GRAIN - AREA PLANTED, MEASURED IN PCT BY SIZE GROUP",PCT BY SIZE GROUP,0.0,
2024,YEAR,ALL PRODUCTION PRACTICES,OHIO,OH,39,,,STATE,CORN,ALL CLASSES,GRAIN,AREA PLANTED,"CORN, GRAIN - AREA PLANTED, MEASURED IN PCT BY SIZE GROUP",PCT BY SIZE GROUP,0.0,
2023,YEAR,ALL PRODUCTION PRACTICES,OHIO,OH,39,,,STATE,CORN,ALL CLASSES,GRAIN,AREA PLANTED,"CORN, GRAIN - AREA PLANTED, MEASURED IN PCT BY SIZE GROUP",PCT BY SIZE GROUP,1.0,
2022,YEAR,ALL PRODUCTION PRACTICES,OHIO,OH,39,,,STATE,CORN,ALL CLASSES,GRAIN,AREA PLANTED,"CORN, GRAIN - AREA PLANTED, MEASURED IN PCT BY SIZE GROUP",PCT BY SIZE GROUP,0.0,
2021,YEAR,ALL PRODUCTION PRACTICES,OHIO,OH,39,,,STATE,CORN,ALL CLASSES,GRAIN,AREA PLANTED,"CORN, GRAIN - AREA PLANTED, MEASURED IN PCT BY SIZE GROUP",PCT BY SIZE GROUP,0.0,
2025,YEAR,ALL PRODUCTION PRACTICES,SOUTH DAKOTA,SD,46,,,STATE,CORN,ALL CLASSES,GRAIN,AREA PLANTED,"CORN, GRAIN - AREA PLANTED, MEASURED IN PCT BY SIZE GROUP",PCT BY SIZE GROUP,0.0,
2024,YEAR,ALL PRODUCTION PRACTICES,SOUTH DAKOTA,SD,46,,,STATE,CORN,ALL CLASSES,GRAIN,AREA PLANTED,"CORN, GRAIN - AREA PLANTED, MEASURED IN PCT BY SIZE GROUP",PCT BY SIZE GROUP,0.0,
2023,YEAR,ALL PRODUCTION PRACTICES,SOUTH DAKOTA,SD,46,,,STATE,CORN,ALL CLASSES,GRAIN,AREA PLANTED,"CORN, GRAIN - AREA PLANTED, MEASURED IN PCT BY SIZE GROUP",PCT BY SIZE GROUP,2.0,
2022,YEAR,ALL PRODUCTION PRACTICES,SOUTH DAKOTA,SD,46,,,STATE,CORN,ALL CLASSES,GRAIN,AREA PLANTED,"CORN, GRAIN - AREA PLANTED, MEASURED IN PCT BY SIZE GROUP",PCT BY SIZE GROUP,2.1,
2021,YEAR,ALL PRODUCTION PRACTICES,SOUTH DAKOTA,SD,46,,,STATE,CORN,ALL CLASSES,GRAIN,AREA PLANTED,"CORN, GRAIN - AREA PLANTED, MEASURED IN PCT BY SIZE GROUP",PCT BY SIZE GROUP,5.5,
2025,YEAR,ALL PRODUCTION PRACTICES,WISCONSIN,WI,55,,,STATE,CORN,ALL CLASSES,GRAIN,AREA PLANTED,"CORN, GRAIN - AREA PLANTED, MEASURED IN PCT BY SIZE GROUP",PCT BY SIZE GROUP,1.8,
2024,YEAR,ALL PRODUCTION PRACTICES,WISCONSIN,WI,55,,,STATE,CORN,ALL CLASSES,GRAIN,AREA PLANTED,"CORN, GRAIN - AREA PLANTED, MEASURED IN PCT BY SIZE GROUP",PCT BY SIZE GROUP,0.0,
2023,YEAR,ALL PRODUCTION PRACTICES,WISCONSIN,WI,55,,,STATE,CORN,ALL CLASSES,GRAIN,AREA PLANTED,"CORN, GRAIN - AREA PLANTED, MEASURED IN PCT BY SIZE GROUP",PCT BY SIZE GROUP,0.0,
2022,YEAR,ALL PRODUCTION PRACTICES,WISCONSIN,WI,55,,,STATE,CORN,ALL CLASSES,GRAIN,AREA PLANTED,"CORN, GRAIN - AREA PLANTED, MEASURED IN PCT BY SIZE GROUP",PCT BY SIZE GROUP,1.4,
2021,YEAR,ALL PRODUCTION PRACTICES,WISCONSIN,WI,55,,,STATE,CORN,ALL CLASSES,GRAIN,AREA PLANTED,"CORN, GRAIN - AREA PLANTED, MEASURED IN PCT BY SIZE GROUP",PCT BY SIZE GROUP,4.5,
2025,YEAR,ALL PRODUCTION PRACTICES,ILLINOIS,IL,17,,,STATE,CORN,ALL CLASSES,GRAIN,AREA PLANTED,"CORN, GRAIN - AREA PLANTED, MEASURED IN PCT BY SIZE GROUP",PCT BY SIZE GROUP,0.0,
2024,YEAR,ALL PRODUCTION PRACTICES,ILLINOIS,IL,17,,,STATE,CORN,ALL CLASSES,GRAIN,AREA PLANTED,"CORN, GRAIN - AREA PLANTED, MEASURED IN PCT BY SIZE GROUP",PCT BY SIZE GROUP,0.0,
2023,YEAR,ALL PRODUCTION PRACTICES,ILLINOIS,IL,17,,,STATE,CORN,ALL CLASSES,GRAIN,AREA PLANTED,"CORN, GRAIN - AREA PLANTED, MEASURED IN PCT BY SIZE GROUP",PCT BY SIZE GROUP,0.0,
2022,YEAR,ALL PRODUCTION PRACTICES,ILLINOIS,IL,17,,,STATE,CORN,ALL CLASSES,GRAIN,AREA PLANTED,"CORN, GRAIN - AREA PLANTED, MEASURED IN PCT BY SIZE GROUP",PCT BY SIZE GROUP,0.0,
2021,YEAR,ALL PRODUCTION PRACTICES,ILLINOIS,IL,17,,,STATE,CORN,ALL CLASSES,GRAIN,AREA PLANTED,"CORN, GRAIN - AREA PLANTED, MEASURED IN PCT BY SIZE GROUP",PCT BY SIZE GROUP,0.0,
2025,YEAR,ALL PRODUCTION PRACTICES,INDIANA,IN,18,,,STATE,CORN,ALL CLASSES,GRAIN,AREA PLANTED,"CORN, GRAIN - AREA PLANTED, MEASURED IN PCT BY SIZE GROUP",PCT BY SIZE GROUP,0.0,
2024,YEAR,ALL PRODUCTION PRACTICES,INDIANA,IN,18,,,STATE,CORN,ALL CLASSES,GRAIN,AREA PLANTED,"CORN, GRAIN - AREA PLANTED, MEASURED IN PCT BY SIZE GROUP",PCT BY SIZE GROUP,1.6,
2023,YEAR,ALL PRODUCTION PRACTICES,INDIANA,IN,18,,,STATE,CORN,ALL CLASSES,GRAIN,AREA PLANTED,"CORN, GRAIN - AREA PLANTED, MEASURED IN PCT BY SIZE GROUP",PCT BY SIZE GROUP,0.0,
2022,YEAR,ALL PRODUCTION PRACTICES,INDIANA,IN,18,,,STATE,CORN,ALL CLASSES,GRAIN,AREA PLANTED,"CORN, GRAIN - AREA PLANTED, MEASURED IN PCT BY SIZE GROUP",PCT BY SIZE GROUP,0.0,
2021,YEAR,ALL PRODUCTION PRACTICES,INDIANA,IN,18,,,STATE,CORN,ALL CLASSES,GRAIN,AREA PLANTED,"CORN, GRAIN - AREA PLANTED, MEASURED IN PCT BY SIZE GROUP",PCT BY SIZE GROUP,0.0,
2025,YEAR,ALL PRODUCTION PRACTICES,IOWA,IA,19,,,STATE,CORN,ALL CLASSES,GRAIN,AREA PLANTED,"CORN, GRAIN - AREA PLANTED, MEASURED IN PCT BY SIZE GROUP",PCT BY SIZE GROUP,0.0,
2024,YEAR,ALL PRODUCTION PRACTICES,IOWA,IA,19,,,STATE,CORN,ALL CLASSES,GRAIN,AREA PLANTED,"CORN, GRAIN - AREA PLANTED, MEASURED IN PCT BY SIZE GROUP",PCT BY SIZE GROUP,0.0,
2023,YEAR,ALL PRODUCTION PRACTICES,IOWA,IA,19,,,STATE,CORN,ALL CLASSES,GRAIN,AREA PLANTED,"CORN, GRAIN - AREA PLANTED, MEASURED IN PCT BY SIZE GROUP",PCT BY SIZE GROUP,0.0,
2022,YEAR,ALL PRODUCTION PRACTICES,IOWA,IA,19,,,STATE,CORN,ALL CLASSES,GRAIN,AREA PLANTED,"CORN, GRAIN - AREA PLANTED, MEASURED IN PCT BY SIZE GROUP",PCT BY SIZE GROUP,0.0,
2021,YEAR,ALL PRODUCTION PRACTICES,IOWA,IA,19,,,STATE,CORN,ALL CLASSES,GRAIN,AREA PLANTED,"CORN, GRAIN - AREA PLANTED, MEASURED IN PCT BY SIZE GROUP",PCT BY SIZE GROUP,0.0,
2025,YEAR,ALL PRODUCTION PRACTICES,KANSAS,KS,20,,,STATE,CORN,ALL CLASSES,GRAIN,AREA PLANTED,"CORN, GRAIN - AREA PLANTED, MEASURED IN PCT BY SIZE GROUP",PCT BY SIZE GROUP,0.0,
2024,YEAR,ALL PRODUCTION PRACTICES,KANSAS,KS,20,,,STATE,CORN,ALL CLASSES,GRAIN,AREA PLANTED,"CORN, GRAIN - AREA PLANTED, MEASURED IN PCT BY SIZE GROUP",PCT BY SIZE GROUP,0.0,
2023,YEAR,ALL PRODUCTION PRACTICES,KANSAS,KS,20,,,STATE,CORN,ALL CLASSES,GRAIN,AREA PLANTED,"CORN, GRAIN - AREA PLANTED, MEASURED IN PCT BY SIZE GROUP",PCT BY SIZE GROUP,0.0,
2022,YEAR,ALL PRODUCTION PRACTICES,KANSAS,KS,20,,,STATE,CORN,ALL CLASSES,GRAIN,AREA PLANTED,"CORN, GRAIN - AREA PLANTED, MEASURED IN PCT BY SIZE GROUP",PCT BY SIZE GROUP,0.0,
2021,YEAR,ALL PRODUCTION PRACTICES,KANSAS,KS,20,,,STATE,CORN,ALL CLASSES,GRAIN,AREA PLANTED,"CORN, GRAIN - AREA PLANTED, MEASURED IN PCT BY SIZE GROUP",PCT BY SIZE GROUP,0.0,
2025,YEAR,ALL PRODUCTION PRACTICES,MINNESOTA,MN,27,,,STATE,CORN,ALL CLASSES,GRAIN,AREA PLANTED,"CORN, GRAIN - AREA PLANTED, MEASURED IN PCT BY SIZE GROUP",PCT BY SIZE GROUP,0.9,
2024,YEAR,ALL PRODUCTION PRACTICES,MINNESOTA,MN,27,,,STATE,CORN,ALL CLASSES,GRAIN,AREA PLANTED,"CORN, GRAIN - AREA PLANTED, MEASURED IN PCT BY SIZE GROUP",PCT BY SIZE GROUP,1.1,
2023,YEAR,ALL PRODUCTION PRACTICES,MINNESOTA,MN,27,,,STATE,CORN,ALL CLASSES,GRAIN,AREA PLANTED,"CORN, GRAIN - AREA PLANTED, MEASURED IN PCT BY SIZE GROUP",PCT BY SIZE GROUP,1.0,
2022,YEAR,ALL PRODUCTION PRACTICES,MINNESOTA,MN,27,,,STATE,CORN,ALL CLASSES,GRAIN,AREA PLANTED,"CORN, GRAIN - AREA PLANTED, MEASURED IN PCT BY SIZE GROUP",PCT BY SIZE GROUP,0.0,
2021,YEAR,ALL PRODUCTION PRACTICES,MINNESOTA,MN,27,,,STATE,CORN,ALL CLASSES,GRAIN,AREA PLANTED,"CORN, GRAIN - AREA PLANTED, MEASURED IN PCT BY SIZE GROUP",PCT BY SIZE GROUP,0.0,
2025,YEAR,ALL PRODUCTION PRACTICES,MISSOURI,MO,29,,,STATE,CORN,ALL CLASSES,GRAIN,AREA PLANTED,"CORN, GRAIN - AREA PLANTED, MEASURED IN PCT BY SIZE GROUP",PCT BY SIZE GROUP,2.2,
2024,YEAR,ALL PRODUCTION PRACTICES,MISSOURI,MO,29,,,STATE,CORN,ALL CLASSES,GRAIN,AREA PLANTED,"CORN, GRAIN - AREA PLANTED, MEASURED IN PCT BY SIZE GROUP",PCT BY SIZE GROUP,1.2,
2023,YEAR,ALL PRODUCTION PRACTICES,MISSOURI,MO,29,,,STATE,CORN,ALL CLASSES,GRAIN,AREA PLANTED,"CORN, GRAIN - AREA PLANTED, MEASURED IN PCT BY SIZE GROUP",PCT BY SIZE GROUP,0.0,
2022,YEAR,ALL PRODUCTION PRACTICES,MISSOURI,MO,29,,,STATE,CORN,ALL CLASSES,GRAIN,AREA PLANTED,"CORN, GRAIN - AREA PLANTED, MEASURED IN PCT BY SIZE GROUP",PCT BY SIZE GROUP,2.6,
2021,YEAR,ALL PRODUCTION PRACTICES,MISSOURI,MO,29,,,STATE,CORN,ALL CLASSES,GRAIN,AREA PLANTED,"CORN, GRAIN - AREA PLANTED, MEASURED IN PCT BY SIZE GROUP",PCT BY SIZE GROUP,0.0,
2025,YEAR,ALL PRODUCTION PRACTICES,NEBRASKA,NE,31,,,STATE,CORN,ALL CLASSES,GRAIN,AREA PLANTED,"CORN, GRAIN - AREA PLANTED, MEASURED IN PCT BY SIZE GROUP",PCT BY SIZE GROUP,0.0,
2024,YEAR,ALL PRODUCTION PRACTICES,NEBRASKA,NE,31,,,STATE,CORN,ALL CLASSES,GRAIN,AREA PLANTED,"CORN, GRAIN - AREA PLANTED, MEASURED IN PCT BY SIZE GROUP",PCT BY SIZE GROUP,0.0,
2023,YEAR,ALL PRODUCTION PRACTICES,NEBRASKA,NE,31,,,STATE,CORN,ALL CLASSES,GRAIN,AREA PLANTED,"CORN, GRAIN - AREA PLANTED, MEASURED IN PCT BY SIZE GROUP",PCT BY SIZE GROUP,0.0,
2022,YEAR,ALL PRODUCTION PRACTICES,NEBRASKA,NE,31,,,STATE,CORN,ALL CLASSES,GRAIN,AREA PLANTED,"CORN, GRAIN - AREA PLANTED, MEASURED IN PCT BY SIZE GROUP",PCT BY SIZE GROUP,0.0,
2021,YEAR,ALL PRODUCTION PRACTICES,NEBRASKA,NE,31,,,STATE,CORN,ALL CLASSES,GRAIN,AREA PLANTED,"CORN, GRAIN - AREA PLANTED, MEASURED IN PCT BY SIZE GROUP",PCT BY SIZE GROUP,0.0,
2025,YEAR,ALL PRODUCTION PRACTICES,OHIO,OH,39,,,STATE,CORN,ALL CLASSES,GRAIN,AREA PLANTED,"CORN, GRAIN - AREA PLANTED, MEASURED IN PCT BY SIZE GROUP",PCT BY SIZE GROUP,0.0,
2024,YEAR,ALL PRODUCTION PRACTICES,OHIO,OH,39,,,STATE,CORN,ALL CLASSES,GRAIN,AREA PLANTED,"CORN, GRAIN - AREA PLANTED, MEASURED IN PCT BY SIZE GROUP",PCT BY SIZE GROUP,0.0,
2023,YEAR,ALL PRODUCTION PRACTICES,OHIO,OH,39,,,STATE,CORN,ALL CLASSES,GRAIN,AREA PLANTED,"CORN, GRAIN - AREA PLANTED, MEASURED IN PCT BY SIZE GROUP",PCT BY SIZE GROUP,0.0,
2022,YEAR,ALL PRODUCTION PRACTICES,OHIO,OH,39,,,STATE,CORN,ALL CLASSES,GRAIN,AREA PLANTED,"CORN, GRAIN - AREA PLANTED, MEASURED IN PCT BY SIZE GROUP",PCT BY SIZE GROUP,0.0,
2021,YEAR,ALL PRODUCTION PRACTICES,OHIO,OH,39,,,STATE,CORN,ALL CLASSES,GRAIN,AREA PLANTED,"CORN, GRAIN - AREA PLANTED, MEASURED IN PCT BY SIZE GROUP",PCT BY SIZE GROUP,0.0,
2025,YEAR,ALL PRODUCTION PRACTICES,SOUTH DAKOTA,SD,46,,,STATE,CORN,ALL CLASSES,GRAIN,AREA PLANTED,"CORN, GRAIN - AREA PLANTED, MEASURED IN PCT BY SIZE GROUP",PCT BY SIZE GROUP,0.0,
2024,YEAR,ALL PRODUCTION PRACTICES,SOUTH DAKOTA,SD,46,,,STATE,CORN,ALL CLASSES,GRAIN,AREA PLANTED,"CORN, GRAIN - AREA PLANTED, MEASURED IN PCT BY SIZE GROUP",PCT BY SIZE GROUP,0.0,
2023,YEAR,ALL PRODUCTION PRACTICES,SOUTH DAKOTA,SD,46,,,STATE,CORN,ALL CLASSES,GRAIN,AREA PLANTED,"CORN, GRAIN - AREA PLANTED, MEASURED IN PCT BY SIZE GROUP",PCT BY SIZE GROUP,0.0,
2022,YEAR,ALL PRODUCTION PRACTICES,SOUTH DAKOTA,SD,46,,,STATE,CORN,ALL CLASSES,GRAIN,AREA PLANTED,"CORN, GRAIN - AREA PLANTED, MEASURED IN PCT BY SIZE GROUP",PCT BY SIZE GROUP,0.0,
2021,YEAR,ALL PRODUCTION PRACTICES,SOUTH DAKOTA,SD,46,,,STATE,CORN,ALL CLASSES,GRAIN,AREA PLANTED,"CORN, GRAIN - AREA PLANTED, MEASURED IN PCT BY SIZE GROUP",PCT BY SIZE GROUP,0.0,
2025,YEAR,ALL PRODUCTION PRACTICES,WISCONSIN,WI,55,,,STATE,CORN,ALL CLASSES,GRAIN,AREA PLANTED,"CORN, GRAIN - AREA PLANTED, MEASURED IN PCT BY SIZE GROUP",PCT BY SIZE GROUP,1.8,
2024,YEAR,ALL PRODUCTION PRACTICES,WISCONSIN,WI,55,,,STATE,CORN,ALL CLASSES,GRAIN,AREA PLANTED,"CORN, GRAIN - AREA PLANTED, MEASURED IN PCT BY SIZE GROUP",PCT BY SIZE GROUP,1.6,
2023,YEAR,ALL PRODUCTION PRACTICES,WISCONSIN,WI,55,,,STATE,CORN,ALL CLASSES,GRAIN,AREA PLANTED,"CORN, GRAIN - AREA PLANTED, MEASURED IN PCT BY SIZE GROUP",PCT BY SIZE GROUP,0.0,
2022,YEAR,ALL PRODUCTION PRACTICES,WISCONSIN,WI,55,,,STATE,CORN,ALL CLASSES,GRAIN,AREA PLANTED,"CORN, GRAIN - AREA PLANTED, MEASURED IN PCT BY SIZE GROUP",PCT BY SIZE GROUP,1.4,
2021,YEAR,ALL PRODUCTION PRACTICES,WISCONSIN,WI,55,,,STATE,CORN,ALL CLASSES,GRAIN,AREA PLANTED,"CORN, GRAIN - AREA PLANTED, MEASURED IN PCT BY SIZE GROUP",PCT BY SIZE GROUP,0.0,
2025,YEAR,ALL PRODUCTION PRACTICES,ILLINOIS,IL,17,,,STATE,CORN,ALL CLASSES,GRAIN,AREA PLANTED,"CORN, GRAIN - AREA PLANTED, MEASURED IN PCT BY SIZE GROUP",PCT BY SIZE GROUP,5.1,
2024,YEAR,ALL PRODUCTION PRACTICES,ILLINOIS,IL,17,,,STATE,CORN,ALL CLASSES,GRAIN,AREA PLANTED,"CORN, GRAIN - AREA PLANTED, MEASURED IN PCT BY SIZE GROUP",PCT BY SIZE GROUP,1.8,
2023,YEAR,ALL PRODUCTION PRACTICES,ILLINOIS,IL,17,,,STATE,CORN,ALL CLASSES,GRAIN,AREA PLANTED,"CORN, GRAIN - AREA PLANTED, MEASURED IN PCT BY SIZE GROUP",PCT BY SIZE GROUP,3.1,
2022,YEAR,ALL PRODUCTION PRACTICES,ILLINOIS,IL,17,,,STATE,CORN,ALL CLASSES,GRAIN,AREA PLANTED,"CORN, GRAIN - AREA PLANTED, MEASURED IN PCT BY SIZE GROUP",PCT BY SIZE GROUP,0.0,
2021,YEAR,ALL PRODUCTION PRACTICES,ILLINOIS,IL,17,,,STATE,CORN,ALL CLASSES,GRAIN,AREA PLANTED,"CORN, GRAIN - AREA PLANTED, MEASURED IN PCT BY SIZE GROUP",PCT BY SIZE GROUP,1.6,
2025,YEAR,ALL PRODUCTION PRACTICES,INDIANA,IN,18,,,STATE,CORN,ALL CLASSES,GRAIN,AREA PLANTED,"CORN, GRAIN - AREA PLANTED, MEASURED IN PCT BY SIZE GROUP",PCT BY SIZE GROUP,1.7,
2024,YEAR,ALL PRODUCTION PRACTICES,INDIANA,IN,18,,,STATE,CORN,ALL CLASSES,GRAIN,AREA PLANTED,"CORN, GRAIN - AREA PLANTED, MEASURED IN PCT BY SIZE GROUP",PCT BY SIZE GROUP,0.0,
2023,YEAR,ALL PRODUCTION PRACTICES,INDIANA,IN,18,,,STATE,CORN,ALL CLASSES,GRAIN,AREA PLANTED,"CORN, GRAIN - AREA PLANTED, MEASURED IN PCT BY SIZE GROUP",PCT BY SIZE GROUP,1.5,
2022,YEAR,ALL PRODUCTION PRACTICES,INDIANA,IN,18,,,STATE,CORN,ALL CLASSES,GRAIN,AREA PLANTED,"CORN, GRAIN - AREA PLANTED, MEASURED IN PCT BY SIZE GROUP",PCT BY SIZE GROUP,0.0,
2021,YEAR,ALL PRODUCTION PRACTICES,INDIANA,IN,18,,,STATE,CORN,ALL CLASSES,GRAIN,AREA PLANTED,"CORN, GRAIN - AREA PLANTED, MEASURED IN PCT BY SIZE GROUP",PCT BY SIZE GROUP,1.6,
2025,YEAR,ALL PRODUCTION PRACTICES,IOWA,IA,19,,,STATE,CORN,ALL CLASSES,GRAIN,AREA PLANTED,"CORN, GRAIN - AREA PLANTED, MEASURED IN PCT BY SIZE GROUP",PCT BY SIZE GROUP,2.4,
2024,YEAR,ALL PRODUCTION PRACTICES,IOWA,IA,19,,,STATE,CORN,ALL CLASSES,GRAIN,AREA PLANTED,"CORN, GRAIN - AREA PLANTED, MEASURED IN PCT BY SIZE GROUP",PCT BY SIZE GROUP,3.7,
2023,YEAR,ALL PRODUCTION PRACTICES,IOWA,IA,19,,,STATE,CORN,ALL CLASSES,GRAIN,AREA PLANTED,"CORN, GRAIN - AREA PLANTED, MEASURED IN PCT BY SIZE GROUP",PCT BY SIZE GROUP,1.3,
2022,YEAR,ALL PRODUCTION PRACTICES,IOWA,IA,19,,,STATE,CORN,ALL CLASSES,GRAIN,AREA PLANTED,"CORN, GRAIN - AREA PLANTED, MEASURED IN PCT BY SIZE GROUP",PCT BY SIZE GROUP,2.6,
2021,YEAR,ALL PRODUCTION PRACTICES,IOWA,IA,19,,,STATE,CORN,ALL CLASSES,GRAIN,AREA PLANTED,"CORN, GRAIN - AREA PLANTED, MEASURED IN PCT BY SIZE GROUP",PCT BY SIZE GROUP,3.9,
2025,YEAR,ALL PRODUCTION PRACTICES,KANSAS,KS,20,,,STATE,CORN,ALL CLASSES,GRAIN,AREA PLANTED,"CORN, GRAIN - AREA PLANTED, MEASURED IN PCT BY SIZE GROUP",PCT BY SIZE GROUP,3.6,
2024,YEAR,ALL PRODUCTION PRACTICES,KANSAS,KS,20,,,STATE,CORN,ALL CLASSES,GRAIN,AREA PLANTED,"CORN, GRAIN - AREA PLANTED, MEASURED IN PCT BY SIZE GROUP",PCT BY SIZE GROUP,0.0,
2023,YEAR,ALL PRODUCTION PRACTICES,KANSAS,KS,20,,,STATE,CORN,ALL CLASSES,GRAIN,AREA PLANTED,"CORN, GRAIN - AREA PLANTED, MEASURED IN PCT BY SIZE GROUP",PCT BY SIZE GROUP,2.5,
2022,YEAR,ALL PRODUCTION PRACTICES,KANSAS,KS,20,,,STATE,CORN,ALL CLASSES,GRAIN,AREA PLANTED,"CORN, GRAIN - AREA PLANTED, MEASURED IN PCT BY SIZE GROUP",PCT BY SIZE GROUP,4.1,
2021,YEAR,ALL PRODUCTION PRACTICES,KANSAS,KS,20,,,STATE,CORN,ALL CLASSES,GRAIN,AREA PLANTED,"CORN, GRAIN - AREA PLANTED, MEASURED IN PCT BY SIZE GROUP",PCT BY SIZE GROUP,3.0,
2025,YEAR,ALL PRODUCTION PRACTICES,MINNESOTA,MN,27,,,STATE,CORN,ALL CLASSES,GRAIN,AREA PLANTED,"CORN, GRAIN - AREA PLANTED, MEASURED IN PCT BY SIZE GROUP",PCT BY SIZE GROUP,5.2,
2024,YEAR,ALL PRODUCTION PRACTICES,MINNESOTA,MN,27,,,STATE,CORN,ALL CLASSES,GRAIN,AREA PLANTED,"CORN, GRAIN - AREA PLANTED, MEASURED IN PCT BY SIZE GROUP",PCT BY SIZE GROUP,3.4,
2023,YEAR,ALL PRODUCTION PRACTICES,MINNESOTA,MN,27,,,STATE,CORN,ALL CLASSES,GRAIN,AREA PLANTED,"CORN, GRAIN - AREA PLANTED, MEASURED IN PCT BY SIZE GROUP",PCT BY SIZE GROUP,4.9,
2022,YEAR,ALL PRODUCTION PRACTICES,MINNESOTA,MN,27,,,STATE,CORN,ALL CLASSES,GRAIN,AREA PLANTED,"CORN, GRAIN - AREA PLANTED, MEASURED IN PCT BY SIZE GROUP",PCT BY SIZE GROUP,0.0,
2021,YEAR,ALL PRODUCTION PRACTICES,MINNESOTA,MN,27,,,STATE,CORN,ALL CLASSES,GRAIN,AREA PLANTED,"CORN, GRAIN - AREA PLANTED, MEASURED IN PCT BY SIZE GROUP",PCT BY SIZE GROUP,3.3,
2025,YEAR,ALL PRODUCTION PRACTICES,MISSOURI,MO,29,,,STATE,CORN,ALL CLASSES,GRAIN,AREA PLANTED,"CORN, GRAIN - AREA PLANTED, MEASURED IN PCT BY SIZE GROUP",PCT BY SIZE GROUP,2.2,
2024,YEAR,ALL PRODUCTION PRACTICES,MISSOURI,MO,29,,,STATE,CORN,ALL CLASSES,GRAIN,AREA PLANTED,"CORN, GRAIN - AREA PLANTED, MEASURED IN PCT BY SIZE GROUP",PCT BY SIZE GROUP,2.4,
2023,YEAR,ALL PRODUCTION PRACTICES,MISSOURI,MO,29,,,STATE,CORN,ALL CLASSES,GRAIN,AREA PLANTED,"CORN, GRAIN - AREA PLANTED, MEASURED IN PCT BY SIZE GROUP",PCT BY SIZE GROUP,1.3,
2022,YEAR,ALL PRODUCTION PRACTICES,MISSOURI,MO,29,,,STATE,CORN,ALL CLASSES,GRAIN,AREA PLANTED,"CORN, GRAIN - AREA PLANTED, MEASURED IN PCT BY SIZE GROUP",PCT BY SIZE GROUP,3.8,
2021,YEAR,ALL PRODUCTION PRACTICES,MISSOURI,MO,29,,,STATE,CORN,ALL CLASSES,GRAIN,AREA PLANTED,"CORN, GRAIN - AREA PLANTED, MEASURED IN PCT BY SIZE GROUP",PCT BY SIZE GROUP,2.6,
2025,YEAR,ALL PRODUCTION PRACTICES,NEBRASKA,NE,31,,,STATE,CORN,ALL CLASSES,GRAIN,AREA PLANTED,"CORN, GRAIN - AREA PLANTED, MEASURED IN PCT BY SIZE GROUP",PCT BY SIZE GROUP,0.0,
2024,YEAR,ALL PRODUCTION PRACTICES,NEBRASKA,NE,31,,,STATE,CORN,ALL CLASSES,GRAIN,AREA PLANTED,"CORN, GRAIN - AREA PLANTED, MEASURED IN PCT BY SIZE GROUP",PCT BY SIZE GROUP,1.6,
2023,YEAR,ALL PRODUCTION PRACTICES,NEBRASKA,NE,31,,,STATE,CORN,ALL CLASSES,GRAIN,AREA PLANTED,"CORN, GRAIN - AREA PLANTED, MEASURED IN PCT BY SIZE GROUP",PCT BY SIZE GROUP,0.0,
2022,YEAR,ALL PRODUCTION PRACTICES,NEBRASKA,NE,31,,,STATE,CORN,ALL CLASSES,GRAIN,AREA PLANTED,"CORN, GRAIN - AREA PLANTED, MEASURED IN PCT BY SIZE GROUP",PCT BY SIZE GROUP,0.8,
2021,YEAR,ALL PRODUCTION PRACTICES,NEBRASKA,NE,31,,,STATE,CORN,ALL CLASSES,GRAIN,AREA PLANTED,"CORN, GRAIN - AREA PLANTED, MEASURED IN PCT BY SIZE GROUP",PCT BY SIZE GROUP,0.0,
2025,YEAR,ALL PRODUCTION PRACTICES,OHIO,OH,39,,,STATE,CORN,ALL CLASSES,GRAIN,AREA PLANTED,"CORN, GRAIN - AREA PLANTED, MEASURED IN PCT BY SIZE GROUP",PCT BY SIZE GROUP,2.9,
2024,YEAR,ALL PRODUCTION PRACTICES,OHIO,OH,39,,,STATE,CORN,ALL CLASSES,GRAIN,AREA PLANTED,"CORN, GRAIN - AREA PLANTED, MEASURED IN PCT BY SIZE GROUP",PCT BY SIZE GROUP,2.3,
2023,YEAR,ALL PRODUCTION PRACTICES,OHIO,OH,39,,,STATE,CORN,ALL CLASSES,GRAIN,AREA PLANTED,"CORN, GRAIN - AREA PLANTED, MEASURED IN PCT BY SIZE GROUP",PCT BY SIZE GROUP,3.9,
2022,YEAR,ALL PRODUCTION PRACTICES,OHIO,OH,39,,,STATE,CORN,ALL CLASSES,GRAIN,AREA PLANTED,"CORN, GRAIN - AREA PLANTED, MEASURED IN PCT BY SIZE GROUP",PCT BY SIZE GROUP,4.7,
2021,YEAR,ALL PRODUCTION PRACTICES,OHIO,OH,39,,,STATE,CORN,ALL CLASSES,GRAIN,AREA PLANTED,"CORN, GRAIN - AREA PLANTED, MEASURED IN PCT BY SIZE GROUP",PCT BY SIZE GROUP,3.4,
2025,YEAR,ALL PRODUCTION PRACTICES,SOUTH DAKOTA,SD,46,,,STATE,CORN,ALL CLASSES,GRAIN,AREA PLANTED,"CORN, GRAIN - AREA PLANTED, MEASURED IN PCT BY SIZE GROUP",PCT BY SIZE GROUP,8.0,
2024,YEAR,ALL PRODUCTION PRACTICES,SOUTH DAKOTA,SD,46,,,STATE,CORN,ALL CLASSES,GRAIN,AREA PLANTED,"CORN, GRAIN - AREA PLANTED, MEASURED IN PCT BY SIZE GROUP",PCT BY SIZE GROUP,7.7,
2023,YEAR,ALL PRODUCTION PRACTICES,SOUTH DAKOTA,SD,46,,,STATE,CORN,ALL CLASSES,GRAIN,AREA PLANTED,"CORN, GRAIN - AREA PLANTED, MEASURED IN PCT BY SIZE GROUP",PCT BY SIZE GROUP,4.0,
2022,YEAR,ALL PRODUCTION PRACTICES,SOUTH DAKOTA,SD,46,,,STATE,CORN,ALL CLASSES,GRAIN,AREA PLANTED,"CORN, GRAIN - AREA PLANTED, MEASURED IN PCT BY SIZE GROUP",PCT BY SIZE GROUP,6.3,
2021,YEAR,ALL PRODUCTION PRACTICES,SOUTH DAKOTA,SD,46,,,STATE,CORN,ALL CLASSES,GRAIN,AREA PLANTED,"CORN, GRAIN - AREA PLANTED, MEASURED IN PCT BY SIZE GROUP",PCT BY SIZE GROUP,1.8,
2025,YEAR,ALL PRODUCTION PRACTICES,WISCONSIN,WI,55,,,STATE,CORN,ALL CLASSES,GRAIN,AREA PLANTED,"CORN, GRAIN - AREA PLANTED, MEASURED IN PCT BY SIZE GROUP",PCT BY SIZE GROUP,1.8,
2024,YEAR,ALL PRODUCTION PRACTICES,WISCONSIN,WI,55,,,STATE,CORN,ALL CLASSES,GRAIN,AREA PLANTED,"CORN, GRAIN - AREA PLANTED, MEASURED IN PCT BY SIZE GROUP",PCT BY SIZE GROUP,0.0,
2023,YEAR,ALL PRODUCTION PRACTICES,WISCONSIN,WI,55,,,STATE,CORN,ALL CLASSES,GRAIN,AREA PLANTED,"CORN, GRAIN - AREA PLANTED, MEASURED IN PCT BY SIZE GROUP",PCT BY SIZE GROUP,0.0,
2022,YEAR,ALL PRODUCTION PRACTICES,WISCONSIN,WI,55,,,STATE,CORN,ALL CLASSES,GRAIN,AREA PLANTED,"CORN, GRAIN - AREA PLANTED, MEASURED IN PCT BY SIZE GROUP",PCT BY SIZE GROUP,0.0,
2021,YEAR,ALL PRODUCTION PRACTICES,WISCONSIN,WI,55,,,STATE,CORN,ALL CLASSES,GRAIN,AREA PLANTED,"CORN, GRAIN - AREA PLANTED, MEASURED IN PCT BY SIZE GROUP",PCT BY SIZE GROUP,0.0,
2025,YEAR,ALL PRODUCTION PRACTICES,OTHER STATES,OT,98,,,STATE,CORN,ALL CLASSES,GRAIN,AREA HARVESTED,"CORN, GRAIN - ACRES HARVESTED",ACRES,0,
2024,YEAR,ALL PRODUCTION PRACTICES,OTHER STATES,OT,98,,,STATE,CORN,ALL CLASSES,GRAIN,AREA HARVESTED,"CORN, GRAIN - ACRES HARVESTED",ACRES,0,
2023,YEAR,ALL PRODUCTION PRACTICES,OTHER STATES,OT,98,,,STATE,CORN,ALL CLASSES,GRAIN,AREA HARVESTED,"CORN, GRAIN - ACRES HARVESTED",ACRES,0,
2022,YEAR,ALL PRODUCTION PRACTICES,OTHER STATES,OT,98,,,STATE,CORN,ALL CLASSES,GRAIN,AREA HARVESTED,"CORN, GRAIN - ACRES HARVESTED",ACRES,0,
2021,YEAR,ALL PRODUCTION PRACTICES,OTHER STATES,OT,98,,,STATE,CORN,ALL CLASSES,GRAIN,AREA HARVESTED,"CORN, GRAIN - ACRES HARVESTED",ACRES,0,
2025,YEAR,ALL PRODUCTION PRACTICES,ALABAMA,AL,01,,,STATE,CORN,ALL CLASSES,GRAIN,AREA HARVESTED,"CORN, GRAIN - ACRES HARVESTED",ACRES,340000,
2024,YEAR,ALL PRODUCTION PRACTICES,ALABAMA,AL,01,,,STATE,CORN,ALL CLASSES,GRAIN,AREA HARVESTED,"CORN, GRAIN - ACRES HARVESTED",ACRES,270000,
2023,YEAR,ALL PRODUCTION PRACTICES,ALABAMA,AL,01,,,STATE,CORN,ALL CLASSES,GRAIN,AREA HARVESTED,"CORN, GRAIN - ACRES HARVESTED",ACRES,320000,
2022,YEAR,ALL PRODUCTION PRACTICES,ALABAMA,AL,01,,,STATE,CORN,ALL CLASSES,GRAIN,AREA HARVESTED,"CORN, GRAIN - ACRES HARVESTED",ACRES,290000,
2021,YEAR,ALL PRODUCTION PRACTICES,ALABAMA,AL,01,,,STATE,CORN,ALL CLASSES,GRAIN,AREA HARVESTED,"CORN, GRAIN - ACRES HARVESTED",ACRES,320000,
2025,YEAR,ALL PRODUCTION PRACTICES,ARIZONA,AZ,04,,,STATE,CORN,ALL CLASSES,GRAIN,AREA HARVESTED,"CORN, GRAIN - ACRES HARVESTED",ACRES,16000,
2024,YEAR,ALL PRODUCTION PRACTICES,ARIZONA,AZ,04,,,STATE,CORN,ALL CLASSES,GRAIN,AREA HARVESTED,"CORN, GRAIN - ACRES HARVESTED",ACRES,19000,
2023,YEAR,ALL PRODUCTION PRACTICES,ARIZONA,AZ,04,,,STATE,CORN,ALL CLASSES,GRAIN,AREA HARVESTED,"CORN, GRAIN - ACRES HARVESTED",ACRES,38000,
2022,YEAR,ALL PRODUCTION PRACTICES,ARIZONA,AZ,04,,,STATE,CORN,ALL CLASSES,GRAIN,AREA HARVESTED,"CORN, GRAIN - ACRES HARVESTED",ACRES,45000,
2021,YEAR,ALL PRODUCTION PRACTICES,ARIZONA,AZ,04,,,STATE,CORN,ALL CLASSES,GRAIN,AREA HARVESTED,"CORN, GRAIN - ACRES HARVESTED",ACRES,18000,
2025,YEAR,ALL PRODUCTION PRACTICES,ARKANSAS,AR,05,,,STATE,CORN,ALL CLASSES,GRAIN,AREA HARVESTED,"CORN, GRAIN - ACRES HARVESTED",ACRES,790000,
2024,YEAR,ALL PRODUCTION PRACTICES,ARKANSAS,AR,05,,,STATE,CORN,ALL CLASSES,GRAIN,AREA HARVESTED,"CORN, GRAIN - ACRES HARVESTED",ACRES,480000,
2023,YEAR,ALL PRODUCTION PRACTICES,ARKANSAS,AR,05,,,STATE,CORN,ALL CLASSES,GRAIN,AREA HARVESTED,"CORN, GRAIN - ACRES HARVESTED",ACRES,830000,
2022,YEAR,ALL PRODUCTION PRACTICES,ARKANSAS,AR,05,,,STATE,CORN,ALL CLASSES,GRAIN,AREA HARVESTED,"CORN, GRAIN - ACRES HARVESTED",ACRES,695000,
2021,YEAR,ALL PRODUCTION PRACTICES,ARKANSAS,AR,05,,,STATE,CORN,ALL CLASSES,GRAIN,AREA HARVESTED,"CORN, GRAIN - ACRES HARVESTED",ACRES,830000,
2025,YEAR,ALL PRODUCTION PRACTICES,CALIFORNIA,CA,06,,,STATE,CORN,ALL CLASSES,GRAIN,AREA HARVESTED,"CORN, GRAIN - ACRES HARVESTED",ACRES,50000,
2024,YEAR,ALL PRODUCTION PRACTICES,CALIFORNIA,CA,06,,,STATE,CORN,ALL CLASSES,GRAIN,AREA HARVESTED,"CORN, GRAIN - ACRES HARVESTED",ACRES,55000,
2023,YEAR,ALL PRODUCTION PRACTICES,CALIFORNIA,CA,06,,,STATE,CORN,ALL CLASSES,GRAIN,AREA HARVESTED,"CORN, GRAIN - ACRES HARVESTED",ACRES,40000,
2022,YEAR,ALL PRODUCTION PRACTICES,CALIFORNIA,CA,06,,,STATE,CORN,ALL CLASSES,GRAIN,AREA HARVESTED,"CORN, GRAIN - ACRES HARVESTED",ACRES,20000,
2021,YEAR,ALL PRODUCTION PRACTICES,CALIFORNIA,CA,06,,,STATE,CORN,ALL CLASSES,GRAIN,AREA HARVESTED,"CORN, GRAIN - ACRES HARVESTED",ACRES,50000,
2025,YEAR,ALL PRODUCTION PRACTICES,COLORADO,CO,08,,,STATE,CORN,ALL CLASSES,GRAIN,AREA HARVESTED,"CORN, GRAIN - ACRES HARVESTED",ACRES,1250000,
2024,YEAR,ALL PRODUCTION PRACTICES,COLORADO,CO,08,,,STATE,CORN,ALL CLASSES,GRAIN,AREA HARVESTED,"CORN, GRAIN - ACRES HARVESTED",ACRES,1180000,
2023,YEAR,ALL PRODUCTION PRACTICES,COLORADO,CO,08,,,STATE,CORN,ALL CLASSES,GRAIN,AREA HARVESTED,"CORN, GRAIN - ACRES HARVESTED",ACRES,1015000,
2022,YEAR,ALL PRODUCTION PRACTICES,COLORADO,CO,08,,,STATE,CORN,ALL CLASSES,GRAIN,AREA HARVESTED,"CORN, GRAIN - ACRES HARVESTED",ACRES,970000,
2021,YEAR,ALL PRODUCTION PRACTICES,COLORADO,CO,08,,,STATE,CORN,ALL CLASSES,GRAIN,AREA HARVESTED,"CORN, GRAIN - ACRES HARVESTED",ACRES,1140000,
2025,YEAR,ALL PRODUCTION PRACTICES,DELAWARE,DE,10,,,STATE,CORN,ALL CLASSES,GRAIN,AREA HARVESTED,"CORN, GRAIN - ACRES HARVESTED",ACRES,172000,
2024,YEAR,ALL PRODUCTION PRACTICES,DELAWARE,DE,10,,,STATE,CORN,ALL CLASSES,GRAIN,AREA HARVESTED,"CORN, GRAIN - ACRES HARVESTED",ACRES,161000,
2023,YEAR,ALL PRODUCTION PRACTICES,DELAWARE,DE,10,,,STATE,CORN,ALL CLASSES,GRAIN,AREA HARVESTED,"CORN, GRAIN - ACRES HARVESTED",ACRES,172000,
2022,YEAR,ALL PRODUCTION PRACTICES,DELAWARE,DE,10,,,STATE,CORN,ALL CLASSES,GRAIN,AREA HARVESTED,"CORN, GRAIN - ACRES HARVESTED",ACRES,156000,
2021,YEAR,ALL PRODUCTION PRACTICES,DELAWARE,DE,10,,,STATE,CORN,ALL CLASSES,GRAIN,AREA HARVESTED,"CORN, GRAIN - ACRES HARVESTED",ACRES,167000,
2025,YEAR,ALL PRODUCTION PRACTICES,FLORIDA,FL,12,,,STATE,CORN,ALL CLASSES,GRAIN,AREA HARVESTED,"CORN, GRAIN - ACRES HARVESTED",ACRES,57000,
2024,YEAR,ALL PRODUCTION PRACTICES,FLORIDA,FL,12,,,STATE,CORN,ALL CLASSES,GRAIN,AREA HARVESTED,"CORN, GRAIN - ACRES HARVESTED",ACRES,47000,
2023,YEAR,ALL PRODUCTION PRACTICES,FLORIDA,FL,12,,,STATE,CORN,ALL CLASSES,GRAIN,AREA HARVESTED,"CORN, GRAIN - ACRES HARVESTED",ACRES,62000,
2022,YEAR,ALL PRODUCTION PRACTICES,FLORIDA,FL,12,,,STATE,CORN,ALL CLASSES,GRAIN,AREA HARVESTED,"CORN, GRAIN - ACRES HARVESTED",ACRES,56000,
2021,YEAR,ALL PRODUCTION PRACTICES,FLORIDA,FL,12,,,STATE,CORN,ALL CLASSES,GRAIN,AREA HARVESTED,"CORN, GRAIN - ACRES HARVESTED",ACRES,66000,
2025,YEAR,ALL PRODUCTION PRACTICES,GEORGIA,GA,13,,,STATE,CORN,ALL CLASSES,GRAIN,AREA HARVESTED,"CORN, GRAIN - ACRES HARVESTED",ACRES,500000,
2024,YEAR,ALL PRODUCTION PRACTICES,GEORGIA,GA,13,,,STATE,CORN,ALL CLASSES,GRAIN,AREA HARVESTED,"CORN, GRAIN - ACRES HARVESTED",ACRES,305000,
2023,YEAR,ALL PRODUCTION PRACTICES,GEORGIA,GA,13,,,STATE,CORN,ALL CLASSES,GRAIN,AREA HARVESTED,"CORN, GRAIN - ACRES HARVESTED",ACRES,440000,
2022,YEAR,ALL PRODUCTION PRACTICES,GEORGIA,GA,13,,,STATE,CORN,ALL CLASSES,GRAIN,AREA HARVESTED,"CORN, GRAIN - ACRES HARVESTED",ACRES,375000,
2021,YEAR,ALL PRODUCTION PRACTICES,GEORGIA,GA,13,,,STATE,CORN,ALL CLASSES,GRAIN,AREA HARVESTED,"CORN, GRAIN - ACRES HARVESTED",ACRES,435000,
2025,YEAR,ALL PRODUCTION PRACTICES,IDAHO,ID,16,,,STATE,CORN,ALL CLASSES,GRAIN,AREA HARVESTED,"CORN, GRAIN - ACRES HARVESTED",ACRES,145000,
2024,YEAR,ALL PRODUCTION PRACTICES,IDAHO,ID,16,,,STATE,CORN,ALL CLASSES,GRAIN,AREA HARVESTED,"CORN, GRAIN - ACRES HARVESTED",ACRES,110000,
2023,YEAR,ALL PRODUCTION PRACTICES,IDAHO,ID,16,,,STATE,CORN,ALL CLASSES,GRAIN,AREA HARVESTED,"CORN, GRAIN - ACRES HARVESTED",ACRES,115000,
2022,YEAR,ALL PRODUCTION PRACTICES,IDAHO,ID,16,,,STATE,CORN,ALL CLASSES,GRAIN,AREA HARVESTED,"CORN, GRAIN - ACRES HARVESTED",ACRES,105000,
2021,YEAR,ALL PRODUCTION PRACTICES,IDAHO,ID,16,,,STATE,CORN,ALL CLASSES,GRAIN,AREA HARVESTED,"CORN, GRAIN - ACRES HARVESTED",ACRES,115000,
2025,YEAR,ALL PRODUCTION PRACTICES,ILLINOIS,IL,17,,,STATE,CORN,ALL CLASSES,GRAIN,AREA HARVESTED,"CORN, GRAIN - ACRES HARVESTED",ACRES,11000000,
2024,YEAR,ALL PRODUCTION PRACTICES,ILLINOIS,IL,17,,,STATE,CORN,ALL CLASSES,GRAIN,AREA HARVESTED,"CORN, GRAIN - ACRES HARVESTED",ACRES,10650000,
2023,YEAR,ALL PRODUCTION PRACTICES,ILLINOIS,IL,17,,,STATE,CORN,ALL CLASSES,GRAIN,AREA HARVESTED,"CORN, GRAIN - ACRES HARVESTED",ACRES,11050000,
2022,YEAR,ALL PRODUCTION PRACTICES,ILLINOIS,IL,17,,,STATE,CORN,ALL CLASSES,GRAIN,AREA HARVESTED,"CORN, GRAIN - ACRES HARVESTED",ACRES,10600000,
2021,YEAR,ALL PRODUCTION PRACTICES,ILLINOIS,IL,17,,,STATE,CORN,ALL CLASSES,GRAIN,AREA HARVESTED,"CORN, GRAIN - ACRES HARVESTED",ACRES,10850000,
2025,YEAR,ALL PRODUCTION PRACTICES,INDIANA,IN,18,,,STATE,CORN,ALL CLASSES,GRAIN,AREA HARVESTED,"CORN, GRAIN - ACRES HARVESTED",ACRES,5230000,
2024,YEAR,ALL PRODUCTION PRACTICES,INDIANA,IN,18,,,STATE,CORN,ALL CLASSES,GRAIN,AREA HARVESTED,"CORN, GRAIN - ACRES HARVESTED",ACRES,5050000,
2023,YEAR,ALL PRODUCTION PRACTICES,INDIANA,IN,18,,,STATE,CORN,ALL CLASSES,GRAIN,AREA HARVESTED,"CORN, GRAIN - ACRES HARVESTED",ACRES,5310000,
2022,YEAR,ALL PRODUCTION PRACTICES,INDIANA,IN,18,,,STATE,CORN,ALL CLASSES,GRAIN,AREA HARVESTED,"CORN, GRAIN - ACRES HARVESTED",ACRES,5130000,
2021,YEAR,ALL PRODUCTION PRACTICES,INDIANA,IN,18,,,STATE,CORN,ALL CLASSES,GRAIN,AREA HARVESTED,"CORN, GRAIN - ACRES HARVESTED",ACRES,5270000,
2025,YEAR,ALL PRODUCTION PRACTICES,IOWA,IA,19,,,STATE,CORN,ALL CLASSES,GRAIN,AREA HARVESTED,"CORN, GRAIN - ACRES HARVESTED",ACRES,13200000,
2024,YEAR,ALL PRODUCTION PRACTICES,IOWA,IA,19,,,STATE,CORN,ALL CLASSES,GRAIN,AREA HARVESTED,"CORN, GRAIN - ACRES HARVESTED",ACRES,12450000,
2023,YEAR,ALL PRODUCTION PRACTICES,IOWA,IA,19,,,STATE,CORN,ALL CLASSES,GRAIN,AREA HARVESTED,"CORN, GRAIN - ACRES HARVESTED",ACRES,12550000,
2022,YEAR,ALL PRODUCTION PRACTICES,IOWA,IA,19,,,STATE,CORN,ALL CLASSES,GRAIN,AREA HARVESTED,"CORN, GRAIN - ACRES HARVESTED",ACRES,12350000,
2021,YEAR,ALL PRODUCTION PRACTICES,IOWA,IA,19,,,STATE,CORN,ALL CLASSES,GRAIN,AREA HARVESTED,"CORN, GRAIN - ACRES HARVESTED",ACRES,12450000,
2025,YEAR,ALL PRODUCTION PRACTICES,KANSAS,KS,20,,,STATE,CORN,ALL CLASSES,GRAIN,AREA HARVESTED,"CORN, GRAIN - ACRES HARVESTED",ACRES,6500000,
2024,YEAR,ALL PRODUCTION PRACTICES,KANSAS,KS,20,,,STATE,CORN,ALL CLASSES,GRAIN,AREA HARVESTED,"CORN, GRAIN - ACRES HARVESTED",ACRES,5800000,
2023,YEAR,ALL PRODUCTION PRACTICES,KANSAS,KS,20,,,STATE,CORN,ALL CLASSES,GRAIN,AREA HARVESTED,"CORN, GRAIN - ACRES HARVESTED",ACRES,5150000,
2022,YEAR,ALL PRODUCTION PRACTICES,KANSAS,KS,20,,,STATE,CORN,ALL CLASSES,GRAIN,AREA HARVESTED,"CORN, GRAIN - ACRES HARVESTED",ACRES,4440000,
2021,YEAR,ALL PRODUCTION PRACTICES,KANSAS,KS,20,,,STATE,CORN,ALL CLASSES,GRAIN,AREA HARVESTED,"CORN, GRAIN - ACRES HARVESTED",ACRES,5400000,
2025,YEAR,ALL PRODUCTION PRACTICES,KENTUCKY,KY,21,,,STATE,CORN,ALL CLASSES,GRAIN,AREA HARVESTED,"CORN, GRAIN - ACRES HARVESTED",ACRES,1420000,
2024,YEAR,ALL PRODUCTION PRACTICES,KENTUCKY,KY,21,,,STATE,CORN,ALL CLASSES,GRAIN,AREA HARVESTED,"CORN, GRAIN - ACRES HARVESTED",ACRES,1280000,
2023,YEAR,ALL PRODUCTION PRACTICES,KENTUCKY,KY,21,,,STATE,CORN,ALL CLASSES,GRAIN,AREA HARVESTED,"CORN, GRAIN - ACRES HARVESTED",ACRES,1500000,
2022,YEAR,ALL PRODUCTION PRACTICES,KENTUCKY,KY,21,,,STATE,CORN,ALL CLASSES,GRAIN,AREA HARVESTED,"CORN, GRAIN - ACRES HARVESTED",ACRES,1330000,
2021,YEAR,ALL PRODUCTION PRACTICES,KENTUCKY,KY,21,,,STATE,CORN,ALL CLASSES,GRAIN,AREA HARVESTED,"CORN, GRAIN - ACRES HARVESTED",ACRES,1420000,
2025,YEAR,ALL PRODUCTION PRACTICES,LOUISIANA,LA,22,,,STATE,CORN,ALL CLASSES,GRAIN,AREA HARVESTED,"CORN, GRAIN - ACRES HARVESTED",ACRES,790000,
2024,YEAR,ALL PRODUCTION PRACTICES,LOUISIANA,LA,22,,,STATE,CORN,ALL CLASSES,GRAIN,AREA HARVESTED,"CORN, GRAIN - ACRES HARVESTED",ACRES,440000,
2023,YEAR,ALL PRODUCTION PRACTICES,LOUISIANA,LA,22,,,STATE,CORN,ALL CLASSES,GRAIN,AREA HARVESTED,"CORN, GRAIN - ACRES HARVESTED",ACRES,680000,
2022,YEAR,ALL PRODUCTION PRACTICES,LOUISIANA,LA,22,,,STATE,CORN,ALL CLASSES,GRAIN,AREA HARVESTED,"CORN, GRAIN - ACRES HARVESTED",ACRES,435000,
2021,YEAR,ALL PRODUCTION PRACTICES,LOUISIANA,LA,22,,,STATE,CORN,ALL CLASSES,GRAIN,AREA HARVESTED,"CORN, GRAIN - ACRES HARVESTED",ACRES,565000,
2025,YEAR,ALL PRODUCTION PRACTICES,MARYLAND,MD,24,,,STATE,CORN,ALL CLASSES,GRAIN,AREA HARVESTED,"CORN, GRAIN - ACRES HARVESTED",ACRES,410000,
2024,YEAR,ALL PRODUCTION PRACTICES,MARYLAND,MD,24,,,STATE,CORN,ALL CLASSES,GRAIN,AREA HARVESTED,"CORN, GRAIN - ACRES HARVESTED",ACRES,380000,
2023,YEAR,ALL PRODUCTION PRACTICES,MARYLAND,MD,24,,,STATE,CORN,ALL CLASSES,GRAIN,AREA HARVESTED,"CORN, GRAIN - ACRES HARVESTED",ACRES,440000,
2022,YEAR,ALL PRODUCTION PRACTICES,MARYLAND,MD,24,,,STATE,CORN,ALL CLASSES,GRAIN,AREA HARVESTED,"CORN, GRAIN - ACRES HARVESTED",ACRES,360000,
2021,YEAR,ALL PRODUCTION PRACTICES,MARYLAND,MD,24,,,STATE,CORN,ALL CLASSES,GRAIN,AREA HARVESTED,"CORN, GRAIN - ACRES HARVESTED",ACRES,415000,
2025,YEAR,ALL PRODUCTION PRACTICES,MICHIGAN,MI,26,,,STATE,CORN,ALL CLASSES,GRAIN,AREA HARVESTED,"CORN, GRAIN - ACRES HARVESTED",ACRES,1980000,
2024,YEAR,ALL PRODUCTION PRACTICES,MICHIGAN,MI,26,,,STATE,CORN,ALL CLASSES,GRAIN,AREA HARVESTED,"CORN, GRAIN - ACRES HARVESTED",ACRES,1950000,
2023,YEAR,ALL PRODUCTION PRACTICES,MICHIGAN,MI,26,,,STATE,CORN,ALL CLASSES,GRAIN,AREA HARVESTED,"CORN, GRAIN - ACRES HARVESTED",ACRES,2060000,
2022,YEAR,ALL PRODUCTION PRACTICES,MICHIGAN,MI,26,,,STATE,CORN,ALL CLASSES,GRAIN,AREA HARVESTED,"CORN, GRAIN - ACRES HARVESTED",ACRES,1940000,
2021,YEAR,ALL PRODUCTION PRACTICES,MICHIGAN,MI,26,,,STATE,CORN,ALL CLASSES,GRAIN,AREA HARVESTED,"CORN, GRAIN - ACRES HARVESTED",ACRES,1990000,
2025,YEAR,ALL PRODUCTION PRACTICES,MINNESOTA,MN,27,,,STATE,CORN,ALL CLASSES,GRAIN,AREA HARVESTED,"CORN, GRAIN - ACRES HARVESTED",ACRES,8450000,
2024,YEAR,ALL PRODUCTION PRACTICES,MINNESOTA,MN,27,,,STATE,CORN,ALL CLASSES,GRAIN,AREA HARVESTED,"CORN, GRAIN - ACRES HARVESTED",ACRES,7730000,
2023,YEAR,ALL PRODUCTION PRACTICES,MINNESOTA,MN,27,,,STATE,CORN,ALL CLASSES,GRAIN,AREA HARVESTED,"CORN, GRAIN - ACRES HARVESTED",ACRES,8180000,
2022,YEAR,ALL PRODUCTION PRACTICES,MINNESOTA,MN,27,,,STATE,CORN,ALL CLASSES,GRAIN,AREA HARVESTED,"CORN, GRAIN - ACRES HARVESTED",ACRES,7490000,
2021,YEAR,ALL PRODUCTION PRACTICES,MINNESOTA,MN,27,,,STATE,CORN,ALL CLASSES,GRAIN,AREA HARVESTED,"CORN, GRAIN - ACRES HARVESTED",ACRES,7790000,
2025,YEAR,ALL PRODUCTION PRACTICES,MISSISSIPPI,MS,28,,,STATE,CORN,ALL CLASSES,GRAIN,AREA HARVESTED,"CORN, GRAIN - ACRES HARVESTED",ACRES,870000,
2024,YEAR,ALL PRODUCTION PRACTICES,MISSISSIPPI,MS,28,,,STATE,CORN,ALL CLASSES,GRAIN,AREA HARVESTED,"CORN, GRAIN - ACRES HARVESTED",ACRES,470000,
2023,YEAR,ALL PRODUCTION PRACTICES,MISSISSIPPI,MS,28,,,STATE,CORN,ALL CLASSES,GRAIN,AREA HARVESTED,"CORN, GRAIN - ACRES HARVESTED",ACRES,770000,
2022,YEAR,ALL PRODUCTION PRACTICES,MISSISSIPPI,MS,28,,,STATE,CORN,ALL CLASSES,GRAIN,AREA HARVESTED,"CORN, GRAIN - ACRES HARVESTED",ACRES,565000,
2021,YEAR,ALL PRODUCTION PRACTICES,MISSISSIPPI,MS,28,,,STATE,CORN,ALL CLASSES,GRAIN,AREA HARVESTED,"CORN, GRAIN - ACRES HARVESTED",ACRES,700000,
2025,YEAR,ALL PRODUCTION PRACTICES,MISSOURI,MO,29,,,STATE,CORN,ALL CLASSES,GRAIN,AREA HARVESTED,"CORN, GRAIN - ACRES HARVESTED",ACRES,3660000,
2024,YEAR,ALL PRODUCTION PRACTICES,MISSOURI,MO,29,,,STATE,CORN,ALL CLASSES,GRAIN,AREA HARVESTED,"CORN, GRAIN - ACRES HARVESTED",ACRES,3350000,
2023,YEAR,ALL PRODUCTION PRACTICES,MISSOURI,MO,29,,,STATE,CORN,ALL CLASSES,GRAIN,AREA HARVESTED,"CORN, GRAIN - ACRES HARVESTED",ACRES,3670000,
2022,YEAR,ALL PRODUCTION PRACTICES,MISSOURI,MO,29,,,STATE,CORN,ALL CLASSES,GRAIN,AREA HARVESTED,"CORN, GRAIN - ACRES HARVESTED",ACRES,3110000,
2021,YEAR,ALL PRODUCTION PRACTICES,MISSOURI,MO,29,,,STATE,CORN,ALL CLASSES,GRAIN,AREA HARVESTED,"CORN, GRAIN - ACRES HARVESTED",ACRES,3430000,
2025,YEAR,ALL PRODUCTION PRACTICES,MONTANA,MT,30,,,STATE,CORN,ALL CLASSES,GRAIN,AREA HARVESTED,"CORN, GRAIN - ACRES HARVESTED",ACRES,75000,
2024,YEAR,ALL PRODUCTION PRACTICES,MONTANA,MT,30,,,STATE,CORN,ALL CLASSES,GRAIN,AREA HARVESTED,"CORN, GRAIN - ACRES HARVESTED",ACRES,77000,
2023,YEAR,ALL PRODUCTION PRACTICES,MONTANA,MT,30,,,STATE,CORN,ALL CLASSES,GRAIN,AREA HARVESTED,"CORN, GRAIN - ACRES HARVESTED",ACRES,68000,
2022,YEAR,ALL PRODUCTION PRACTICES,MONTANA,MT,30,,,STATE,CORN,ALL CLASSES,GRAIN,AREA HARVESTED,"CORN, GRAIN - ACRES HARVESTED",ACRES,69000,
2021,YEAR,ALL PRODUCTION PRACTICES,MONTANA,MT,30,,,STATE,CORN,ALL CLASSES,GRAIN,AREA HARVESTED,"CORN, GRAIN - ACRES HARVESTED",ACRES,60000,
2025,YEAR,ALL PRODUCTION PRACTICES,NEBRASKA,NE,31,,,STATE,CORN,ALL CLASSES,GRAIN,AREA HARVESTED,"CORN, GRAIN - ACRES HARVESTED",ACRES,10450000,
2024,YEAR,ALL PRODUCTION PRACTICES,NEBRASKA,NE,31,,,STATE,CORN,ALL CLASSES,GRAIN,AREA HARVESTED,"CORN, GRAIN - ACRES HARVESTED",ACRES,9590000,
2023,YEAR,ALL PRODUCTION PRACTICES,NEBRASKA,NE,31,,,STATE,CORN,ALL CLASSES,GRAIN,AREA HARVESTED,"CORN, GRAIN - ACRES HARVESTED",ACRES,9500000,
2022,YEAR,ALL PRODUCTION PRACTICES,NEBRASKA,NE,31,,,STATE,CORN,ALL CLASSES,GRAIN,AREA HARVESTED,"CORN, GRAIN - ACRES HARVESTED",ACRES,8820000,
2021,YEAR,ALL PRODUCTION PRACTICES,NEBRASKA,NE,31,,,STATE,CORN,ALL CLASSES,GRAIN,AREA HARVESTED,"CORN, GRAIN - ACRES HARVESTED",ACRES,9560000,
2025,YEAR,ALL PRODUCTION PRACTICES,NEW JERSEY,NJ,34,,,STATE,CORN,ALL CLASSES,GRAIN,AREA HARVESTED,"CORN, GRAIN - ACRES HARVESTED",ACRES,66000,
2024,YEAR,ALL PRODUCTION PRACTICES,NEW JERSEY,NJ,34,,,STATE,CORN,ALL CLASSES,GRAIN,AREA HARVESTED,"CORN, GRAIN - ACRES HARVESTED",ACRES,61000,
2023,YEAR,ALL PRODUCTION PRACTICES,NEW JERSEY,NJ,34,,,STATE,CORN,ALL CLASSES,GRAIN,AREA HARVESTED,"CORN, GRAIN - ACRES HARVESTED",ACRES,65000,
2022,YEAR,ALL PRODUCTION PRACTICES,NEW JERSEY,NJ,34,,,STATE,CORN,ALL CLASSES,GRAIN,AREA HARVESTED,"CORN, GRAIN - ACRES HARVESTED",ACRES,58000,
2021,YEAR,ALL PRODUCTION PRACTICES,NEW JERSEY,NJ,34,,,STATE,CORN,ALL CLASSES,GRAIN,AREA HARVESTED,"CORN, GRAIN - ACRES HARVESTED",ACRES,69000,
2025,YEAR,ALL PRODUCTION PRACTICES,NEW MEXICO,NM,35,,,STATE,CORN,ALL CLASSES,GRAIN,AREA HARVESTED,"CORN, GRAIN - ACRES HARVESTED",ACRES,44000,
2024,YEAR,ALL PRODUCTION PRACTICES,NEW MEXICO,NM,35,,,STATE,CORN,ALL CLASSES,GRAIN,AREA HARVESTED,"CORN, GRAIN - ACRES HARVESTED",ACRES,49000,
2023,YEAR,ALL PRODUCTION PRACTICES,NEW MEXICO,NM,35,,,STATE,CORN,ALL CLASSES,GRAIN,AREA HARVESTED,"CORN, GRAIN - ACRES HARVESTED",ACRES,47000,
2022,YEAR,ALL PRODUCTION PRACTICES,NEW MEXICO,NM,35,,,STATE,CORN,ALL CLASSES,GRAIN,AREA HARVESTED,"CORN, GRAIN - ACRES HARVESTED",ACRES,36000,
2021,YEAR,ALL PRODUCTION PRACTICES,NEW MEXICO,NM,35,,,STATE,CORN,ALL CLASSES,GRAIN,AREA HARVESTED,"CORN, GRAIN - ACRES HARVESTED",ACRES,39000,
2025,YEAR,ALL PRODUCTION PRACTICES,NEW YORK,NY,36,,,STATE,CORN,ALL CLASSES,GRAIN,AREA HARVESTED,"CORN, GRAIN - ACRES HARVESTED",ACRES,450000,
2024,YEAR,ALL PRODUCTION PRACTICES,NEW YORK,NY,36,,,STATE,CORN,ALL CLASSES,GRAIN,AREA HARVESTED,"CORN, GRAIN - ACRES HARVESTED",ACRES,555000,
2023,YEAR,ALL PRODUCTION PRACTICES,NEW YORK,NY,36,,,STATE,CORN,ALL CLASSES,GRAIN,AREA HARVESTED,"CORN, GRAIN - ACRES HARVESTED",ACRES,600000,
2022,YEAR,ALL PRODUCTION PRACTICES,NEW YORK,NY,36,,,STATE,CORN,ALL CLASSES,GRAIN,AREA HARVESTED,"CORN, GRAIN - ACRES HARVESTED",ACRES,565000,
2021,YEAR,ALL PRODUCTION PRACTICES,NEW YORK,NY,36,,,STATE,CORN,ALL CLASSES,GRAIN,AREA HARVESTED,"CORN, GRAIN - ACRES HARVESTED",ACRES,575000,
2025,YEAR,ALL PRODUCTION PRACTICES,NORTH CAROLINA,NC,37,,,STATE,CORN,ALL CLASSES,GRAIN,AREA HARVESTED,"CORN, GRAIN - ACRES HARVESTED",ACRES,910000,
2024,YEAR,ALL PRODUCTION PRACTICES,NORTH CAROLINA,NC,37,,,STATE,CORN,ALL CLASSES,GRAIN,AREA HARVESTED,"CORN, GRAIN - ACRES HARVESTED",ACRES,810000,
2023,YEAR,ALL PRODUCTION PRACTICES,NORTH CAROLINA,NC,37,,,STATE,CORN,ALL CLASSES,GRAIN,AREA HARVESTED,"CORN, GRAIN - ACRES HARVESTED",ACRES,900000,
2022,YEAR,ALL PRODUCTION PRACTICES,NORTH CAROLINA,NC,37,,,STATE,CORN,ALL CLASSES,GRAIN,AREA HARVESTED,"CORN, GRAIN - ACRES HARVESTED",ACRES,775000,
2021,YEAR,ALL PRODUCTION PRACTICES,NORTH CAROLINA,NC,37,,,STATE,CORN,ALL CLASSES,GRAIN,AREA HARVESTED,"CORN, GRAIN - ACRES HARVESTED",ACRES,905000,
2025,YEAR,ALL PRODUCTION PRACTICES,NORTH DAKOTA,ND,38,,,STATE,CORN,ALL CLASSES,GRAIN,AREA HARVESTED,"CORN, GRAIN - ACRES HARVESTED",ACRES,4500000,
2024,YEAR,ALL PRODUCTION PRACTICES,NORTH DAKOTA,ND,38,,,STATE,CORN,ALL CLASSES,GRAIN,AREA HARVESTED,"CORN, GRAIN - ACRES HARVESTED",ACRES,3640000,
2023,YEAR,ALL PRODUCTION PRACTICES,NORTH DAKOTA,ND,38,,,STATE,CORN,ALL CLASSES,GRAIN,AREA HARVESTED,"CORN, GRAIN - ACRES HARVESTED",ACRES,3800000,
2022,YEAR,ALL PRODUCTION PRACTICES,NORTH DAKOTA,ND,38,,,STATE,CORN,ALL CLASSES,GRAIN,AREA HARVESTED,"CORN, GRAIN - ACRES HARVESTED",ACRES,2650000,
2021,YEAR,ALL PRODUCTION PRACTICES,NORTH DAKOTA,ND,38,,,STATE,CORN,ALL CLASSES,GRAIN,AREA HARVESTED,"CORN, GRAIN - ACRES HARVESTED",ACRES,3630000,
2025,YEAR,ALL PRODUCTION PRACTICES,OHIO,OH,39,,,STATE,CORN,ALL CLASSES,GRAIN,AREA HARVESTED,"CORN, GRAIN - ACRES HARVESTED",ACRES,3160000,
2024,YEAR,ALL PRODUCTION PRACTICES,OHIO,OH,39,,,STATE,CORN,ALL CLASSES,GRAIN,AREA HARVESTED,"CORN, GRAIN - ACRES HARVESTED",ACRES,3200000,
2023,YEAR,ALL PRODUCTION PRACTICES,OHIO,OH,39,,,STATE,CORN,ALL CLASSES,GRAIN,AREA HARVESTED,"CORN, GRAIN - ACRES HARVESTED",ACRES,3400000,
2022,YEAR,ALL PRODUCTION PRACTICES,OHIO,OH,39,,,STATE,CORN,ALL CLASSES,GRAIN,AREA HARVESTED,"CORN, GRAIN - ACRES HARVESTED",ACRES,3180000,
2021,YEAR,ALL PRODUCTION PRACTICES,OHIO,OH,39,,,STATE,CORN,ALL CLASSES,GRAIN,AREA HARVESTED,"CORN, GRAIN - ACRES HARVESTED",ACRES,3340000,
2025,YEAR,ALL PRODUCTION PRACTICES,OKLAHOMA,OK,40,,,STATE,CORN,ALL CLASSES,GRAIN,AREA HARVESTED,"CORN, GRAIN - ACRES HARVESTED",ACRES,495000,
2024,YEAR,ALL PRODUCTION PRACTICES,OKLAHOMA,OK,40,,,STATE,CORN,ALL CLASSES,GRAIN,AREA HARVESTED,"CORN, GRAIN - ACRES HARVESTED",ACRES,410000,
2023,YEAR,ALL PRODUCTION PRACTICES,OKLAHOMA,OK,40,,,STATE,CORN,ALL CLASSES,GRAIN,AREA HARVESTED,"CORN, GRAIN - ACRES HARVESTED",ACRES,340000,
2022,YEAR,ALL PRODUCTION PRACTICES,OKLAHOMA,OK,40,,,STATE,CORN,ALL CLASSES,GRAIN,AREA HARVESTED,"CORN, GRAIN - ACRES HARVESTED",ACRES,200000,
2021,YEAR,ALL PRODUCTION PRACTICES,OKLAHOMA,OK,40,,,STATE,CORN,ALL CLASSES,GRAIN,AREA HARVESTED,"CORN, GRAIN - ACRES HARVESTED",ACRES,295000,
2025,YEAR,ALL PRODUCTION PRACTICES,OREGON,OR,41,,,STATE,CORN,ALL CLASSES,GRAIN,AREA HARVESTED,"CORN, GRAIN - ACRES HARVESTED",ACRES,75000,
2024,YEAR,ALL PRODUCTION PRACTICES,OREGON,OR,41,,,STATE,CORN,ALL CLASSES,GRAIN,AREA HARVESTED,"CORN, GRAIN - ACRES HARVESTED",ACRES,63000,
2023,YEAR,ALL PRODUCTION PRACTICES,OREGON,OR,41,,,STATE,CORN,ALL CLASSES,GRAIN,AREA HARVESTED,"CORN, GRAIN - ACRES HARVESTED",ACRES,55000,
2022,YEAR,ALL PRODUCTION PRACTICES,OREGON,OR,41,,,STATE,CORN,ALL CLASSES,GRAIN,AREA HARVESTED,"CORN, GRAIN - ACRES HARVESTED",ACRES,45000,
2021,YEAR,ALL PRODUCTION PRACTICES,OREGON,OR,41,,,STATE,CORN,ALL CLASSES,GRAIN,AREA HARVESTED,"CORN, GRAIN - ACRES HARVESTED",ACRES,55000,
2025,YEAR,ALL PRODUCTION PRACTICES,PENNSYLVANIA,PA,42,,,STATE,CORN,ALL CLASSES,GRAIN,AREA HARVESTED,"CORN, GRAIN - ACRES HARVESTED",ACRES,680000,
2024,YEAR,ALL PRODUCTION PRACTICES,PENNSYLVANIA,PA,42,,,STATE,CORN,ALL CLASSES,GRAIN,AREA HARVESTED,"CORN, GRAIN - ACRES HARVESTED",ACRES,700000,
2023,YEAR,ALL PRODUCTION PRACTICES,PENNSYLVANIA,PA,42,,,STATE,CORN,ALL CLASSES,GRAIN,AREA HARVESTED,"CORN, GRAIN - ACRES HARVESTED",ACRES,680000,
2022,YEAR,ALL PRODUCTION PRACTICES,PENNSYLVANIA,PA,42,,,STATE,CORN,ALL CLASSES,GRAIN,AREA HARVESTED,"CORN, GRAIN - ACRES HARVESTED",ACRES,645000,
2021,YEAR,ALL PRODUCTION PRACTICES,PENNSYLVANIA,PA,42,,,STATE,CORN,ALL CLASSES,GRAIN,AREA HARVESTED,"CORN, GRAIN - ACRES HARVESTED",ACRES,850000,
2025,YEAR,ALL PRODUCTION PRACTICES,SOUTH CAROLINA,SC,45,,,STATE,CORN,ALL CLASSES,GRAIN,AREA HARVESTED,"CORN, GRAIN - ACRES HARVESTED",ACRES,370000,
2024,YEAR,ALL PRODUCTION PRACTICES,SOUTH CAROLINA,SC,45,,,STATE,CORN,ALL CLASSES,GRAIN,AREA HARVESTED,"CORN, GRAIN - ACRES HARVESTED",ACRES,305000,
2023,YEAR,ALL PRODUCTION PRACTICES,SOUTH CAROLINA,SC,45,,,STATE,CORN,ALL CLASSES,GRAIN,AREA HARVESTED,"CORN, GRAIN - ACRES HARVESTED",ACRES,350000,
2022,YEAR,ALL PRODUCTION PRACTICES,SOUTH CAROLINA,SC,45,,,STATE,CORN,ALL CLASSES,GRAIN,AREA HARVESTED,"CORN, GRAIN - ACRES HARVESTED",ACRES,300000,
2021,YEAR,ALL PRODUCTION PRACTICES,SOUTH CAROLINA,SC,45,,,STATE,CORN,ALL CLASSES,GRAIN,AREA HARVESTED,"CORN, GRAIN - ACRES HARVESTED",ACRES,370000,
2025,YEAR,ALL PRODUCTION PRACTICES,SOUTH DAKOTA,SD,46,,,STATE,CORN,ALL CLASSES,GRAIN,AREA HARVESTED,"CORN, GRAIN - ACRES HARVESTED",ACRES,6350000,
2024,YEAR,ALL PRODUCTION PRACTICES,SOUTH DAKOTA,SD,46,,,STATE,CORN,ALL CLASSES,GRAIN,AREA HARVESTED,"CORN, GRAIN - ACRES HARVESTED",ACRES,5390000,
2023,YEAR,ALL PRODUCTION PRACTICES,SOUTH DAKOTA,SD,46,,,STATE,CORN,ALL CLASSES,GRAIN,AREA HARVESTED,"CORN, GRAIN - ACRES HARVESTED",ACRES,5620000,
2022,YEAR,ALL PRODUCTION PRACTICES,SOUTH DAKOTA,SD,46,,,STATE,CORN,ALL CLASSES,GRAIN,AREA HARVESTED,"CORN, GRAIN - ACRES HARVESTED",ACRES,5010000,
2021,YEAR,ALL PRODUCTION PRACTICES,SOUTH DAKOTA,SD,46,,,STATE,CORN,ALL CLASSES,GRAIN,AREA HARVESTED,"CORN, GRAIN - ACRES HARVESTED",ACRES,5480000,
2025,YEAR,ALL PRODUCTION PRACTICES,TENNESSEE,TN,47,,,STATE,CORN,ALL CLASSES,GRAIN,AREA HARVESTED,"CORN, GRAIN - ACRES HARVESTED",ACRES,865000,
2024,YEAR,ALL PRODUCTION PRACTICES,TENNESSEE,TN,47,,,STATE,CORN,ALL CLASSES,GRAIN,AREA HARVESTED,"CORN, GRAIN - ACRES HARVESTED",ACRES,660000,
2023,YEAR,ALL PRODUCTION PRACTICES,TENNESSEE,TN,47,,,STATE,CORN,ALL CLASSES,GRAIN,AREA HARVESTED,"CORN, GRAIN - ACRES HARVESTED",ACRES,890000,
2022,YEAR,ALL PRODUCTION PRACTICES,TENNESSEE,TN,47,,,STATE,CORN,ALL CLASSES,GRAIN,AREA HARVESTED,"CORN, GRAIN - ACRES HARVESTED",ACRES,785000,
2021,YEAR,ALL PRODUCTION PRACTICES,TENNESSEE,TN,47,,,STATE,CORN,ALL CLASSES,GRAIN,AREA HARVESTED,"CORN, GRAIN - ACRES HARVESTED",ACRES,930000,
2025,YEAR,ALL PRODUCTION PRACTICES,TEXAS,TX,48,,,STATE,CORN,ALL CLASSES,GRAIN,AREA HARVESTED,"CORN, GRAIN - ACRES HARVESTED",ACRES,2140000,
2024,YEAR,ALL PRODUCTION PRACTICES,TEXAS,TX,48,,,STATE,CORN,ALL CLASSES,GRAIN,AREA HARVESTED,"CORN, GRAIN - ACRES HARVESTED",ACRES,1890000,
2023,YEAR,ALL PRODUCTION PRACTICES,TEXAS,TX,48,,,STATE,CORN,ALL CLASSES,GRAIN,AREA HARVESTED,"CORN, GRAIN - ACRES HARVESTED",ACRES,2100000,
2022,YEAR,ALL PRODUCTION PRACTICES,TEXAS,TX,48,,,STATE,CORN,ALL CLASSES,GRAIN,AREA HARVESTED,"CORN, GRAIN - ACRES HARVESTED",ACRES,1610000,
2021,YEAR,ALL PRODUCTION PRACTICES,TEXAS,TX,48,,,STATE,CORN,ALL CLASSES,GRAIN,AREA HARVESTED,"CORN, GRAIN - ACRES HARVESTED",ACRES,1850000,
2025,YEAR,ALL PRODUCTION PRACTICES,UTAH,UT,49,,,STATE,CORN,ALL CLASSES,GRAIN,AREA HARVESTED,"CORN, GRAIN - ACRES HARVESTED",ACRES,33000,
2024,YEAR,ALL PRODUCTION PRACTICES,UTAH,UT,49,,,STATE,CORN,ALL CLASSES,GRAIN,AREA HARVESTED,"CORN, GRAIN - ACRES HARVESTED",ACRES,27000,
2023,YEAR,ALL PRODUCTION PRACTICES,UTAH,UT,49,,,STATE,CORN,ALL CLASSES,GRAIN,AREA HARVESTED,"CORN, GRAIN - ACRES HARVESTED",ACRES,27000,
2022,YEAR,ALL PRODUCTION PRACTICES,UTAH,UT,49,,,STATE,CORN,ALL CLASSES,GRAIN,AREA HARVESTED,"CORN, GRAIN - ACRES HARVESTED",ACRES,14000,
2021,YEAR,ALL PRODUCTION PRACTICES,UTAH,UT,49,,,STATE,CORN,ALL CLASSES,GRAIN,AREA HARVESTED,"CORN, GRAIN - ACRES HARVESTED",ACRES,17000,
2025,YEAR,ALL PRODUCTION PRACTICES,VIRGINIA,VA,51,,,STATE,CORN,ALL CLASSES,GRAIN,AREA HARVESTED,"CORN, GRAIN - ACRES HARVESTED",ACRES,350000,
2024,YEAR,ALL PRODUCTION PRACTICES,VIRGINIA,VA,51,,,STATE,CORN,ALL CLASSES,GRAIN,AREA HARVESTED,"CORN, GRAIN - ACRES HARVESTED",ACRES,290000,
2023,YEAR,ALL PRODUCTION PRACTICES,VIRGINIA,VA,51,,,STATE,CORN,ALL CLASSES,GRAIN,AREA HARVESTED,"CORN, GRAIN - ACRES HARVESTED",ACRES,370000,
2022,YEAR,ALL PRODUCTION PRACTICES,VIRGINIA,VA,51,,,STATE,CORN,ALL CLASSES,GRAIN,AREA HARVESTED,"CORN, GRAIN - ACRES HARVESTED",ACRES,325000,
2021,YEAR,ALL PRODUCTION PRACTICES,VIRGINIA,VA,51,,,STATE,CORN,ALL CLASSES,GRAIN,AREA HARVESTED,"CORN, GRAIN - ACRES HARVESTED",ACRES,345000,
2025,YEAR,ALL PRODUCTION PRACTICES,WASHINGTON,WA,53,,,STATE,CORN,ALL CLASSES,GRAIN,AREA HARVESTED,"CORN, GRAIN - ACRES HARVESTED",ACRES,110000,
2024,YEAR,ALL PRODUCTION PRACTICES,WASHINGTON,WA,53,,,STATE,CORN,ALL CLASSES,GRAIN,AREA HARVESTED,"CORN, GRAIN - ACRES HARVESTED",ACRES,103000,
2023,YEAR,ALL PRODUCTION PRACTICES,WASHINGTON,WA,53,,,STATE,CORN,ALL CLASSES,GRAIN,AREA HARVESTED,"CORN, GRAIN - ACRES HARVESTED",ACRES,75000,
2022,YEAR,ALL PRODUCTION PRACTICES,WASHINGTON,WA,53,,,STATE,CORN,ALL CLASSES,GRAIN,AREA HARVESTED,"CORN, GRAIN - ACRES HARVESTED",ACRES,80000,
2021,YEAR,ALL PRODUCTION PRACTICES,WASHINGTON,WA,53,,,STATE,CORN,ALL CLASSES,GRAIN,AREA HARVESTED,"CORN, GRAIN - ACRES HARVESTED",ACRES,85000,
2025,YEAR,ALL PRODUCTION PRACTICES,WEST VIRGINIA,WV,54,,,STATE,CORN,ALL CLASSES,GRAIN,AREA HARVESTED,"CORN, GRAIN - ACRES HARVESTED",ACRES,30000,
2024,YEAR,ALL PRODUCTION PRACTICES,WEST VIRGINIA,WV,54,,,STATE,CORN,ALL CLASSES,GRAIN,AREA HARVESTED,"CORN, GRAIN - ACRES HARVESTED",ACRES,24000,
2023,YEAR,ALL PRODUCTION PRACTICES,WEST VIRGINIA,WV,54,,,STATE,CORN,ALL CLASSES,GRAIN,AREA HARVESTED,"CORN, GRAIN - ACRES HARVESTED",ACRES,30000,
2022,YEAR,ALL PRODUCTION PRACTICES,WEST VIRGINIA,WV,54,,,STATE,CORN,ALL CLASSES,GRAIN,AREA HARVESTED,"CORN, GRAIN - ACRES HARVESTED",ACRES,30000,
2021,YEAR,ALL PRODUCTION PRACTICES,WEST VIRGINIA,WV,54,,,STATE,CORN,ALL CLASSES,GRAIN,AREA HARVESTED,"CORN, GRAIN - ACRES HARVESTED",ACRES,33000,
2025,YEAR,ALL PRODUCTION PRACTICES,WISCONSIN,WI,55,,,STATE,CORN,ALL CLASSES,GRAIN,AREA HARVESTED,"CORN, GRAIN - ACRES HARVESTED",ACRES,3220000,
2024,YEAR,ALL PRODUCTION PRACTICES,WISCONSIN,WI,55,,,STATE,CORN,ALL CLASSES,GRAIN,AREA HARVESTED,"CORN, GRAIN - ACRES HARVESTED",ACRES,2960000,
2023,YEAR,ALL PRODUCTION PRACTICES,WISCONSIN,WI,55,,,STATE,CORN,ALL CLASSES,GRAIN,AREA HARVESTED,"CORN, GRAIN - ACRES HARVESTED",ACRES,3140000,
2022,YEAR,ALL PRODUCTION PRACTICES,WISCONSIN,WI,55,,,STATE,CORN,ALL CLASSES,GRAIN,AREA HARVESTED,"CORN, GRAIN - ACRES HARVESTED",ACRES,2990000,
2021,YEAR,ALL PRODUCTION PRACTICES,WISCONSIN,WI,55,,,STATE,CORN,ALL CLASSES,GRAIN,AREA HARVESTED,"CORN, GRAIN - ACRES HARVESTED",ACRES,3000000,
2025,YEAR,ALL PRODUCTION PRACTICES,WYOMING,WY,56,,,STATE,CORN,ALL CLASSES,GRAIN,AREA HARVESTED,"CORN, GRAIN - ACRES HARVESTED",ACRES,55000,
2024,YEAR,ALL PRODUCTION PRACTICES,WYOMING,WY,56,,,STATE,CORN,ALL CLASSES,GRAIN,AREA HARVESTED,"CORN, GRAIN - ACRES HARVESTED",ACRES,65000,
2023,YEAR,ALL PRODUCTION PRACTICES,WYOMING,WY,56,,,STATE,CORN,ALL CLASSES,GRAIN,AREA HARVESTED,"CORN, GRAIN - ACRES HARVESTED",ACRES,57000,
2022,YEAR,ALL PRODUCTION PRACTICES,WYOMING,WY,56,,,STATE,CORN,ALL CLASSES,GRAIN,AREA HARVESTED,"CORN, GRAIN - ACRES HARVESTED",ACRES,56000,
2021,YEAR,ALL PRODUCTION PRACTICES,WYOMING,WY,56,,,STATE,CORN,ALL CLASSES,GRAIN,AREA HARVESTED,"CORN, GRAIN - ACRES HARVESTED",ACRES,79000,
2021,YEAR,ALL PRODUCTION PRACTICES,OTHER STATES,OT,98,,,STATE,CORN,ALL CLASSES,SILAGE,AREA HARVESTED,"CORN, SILAGE - ACRES HARVESTED",ACRES,0,
2025,YEAR,ALL PRODUCTION PRACTICES,ALABAMA,AL,01,,,STATE,CORN,ALL CLASSES,SILAGE,AREA HARVESTED,"CORN, SILAGE - ACRES HARVESTED",ACRES,4000,
2024,YEAR,ALL PRODUCTION PRACTICES,ALABAMA,AL,01,,,STATE,CORN,ALL CLASSES,SILAGE,AREA HARVESTED,"CORN, SILAGE - ACRES HARVESTED",ACRES,4000,
2023,YEAR,ALL PRODUCTION PRACTICES,ALABAMA,AL,01,,,STATE,CORN,ALL CLASSES,SILAGE,AREA HARVESTED,"CORN, SILAGE - ACRES HARVESTED",ACRES,4000,
2022,YEAR,ALL PRODUCTION PRACTICES,ALABAMA,AL,01,,,STATE,CORN,ALL CLASSES,SILAGE,AREA HARVESTED,"CORN, SILAGE - ACRES HARVESTED",ACRES,4000,
2021,YEAR,ALL PRODUCTION PRACTICES,ALABAMA,AL,01,,,STATE,CORN,ALL CLASSES,SILAGE,AREA HARVESTED,"CORN, SILAGE - ACRES HARVESTED",ACRES,5000,
2025,YEAR,ALL PRODUCTION PRACTICES,ARIZONA,AZ,04,,,STATE,CORN,ALL CLASSES,SILAGE,AREA HARVESTED,"CORN, SILAGE - ACRES HARVESTED",ACRES,48000,
2024,YEAR,ALL PRODUCTION PRACTICES,ARIZONA,AZ,04,,,STATE,CORN,ALL CLASSES,SILAGE,AREA HARVESTED,"CORN, SILAGE - ACRES HARVESTED",ACRES,50000,
2023,YEAR,ALL PRODUCTION PRACTICES,ARIZONA,AZ,04,,,STATE,CORN,ALL CLASSES,SILAGE,AREA HARVESTED,"CORN, SILAGE - ACRES HARVESTED",ACRES,66000,
2022,YEAR,ALL PRODUCTION PRACTICES,ARIZONA,AZ,04,,,STATE,CORN,ALL CLASSES,SILAGE,AREA HARVESTED,"CORN, SILAGE - ACRES HARVESTED",ACRES,44000,
2021,YEAR,ALL PRODUCTION PRACTICES,ARIZONA,AZ,04,,,STATE,CORN,ALL CLASSES,SILAGE,AREA HARVESTED,"CORN, SILAGE - ACRES HARVESTED",ACRES,76000,
2025,YEAR,ALL PRODUCTION PRACTICES,ARKANSAS,AR,05,,,STATE,CORN,ALL CLASSES,SILAGE,AREA HARVESTED,"CORN, SILAGE - ACRES HARVESTED",ACRES,3000,
2024,YEAR,ALL PRODUCTION PRACTICES,ARKANSAS,AR,05,,,STATE,CORN,ALL CLASSES,SILAGE,AREA HARVESTED,"CORN, SILAGE - ACRES HARVESTED",ACRES,5000,
2023,YEAR,ALL PRODUCTION PRACTICES,ARKANSAS,AR,05,,,STATE,CORN,ALL CLASSES,SILAGE,AREA HARVESTED,"CORN, SILAGE - ACRES HARVESTED",ACRES,5000,
2022,YEAR,ALL PRODUCTION PRACTICES,ARKANSAS,AR,05,,,STATE,CORN,ALL CLASSES,SILAGE,AREA HARVESTED,"CORN, SILAGE - ACRES HARVESTED",ACRES,5000,
2021,YEAR,ALL PRODUCTION PRACTICES,ARKANSAS,AR,05,,,STATE,CORN,ALL CLASSES,SILAGE,AREA HARVESTED,"CORN, SILAGE - ACRES HARVESTED",ACRES,5000,
2025,YEAR,ALL PRODUCTION PRACTICES,CALIFORNIA,CA,06,,,STATE,CORN,ALL CLASSES,SILAGE,AREA HARVESTED,"CORN, SILAGE - ACRES HARVESTED",ACRES,365000,
2024,YEAR,ALL PRODUCTION PRACTICES,CALIFORNIA,CA,06,,,STATE,CORN,ALL CLASSES,SILAGE,AREA HARVESTED,"CORN, SILAGE - ACRES HARVESTED",ACRES,380000,
2023,YEAR,ALL PRODUCTION PRACTICES,CALIFORNIA,CA,06,,,STATE,CORN,ALL CLASSES,SILAGE,AREA HARVESTED,"CORN, SILAGE - ACRES HARVESTED",ACRES,350000,
2022,YEAR,ALL PRODUCTION PRACTICES,CALIFORNIA,CA,06,,,STATE,CORN,ALL CLASSES,SILAGE,AREA HARVESTED,"CORN, SILAGE - ACRES HARVESTED",ACRES,335000,
2021,YEAR,ALL PRODUCTION PRACTICES,CALIFORNIA,CA,06,,,STATE,CORN,ALL CLASSES,SILAGE,AREA HARVESTED,"CORN, SILAGE - ACRES HARVESTED",ACRES,345000,
2025,YEAR,ALL PRODUCTION PRACTICES,COLORADO,CO,08,,,STATE,CORN,ALL CLASSES,SILAGE,AREA HARVESTED,"CORN, SILAGE - ACRES HARVESTED",ACRES,200000,
2024,YEAR,ALL PRODUCTION PRACTICES,COLORADO,CO,08,,,STATE,CORN,ALL CLASSES,SILAGE,AREA HARVESTED,"CORN, SILAGE - ACRES HARVESTED",ACRES,200000,
2023,YEAR,ALL PRODUCTION PRACTICES,COLORADO,CO,08,,,STATE,CORN,ALL CLASSES,SILAGE,AREA HARVESTED,"CORN, SILAGE - ACRES HARVESTED",ACRES,235000,
2022,YEAR,ALL PRODUCTION PRACTICES,COLORADO,CO,08,,,STATE,CORN,ALL CLASSES,SILAGE,AREA HARVESTED,"CORN, SILAGE - ACRES HARVESTED",ACRES,190000,
2021,YEAR,ALL PRODUCTION PRACTICES,COLORADO,CO,08,,,STATE,CORN,ALL CLASSES,SILAGE,AREA HARVESTED,"CORN, SILAGE - ACRES HARVESTED",ACRES,180000,
2025,YEAR,ALL PRODUCTION PRACTICES,CONNECTICUT,CT,09,,,STATE,CORN,ALL CLASSES,SILAGE,AREA HARVESTED,"CORN, SILAGE - ACRES HARVESTED",ACRES,19000,
2024,YEAR,ALL PRODUCTION PRACTICES,CONNECTICUT,CT,09,,,STATE,CORN,ALL CLASSES,SILAGE,AREA HARVESTED,"CORN, SILAGE - ACRES HARVESTED",ACRES,20000,
2023,YEAR,ALL PRODUCTION PRACTICES,CONNECTICUT,CT,09,,,STATE,CORN,ALL CLASSES,SILAGE,AREA HARVESTED,"CORN, SILAGE - ACRES HARVESTED",ACRES,20000,
2022,YEAR,ALL PRODUCTION PRACTICES,CONNECTICUT,CT,09,,,STATE,CORN,ALL CLASSES,SILAGE,AREA HARVESTED,"CORN, SILAGE - ACRES HARVESTED",ACRES,23000,
2021,YEAR,ALL PRODUCTION PRACTICES,CONNECTICUT,CT,09,,,STATE,CORN,ALL CLASSES,SILAGE,AREA HARVESTED,"CORN, SILAGE - ACRES HARVESTED",ACRES,22000,
2025,YEAR,ALL PRODUCTION PRACTICES,DELAWARE,DE,10,,,STATE,CORN,ALL CLASSES,SILAGE,AREA HARVESTED,"CORN, SILAGE - ACRES HARVESTED",ACRES,2000,
2024,YEAR,ALL PRODUCTION PRACTICES,DELAWARE,DE,10,,,STATE,CORN,ALL CLASSES,SILAGE,AREA HARVESTED,"CORN, SILAGE - ACRES HARVESTED",ACRES,2000,
2023,YEAR,ALL PRODUCTION PRACTICES,DELAWARE,DE,10,,,STATE,CORN,ALL CLASSES,SILAGE,AREA HARVESTED,"CORN, SILAGE - ACRES HARVESTED",ACRES,2000,
2022,YEAR,ALL PRODUCTION PRACTICES,DELAWARE,DE,10,,,STATE,CORN,ALL CLASSES,SILAGE,AREA HARVESTED,"CORN, SILAGE - ACRES HARVESTED",ACRES,3000,
2021,YEAR,ALL PRODUCTION PRACTICES,DELAWARE,DE,10,,,STATE,CORN,ALL CLASSES,SILAGE,AREA HARVESTED,"CORN, SILAGE - ACRES HARVESTED",ACRES,3000,
2025,YEAR,ALL PRODUCTION PRACTICES,FLORIDA,FL,12,,,STATE,CORN,ALL CLASSES,SILAGE,AREA HARVESTED,"CORN, SILAGE - ACRES HARVESTED",ACRES,24000,
2024,YEAR,ALL PRODUCTION PRACTICES,FLORIDA,FL,12,,,STATE,CORN,ALL CLASSES,SILAGE,AREA HARVESTED,"CORN, SILAGE - ACRES HARVESTED",ACRES,34000,
2023,YEAR,ALL PRODUCTION PRACTICES,FLORIDA,FL,12,,,STATE,CORN,ALL CLASSES,SILAGE,AREA HARVESTED,"CORN, SILAGE - ACRES HARVESTED",ACRES,25000,
2022,YEAR,ALL PRODUCTION PRACTICES,FLORIDA,FL,12,,,STATE,CORN,ALL CLASSES,SILAGE,AREA HARVESTED,"CORN, SILAGE - ACRES HARVESTED",ACRES,25000,
2021,YEAR,ALL PRODUCTION PRACTICES,FLORIDA,FL,12,,,STATE,CORN,ALL CLASSES,SILAGE,AREA HARVESTED,"CORN, SILAGE - ACRES HARVESTED",ACRES,25000,
2025,YEAR,ALL PRODUCTION PRACTICES,GEORGIA,GA,13,,,STATE,CORN,ALL CLASSES,SILAGE,AREA HARVESTED,"CORN, SILAGE - ACRES HARVESTED",ACRES,35000,
2024,YEAR,ALL PRODUCTION PRACTICES,GEORGIA,GA,13,,,STATE,CORN,ALL CLASSES,SILAGE,AREA HARVESTED,"CORN, SILAGE - ACRES HARVESTED",ACRES,45000,
2023,YEAR,ALL PRODUCTION PRACTICES,GEORGIA,GA,13,,,STATE,CORN,ALL CLASSES,SILAGE,AREA HARVESTED,"CORN, SILAGE - ACRES HARVESTED",ACRES,35000,
2022,YEAR,ALL PRODUCTION PRACTICES,GEORGIA,GA,13,,,STATE,CORN,ALL CLASSES,SILAGE,AREA HARVESTED,"CORN, SILAGE - ACRES HARVESTED",ACRES,30000,
2021,YEAR,ALL PRODUCTION PRACTICES,GEORGIA,GA,13,,,STATE,CORN,ALL CLASSES,SILAGE,AREA HARVESTED,"CORN, SILAGE - ACRES HARVESTED",ACRES,25000,
2025,YEAR,ALL PRODUCTION PRACTICES,IDAHO,ID,16,,,STATE,CORN,ALL CLASSES,SILAGE,AREA HARVESTED,"CORN, SILAGE - ACRES HARVESTED",ACRES,280000,
2024,YEAR,ALL PRODUCTION PRACTICES,IDAHO,ID,16,,,STATE,CORN,ALL CLASSES,SILAGE,AREA HARVESTED,"CORN, SILAGE - ACRES HARVESTED",ACRES,265000,
2023,YEAR,ALL PRODUCTION PRACTICES,IDAHO,ID,16,,,STATE,CORN,ALL CLASSES,SILAGE,AREA HARVESTED,"CORN, SILAGE - ACRES HARVESTED",ACRES,240000,
2022,YEAR,ALL PRODUCTION PRACTICES,IDAHO,ID,16,,,STATE,CORN,ALL CLASSES,SILAGE,AREA HARVESTED,"CORN, SILAGE - ACRES HARVESTED",ACRES,205000,
2021,YEAR,ALL PRODUCTION PRACTICES,IDAHO,ID,16,,,STATE,CORN,ALL CLASSES,SILAGE,AREA HARVESTED,"CORN, SILAGE - ACRES HARVESTED",ACRES,260000,
2025,YEAR,ALL PRODUCTION PRACTICES,ILLINOIS,IL,17,,,STATE,CORN,ALL CLASSES,SILAGE,AREA HARVESTED,"CORN, SILAGE - ACRES HARVESTED",ACRES,90000,
2024,YEAR,ALL PRODUCTION PRACTICES,ILLINOIS,IL,17,,,STATE,CORN,ALL CLASSES,SILAGE,AREA HARVESTED,"CORN, SILAGE - ACRES HARVESTED",ACRES,90000,
2023,YEAR,ALL PRODUCTION PRACTICES,ILLINOIS,IL,17,,,STATE,CORN,ALL CLASSES,SILAGE,AREA HARVESTED,"CORN, SILAGE - ACRES HARVESTED",ACRES,90000,
2022,YEAR,ALL PRODUCTION PRACTICES,ILLINOIS,IL,17,,,STATE,CORN,ALL CLASSES,SILAGE,AREA HARVESTED,"CORN, SILAGE - ACRES HARVESTED",ACRES,120000,
2021,YEAR,ALL PRODUCTION PRACTICES,ILLINOIS,IL,17,,,STATE,CORN,ALL CLASSES,SILAGE,AREA HARVESTED,"CORN, SILAGE - ACRES HARVESTED",ACRES,80000,
2025,YEAR,ALL PRODUCTION PRACTICES,INDIANA,IN,18,,,STATE,CORN,ALL CLASSES,SILAGE,AREA HARVESTED,"CORN, SILAGE - ACRES HARVESTED",ACRES,130000,
2024,YEAR,ALL PRODUCTION PRACTICES,INDIANA,IN,18,,,STATE,CORN,ALL CLASSES,SILAGE,AREA HARVESTED,"CORN, SILAGE - ACRES HARVESTED",ACRES,130000,
2023,YEAR,ALL PRODUCTION PRACTICES,INDIANA,IN,18,,,STATE,CORN,ALL CLASSES,SILAGE,AREA HARVESTED,"CORN, SILAGE - ACRES HARVESTED",ACRES,120000,
2022,YEAR,ALL PRODUCTION PRACTICES,INDIANA,IN,18,,,STATE,CORN,ALL CLASSES,SILAGE,AREA HARVESTED,"CORN, SILAGE - ACRES HARVESTED",ACRES,100000,
2021,YEAR,ALL PRODUCTION PRACTICES,INDIANA,IN,18,,,STATE,CORN,ALL CLASSES,SILAGE,AREA HARVESTED,"CORN, SILAGE - ACRES HARVESTED",ACRES,110000,
2025,YEAR,ALL PRODUCTION PRACTICES,IOWA,IA,19,,,STATE,CORN,ALL CLASSES,SILAGE,AREA HARVESTED,"CORN, SILAGE - ACRES HARVESTED",ACRES,250000,
2024,YEAR,ALL PRODUCTION PRACTICES,IOWA,IA,19,,,STATE,CORN,ALL CLASSES,SILAGE,AREA HARVESTED,"CORN, SILAGE - ACRES HARVESTED",ACRES,340000,
2023,YEAR,ALL PRODUCTION PRACTICES,IOWA,IA,19,,,STATE,CORN,ALL CLASSES,SILAGE,AREA HARVESTED,"CORN, SILAGE - ACRES HARVESTED",ACRES,380000,
2022,YEAR,ALL PRODUCTION PRACTICES,IOWA,IA,19,,,STATE,CORN,ALL CLASSES,SILAGE,AREA HARVESTED,"CORN, SILAGE - ACRES HARVESTED",ACRES,390000,
2021,YEAR,ALL PRODUCTION PRACTICES,IOWA,IA,19,,,STATE,CORN,ALL CLASSES,SILAGE,AREA HARVESTED,"CORN, SILAGE - ACRES HARVESTED",ACRES,340000,
2025,YEAR,ALL PRODUCTION PRACTICES,KANSAS,KS,20,,,STATE,CORN,ALL CLASSES,SILAGE,AREA HARVESTED,"CORN, SILAGE - ACRES HARVESTED",ACRES,230000,
2024,YEAR,ALL PRODUCTION PRACTICES,KANSAS,KS,20,,,STATE,CORN,ALL CLASSES,SILAGE,AREA HARVESTED,"CORN, SILAGE - ACRES HARVESTED",ACRES,310000,
2023,YEAR,ALL PRODUCTION PRACTICES,KANSAS,KS,20,,,STATE,CORN,ALL CLASSES,SILAGE,AREA HARVESTED,"CORN, SILAGE - ACRES HARVESTED",ACRES,330000,
2022,YEAR,ALL PRODUCTION PRACTICES,KANSAS,KS,20,,,STATE,CORN,ALL CLASSES,SILAGE,AREA HARVESTED,"CORN, SILAGE - ACRES HARVESTED",ACRES,420000,
2021,YEAR,ALL PRODUCTION PRACTICES,KANSAS,KS,20,,,STATE,CORN,ALL CLASSES,SILAGE,AREA HARVESTED,"CORN, SILAGE - ACRES HARVESTED",ACRES,240000,
2025,YEAR,ALL PRODUCTION PRACTICES,KENTUCKY,KY,21,,,STATE,CORN,ALL CLASSES,SILAGE,AREA HARVESTED,"CORN, SILAGE - ACRES HARVESTED",ACRES,70000,
2024,YEAR,ALL PRODUCTION PRACTICES,KENTUCKY,KY,21,,,STATE,CORN,ALL CLASSES,SILAGE,AREA HARVESTED,"CORN, SILAGE - ACRES HARVESTED",ACRES,70000,
2023,YEAR,ALL PRODUCTION PRACTICES,KENTUCKY,KY,21,,,STATE,CORN,ALL CLASSES,SILAGE,AREA HARVESTED,"CORN, SILAGE - ACRES HARVESTED",ACRES,80000,
2022,YEAR,ALL PRODUCTION PRACTICES,KENTUCKY,KY,21,,,STATE,CORN,ALL CLASSES,SILAGE,AREA HARVESTED,"CORN, SILAGE - ACRES HARVESTED",ACRES,70000,
2021,YEAR,ALL PRODUCTION PRACTICES,KENTUCKY,KY,21,,,STATE,CORN,ALL CLASSES,SILAGE,AREA HARVESTED,"CORN, SILAGE - ACRES HARVESTED",ACRES,90000,
2025,YEAR,ALL PRODUCTION PRACTICES,LOUISIANA,LA,22,,,STATE,CORN,ALL CLASSES,SILAGE,AREA HARVESTED,"CORN, SILAGE - ACRES HARVESTED",ACRES,3000,
2024,YEAR,ALL PRODUCTION PRACTICES,LOUISIANA,LA,22,,,STATE,CORN,ALL CLASSES,SILAGE,AREA HARVESTED,"CORN, SILAGE - ACRES HARVESTED",ACRES,3000,
2023,YEAR,ALL PRODUCTION PRACTICES,LOUISIANA,LA,22,,,STATE,CORN,ALL CLASSES,SILAGE,AREA HARVESTED,"CORN, SILAGE - ACRES HARVESTED",ACRES,3000,
2022,YEAR,ALL PRODUCTION PRACTICES,LOUISIANA,LA,22,,,STATE,CORN,ALL CLASSES,SILAGE,AREA HARVESTED,"CORN, SILAGE - ACRES HARVESTED",ACRES,3000,
2021,YEAR,ALL PRODUCTION PRACTICES,LOUISIANA,LA,22,,,STATE,CORN,ALL CLASSES,SILAGE,AREA HARVESTED,"CORN, SILAGE - ACRES HARVESTED",ACRES,3000,
2025,YEAR,ALL PRODUCTION PRACTICES,MAINE,ME,23,,,STATE,CORN,ALL CLASSES,SILAGE,AREA HARVESTED,"CORN, SILAGE - ACRES HARVESTED",ACRES,25000,
2024,YEAR,ALL PRODUCTION PRACTICES,MAINE,ME,23,,,STATE,CORN,ALL CLASSES,SILAGE,AREA HARVESTED,"CORN, SILAGE - ACRES HARVESTED",ACRES,26000,
2023,YEAR,ALL PRODUCTION PRACTICES,MAINE,ME,23,,,STATE,CORN,ALL CLASSES,SILAGE,AREA HARVESTED,"CORN, SILAGE - ACRES HARVESTED",ACRES,23000,
2022,YEAR,ALL PRODUCTION PRACTICES,MAINE,ME,23,,,STATE,CORN,ALL CLASSES,SILAGE,AREA HARVESTED,"CORN, SILAGE - ACRES HARVESTED",ACRES,24000,
2021,YEAR,ALL PRODUCTION PRACTICES,MAINE,ME,23,,,STATE,CORN,ALL CLASSES,SILAGE,AREA HARVESTED,"CORN, SILAGE - ACRES HARVESTED",ACRES,25000,
2025,YEAR,ALL PRODUCTION PRACTICES,MARYLAND,MD,24,,,STATE,CORN,ALL CLASSES,SILAGE,AREA HARVESTED,"CORN, SILAGE - ACRES HARVESTED",ACRES,40000,
2024,YEAR,ALL PRODUCTION PRACTICES,MARYLAND,MD,24,,,STATE,CORN,ALL CLASSES,SILAGE,AREA HARVESTED,"CORN, SILAGE - ACRES HARVESTED",ACRES,40000,
2023,YEAR,ALL PRODUCTION PRACTICES,MARYLAND,MD,24,,,STATE,CORN,ALL CLASSES,SILAGE,AREA HARVESTED,"CORN, SILAGE - ACRES HARVESTED",ACRES,30000,
2022,YEAR,ALL PRODUCTION PRACTICES,MARYLAND,MD,24,,,STATE,CORN,ALL CLASSES,SILAGE,AREA HARVESTED,"CORN, SILAGE - ACRES HARVESTED",ACRES,40000,
2021,YEAR,ALL PRODUCTION PRACTICES,MARYLAND,MD,24,,,STATE,CORN,ALL CLASSES,SILAGE,AREA HARVESTED,"CORN, SILAGE - ACRES HARVESTED",ACRES,35000,
2025,YEAR,ALL PRODUCTION PRACTICES,MASSACHUSETTS,MA,25,,,STATE,CORN,ALL CLASSES,SILAGE,AREA HARVESTED,"CORN, SILAGE - ACRES HARVESTED",ACRES,11000,
2024,YEAR,ALL PRODUCTION PRACTICES,MASSACHUSETTS,MA,25,,,STATE,CORN,ALL CLASSES,SILAGE,AREA HARVESTED,"CORN, SILAGE - ACRES HARVESTED",ACRES,11000,
2023,YEAR,ALL PRODUCTION PRACTICES,MASSACHUSETTS,MA,25,,,STATE,CORN,ALL CLASSES,SILAGE,AREA HARVESTED,"CORN, SILAGE - ACRES HARVESTED",ACRES,11000,
2022,YEAR,ALL PRODUCTION PRACTICES,MASSACHUSETTS,MA,25,,,STATE,CORN,ALL CLASSES,SILAGE,AREA HARVESTED,"CORN, SILAGE - ACRES HARVESTED",ACRES,11000,
2021,YEAR,ALL PRODUCTION PRACTICES,MASSACHUSETTS,MA,25,,,STATE,CORN,ALL CLASSES,SILAGE,AREA HARVESTED,"CORN, SILAGE - ACRES HARVESTED",ACRES,11000,
2025,YEAR,ALL PRODUCTION PRACTICES,MICHIGAN,MI,26,,,STATE,CORN,ALL CLASSES,SILAGE,AREA HARVESTED,"CORN, SILAGE - ACRES HARVESTED",ACRES,350000,
2024,YEAR,ALL PRODUCTION PRACTICES,MICHIGAN,MI,26,,,STATE,CORN,ALL CLASSES,SILAGE,AREA HARVESTED,"CORN, SILAGE - ACRES HARVESTED",ACRES,325000,
2023,YEAR,ALL PRODUCTION PRACTICES,MICHIGAN,MI,26,,,STATE,CORN,ALL CLASSES,SILAGE,AREA HARVESTED,"CORN, SILAGE - ACRES HARVESTED",ACRES,320000,
2022,YEAR,ALL PRODUCTION PRACTICES,MICHIGAN,MI,26,,,STATE,CORN,ALL CLASSES,SILAGE,AREA HARVESTED,"CORN, SILAGE - ACRES HARVESTED",ACRES,330000,
2021,YEAR,ALL PRODUCTION PRACTICES,MICHIGAN,MI,26,,,STATE,CORN,ALL CLASSES,SILAGE,AREA HARVESTED,"CORN, SILAGE - ACRES HARVESTED",ACRES,340000,
2025,YEAR,ALL PRODUCTION PRACTICES,MINNESOTA,MN,27,,,STATE,CORN,ALL CLASSES,SILAGE,AREA HARVESTED,"CORN, SILAGE - ACRES HARVESTED",ACRES,360000,
2024,YEAR,ALL PRODUCTION PRACTICES,MINNESOTA,MN,27,,,STATE,CORN,ALL CLASSES,SILAGE,AREA HARVESTED,"CORN, SILAGE - ACRES HARVESTED",ACRES,380000,
2023,YEAR,ALL PRODUCTION PRACTICES,MINNESOTA,MN,27,,,STATE,CORN,ALL CLASSES,SILAGE,AREA HARVESTED,"CORN, SILAGE - ACRES HARVESTED",ACRES,350000,
2022,YEAR,ALL PRODUCTION PRACTICES,MINNESOTA,MN,27,,,STATE,CORN,ALL CLASSES,SILAGE,AREA HARVESTED,"CORN, SILAGE - ACRES HARVESTED",ACRES,450000,
2021,YEAR,ALL PRODUCTION PRACTICES,MINNESOTA,MN,27,,,STATE,CORN,ALL CLASSES,SILAGE,AREA HARVESTED,"CORN, SILAGE - ACRES HARVESTED",ACRES,450000,
2025,YEAR,ALL PRODUCTION PRACTICES,MISSISSIPPI,MS,28,,,STATE,CORN,ALL CLASSES,SILAGE,AREA HARVESTED,"CORN, SILAGE - ACRES HARVESTED",ACRES,15000,
2024,YEAR,ALL PRODUCTION PRACTICES,MISSISSIPPI,MS,28,,,STATE,CORN,ALL CLASSES,SILAGE,AREA HARVESTED,"CORN, SILAGE - ACRES HARVESTED",ACRES,7000,
2023,YEAR,ALL PRODUCTION PRACTICES,MISSISSIPPI,MS,28,,,STATE,CORN,ALL CLASSES,SILAGE,AREA HARVESTED,"CORN, SILAGE - ACRES HARVESTED",ACRES,6000,
2022,YEAR,ALL PRODUCTION PRACTICES,MISSISSIPPI,MS,28,,,STATE,CORN,ALL CLASSES,SILAGE,AREA HARVESTED,"CORN, SILAGE - ACRES HARVESTED",ACRES,5000,
2021,YEAR,ALL PRODUCTION PRACTICES,MISSISSIPPI,MS,28,,,STATE,CORN,ALL CLASSES,SILAGE,AREA HARVESTED,"CORN, SILAGE - ACRES HARVESTED",ACRES,8000,
2025,YEAR,ALL PRODUCTION PRACTICES,MISSOURI,MO,29,,,STATE,CORN,ALL CLASSES,SILAGE,AREA HARVESTED,"CORN, SILAGE - ACRES HARVESTED",ACRES,80000,
2024,YEAR,ALL PRODUCTION PRACTICES,MISSOURI,MO,29,,,STATE,CORN,ALL CLASSES,SILAGE,AREA HARVESTED,"CORN, SILAGE - ACRES HARVESTED",ACRES,100000,
2023,YEAR,ALL PRODUCTION PRACTICES,MISSOURI,MO,29,,,STATE,CORN,ALL CLASSES,SILAGE,AREA HARVESTED,"CORN, SILAGE - ACRES HARVESTED",ACRES,100000,
2022,YEAR,ALL PRODUCTION PRACTICES,MISSOURI,MO,29,,,STATE,CORN,ALL CLASSES,SILAGE,AREA HARVESTED,"CORN, SILAGE - ACRES HARVESTED",ACRES,150000,
2021,YEAR,ALL PRODUCTION PRACTICES,MISSOURI,MO,29,,,STATE,CORN,ALL CLASSES,SILAGE,AREA HARVESTED,"CORN, SILAGE - ACRES HARVESTED",ACRES,70000,
2025,YEAR,ALL PRODUCTION PRACTICES,MONTANA,MT,30,,,STATE,CORN,ALL CLASSES,SILAGE,AREA HARVESTED,"CORN, SILAGE - ACRES HARVESTED",ACRES,57000,
2024,YEAR,ALL PRODUCTION PRACTICES,MONTANA,MT,30,,,STATE,CORN,ALL CLASSES,SILAGE,AREA HARVESTED,"CORN, SILAGE - ACRES HARVESTED",ACRES,37000,
2023,YEAR,ALL PRODUCTION PRACTICES,MONTANA,MT,30,,,STATE,CORN,ALL CLASSES,SILAGE,AREA HARVESTED,"CORN, SILAGE - ACRES HARVESTED",ACRES,62000,
2022,YEAR,ALL PRODUCTION PRACTICES,MONTANA,MT,30,,,STATE,CORN,ALL CLASSES,SILAGE,AREA HARVESTED,"CORN, SILAGE - ACRES HARVESTED",ACRES,54000,
2021,YEAR,ALL PRODUCTION PRACTICES,MONTANA,MT,30,,,STATE,CORN,ALL CLASSES,SILAGE,AREA HARVESTED,"CORN, SILAGE - ACRES HARVESTED",ACRES,47000,
2025,YEAR,ALL PRODUCTION PRACTICES,NEBRASKA,NE,31,,,STATE,CORN,ALL CLASSES,SILAGE,AREA HARVESTED,"CORN, SILAGE - ACRES HARVESTED",ACRES,210000,
2024,YEAR,ALL PRODUCTION PRACTICES,NEBRASKA,NE,31,,,STATE,CORN,ALL CLASSES,SILAGE,AREA HARVESTED,"CORN, SILAGE - ACRES HARVESTED",ACRES,280000,
2023,YEAR,ALL PRODUCTION PRACTICES,NEBRASKA,NE,31,,,STATE,CORN,ALL CLASSES,SILAGE,AREA HARVESTED,"CORN, SILAGE - ACRES HARVESTED",ACRES,280000,
2022,YEAR,ALL PRODUCTION PRACTICES,NEBRASKA,NE,31,,,STATE,CORN,ALL CLASSES,SILAGE,AREA HARVESTED,"CORN, SILAGE - ACRES HARVESTED",ACRES,430000,
2021,YEAR,ALL PRODUCTION PRACTICES,NEBRASKA,NE,31,,,STATE,CORN,ALL CLASSES,SILAGE,AREA HARVESTED,"CORN, SILAGE - ACRES HARVESTED",ACRES,260000,
2025,YEAR,ALL PRODUCTION PRACTICES,NEVADA,NV,32,,,STATE,CORN,ALL CLASSES,SILAGE,AREA HARVESTED,"CORN, SILAGE - ACRES HARVESTED",ACRES,24000,
2024,YEAR,ALL PRODUCTION PRACTICES,NEVADA,NV,32,,,STATE,CORN,ALL CLASSES,SILAGE,AREA HARVESTED,"CORN, SILAGE - ACRES HARVESTED",ACRES,17000,
2023,YEAR,ALL PRODUCTION PRACTICES,NEVADA,NV,32,,,STATE,CORN,ALL CLASSES,SILAGE,AREA HARVESTED,"CORN, SILAGE - ACRES HARVESTED",ACRES,11000,
2022,YEAR,ALL PRODUCTION PRACTICES,NEVADA,NV,32,,,STATE,CORN,ALL CLASSES,SILAGE,AREA HARVESTED,"CORN, SILAGE - ACRES HARVESTED",ACRES,11000,
2021,YEAR,ALL PRODUCTION PRACTICES,NEVADA,NV,32,,,STATE,CORN,ALL CLASSES,SILAGE,AREA HARVESTED,"CORN, SILAGE - ACRES HARVESTED",ACRES,13000,
2025,YEAR,ALL PRODUCTION PRACTICES,NEW HAMPSHIRE,NH,33,,,STATE,CORN,ALL CLASSES,SILAGE,AREA HARVESTED,"CORN, SILAGE - ACRES HARVESTED",ACRES,10000,
2024,YEAR,ALL PRODUCTION PRACTICES,NEW HAMPSHIRE,NH,33,,,STATE,CORN,ALL CLASSES,SILAGE,AREA HARVESTED,"CORN, SILAGE - ACRES HARVESTED",ACRES,11000,
2023,YEAR,ALL PRODUCTION PRACTICES,NEW HAMPSHIRE,NH,33,,,STATE,CORN,ALL CLASSES,SILAGE,AREA HARVESTED,"CORN, SILAGE - ACRES HARVESTED",ACRES,12000,
2022,YEAR,ALL PRODUCTION PRACTICES,NEW HAMPSHIRE,NH,33,,,STATE,CORN,ALL CLASSES,SILAGE,AREA HARVESTED,"CORN, SILAGE - ACRES HARVESTED",ACRES,11000,
2021,YEAR,ALL PRODUCTION PRACTICES,NEW HAMPSHIRE,NH,33,,,STATE,CORN,ALL CLASSES,SILAGE,AREA HARVESTED,"CORN, SILAGE - ACRES HARVESTED",ACRES,11000,
2025,YEAR,ALL PRODUCTION PRACTICES,NEW JERSEY,NJ,34,,,STATE,CORN,ALL CLASSES,SILAGE,AREA HARVESTED,"CORN, SILAGE - ACRES HARVESTED",ACRES,7000,
2024,YEAR,ALL PRODUCTION PRACTICES,NEW JERSEY,NJ,34,,,STATE,CORN,ALL CLASSES,SILAGE,AREA HARVESTED,"CORN, SILAGE - ACRES HARVESTED",ACRES,5000,
2023,YEAR,ALL PRODUCTION PRACTICES,NEW JERSEY,NJ,34,,,STATE,CORN,ALL CLASSES,SILAGE,AREA HARVESTED,"CORN, SILAGE - ACRES HARVESTED",ACRES,6000,
2022,YEAR,ALL PRODUCTION PRACTICES,NEW JERSEY,NJ,34,,,STATE,CORN,ALL CLASSES,SILAGE,AREA HARVESTED,"CORN, SILAGE - ACRES HARVESTED",ACRES,6000,
2021,YEAR,ALL PRODUCTION PRACTICES,NEW JERSEY,NJ,34,,,STATE,CORN,ALL CLASSES,SILAGE,AREA HARVESTED,"CORN, SILAGE - ACRES HARVESTED",ACRES,5000,
2025,YEAR,ALL PRODUCTION PRACTICES,NEW MEXICO,NM,35,,,STATE,CORN,ALL CLASSES,SILAGE,AREA HARVESTED,"CORN, SILAGE - ACRES HARVESTED",ACRES,59000,
2024,YEAR,ALL PRODUCTION PRACTICES,NEW MEXICO,NM,35,,,STATE,CORN,ALL CLASSES,SILAGE,AREA HARVESTED,"CORN, SILAGE - ACRES HARVESTED",ACRES,51000,
2023,YEAR,ALL PRODUCTION PRACTICES,NEW MEXICO,NM,35,,,STATE,CORN,ALL CLASSES,SILAGE,AREA HARVESTED,"CORN, SILAGE - ACRES HARVESTED",ACRES,69000,
2022,YEAR,ALL PRODUCTION PRACTICES,NEW MEXICO,NM,35,,,STATE,CORN,ALL CLASSES,SILAGE,AREA HARVESTED,"CORN, SILAGE - ACRES HARVESTED",ACRES,55000,
2021,YEAR,ALL PRODUCTION PRACTICES,NEW MEXICO,NM,35,,,STATE,CORN,ALL CLASSES,SILAGE,AREA HARVESTED,"CORN, SILAGE - ACRES HARVESTED",ACRES,80000,
2025,YEAR,ALL PRODUCTION PRACTICES,NEW YORK,NY,36,,,STATE,CORN,ALL CLASSES,SILAGE,AREA HARVESTED,"CORN, SILAGE - ACRES HARVESTED",ACRES,500000,
2024,YEAR,ALL PRODUCTION PRACTICES,NEW YORK,NY,36,,,STATE,CORN,ALL CLASSES,SILAGE,AREA HARVESTED,"CORN, SILAGE - ACRES HARVESTED",ACRES,455000,
2023,YEAR,ALL PRODUCTION PRACTICES,NEW YORK,NY,36,,,STATE,CORN,ALL CLASSES,SILAGE,AREA HARVESTED,"CORN, SILAGE - ACRES HARVESTED",ACRES,430000,
2022,YEAR,ALL PRODUCTION PRACTICES,NEW YORK,NY,36,,,STATE,CORN,ALL CLASSES,SILAGE,AREA HARVESTED,"CORN, SILAGE - ACRES HARVESTED",ACRES,425000,
2021,YEAR,ALL PRODUCTION PRACTICES,NEW YORK,NY,36,,,STATE,CORN,ALL CLASSES,SILAGE,AREA HARVESTED,"CORN, SILAGE - ACRES HARVESTED",ACRES,440000,
2025,YEAR,ALL PRODUCTION PRACTICES,NORTH CAROLINA,NC,37,,,STATE,CORN,ALL CLASSES,SILAGE,AREA HARVESTED,"CORN, SILAGE - ACRES HARVESTED",ACRES,30000,
2024,YEAR,ALL PRODUCTION PRACTICES,NORTH CAROLINA,NC,37,,,STATE,CORN,ALL CLASSES,SILAGE,AREA HARVESTED,"CORN, SILAGE - ACRES HARVESTED",ACRES,20000,
2023,YEAR,ALL PRODUCTION PRACTICES,NORTH CAROLINA,NC,37,,,STATE,CORN,ALL CLASSES,SILAGE,AREA HARVESTED,"CORN, SILAGE - ACRES HARVESTED",ACRES,30000,
2022,YEAR,ALL PRODUCTION PRACTICES,NORTH CAROLINA,NC,37,,,STATE,CORN,ALL CLASSES,SILAGE,AREA HARVESTED,"CORN, SILAGE - ACRES HARVESTED",ACRES,30000,
2021,YEAR,ALL PRODUCTION PRACTICES,NORTH CAROLINA,NC,37,,,STATE,CORN,ALL CLASSES,SILAGE,AREA HARVESTED,"CORN, SILAGE - ACRES HARVESTED",ACRES,35000,
2025,YEAR,ALL PRODUCTION PRACTICES,NORTH DAKOTA,ND,38,,,STATE,CORN,ALL CLASSES,SILAGE,AREA HARVESTED,"CORN, SILAGE - ACRES HARVESTED",ACRES,170000,
2024,YEAR,ALL PRODUCTION PRACTICES,NORTH DAKOTA,ND,38,,,STATE,CORN,ALL CLASSES,SILAGE,AREA HARVESTED,"CORN, SILAGE - ACRES HARVESTED",ACRES,260000,
2023,YEAR,ALL PRODUCTION PRACTICES,NORTH DAKOTA,ND,38,,,STATE,CORN,ALL CLASSES,SILAGE,AREA HARVESTED,"CORN, SILAGE - ACRES HARVESTED",ACRES,200000,
2022,YEAR,ALL PRODUCTION PRACTICES,NORTH DAKOTA,ND,38,,,STATE,CORN,ALL CLASSES,SILAGE,AREA HARVESTED,"CORN, SILAGE - ACRES HARVESTED",ACRES,230000,
2021,YEAR,ALL PRODUCTION PRACTICES,NORTH DAKOTA,ND,38,,,STATE,CORN,ALL CLASSES,SILAGE,AREA HARVESTED,"CORN, SILAGE - ACRES HARVESTED",ACRES,250000,
2025,YEAR,ALL PRODUCTION PRACTICES,OHIO,OH,39,,,STATE,CORN,ALL CLASSES,SILAGE,AREA HARVESTED,"CORN, SILAGE - ACRES HARVESTED",ACRES,200000,
2024,YEAR,ALL PRODUCTION PRACTICES,OHIO,OH,39,,,STATE,CORN,ALL CLASSES,SILAGE,AREA HARVESTED,"CORN, SILAGE - ACRES HARVESTED",ACRES,160000,
2023,YEAR,ALL PRODUCTION PRACTICES,OHIO,OH,39,,,STATE,CORN,ALL CLASSES,SILAGE,AREA HARVESTED,"CORN, SILAGE - ACRES HARVESTED",ACRES,160000,
2022,YEAR,ALL PRODUCTION PRACTICES,OHIO,OH,39,,,STATE,CORN,ALL CLASSES,SILAGE,AREA HARVESTED,"CORN, SILAGE - ACRES HARVESTED",ACRES,170000,
2021,YEAR,ALL PRODUCTION PRACTICES,OHIO,OH,39,,,STATE,CORN,ALL CLASSES,SILAGE,AREA HARVESTED,"CORN, SILAGE - ACRES HARVESTED",ACRES,160000,
2025,YEAR,ALL PRODUCTION PRACTICES,OKLAHOMA,OK,40,,,STATE,CORN,ALL CLASSES,SILAGE,AREA HARVESTED,"CORN, SILAGE - ACRES HARVESTED",ACRES,25000,
2024,YEAR,ALL PRODUCTION PRACTICES,OKLAHOMA,OK,40,,,STATE,CORN,ALL CLASSES,SILAGE,AREA HARVESTED,"CORN, SILAGE - ACRES HARVESTED",ACRES,20000,
2023,YEAR,ALL PRODUCTION PRACTICES,OKLAHOMA,OK,40,,,STATE,CORN,ALL CLASSES,SILAGE,AREA HARVESTED,"CORN, SILAGE - ACRES HARVESTED",ACRES,30000,
2022,YEAR,ALL PRODUCTION PRACTICES,OKLAHOMA,OK,40,,,STATE,CORN,ALL CLASSES,SILAGE,AREA HARVESTED,"CORN, SILAGE - ACRES HARVESTED",ACRES,35000,
2021,YEAR,ALL PRODUCTION PRACTICES,OKLAHOMA,OK,40,,,STATE,CORN,ALL CLASSES,SILAGE,AREA HARVESTED,"CORN, SILAGE - ACRES HARVESTED",ACRES,25000,
2025,YEAR,ALL PRODUCTION PRACTICES,OREGON,OR,41,,,STATE,CORN,ALL CLASSES,SILAGE,AREA HARVESTED,"CORN, SILAGE - ACRES HARVESTED",ACRES,29000,
2024,YEAR,ALL PRODUCTION PRACTICES,OREGON,OR,41,,,STATE,CORN,ALL CLASSES,SILAGE,AREA HARVESTED,"CORN, SILAGE - ACRES HARVESTED",ACRES,46000,
2023,YEAR,ALL PRODUCTION PRACTICES,OREGON,OR,41,,,STATE,CORN,ALL CLASSES,SILAGE,AREA HARVESTED,"CORN, SILAGE - ACRES HARVESTED",ACRES,39000,
2022,YEAR,ALL PRODUCTION PRACTICES,OREGON,OR,41,,,STATE,CORN,ALL CLASSES,SILAGE,AREA HARVESTED,"CORN, SILAGE - ACRES HARVESTED",ACRES,34000,
2021,YEAR,ALL PRODUCTION PRACTICES,OREGON,OR,41,,,STATE,CORN,ALL CLASSES,SILAGE,AREA HARVESTED,"CORN, SILAGE - ACRES HARVESTED",ACRES,39000,
2025,YEAR,ALL PRODUCTION PRACTICES,PENNSYLVANIA,PA,42,,,STATE,CORN,ALL CLASSES,SILAGE,AREA HARVESTED,"CORN, SILAGE - ACRES HARVESTED",ACRES,315000,
2024,YEAR,ALL PRODUCTION PRACTICES,PENNSYLVANIA,PA,42,,,STATE,CORN,ALL CLASSES,SILAGE,AREA HARVESTED,"CORN, SILAGE - ACRES HARVESTED",ACRES,320000,
2023,YEAR,ALL PRODUCTION PRACTICES,PENNSYLVANIA,PA,42,,,STATE,CORN,ALL CLASSES,SILAGE,AREA HARVESTED,"CORN, SILAGE - ACRES HARVESTED",ACRES,345000,
2022,YEAR,ALL PRODUCTION PRACTICES,PENNSYLVANIA,PA,42,,,STATE,CORN,ALL CLASSES,SILAGE,AREA HARVESTED,"CORN, SILAGE - ACRES HARVESTED",ACRES,340000,
2021,YEAR,ALL PRODUCTION PRACTICES,PENNSYLVANIA,PA,42,,,STATE,CORN,ALL CLASSES,SILAGE,AREA HARVESTED,"CORN, SILAGE - ACRES HARVESTED",ACRES,310000,
2025,YEAR,ALL PRODUCTION PRACTICES,RHODE ISLAND,RI,44,,,STATE,CORN,ALL CLASSES,SILAGE,AREA HARVESTED,"CORN, SILAGE - ACRES HARVESTED",ACRES,1000,
2024,YEAR,ALL PRODUCTION PRACTICES,RHODE ISLAND,RI,44,,,STATE,CORN,ALL CLASSES,SILAGE,AREA HARVESTED,"CORN, SILAGE - ACRES HARVESTED",ACRES,1000,
2023,YEAR,ALL PRODUCTION PRACTICES,RHODE ISLAND,RI,44,,,STATE,CORN,ALL CLASSES,SILAGE,AREA HARVESTED,"CORN, SILAGE - ACRES HARVESTED",ACRES,1000,
2022,YEAR,ALL PRODUCTION PRACTICES,RHODE ISLAND,RI,44,,,STATE,CORN,ALL CLASSES,SILAGE,AREA HARVESTED,"CORN, SILAGE - ACRES HARVESTED",ACRES,1000,
2021,YEAR,ALL PRODUCTION PRACTICES,RHODE ISLAND,RI,44,,,STATE,CORN,ALL CLASSES,SILAGE,AREA HARVESTED,"CORN, SILAGE - ACRES HARVESTED",ACRES,2000,
2025,YEAR,ALL PRODUCTION PRACTICES,SOUTH CAROLINA,SC,45,,,STATE,CORN,ALL CLASSES,SILAGE,AREA HARVESTED,"CORN, SILAGE - ACRES HARVESTED",ACRES,6000,
2024,YEAR,ALL PRODUCTION PRACTICES,SOUTH CAROLINA,SC,45,,,STATE,CORN,ALL CLASSES,SILAGE,AREA HARVESTED,"CORN, SILAGE - ACRES HARVESTED",ACRES,7000,
2023,YEAR,ALL PRODUCTION PRACTICES,SOUTH CAROLINA,SC,45,,,STATE,CORN,ALL CLASSES,SILAGE,AREA HARVESTED,"CORN, SILAGE - ACRES HARVESTED",ACRES,8000,
2022,YEAR,ALL PRODUCTION PRACTICES,SOUTH CAROLINA,SC,45,,,STATE,CORN,ALL CLASSES,SILAGE,AREA HARVESTED,"CORN, SILAGE - ACRES HARVESTED",ACRES,8000,
2021,YEAR,ALL PRODUCTION PRACTICES,SOUTH CAROLINA,SC,45,,,STATE,CORN,ALL CLASSES,SILAGE,AREA HARVESTED,"CORN, SILAGE - ACRES HARVESTED",ACRES,12000,
2025,YEAR,ALL PRODUCTION PRACTICES,SOUTH DAKOTA,SD,46,,,STATE,CORN,ALL CLASSES,SILAGE,AREA HARVESTED,"CORN, SILAGE - ACRES HARVESTED",ACRES,390000,
2024,YEAR,ALL PRODUCTION PRACTICES,SOUTH DAKOTA,SD,46,,,STATE,CORN,ALL CLASSES,SILAGE,AREA HARVESTED,"CORN, SILAGE - ACRES HARVESTED",ACRES,410000,
2023,YEAR,ALL PRODUCTION PRACTICES,SOUTH DAKOTA,SD,46,,,STATE,CORN,ALL CLASSES,SILAGE,AREA HARVESTED,"CORN, SILAGE - ACRES HARVESTED",ACRES,520000,
2022,YEAR,ALL PRODUCTION PRACTICES,SOUTH DAKOTA,SD,46,,,STATE,CORN,ALL CLASSES,SILAGE,AREA HARVESTED,"CORN, SILAGE - ACRES HARVESTED",ACRES,550000,
2021,YEAR,ALL PRODUCTION PRACTICES,SOUTH DAKOTA,SD,46,,,STATE,CORN,ALL CLASSES,SILAGE,AREA HARVESTED,"CORN, SILAGE - ACRES HARVESTED",ACRES,500000,
2025,YEAR,ALL PRODUCTION PRACTICES,TENNESSEE,TN,47,,,STATE,CORN,ALL CLASSES,SILAGE,AREA HARVESTED,"CORN, SILAGE - ACRES HARVESTED",ACRES,35000,
2024,YEAR,ALL PRODUCTION PRACTICES,TENNESSEE,TN,47,,,STATE,CORN,ALL CLASSES,SILAGE,AREA HARVESTED,"CORN, SILAGE - ACRES HARVESTED",ACRES,25000,
2023,YEAR,ALL PRODUCTION PRACTICES,TENNESSEE,TN,47,,,STATE,CORN,ALL CLASSES,SILAGE,AREA HARVESTED,"CORN, SILAGE - ACRES HARVESTED",ACRES,30000,
2022,YEAR,ALL PRODUCTION PRACTICES,TENNESSEE,TN,47,,,STATE,CORN,ALL CLASSES,SILAGE,AREA HARVESTED,"CORN, SILAGE - ACRES HARVESTED",ACRES,30000,
2021,YEAR,ALL PRODUCTION PRACTICES,TENNESSEE,TN,47,,,STATE,CORN,ALL CLASSES,SILAGE,AREA HARVESTED,"CORN, SILAGE - ACRES HARVESTED",ACRES,35000,
2025,YEAR,ALL PRODUCTION PRACTICES,TEXAS,TX,48,,,STATE,CORN,ALL CLASSES,SILAGE,AREA HARVESTED,"CORN, SILAGE - ACRES HARVESTED",ACRES,265000,
2024,YEAR,ALL PRODUCTION PRACTICES,TEXAS,TX,48,,,STATE,CORN,ALL CLASSES,SILAGE,AREA HARVESTED,"CORN, SILAGE - ACRES HARVESTED",ACRES,160000,
2023,YEAR,ALL PRODUCTION PRACTICES,TEXAS,TX,48,,,STATE,CORN,ALL CLASSES,SILAGE,AREA HARVESTED,"CORN, SILAGE - ACRES HARVESTED",ACRES,280000,
2022,YEAR,ALL PRODUCTION PRACTICES,TEXAS,TX,48,,,STATE,CORN,ALL CLASSES,SILAGE,AREA HARVESTED,"CORN, SILAGE - ACRES HARVESTED",ACRES,260000,
2021,YEAR,ALL PRODUCTION PRACTICES,TEXAS,TX,48,,,STATE,CORN,ALL CLASSES,SILAGE,AREA HARVESTED,"CORN, SILAGE - ACRES HARVESTED",ACRES,250000,
2025,YEAR,ALL PRODUCTION PRACTICES,UTAH,UT,49,,,STATE,CORN,ALL CLASSES,SILAGE,AREA HARVESTED,"CORN, SILAGE - ACRES HARVESTED",ACRES,51000,
2024,YEAR,ALL PRODUCTION PRACTICES,UTAH,UT,49,,,STATE,CORN,ALL CLASSES,SILAGE,AREA HARVESTED,"CORN, SILAGE - ACRES HARVESTED",ACRES,50000,
2023,YEAR,ALL PRODUCTION PRACTICES,UTAH,UT,49,,,STATE,CORN,ALL CLASSES,SILAGE,AREA HARVESTED,"CORN, SILAGE - ACRES HARVESTED",ACRES,46000,
2022,YEAR,ALL PRODUCTION PRACTICES,UTAH,UT,49,,,STATE,CORN,ALL CLASSES,SILAGE,AREA HARVESTED,"CORN, SILAGE - ACRES HARVESTED",ACRES,45000,
2021,YEAR,ALL PRODUCTION PRACTICES,UTAH,UT,49,,,STATE,CORN,ALL CLASSES,SILAGE,AREA HARVESTED,"CORN, SILAGE - ACRES HARVESTED",ACRES,45000,
2025,YEAR,ALL PRODUCTION PRACTICES,VERMONT,VT,50,,,STATE,CORN,ALL CLASSES,SILAGE,AREA HARVESTED,"CORN, SILAGE - ACRES HARVESTED",ACRES,84000,
2024,YEAR,ALL PRODUCTION PRACTICES,VERMONT,VT,50,,,STATE,CORN,ALL CLASSES,SILAGE,AREA HARVESTED,"CORN, SILAGE - ACRES HARVESTED",ACRES,85000,
2023,YEAR,ALL PRODUCTION PRACTICES,VERMONT,VT,50,,,STATE,CORN,ALL CLASSES,SILAGE,AREA HARVESTED,"CORN, SILAGE - ACRES HARVESTED",ACRES,80000,
2022,YEAR,ALL PRODUCTION PRACTICES,VERMONT,VT,50,,,STATE,CORN,ALL CLASSES,SILAGE,AREA HARVESTED,"CORN, SILAGE - ACRES HARVESTED",ACRES,82000,
2021,YEAR,ALL PRODUCTION PRACTICES,VERMONT,VT,50,,,STATE,CORN,ALL CLASSES,SILAGE,AREA HARVESTED,"CORN, SILAGE - ACRES HARVESTED",ACRES,77000,
2025,YEAR,ALL PRODUCTION PRACTICES,VIRGINIA,VA,51,,,STATE,CORN,ALL CLASSES,SILAGE,AREA HARVESTED,"CORN, SILAGE - ACRES HARVESTED",ACRES,100000,
2024,YEAR,ALL PRODUCTION PRACTICES,VIRGINIA,VA,51,,,STATE,CORN,ALL CLASSES,SILAGE,AREA HARVESTED,"CORN, SILAGE - ACRES HARVESTED",ACRES,95000,
2023,YEAR,ALL PRODUCTION PRACTICES,VIRGINIA,VA,51,,,STATE,CORN,ALL CLASSES,SILAGE,AREA HARVESTED,"CORN, SILAGE - ACRES HARVESTED",ACRES,100000,
2022,YEAR,ALL PRODUCTION PRACTICES,VIRGINIA,VA,51,,,STATE,CORN,ALL CLASSES,SILAGE,AREA HARVESTED,"CORN, SILAGE - ACRES HARVESTED",ACRES,100000,
2021,YEAR,ALL PRODUCTION PRACTICES,VIRGINIA,VA,51,,,STATE,CORN,ALL CLASSES,SILAGE,AREA HARVESTED,"CORN, SILAGE - ACRES HARVESTED",ACRES,125000,
2025,YEAR,ALL PRODUCTION PRACTICES,WASHINGTON,WA,53,,,STATE,CORN,ALL CLASSES,SILAGE,AREA HARVESTED,"CORN, SILAGE - ACRES HARVESTED",ACRES,89000,
2024,YEAR,ALL PRODUCTION PRACTICES,WASHINGTON,WA,53,,,STATE,CORN,ALL CLASSES,SILAGE,AREA HARVESTED,"CORN, SILAGE - ACRES HARVESTED",ACRES,101000,
2023,YEAR,ALL PRODUCTION PRACTICES,WASHINGTON,WA,53,,,STATE,CORN,ALL CLASSES,SILAGE,AREA HARVESTED,"CORN, SILAGE - ACRES HARVESTED",ACRES,85000,
2022,YEAR,ALL PRODUCTION PRACTICES,WASHINGTON,WA,53,,,STATE,CORN,ALL CLASSES,SILAGE,AREA HARVESTED,"CORN, SILAGE - ACRES HARVESTED",ACRES,55000,
2021,YEAR,ALL PRODUCTION PRACTICES,WASHINGTON,WA,53,,,STATE,CORN,ALL CLASSES,SILAGE,AREA HARVESTED,"CORN, SILAGE - ACRES HARVESTED",ACRES,80000,
2025,YEAR,ALL PRODUCTION PRACTICES,WEST VIRGINIA,WV,54,,,STATE,CORN,ALL CLASSES,SILAGE,AREA HARVESTED,"CORN, SILAGE - ACRES HARVESTED",ACRES,9000,
2024,YEAR,ALL PRODUCTION PRACTICES,WEST VIRGINIA,WV,54,,,STATE,CORN,ALL CLASSES,SILAGE,AREA HARVESTED,"CORN, SILAGE - ACRES HARVESTED",ACRES,9000,
2023,YEAR,ALL PRODUCTION PRACTICES,WEST VIRGINIA,WV,54,,,STATE,CORN,ALL CLASSES,SILAGE,AREA HARVESTED,"CORN, SILAGE - ACRES HARVESTED",ACRES,9000,
2022,YEAR,ALL PRODUCTION PRACTICES,WEST VIRGINIA,WV,54,,,STATE,CORN,ALL CLASSES,SILAGE,AREA HARVESTED,"CORN, SILAGE - ACRES HARVESTED",ACRES,9000,
2021,YEAR,ALL PRODUCTION PRACTICES,WEST VIRGINIA,WV,54,,,STATE,CORN,ALL CLASSES,SILAGE,AREA HARVESTED,"CORN, SILAGE - ACRES HARVESTED",ACRES,10000,
2025,YEAR,ALL PRODUCTION PRACTICES,WISCONSIN,WI,55,,,STATE,CORN,ALL CLASSES,SILAGE,AREA HARVESTED,"CORN, SILAGE - ACRES HARVESTED",ACRES,885000,
2024,YEAR,ALL PRODUCTION PRACTICES,WISCONSIN,WI,55,,,STATE,CORN,ALL CLASSES,SILAGE,AREA HARVESTED,"CORN, SILAGE - ACRES HARVESTED",ACRES,730000,
2023,YEAR,ALL PRODUCTION PRACTICES,WISCONSIN,WI,55,,,STATE,CORN,ALL CLASSES,SILAGE,AREA HARVESTED,"CORN, SILAGE - ACRES HARVESTED",ACRES,780000,
2022,YEAR,ALL PRODUCTION PRACTICES,WISCONSIN,WI,55,,,STATE,CORN,ALL CLASSES,SILAGE,AREA HARVESTED,"CORN, SILAGE - ACRES HARVESTED",ACRES,870000,
2021,YEAR,ALL PRODUCTION PRACTICES,WISCONSIN,WI,55,,,STATE,CORN,ALL CLASSES,SILAGE,AREA HARVESTED,"CORN, SILAGE - ACRES HARVESTED",ACRES,880000,
2025,YEAR,ALL PRODUCTION PRACTICES,WYOMING,WY,56,,,STATE,CORN,ALL CLASSES,SILAGE,AREA HARVESTED,"CORN, SILAGE - ACRES HARVESTED",ACRES,23000,
2024,YEAR,ALL PRODUCTION PRACTICES,WYOMING,WY,56,,,STATE,CORN,ALL CLASSES,SILAGE,AREA HARVESTED,"CORN, SILAGE - ACRES HARVESTED",ACRES,15000,
2023,YEAR,ALL PRODUCTION PRACTICES,WYOMING,WY,56,,,STATE,CORN,ALL CLASSES,SILAGE,AREA HARVESTED,"CORN, SILAGE - ACRES HARVESTED",ACRES,23000,
2022,YEAR,ALL PRODUCTION PRACTICES,WYOMING,WY,56,,,STATE,CORN,ALL CLASSES,SILAGE,AREA HARVESTED,"CORN, SILAGE - ACRES HARVESTED",ACRES,33000,
2021,YEAR,ALL PRODUCTION PRACTICES,WYOMING,WY,56,,,STATE,CORN,ALL CLASSES,SILAGE,AREA HARVESTED,"CORN, SILAGE - ACRES HARVESTED",ACRES,12000,
2025,YEAR,ALL PRODUCTION PRACTICES,ALABAMA,AL,01,,,STATE,CORN,ALL CLASSES,GRAIN,PRODUCTION,"CORN, GRAIN - PRODUCTION, MEASURED IN $",$,227392000,
2024,YEAR,ALL PRODUCTION PRACTICES,ALABAMA,AL,01,,,STATE,CORN,ALL CLASSES,GRAIN,PRODUCTION,"CORN, GRAIN - PRODUCTION, MEASURED IN $",$,138499000,
2023,YEAR,ALL PRODUCTION PRACTICES,ALABAMA,AL,01,,,STATE,CORN,ALL CLASSES,GRAIN,PRODUCTION,"CORN, GRAIN - PRODUCTION, MEASURED IN $",$,276570000,
2022,YEAR,ALL PRODUCTION PRACTICES,ALABAMA,AL,01,,,STATE,CORN,ALL CLASSES,GRAIN,PRODUCTION,"CORN, GRAIN - PRODUCTION, MEASURED IN $",$,251859000,
2021,YEAR,ALL PRODUCTION PRACTICES,ALABAMA,AL,01,,,STATE,CORN,ALL CLASSES,GRAIN,PRODUCTION,"CORN, GRAIN - PRODUCTION, MEASURED IN $",$,308266000,
2025,YEAR,ALL PRODUCTION PRACTICES,ARIZONA,AZ,04,,,STATE,CORN,ALL CLASSES,GRAIN,PRODUCTION,"CORN, GRAIN - PRODUCTION, MEASURED IN $",$,19642000,
2024,YEAR,ALL PRODUCTION PRACTICES,ARIZONA,AZ,04,,,STATE,CORN,ALL CLASSES,GRAIN,PRODUCTION,"CORN, GRAIN - PRODUCTION, MEASURED IN $",$,27873000,
2023,YEAR,ALL PRODUCTION PRACTICES,ARIZONA,AZ,04,,,STATE,CORN,ALL CLASSES,GRAIN,PRODUCTION,"CORN, GRAIN - PRODUCTION, MEASURED IN $",$,51117000,
2022,YEAR,ALL PRODUCTION PRACTICES,ARIZONA,AZ,04,,,STATE,CORN,ALL CLASSES,GRAIN,PRODUCTION,"CORN, GRAIN - PRODUCTION, MEASURED IN $",$,84645000,
2021,YEAR,ALL PRODUCTION PRACTICES,ARIZONA,AZ,04,,,STATE,CORN,ALL CLASSES,GRAIN,PRODUCTION,"CORN, GRAIN - PRODUCTION, MEASURED IN $",$,24924000,
2025,YEAR,ALL PRODUCTION PRACTICES,ARKANSAS,AR,05,,,STATE,CORN,ALL CLASSES,GRAIN,PRODUCTION,"CORN, GRAIN - PRODUCTION, MEASURED IN $",$,603876000,
2024,YEAR,ALL PRODUCTION PRACTICES,ARKANSAS,AR,05,,,STATE,CORN,ALL CLASSES,GRAIN,PRODUCTION,"CORN, GRAIN - PRODUCTION, MEASURED IN $",$,408408000,
2023,YEAR,ALL PRODUCTION PRACTICES,ARKANSAS,AR,05,,,STATE,CORN,ALL CLASSES,GRAIN,PRODUCTION,"CORN, GRAIN - PRODUCTION, MEASURED IN $",$,754893000,
2022,YEAR,ALL PRODUCTION PRACTICES,ARKANSAS,AR,05,,,STATE,CORN,ALL CLASSES,GRAIN,PRODUCTION,"CORN, GRAIN - PRODUCTION, MEASURED IN $",$,815193000,
2021,YEAR,ALL PRODUCTION PRACTICES,ARKANSAS,AR,05,,,STATE,CORN,ALL CLASSES,GRAIN,PRODUCTION,"CORN, GRAIN - PRODUCTION, MEASURED IN $",$,908684000,
2025,YEAR,ALL PRODUCTION PRACTICES,CALIFORNIA,CA,06,,,STATE,CORN,ALL CLASSES,GRAIN,PRODUCTION,"CORN, GRAIN - PRODUCTION, MEASURED IN $",$,40655000,
2024,YEAR,ALL PRODUCTION PRACTICES,CALIFORNIA,CA,06,,,STATE,CORN,ALL CLASSES,GRAIN,PRODUCTION,"CORN, GRAIN - PRODUCTION, MEASURED IN $",$,56456000,
2023,YEAR,ALL PRODUCTION PRACTICES,CALIFORNIA,CA,06,,,STATE,CORN,ALL CLASSES,GRAIN,PRODUCTION,"CORN, GRAIN - PRODUCTION, MEASURED IN $",$,42150000,
2022,YEAR,ALL PRODUCTION PRACTICES,CALIFORNIA,CA,06,,,STATE,CORN,ALL CLASSES,GRAIN,PRODUCTION,"CORN, GRAIN - PRODUCTION, MEASURED IN $",$,27258000,
2021,YEAR,ALL PRODUCTION PRACTICES,CALIFORNIA,CA,06,,,STATE,CORN,ALL CLASSES,GRAIN,PRODUCTION,"CORN, GRAIN - PRODUCTION, MEASURED IN $",$,68620000,
2025,YEAR,ALL PRODUCTION PRACTICES,COLORADO,CO,08,,,STATE,CORN,ALL CLASSES,GRAIN,PRODUCTION,"CORN, GRAIN - PRODUCTION, MEASURED IN $",$,731500000,
2024,YEAR,ALL PRODUCTION PRACTICES,COLORADO,CO,08,,,STATE,CORN,ALL CLASSES,GRAIN,PRODUCTION,"CORN, GRAIN - PRODUCTION, MEASURED IN $",$,635123000,
2023,YEAR,ALL PRODUCTION PRACTICES,COLORADO,CO,08,,,STATE,CORN,ALL CLASSES,GRAIN,PRODUCTION,"CORN, GRAIN - PRODUCTION, MEASURED IN $",$,622865000,
2022,YEAR,ALL PRODUCTION PRACTICES,COLORADO,CO,08,,,STATE,CORN,ALL CLASSES,GRAIN,PRODUCTION,"CORN, GRAIN - PRODUCTION, MEASURED IN $",$,863843000,
2021,YEAR,ALL PRODUCTION PRACTICES,COLORADO,CO,08,,,STATE,CORN,ALL CLASSES,GRAIN,PRODUCTION,"CORN, GRAIN - PRODUCTION, MEASURED IN $",$,894125000,
2025,YEAR,ALL PRODUCTION PRACTICES,DELAWARE,DE,10,,,STATE,CORN,ALL CLASSES,GRAIN,PRODUCTION,"CORN, GRAIN - PRODUCTION, MEASURED IN $",$,144549000,
2024,YEAR,ALL PRODUCTION PRACTICES,DELAWARE,DE,10,,,STATE,CORN,ALL CLASSES,GRAIN,PRODUCTION,"CORN, GRAIN - PRODUCTION, MEASURED IN $",$,129946000,
2023,YEAR,ALL PRODUCTION PRACTICES,DELAWARE,DE,10,,,STATE,CORN,ALL CLASSES,GRAIN,PRODUCTION,"CORN, GRAIN - PRODUCTION, MEASURED IN $",$,148887000,
2022,YEAR,ALL PRODUCTION PRACTICES,DELAWARE,DE,10,,,STATE,CORN,ALL CLASSES,GRAIN,PRODUCTION,"CORN, GRAIN - PRODUCTION, MEASURED IN $",$,177154000,
2021,YEAR,ALL PRODUCTION PRACTICES,DELAWARE,DE,10,,,STATE,CORN,ALL CLASSES,GRAIN,PRODUCTION,"CORN, GRAIN - PRODUCTION, MEASURED IN $",$,201268000,
2025,YEAR,ALL PRODUCTION PRACTICES,FLORIDA,FL,12,,,STATE,CORN,ALL CLASSES,GRAIN,PRODUCTION,"CORN, GRAIN - PRODUCTION, MEASURED IN $",$,43292000,
2024,YEAR,ALL PRODUCTION PRACTICES,FLORIDA,FL,12,,,STATE,CORN,ALL CLASSES,GRAIN,PRODUCTION,"CORN, GRAIN - PRODUCTION, MEASURED IN $",$,32075000,
2023,YEAR,ALL PRODUCTION PRACTICES,FLORIDA,FL,12,,,STATE,CORN,ALL CLASSES,GRAIN,PRODUCTION,"CORN, GRAIN - PRODUCTION, MEASURED IN $",$,52409000,
2022,YEAR,ALL PRODUCTION PRACTICES,FLORIDA,FL,12,,,STATE,CORN,ALL CLASSES,GRAIN,PRODUCTION,"CORN, GRAIN - PRODUCTION, MEASURED IN $",$,68145000,
2021,YEAR,ALL PRODUCTION PRACTICES,FLORIDA,FL,12,,,STATE,CORN,ALL CLASSES,GRAIN,PRODUCTION,"CORN, GRAIN - PRODUCTION, MEASURED IN $",$,69928000,
2025,YEAR,ALL PRODUCTION PRACTICES,GEORGIA,GA,13,,,STATE,CORN,ALL CLASSES,GRAIN,PRODUCTION,"CORN, GRAIN - PRODUCTION, MEASURED IN $",$,458150000,
2024,YEAR,ALL PRODUCTION PRACTICES,GEORGIA,GA,13,,,STATE,CORN,ALL CLASSES,GRAIN,PRODUCTION,"CORN, GRAIN - PRODUCTION, MEASURED IN $",$,248575000,
2023,YEAR,ALL PRODUCTION PRACTICES,GEORGIA,GA,13,,,STATE,CORN,ALL CLASSES,GRAIN,PRODUCTION,"CORN, GRAIN - PRODUCTION, MEASURED IN $",$,405768000,
2022,YEAR,ALL PRODUCTION PRACTICES,GEORGIA,GA,13,,,STATE,CORN,ALL CLASSES,GRAIN,PRODUCTION,"CORN, GRAIN - PRODUCTION, MEASURED IN $",$,465938000,
2021,YEAR,ALL PRODUCTION PRACTICES,GEORGIA,GA,13,,,STATE,CORN,ALL CLASSES,GRAIN,PRODUCTION,"CORN, GRAIN - PRODUCTION, MEASURED IN $",$,456019000,
2025,YEAR,ALL PRODUCTION PRACTICES,IDAHO,ID,16,,,STATE,CORN,ALL CLASSES,GRAIN,PRODUCTION,"CORN, GRAIN - PRODUCTION, MEASURED IN $",$,168193000,
2024,YEAR,ALL PRODUCTION PRACTICES,IDAHO,ID,16,,,STATE,CORN,ALL CLASSES,GRAIN,PRODUCTION,"CORN, GRAIN - PRODUCTION, MEASURED IN $",$,130975000,
2023,YEAR,ALL PRODUCTION PRACTICES,IDAHO,ID,16,,,STATE,CORN,ALL CLASSES,GRAIN,PRODUCTION,"CORN, GRAIN - PRODUCTION, MEASURED IN $",$,129098000,
2022,YEAR,ALL PRODUCTION PRACTICES,IDAHO,ID,16,,,STATE,CORN,ALL CLASSES,GRAIN,PRODUCTION,"CORN, GRAIN - PRODUCTION, MEASURED IN $",$,167152000,
2021,YEAR,ALL PRODUCTION PRACTICES,IDAHO,ID,16,,,STATE,CORN,ALL CLASSES,GRAIN,PRODUCTION,"CORN, GRAIN - PRODUCTION, MEASURED IN $",$,146108000,
2025,YEAR,ALL PRODUCTION PRACTICES,ILLINOIS,IL,17,,,STATE,CORN,ALL CLASSES,GRAIN,PRODUCTION,"CORN, GRAIN - PRODUCTION, MEASURED IN $",$,9769100000,
2024,YEAR,ALL PRODUCTION PRACTICES,ILLINOIS,IL,17,,,STATE,CORN,ALL CLASSES,GRAIN,PRODUCTION,"CORN, GRAIN - PRODUCTION, MEASURED IN $",$,9660189000,
2023,YEAR,ALL PRODUCTION PRACTICES,ILLINOIS,IL,17,,,STATE,CORN,ALL CLASSES,GRAIN,PRODUCTION,"CORN, GRAIN - PRODUCTION, MEASURED IN $",$,10152298000,
2022,YEAR,ALL PRODUCTION PRACTICES,ILLINOIS,IL,17,,,STATE,CORN,ALL CLASSES,GRAIN,PRODUCTION,"CORN, GRAIN - PRODUCTION, MEASURED IN $",$,14517760000,
2021,YEAR,ALL PRODUCTION PRACTICES,ILLINOIS,IL,17,,,STATE,CORN,ALL CLASSES,GRAIN,PRODUCTION,"CORN, GRAIN - PRODUCTION, MEASURED IN $",$,13062532000,
2025,YEAR,ALL PRODUCTION PRACTICES,INDIANA,IN,18,,,STATE,CORN,ALL CLASSES,GRAIN,PRODUCTION,"CORN, GRAIN - PRODUCTION, MEASURED IN $",$,4587756000,
2024,YEAR,ALL PRODUCTION PRACTICES,INDIANA,IN,18,,,STATE,CORN,ALL CLASSES,GRAIN,PRODUCTION,"CORN, GRAIN - PRODUCTION, MEASURED IN $",$,4319568000,
2023,YEAR,ALL PRODUCTION PRACTICES,INDIANA,IN,18,,,STATE,CORN,ALL CLASSES,GRAIN,PRODUCTION,"CORN, GRAIN - PRODUCTION, MEASURED IN $",$,4850685000,
2022,YEAR,ALL PRODUCTION PRACTICES,INDIANA,IN,18,,,STATE,CORN,ALL CLASSES,GRAIN,PRODUCTION,"CORN, GRAIN - PRODUCTION, MEASURED IN $",$,6316056000,
2021,YEAR,ALL PRODUCTION PRACTICES,INDIANA,IN,18,,,STATE,CORN,ALL CLASSES,GRAIN,PRODUCTION,"CORN, GRAIN - PRODUCTION, MEASURED IN $",$,6237836000,
2025,YEAR,ALL PRODUCTION PRACTICES,IOWA,IA,19,,,STATE,CORN,ALL CLASSES,GRAIN,PRODUCTION,"CORN, GRAIN - PRODUCTION, MEASURED IN $",$,11365200000,
2024,YEAR,ALL PRODUCTION PRACTICES,IOWA,IA,19,,,STATE,CORN,ALL CLASSES,GRAIN,PRODUCTION,"CORN, GRAIN - PRODUCTION, MEASURED IN $",$,11164538000,
2023,YEAR,ALL PRODUCTION PRACTICES,IOWA,IA,19,,,STATE,CORN,ALL CLASSES,GRAIN,PRODUCTION,"CORN, GRAIN - PRODUCTION, MEASURED IN $",$,11628956000,
2022,YEAR,ALL PRODUCTION PRACTICES,IOWA,IA,19,,,STATE,CORN,ALL CLASSES,GRAIN,PRODUCTION,"CORN, GRAIN - PRODUCTION, MEASURED IN $",$,16351400000,
2021,YEAR,ALL PRODUCTION PRACTICES,IOWA,IA,19,,,STATE,CORN,ALL CLASSES,GRAIN,PRODUCTION,"CORN, GRAIN - PRODUCTION, MEASURED IN $",$,15492780000,
2025,YEAR,ALL PRODUCTION PRACTICES,KANSAS,KS,20,,,STATE,CORN,ALL CLASSES,GRAIN,PRODUCTION,"CORN, GRAIN - PRODUCTION, MEASURED IN $",$,3770000000,
2024,YEAR,ALL PRODUCTION PRACTICES,KANSAS,KS,20,,,STATE,CORN,ALL CLASSES,GRAIN,PRODUCTION,"CORN, GRAIN - PRODUCTION, MEASURED IN $",$,3202296000,
2023,YEAR,ALL PRODUCTION PRACTICES,KANSAS,KS,20,,,STATE,CORN,ALL CLASSES,GRAIN,PRODUCTION,"CORN, GRAIN - PRODUCTION, MEASURED IN $",$,2898781000,
2022,YEAR,ALL PRODUCTION PRACTICES,KANSAS,KS,20,,,STATE,CORN,ALL CLASSES,GRAIN,PRODUCTION,"CORN, GRAIN - PRODUCTION, MEASURED IN $",$,3594624000,
2021,YEAR,ALL PRODUCTION PRACTICES,KANSAS,KS,20,,,STATE,CORN,ALL CLASSES,GRAIN,PRODUCTION,"CORN, GRAIN - PRODUCTION, MEASURED IN $",$,4518612000,
2025,YEAR,ALL PRODUCTION PRACTICES,KENTUCKY,KY,21,,,STATE,CORN,ALL CLASSES,GRAIN,PRODUCTION,"CORN, GRAIN - PRODUCTION, MEASURED IN $",$,1078987000,
2024,YEAR,ALL PRODUCTION PRACTICES,KENTUCKY,KY,21,,,STATE,CORN,ALL CLASSES,GRAIN,PRODUCTION,"CORN, GRAIN - PRODUCTION, MEASURED IN $",$,1036672000,
2023,YEAR,ALL PRODUCTION PRACTICES,KENTUCKY,KY,21,,,STATE,CORN,ALL CLASSES,GRAIN,PRODUCTION,"CORN, GRAIN - PRODUCTION, MEASURED IN $",$,1332375000,
2022,YEAR,ALL PRODUCTION PRACTICES,KENTUCKY,KY,21,,,STATE,CORN,ALL CLASSES,GRAIN,PRODUCTION,"CORN, GRAIN - PRODUCTION, MEASURED IN $",$,1394266000,
2021,YEAR,ALL PRODUCTION PRACTICES,KENTUCKY,KY,21,,,STATE,CORN,ALL CLASSES,GRAIN,PRODUCTION,"CORN, GRAIN - PRODUCTION, MEASURED IN $",$,1578586000,
2025,YEAR,ALL PRODUCTION PRACTICES,LOUISIANA,LA,22,,,STATE,CORN,ALL CLASSES,GRAIN,PRODUCTION,"CORN, GRAIN - PRODUCTION, MEASURED IN $",$,632751000,
2024,YEAR,ALL PRODUCTION PRACTICES,LOUISIANA,LA,22,,,STATE,CORN,ALL CLASSES,GRAIN,PRODUCTION,"CORN, GRAIN - PRODUCTION, MEASURED IN $",$,327228000,
2023,YEAR,ALL PRODUCTION PRACTICES,LOUISIANA,LA,22,,,STATE,CORN,ALL CLASSES,GRAIN,PRODUCTION,"CORN, GRAIN - PRODUCTION, MEASURED IN $",$,634270000,
2022,YEAR,ALL PRODUCTION PRACTICES,LOUISIANA,LA,22,,,STATE,CORN,ALL CLASSES,GRAIN,PRODUCTION,"CORN, GRAIN - PRODUCTION, MEASURED IN $",$,492507000,
2021,YEAR,ALL PRODUCTION PRACTICES,LOUISIANA,LA,22,,,STATE,CORN,ALL CLASSES,GRAIN,PRODUCTION,"CORN, GRAIN - PRODUCTION, MEASURED IN $",$,546960000,
2025,YEAR,ALL PRODUCTION PRACTICES,MARYLAND,MD,24,,,STATE,CORN,ALL CLASSES,GRAIN,PRODUCTION,"CORN, GRAIN - PRODUCTION, MEASURED IN $",$,308484000,
2024,YEAR,ALL PRODUCTION PRACTICES,MARYLAND,MD,24,,,STATE,CORN,ALL CLASSES,GRAIN,PRODUCTION,"CORN, GRAIN - PRODUCTION, MEASURED IN $",$,255398000,
2023,YEAR,ALL PRODUCTION PRACTICES,MARYLAND,MD,24,,,STATE,CORN,ALL CLASSES,GRAIN,PRODUCTION,"CORN, GRAIN - PRODUCTION, MEASURED IN $",$,332508000,
2022,YEAR,ALL PRODUCTION PRACTICES,MARYLAND,MD,24,,,STATE,CORN,ALL CLASSES,GRAIN,PRODUCTION,"CORN, GRAIN - PRODUCTION, MEASURED IN $",$,387882000,
2021,YEAR,ALL PRODUCTION PRACTICES,MARYLAND,MD,24,,,STATE,CORN,ALL CLASSES,GRAIN,PRODUCTION,"CORN, GRAIN - PRODUCTION, MEASURED IN $",$,464074000,
2025,YEAR,ALL PRODUCTION PRACTICES,MICHIGAN,MI,26,,,STATE,CORN,ALL CLASSES,GRAIN,PRODUCTION,"CORN, GRAIN - PRODUCTION, MEASURED IN $",$,1374516000,
2024,YEAR,ALL PRODUCTION PRACTICES,MICHIGAN,MI,26,,,STATE,CORN,ALL CLASSES,GRAIN,PRODUCTION,"CORN, GRAIN - PRODUCTION, MEASURED IN $",$,1468272000,
2023,YEAR,ALL PRODUCTION PRACTICES,MICHIGAN,MI,26,,,STATE,CORN,ALL CLASSES,GRAIN,PRODUCTION,"CORN, GRAIN - PRODUCTION, MEASURED IN $",$,1450075000,
2022,YEAR,ALL PRODUCTION PRACTICES,MICHIGAN,MI,26,,,STATE,CORN,ALL CLASSES,GRAIN,PRODUCTION,"CORN, GRAIN - PRODUCTION, MEASURED IN $",$,2007667000,
2021,YEAR,ALL PRODUCTION PRACTICES,MICHIGAN,MI,26,,,STATE,CORN,ALL CLASSES,GRAIN,PRODUCTION,"CORN, GRAIN - PRODUCTION, MEASURED IN $",$,2029084000,
2025,YEAR,ALL PRODUCTION PRACTICES,MINNESOTA,MN,27,,,STATE,CORN,ALL CLASSES,GRAIN,PRODUCTION,"CORN, GRAIN - PRODUCTION, MEASURED IN $",$,6708878000,
2024,YEAR,ALL PRODUCTION PRACTICES,MINNESOTA,MN,27,,,STATE,CORN,ALL CLASSES,GRAIN,PRODUCTION,"CORN, GRAIN - PRODUCTION, MEASURED IN $",$,5622184000,
2023,YEAR,ALL PRODUCTION PRACTICES,MINNESOTA,MN,27,,,STATE,CORN,ALL CLASSES,GRAIN,PRODUCTION,"CORN, GRAIN - PRODUCTION, MEASURED IN $",$,6688786000,
2022,YEAR,ALL PRODUCTION PRACTICES,MINNESOTA,MN,27,,,STATE,CORN,ALL CLASSES,GRAIN,PRODUCTION,"CORN, GRAIN - PRODUCTION, MEASURED IN $",$,9157649000,
2021,YEAR,ALL PRODUCTION PRACTICES,MINNESOTA,MN,27,,,STATE,CORN,ALL CLASSES,GRAIN,PRODUCTION,"CORN, GRAIN - PRODUCTION, MEASURED IN $",$,8148885000,
2025,YEAR,ALL PRODUCTION PRACTICES,MISSISSIPPI,MS,28,,,STATE,CORN,ALL CLASSES,GRAIN,PRODUCTION,"CORN, GRAIN - PRODUCTION, MEASURED IN $",$,649890000,
2024,YEAR,ALL PRODUCTION PRACTICES,MISSISSIPPI,MS,28,,,STATE,CORN,ALL CLASSES,GRAIN,PRODUCTION,"CORN, GRAIN - PRODUCTION, MEASURED IN $",$,348806000,
2023,YEAR,ALL PRODUCTION PRACTICES,MISSISSIPPI,MS,28,,,STATE,CORN,ALL CLASSES,GRAIN,PRODUCTION,"CORN, GRAIN - PRODUCTION, MEASURED IN $",$,684307000,
2022,YEAR,ALL PRODUCTION PRACTICES,MISSISSIPPI,MS,28,,,STATE,CORN,ALL CLASSES,GRAIN,PRODUCTION,"CORN, GRAIN - PRODUCTION, MEASURED IN $",$,640456000,
2021,YEAR,ALL PRODUCTION PRACTICES,MISSISSIPPI,MS,28,,,STATE,CORN,ALL CLASSES,GRAIN,PRODUCTION,"CORN, GRAIN - PRODUCTION, MEASURED IN $",$,708253000,
2025,YEAR,ALL PRODUCTION PRACTICES,MISSOURI,MO,29,,,STATE,CORN,ALL CLASSES,GRAIN,PRODUCTION,"CORN, GRAIN - PRODUCTION, MEASURED IN $",$,2809965000,
2024,YEAR,ALL PRODUCTION PRACTICES,MISSOURI,MO,29,,,STATE,CORN,ALL CLASSES,GRAIN,PRODUCTION,"CORN, GRAIN - PRODUCTION, MEASURED IN $",$,2568680000,
2023,YEAR,ALL PRODUCTION PRACTICES,MISSOURI,MO,29,,,STATE,CORN,ALL CLASSES,GRAIN,PRODUCTION,"CORN, GRAIN - PRODUCTION, MEASURED IN $",$,2582946000,
2022,YEAR,ALL PRODUCTION PRACTICES,MISSOURI,MO,29,,,STATE,CORN,ALL CLASSES,GRAIN,PRODUCTION,"CORN, GRAIN - PRODUCTION, MEASURED IN $",$,3359764000,
2021,YEAR,ALL PRODUCTION PRACTICES,MISSOURI,MO,29,,,STATE,CORN,ALL CLASSES,GRAIN,PRODUCTION,"CORN, GRAIN - PRODUCTION, MEASURED IN $",$,3354026000,
2025,YEAR,ALL PRODUCTION PRACTICES,MONTANA,MT,30,,,STATE,CORN,ALL CLASSES,GRAIN,PRODUCTION,"CORN, GRAIN - PRODUCTION, MEASURED IN $",$,36135000,
2024,YEAR,ALL PRODUCTION PRACTICES,MONTANA,MT,30,,,STATE,CORN,ALL CLASSES,GRAIN,PRODUCTION,"CORN, GRAIN - PRODUCTION, MEASURED IN $",$,30172000,
2023,YEAR,ALL PRODUCTION PRACTICES,MONTANA,MT,30,,,STATE,CORN,ALL CLASSES,GRAIN,PRODUCTION,"CORN, GRAIN - PRODUCTION, MEASURED IN $",$,45264000,
2022,YEAR,ALL PRODUCTION PRACTICES,MONTANA,MT,30,,,STATE,CORN,ALL CLASSES,GRAIN,PRODUCTION,"CORN, GRAIN - PRODUCTION, MEASURED IN $",$,55332000,
2021,YEAR,ALL PRODUCTION PRACTICES,MONTANA,MT,30,,,STATE,CORN,ALL CLASSES,GRAIN,PRODUCTION,"CORN, GRAIN - PRODUCTION, MEASURED IN $",$,41400000,
2025,YEAR,ALL PRODUCTION PRACTICES,NEBRASKA,NE,31,,,STATE,CORN,ALL CLASSES,GRAIN,PRODUCTION,"CORN, GRAIN - PRODUCTION, MEASURED IN $",$,8311930000,
2024,YEAR,ALL PRODUCTION PRACTICES,NEBRASKA,NE,31,,,STATE,CORN,ALL CLASSES,GRAIN,PRODUCTION,"CORN, GRAIN - PRODUCTION, MEASURED IN $",$,7806644000,
2023,YEAR,ALL PRODUCTION PRACTICES,NEBRASKA,NE,31,,,STATE,CORN,ALL CLASSES,GRAIN,PRODUCTION,"CORN, GRAIN - PRODUCTION, MEASURED IN $",$,8091720000,
2022,YEAR,ALL PRODUCTION PRACTICES,NEBRASKA,NE,31,,,STATE,CORN,ALL CLASSES,GRAIN,PRODUCTION,"CORN, GRAIN - PRODUCTION, MEASURED IN $",$,9852381000,
2021,YEAR,ALL PRODUCTION PRACTICES,NEBRASKA,NE,31,,,STATE,CORN,ALL CLASSES,GRAIN,PRODUCTION,"CORN, GRAIN - PRODUCTION, MEASURED IN $",$,11053654000,
2025,YEAR,ALL PRODUCTION PRACTICES,NEW JERSEY,NJ,34,,,STATE,CORN,ALL CLASSES,GRAIN,PRODUCTION,"CORN, GRAIN - PRODUCTION, MEASURED IN $",$,50474000,
2024,YEAR,ALL PRODUCTION PRACTICES,NEW JERSEY,NJ,34,,,STATE,CORN,ALL CLASSES,GRAIN,PRODUCTION,"CORN, GRAIN - PRODUCTION, MEASURED IN $",$,45108000,
2023,YEAR,ALL PRODUCTION PRACTICES,NEW JERSEY,NJ,34,,,STATE,CORN,ALL CLASSES,GRAIN,PRODUCTION,"CORN, GRAIN - PRODUCTION, MEASURED IN $",$,49686000,
2022,YEAR,ALL PRODUCTION PRACTICES,NEW JERSEY,NJ,34,,,STATE,CORN,ALL CLASSES,GRAIN,PRODUCTION,"CORN, GRAIN - PRODUCTION, MEASURED IN $",$,43044000,
2021,YEAR,ALL PRODUCTION PRACTICES,NEW JERSEY,NJ,34,,,STATE,CORN,ALL CLASSES,GRAIN,PRODUCTION,"CORN, GRAIN - PRODUCTION, MEASURED IN $",$,72881000,
2025,YEAR,ALL PRODUCTION PRACTICES,NEW MEXICO,NM,35,,,STATE,CORN,ALL CLASSES,GRAIN,PRODUCTION,"CORN, GRAIN - PRODUCTION, MEASURED IN $",$,39202000,
2024,YEAR,ALL PRODUCTION PRACTICES,NEW MEXICO,NM,35,,,STATE,CORN,ALL CLASSES,GRAIN,PRODUCTION,"CORN, GRAIN - PRODUCTION, MEASURED IN $",$,42312000,
2023,YEAR,ALL PRODUCTION PRACTICES,NEW MEXICO,NM,35,,,STATE,CORN,ALL CLASSES,GRAIN,PRODUCTION,"CORN, GRAIN - PRODUCTION, MEASURED IN $",$,42982000,
2022,YEAR,ALL PRODUCTION PRACTICES,NEW MEXICO,NM,35,,,STATE,CORN,ALL CLASSES,GRAIN,PRODUCTION,"CORN, GRAIN - PRODUCTION, MEASURED IN $",$,38889000,
2021,YEAR,ALL PRODUCTION PRACTICES,NEW MEXICO,NM,35,,,STATE,CORN,ALL CLASSES,GRAIN,PRODUCTION,"CORN, GRAIN - PRODUCTION, MEASURED IN $",$,41262000,
2025,YEAR,ALL PRODUCTION PRACTICES,NEW YORK,NY,36,,,STATE,CORN,ALL CLASSES,GRAIN,PRODUCTION,"CORN, GRAIN - PRODUCTION, MEASURED IN $",$,302400000,
2024,YEAR,ALL PRODUCTION PRACTICES,NEW YORK,NY,36,,,STATE,CORN,ALL CLASSES,GRAIN,PRODUCTION,"CORN, GRAIN - PRODUCTION, MEASURED IN $",$,384560000,
2023,YEAR,ALL PRODUCTION PRACTICES,NEW YORK,NY,36,,,STATE,CORN,ALL CLASSES,GRAIN,PRODUCTION,"CORN, GRAIN - PRODUCTION, MEASURED IN $",$,398772000,
2022,YEAR,ALL PRODUCTION PRACTICES,NEW YORK,NY,36,,,STATE,CORN,ALL CLASSES,GRAIN,PRODUCTION,"CORN, GRAIN - PRODUCTION, MEASURED IN $",$,531123000,
2021,YEAR,ALL PRODUCTION PRACTICES,NEW YORK,NY,36,,,STATE,CORN,ALL CLASSES,GRAIN,PRODUCTION,"CORN, GRAIN - PRODUCTION, MEASURED IN $",$,624163000,
2025,YEAR,ALL PRODUCTION PRACTICES,NORTH CAROLINA,NC,37,,,STATE,CORN,ALL CLASSES,GRAIN,PRODUCTION,"CORN, GRAIN - PRODUCTION, MEASURED IN $",$,622440000,
2024,YEAR,ALL PRODUCTION PRACTICES,NORTH CAROLINA,NC,37,,,STATE,CORN,ALL CLASSES,GRAIN,PRODUCTION,"CORN, GRAIN - PRODUCTION, MEASURED IN $",$,357283000,
2023,YEAR,ALL PRODUCTION PRACTICES,NORTH CAROLINA,NC,37,,,STATE,CORN,ALL CLASSES,GRAIN,PRODUCTION,"CORN, GRAIN - PRODUCTION, MEASURED IN $",$,738234000,
2022,YEAR,ALL PRODUCTION PRACTICES,NORTH CAROLINA,NC,37,,,STATE,CORN,ALL CLASSES,GRAIN,PRODUCTION,"CORN, GRAIN - PRODUCTION, MEASURED IN $",$,716751000,
2021,YEAR,ALL PRODUCTION PRACTICES,NORTH CAROLINA,NC,37,,,STATE,CORN,ALL CLASSES,GRAIN,PRODUCTION,"CORN, GRAIN - PRODUCTION, MEASURED IN $",$,849524000,
2025,YEAR,ALL PRODUCTION PRACTICES,NORTH DAKOTA,ND,38,,,STATE,CORN,ALL CLASSES,GRAIN,PRODUCTION,"CORN, GRAIN - PRODUCTION, MEASURED IN $",$,2701800000,
2024,YEAR,ALL PRODUCTION PRACTICES,NORTH DAKOTA,ND,38,,,STATE,CORN,ALL CLASSES,GRAIN,PRODUCTION,"CORN, GRAIN - PRODUCTION, MEASURED IN $",$,2147746000,
2023,YEAR,ALL PRODUCTION PRACTICES,NORTH DAKOTA,ND,38,,,STATE,CORN,ALL CLASSES,GRAIN,PRODUCTION,"CORN, GRAIN - PRODUCTION, MEASURED IN $",$,2249676000,
2022,YEAR,ALL PRODUCTION PRACTICES,NORTH DAKOTA,ND,38,,,STATE,CORN,ALL CLASSES,GRAIN,PRODUCTION,"CORN, GRAIN - PRODUCTION, MEASURED IN $",$,2122120000,
2021,YEAR,ALL PRODUCTION PRACTICES,NORTH DAKOTA,ND,38,,,STATE,CORN,ALL CLASSES,GRAIN,PRODUCTION,"CORN, GRAIN - PRODUCTION, MEASURED IN $",$,2233539000,
2025,YEAR,ALL PRODUCTION PRACTICES,OHIO,OH,39,,,STATE,CORN,ALL CLASSES,GRAIN,PRODUCTION,"CORN, GRAIN - PRODUCTION, MEASURED IN $",$,2484550000,
2024,YEAR,ALL PRODUCTION PRACTICES,OHIO,OH,39,,,STATE,CORN,ALL CLASSES,GRAIN,PRODUCTION,"CORN, GRAIN - PRODUCTION, MEASURED IN $",$,2424192000,
2023,YEAR,ALL PRODUCTION PRACTICES,OHIO,OH,39,,,STATE,CORN,ALL CLASSES,GRAIN,PRODUCTION,"CORN, GRAIN - PRODUCTION, MEASURED IN $",$,2955348000,
2022,YEAR,ALL PRODUCTION PRACTICES,OHIO,OH,39,,,STATE,CORN,ALL CLASSES,GRAIN,PRODUCTION,"CORN, GRAIN - PRODUCTION, MEASURED IN $",$,3734465000,
2021,YEAR,ALL PRODUCTION PRACTICES,OHIO,OH,39,,,STATE,CORN,ALL CLASSES,GRAIN,PRODUCTION,"CORN, GRAIN - PRODUCTION, MEASURED IN $",$,3816150000,
2025,YEAR,ALL PRODUCTION PRACTICES,OKLAHOMA,OK,40,,,STATE,CORN,ALL CLASSES,GRAIN,PRODUCTION,"CORN, GRAIN - PRODUCTION, MEASURED IN $",$,259677000,
2024,YEAR,ALL PRODUCTION PRACTICES,OKLAHOMA,OK,40,,,STATE,CORN,ALL CLASSES,GRAIN,PRODUCTION,"CORN, GRAIN - PRODUCTION, MEASURED IN $",$,192060000,
2023,YEAR,ALL PRODUCTION PRACTICES,OKLAHOMA,OK,40,,,STATE,CORN,ALL CLASSES,GRAIN,PRODUCTION,"CORN, GRAIN - PRODUCTION, MEASURED IN $",$,273564000,
2022,YEAR,ALL PRODUCTION PRACTICES,OKLAHOMA,OK,40,,,STATE,CORN,ALL CLASSES,GRAIN,PRODUCTION,"CORN, GRAIN - PRODUCTION, MEASURED IN $",$,184220000,
2021,YEAR,ALL PRODUCTION PRACTICES,OKLAHOMA,OK,40,,,STATE,CORN,ALL CLASSES,GRAIN,PRODUCTION,"CORN, GRAIN - PRODUCTION, MEASURED IN $",$,271695000,
2025,YEAR,ALL PRODUCTION PRACTICES,OREGON,OR,41,,,STATE,CORN,ALL CLASSES,GRAIN,PRODUCTION,"CORN, GRAIN - PRODUCTION, MEASURED IN $",$,82305000,
2024,YEAR,ALL PRODUCTION PRACTICES,OREGON,OR,41,,,STATE,CORN,ALL CLASSES,GRAIN,PRODUCTION,"CORN, GRAIN - PRODUCTION, MEASURED IN $",$,79934000,
2023,YEAR,ALL PRODUCTION PRACTICES,OREGON,OR,41,,,STATE,CORN,ALL CLASSES,GRAIN,PRODUCTION,"CORN, GRAIN - PRODUCTION, MEASURED IN $",$,66971000,
2022,YEAR,ALL PRODUCTION PRACTICES,OREGON,OR,41,,,STATE,CORN,ALL CLASSES,GRAIN,PRODUCTION,"CORN, GRAIN - PRODUCTION, MEASURED IN $",$,79881000,
2021,YEAR,ALL PRODUCTION PRACTICES,OREGON,OR,41,,,STATE,CORN,ALL CLASSES,GRAIN,PRODUCTION,"CORN, GRAIN - PRODUCTION, MEASURED IN $",$,95436000,
2025,YEAR,ALL PRODUCTION PRACTICES,PENNSYLVANIA,PA,42,,,STATE,CORN,ALL CLASSES,GRAIN,PRODUCTION,"CORN, GRAIN - PRODUCTION, MEASURED IN $",$,472328000,
2024,YEAR,ALL PRODUCTION PRACTICES,PENNSYLVANIA,PA,42,,,STATE,CORN,ALL CLASSES,GRAIN,PRODUCTION,"CORN, GRAIN - PRODUCTION, MEASURED IN $",$,436632000,
2023,YEAR,ALL PRODUCTION PRACTICES,PENNSYLVANIA,PA,42,,,STATE,CORN,ALL CLASSES,GRAIN,PRODUCTION,"CORN, GRAIN - PRODUCTION, MEASURED IN $",$,509245000,
2022,YEAR,ALL PRODUCTION PRACTICES,PENNSYLVANIA,PA,42,,,STATE,CORN,ALL CLASSES,GRAIN,PRODUCTION,"CORN, GRAIN - PRODUCTION, MEASURED IN $",$,632100000,
2021,YEAR,ALL PRODUCTION PRACTICES,PENNSYLVANIA,PA,42,,,STATE,CORN,ALL CLASSES,GRAIN,PRODUCTION,"CORN, GRAIN - PRODUCTION, MEASURED IN $",$,955273000,
2025,YEAR,ALL PRODUCTION PRACTICES,SOUTH CAROLINA,SC,45,,,STATE,CORN,ALL CLASSES,GRAIN,PRODUCTION,"CORN, GRAIN - PRODUCTION, MEASURED IN $",$,239982000,
2024,YEAR,ALL PRODUCTION PRACTICES,SOUTH CAROLINA,SC,45,,,STATE,CORN,ALL CLASSES,GRAIN,PRODUCTION,"CORN, GRAIN - PRODUCTION, MEASURED IN $",$,141703000,
2023,YEAR,ALL PRODUCTION PRACTICES,SOUTH CAROLINA,SC,45,,,STATE,CORN,ALL CLASSES,GRAIN,PRODUCTION,"CORN, GRAIN - PRODUCTION, MEASURED IN $",$,286125000,
2022,YEAR,ALL PRODUCTION PRACTICES,SOUTH CAROLINA,SC,45,,,STATE,CORN,ALL CLASSES,GRAIN,PRODUCTION,"CORN, GRAIN - PRODUCTION, MEASURED IN $",$,267546000,
2021,YEAR,ALL PRODUCTION PRACTICES,SOUTH CAROLINA,SC,45,,,STATE,CORN,ALL CLASSES,GRAIN,PRODUCTION,"CORN, GRAIN - PRODUCTION, MEASURED IN $",$,305494000,
2025,YEAR,ALL PRODUCTION PRACTICES,SOUTH DAKOTA,SD,46,,,STATE,CORN,ALL CLASSES,GRAIN,PRODUCTION,"CORN, GRAIN - PRODUCTION, MEASURED IN $",$,4126230000,
2024,YEAR,ALL PRODUCTION PRACTICES,SOUTH DAKOTA,SD,46,,,STATE,CORN,ALL CLASSES,GRAIN,PRODUCTION,"CORN, GRAIN - PRODUCTION, MEASURED IN $",$,3535840000,
2023,YEAR,ALL PRODUCTION PRACTICES,SOUTH DAKOTA,SD,46,,,STATE,CORN,ALL CLASSES,GRAIN,PRODUCTION,"CORN, GRAIN - PRODUCTION, MEASURED IN $",$,3664690000,
2022,YEAR,ALL PRODUCTION PRACTICES,SOUTH DAKOTA,SD,46,,,STATE,CORN,ALL CLASSES,GRAIN,PRODUCTION,"CORN, GRAIN - PRODUCTION, MEASURED IN $",$,4298580000,
2021,YEAR,ALL PRODUCTION PRACTICES,SOUTH DAKOTA,SD,46,,,STATE,CORN,ALL CLASSES,GRAIN,PRODUCTION,"CORN, GRAIN - PRODUCTION, MEASURED IN $",$,4486695000,
2025,YEAR,ALL PRODUCTION PRACTICES,TENNESSEE,TN,47,,,STATE,CORN,ALL CLASSES,GRAIN,PRODUCTION,"CORN, GRAIN - PRODUCTION, MEASURED IN $",$,616572000,
2024,YEAR,ALL PRODUCTION PRACTICES,TENNESSEE,TN,47,,,STATE,CORN,ALL CLASSES,GRAIN,PRODUCTION,"CORN, GRAIN - PRODUCTION, MEASURED IN $",$,453446000,
2023,YEAR,ALL PRODUCTION PRACTICES,TENNESSEE,TN,47,,,STATE,CORN,ALL CLASSES,GRAIN,PRODUCTION,"CORN, GRAIN - PRODUCTION, MEASURED IN $",$,731358000,
2022,YEAR,ALL PRODUCTION PRACTICES,TENNESSEE,TN,47,,,STATE,CORN,ALL CLASSES,GRAIN,PRODUCTION,"CORN, GRAIN - PRODUCTION, MEASURED IN $",$,685776000,
2021,YEAR,ALL PRODUCTION PRACTICES,TENNESSEE,TN,47,,,STATE,CORN,ALL CLASSES,GRAIN,PRODUCTION,"CORN, GRAIN - PRODUCTION, MEASURED IN $",$,896427000,
2025,YEAR,ALL PRODUCTION PRACTICES,TEXAS,TX,48,,,STATE,CORN,ALL CLASSES,GRAIN,PRODUCTION,"CORN, GRAIN - PRODUCTION, MEASURED IN $",$,1328940000,
2024,YEAR,ALL PRODUCTION PRACTICES,TEXAS,TX,48,,,STATE,CORN,ALL CLASSES,GRAIN,PRODUCTION,"CORN, GRAIN - PRODUCTION, MEASURED IN $",$,1037232000,
2023,YEAR,ALL PRODUCTION PRACTICES,TEXAS,TX,48,,,STATE,CORN,ALL CLASSES,GRAIN,PRODUCTION,"CORN, GRAIN - PRODUCTION, MEASURED IN $",$,1398852000,
2022,YEAR,ALL PRODUCTION PRACTICES,TEXAS,TX,48,,,STATE,CORN,ALL CLASSES,GRAIN,PRODUCTION,"CORN, GRAIN - PRODUCTION, MEASURED IN $",$,1157832000,
2021,YEAR,ALL PRODUCTION PRACTICES,TEXAS,TX,48,,,STATE,CORN,ALL CLASSES,GRAIN,PRODUCTION,"CORN, GRAIN - PRODUCTION, MEASURED IN $",$,1463424000,
2025,YEAR,ALL PRODUCTION PRACTICES,UTAH,UT,49,,,STATE,CORN,ALL CLASSES,GRAIN,PRODUCTION,"CORN, GRAIN - PRODUCTION, MEASURED IN $",$,29515000,
2024,YEAR,ALL PRODUCTION PRACTICES,UTAH,UT,49,,,STATE,CORN,ALL CLASSES,GRAIN,PRODUCTION,"CORN, GRAIN - PRODUCTION, MEASURED IN $",$,25025000,
2023,YEAR,ALL PRODUCTION PRACTICES,UTAH,UT,49,,,STATE,CORN,ALL CLASSES,GRAIN,PRODUCTION,"CORN, GRAIN - PRODUCTION, MEASURED IN $",$,29471000,
2022,YEAR,ALL PRODUCTION PRACTICES,UTAH,UT,49,,,STATE,CORN,ALL CLASSES,GRAIN,PRODUCTION,"CORN, GRAIN - PRODUCTION, MEASURED IN $",$,16748000,
2021,YEAR,ALL PRODUCTION PRACTICES,UTAH,UT,49,,,STATE,CORN,ALL CLASSES,GRAIN,PRODUCTION,"CORN, GRAIN - PRODUCTION, MEASURED IN $",$,19932000,
2025,YEAR,ALL PRODUCTION PRACTICES,VIRGINIA,VA,51,,,STATE,CORN,ALL CLASSES,GRAIN,PRODUCTION,"CORN, GRAIN - PRODUCTION, MEASURED IN $",$,261660000,
2024,YEAR,ALL PRODUCTION PRACTICES,VIRGINIA,VA,51,,,STATE,CORN,ALL CLASSES,GRAIN,PRODUCTION,"CORN, GRAIN - PRODUCTION, MEASURED IN $",$,155382000,
2023,YEAR,ALL PRODUCTION PRACTICES,VIRGINIA,VA,51,,,STATE,CORN,ALL CLASSES,GRAIN,PRODUCTION,"CORN, GRAIN - PRODUCTION, MEASURED IN $",$,296259000,
2022,YEAR,ALL PRODUCTION PRACTICES,VIRGINIA,VA,51,,,STATE,CORN,ALL CLASSES,GRAIN,PRODUCTION,"CORN, GRAIN - PRODUCTION, MEASURED IN $",$,379925000,
2021,YEAR,ALL PRODUCTION PRACTICES,VIRGINIA,VA,51,,,STATE,CORN,ALL CLASSES,GRAIN,PRODUCTION,"CORN, GRAIN - PRODUCTION, MEASURED IN $",$,353280000,
2025,YEAR,ALL PRODUCTION PRACTICES,WASHINGTON,WA,53,,,STATE,CORN,ALL CLASSES,GRAIN,PRODUCTION,"CORN, GRAIN - PRODUCTION, MEASURED IN $",$,132528000,
2024,YEAR,ALL PRODUCTION PRACTICES,WASHINGTON,WA,53,,,STATE,CORN,ALL CLASSES,GRAIN,PRODUCTION,"CORN, GRAIN - PRODUCTION, MEASURED IN $",$,123930000,
2023,YEAR,ALL PRODUCTION PRACTICES,WASHINGTON,WA,53,,,STATE,CORN,ALL CLASSES,GRAIN,PRODUCTION,"CORN, GRAIN - PRODUCTION, MEASURED IN $",$,93600000,
2022,YEAR,ALL PRODUCTION PRACTICES,WASHINGTON,WA,53,,,STATE,CORN,ALL CLASSES,GRAIN,PRODUCTION,"CORN, GRAIN - PRODUCTION, MEASURED IN $",$,124080000,
2021,YEAR,ALL PRODUCTION PRACTICES,WASHINGTON,WA,53,,,STATE,CORN,ALL CLASSES,GRAIN,PRODUCTION,"CORN, GRAIN - PRODUCTION, MEASURED IN $",$,133015000,
2025,YEAR,ALL PRODUCTION PRACTICES,WEST VIRGINIA,WV,54,,,STATE,CORN,ALL CLASSES,GRAIN,PRODUCTION,"CORN, GRAIN - PRODUCTION, MEASURED IN $",$,20655000,
2024,YEAR,ALL PRODUCTION PRACTICES,WEST VIRGINIA,WV,54,,,STATE,CORN,ALL CLASSES,GRAIN,PRODUCTION,"CORN, GRAIN - PRODUCTION, MEASURED IN $",$,12276000,
2023,YEAR,ALL PRODUCTION PRACTICES,WEST VIRGINIA,WV,54,,,STATE,CORN,ALL CLASSES,GRAIN,PRODUCTION,"CORN, GRAIN - PRODUCTION, MEASURED IN $",$,21750000,
2022,YEAR,ALL PRODUCTION PRACTICES,WEST VIRGINIA,WV,54,,,STATE,CORN,ALL CLASSES,GRAIN,PRODUCTION,"CORN, GRAIN - PRODUCTION, MEASURED IN $",$,34776000,
2021,YEAR,ALL PRODUCTION PRACTICES,WEST VIRGINIA,WV,54,,,STATE,CORN,ALL CLASSES,GRAIN,PRODUCTION,"CORN, GRAIN - PRODUCTION, MEASURED IN $",$,28987000,
2025,YEAR,ALL PRODUCTION PRACTICES,WISCONSIN,WI,55,,,STATE,CORN,ALL CLASSES,GRAIN,PRODUCTION,"CORN, GRAIN - PRODUCTION, MEASURED IN $",$,2451708000,
2024,YEAR,ALL PRODUCTION PRACTICES,WISCONSIN,WI,55,,,STATE,CORN,ALL CLASSES,GRAIN,PRODUCTION,"CORN, GRAIN - PRODUCTION, MEASURED IN $",$,2127115000,
2023,YEAR,ALL PRODUCTION PRACTICES,WISCONSIN,WI,55,,,STATE,CORN,ALL CLASSES,GRAIN,PRODUCTION,"CORN, GRAIN - PRODUCTION, MEASURED IN $",$,2370826000,
2022,YEAR,ALL PRODUCTION PRACTICES,WISCONSIN,WI,55,,,STATE,CORN,ALL CLASSES,GRAIN,PRODUCTION,"CORN, GRAIN - PRODUCTION, MEASURED IN $",$,3288402000,
2021,YEAR,ALL PRODUCTION PRACTICES,WISCONSIN,WI,55,,,STATE,CORN,ALL CLASSES,GRAIN,PRODUCTION,"CORN, GRAIN - PRODUCTION, MEASURED IN $",$,3240000000,
2025,YEAR,ALL PRODUCTION PRACTICES,WYOMING,WY,56,,,STATE,CORN,ALL CLASSES,GRAIN,PRODUCTION,"CORN, GRAIN - PRODUCTION, MEASURED IN $",$,37483000,
2024,YEAR,ALL PRODUCTION PRACTICES,WYOMING,WY,56,,,STATE,CORN,ALL CLASSES,GRAIN,PRODUCTION,"CORN, GRAIN - PRODUCTION, MEASURED IN $",$,54707000,
2023,YEAR,ALL PRODUCTION PRACTICES,WYOMING,WY,56,,,STATE,CORN,ALL CLASSES,GRAIN,PRODUCTION,"CORN, GRAIN - PRODUCTION, MEASURED IN $",$,51454000,
2022,YEAR,ALL PRODUCTION PRACTICES,WYOMING,WY,56,,,STATE,CORN,ALL CLASSES,GRAIN,PRODUCTION,"CORN, GRAIN - PRODUCTION, MEASURED IN $",$,67687000,
2021,YEAR,ALL PRODUCTION PRACTICES,WYOMING,WY,56,,,STATE,CORN,ALL CLASSES,GRAIN,PRODUCTION,"CORN, GRAIN - PRODUCTION, MEASURED IN $",$,62568000,
2025,YEAR,ALL PRODUCTION PRACTICES,OTHER STATES,OT,98,,,STATE,CORN,ALL CLASSES,GRAIN,PRODUCTION,"CORN, GRAIN - PRODUCTION, MEASURED IN BU",BU,0,
2024,YEAR,ALL PRODUCTION PRACTICES,OTHER STATES,OT,98,,,STATE,CORN,ALL CLASSES,GRAIN,PRODUCTION,"CORN, GRAIN - PRODUCTION, MEASURED IN BU",BU,0,
2023,YEAR,ALL PRODUCTION PRACTICES,OTHER STATES,OT,98,,,STATE,CORN,ALL CLASSES,GRAIN,PRODUCTION,"CORN, GRAIN - PRODUCTION, MEASURED IN BU",BU,0,
2022,YEAR,ALL PRODUCTION PRACTICES,OTHER STATES,OT,98,,,STATE,CORN,ALL CLASSES,GRAIN,PRODUCTION,"CORN, GRAIN - PRODUCTION, MEASURED IN BU",BU,0,
2021,YEAR,ALL PRODUCTION PRACTICES,OTHER STATES,OT,98,,,STATE,CORN,ALL CLASSES,GRAIN,PRODUCTION,"CORN, GRAIN - PRODUCTION, MEASURED IN BU",BU,0,
2025,YEAR,ALL PRODUCTION PRACTICES,ALABAMA,AL,01,,,STATE,CORN,ALL CLASSES,GRAIN,PRODUCTION,"CORN, GRAIN - PRODUCTION, MEASURED IN BU",BU,51680000,
2024,YEAR,ALL PRODUCTION PRACTICES,ALABAMA,AL,01,,,STATE,CORN,ALL CLASSES,GRAIN,PRODUCTION,"CORN, GRAIN - PRODUCTION, MEASURED IN BU",BU,30240000,
2023,YEAR,ALL PRODUCTION PRACTICES,ALABAMA,AL,01,,,STATE,CORN,ALL CLASSES,GRAIN,PRODUCTION,"CORN, GRAIN - PRODUCTION, MEASURED IN BU",BU,52480000,
2022,YEAR,ALL PRODUCTION PRACTICES,ALABAMA,AL,01,,,STATE,CORN,ALL CLASSES,GRAIN,PRODUCTION,"CORN, GRAIN - PRODUCTION, MEASURED IN BU",BU,34220000,
2021,YEAR,ALL PRODUCTION PRACTICES,ALABAMA,AL,01,,,STATE,CORN,ALL CLASSES,GRAIN,PRODUCTION,"CORN, GRAIN - PRODUCTION, MEASURED IN BU",BU,52160000,
2025,YEAR,ALL PRODUCTION PRACTICES,ARIZONA,AZ,04,,,STATE,CORN,ALL CLASSES,GRAIN,PRODUCTION,"CORN, GRAIN - PRODUCTION, MEASURED IN BU",BU,3168000,
2024,YEAR,ALL PRODUCTION PRACTICES,ARIZONA,AZ,04,,,STATE,CORN,ALL CLASSES,GRAIN,PRODUCTION,"CORN, GRAIN - PRODUCTION, MEASURED IN BU",BU,4275000,
2023,YEAR,ALL PRODUCTION PRACTICES,ARIZONA,AZ,04,,,STATE,CORN,ALL CLASSES,GRAIN,PRODUCTION,"CORN, GRAIN - PRODUCTION, MEASURED IN BU",BU,7828000,
2022,YEAR,ALL PRODUCTION PRACTICES,ARIZONA,AZ,04,,,STATE,CORN,ALL CLASSES,GRAIN,PRODUCTION,"CORN, GRAIN - PRODUCTION, MEASURED IN BU",BU,9900000,
2021,YEAR,ALL PRODUCTION PRACTICES,ARIZONA,AZ,04,,,STATE,CORN,ALL CLASSES,GRAIN,PRODUCTION,"CORN, GRAIN - PRODUCTION, MEASURED IN BU",BU,3258000,
2025,YEAR,ALL PRODUCTION PRACTICES,ARKANSAS,AR,05,,,STATE,CORN,ALL CLASSES,GRAIN,PRODUCTION,"CORN, GRAIN - PRODUCTION, MEASURED IN BU",BU,143780000,
2024,YEAR,ALL PRODUCTION PRACTICES,ARKANSAS,AR,05,,,STATE,CORN,ALL CLASSES,GRAIN,PRODUCTION,"CORN, GRAIN - PRODUCTION, MEASURED IN BU",BU,89760000,
2023,YEAR,ALL PRODUCTION PRACTICES,ARKANSAS,AR,05,,,STATE,CORN,ALL CLASSES,GRAIN,PRODUCTION,"CORN, GRAIN - PRODUCTION, MEASURED IN BU",BU,151890000,
2022,YEAR,ALL PRODUCTION PRACTICES,ARKANSAS,AR,05,,,STATE,CORN,ALL CLASSES,GRAIN,PRODUCTION,"CORN, GRAIN - PRODUCTION, MEASURED IN BU",BU,120235000,
2021,YEAR,ALL PRODUCTION PRACTICES,ARKANSAS,AR,05,,,STATE,CORN,ALL CLASSES,GRAIN,PRODUCTION,"CORN, GRAIN - PRODUCTION, MEASURED IN BU",BU,152720000,
2025,YEAR,ALL PRODUCTION PRACTICES,CALIFORNIA,CA,06,,,STATE,CORN,ALL CLASSES,GRAIN,PRODUCTION,"CORN, GRAIN - PRODUCTION, MEASURED IN BU",BU,8650000,
2024,YEAR,ALL PRODUCTION PRACTICES,CALIFORNIA,CA,06,,,STATE,CORN,ALL CLASSES,GRAIN,PRODUCTION,"CORN, GRAIN - PRODUCTION, MEASURED IN BU",BU,10010000,
2023,YEAR,ALL PRODUCTION PRACTICES,CALIFORNIA,CA,06,,,STATE,CORN,ALL CLASSES,GRAIN,PRODUCTION,"CORN, GRAIN - PRODUCTION, MEASURED IN BU",BU,7120000,
2022,YEAR,ALL PRODUCTION PRACTICES,CALIFORNIA,CA,06,,,STATE,CORN,ALL CLASSES,GRAIN,PRODUCTION,"CORN, GRAIN - PRODUCTION, MEASURED IN BU",BU,3540000,
2021,YEAR,ALL PRODUCTION PRACTICES,CALIFORNIA,CA,06,,,STATE,CORN,ALL CLASSES,GRAIN,PRODUCTION,"CORN, GRAIN - PRODUCTION, MEASURED IN BU",BU,9400000,
2025,YEAR,ALL PRODUCTION PRACTICES,COLORADO,CO,08,,,STATE,CORN,ALL CLASSES,GRAIN,PRODUCTION,"CORN, GRAIN - PRODUCTION, MEASURED IN BU",BU,166250000,
2024,YEAR,ALL PRODUCTION PRACTICES,COLORADO,CO,08,,,STATE,CORN,ALL CLASSES,GRAIN,PRODUCTION,"CORN, GRAIN - PRODUCTION, MEASURED IN BU",BU,136880000,
2023,YEAR,ALL PRODUCTION PRACTICES,COLORADO,CO,08,,,STATE,CORN,ALL CLASSES,GRAIN,PRODUCTION,"CORN, GRAIN - PRODUCTION, MEASURED IN BU",BU,123830000,
2022,YEAR,ALL PRODUCTION PRACTICES,COLORADO,CO,08,,,STATE,CORN,ALL CLASSES,GRAIN,PRODUCTION,"CORN, GRAIN - PRODUCTION, MEASURED IN BU",BU,117370000,
2021,YEAR,ALL PRODUCTION PRACTICES,COLORADO,CO,08,,,STATE,CORN,ALL CLASSES,GRAIN,PRODUCTION,"CORN, GRAIN - PRODUCTION, MEASURED IN BU",BU,147060000,
2025,YEAR,ALL PRODUCTION PRACTICES,DELAWARE,DE,10,,,STATE,CORN,ALL CLASSES,GRAIN,PRODUCTION,"CORN, GRAIN - PRODUCTION, MEASURED IN BU",BU,32852000,
2024,YEAR,ALL PRODUCTION PRACTICES,DELAWARE,DE,10,,,STATE,CORN,ALL CLASSES,GRAIN,PRODUCTION,"CORN, GRAIN - PRODUCTION, MEASURED IN BU",BU,27531000,
2023,YEAR,ALL PRODUCTION PRACTICES,DELAWARE,DE,10,,,STATE,CORN,ALL CLASSES,GRAIN,PRODUCTION,"CORN, GRAIN - PRODUCTION, MEASURED IN BU",BU,32508000,
2022,YEAR,ALL PRODUCTION PRACTICES,DELAWARE,DE,10,,,STATE,CORN,ALL CLASSES,GRAIN,PRODUCTION,"CORN, GRAIN - PRODUCTION, MEASURED IN BU",BU,26520000,
2021,YEAR,ALL PRODUCTION PRACTICES,DELAWARE,DE,10,,,STATE,CORN,ALL CLASSES,GRAIN,PRODUCTION,"CORN, GRAIN - PRODUCTION, MEASURED IN BU",BU,30728000,
2025,YEAR,ALL PRODUCTION PRACTICES,FLORIDA,FL,12,,,STATE,CORN,ALL CLASSES,GRAIN,PRODUCTION,"CORN, GRAIN - PRODUCTION, MEASURED IN BU",BU,8835000,
2024,YEAR,ALL PRODUCTION PRACTICES,FLORIDA,FL,12,,,STATE,CORN,ALL CLASSES,GRAIN,PRODUCTION,"CORN, GRAIN - PRODUCTION, MEASURED IN BU",BU,6627000,
2023,YEAR,ALL PRODUCTION PRACTICES,FLORIDA,FL,12,,,STATE,CORN,ALL CLASSES,GRAIN,PRODUCTION,"CORN, GRAIN - PRODUCTION, MEASURED IN BU",BU,9796000,
2022,YEAR,ALL PRODUCTION PRACTICES,FLORIDA,FL,12,,,STATE,CORN,ALL CLASSES,GRAIN,PRODUCTION,"CORN, GRAIN - PRODUCTION, MEASURED IN BU",BU,9184000,
2021,YEAR,ALL PRODUCTION PRACTICES,FLORIDA,FL,12,,,STATE,CORN,ALL CLASSES,GRAIN,PRODUCTION,"CORN, GRAIN - PRODUCTION, MEASURED IN BU",BU,11616000,
2025,YEAR,ALL PRODUCTION PRACTICES,GEORGIA,GA,13,,,STATE,CORN,ALL CLASSES,GRAIN,PRODUCTION,"CORN, GRAIN - PRODUCTION, MEASURED IN BU",BU,93500000,
2024,YEAR,ALL PRODUCTION PRACTICES,GEORGIA,GA,13,,,STATE,CORN,ALL CLASSES,GRAIN,PRODUCTION,"CORN, GRAIN - PRODUCTION, MEASURED IN BU",BU,49715000,
2023,YEAR,ALL PRODUCTION PRACTICES,GEORGIA,GA,13,,,STATE,CORN,ALL CLASSES,GRAIN,PRODUCTION,"CORN, GRAIN - PRODUCTION, MEASURED IN BU",BU,76560000,
2022,YEAR,ALL PRODUCTION PRACTICES,GEORGIA,GA,13,,,STATE,CORN,ALL CLASSES,GRAIN,PRODUCTION,"CORN, GRAIN - PRODUCTION, MEASURED IN BU",BU,65625000,
2021,YEAR,ALL PRODUCTION PRACTICES,GEORGIA,GA,13,,,STATE,CORN,ALL CLASSES,GRAIN,PRODUCTION,"CORN, GRAIN - PRODUCTION, MEASURED IN BU",BU,79170000,
2025,YEAR,ALL PRODUCTION PRACTICES,IDAHO,ID,16,,,STATE,CORN,ALL CLASSES,GRAIN,PRODUCTION,"CORN, GRAIN - PRODUCTION, MEASURED IN BU",BU,30305000,
2024,YEAR,ALL PRODUCTION PRACTICES,IDAHO,ID,16,,,STATE,CORN,ALL CLASSES,GRAIN,PRODUCTION,"CORN, GRAIN - PRODUCTION, MEASURED IN BU",BU,22660000,
2023,YEAR,ALL PRODUCTION PRACTICES,IDAHO,ID,16,,,STATE,CORN,ALL CLASSES,GRAIN,PRODUCTION,"CORN, GRAIN - PRODUCTION, MEASURED IN BU",BU,23345000,
2022,YEAR,ALL PRODUCTION PRACTICES,IDAHO,ID,16,,,STATE,CORN,ALL CLASSES,GRAIN,PRODUCTION,"CORN, GRAIN - PRODUCTION, MEASURED IN BU",BU,22680000,
2021,YEAR,ALL PRODUCTION PRACTICES,IDAHO,ID,16,,,STATE,CORN,ALL CLASSES,GRAIN,PRODUCTION,"CORN, GRAIN - PRODUCTION, MEASURED IN BU",BU,24150000,
2025,YEAR,ALL PRODUCTION PRACTICES,ILLINOIS,IL,17,,,STATE,CORN,ALL CLASSES,GRAIN,PRODUCTION,"CORN, GRAIN - PRODUCTION, MEASURED IN BU",BU,2354000000,
2024,YEAR,ALL PRODUCTION PRACTICES,ILLINOIS,IL,17,,,STATE,CORN,ALL CLASSES,GRAIN,PRODUCTION,"CORN, GRAIN - PRODUCTION, MEASURED IN BU",BU,2311050000,
2023,YEAR,ALL PRODUCTION PRACTICES,ILLINOIS,IL,17,,,STATE,CORN,ALL CLASSES,GRAIN,PRODUCTION,"CORN, GRAIN - PRODUCTION, MEASURED IN BU",BU,2276300000,
2022,YEAR,ALL PRODUCTION PRACTICES,ILLINOIS,IL,17,,,STATE,CORN,ALL CLASSES,GRAIN,PRODUCTION,"CORN, GRAIN - PRODUCTION, MEASURED IN BU",BU,2268400000,
2021,YEAR,ALL PRODUCTION PRACTICES,ILLINOIS,IL,17,,,STATE,CORN,ALL CLASSES,GRAIN,PRODUCTION,"CORN, GRAIN - PRODUCTION, MEASURED IN BU",BU,2191700000,
2025,YEAR,ALL PRODUCTION PRACTICES,INDIANA,IN,18,,,STATE,CORN,ALL CLASSES,GRAIN,PRODUCTION,"CORN, GRAIN - PRODUCTION, MEASURED IN BU",BU,1066920000,
2024,YEAR,ALL PRODUCTION PRACTICES,INDIANA,IN,18,,,STATE,CORN,ALL CLASSES,GRAIN,PRODUCTION,"CORN, GRAIN - PRODUCTION, MEASURED IN BU",BU,999900000,
2023,YEAR,ALL PRODUCTION PRACTICES,INDIANA,IN,18,,,STATE,CORN,ALL CLASSES,GRAIN,PRODUCTION,"CORN, GRAIN - PRODUCTION, MEASURED IN BU",BU,1077930000,
2022,YEAR,ALL PRODUCTION PRACTICES,INDIANA,IN,18,,,STATE,CORN,ALL CLASSES,GRAIN,PRODUCTION,"CORN, GRAIN - PRODUCTION, MEASURED IN BU",BU,974700000,
2021,YEAR,ALL PRODUCTION PRACTICES,INDIANA,IN,18,,,STATE,CORN,ALL CLASSES,GRAIN,PRODUCTION,"CORN, GRAIN - PRODUCTION, MEASURED IN BU",BU,1027650000,
2025,YEAR,ALL PRODUCTION PRACTICES,IOWA,IA,19,,,STATE,CORN,ALL CLASSES,GRAIN,PRODUCTION,"CORN, GRAIN - PRODUCTION, MEASURED IN BU",BU,2772000000,
2024,YEAR,ALL PRODUCTION PRACTICES,IOWA,IA,19,,,STATE,CORN,ALL CLASSES,GRAIN,PRODUCTION,"CORN, GRAIN - PRODUCTION, MEASURED IN BU",BU,2626950000,
2023,YEAR,ALL PRODUCTION PRACTICES,IOWA,IA,19,,,STATE,CORN,ALL CLASSES,GRAIN,PRODUCTION,"CORN, GRAIN - PRODUCTION, MEASURED IN BU",BU,2522550000,
2022,YEAR,ALL PRODUCTION PRACTICES,IOWA,IA,19,,,STATE,CORN,ALL CLASSES,GRAIN,PRODUCTION,"CORN, GRAIN - PRODUCTION, MEASURED IN BU",BU,2470000000,
2021,YEAR,ALL PRODUCTION PRACTICES,IOWA,IA,19,,,STATE,CORN,ALL CLASSES,GRAIN,PRODUCTION,"CORN, GRAIN - PRODUCTION, MEASURED IN BU",BU,2539800000,
2025,YEAR,ALL PRODUCTION PRACTICES,KANSAS,KS,20,,,STATE,CORN,ALL CLASSES,GRAIN,PRODUCTION,"CORN, GRAIN - PRODUCTION, MEASURED IN BU",BU,942500000,
2024,YEAR,ALL PRODUCTION PRACTICES,KANSAS,KS,20,,,STATE,CORN,ALL CLASSES,GRAIN,PRODUCTION,"CORN, GRAIN - PRODUCTION, MEASURED IN BU",BU,748200000,
2023,YEAR,ALL PRODUCTION PRACTICES,KANSAS,KS,20,,,STATE,CORN,ALL CLASSES,GRAIN,PRODUCTION,"CORN, GRAIN - PRODUCTION, MEASURED IN BU",BU,612850000,
2022,YEAR,ALL PRODUCTION PRACTICES,KANSAS,KS,20,,,STATE,CORN,ALL CLASSES,GRAIN,PRODUCTION,"CORN, GRAIN - PRODUCTION, MEASURED IN BU",BU,510600000,
2021,YEAR,ALL PRODUCTION PRACTICES,KANSAS,KS,20,,,STATE,CORN,ALL CLASSES,GRAIN,PRODUCTION,"CORN, GRAIN - PRODUCTION, MEASURED IN BU",BU,750600000,
2025,YEAR,ALL PRODUCTION PRACTICES,KENTUCKY,KY,21,,,STATE,CORN,ALL CLASSES,GRAIN,PRODUCTION,"CORN, GRAIN - PRODUCTION, MEASURED IN BU",BU,237140000,
2024,YEAR,ALL PRODUCTION PRACTICES,KENTUCKY,KY,21,,,STATE,CORN,ALL CLASSES,GRAIN,PRODUCTION,"CORN, GRAIN - PRODUCTION, MEASURED IN BU",BU,227840000,
2023,YEAR,ALL PRODUCTION PRACTICES,KENTUCKY,KY,21,,,STATE,CORN,ALL CLASSES,GRAIN,PRODUCTION,"CORN, GRAIN - PRODUCTION, MEASURED IN BU",BU,280500000,
2022,YEAR,ALL PRODUCTION PRACTICES,KENTUCKY,KY,21,,,STATE,CORN,ALL CLASSES,GRAIN,PRODUCTION,"CORN, GRAIN - PRODUCTION, MEASURED IN BU",BU,207480000,
2021,YEAR,ALL PRODUCTION PRACTICES,KENTUCKY,KY,21,,,STATE,CORN,ALL CLASSES,GRAIN,PRODUCTION,"CORN, GRAIN - PRODUCTION, MEASURED IN BU",BU,272640000,
2025,YEAR,ALL PRODUCTION PRACTICES,LOUISIANA,LA,22,,,STATE,CORN,ALL CLASSES,GRAIN,PRODUCTION,"CORN, GRAIN - PRODUCTION, MEASURED IN BU",BU,152470000,
2024,YEAR,ALL PRODUCTION PRACTICES,LOUISIANA,LA,22,,,STATE,CORN,ALL CLASSES,GRAIN,PRODUCTION,"CORN, GRAIN - PRODUCTION, MEASURED IN BU",BU,81400000,
2023,YEAR,ALL PRODUCTION PRACTICES,LOUISIANA,LA,22,,,STATE,CORN,ALL CLASSES,GRAIN,PRODUCTION,"CORN, GRAIN - PRODUCTION, MEASURED IN BU",BU,119000000,
2022,YEAR,ALL PRODUCTION PRACTICES,LOUISIANA,LA,22,,,STATE,CORN,ALL CLASSES,GRAIN,PRODUCTION,"CORN, GRAIN - PRODUCTION, MEASURED IN BU",BU,73950000,
2021,YEAR,ALL PRODUCTION PRACTICES,LOUISIANA,LA,22,,,STATE,CORN,ALL CLASSES,GRAIN,PRODUCTION,"CORN, GRAIN - PRODUCTION, MEASURED IN BU",BU,103395000,
2025,YEAR,ALL PRODUCTION PRACTICES,MARYLAND,MD,24,,,STATE,CORN,ALL CLASSES,GRAIN,PRODUCTION,"CORN, GRAIN - PRODUCTION, MEASURED IN BU",BU,70110000,
2024,YEAR,ALL PRODUCTION PRACTICES,MARYLAND,MD,24,,,STATE,CORN,ALL CLASSES,GRAIN,PRODUCTION,"CORN, GRAIN - PRODUCTION, MEASURED IN BU",BU,54340000,
2023,YEAR,ALL PRODUCTION PRACTICES,MARYLAND,MD,24,,,STATE,CORN,ALL CLASSES,GRAIN,PRODUCTION,"CORN, GRAIN - PRODUCTION, MEASURED IN BU",BU,72600000,
2022,YEAR,ALL PRODUCTION PRACTICES,MARYLAND,MD,24,,,STATE,CORN,ALL CLASSES,GRAIN,PRODUCTION,"CORN, GRAIN - PRODUCTION, MEASURED IN BU",BU,59400000,
2021,YEAR,ALL PRODUCTION PRACTICES,MARYLAND,MD,24,,,STATE,CORN,ALL CLASSES,GRAIN,PRODUCTION,"CORN, GRAIN - PRODUCTION, MEASURED IN BU",BU,72625000,
2025,YEAR,ALL PRODUCTION PRACTICES,MICHIGAN,MI,26,,,STATE,CORN,ALL CLASSES,GRAIN,PRODUCTION,"CORN, GRAIN - PRODUCTION, MEASURED IN BU",BU,352440000,
2024,YEAR,ALL PRODUCTION PRACTICES,MICHIGAN,MI,26,,,STATE,CORN,ALL CLASSES,GRAIN,PRODUCTION,"CORN, GRAIN - PRODUCTION, MEASURED IN BU",BU,352950000,
2023,YEAR,ALL PRODUCTION PRACTICES,MICHIGAN,MI,26,,,STATE,CORN,ALL CLASSES,GRAIN,PRODUCTION,"CORN, GRAIN - PRODUCTION, MEASURED IN BU",BU,346080000,
2022,YEAR,ALL PRODUCTION PRACTICES,MICHIGAN,MI,26,,,STATE,CORN,ALL CLASSES,GRAIN,PRODUCTION,"CORN, GRAIN - PRODUCTION, MEASURED IN BU",BU,325920000,
2021,YEAR,ALL PRODUCTION PRACTICES,MICHIGAN,MI,26,,,STATE,CORN,ALL CLASSES,GRAIN,PRODUCTION,"CORN, GRAIN - PRODUCTION, MEASURED IN BU",BU,346260000,
2025,YEAR,ALL PRODUCTION PRACTICES,MINNESOTA,MN,27,,,STATE,CORN,ALL CLASSES,GRAIN,PRODUCTION,"CORN, GRAIN - PRODUCTION, MEASURED IN BU",BU,1698450000,
2024,YEAR,ALL PRODUCTION PRACTICES,MINNESOTA,MN,27,,,STATE,CORN,ALL CLASSES,GRAIN,PRODUCTION,"CORN, GRAIN - PRODUCTION, MEASURED IN BU",BU,1345020000,
2023,YEAR,ALL PRODUCTION PRACTICES,MINNESOTA,MN,27,,,STATE,CORN,ALL CLASSES,GRAIN,PRODUCTION,"CORN, GRAIN - PRODUCTION, MEASURED IN BU",BU,1513300000,
2022,YEAR,ALL PRODUCTION PRACTICES,MINNESOTA,MN,27,,,STATE,CORN,ALL CLASSES,GRAIN,PRODUCTION,"CORN, GRAIN - PRODUCTION, MEASURED IN BU",BU,1460550000,
2021,YEAR,ALL PRODUCTION PRACTICES,MINNESOTA,MN,27,,,STATE,CORN,ALL CLASSES,GRAIN,PRODUCTION,"CORN, GRAIN - PRODUCTION, MEASURED IN BU",BU,1378830000,
2025,YEAR,ALL PRODUCTION PRACTICES,MISSISSIPPI,MS,28,,,STATE,CORN,ALL CLASSES,GRAIN,PRODUCTION,"CORN, GRAIN - PRODUCTION, MEASURED IN BU",BU,156600000,
2024,YEAR,ALL PRODUCTION PRACTICES,MISSISSIPPI,MS,28,,,STATE,CORN,ALL CLASSES,GRAIN,PRODUCTION,"CORN, GRAIN - PRODUCTION, MEASURED IN BU",BU,87420000,
2023,YEAR,ALL PRODUCTION PRACTICES,MISSISSIPPI,MS,28,,,STATE,CORN,ALL CLASSES,GRAIN,PRODUCTION,"CORN, GRAIN - PRODUCTION, MEASURED IN BU",BU,139370000,
2022,YEAR,ALL PRODUCTION PRACTICES,MISSISSIPPI,MS,28,,,STATE,CORN,ALL CLASSES,GRAIN,PRODUCTION,"CORN, GRAIN - PRODUCTION, MEASURED IN BU",BU,93225000,
2021,YEAR,ALL PRODUCTION PRACTICES,MISSISSIPPI,MS,28,,,STATE,CORN,ALL CLASSES,GRAIN,PRODUCTION,"CORN, GRAIN - PRODUCTION, MEASURED IN BU",BU,126700000,
2025,YEAR,ALL PRODUCTION PRACTICES,MISSOURI,MO,29,,,STATE,CORN,ALL CLASSES,GRAIN,PRODUCTION,"CORN, GRAIN - PRODUCTION, MEASURED IN BU",BU,677100000,
2024,YEAR,ALL PRODUCTION PRACTICES,MISSOURI,MO,29,,,STATE,CORN,ALL CLASSES,GRAIN,PRODUCTION,"CORN, GRAIN - PRODUCTION, MEASURED IN BU",BU,613050000,
2023,YEAR,ALL PRODUCTION PRACTICES,MISSOURI,MO,29,,,STATE,CORN,ALL CLASSES,GRAIN,PRODUCTION,"CORN, GRAIN - PRODUCTION, MEASURED IN BU",BU,561510000,
2022,YEAR,ALL PRODUCTION PRACTICES,MISSOURI,MO,29,,,STATE,CORN,ALL CLASSES,GRAIN,PRODUCTION,"CORN, GRAIN - PRODUCTION, MEASURED IN BU",BU,500710000,
2021,YEAR,ALL PRODUCTION PRACTICES,MISSOURI,MO,29,,,STATE,CORN,ALL CLASSES,GRAIN,PRODUCTION,"CORN, GRAIN - PRODUCTION, MEASURED IN BU",BU,545370000,
2025,YEAR,ALL PRODUCTION PRACTICES,MONTANA,MT,30,,,STATE,CORN,ALL CLASSES,GRAIN,PRODUCTION,"CORN, GRAIN - PRODUCTION, MEASURED IN BU",BU,9900000,
2024,YEAR,ALL PRODUCTION PRACTICES,MONTANA,MT,30,,,STATE,CORN,ALL CLASSES,GRAIN,PRODUCTION,"CORN, GRAIN - PRODUCTION, MEASURED IN BU",BU,6545000,
2023,YEAR,ALL PRODUCTION PRACTICES,MONTANA,MT,30,,,STATE,CORN,ALL CLASSES,GRAIN,PRODUCTION,"CORN, GRAIN - PRODUCTION, MEASURED IN BU",BU,8772000,
2022,YEAR,ALL PRODUCTION PRACTICES,MONTANA,MT,30,,,STATE,CORN,ALL CLASSES,GRAIN,PRODUCTION,"CORN, GRAIN - PRODUCTION, MEASURED IN BU",BU,7728000,
2021,YEAR,ALL PRODUCTION PRACTICES,MONTANA,MT,30,,,STATE,CORN,ALL CLASSES,GRAIN,PRODUCTION,"CORN, GRAIN - PRODUCTION, MEASURED IN BU",BU,6000000,
2025,YEAR,ALL PRODUCTION PRACTICES,NEBRASKA,NE,31,,,STATE,CORN,ALL CLASSES,GRAIN,PRODUCTION,"CORN, GRAIN - PRODUCTION, MEASURED IN BU",BU,2027300000,
2024,YEAR,ALL PRODUCTION PRACTICES,NEBRASKA,NE,31,,,STATE,CORN,ALL CLASSES,GRAIN,PRODUCTION,"CORN, GRAIN - PRODUCTION, MEASURED IN BU",BU,1802920000,
2023,YEAR,ALL PRODUCTION PRACTICES,NEBRASKA,NE,31,,,STATE,CORN,ALL CLASSES,GRAIN,PRODUCTION,"CORN, GRAIN - PRODUCTION, MEASURED IN BU",BU,1729000000,
2022,YEAR,ALL PRODUCTION PRACTICES,NEBRASKA,NE,31,,,STATE,CORN,ALL CLASSES,GRAIN,PRODUCTION,"CORN, GRAIN - PRODUCTION, MEASURED IN BU",BU,1455300000,
2021,YEAR,ALL PRODUCTION PRACTICES,NEBRASKA,NE,31,,,STATE,CORN,ALL CLASSES,GRAIN,PRODUCTION,"CORN, GRAIN - PRODUCTION, MEASURED IN BU",BU,1854640000,
2025,YEAR,ALL PRODUCTION PRACTICES,NEW JERSEY,NJ,34,,,STATE,CORN,ALL CLASSES,GRAIN,PRODUCTION,"CORN, GRAIN - PRODUCTION, MEASURED IN BU",BU,10626000,
2024,YEAR,ALL PRODUCTION PRACTICES,NEW JERSEY,NJ,34,,,STATE,CORN,ALL CLASSES,GRAIN,PRODUCTION,"CORN, GRAIN - PRODUCTION, MEASURED IN BU",BU,9577000,
2023,YEAR,ALL PRODUCTION PRACTICES,NEW JERSEY,NJ,34,,,STATE,CORN,ALL CLASSES,GRAIN,PRODUCTION,"CORN, GRAIN - PRODUCTION, MEASURED IN BU",BU,10920000,
2022,YEAR,ALL PRODUCTION PRACTICES,NEW JERSEY,NJ,34,,,STATE,CORN,ALL CLASSES,GRAIN,PRODUCTION,"CORN, GRAIN - PRODUCTION, MEASURED IN BU",BU,6612000,
2021,YEAR,ALL PRODUCTION PRACTICES,NEW JERSEY,NJ,34,,,STATE,CORN,ALL CLASSES,GRAIN,PRODUCTION,"CORN, GRAIN - PRODUCTION, MEASURED IN BU",BU,11247000,
2025,YEAR,ALL PRODUCTION PRACTICES,NEW MEXICO,NM,35,,,STATE,CORN,ALL CLASSES,GRAIN,PRODUCTION,"CORN, GRAIN - PRODUCTION, MEASURED IN BU",BU,7612000,
2024,YEAR,ALL PRODUCTION PRACTICES,NEW MEXICO,NM,35,,,STATE,CORN,ALL CLASSES,GRAIN,PRODUCTION,"CORN, GRAIN - PRODUCTION, MEASURED IN BU",BU,7693000,
2023,YEAR,ALL PRODUCTION PRACTICES,NEW MEXICO,NM,35,,,STATE,CORN,ALL CLASSES,GRAIN,PRODUCTION,"CORN, GRAIN - PRODUCTION, MEASURED IN BU",BU,7285000,
2022,YEAR,ALL PRODUCTION PRACTICES,NEW MEXICO,NM,35,,,STATE,CORN,ALL CLASSES,GRAIN,PRODUCTION,"CORN, GRAIN - PRODUCTION, MEASURED IN BU",BU,5364000,
2021,YEAR,ALL PRODUCTION PRACTICES,NEW MEXICO,NM,35,,,STATE,CORN,ALL CLASSES,GRAIN,PRODUCTION,"CORN, GRAIN - PRODUCTION, MEASURED IN BU",BU,7176000,
2025,YEAR,ALL PRODUCTION PRACTICES,NEW YORK,NY,36,,,STATE,CORN,ALL CLASSES,GRAIN,PRODUCTION,"CORN, GRAIN - PRODUCTION, MEASURED IN BU",BU,63000000,
2024,YEAR,ALL PRODUCTION PRACTICES,NEW YORK,NY,36,,,STATE,CORN,ALL CLASSES,GRAIN,PRODUCTION,"CORN, GRAIN - PRODUCTION, MEASURED IN BU",BU,93795000,
2023,YEAR,ALL PRODUCTION PRACTICES,NEW YORK,NY,36,,,STATE,CORN,ALL CLASSES,GRAIN,PRODUCTION,"CORN, GRAIN - PRODUCTION, MEASURED IN BU",BU,95400000,
2022,YEAR,ALL PRODUCTION PRACTICES,NEW YORK,NY,36,,,STATE,CORN,ALL CLASSES,GRAIN,PRODUCTION,"CORN, GRAIN - PRODUCTION, MEASURED IN BU",BU,80230000,
2021,YEAR,ALL PRODUCTION PRACTICES,NEW YORK,NY,36,,,STATE,CORN,ALL CLASSES,GRAIN,PRODUCTION,"CORN, GRAIN - PRODUCTION, MEASURED IN BU",BU,96025000,
2025,YEAR,ALL PRODUCTION PRACTICES,NORTH CAROLINA,NC,37,,,STATE,CORN,ALL CLASSES,GRAIN,PRODUCTION,"CORN, GRAIN - PRODUCTION, MEASURED IN BU",BU,131040000,
2024,YEAR,ALL PRODUCTION PRACTICES,NORTH CAROLINA,NC,37,,,STATE,CORN,ALL CLASSES,GRAIN,PRODUCTION,"CORN, GRAIN - PRODUCTION, MEASURED IN BU",BU,70470000,
2023,YEAR,ALL PRODUCTION PRACTICES,NORTH CAROLINA,NC,37,,,STATE,CORN,ALL CLASSES,GRAIN,PRODUCTION,"CORN, GRAIN - PRODUCTION, MEASURED IN BU",BU,132300000,
2022,YEAR,ALL PRODUCTION PRACTICES,NORTH CAROLINA,NC,37,,,STATE,CORN,ALL CLASSES,GRAIN,PRODUCTION,"CORN, GRAIN - PRODUCTION, MEASURED IN BU",BU,97650000,
2021,YEAR,ALL PRODUCTION PRACTICES,NORTH CAROLINA,NC,37,,,STATE,CORN,ALL CLASSES,GRAIN,PRODUCTION,"CORN, GRAIN - PRODUCTION, MEASURED IN BU",BU,134845000,
2025,YEAR,ALL PRODUCTION PRACTICES,NORTH DAKOTA,ND,38,,,STATE,CORN,ALL CLASSES,GRAIN,PRODUCTION,"CORN, GRAIN - PRODUCTION, MEASURED IN BU",BU,711000000,
2024,YEAR,ALL PRODUCTION PRACTICES,NORTH DAKOTA,ND,38,,,STATE,CORN,ALL CLASSES,GRAIN,PRODUCTION,"CORN, GRAIN - PRODUCTION, MEASURED IN BU",BU,542360000,
2023,YEAR,ALL PRODUCTION PRACTICES,NORTH DAKOTA,ND,38,,,STATE,CORN,ALL CLASSES,GRAIN,PRODUCTION,"CORN, GRAIN - PRODUCTION, MEASURED IN BU",BU,543400000,
2022,YEAR,ALL PRODUCTION PRACTICES,NORTH DAKOTA,ND,38,,,STATE,CORN,ALL CLASSES,GRAIN,PRODUCTION,"CORN, GRAIN - PRODUCTION, MEASURED IN BU",BU,344500000,
2021,YEAR,ALL PRODUCTION PRACTICES,NORTH DAKOTA,ND,38,,,STATE,CORN,ALL CLASSES,GRAIN,PRODUCTION,"CORN, GRAIN - PRODUCTION, MEASURED IN BU",BU,381150000,
2025,YEAR,ALL PRODUCTION PRACTICES,OHIO,OH,39,,,STATE,CORN,ALL CLASSES,GRAIN,PRODUCTION,"CORN, GRAIN - PRODUCTION, MEASURED IN BU",BU,584600000,
2024,YEAR,ALL PRODUCTION PRACTICES,OHIO,OH,39,,,STATE,CORN,ALL CLASSES,GRAIN,PRODUCTION,"CORN, GRAIN - PRODUCTION, MEASURED IN BU",BU,566400000,
2023,YEAR,ALL PRODUCTION PRACTICES,OHIO,OH,39,,,STATE,CORN,ALL CLASSES,GRAIN,PRODUCTION,"CORN, GRAIN - PRODUCTION, MEASURED IN BU",BU,673200000,
2022,YEAR,ALL PRODUCTION PRACTICES,OHIO,OH,39,,,STATE,CORN,ALL CLASSES,GRAIN,PRODUCTION,"CORN, GRAIN - PRODUCTION, MEASURED IN BU",BU,594660000,
2021,YEAR,ALL PRODUCTION PRACTICES,OHIO,OH,39,,,STATE,CORN,ALL CLASSES,GRAIN,PRODUCTION,"CORN, GRAIN - PRODUCTION, MEASURED IN BU",BU,644620000,
2025,YEAR,ALL PRODUCTION PRACTICES,OKLAHOMA,OK,40,,,STATE,CORN,ALL CLASSES,GRAIN,PRODUCTION,"CORN, GRAIN - PRODUCTION, MEASURED IN BU",BU,60390000,
2024,YEAR,ALL PRODUCTION PRACTICES,OKLAHOMA,OK,40,,,STATE,CORN,ALL CLASSES,GRAIN,PRODUCTION,"CORN, GRAIN - PRODUCTION, MEASURED IN BU",BU,40180000,
2023,YEAR,ALL PRODUCTION PRACTICES,OKLAHOMA,OK,40,,,STATE,CORN,ALL CLASSES,GRAIN,PRODUCTION,"CORN, GRAIN - PRODUCTION, MEASURED IN BU",BU,50660000,
2022,YEAR,ALL PRODUCTION PRACTICES,OKLAHOMA,OK,40,,,STATE,CORN,ALL CLASSES,GRAIN,PRODUCTION,"CORN, GRAIN - PRODUCTION, MEASURED IN BU",BU,24400000,
2021,YEAR,ALL PRODUCTION PRACTICES,OKLAHOMA,OK,40,,,STATE,CORN,ALL CLASSES,GRAIN,PRODUCTION,"CORN, GRAIN - PRODUCTION, MEASURED IN BU",BU,44250000,
2025,YEAR,ALL PRODUCTION PRACTICES,OREGON,OR,41,,,STATE,CORN,ALL CLASSES,GRAIN,PRODUCTION,"CORN, GRAIN - PRODUCTION, MEASURED IN BU",BU,17700000,
2024,YEAR,ALL PRODUCTION PRACTICES,OREGON,OR,41,,,STATE,CORN,ALL CLASSES,GRAIN,PRODUCTION,"CORN, GRAIN - PRODUCTION, MEASURED IN BU",BU,13104000,
2023,YEAR,ALL PRODUCTION PRACTICES,OREGON,OR,41,,,STATE,CORN,ALL CLASSES,GRAIN,PRODUCTION,"CORN, GRAIN - PRODUCTION, MEASURED IN BU",BU,11770000,
2022,YEAR,ALL PRODUCTION PRACTICES,OREGON,OR,41,,,STATE,CORN,ALL CLASSES,GRAIN,PRODUCTION,"CORN, GRAIN - PRODUCTION, MEASURED IN BU",BU,10665000,
2021,YEAR,ALL PRODUCTION PRACTICES,OREGON,OR,41,,,STATE,CORN,ALL CLASSES,GRAIN,PRODUCTION,"CORN, GRAIN - PRODUCTION, MEASURED IN BU",BU,13200000,
2025,YEAR,ALL PRODUCTION PRACTICES,PENNSYLVANIA,PA,42,,,STATE,CORN,ALL CLASSES,GRAIN,PRODUCTION,"CORN, GRAIN - PRODUCTION, MEASURED IN BU",BU,102680000,
2024,YEAR,ALL PRODUCTION PRACTICES,PENNSYLVANIA,PA,42,,,STATE,CORN,ALL CLASSES,GRAIN,PRODUCTION,"CORN, GRAIN - PRODUCTION, MEASURED IN BU",BU,96600000,
2023,YEAR,ALL PRODUCTION PRACTICES,PENNSYLVANIA,PA,42,,,STATE,CORN,ALL CLASSES,GRAIN,PRODUCTION,"CORN, GRAIN - PRODUCTION, MEASURED IN BU",BU,106760000,
2022,YEAR,ALL PRODUCTION PRACTICES,PENNSYLVANIA,PA,42,,,STATE,CORN,ALL CLASSES,GRAIN,PRODUCTION,"CORN, GRAIN - PRODUCTION, MEASURED IN BU",BU,90300000,
2021,YEAR,ALL PRODUCTION PRACTICES,PENNSYLVANIA,PA,42,,,STATE,CORN,ALL CLASSES,GRAIN,PRODUCTION,"CORN, GRAIN - PRODUCTION, MEASURED IN BU",BU,143650000,
2025,YEAR,ALL PRODUCTION PRACTICES,SOUTH CAROLINA,SC,45,,,STATE,CORN,ALL CLASSES,GRAIN,PRODUCTION,"CORN, GRAIN - PRODUCTION, MEASURED IN BU",BU,51060000,
2024,YEAR,ALL PRODUCTION PRACTICES,SOUTH CAROLINA,SC,45,,,STATE,CORN,ALL CLASSES,GRAIN,PRODUCTION,"CORN, GRAIN - PRODUCTION, MEASURED IN BU",BU,30805000,
2023,YEAR,ALL PRODUCTION PRACTICES,SOUTH CAROLINA,SC,45,,,STATE,CORN,ALL CLASSES,GRAIN,PRODUCTION,"CORN, GRAIN - PRODUCTION, MEASURED IN BU",BU,52500000,
2022,YEAR,ALL PRODUCTION PRACTICES,SOUTH CAROLINA,SC,45,,,STATE,CORN,ALL CLASSES,GRAIN,PRODUCTION,"CORN, GRAIN - PRODUCTION, MEASURED IN BU",BU,36600000,
2021,YEAR,ALL PRODUCTION PRACTICES,SOUTH CAROLINA,SC,45,,,STATE,CORN,ALL CLASSES,GRAIN,PRODUCTION,"CORN, GRAIN - PRODUCTION, MEASURED IN BU",BU,51430000,
2025,YEAR,ALL PRODUCTION PRACTICES,SOUTH DAKOTA,SD,46,,,STATE,CORN,ALL CLASSES,GRAIN,PRODUCTION,"CORN, GRAIN - PRODUCTION, MEASURED IN BU",BU,1085850000,
2024,YEAR,ALL PRODUCTION PRACTICES,SOUTH DAKOTA,SD,46,,,STATE,CORN,ALL CLASSES,GRAIN,PRODUCTION,"CORN, GRAIN - PRODUCTION, MEASURED IN BU",BU,883960000,
2023,YEAR,ALL PRODUCTION PRACTICES,SOUTH DAKOTA,SD,46,,,STATE,CORN,ALL CLASSES,GRAIN,PRODUCTION,"CORN, GRAIN - PRODUCTION, MEASURED IN BU",BU,854240000,
2022,YEAR,ALL PRODUCTION PRACTICES,SOUTH DAKOTA,SD,46,,,STATE,CORN,ALL CLASSES,GRAIN,PRODUCTION,"CORN, GRAIN - PRODUCTION, MEASURED IN BU",BU,661320000,
2021,YEAR,ALL PRODUCTION PRACTICES,SOUTH DAKOTA,SD,46,,,STATE,CORN,ALL CLASSES,GRAIN,PRODUCTION,"CORN, GRAIN - PRODUCTION, MEASURED IN BU",BU,734320000,
2025,YEAR,ALL PRODUCTION PRACTICES,TENNESSEE,TN,47,,,STATE,CORN,ALL CLASSES,GRAIN,PRODUCTION,"CORN, GRAIN - PRODUCTION, MEASURED IN BU",BU,140130000,
2024,YEAR,ALL PRODUCTION PRACTICES,TENNESSEE,TN,47,,,STATE,CORN,ALL CLASSES,GRAIN,PRODUCTION,"CORN, GRAIN - PRODUCTION, MEASURED IN BU",BU,100320000,
2023,YEAR,ALL PRODUCTION PRACTICES,TENNESSEE,TN,47,,,STATE,CORN,ALL CLASSES,GRAIN,PRODUCTION,"CORN, GRAIN - PRODUCTION, MEASURED IN BU",BU,153970000,
2022,YEAR,ALL PRODUCTION PRACTICES,TENNESSEE,TN,47,,,STATE,CORN,ALL CLASSES,GRAIN,PRODUCTION,"CORN, GRAIN - PRODUCTION, MEASURED IN BU",BU,102050000,
2021,YEAR,ALL PRODUCTION PRACTICES,TENNESSEE,TN,47,,,STATE,CORN,ALL CLASSES,GRAIN,PRODUCTION,"CORN, GRAIN - PRODUCTION, MEASURED IN BU",BU,158100000,
2025,YEAR,ALL PRODUCTION PRACTICES,TEXAS,TX,48,,,STATE,CORN,ALL CLASSES,GRAIN,PRODUCTION,"CORN, GRAIN - PRODUCTION, MEASURED IN BU",BU,288900000,
2024,YEAR,ALL PRODUCTION PRACTICES,TEXAS,TX,48,,,STATE,CORN,ALL CLASSES,GRAIN,PRODUCTION,"CORN, GRAIN - PRODUCTION, MEASURED IN BU",BU,211680000,
2023,YEAR,ALL PRODUCTION PRACTICES,TEXAS,TX,48,,,STATE,CORN,ALL CLASSES,GRAIN,PRODUCTION,"CORN, GRAIN - PRODUCTION, MEASURED IN BU",BU,256200000,
2022,YEAR,ALL PRODUCTION PRACTICES,TEXAS,TX,48,,,STATE,CORN,ALL CLASSES,GRAIN,PRODUCTION,"CORN, GRAIN - PRODUCTION, MEASURED IN BU",BU,152950000,
2021,YEAR,ALL PRODUCTION PRACTICES,TEXAS,TX,48,,,STATE,CORN,ALL CLASSES,GRAIN,PRODUCTION,"CORN, GRAIN - PRODUCTION, MEASURED IN BU",BU,236800000,
2025,YEAR,ALL PRODUCTION PRACTICES,UTAH,UT,49,,,STATE,CORN,ALL CLASSES,GRAIN,PRODUCTION,"CORN, GRAIN - PRODUCTION, MEASURED IN BU",BU,5676000,
2024,YEAR,ALL PRODUCTION PRACTICES,UTAH,UT,49,,,STATE,CORN,ALL CLASSES,GRAIN,PRODUCTION,"CORN, GRAIN - PRODUCTION, MEASURED IN BU",BU,4509000,
2023,YEAR,ALL PRODUCTION PRACTICES,UTAH,UT,49,,,STATE,CORN,ALL CLASSES,GRAIN,PRODUCTION,"CORN, GRAIN - PRODUCTION, MEASURED IN BU",BU,4995000,
2022,YEAR,ALL PRODUCTION PRACTICES,UTAH,UT,49,,,STATE,CORN,ALL CLASSES,GRAIN,PRODUCTION,"CORN, GRAIN - PRODUCTION, MEASURED IN BU",BU,2310000,
2021,YEAR,ALL PRODUCTION PRACTICES,UTAH,UT,49,,,STATE,CORN,ALL CLASSES,GRAIN,PRODUCTION,"CORN, GRAIN - PRODUCTION, MEASURED IN BU",BU,3043000,
2025,YEAR,ALL PRODUCTION PRACTICES,VIRGINIA,VA,51,,,STATE,CORN,ALL CLASSES,GRAIN,PRODUCTION,"CORN, GRAIN - PRODUCTION, MEASURED IN BU",BU,58800000,
2024,YEAR,ALL PRODUCTION PRACTICES,VIRGINIA,VA,51,,,STATE,CORN,ALL CLASSES,GRAIN,PRODUCTION,"CORN, GRAIN - PRODUCTION, MEASURED IN BU",BU,33060000,
2023,YEAR,ALL PRODUCTION PRACTICES,VIRGINIA,VA,51,,,STATE,CORN,ALL CLASSES,GRAIN,PRODUCTION,"CORN, GRAIN - PRODUCTION, MEASURED IN BU",BU,58090000,
2022,YEAR,ALL PRODUCTION PRACTICES,VIRGINIA,VA,51,,,STATE,CORN,ALL CLASSES,GRAIN,PRODUCTION,"CORN, GRAIN - PRODUCTION, MEASURED IN BU",BU,54275000,
2021,YEAR,ALL PRODUCTION PRACTICES,VIRGINIA,VA,51,,,STATE,CORN,ALL CLASSES,GRAIN,PRODUCTION,"CORN, GRAIN - PRODUCTION, MEASURED IN BU",BU,55200000,
2025,YEAR,ALL PRODUCTION PRACTICES,WASHINGTON,WA,53,,,STATE,CORN,ALL CLASSES,GRAIN,PRODUCTION,"CORN, GRAIN - PRODUCTION, MEASURED IN BU",BU,27610000,
2024,YEAR,ALL PRODUCTION PRACTICES,WASHINGTON,WA,53,,,STATE,CORN,ALL CLASSES,GRAIN,PRODUCTION,"CORN, GRAIN - PRODUCTION, MEASURED IN BU",BU,24205000,
2023,YEAR,ALL PRODUCTION PRACTICES,WASHINGTON,WA,53,,,STATE,CORN,ALL CLASSES,GRAIN,PRODUCTION,"CORN, GRAIN - PRODUCTION, MEASURED IN BU",BU,18000000,
2022,YEAR,ALL PRODUCTION PRACTICES,WASHINGTON,WA,53,,,STATE,CORN,ALL CLASSES,GRAIN,PRODUCTION,"CORN, GRAIN - PRODUCTION, MEASURED IN BU",BU,17600000,
2021,YEAR,ALL PRODUCTION PRACTICES,WASHINGTON,WA,53,,,STATE,CORN,ALL CLASSES,GRAIN,PRODUCTION,"CORN, GRAIN - PRODUCTION, MEASURED IN BU",BU,21080000,
2025,YEAR,ALL PRODUCTION PRACTICES,WEST VIRGINIA,WV,54,,,STATE,CORN,ALL CLASSES,GRAIN,PRODUCTION,"CORN, GRAIN - PRODUCTION, MEASURED IN BU",BU,4590000,
2024,YEAR,ALL PRODUCTION PRACTICES,WEST VIRGINIA,WV,54,,,STATE,CORN,ALL CLASSES,GRAIN,PRODUCTION,"CORN, GRAIN - PRODUCTION, MEASURED IN BU",BU,2640000,
2023,YEAR,ALL PRODUCTION PRACTICES,WEST VIRGINIA,WV,54,,,STATE,CORN,ALL CLASSES,GRAIN,PRODUCTION,"CORN, GRAIN - PRODUCTION, MEASURED IN BU",BU,4350000,
2022,YEAR,ALL PRODUCTION PRACTICES,WEST VIRGINIA,WV,54,,,STATE,CORN,ALL CLASSES,GRAIN,PRODUCTION,"CORN, GRAIN - PRODUCTION, MEASURED IN BU",BU,5040000,
2021,YEAR,ALL PRODUCTION PRACTICES,WEST VIRGINIA,WV,54,,,STATE,CORN,ALL CLASSES,GRAIN,PRODUCTION,"CORN, GRAIN - PRODUCTION, MEASURED IN BU",BU,4752000,
2025,YEAR,ALL PRODUCTION PRACTICES,WISCONSIN,WI,55,,,STATE,CORN,ALL CLASSES,GRAIN,PRODUCTION,"CORN, GRAIN - PRODUCTION, MEASURED IN BU",BU,605360000,
2024,YEAR,ALL PRODUCTION PRACTICES,WISCONSIN,WI,55,,,STATE,CORN,ALL CLASSES,GRAIN,PRODUCTION,"CORN, GRAIN - PRODUCTION, MEASURED IN BU",BU,515040000,
2023,YEAR,ALL PRODUCTION PRACTICES,WISCONSIN,WI,55,,,STATE,CORN,ALL CLASSES,GRAIN,PRODUCTION,"CORN, GRAIN - PRODUCTION, MEASURED IN BU",BU,552640000,
2022,YEAR,ALL PRODUCTION PRACTICES,WISCONSIN,WI,55,,,STATE,CORN,ALL CLASSES,GRAIN,PRODUCTION,"CORN, GRAIN - PRODUCTION, MEASURED IN BU",BU,538200000,
2021,YEAR,ALL PRODUCTION PRACTICES,WISCONSIN,WI,55,,,STATE,CORN,ALL CLASSES,GRAIN,PRODUCTION,"CORN, GRAIN - PRODUCTION, MEASURED IN BU",BU,540000000,
2025,YEAR,ALL PRODUCTION PRACTICES,WYOMING,WY,56,,,STATE,CORN,ALL CLASSES,GRAIN,PRODUCTION,"CORN, GRAIN - PRODUCTION, MEASURED IN BU",BU,7975000,
2024,YEAR,ALL PRODUCTION PRACTICES,WYOMING,WY,56,,,STATE,CORN,ALL CLASSES,GRAIN,PRODUCTION,"CORN, GRAIN - PRODUCTION, MEASURED IN BU",BU,10075000,
2023,YEAR,ALL PRODUCTION PRACTICES,WYOMING,WY,56,,,STATE,CORN,ALL CLASSES,GRAIN,PRODUCTION,"CORN, GRAIN - PRODUCTION, MEASURED IN BU",BU,8721000,
2022,YEAR,ALL PRODUCTION PRACTICES,WYOMING,WY,56,,,STATE,CORN,ALL CLASSES,GRAIN,PRODUCTION,"CORN, GRAIN - PRODUCTION, MEASURED IN BU",BU,8568000,
2021,YEAR,ALL PRODUCTION PRACTICES,WYOMING,WY,56,,,STATE,CORN,ALL CLASSES,GRAIN,PRODUCTION,"CORN, GRAIN - PRODUCTION, MEASURED IN BU",BU,10428000,
2021,YEAR,ALL PRODUCTION PRACTICES,OTHER STATES,OT,98,,,STATE,CORN,ALL CLASSES,SILAGE,PRODUCTION,"CORN, SILAGE - PRODUCTION, MEASURED IN TONS",TONS,0,
2025,YEAR,ALL PRODUCTION PRACTICES,ALABAMA,AL,01,,,STATE,CORN,ALL CLASSES,SILAGE,PRODUCTION,"CORN, SILAGE - PRODUCTION, MEASURED IN TONS",TONS,60000,
2024,YEAR,ALL PRODUCTION PRACTICES,ALABAMA,AL,01,,,STATE,CORN,ALL CLASSES,SILAGE,PRODUCTION,"CORN, SILAGE - PRODUCTION, MEASURED IN TONS",TONS,64000,
2023,YEAR,ALL PRODUCTION PRACTICES,ALABAMA,AL,01,,,STATE,CORN,ALL CLASSES,SILAGE,PRODUCTION,"CORN, SILAGE - PRODUCTION, MEASURED IN TONS",TONS,64000,
2022,YEAR,ALL PRODUCTION PRACTICES,ALABAMA,AL,01,,,STATE,CORN,ALL CLASSES,SILAGE,PRODUCTION,"CORN, SILAGE - PRODUCTION, MEASURED IN TONS",TONS,60000,
2021,YEAR,ALL PRODUCTION PRACTICES,ALABAMA,AL,01,,,STATE,CORN,ALL CLASSES,SILAGE,PRODUCTION,"CORN, SILAGE - PRODUCTION, MEASURED IN TONS",TONS,90000,
2025,YEAR,ALL PRODUCTION PRACTICES,ARIZONA,AZ,04,,,STATE,CORN,ALL CLASSES,SILAGE,PRODUCTION,"CORN, SILAGE - PRODUCTION, MEASURED IN TONS",TONS,1392000,
2024,YEAR,ALL PRODUCTION PRACTICES,ARIZONA,AZ,04,,,STATE,CORN,ALL CLASSES,SILAGE,PRODUCTION,"CORN, SILAGE - PRODUCTION, MEASURED IN TONS",TONS,1350000,
2023,YEAR,ALL PRODUCTION PRACTICES,ARIZONA,AZ,04,,,STATE,CORN,ALL CLASSES,SILAGE,PRODUCTION,"CORN, SILAGE - PRODUCTION, MEASURED IN TONS",TONS,1782000,
2022,YEAR,ALL PRODUCTION PRACTICES,ARIZONA,AZ,04,,,STATE,CORN,ALL CLASSES,SILAGE,PRODUCTION,"CORN, SILAGE - PRODUCTION, MEASURED IN TONS",TONS,1232000,
2021,YEAR,ALL PRODUCTION PRACTICES,ARIZONA,AZ,04,,,STATE,CORN,ALL CLASSES,SILAGE,PRODUCTION,"CORN, SILAGE - PRODUCTION, MEASURED IN TONS",TONS,2128000,
2025,YEAR,ALL PRODUCTION PRACTICES,ARKANSAS,AR,05,,,STATE,CORN,ALL CLASSES,SILAGE,PRODUCTION,"CORN, SILAGE - PRODUCTION, MEASURED IN TONS",TONS,39000,
2024,YEAR,ALL PRODUCTION PRACTICES,ARKANSAS,AR,05,,,STATE,CORN,ALL CLASSES,SILAGE,PRODUCTION,"CORN, SILAGE - PRODUCTION, MEASURED IN TONS",TONS,100000,
2023,YEAR,ALL PRODUCTION PRACTICES,ARKANSAS,AR,05,,,STATE,CORN,ALL CLASSES,SILAGE,PRODUCTION,"CORN, SILAGE - PRODUCTION, MEASURED IN TONS",TONS,80000,
2022,YEAR,ALL PRODUCTION PRACTICES,ARKANSAS,AR,05,,,STATE,CORN,ALL CLASSES,SILAGE,PRODUCTION,"CORN, SILAGE - PRODUCTION, MEASURED IN TONS",TONS,80000,
2021,YEAR,ALL PRODUCTION PRACTICES,ARKANSAS,AR,05,,,STATE,CORN,ALL CLASSES,SILAGE,PRODUCTION,"CORN, SILAGE - PRODUCTION, MEASURED IN TONS",TONS,100000,
2025,YEAR,ALL PRODUCTION PRACTICES,CALIFORNIA,CA,06,,,STATE,CORN,ALL CLASSES,SILAGE,PRODUCTION,"CORN, SILAGE - PRODUCTION, MEASURED IN TONS",TONS,9855000,
2024,YEAR,ALL PRODUCTION PRACTICES,CALIFORNIA,CA,06,,,STATE,CORN,ALL CLASSES,SILAGE,PRODUCTION,"CORN, SILAGE - PRODUCTION, MEASURED IN TONS",TONS,9880000,
2023,YEAR,ALL PRODUCTION PRACTICES,CALIFORNIA,CA,06,,,STATE,CORN,ALL CLASSES,SILAGE,PRODUCTION,"CORN, SILAGE - PRODUCTION, MEASURED IN TONS",TONS,9100000,
2022,YEAR,ALL PRODUCTION PRACTICES,CALIFORNIA,CA,06,,,STATE,CORN,ALL CLASSES,SILAGE,PRODUCTION,"CORN, SILAGE - PRODUCTION, MEASURED IN TONS",TONS,8710000,
2021,YEAR,ALL PRODUCTION PRACTICES,CALIFORNIA,CA,06,,,STATE,CORN,ALL CLASSES,SILAGE,PRODUCTION,"CORN, SILAGE - PRODUCTION, MEASURED IN TONS",TONS,9660000,
2025,YEAR,ALL PRODUCTION PRACTICES,COLORADO,CO,08,,,STATE,CORN,ALL CLASSES,SILAGE,PRODUCTION,"CORN, SILAGE - PRODUCTION, MEASURED IN TONS",TONS,4600000,
2024,YEAR,ALL PRODUCTION PRACTICES,COLORADO,CO,08,,,STATE,CORN,ALL CLASSES,SILAGE,PRODUCTION,"CORN, SILAGE - PRODUCTION, MEASURED IN TONS",TONS,4500000,
2023,YEAR,ALL PRODUCTION PRACTICES,COLORADO,CO,08,,,STATE,CORN,ALL CLASSES,SILAGE,PRODUCTION,"CORN, SILAGE - PRODUCTION, MEASURED IN TONS",TONS,5758000,
2022,YEAR,ALL PRODUCTION PRACTICES,COLORADO,CO,08,,,STATE,CORN,ALL CLASSES,SILAGE,PRODUCTION,"CORN, SILAGE - PRODUCTION, MEASURED IN TONS",TONS,3705000,
2021,YEAR,ALL PRODUCTION PRACTICES,COLORADO,CO,08,,,STATE,CORN,ALL CLASSES,SILAGE,PRODUCTION,"CORN, SILAGE - PRODUCTION, MEASURED IN TONS",TONS,4410000,
2025,YEAR,ALL PRODUCTION PRACTICES,CONNECTICUT,CT,09,,,STATE,CORN,ALL CLASSES,SILAGE,PRODUCTION,"CORN, SILAGE - PRODUCTION, MEASURED IN TONS",TONS,399000,
2024,YEAR,ALL PRODUCTION PRACTICES,CONNECTICUT,CT,09,,,STATE,CORN,ALL CLASSES,SILAGE,PRODUCTION,"CORN, SILAGE - PRODUCTION, MEASURED IN TONS",TONS,400000,
2023,YEAR,ALL PRODUCTION PRACTICES,CONNECTICUT,CT,09,,,STATE,CORN,ALL CLASSES,SILAGE,PRODUCTION,"CORN, SILAGE - PRODUCTION, MEASURED IN TONS",TONS,340000,
2022,YEAR,ALL PRODUCTION PRACTICES,CONNECTICUT,CT,09,,,STATE,CORN,ALL CLASSES,SILAGE,PRODUCTION,"CORN, SILAGE - PRODUCTION, MEASURED IN TONS",TONS,460000,
2021,YEAR,ALL PRODUCTION PRACTICES,CONNECTICUT,CT,09,,,STATE,CORN,ALL CLASSES,SILAGE,PRODUCTION,"CORN, SILAGE - PRODUCTION, MEASURED IN TONS",TONS,374000,
2025,YEAR,ALL PRODUCTION PRACTICES,DELAWARE,DE,10,,,STATE,CORN,ALL CLASSES,SILAGE,PRODUCTION,"CORN, SILAGE - PRODUCTION, MEASURED IN TONS",TONS,50000,
2024,YEAR,ALL PRODUCTION PRACTICES,DELAWARE,DE,10,,,STATE,CORN,ALL CLASSES,SILAGE,PRODUCTION,"CORN, SILAGE - PRODUCTION, MEASURED IN TONS",TONS,46000,
2023,YEAR,ALL PRODUCTION PRACTICES,DELAWARE,DE,10,,,STATE,CORN,ALL CLASSES,SILAGE,PRODUCTION,"CORN, SILAGE - PRODUCTION, MEASURED IN TONS",TONS,50000,
2022,YEAR,ALL PRODUCTION PRACTICES,DELAWARE,DE,10,,,STATE,CORN,ALL CLASSES,SILAGE,PRODUCTION,"CORN, SILAGE - PRODUCTION, MEASURED IN TONS",TONS,57000,
2021,YEAR,ALL PRODUCTION PRACTICES,DELAWARE,DE,10,,,STATE,CORN,ALL CLASSES,SILAGE,PRODUCTION,"CORN, SILAGE - PRODUCTION, MEASURED IN TONS",TONS,63000,
2025,YEAR,ALL PRODUCTION PRACTICES,FLORIDA,FL,12,,,STATE,CORN,ALL CLASSES,SILAGE,PRODUCTION,"CORN, SILAGE - PRODUCTION, MEASURED IN TONS",TONS,360000,
2024,YEAR,ALL PRODUCTION PRACTICES,FLORIDA,FL,12,,,STATE,CORN,ALL CLASSES,SILAGE,PRODUCTION,"CORN, SILAGE - PRODUCTION, MEASURED IN TONS",TONS,544000,
2023,YEAR,ALL PRODUCTION PRACTICES,FLORIDA,FL,12,,,STATE,CORN,ALL CLASSES,SILAGE,PRODUCTION,"CORN, SILAGE - PRODUCTION, MEASURED IN TONS",TONS,475000,
2022,YEAR,ALL PRODUCTION PRACTICES,FLORIDA,FL,12,,,STATE,CORN,ALL CLASSES,SILAGE,PRODUCTION,"CORN, SILAGE - PRODUCTION, MEASURED IN TONS",TONS,425000,
2021,YEAR,ALL PRODUCTION PRACTICES,FLORIDA,FL,12,,,STATE,CORN,ALL CLASSES,SILAGE,PRODUCTION,"CORN, SILAGE - PRODUCTION, MEASURED IN TONS",TONS,600000,
2025,YEAR,ALL PRODUCTION PRACTICES,GEORGIA,GA,13,,,STATE,CORN,ALL CLASSES,SILAGE,PRODUCTION,"CORN, SILAGE - PRODUCTION, MEASURED IN TONS",TONS,770000,
2024,YEAR,ALL PRODUCTION PRACTICES,GEORGIA,GA,13,,,STATE,CORN,ALL CLASSES,SILAGE,PRODUCTION,"CORN, SILAGE - PRODUCTION, MEASURED IN TONS",TONS,945000,
2023,YEAR,ALL PRODUCTION PRACTICES,GEORGIA,GA,13,,,STATE,CORN,ALL CLASSES,SILAGE,PRODUCTION,"CORN, SILAGE - PRODUCTION, MEASURED IN TONS",TONS,805000,
2022,YEAR,ALL PRODUCTION PRACTICES,GEORGIA,GA,13,,,STATE,CORN,ALL CLASSES,SILAGE,PRODUCTION,"CORN, SILAGE - PRODUCTION, MEASURED IN TONS",TONS,660000,
2021,YEAR,ALL PRODUCTION PRACTICES,GEORGIA,GA,13,,,STATE,CORN,ALL CLASSES,SILAGE,PRODUCTION,"CORN, SILAGE - PRODUCTION, MEASURED IN TONS",TONS,550000,
2025,YEAR,ALL PRODUCTION PRACTICES,IDAHO,ID,16,,,STATE,CORN,ALL CLASSES,SILAGE,PRODUCTION,"CORN, SILAGE - PRODUCTION, MEASURED IN TONS",TONS,8680000,
2024,YEAR,ALL PRODUCTION PRACTICES,IDAHO,ID,16,,,STATE,CORN,ALL CLASSES,SILAGE,PRODUCTION,"CORN, SILAGE - PRODUCTION, MEASURED IN TONS",TONS,7950000,
2023,YEAR,ALL PRODUCTION PRACTICES,IDAHO,ID,16,,,STATE,CORN,ALL CLASSES,SILAGE,PRODUCTION,"CORN, SILAGE - PRODUCTION, MEASURED IN TONS",TONS,6720000,
2022,YEAR,ALL PRODUCTION PRACTICES,IDAHO,ID,16,,,STATE,CORN,ALL CLASSES,SILAGE,PRODUCTION,"CORN, SILAGE - PRODUCTION, MEASURED IN TONS",TONS,5945000,
2021,YEAR,ALL PRODUCTION PRACTICES,IDAHO,ID,16,,,STATE,CORN,ALL CLASSES,SILAGE,PRODUCTION,"CORN, SILAGE - PRODUCTION, MEASURED IN TONS",TONS,7540000,
2025,YEAR,ALL PRODUCTION PRACTICES,ILLINOIS,IL,17,,,STATE,CORN,ALL CLASSES,SILAGE,PRODUCTION,"CORN, SILAGE - PRODUCTION, MEASURED IN TONS",TONS,1800000,
2024,YEAR,ALL PRODUCTION PRACTICES,ILLINOIS,IL,17,,,STATE,CORN,ALL CLASSES,SILAGE,PRODUCTION,"CORN, SILAGE - PRODUCTION, MEASURED IN TONS",TONS,2160000,
2023,YEAR,ALL PRODUCTION PRACTICES,ILLINOIS,IL,17,,,STATE,CORN,ALL CLASSES,SILAGE,PRODUCTION,"CORN, SILAGE - PRODUCTION, MEASURED IN TONS",TONS,1800000,
2022,YEAR,ALL PRODUCTION PRACTICES,ILLINOIS,IL,17,,,STATE,CORN,ALL CLASSES,SILAGE,PRODUCTION,"CORN, SILAGE - PRODUCTION, MEASURED IN TONS",TONS,2760000,
2021,YEAR,ALL PRODUCTION PRACTICES,ILLINOIS,IL,17,,,STATE,CORN,ALL CLASSES,SILAGE,PRODUCTION,"CORN, SILAGE - PRODUCTION, MEASURED IN TONS",TONS,1600000,
2025,YEAR,ALL PRODUCTION PRACTICES,INDIANA,IN,18,,,STATE,CORN,ALL CLASSES,SILAGE,PRODUCTION,"CORN, SILAGE - PRODUCTION, MEASURED IN TONS",TONS,2860000,
2024,YEAR,ALL PRODUCTION PRACTICES,INDIANA,IN,18,,,STATE,CORN,ALL CLASSES,SILAGE,PRODUCTION,"CORN, SILAGE - PRODUCTION, MEASURED IN TONS",TONS,2990000,
2023,YEAR,ALL PRODUCTION PRACTICES,INDIANA,IN,18,,,STATE,CORN,ALL CLASSES,SILAGE,PRODUCTION,"CORN, SILAGE - PRODUCTION, MEASURED IN TONS",TONS,2640000,
2022,YEAR,ALL PRODUCTION PRACTICES,INDIANA,IN,18,,,STATE,CORN,ALL CLASSES,SILAGE,PRODUCTION,"CORN, SILAGE - PRODUCTION, MEASURED IN TONS",TONS,2200000,
2021,YEAR,ALL PRODUCTION PRACTICES,INDIANA,IN,18,,,STATE,CORN,ALL CLASSES,SILAGE,PRODUCTION,"CORN, SILAGE - PRODUCTION, MEASURED IN TONS",TONS,2420000,
2025,YEAR,ALL PRODUCTION PRACTICES,IOWA,IA,19,,,STATE,CORN,ALL CLASSES,SILAGE,PRODUCTION,"CORN, SILAGE - PRODUCTION, MEASURED IN TONS",TONS,6250000,
2024,YEAR,ALL PRODUCTION PRACTICES,IOWA,IA,19,,,STATE,CORN,ALL CLASSES,SILAGE,PRODUCTION,"CORN, SILAGE - PRODUCTION, MEASURED IN TONS",TONS,8160000,
2023,YEAR,ALL PRODUCTION PRACTICES,IOWA,IA,19,,,STATE,CORN,ALL CLASSES,SILAGE,PRODUCTION,"CORN, SILAGE - PRODUCTION, MEASURED IN TONS",TONS,7600000,
2022,YEAR,ALL PRODUCTION PRACTICES,IOWA,IA,19,,,STATE,CORN,ALL CLASSES,SILAGE,PRODUCTION,"CORN, SILAGE - PRODUCTION, MEASURED IN TONS",TONS,8190000,
2021,YEAR,ALL PRODUCTION PRACTICES,IOWA,IA,19,,,STATE,CORN,ALL CLASSES,SILAGE,PRODUCTION,"CORN, SILAGE - PRODUCTION, MEASURED IN TONS",TONS,7140000,
2025,YEAR,ALL PRODUCTION PRACTICES,KANSAS,KS,20,,,STATE,CORN,ALL CLASSES,SILAGE,PRODUCTION,"CORN, SILAGE - PRODUCTION, MEASURED IN TONS",TONS,5290000,
2024,YEAR,ALL PRODUCTION PRACTICES,KANSAS,KS,20,,,STATE,CORN,ALL CLASSES,SILAGE,PRODUCTION,"CORN, SILAGE - PRODUCTION, MEASURED IN TONS",TONS,4960000,
2023,YEAR,ALL PRODUCTION PRACTICES,KANSAS,KS,20,,,STATE,CORN,ALL CLASSES,SILAGE,PRODUCTION,"CORN, SILAGE - PRODUCTION, MEASURED IN TONS",TONS,4950000,
2022,YEAR,ALL PRODUCTION PRACTICES,KANSAS,KS,20,,,STATE,CORN,ALL CLASSES,SILAGE,PRODUCTION,"CORN, SILAGE - PRODUCTION, MEASURED IN TONS",TONS,4620000,
2021,YEAR,ALL PRODUCTION PRACTICES,KANSAS,KS,20,,,STATE,CORN,ALL CLASSES,SILAGE,PRODUCTION,"CORN, SILAGE - PRODUCTION, MEASURED IN TONS",TONS,4320000,
2025,YEAR,ALL PRODUCTION PRACTICES,KENTUCKY,KY,21,,,STATE,CORN,ALL CLASSES,SILAGE,PRODUCTION,"CORN, SILAGE - PRODUCTION, MEASURED IN TONS",TONS,1470000,
2024,YEAR,ALL PRODUCTION PRACTICES,KENTUCKY,KY,21,,,STATE,CORN,ALL CLASSES,SILAGE,PRODUCTION,"CORN, SILAGE - PRODUCTION, MEASURED IN TONS",TONS,1330000,
2023,YEAR,ALL PRODUCTION PRACTICES,KENTUCKY,KY,21,,,STATE,CORN,ALL CLASSES,SILAGE,PRODUCTION,"CORN, SILAGE - PRODUCTION, MEASURED IN TONS",TONS,1760000,
2022,YEAR,ALL PRODUCTION PRACTICES,KENTUCKY,KY,21,,,STATE,CORN,ALL CLASSES,SILAGE,PRODUCTION,"CORN, SILAGE - PRODUCTION, MEASURED IN TONS",TONS,1260000,
2021,YEAR,ALL PRODUCTION PRACTICES,KENTUCKY,KY,21,,,STATE,CORN,ALL CLASSES,SILAGE,PRODUCTION,"CORN, SILAGE - PRODUCTION, MEASURED IN TONS",TONS,1710000,
2025,YEAR,ALL PRODUCTION PRACTICES,LOUISIANA,LA,22,,,STATE,CORN,ALL CLASSES,SILAGE,PRODUCTION,"CORN, SILAGE - PRODUCTION, MEASURED IN TONS",TONS,45000,
2024,YEAR,ALL PRODUCTION PRACTICES,LOUISIANA,LA,22,,,STATE,CORN,ALL CLASSES,SILAGE,PRODUCTION,"CORN, SILAGE - PRODUCTION, MEASURED IN TONS",TONS,54000,
2023,YEAR,ALL PRODUCTION PRACTICES,LOUISIANA,LA,22,,,STATE,CORN,ALL CLASSES,SILAGE,PRODUCTION,"CORN, SILAGE - PRODUCTION, MEASURED IN TONS",TONS,45000,
2022,YEAR,ALL PRODUCTION PRACTICES,LOUISIANA,LA,22,,,STATE,CORN,ALL CLASSES,SILAGE,PRODUCTION,"CORN, SILAGE - PRODUCTION, MEASURED IN TONS",TONS,45000,
2021,YEAR,ALL PRODUCTION PRACTICES,LOUISIANA,LA,22,,,STATE,CORN,ALL CLASSES,SILAGE,PRODUCTION,"CORN, SILAGE - PRODUCTION, MEASURED IN TONS",TONS,48000,
2025,YEAR,ALL PRODUCTION PRACTICES,MAINE,ME,23,,,STATE,CORN,ALL CLASSES,SILAGE,PRODUCTION,"CORN, SILAGE - PRODUCTION, MEASURED IN TONS",TONS,325000,
2024,YEAR,ALL PRODUCTION PRACTICES,MAINE,ME,23,,,STATE,CORN,ALL CLASSES,SILAGE,PRODUCTION,"CORN, SILAGE - PRODUCTION, MEASURED IN TONS",TONS,494000,
2023,YEAR,ALL PRODUCTION PRACTICES,MAINE,ME,23,,,STATE,CORN,ALL CLASSES,SILAGE,PRODUCTION,"CORN, SILAGE - PRODUCTION, MEASURED IN TONS",TONS,345000,
2022,YEAR,ALL PRODUCTION PRACTICES,MAINE,ME,23,,,STATE,CORN,ALL CLASSES,SILAGE,PRODUCTION,"CORN, SILAGE - PRODUCTION, MEASURED IN TONS",TONS,408000,
2021,YEAR,ALL PRODUCTION PRACTICES,MAINE,ME,23,,,STATE,CORN,ALL CLASSES,SILAGE,PRODUCTION,"CORN, SILAGE - PRODUCTION, MEASURED IN TONS",TONS,525000,
2025,YEAR,ALL PRODUCTION PRACTICES,MARYLAND,MD,24,,,STATE,CORN,ALL CLASSES,SILAGE,PRODUCTION,"CORN, SILAGE - PRODUCTION, MEASURED IN TONS",TONS,720000,
2024,YEAR,ALL PRODUCTION PRACTICES,MARYLAND,MD,24,,,STATE,CORN,ALL CLASSES,SILAGE,PRODUCTION,"CORN, SILAGE - PRODUCTION, MEASURED IN TONS",TONS,640000,
2023,YEAR,ALL PRODUCTION PRACTICES,MARYLAND,MD,24,,,STATE,CORN,ALL CLASSES,SILAGE,PRODUCTION,"CORN, SILAGE - PRODUCTION, MEASURED IN TONS",TONS,510000,
2022,YEAR,ALL PRODUCTION PRACTICES,MARYLAND,MD,24,,,STATE,CORN,ALL CLASSES,SILAGE,PRODUCTION,"CORN, SILAGE - PRODUCTION, MEASURED IN TONS",TONS,760000,
2021,YEAR,ALL PRODUCTION PRACTICES,MARYLAND,MD,24,,,STATE,CORN,ALL CLASSES,SILAGE,PRODUCTION,"CORN, SILAGE - PRODUCTION, MEASURED IN TONS",TONS,700000,
2025,YEAR,ALL PRODUCTION PRACTICES,MASSACHUSETTS,MA,25,,,STATE,CORN,ALL CLASSES,SILAGE,PRODUCTION,"CORN, SILAGE - PRODUCTION, MEASURED IN TONS",TONS,187000,
2024,YEAR,ALL PRODUCTION PRACTICES,MASSACHUSETTS,MA,25,,,STATE,CORN,ALL CLASSES,SILAGE,PRODUCTION,"CORN, SILAGE - PRODUCTION, MEASURED IN TONS",TONS,209000,
2023,YEAR,ALL PRODUCTION PRACTICES,MASSACHUSETTS,MA,25,,,STATE,CORN,ALL CLASSES,SILAGE,PRODUCTION,"CORN, SILAGE - PRODUCTION, MEASURED IN TONS",TONS,176000,
2022,YEAR,ALL PRODUCTION PRACTICES,MASSACHUSETTS,MA,25,,,STATE,CORN,ALL CLASSES,SILAGE,PRODUCTION,"CORN, SILAGE - PRODUCTION, MEASURED IN TONS",TONS,165000,
2021,YEAR,ALL PRODUCTION PRACTICES,MASSACHUSETTS,MA,25,,,STATE,CORN,ALL CLASSES,SILAGE,PRODUCTION,"CORN, SILAGE - PRODUCTION, MEASURED IN TONS",TONS,187000,
2025,YEAR,ALL PRODUCTION PRACTICES,MICHIGAN,MI,26,,,STATE,CORN,ALL CLASSES,SILAGE,PRODUCTION,"CORN, SILAGE - PRODUCTION, MEASURED IN TONS",TONS,7875000,
2024,YEAR,ALL PRODUCTION PRACTICES,MICHIGAN,MI,26,,,STATE,CORN,ALL CLASSES,SILAGE,PRODUCTION,"CORN, SILAGE - PRODUCTION, MEASURED IN TONS",TONS,6663000,
2023,YEAR,ALL PRODUCTION PRACTICES,MICHIGAN,MI,26,,,STATE,CORN,ALL CLASSES,SILAGE,PRODUCTION,"CORN, SILAGE - PRODUCTION, MEASURED IN TONS",TONS,6400000,
2022,YEAR,ALL PRODUCTION PRACTICES,MICHIGAN,MI,26,,,STATE,CORN,ALL CLASSES,SILAGE,PRODUCTION,"CORN, SILAGE - PRODUCTION, MEASURED IN TONS",TONS,6600000,
2021,YEAR,ALL PRODUCTION PRACTICES,MICHIGAN,MI,26,,,STATE,CORN,ALL CLASSES,SILAGE,PRODUCTION,"CORN, SILAGE - PRODUCTION, MEASURED IN TONS",TONS,6970000,
2025,YEAR,ALL PRODUCTION PRACTICES,MINNESOTA,MN,27,,,STATE,CORN,ALL CLASSES,SILAGE,PRODUCTION,"CORN, SILAGE - PRODUCTION, MEASURED IN TONS",TONS,8280000,
2024,YEAR,ALL PRODUCTION PRACTICES,MINNESOTA,MN,27,,,STATE,CORN,ALL CLASSES,SILAGE,PRODUCTION,"CORN, SILAGE - PRODUCTION, MEASURED IN TONS",TONS,7980000,
2023,YEAR,ALL PRODUCTION PRACTICES,MINNESOTA,MN,27,,,STATE,CORN,ALL CLASSES,SILAGE,PRODUCTION,"CORN, SILAGE - PRODUCTION, MEASURED IN TONS",TONS,6475000,
2022,YEAR,ALL PRODUCTION PRACTICES,MINNESOTA,MN,27,,,STATE,CORN,ALL CLASSES,SILAGE,PRODUCTION,"CORN, SILAGE - PRODUCTION, MEASURED IN TONS",TONS,9675000,
2021,YEAR,ALL PRODUCTION PRACTICES,MINNESOTA,MN,27,,,STATE,CORN,ALL CLASSES,SILAGE,PRODUCTION,"CORN, SILAGE - PRODUCTION, MEASURED IN TONS",TONS,8550000,
2025,YEAR,ALL PRODUCTION PRACTICES,MISSISSIPPI,MS,28,,,STATE,CORN,ALL CLASSES,SILAGE,PRODUCTION,"CORN, SILAGE - PRODUCTION, MEASURED IN TONS",TONS,270000,
2024,YEAR,ALL PRODUCTION PRACTICES,MISSISSIPPI,MS,28,,,STATE,CORN,ALL CLASSES,SILAGE,PRODUCTION,"CORN, SILAGE - PRODUCTION, MEASURED IN TONS",TONS,112000,
2023,YEAR,ALL PRODUCTION PRACTICES,MISSISSIPPI,MS,28,,,STATE,CORN,ALL CLASSES,SILAGE,PRODUCTION,"CORN, SILAGE - PRODUCTION, MEASURED IN TONS",TONS,90000,
2022,YEAR,ALL PRODUCTION PRACTICES,MISSISSIPPI,MS,28,,,STATE,CORN,ALL CLASSES,SILAGE,PRODUCTION,"CORN, SILAGE - PRODUCTION, MEASURED IN TONS",TONS,75000,
2021,YEAR,ALL PRODUCTION PRACTICES,MISSISSIPPI,MS,28,,,STATE,CORN,ALL CLASSES,SILAGE,PRODUCTION,"CORN, SILAGE - PRODUCTION, MEASURED IN TONS",TONS,136000,
2025,YEAR,ALL PRODUCTION PRACTICES,MISSOURI,MO,29,,,STATE,CORN,ALL CLASSES,SILAGE,PRODUCTION,"CORN, SILAGE - PRODUCTION, MEASURED IN TONS",TONS,1280000,
2024,YEAR,ALL PRODUCTION PRACTICES,MISSOURI,MO,29,,,STATE,CORN,ALL CLASSES,SILAGE,PRODUCTION,"CORN, SILAGE - PRODUCTION, MEASURED IN TONS",TONS,1800000,
2023,YEAR,ALL PRODUCTION PRACTICES,MISSOURI,MO,29,,,STATE,CORN,ALL CLASSES,SILAGE,PRODUCTION,"CORN, SILAGE - PRODUCTION, MEASURED IN TONS",TONS,1400000,
2022,YEAR,ALL PRODUCTION PRACTICES,MISSOURI,MO,29,,,STATE,CORN,ALL CLASSES,SILAGE,PRODUCTION,"CORN, SILAGE - PRODUCTION, MEASURED IN TONS",TONS,1650000,
2021,YEAR,ALL PRODUCTION PRACTICES,MISSOURI,MO,29,,,STATE,CORN,ALL CLASSES,SILAGE,PRODUCTION,"CORN, SILAGE - PRODUCTION, MEASURED IN TONS",TONS,1050000,
2025,YEAR,ALL PRODUCTION PRACTICES,MONTANA,MT,30,,,STATE,CORN,ALL CLASSES,SILAGE,PRODUCTION,"CORN, SILAGE - PRODUCTION, MEASURED IN TONS",TONS,1311000,
2024,YEAR,ALL PRODUCTION PRACTICES,MONTANA,MT,30,,,STATE,CORN,ALL CLASSES,SILAGE,PRODUCTION,"CORN, SILAGE - PRODUCTION, MEASURED IN TONS",TONS,740000,
2023,YEAR,ALL PRODUCTION PRACTICES,MONTANA,MT,30,,,STATE,CORN,ALL CLASSES,SILAGE,PRODUCTION,"CORN, SILAGE - PRODUCTION, MEASURED IN TONS",TONS,1426000,
2022,YEAR,ALL PRODUCTION PRACTICES,MONTANA,MT,30,,,STATE,CORN,ALL CLASSES,SILAGE,PRODUCTION,"CORN, SILAGE - PRODUCTION, MEASURED IN TONS",TONS,1134000,
2021,YEAR,ALL PRODUCTION PRACTICES,MONTANA,MT,30,,,STATE,CORN,ALL CLASSES,SILAGE,PRODUCTION,"CORN, SILAGE - PRODUCTION, MEASURED IN TONS",TONS,846000,
2025,YEAR,ALL PRODUCTION PRACTICES,NEBRASKA,NE,31,,,STATE,CORN,ALL CLASSES,SILAGE,PRODUCTION,"CORN, SILAGE - PRODUCTION, MEASURED IN TONS",TONS,4410000,
2024,YEAR,ALL PRODUCTION PRACTICES,NEBRASKA,NE,31,,,STATE,CORN,ALL CLASSES,SILAGE,PRODUCTION,"CORN, SILAGE - PRODUCTION, MEASURED IN TONS",TONS,5880000,
2023,YEAR,ALL PRODUCTION PRACTICES,NEBRASKA,NE,31,,,STATE,CORN,ALL CLASSES,SILAGE,PRODUCTION,"CORN, SILAGE - PRODUCTION, MEASURED IN TONS",TONS,4760000,
2022,YEAR,ALL PRODUCTION PRACTICES,NEBRASKA,NE,31,,,STATE,CORN,ALL CLASSES,SILAGE,PRODUCTION,"CORN, SILAGE - PRODUCTION, MEASURED IN TONS",TONS,5375000,
2021,YEAR,ALL PRODUCTION PRACTICES,NEBRASKA,NE,31,,,STATE,CORN,ALL CLASSES,SILAGE,PRODUCTION,"CORN, SILAGE - PRODUCTION, MEASURED IN TONS",TONS,5070000,
2025,YEAR,ALL PRODUCTION PRACTICES,NEVADA,NV,32,,,STATE,CORN,ALL CLASSES,SILAGE,PRODUCTION,"CORN, SILAGE - PRODUCTION, MEASURED IN TONS",TONS,528000,
2024,YEAR,ALL PRODUCTION PRACTICES,NEVADA,NV,32,,,STATE,CORN,ALL CLASSES,SILAGE,PRODUCTION,"CORN, SILAGE - PRODUCTION, MEASURED IN TONS",TONS,425000,
2023,YEAR,ALL PRODUCTION PRACTICES,NEVADA,NV,32,,,STATE,CORN,ALL CLASSES,SILAGE,PRODUCTION,"CORN, SILAGE - PRODUCTION, MEASURED IN TONS",TONS,231000,
2022,YEAR,ALL PRODUCTION PRACTICES,NEVADA,NV,32,,,STATE,CORN,ALL CLASSES,SILAGE,PRODUCTION,"CORN, SILAGE - PRODUCTION, MEASURED IN TONS",TONS,242000,
2021,YEAR,ALL PRODUCTION PRACTICES,NEVADA,NV,32,,,STATE,CORN,ALL CLASSES,SILAGE,PRODUCTION,"CORN, SILAGE - PRODUCTION, MEASURED IN TONS",TONS,338000,
2025,YEAR,ALL PRODUCTION PRACTICES,NEW HAMPSHIRE,NH,33,,,STATE,CORN,ALL CLASSES,SILAGE,PRODUCTION,"CORN, SILAGE - PRODUCTION, MEASURED IN TONS",TONS,170000,
2024,YEAR,ALL PRODUCTION PRACTICES,NEW HAMPSHIRE,NH,33,,,STATE,CORN,ALL CLASSES,SILAGE,PRODUCTION,"CORN, SILAGE - PRODUCTION, MEASURED IN TONS",TONS,231000,
2023,YEAR,ALL PRODUCTION PRACTICES,NEW HAMPSHIRE,NH,33,,,STATE,CORN,ALL CLASSES,SILAGE,PRODUCTION,"CORN, SILAGE - PRODUCTION, MEASURED IN TONS",TONS,216000,
2022,YEAR,ALL PRODUCTION PRACTICES,NEW HAMPSHIRE,NH,33,,,STATE,CORN,ALL CLASSES,SILAGE,PRODUCTION,"CORN, SILAGE - PRODUCTION, MEASURED IN TONS",TONS,209000,
2021,YEAR,ALL PRODUCTION PRACTICES,NEW HAMPSHIRE,NH,33,,,STATE,CORN,ALL CLASSES,SILAGE,PRODUCTION,"CORN, SILAGE - PRODUCTION, MEASURED IN TONS",TONS,231000,
2025,YEAR,ALL PRODUCTION PRACTICES,NEW JERSEY,NJ,34,,,STATE,CORN,ALL CLASSES,SILAGE,PRODUCTION,"CORN, SILAGE - PRODUCTION, MEASURED IN TONS",TONS,140000,
2024,YEAR,ALL PRODUCTION PRACTICES,NEW JERSEY,NJ,34,,,STATE,CORN,ALL CLASSES,SILAGE,PRODUCTION,"CORN, SILAGE - PRODUCTION, MEASURED IN TONS",TONS,85000,
2023,YEAR,ALL PRODUCTION PRACTICES,NEW JERSEY,NJ,34,,,STATE,CORN,ALL CLASSES,SILAGE,PRODUCTION,"CORN, SILAGE - PRODUCTION, MEASURED IN TONS",TONS,108000,
2022,YEAR,ALL PRODUCTION PRACTICES,NEW JERSEY,NJ,34,,,STATE,CORN,ALL CLASSES,SILAGE,PRODUCTION,"CORN, SILAGE - PRODUCTION, MEASURED IN TONS",TONS,96000,
2021,YEAR,ALL PRODUCTION PRACTICES,NEW JERSEY,NJ,34,,,STATE,CORN,ALL CLASSES,SILAGE,PRODUCTION,"CORN, SILAGE - PRODUCTION, MEASURED IN TONS",TONS,100000,
2025,YEAR,ALL PRODUCTION PRACTICES,NEW MEXICO,NM,35,,,STATE,CORN,ALL CLASSES,SILAGE,PRODUCTION,"CORN, SILAGE - PRODUCTION, MEASURED IN TONS",TONS,1357000,
2024,YEAR,ALL PRODUCTION PRACTICES,NEW MEXICO,NM,35,,,STATE,CORN,ALL CLASSES,SILAGE,PRODUCTION,"CORN, SILAGE - PRODUCTION, MEASURED IN TONS",TONS,1122000,
2023,YEAR,ALL PRODUCTION PRACTICES,NEW MEXICO,NM,35,,,STATE,CORN,ALL CLASSES,SILAGE,PRODUCTION,"CORN, SILAGE - PRODUCTION, MEASURED IN TONS",TONS,1449000,
2022,YEAR,ALL PRODUCTION PRACTICES,NEW MEXICO,NM,35,,,STATE,CORN,ALL CLASSES,SILAGE,PRODUCTION,"CORN, SILAGE - PRODUCTION, MEASURED IN TONS",TONS,1320000,
2021,YEAR,ALL PRODUCTION PRACTICES,NEW MEXICO,NM,35,,,STATE,CORN,ALL CLASSES,SILAGE,PRODUCTION,"CORN, SILAGE - PRODUCTION, MEASURED IN TONS",TONS,2080000,
2025,YEAR,ALL PRODUCTION PRACTICES,NEW YORK,NY,36,,,STATE,CORN,ALL CLASSES,SILAGE,PRODUCTION,"CORN, SILAGE - PRODUCTION, MEASURED IN TONS",TONS,8500000,
2024,YEAR,ALL PRODUCTION PRACTICES,NEW YORK,NY,36,,,STATE,CORN,ALL CLASSES,SILAGE,PRODUCTION,"CORN, SILAGE - PRODUCTION, MEASURED IN TONS",TONS,8645000,
2023,YEAR,ALL PRODUCTION PRACTICES,NEW YORK,NY,36,,,STATE,CORN,ALL CLASSES,SILAGE,PRODUCTION,"CORN, SILAGE - PRODUCTION, MEASURED IN TONS",TONS,8600000,
2022,YEAR,ALL PRODUCTION PRACTICES,NEW YORK,NY,36,,,STATE,CORN,ALL CLASSES,SILAGE,PRODUCTION,"CORN, SILAGE - PRODUCTION, MEASURED IN TONS",TONS,7225000,
2021,YEAR,ALL PRODUCTION PRACTICES,NEW YORK,NY,36,,,STATE,CORN,ALL CLASSES,SILAGE,PRODUCTION,"CORN, SILAGE - PRODUCTION, MEASURED IN TONS",TONS,8360000,
2025,YEAR,ALL PRODUCTION PRACTICES,NORTH CAROLINA,NC,37,,,STATE,CORN,ALL CLASSES,SILAGE,PRODUCTION,"CORN, SILAGE - PRODUCTION, MEASURED IN TONS",TONS,660000,
2024,YEAR,ALL PRODUCTION PRACTICES,NORTH CAROLINA,NC,37,,,STATE,CORN,ALL CLASSES,SILAGE,PRODUCTION,"CORN, SILAGE - PRODUCTION, MEASURED IN TONS",TONS,240000,
2023,YEAR,ALL PRODUCTION PRACTICES,NORTH CAROLINA,NC,37,,,STATE,CORN,ALL CLASSES,SILAGE,PRODUCTION,"CORN, SILAGE - PRODUCTION, MEASURED IN TONS",TONS,540000,
2022,YEAR,ALL PRODUCTION PRACTICES,NORTH CAROLINA,NC,37,,,STATE,CORN,ALL CLASSES,SILAGE,PRODUCTION,"CORN, SILAGE - PRODUCTION, MEASURED IN TONS",TONS,420000,
2021,YEAR,ALL PRODUCTION PRACTICES,NORTH CAROLINA,NC,37,,,STATE,CORN,ALL CLASSES,SILAGE,PRODUCTION,"CORN, SILAGE - PRODUCTION, MEASURED IN TONS",TONS,630000,
2025,YEAR,ALL PRODUCTION PRACTICES,NORTH DAKOTA,ND,38,,,STATE,CORN,ALL CLASSES,SILAGE,PRODUCTION,"CORN, SILAGE - PRODUCTION, MEASURED IN TONS",TONS,3230000,
2024,YEAR,ALL PRODUCTION PRACTICES,NORTH DAKOTA,ND,38,,,STATE,CORN,ALL CLASSES,SILAGE,PRODUCTION,"CORN, SILAGE - PRODUCTION, MEASURED IN TONS",TONS,3900000,
2023,YEAR,ALL PRODUCTION PRACTICES,NORTH DAKOTA,ND,38,,,STATE,CORN,ALL CLASSES,SILAGE,PRODUCTION,"CORN, SILAGE - PRODUCTION, MEASURED IN TONS",TONS,3500000,
2022,YEAR,ALL PRODUCTION PRACTICES,NORTH DAKOTA,ND,38,,,STATE,CORN,ALL CLASSES,SILAGE,PRODUCTION,"CORN, SILAGE - PRODUCTION, MEASURED IN TONS",TONS,3450000,
2021,YEAR,ALL PRODUCTION PRACTICES,NORTH DAKOTA,ND,38,,,STATE,CORN,ALL CLASSES,SILAGE,PRODUCTION,"CORN, SILAGE - PRODUCTION, MEASURED IN TONS",TONS,1875000,
2025,YEAR,ALL PRODUCTION PRACTICES,OHIO,OH,39,,,STATE,CORN,ALL CLASSES,SILAGE,PRODUCTION,"CORN, SILAGE - PRODUCTION, MEASURED IN TONS",TONS,4400000,
2024,YEAR,ALL PRODUCTION PRACTICES,OHIO,OH,39,,,STATE,CORN,ALL CLASSES,SILAGE,PRODUCTION,"CORN, SILAGE - PRODUCTION, MEASURED IN TONS",TONS,3200000,
2023,YEAR,ALL PRODUCTION PRACTICES,OHIO,OH,39,,,STATE,CORN,ALL CLASSES,SILAGE,PRODUCTION,"CORN, SILAGE - PRODUCTION, MEASURED IN TONS",TONS,3360000,
2022,YEAR,ALL PRODUCTION PRACTICES,OHIO,OH,39,,,STATE,CORN,ALL CLASSES,SILAGE,PRODUCTION,"CORN, SILAGE - PRODUCTION, MEASURED IN TONS",TONS,3740000,
2021,YEAR,ALL PRODUCTION PRACTICES,OHIO,OH,39,,,STATE,CORN,ALL CLASSES,SILAGE,PRODUCTION,"CORN, SILAGE - PRODUCTION, MEASURED IN TONS",TONS,3200000,
2025,YEAR,ALL PRODUCTION PRACTICES,OKLAHOMA,OK,40,,,STATE,CORN,ALL CLASSES,SILAGE,PRODUCTION,"CORN, SILAGE - PRODUCTION, MEASURED IN TONS",TONS,350000,
2024,YEAR,ALL PRODUCTION PRACTICES,OKLAHOMA,OK,40,,,STATE,CORN,ALL CLASSES,SILAGE,PRODUCTION,"CORN, SILAGE - PRODUCTION, MEASURED IN TONS",TONS,240000,
2023,YEAR,ALL PRODUCTION PRACTICES,OKLAHOMA,OK,40,,,STATE,CORN,ALL CLASSES,SILAGE,PRODUCTION,"CORN, SILAGE - PRODUCTION, MEASURED IN TONS",TONS,420000,
2022,YEAR,ALL PRODUCTION PRACTICES,OKLAHOMA,OK,40,,,STATE,CORN,ALL CLASSES,SILAGE,PRODUCTION,"CORN, SILAGE - PRODUCTION, MEASURED IN TONS",TONS,385000,
2021,YEAR,ALL PRODUCTION PRACTICES,OKLAHOMA,OK,40,,,STATE,CORN,ALL CLASSES,SILAGE,PRODUCTION,"CORN, SILAGE - PRODUCTION, MEASURED IN TONS",TONS,300000,
2025,YEAR,ALL PRODUCTION PRACTICES,OREGON,OR,41,,,STATE,CORN,ALL CLASSES,SILAGE,PRODUCTION,"CORN, SILAGE - PRODUCTION, MEASURED IN TONS",TONS,667000,
2024,YEAR,ALL PRODUCTION PRACTICES,OREGON,OR,41,,,STATE,CORN,ALL CLASSES,SILAGE,PRODUCTION,"CORN, SILAGE - PRODUCTION, MEASURED IN TONS",TONS,1058000,
2023,YEAR,ALL PRODUCTION PRACTICES,OREGON,OR,41,,,STATE,CORN,ALL CLASSES,SILAGE,PRODUCTION,"CORN, SILAGE - PRODUCTION, MEASURED IN TONS",TONS,1014000,
2022,YEAR,ALL PRODUCTION PRACTICES,OREGON,OR,41,,,STATE,CORN,ALL CLASSES,SILAGE,PRODUCTION,"CORN, SILAGE - PRODUCTION, MEASURED IN TONS",TONS,952000,
2021,YEAR,ALL PRODUCTION PRACTICES,OREGON,OR,41,,,STATE,CORN,ALL CLASSES,SILAGE,PRODUCTION,"CORN, SILAGE - PRODUCTION, MEASURED IN TONS",TONS,897000,
2025,YEAR,ALL PRODUCTION PRACTICES,PENNSYLVANIA,PA,42,,,STATE,CORN,ALL CLASSES,SILAGE,PRODUCTION,"CORN, SILAGE - PRODUCTION, MEASURED IN TONS",TONS,6300000,
2024,YEAR,ALL PRODUCTION PRACTICES,PENNSYLVANIA,PA,42,,,STATE,CORN,ALL CLASSES,SILAGE,PRODUCTION,"CORN, SILAGE - PRODUCTION, MEASURED IN TONS",TONS,5120000,
2023,YEAR,ALL PRODUCTION PRACTICES,PENNSYLVANIA,PA,42,,,STATE,CORN,ALL CLASSES,SILAGE,PRODUCTION,"CORN, SILAGE - PRODUCTION, MEASURED IN TONS",TONS,6900000,
2022,YEAR,ALL PRODUCTION PRACTICES,PENNSYLVANIA,PA,42,,,STATE,CORN,ALL CLASSES,SILAGE,PRODUCTION,"CORN, SILAGE - PRODUCTION, MEASURED IN TONS",TONS,6120000,
2021,YEAR,ALL PRODUCTION PRACTICES,PENNSYLVANIA,PA,42,,,STATE,CORN,ALL CLASSES,SILAGE,PRODUCTION,"CORN, SILAGE - PRODUCTION, MEASURED IN TONS",TONS,6510000,
2025,YEAR,ALL PRODUCTION PRACTICES,RHODE ISLAND,RI,44,,,STATE,CORN,ALL CLASSES,SILAGE,PRODUCTION,"CORN, SILAGE - PRODUCTION, MEASURED IN TONS",TONS,12000,
2024,YEAR,ALL PRODUCTION PRACTICES,RHODE ISLAND,RI,44,,,STATE,CORN,ALL CLASSES,SILAGE,PRODUCTION,"CORN, SILAGE - PRODUCTION, MEASURED IN TONS",TONS,18000,
2023,YEAR,ALL PRODUCTION PRACTICES,RHODE ISLAND,RI,44,,,STATE,CORN,ALL CLASSES,SILAGE,PRODUCTION,"CORN, SILAGE - PRODUCTION, MEASURED IN TONS",TONS,21000,
2022,YEAR,ALL PRODUCTION PRACTICES,RHODE ISLAND,RI,44,,,STATE,CORN,ALL CLASSES,SILAGE,PRODUCTION,"CORN, SILAGE - PRODUCTION, MEASURED IN TONS",TONS,16000,
2021,YEAR,ALL PRODUCTION PRACTICES,RHODE ISLAND,RI,44,,,STATE,CORN,ALL CLASSES,SILAGE,PRODUCTION,"CORN, SILAGE - PRODUCTION, MEASURED IN TONS",TONS,42000,
2025,YEAR,ALL PRODUCTION PRACTICES,SOUTH CAROLINA,SC,45,,,STATE,CORN,ALL CLASSES,SILAGE,PRODUCTION,"CORN, SILAGE - PRODUCTION, MEASURED IN TONS",TONS,114000,
2024,YEAR,ALL PRODUCTION PRACTICES,SOUTH CAROLINA,SC,45,,,STATE,CORN,ALL CLASSES,SILAGE,PRODUCTION,"CORN, SILAGE - PRODUCTION, MEASURED IN TONS",TONS,126000,
2023,YEAR,ALL PRODUCTION PRACTICES,SOUTH CAROLINA,SC,45,,,STATE,CORN,ALL CLASSES,SILAGE,PRODUCTION,"CORN, SILAGE - PRODUCTION, MEASURED IN TONS",TONS,152000,
2022,YEAR,ALL PRODUCTION PRACTICES,SOUTH CAROLINA,SC,45,,,STATE,CORN,ALL CLASSES,SILAGE,PRODUCTION,"CORN, SILAGE - PRODUCTION, MEASURED IN TONS",TONS,112000,
2021,YEAR,ALL PRODUCTION PRACTICES,SOUTH CAROLINA,SC,45,,,STATE,CORN,ALL CLASSES,SILAGE,PRODUCTION,"CORN, SILAGE - PRODUCTION, MEASURED IN TONS",TONS,228000,
2025,YEAR,ALL PRODUCTION PRACTICES,SOUTH DAKOTA,SD,46,,,STATE,CORN,ALL CLASSES,SILAGE,PRODUCTION,"CORN, SILAGE - PRODUCTION, MEASURED IN TONS",TONS,6630000,
2024,YEAR,ALL PRODUCTION PRACTICES,SOUTH DAKOTA,SD,46,,,STATE,CORN,ALL CLASSES,SILAGE,PRODUCTION,"CORN, SILAGE - PRODUCTION, MEASURED IN TONS",TONS,6150000,
2023,YEAR,ALL PRODUCTION PRACTICES,SOUTH DAKOTA,SD,46,,,STATE,CORN,ALL CLASSES,SILAGE,PRODUCTION,"CORN, SILAGE - PRODUCTION, MEASURED IN TONS",TONS,8840000,
2022,YEAR,ALL PRODUCTION PRACTICES,SOUTH DAKOTA,SD,46,,,STATE,CORN,ALL CLASSES,SILAGE,PRODUCTION,"CORN, SILAGE - PRODUCTION, MEASURED IN TONS",TONS,6600000,
2021,YEAR,ALL PRODUCTION PRACTICES,SOUTH DAKOTA,SD,46,,,STATE,CORN,ALL CLASSES,SILAGE,PRODUCTION,"CORN, SILAGE - PRODUCTION, MEASURED IN TONS",TONS,6000000,
2025,YEAR,ALL PRODUCTION PRACTICES,TENNESSEE,TN,47,,,STATE,CORN,ALL CLASSES,SILAGE,PRODUCTION,"CORN, SILAGE - PRODUCTION, MEASURED IN TONS",TONS,665000,
2024,YEAR,ALL PRODUCTION PRACTICES,TENNESSEE,TN,47,,,STATE,CORN,ALL CLASSES,SILAGE,PRODUCTION,"CORN, SILAGE - PRODUCTION, MEASURED IN TONS",TONS,425000,
2023,YEAR,ALL PRODUCTION PRACTICES,TENNESSEE,TN,47,,,STATE,CORN,ALL CLASSES,SILAGE,PRODUCTION,"CORN, SILAGE - PRODUCTION, MEASURED IN TONS",TONS,600000,
2022,YEAR,ALL PRODUCTION PRACTICES,TENNESSEE,TN,47,,,STATE,CORN,ALL CLASSES,SILAGE,PRODUCTION,"CORN, SILAGE - PRODUCTION, MEASURED IN TONS",TONS,480000,
2021,YEAR,ALL PRODUCTION PRACTICES,TENNESSEE,TN,47,,,STATE,CORN,ALL CLASSES,SILAGE,PRODUCTION,"CORN, SILAGE - PRODUCTION, MEASURED IN TONS",TONS,665000,
2025,YEAR,ALL PRODUCTION PRACTICES,TEXAS,TX,48,,,STATE,CORN,ALL CLASSES,SILAGE,PRODUCTION,"CORN, SILAGE - PRODUCTION, MEASURED IN TONS",TONS,5830000,
2024,YEAR,ALL PRODUCTION PRACTICES,TEXAS,TX,48,,,STATE,CORN,ALL CLASSES,SILAGE,PRODUCTION,"CORN, SILAGE - PRODUCTION, MEASURED IN TONS",TONS,2880000,
2023,YEAR,ALL PRODUCTION PRACTICES,TEXAS,TX,48,,,STATE,CORN,ALL CLASSES,SILAGE,PRODUCTION,"CORN, SILAGE - PRODUCTION, MEASURED IN TONS",TONS,5040000,
2022,YEAR,ALL PRODUCTION PRACTICES,TEXAS,TX,48,,,STATE,CORN,ALL CLASSES,SILAGE,PRODUCTION,"CORN, SILAGE - PRODUCTION, MEASURED IN TONS",TONS,3900000,
2021,YEAR,ALL PRODUCTION PRACTICES,TEXAS,TX,48,,,STATE,CORN,ALL CLASSES,SILAGE,PRODUCTION,"CORN, SILAGE - PRODUCTION, MEASURED IN TONS",TONS,5250000,
2025,YEAR,ALL PRODUCTION PRACTICES,UTAH,UT,49,,,STATE,CORN,ALL CLASSES,SILAGE,PRODUCTION,"CORN, SILAGE - PRODUCTION, MEASURED IN TONS",TONS,1224000,
2024,YEAR,ALL PRODUCTION PRACTICES,UTAH,UT,49,,,STATE,CORN,ALL CLASSES,SILAGE,PRODUCTION,"CORN, SILAGE - PRODUCTION, MEASURED IN TONS",TONS,1150000,
2023,YEAR,ALL PRODUCTION PRACTICES,UTAH,UT,49,,,STATE,CORN,ALL CLASSES,SILAGE,PRODUCTION,"CORN, SILAGE - PRODUCTION, MEASURED IN TONS",TONS,1150000,
2022,YEAR,ALL PRODUCTION PRACTICES,UTAH,UT,49,,,STATE,CORN,ALL CLASSES,SILAGE,PRODUCTION,"CORN, SILAGE - PRODUCTION, MEASURED IN TONS",TONS,1080000,
2021,YEAR,ALL PRODUCTION PRACTICES,UTAH,UT,49,,,STATE,CORN,ALL CLASSES,SILAGE,PRODUCTION,"CORN, SILAGE - PRODUCTION, MEASURED IN TONS",TONS,1080000,
2025,YEAR,ALL PRODUCTION PRACTICES,VERMONT,VT,50,,,STATE,CORN,ALL CLASSES,SILAGE,PRODUCTION,"CORN, SILAGE - PRODUCTION, MEASURED IN TONS",TONS,1512000,
2024,YEAR,ALL PRODUCTION PRACTICES,VERMONT,VT,50,,,STATE,CORN,ALL CLASSES,SILAGE,PRODUCTION,"CORN, SILAGE - PRODUCTION, MEASURED IN TONS",TONS,1615000,
2023,YEAR,ALL PRODUCTION PRACTICES,VERMONT,VT,50,,,STATE,CORN,ALL CLASSES,SILAGE,PRODUCTION,"CORN, SILAGE - PRODUCTION, MEASURED IN TONS",TONS,1360000,
2022,YEAR,ALL PRODUCTION PRACTICES,VERMONT,VT,50,,,STATE,CORN,ALL CLASSES,SILAGE,PRODUCTION,"CORN, SILAGE - PRODUCTION, MEASURED IN TONS",TONS,1558000,
2021,YEAR,ALL PRODUCTION PRACTICES,VERMONT,VT,50,,,STATE,CORN,ALL CLASSES,SILAGE,PRODUCTION,"CORN, SILAGE - PRODUCTION, MEASURED IN TONS",TONS,1463000,
2025,YEAR,ALL PRODUCTION PRACTICES,VIRGINIA,VA,51,,,STATE,CORN,ALL CLASSES,SILAGE,PRODUCTION,"CORN, SILAGE - PRODUCTION, MEASURED IN TONS",TONS,2100000,
2024,YEAR,ALL PRODUCTION PRACTICES,VIRGINIA,VA,51,,,STATE,CORN,ALL CLASSES,SILAGE,PRODUCTION,"CORN, SILAGE - PRODUCTION, MEASURED IN TONS",TONS,1330000,
2023,YEAR,ALL PRODUCTION PRACTICES,VIRGINIA,VA,51,,,STATE,CORN,ALL CLASSES,SILAGE,PRODUCTION,"CORN, SILAGE - PRODUCTION, MEASURED IN TONS",TONS,1700000,
2022,YEAR,ALL PRODUCTION PRACTICES,VIRGINIA,VA,51,,,STATE,CORN,ALL CLASSES,SILAGE,PRODUCTION,"CORN, SILAGE - PRODUCTION, MEASURED IN TONS",TONS,2200000,
2021,YEAR,ALL PRODUCTION PRACTICES,VIRGINIA,VA,51,,,STATE,CORN,ALL CLASSES,SILAGE,PRODUCTION,"CORN, SILAGE - PRODUCTION, MEASURED IN TONS",TONS,2125000,
2025,YEAR,ALL PRODUCTION PRACTICES,WASHINGTON,WA,53,,,STATE,CORN,ALL CLASSES,SILAGE,PRODUCTION,"CORN, SILAGE - PRODUCTION, MEASURED IN TONS",TONS,2403000,
2024,YEAR,ALL PRODUCTION PRACTICES,WASHINGTON,WA,53,,,STATE,CORN,ALL CLASSES,SILAGE,PRODUCTION,"CORN, SILAGE - PRODUCTION, MEASURED IN TONS",TONS,2626000,
2023,YEAR,ALL PRODUCTION PRACTICES,WASHINGTON,WA,53,,,STATE,CORN,ALL CLASSES,SILAGE,PRODUCTION,"CORN, SILAGE - PRODUCTION, MEASURED IN TONS",TONS,2040000,
2022,YEAR,ALL PRODUCTION PRACTICES,WASHINGTON,WA,53,,,STATE,CORN,ALL CLASSES,SILAGE,PRODUCTION,"CORN, SILAGE - PRODUCTION, MEASURED IN TONS",TONS,1375000,
2021,YEAR,ALL PRODUCTION PRACTICES,WASHINGTON,WA,53,,,STATE,CORN,ALL CLASSES,SILAGE,PRODUCTION,"CORN, SILAGE - PRODUCTION, MEASURED IN TONS",TONS,2000000,
2025,YEAR,ALL PRODUCTION PRACTICES,WEST VIRGINIA,WV,54,,,STATE,CORN,ALL CLASSES,SILAGE,PRODUCTION,"CORN, SILAGE - PRODUCTION, MEASURED IN TONS",TONS,171000,
2024,YEAR,ALL PRODUCTION PRACTICES,WEST VIRGINIA,WV,54,,,STATE,CORN,ALL CLASSES,SILAGE,PRODUCTION,"CORN, SILAGE - PRODUCTION, MEASURED IN TONS",TONS,108000,
2023,YEAR,ALL PRODUCTION PRACTICES,WEST VIRGINIA,WV,54,,,STATE,CORN,ALL CLASSES,SILAGE,PRODUCTION,"CORN, SILAGE - PRODUCTION, MEASURED IN TONS",TONS,153000,
2022,YEAR,ALL PRODUCTION PRACTICES,WEST VIRGINIA,WV,54,,,STATE,CORN,ALL CLASSES,SILAGE,PRODUCTION,"CORN, SILAGE - PRODUCTION, MEASURED IN TONS",TONS,189000,
2021,YEAR,ALL PRODUCTION PRACTICES,WEST VIRGINIA,WV,54,,,STATE,CORN,ALL CLASSES,SILAGE,PRODUCTION,"CORN, SILAGE - PRODUCTION, MEASURED IN TONS",TONS,180000,
2025,YEAR,ALL PRODUCTION PRACTICES,WISCONSIN,WI,55,,,STATE,CORN,ALL CLASSES,SILAGE,PRODUCTION,"CORN, SILAGE - PRODUCTION, MEASURED IN TONS",TONS,19470000,
2024,YEAR,ALL PRODUCTION PRACTICES,WISCONSIN,WI,55,,,STATE,CORN,ALL CLASSES,SILAGE,PRODUCTION,"CORN, SILAGE - PRODUCTION, MEASURED IN TONS",TONS,14600000,
2023,YEAR,ALL PRODUCTION PRACTICES,WISCONSIN,WI,55,,,STATE,CORN,ALL CLASSES,SILAGE,PRODUCTION,"CORN, SILAGE - PRODUCTION, MEASURED IN TONS",TONS,16380000,
2022,YEAR,ALL PRODUCTION PRACTICES,WISCONSIN,WI,55,,,STATE,CORN,ALL CLASSES,SILAGE,PRODUCTION,"CORN, SILAGE - PRODUCTION, MEASURED IN TONS",TONS,19575000,
2021,YEAR,ALL PRODUCTION PRACTICES,WISCONSIN,WI,55,,,STATE,CORN,ALL CLASSES,SILAGE,PRODUCTION,"CORN, SILAGE - PRODUCTION, MEASURED IN TONS",TONS,18920000,
2025,YEAR,ALL PRODUCTION PRACTICES,WYOMING,WY,56,,,STATE,CORN,ALL CLASSES,SILAGE,PRODUCTION,"CORN, SILAGE - PRODUCTION, MEASURED IN TONS",TONS,529000,
2024,YEAR,ALL PRODUCTION PRACTICES,WYOMING,WY,56,,,STATE,CORN,ALL CLASSES,SILAGE,PRODUCTION,"CORN, SILAGE - PRODUCTION, MEASURED IN TONS",TONS,345000,
2023,YEAR,ALL PRODUCTION PRACTICES,WYOMING,WY,56,,,STATE,CORN,ALL CLASSES,SILAGE,PRODUCTION,"CORN, SILAGE - PRODUCTION, MEASURED IN TONS",TONS,529000,
2022,YEAR,ALL PRODUCTION PRACTICES,WYOMING,WY,56,,,STATE,CORN,ALL CLASSES,SILAGE,PRODUCTION,"CORN, SILAGE - PRODUCTION, MEASURED IN TONS",TONS,792000,
2021,YEAR,ALL PRODUCTION PRACTICES,WYOMING,WY,56,,,STATE,CORN,ALL CLASSES,SILAGE,PRODUCTION,"CORN, SILAGE - PRODUCTION, MEASURED IN TONS",TONS,276000,
