Year,State,County,Crop Fire CO2,Crop Fire N2O,Crop Residue CO2,Crop Residue N2O,Manure Fertilizer CO2,Manure Fertilizer N2O,Rice CO2,Rice N2O,Soil CO2,Soil N2O,Synthetic Fertilizer CO2,Synthetic Fertilizer N2O,Corn Grain Harvested,Corn Silage Harvested,Corn Planted,Corn Grain Production,Corn Silage Production,Corn Grain Yield,Corn Silage Yield
2021,ALABAMA,BALDWIN,8564.807217461075,6.5160001725483605,4668.087060000001,17.09922,10456.16208,38.30096,575.8990585672859,0.0,59019.54718414474,29.1491807955674,45922.7769,168.21529999999998,7650.0,0.0,7800.0,1180000.0,0.0,154.2,0.0
2021,ALABAMA,BARBOUR,589.2835116008519,0.4483201706915184,1090.0070999999998,3.9927,4432.23144,16.235280000000003,525.7672326688,0.0,33297.90157583952,15.278790484393268,28706.698020000003,105.15274,2230.0,0.0,2300.0,422000.0,0.0,189.2,0.0
2021,ALABAMA,BLOUNT,296.5698848252269,0.2256200747732974,4114.03356,15.06972,5180.994,18.978,552.4593827887243,0.0,24484.589499483216,11.234789441819284,29192.38686,106.93182,1350.0,0.0,1400.0,206000.0,0.0,152.6,0.0
2021,ALABAMA,CALHOUN,0.0227745008872888,2.011098893808168e-05,698.5797,2.5589,1804.48632,6.60984,298.8043165553675,0.0,21651.33199980057,10.693382464591108,11389.65828,41.72036,1960.0,0.0,2000.0,314000.0,0.0,160.2,0.0
2021,ALABAMA,CHEROKEE,3.507334454644426e-05,1.1282998678470642e-07,1162.9527,4.2599,2349.95124,8.60788,225.7679468060676,0.0,22010.477310909177,10.099539471847164,16576.7784,60.7208,3870.0,0.0,4000.0,673000.0,0.0,173.9,0.0
2021,ALABAMA,CHILTON,4.16047443970857e-05,1.3384132084375666e-07,595.28196,2.18052,2796.1861200000003,10.24244,380.9816646457394,0.0,26109.29452039008,12.895126830522738,19408.394460000003,71.09302000000001,900.0,0.0,1000.0,136600.0,0.0,151.8,0.0
2021,ALABAMA,COLBERT,332.1756281719735,0.2527200905172098,4675.0431,17.1247,2942.13192,10.77704,405.7405624802197,0.0,22398.126230988284,11.062216877943316,23708.48844,86.84428000000001,20600.0,0.0,20900.0,3599000.0,0.0,174.7,0.0
2021,ALABAMA,COVINGTON,260.1496596473139,0.1979201188886726,1216.34058,4.45546,4344.15072,15.91264,350.77091425657625,0.0,38930.21228281255,19.22725351824412,36973.1271,135.4327,4000.0,0.0,4400.0,434000.0,0.0,108.5,0.0
2021,ALABAMA,CULLMAN,187.66035976506924,0.1427601289063253,16205.050679999998,59.35916,13224.163679999998,48.44016,390.26017039199206,0.0,28024.73621209742,13.84114486757647,51145.11948,187.34476,3270.0,0.0,3400.0,586000.0,0.0,179.2,0.0
2021,ALABAMA,DALE,3536.016856552951,2.690160049183261,1245.49152,4.56224,4929.1788,18.0556,367.92930905777206,0.0,20819.02697222484,10.282315099906503,33731.92368,123.56016,1850.0,0.0,1900.0,226000.0,0.0,122.2,0.0
2021,ALABAMA,DALLAS,1806.6413262728377,1.374480145090143,1411.01142,5.16854,3709.95534,13.58958,498.8449495560992,0.0,36957.76339627484,16.958123394573857,26418.21,96.77,6340.0,0.0,6500.0,975000.0,0.0,153.8,0.0
2021,ALABAMA,DE KALB,62.19880592164888,0.0473201492418395,14528.80884,53.219080000000005,12564.87414,46.025180000000006,346.591842537612,0.0,29113.57359686031,14.37891107046514,64757.31444,237.20628,13200.0,0.0,13700.0,2137000.0,0.0,161.9,0.0
2021,ALABAMA,ELMORE,77.71761350369499,0.0591201073673918,817.89708,2.99596,2988.43818,10.94666,407.63082039188686,0.0,23253.23413236825,11.484546360398902,23627.62038,86.54806,2900.0,0.0,3000.0,428000.0,0.0,147.6,0.0
2021,ALABAMA,FAYETTE,3.764411806815907e-05,1.2110009464674554e-07,508.06938,1.86106,847.06986,3.10282,178.5474968028958,0.0,23623.780889536,10.839806161308646,6101.004,22.348,1440.0,0.0,1500.0,181900.0,0.0,126.3,0.0
2021,ALABAMA,HENRY,4280.784738241078,3.256760057463895,1277.9403,4.6811,5108.1849,18.7113,195.4812086954848,0.0,20841.829856639597,10.293577222917923,41690.22312,152.71144,3670.0,0.0,3800.0,605000.0,0.0,164.9,0.0
2021,ALABAMA,JACKSON,52.6611617323492,0.0400601967675026,15442.20132,56.56484,7684.58964,28.14868,475.9403486948576,0.0,41700.7618670335,20.595601033374425,43272.411,158.507,23900.0,0.0,24400.0,3740000.0,0.0,156.5,0.0
2021,ALABAMA,LAUDERDALE,376.3674895678054,0.2863400954080678,7227.003420000001,26.47254,3979.70118,14.577659999999998,393.48720633849496,0.0,25465.11322568184,11.684704177240192,29554.8435,108.2595,25600.0,0.0,26200.0,4511000.0,0.0,176.2,0.0
2021,ALABAMA,LAWRENCE,814.75562506434,0.6198600764645824,11275.2822,41.3014,6618.48096,24.24352,272.2665774134264,0.0,26251.81249838166,12.965515074846838,50679.43608,185.63896,31600.0,0.0,31800.0,5835000.0,0.0,184.7,0.0
2021,ALABAMA,LIMESTONE,211.08182463151996,0.1606000778091193,8579.76756,31.42772,3514.07238,12.87206,351.69582100770634,0.0,20990.04855918693,9.631314257525316,25945.859939999995,95.03978,26400.0,0.0,27100.0,5095000.0,0.0,193.0,0.0
2021,ALABAMA,MADISON,433.1538832891866,0.3295400701713832,11631.86934,42.60758,4777.1451,17.4987,1024.114613776734,0.0,25237.08446147672,11.580072847702205,34859.18436,127.68932,30500.0,0.0,31300.0,5804000.0,0.0,190.3,0.0
2021,ALABAMA,MARION,1.785044368458163,0.0013601427543344,1204.90188,4.41356,1455.9362999999998,5.3331,328.8066444969855,0.0,27848.013905957523,13.753863437981472,9606.64068,35.189159999999994,2910.0,0.0,3000.0,348000.0,0.0,119.6,0.0
2021,ALABAMA,MARSHALL,429.1887811024913,0.3265200659815594,7996.8798,29.2926,6586.25058,24.12546,431.3638946642109,0.0,21605.72623911066,10.670858222588333,36526.0623,133.7951,6860.0,0.0,7000.0,1085000.0,0.0,158.2,0.0
2021,ALABAMA,MONROE,3426.874592132835,2.6071200914981048,572.208,2.096,2555.52024,9.36088,318.4541310213706,0.0,38730.68710461265,19.128709971739596,22736.16072,83.28264,2810.0,0.0,2900.0,539000.0,0.0,191.8,0.0
2021,ALABAMA,PERRY,587.8719979947527,0.4472601199484488,876.14982,3.20934,1319.0268,4.8316,188.33886320979525,0.0,27055.613914079902,13.36250478262649,8084.7039,29.6143,5820.0,0.0,6000.0,888000.0,0.0,152.6,0.0
2021,ALABAMA,RANDOLPH,3.45646402494622e-05,1.1119349902318707e-07,739.79724,2.70988,3832.20474,14.03738,211.59976244954643,0.0,21691.237029394004,10.71309117090568,24194.7615,88.6255,770.0,0.0,800.0,108000.0,0.0,140.3,0.0
2021,ALABAMA,TUSCALOOSA,7.71322892164681e-05,2.4813245744054777e-07,845.3772600000001,3.09662,2866.0632,10.4984,513.091077009628,0.0,48404.80780181742,23.906664169882237,20620.7274,75.5338,2520.0,0.0,2600.0,423000.0,0.0,167.9,0.0
2021,ALABAMA,WALKER,4.776370000205363e-05,1.5365451198656072e-07,883.60818,3.23666,798.9945600000001,2.9267200000000004,379.41596284849743,0.0,29974.38222032507,14.80405608415814,3149.38806,11.53622,680.0,0.0,700.0,87200.0,0.0,128.2,0.0
2021,ALABAMA,WILCOX,29.31119341812319,0.0223001713562352,402.25458,1.4734600000000002,1384.40484,5.07108,201.07068041969487,0.0,34210.0166765557,15.697315822686823,9676.79076,35.44611999999999,1930.0,0.0,2000.0,267000.0,0.0,138.3,0.0
2021,ARKANSAS,ARKANSAS,19827.03192,15.08414,70482.58308,258.17796,38688.741,141.71699999999998,264994.941595068,0.0,38531.16192815694,19.030166426096503,167737.30974,614.42238,53400.0,0.0,53900.0,10149000.0,0.0,190.1,0.0
2021,ARKANSAS,ASHLEY,5066.772558556728,3.8547200549278657,26698.75572,97.79764,12060.74688,44.17856,30706.75238418,0.0,34626.169188890075,17.101528461336812,59805.81516,219.06892,38900.0,0.0,39500.0,7235000.0,0.0,186.0,0.0
2021,ARKANSAS,CHICOT,10424.085601567454,7.93048,53860.07172,197.28964,24707.14974,90.50238,84194.978435982,0.0,24889.34057840388,11.420510062053442,118358.64222,433.54814,35800.0,0.0,37000.0,6512000.0,0.0,181.9,0.0
2021,ARKANSAS,CONWAY,3388.3932796978006,2.5778400608780694,1919.00982,7.02934,4874.47506,17.85522,9226.286824248,0.0,21189.573731863533,9.722866672705145,23646.76314,86.61818,3290.0,0.0,3800.0,531000.0,0.0,161.4,0.0
2021,ARKANSAS,CRITTENDEN,20739.502740209897,15.77836,44178.80922,161.82714,17253.74742,63.20054,130290.30246222,0.0,22688.86291850399,10.410817692862434,83960.86608,307.54896,21400.0,0.0,21900.0,4021000.0,0.0,187.9,0.0
2021,ARKANSAS,CROSS,36836.26464099473,28.02454,46911.60474,171.83738,21697.29744,79.47728,269688.979455336,0.0,23344.44563296305,10.711632773254095,95669.56308,350.43796,23800.0,0.0,24400.0,4620000.0,0.0,194.1,0.0
2021,ARKANSAS,DESHA,11540.938861779849,8.78022,48202.86744,176.56728,20234.92926,74.12062,94755.360443184,0.0,29358.704522377942,13.471284196962564,96325.58754,352.84098,37000.0,0.0,38400.0,6882000.0,0.0,186.0,0.0
2021,ARKANSAS,DREW,4089.3059538932457,3.111080038142129,16336.03062,59.83894,7008.2922,25.671399999999995,23309.464391946003,0.0,31165.83255886406,15.392501827712454,30847.1982,112.9934,17200.0,0.0,17900.0,3130000.0,0.0,182.0,0.0
2021,ARKANSAS,JACKSON,42551.18814,32.37238,46380.5706,169.8922,23008.55466,84.28042,369281.916409644,0.0,24034.23267353552,11.870273950048642,113587.9836,416.0732,18400.0,0.0,18900.0,3380000.0,0.0,183.7,0.0
2021,ARKANSAS,JEFFERSON,18424.00392008143,14.01674,41454.01806,151.84622,22351.77126,81.87462,220544.733632328,0.0,33035.66848711982,16.315995621399455,103592.07222,379.45814,42900.0,0.0,43300.0,8151000.0,0.0,190.0,0.0
2021,ARKANSAS,JOHNSON,1011.774518967875,0.7697601289026345,808.00902,2.95974,1521.20514,5.57218,268.08878029143983,0.0,25145.872940096877,12.41930227465657,6700.653960000001,24.54452,2000.0,0.0,2100.0,283000.0,0.0,141.5,0.0
2021,ARKANSAS,LAFAYETTE,2589.675549035328,1.970180023784807,1874.54904,6.86648,8043.9177,29.464900000000004,16260.948336275998,0.0,20408.575183283418,9.364504354731656,35986.96374,131.82038,13100.0,0.0,13500.0,1977000.0,0.0,150.9,0.0
2021,ARKANSAS,LEE,10688.686380809371,8.1318,41856.7422,153.3214,20270.42472,74.25064,74049.79716367202,0.0,22837.081626138573,10.47882806206418,97897.49424,358.59887999999995,54100.0,0.0,54600.0,10084000.0,0.0,186.4,0.0
2021,ARKANSAS,LINCOLN,9009.627901413856,6.85442,26183.47368,95.91016,11221.998060000002,41.10622,77066.96684553,0.0,21702.63847865086,9.9582871767041,50446.7145,184.7865,20300.0,0.0,21300.0,3668000.0,0.0,180.7,0.0
2021,ARKANSAS,LOGAN,1529.1180344500797,1.1633401113438542,1505.49672,5.51464,3358.67532,12.30284,207.67521090140212,0.0,26981.504567820808,13.325902896712194,14956.463339999998,54.78558,2050.0,0.0,2200.0,331000.0,0.0,161.5,0.0
2021,ARKANSAS,LONOKE,22561.03986,17.16416,46305.88872,169.61864,24012.211860000003,87.95682,308408.72919584403,0.0,29421.41243972917,13.500057815886864,99667.56618,365.08266,43300.0,0.0,43600.0,8218000.0,0.0,189.8,0.0
2021,ARKANSAS,MONROE,12409.611660273173,9.44106,43316.89362,158.66994,24405.83418,89.39866,143127.18039645,0.0,23110.71614362077,10.604385657709852,120191.50962,440.26194,31900.0,0.0,32200.0,5544000.0,0.0,173.8,0.0
2021,ARKANSAS,PHILLIPS,19570.56870050468,14.88904,55434.70296,203.05752,31653.54738,115.94706,71079.333059808,0.0,26274.61536840678,12.056145410772336,157004.51676,575.10812,44700.0,0.0,45600.0,8337000.0,0.0,186.5,0.0
2021,ARKANSAS,POINSETT,55911.211740245424,42.53652,63891.36936,234.03432,30518.08032,111.78784,401785.534552752,0.0,28617.611020687888,14.133959973914385,135900.45377999998,497.80386,31400.0,0.0,31600.0,5545000.0,0.0,176.6,0.0
2021,ARKANSAS,PRAIRIE,17249.8092,13.12346,43842.2439,160.5943,20367.77106,74.60722,228346.162693596,0.0,25231.383733577917,11.577457060428763,85644.88296,313.71752,25700.0,0.0,26300.0,4857000.0,0.0,189.0,0.0
2021,ARKANSAS,SAINT FRANCIS,19037.36262167964,14.48338,42013.078380000006,153.89406,15787.33338,57.82906,149084.51395176002,0.0,23994.32763943625,11.0098320755094,72183.00726,264.40662000000003,35000.0,0.0,35200.0,6262000.0,0.0,178.9,0.0
2021,ARKANSAS,WHITE,5795.347323425394,4.409040006741312,20188.48104,73.95048,11054.9712,40.4944,33951.369135618,0.0,38696.48278329578,19.11181678984268,44197.16028,161.89436,6650.0,0.0,6800.0,1232000.0,0.0,185.3,0.0
2021,ARKANSAS,WOODRUFF,21929.03664076161,16.68332,42516.23376,155.73711999999998,22189.2216,81.2792,223423.76913453,0.0,22267.00968103247,10.997459688125709,117311.93292,429.71404,24200.0,0.0,24400.0,4695000.0,0.0,194.0,0.0
2021,ARKANSAS,YELL,242.352761025264,0.1843801272254655,1619.86734,5.93358,3449.20212,12.63444,4271.450881824,0.0,35350.16053886073,17.459100753256916,16568.64846,60.69102,3740.0,0.0,3900.0,588000.0,0.0,157.2,0.0
2021,CALIFORNIA,COLUSA,25637.71506976614,19.50482002986585,31409.196000000004,115.052,28140.5124,103.0788,563874.028989948,0.0,43639.0064425742,21.55288119315243,141528.92754,518.42098,1440.0,0.0,2000.0,281000.0,0.0,195.1,0.0
2021,CALIFORNIA,HUMBOLDT,0.0002121206083288,6.82386175142598e-07,0.0,0.0,8310.04902,30.43974,750.7061347617878,0.0,133117.4969816631,61.08115676771159,4139.42802,15.16274,0.0,0.0,100.0,0.0,0.0,0.0,0.0
2021,CALIFORNIA,KERN,154010.05639061486,117.16884023932316,29990.11470000001,109.8539,101493.61404,371.77148,4016.462831057848,0.0,298119.11710094794,147.23813478062326,378205.68786,1385.36882,3130.0,24800.0,28100.0,504000.0,620000.0,161.0,25.0
2021,CALIFORNIA,MADERA,141104.69737793496,107.35058005484692,10061.88456,36.85672,61058.80872,223.65864,826.5693976784756,0.0,79707.45761818712,36.57388265798646,245891.27472,900.70064,0.0,10100.0,10100.0,0.0,308000.0,0.0,30.5
2021,CALIFORNIA,SACRAMENTO,10372.446360490796,7.8912,19138.94346,70.10602,39948.04086,146.32981999999998,61823.012847336,0.0,25248.48590128582,11.585304414912738,163785.67296,599.94752,6870.0,0.0,18900.0,1904000.0,0.0,277.1,0.0
2021,CALIFORNIA,SAN JOAQUIN,96374.36826,73.32036,44754.45156,163.93572,121983.15402,446.82474,53331.95634237,0.0,48467.51570841276,22.239389954386567,518012.73342,1897.48254,7330.0,27400.0,35100.0,1616000.0,837000.0,220.5,30.5
2021,CALIFORNIA,SUTTER,16392.31326,12.47106,29825.59944,109.25128,39478.59006,144.61022000000003,486189.792267696,0.0,22004.776597836077,10.096923691376514,154332.50742,565.32054,2150.0,0.0,3000.0,382000.0,0.0,177.7,0.0
2021,COLORADO,ADAMS,3.429363909812412,0.0026202056260858,6615.07938,24.23106,3431.67552,12.57024,2277.7443152170213,0.0,40144.46549515576,19.82696137956941,34085.78082,124.85634,24700.0,0.0,29100.0,1003000.0,0.0,40.6,0.0
2021,COLORADO,BENT,227.286447059202,0.1729202831239769,7188.799800000001,26.3326,6886.435920000001,25.225040000000003,134.85204014905528,0.0,57218.1198804121,28.259473356729565,39903.7548,146.1676,4420.0,0.0,5400.0,819000.0,0.0,185.3,0.0
2021,COLORADO,CHEYENNE,0.0001073820269293,3.454450334301368e-07,11225.503379999998,41.11906,6321.12936,23.154319999999995,163.1374334446863,0.0,67388.20314663809,33.28237864789105,59619.028560000006,218.38472,67300.0,0.0,76800.0,4556000.0,0.0,67.7,0.0
2021,COLORADO,DELTA,706.5123672355587,0.5375002194939215,4273.56384,15.65408,7040.88294,25.79078,335.2791841389315,0.0,42818.10285349941,19.6471486633411,48576.47886,177.93581999999998,3300.0,0.0,4300.0,712000.0,0.0,215.8,0.0
2021,COLORADO,ELBERT,0.0001110883011,3.5736801571494533e-07,902.23224,3.30488,620.0048400000001,2.27108,278.10712392378406,0.0,69714.09663060082,31.98841445914273,3051.52302,11.17774,4200.0,0.0,8000.0,110900.0,0.0,26.4,0.0
2021,COLORADO,KIOWA,17.385646332173675,0.0132203423518364,7539.26082,27.61634,3464.38092,12.69004,80.38249795026417,0.0,66846.63481066238,30.67267543970178,39480.28266,144.61642,25900.0,0.0,29900.0,1015000.0,0.0,39.2,0.0
2021,COLORADO,KIT CARSON,0.0888695920663816,6.041689525820376e-05,32204.97462,117.96694,19707.00732,72.18684,236.41892417130268,0.0,81326.46190261953,37.31676512458388,149954.87052,549.28524,193600.0,0.0,226500.0,20618000.0,0.0,106.5,0.0
2021,COLORADO,LINCOLN,0.000154836870756,4.98105963577413e-07,2792.0529,10.2273,1483.92972,5.43564,235.45336159007,0.0,97168.76091343528,47.99070671805989,13214.98542,48.40654000000001,18000.0,0.0,22600.0,684000.0,0.0,38.0,0.0
2021,COLORADO,LOGAN,13.87900918131582,0.0105603505871877,20445.7617,74.8929,11818.65594,43.29178,289.4486619146771,0.0,69514.57146766265,34.33257129735555,80413.40034,294.55458,85100.0,0.0,97800.0,13105000.0,0.0,154.0,0.0
2021,COLORADO,MESA,2644.1878902504,2.011660634752692,1383.8097000000002,5.0689,7813.26546,28.62002,940.6188119062886,0.0,123825.3244791096,61.1561244116256,46873.26462,171.69694,2570.0,0.0,4100.0,570000.0,0.0,221.8,0.0
2021,COLORADO,MORGAN,39.063737011402,0.0297202484831332,23142.95802,84.77274,13804.14126,50.56462,336.59650263436464,0.0,48473.2164309336,23.940450526999864,102753.19236000002,376.38532,51200.0,0.0,66700.0,9882000.0,0.0,193.0,0.0
2021,COLORADO,PHILLIPS,5.130940137153247,0.0039001286032884,22538.1156,82.5572,13108.10592,48.01504,139.85298317292256,0.0,25915.47006068483,11.891351064869228,85950.8286,314.8382,102500.0,0.0,118000.0,14186000.0,0.0,138.4,0.0
2021,COLORADO,PUEBLO,8.090540519020898,0.006160452138191,918.41022,3.36414,5111.63016,18.72392,928.0067199776925,0.0,88201.52941549919,40.47139983500553,29302.25844,107.33428,4670.0,0.0,5600.0,955000.0,0.0,204.5,0.0
2021,COLORADO,WASHINGTON,0.5706312075127644,0.0004404863899555,17772.458339999997,65.10058,9295.61178,34.049859999999995,194.42381876084255,0.0,94951.18110036248,43.568487310646496,80535.08736,295.00032,109700.0,0.0,131000.0,5123000.0,0.0,46.7,0.0
2021,COLORADO,WELD,427.9344502564834,0.3255807443579743,54733.98294,200.49078,35783.38218,131.07466,1695.7221878874009,0.0,147523.2147189745,67.69124126761265,224849.60316,823.62492,78300.0,0.0,107500.0,13209000.0,0.0,168.7,0.0
2021,COLORADO,YUMA,9.64820035632101,0.0073404505497538,40599.66456,148.71671999999998,25567.83138,93.65506,216.97938326715223,0.0,89449.98695003138,41.04425638740221,168415.05408,616.9049600000001,203000.0,0.0,239000.0,38077000.0,0.0,187.6,0.0
2021,DELAWARE,KENT,394.0571574142344,0.2997800552001092,28341.00906,103.81322,10884.52638,39.87006,490.43355983981854,0.0,19975.32051792148,9.865616681361493,57734.78802000001,211.48274,53900.0,0.0,54500.0,10160000.0,0.0,188.5,0.0
2021,DELAWARE,NEW CASTLE,86.32759393127112,0.0656800452443381,11361.5502,41.6174,4162.163460000001,15.24602,418.1461764539961,0.0,10101.67464615055,4.635168078340096,23592.50712,86.41944,17100.0,0.0,17100.0,3068000.0,0.0,179.4,0.0
2021,DELAWARE,SUSSEX,692.6442956126992,0.5269601163398785,35911.42464,131.54368000000002,20889.21198,76.51726,612.5102981215222,0.0,33064.17208446234,16.33007327112572,125266.21926,458.85062,96000.0,0.0,98400.0,17500000.0,0.0,182.3,0.0
2021,GEORGIA,ATKINSON,2860.052354452435,2.175880048979252,763.9359,2.7983,3748.75956,13.73172,83.13155623451972,0.0,12923.530711838075,5.929980831226521,24281.04042,88.94154,3200.0,0.0,3200.0,505000.0,0.0,157.8,0.0
2021,GEORGIA,BAKER,21571.84680493269,16.411580017816778,2540.59806,9.30622,13486.95894,49.40278000000001,115.10405163753602,0.0,13105.953730949328,6.013685898411705,84022.39482,307.77434,10800.0,0.0,11600.0,2182000.0,0.0,202.0,0.0
2021,GEORGIA,BANKS,1.396211618254645e-05,4.491574455573158e-08,310.18260000000004,1.1362,1260.64302,4.61774,180.415934190502,0.0,8762.00560346538,4.327469417383129,7345.87308,26.90796,290.0,0.0,300.0,43800.0,0.0,151.0,0.0
2021,GEORGIA,BARTOW,2.5934835200752684e-05,8.343165303467263e-08,709.9801800000001,2.60066,2224.22928,8.14736,390.59527575915433,0.0,16275.55367559628,8.038337792692644,13333.91514,48.84218,1970.0,0.0,2100.0,357000.0,0.0,181.2,0.0
2021,GEORGIA,BEN HILL,9990.86850324549,7.60092001094234,1252.8570599999998,4.58922,6589.18806,24.13622,242.9464384514668,0.0,9389.084730175016,4.637177704038642,42178.42902,154.49973999999995,3750.0,0.0,3800.0,859000.0,0.0,229.1,0.0
2021,GEORGIA,BERRIEN,18642.677642230847,14.183120008171592,2016.49266,7.38642,10062.4251,36.8587,161.6998317194052,0.0,17022.34790722003,7.810729052535132,62249.36718,228.01966,8370.0,0.0,8400.0,1415000.0,0.0,169.1,0.0
2021,GEORGIA,BLECKLEY,2562.753426287365,1.94970001931296,944.02854,3.45798,3903.77442,14.29954,74.29172822682854,0.0,8163.430075406404,3.745801742853056,23796.28524,87.16588,4960.0,0.0,5100.0,975000.0,0.0,196.6,0.0
2021,GEORGIA,BRANTLEY,2.684323572346765e-05,8.63539525843328e-08,130.19915999999998,0.47692,656.71788,2.40556,94.74849295298893,0.0,16845.625602097596,8.319890777167734,4304.48382,15.76734,940.0,0.0,1000.0,105000.0,0.0,111.7,0.0
2021,GEORGIA,BULLOCH,12655.502464662482,9.628140012894976,2760.3576,10.1112,9439.673880000002,34.57756,497.5071531130965,0.0,25339.69740522368,11.627156945927606,60658.30134,222.19158,3700.0,0.0,4000.0,588000.0,0.0,158.9,0.0
2021,GEORGIA,BURKE,5713.777098216482,4.346940047772696,2438.79636,8.93332,8701.640220000001,31.87414,277.24055396184946,0.0,31348.25557168167,15.482598780935456,55081.85592,201.76504,21600.0,0.0,22100.0,4396000.0,0.0,203.5,0.0
2021,GEORGIA,CALHOUN,8813.13294335001,6.704920012271099,1758.38754,6.44098,7887.204780000001,28.89086,162.74402824976053,0.0,10529.228595096332,4.83135182859352,51767.89254,189.62598,10200.0,0.0,10900.0,2301000.0,0.0,225.6,0.0
2021,GEORGIA,CANDLER,4208.64774204283,3.2018600047373447,906.21258,3.31946,3678.3201,13.4737,230.1581951541663,0.0,9309.274658924123,4.271574193689627,22629.46686,82.89182000000001,650.0,0.0,900.0,54600.0,0.0,84.0,0.0
2021,GEORGIA,CARROLL,2.833301260656817e-05,9.114652392892772e-08,748.06914,2.7401800000000005,2321.38452,8.50324,324.1590541107668,0.0,17780.54357778079,8.158628236821187,11762.3961,43.0857,280.0,0.0,300.0,40700.0,0.0,145.4,0.0
2021,GEORGIA,CHATTOOGA,1.843144680405449e-05,5.929345850010531e-08,611.4381,2.2397,1590.15948,5.82476,207.953919679258,0.0,11566.759513072991,5.71271011642038,11160.567599999998,40.8812,1340.0,0.0,1500.0,226000.0,0.0,168.7,0.0
2021,GEORGIA,COFFEE,14230.28071259258,10.826220041209272,2234.10642,8.18354,10316.58264,37.78968,407.379342773924,0.0,22232.805366111,10.980566509387424,68244.75294,249.98078,7120.0,0.0,7600.0,1222000.0,0.0,171.6,0.0
2021,GEORGIA,COLQUITT,37737.93132314963,28.710540010498743,2752.29864,10.08168,12177.72738,44.60706,326.8606669499418,0.0,20630.90323935733,10.189402616451106,76194.70404,279.10148,5690.0,0.0,6100.0,1165000.0,0.0,204.7,0.0
2021,GEORGIA,DECATUR,28428.31836518859,21.627900015867237,3458.83356,12.669720000000002,16440.10368,60.22016,318.08040130982465,0.0,23059.409669131,10.58084360739666,103092.20922,377.62714000000005,12000.0,0.0,13000.0,2358000.0,0.0,196.5,0.0
2021,GEORGIA,DODGE,2941.787587879799,2.238080021891324,1474.11264,5.39968,6850.12146,25.09202,189.32449371926472,0.0,18783.87017502199,9.277170935653569,41563.7586,152.2482,2530.0,0.0,2700.0,514000.0,0.0,203.2,0.0
2021,GEORGIA,EARLY,20557.66122563172,15.640020020628995,3171.51198,11.61726,15307.50312,56.07144,231.953031247146,0.0,19661.780956310857,9.710762538895178,97561.20738,357.36706000000004,12200.0,0.0,12800.0,2447000.0,0.0,200.6,0.0
2021,GEORGIA,EMANUEL,3066.467595686178,2.332920045150209,1211.23548,4.43676,4931.79414,18.06518,167.18415745076456,0.0,25961.07580606941,11.912277327355422,30251.62686,110.81182,3280.0,0.0,3500.0,458000.0,0.0,139.6,0.0
2021,GEORGIA,FRANKLIN,1.587884130641281e-05,5.1081796672870825e-08,670.5153,2.4561,1555.6632,5.6984,206.2318326003552,0.0,9964.857381522776,4.921546221115096,8365.06944,30.641279999999995,470.0,0.0,500.0,71000.0,0.0,151.1,0.0
2021,GEORGIA,GORDON,2.061160808242652e-05,6.630697749603419e-08,849.75072,3.11264,2503.4919,9.1703,350.51224471345694,0.0,12934.93215164718,6.38843728655464,15154.67226,55.51162,3540.0,0.0,3700.0,533000.0,0.0,150.6,0.0
2021,GEORGIA,HART,278.6690534786868,0.2120000431943834,756.0953400000001,2.76958,1600.22772,5.86164,261.7084821853798,0.0,9354.880413509349,4.620284524438914,7722.8151,28.2887,2530.0,0.0,2700.0,483000.0,0.0,190.9,0.0
2021,GEORGIA,IRWIN,25428.026463478887,19.345300012743184,2938.94874,10.76538,14772.25386,54.11082,69.12319853856916,0.0,13567.711995063672,6.225564348342593,94777.07694,347.16878,10800.0,0.0,11300.0,1997000.0,0.0,184.9,0.0
2021,GEORGIA,JEFFERSON,2642.373488951092,2.0102800209382345,1555.70142,5.69854,5755.24404,21.08148,168.14352276745117,0.0,20003.82411918844,9.879694333026,35342.853,129.461,14900.0,0.0,15200.0,3048000.0,0.0,204.6,0.0
2021,GEORGIA,JOHNSON,1.831335473304425e-05,5.891355954881429e-08,453.54582,1.66134,1284.21384,4.70408,63.031251005788334,0.0,11492.650160709203,5.676108227491033,7275.723,26.651,2150.0,0.0,2300.0,350000.0,0.0,162.8,0.0
2021,GEORGIA,LAURENS,24.541846076948037,0.0186801480444759,1412.30544,5.17328,4878.056820000001,17.868340000000003,473.222066225376,0.0,30584.359183978,14.033677618006095,29657.31678,108.63486,5330.0,0.0,5700.0,896000.0,0.0,168.1,0.0
2021,GEORGIA,LEE,10370.401080123036,7.88966,1971.73158,7.22246,9803.62656,35.91072,305.4041651951655,0.0,13299.778187166175,6.102622531566913,64905.56982,237.74934,13600.0,0.0,14500.0,2679000.0,0.0,197.0,0.0
2021,GEORGIA,LOWNDES,10958.779634801624,8.337300052404665,1088.3964,3.9868,5135.55042,18.81154,313.7517233864389,0.0,18008.572344892917,8.89425887178544,32620.39326,119.48862,1020.0,0.0,1100.0,177800.0,0.0,174.3,0.0
2021,GEORGIA,MACON,3479.744650419611,2.6473600356183846,1295.06832,4.74384,5416.30362,19.83994,133.78593955487406,0.0,15055.59974712762,7.4358144030732,31777.18908,116.39996,7840.0,0.0,9000.0,1694000.0,0.0,216.1,0.0
2021,GEORGIA,MILLER,25600.411024956124,19.476460017620067,3114.4604400000003,11.40828,17112.38256,62.68272,99.68111653746386,0.0,10614.739384551183,4.870588578490809,103512.59646,379.16702,19500.0,0.0,20200.0,3693000.0,0.0,189.4,0.0
2021,GEORGIA,MITCHELL,41986.55850641924,31.942820023394447,3995.31132,14.63484,19785.06348,72.47276,211.3012602860866,0.0,19040.402546017376,9.403869780677391,122743.13142,449.60854,13200.0,0.0,14100.0,2581000.0,0.0,195.5,0.0
2021,GEORGIA,PIERCE,165.09356038355713,0.1256000659563014,862.3797,3.1589,4358.062800000001,15.9636,183.4958983720728,0.0,12866.523518606544,6.354650927498756,27623.6415,101.1855,9470.0,0.0,10000.0,1580000.0,0.0,166.8,0.0
2021,GEORGIA,RANDOLPH,3844.181046357216,2.9246000187953127,1206.80196,4.42052,4844.51604,17.745479999999997,73.5099992749169,0.0,16127.33497150824,7.965134015149809,32932.41042,120.63154,11100.0,0.0,11800.0,2129000.0,0.0,191.8,0.0
2021,GEORGIA,SCREVEN,6882.429244531366,5.236080012532352,2012.10828,7.37036,7783.00068,28.50916,202.2376050544557,0.0,24627.107491719085,12.163089061124497,49315.35336000001,180.64232,7380.0,0.0,7900.0,1325000.0,0.0,179.5,0.0
2021,GEORGIA,SEMINOLE,18976.20348305724,14.436820009606548,2324.73696,8.51552,12530.97846,45.90102,99.66503125209672,0.0,9440.391203792697,4.662517472756259,76842.8934,281.4758,12100.0,0.0,12800.0,2507000.0,0.0,207.2,0.0
2021,GEORGIA,SUMTER,8477.51022362143,6.449580012645602,2094.35772,7.671640000000001,9547.97298,34.97426,548.3487327060333,0.0,18287.90759129137,9.032219835369895,62120.50572,227.54764,19400.0,0.0,19500.0,3834000.0,0.0,197.6,0.0
2021,GEORGIA,TATTNALL,4561.406599117973,3.470260061545665,1439.55084,5.27308,5917.739100000001,21.6767,213.85470429939025,0.0,18236.60111738299,9.006880066508703,34501.974780000004,126.38086,5750.0,0.0,6000.0,968000.0,0.0,168.3,0.0
2021,GEORGIA,TERRELL,4457.104502496692,3.3908800079068016,1819.66512,6.66544,7935.880680000001,29.069160000000004,110.7727360899584,0.0,12592.888990949845,6.21950549350062,55119.15864,201.90168,17600.0,0.0,18200.0,3525000.0,0.0,200.3,0.0
2021,GEORGIA,THOMAS,14547.36822310524,11.067440010350792,1570.19772,5.75164,7634.05734,27.963580000000004,593.7580110059962,0.0,20340.166561289378,9.33311495920496,49090.37952,179.81824,3210.0,0.0,3500.0,444000.0,0.0,138.3,0.0
2021,GEORGIA,TIFT,24471.61614330505,18.61770001161925,1944.7428,7.1236,8834.6895,32.3615,198.911680140654,0.0,9679.821416818622,4.780769728159685,53640.896400000005,196.4868,3370.0,0.0,3600.0,650000.0,0.0,192.9,0.0
2021,GEORGIA,TOOMBS,4743.049518240719,3.608460060472392,1002.8928,3.6736,4030.47918,14.76366,658.7301219975201,0.0,13636.120627668255,6.7347474606319775,24033.30384,88.03408,4320.0,0.0,5000.0,765000.0,0.0,177.1,0.0
2021,GEORGIA,TWIGGS,167.46685112705168,0.1274000333561016,294.4305,1.0785,1186.5945,4.3465,241.2868161774188,0.0,13664.624224574723,6.74882511014288,7027.76802,25.74274,680.0,0.0,700.0,112000.0,0.0,164.7,0.0
2021,GEORGIA,UNION,1.967595553286637e-05,6.329700892397078e-08,69.98082000000001,0.2563399999999999,371.26362,1.35994,153.16708957647216,0.0,12347.758060344964,6.0984377090851725,1903.96752,6.97424,270.0,0.0,400.0,40200.0,0.0,148.9,0.0
2021,GEORGIA,WALTON,1.7986330542458097e-05,5.786153170318767e-08,412.43202,1.5107400000000002,1041.24384,3.81408,368.3495655654206,0.0,11287.42426565709,5.179251012879576,4094.43762,14.99794,320.0,0.0,400.0,22500.0,0.0,70.3,0.0
2021,GEORGIA,WARE,69.94823041425241,0.0532201617156557,382.42932,1.40084,1990.0608,7.2896,312.0638195294384,0.0,33651.346181723915,15.440969054981176,12582.160500000002,46.0885,1890.0,0.0,2200.0,260000.0,0.0,137.6,0.0
2021,GEORGIA,WASHINGTON,304.4676249778741,0.2316400742893298,844.96776,3.09512,2665.18434,9.76258,286.530514340436,0.0,25630.43408896028,11.760561895390309,15136.22838,55.44406,5150.0,0.0,5500.0,1028000.0,0.0,199.6,0.0
2021,GEORGIA,WHITFIELD,1.539738902515853e-05,4.9532977897990264e-08,514.3866,1.8842,1640.23314,6.00818,290.14980788702826,0.0,9662.719257831714,4.433752761076223,9956.441040000002,36.47048,640.0,0.0,700.0,89000.0,0.0,139.1,0.0
2021,GEORGIA,WILCOX,12451.71930875196,9.473120026595828,1699.57242,6.2255400000000005,7012.63836,25.68732,85.8831311294818,0.0,14348.710543207742,7.086688694886968,43107.25146000001,157.90202,2120.0,0.0,2300.0,388000.0,0.0,183.0,0.0
2021,GEORGIA,WORTH,42214.61718,32.116319999999995,3557.45754,13.03098,14458.9263,52.9631,163.66176663238417,0.0,21457.507545575027,9.845808492148583,90823.15787999998,332.68556,6350.0,0.0,6900.0,1163000.0,0.0,183.1,0.0
2021,IDAHO,ADA,381.0080220716083,0.2898601347417592,17755.95276,65.04012,13779.52758,50.47446,1261.8873334848768,0.0,34534.95767303354,15.846415470713206,44743.35684,163.89508,4910.0,0.0,15400.0,1108000.0,0.0,225.7,0.0
2021,IDAHO,CANYON,4486.018992581867,3.412900044888426,56005.28388,205.14756,34901.450220000006,127.84414,444.9038595890878,0.0,20197.648573123297,9.975422347216304,127453.52802,466.86274,14700.0,0.0,38200.0,3069000.0,0.0,208.8,0.0
2021,IDAHO,ELMORE,982.5127115926329,0.7474805553819996,49019.24118,179.55766000000003,26611.14456,97.47672,319.48079363364724,0.0,116397.28720452957,53.40906423485091,44926.77462,164.56694000000002,10600.0,0.0,21700.0,2281000.0,0.0,215.2,0.0
2021,IDAHO,GEM,27.04773320289208,0.0205801074608215,10205.82108,37.38396,7346.93778,26.91186,236.5296227060549,0.0,21041.3550392,9.65485631037288,27364.92486,100.23782,2940.0,0.0,5300.0,672000.0,0.0,228.6,0.0
2021,IDAHO,GOODING,2307.690396410145,1.7556601231189577,33890.6022,124.1414,18117.2355,66.3635,245.70266955044883,0.0,27762.503116982327,13.711630490310212,74658.64224000002,273.47488,11500.0,0.0,48400.0,2325000.0,0.0,202.2,0.0
2021,IDAHO,LINCOLN,1598.64780255785,1.21622021111883,40998.47388,150.17756,15304.12884,56.05908,176.02976087477427,0.0,45149.69706166905,20.71700405107812,26743.19466,97.96042,2500.0,0.0,10600.0,526000.0,0.0,210.4,0.0
2021,IDAHO,OWYHEE,1569.451287909462,1.1940214664083324,25495.21884,93.38908,15698.03508,57.50196,195.4931006212978,0.0,290166.61374660366,133.14337202008645,61877.87424,226.65888,17400.0,0.0,33100.0,3770000.0,0.0,216.7,0.0
2021,IDAHO,PAYETTE,1553.0260284964718,1.181540029362954,17640.06972,64.61564,10712.99502,39.24174,201.32420514496064,0.0,15266.526354671438,7.539989004730295,41777.59404,153.03148000000002,2080.0,0.0,9100.0,423000.0,0.0,203.4,0.0
2021,IDAHO,TWIN FALLS,5231.670860184878,3.9802002770202174,88616.073,324.601,40370.87418,147.87866,357.3654352240147,0.0,71857.56709668778,32.97194899468206,107116.50768,392.36816,14000.0,0.0,50000.0,3000000.0,0.0,214.3,0.0
2021,ILLINOIS,BOND,86.53490113765405,0.0658400693212497,19237.764,70.468,6768.068579999999,24.79146,188.05075117818885,0.0,14445.622771846696,6.628394982937039,41536.54596,152.14852,71300.0,0.0,72200.0,14738000.0,0.0,206.7,0.0
2021,ILLINOIS,BOONE,221.9530325774612,0.1688600409419433,13135.6953,48.1161,5463.898440000001,20.01428,304.38122160079774,0.0,10244.192628211926,4.700562661335509,36055.36662,132.07094,74100.0,0.0,75100.0,14820000.0,0.0,200.0,0.0
2021,ILLINOIS,BROWN,160.88173144588313,0.1224200367079272,10004.21604,36.64548,4372.90854,16.01798,128.88848153874957,0.0,11623.76670607196,5.740865415040178,26393.17044,96.67828,37600.0,0.0,38100.0,6730000.0,0.0,179.0,0.0
2021,ILLINOIS,BUREAU,470.6035653616915,0.3580201502965312,54199.28514,198.53218,25296.51852,92.66124,353.59088266158733,0.0,32596.71311173713,14.957049139561278,161983.88388,593.34756,248000.0,0.0,250500.0,50468000.0,0.0,203.5,0.0
2021,ILLINOIS,CALHOUN,163.23871445750825,0.1241800479073996,6696.7173,24.5301,2888.72766,10.58142,167.46291674560624,0.0,10124.47752220769,5.000381057392667,16329.66972,59.81564,19600.0,0.0,19900.0,3553000.0,0.0,181.3,0.0
2021,ILLINOIS,CARROLL,106.71536455158456,0.0811800808972018,20425.09014,74.81718,11415.42948,41.81476,232.86624334011367,0.0,17090.756544475822,8.44095856739792,73540.94748,269.38075999999995,125400.0,0.0,127000.0,25707000.0,0.0,205.0,0.0
2021,ILLINOIS,CASS,312.25327957991755,0.2375600644483669,19919.34672,72.96464,10202.5014,37.3718,166.3860907063791,0.0,14394.316297792964,6.604852932823926,60500.29986,221.61282,79000.0,0.0,80000.0,16669000.0,0.0,211.0,0.0
2021,ILLINOIS,CHAMPAIGN,271.37650569671126,0.2064601456578357,62688.91356,229.62972,25993.40562,95.21394,660.5550260005415,0.0,35834.721680456634,17.698420792070767,161853.10596,592.86852,262000.0,0.0,264500.0,58269000.0,0.0,222.4,0.0
2021,ILLINOIS,CHRISTIAN,627.3534255559426,0.477280080578266,54696.871320000006,200.35484,23426.867100000003,85.8127,303.0153341305152,0.0,26685.067166505247,13.179495345014866,143736.83142,526.50854,188100.0,0.0,190000.0,41119000.0,0.0,218.6,0.0
2021,ILLINOIS,CLARK,270.1694603530387,0.2055200663703328,31854.57366,116.68342,13201.65756,48.35772,222.862128119444,0.0,18852.278813876623,9.31095729758093,81205.61904,297.45648,89500.0,0.0,90700.0,18365000.0,0.0,205.2,0.0
2021,ILLINOIS,CLAY,616.1741509362352,0.468760033601752,28390.23096,103.99352,9566.95194,35.043780000000005,333.1575581062126,0.0,17478.40545946768,8.632414599296093,55174.233660000005,202.10342,73900.0,0.0,74900.0,15519000.0,0.0,210.0,0.0
2021,ILLINOIS,CLINTON,321.063498340391,0.2442600587683793,24157.52976,88.48912,9098.26554,33.32698,329.7243965530656,0.0,17655.127757758673,8.71969602501459,54591.81,199.97,92100.0,0.0,96700.0,19194000.0,0.0,208.4,0.0
2021,ILLINOIS,COLES,311.2963387593479,0.2368200582517936,35629.06074,130.50938,14109.87396,51.684520000000006,333.6705555797857,0.0,19074.606866316797,9.420762962071796,88781.1015,325.2055,115500.0,0.0,117000.0,25410000.0,0.0,220.0,0.0
2021,ILLINOIS,COOK,13.859948766045598,0.0105400282685867,1504.7214,5.511800000000001,680.08122,2.49114,785.5278257595409,0.0,5598.10637795262,2.7648503370354094,3975.6171,14.5627,2860.0,0.0,2900.0,487000.0,0.0,170.3,0.0
2021,ILLINOIS,CRAWFORD,330.73693127638217,0.2516000347958421,29589.39438,108.38606,12371.02776,45.31512,335.9741284770852,0.0,16777.2169758884,8.286104421485833,73023.2412,267.4844,82300.0,0.0,83400.0,16707000.0,0.0,203.0,0.0
2021,ILLINOIS,DE KALB,440.07902531286334,0.3348200801018562,39546.09204,144.85747999999998,17458.96698,63.95226,408.6889396840011,0.0,22529.24277033356,11.126974062520487,114374.7423,418.9551,189900.0,0.0,192500.0,38493000.0,0.0,202.7,0.0
2021,ILLINOIS,DE WITT,404.9381567541263,0.3080600541991044,24528.73878,89.84886,10017.09072,36.69264,222.66291997690237,0.0,15044.198307027817,6.903052236346415,62443.4265,228.7305,99000.0,0.0,100300.0,20711000.0,0.0,209.2,0.0
2021,ILLINOIS,EDGAR,519.6345890344538,0.3953200945239856,44686.17972,163.68563999999998,17935.47756,65.69772,219.3977392552261,0.0,23247.533414643935,10.667164461168332,113711.81094,416.52678,158900.0,0.0,161000.0,33035000.0,0.0,207.9,0.0
2021,ILLINOIS,EDWARDS,193.66482688289,0.1473400217279557,14919.49914,54.65018,6268.26018,22.96066,113.58509241829611,0.0,8197.634390618572,4.048731959981818,36375.79218,133.24466,42700.0,0.0,43600.0,7976000.0,0.0,186.8,0.0
2021,ILLINOIS,EFFINGHAM,320.15911450883084,0.2435800437333146,25372.00302,92.93774,10474.04904,38.36648,241.9107297782105,0.0,17940.163724061676,8.860472518759657,60768.86088,222.59656,85300.0,0.0,86400.0,18152000.0,0.0,212.8,0.0
2021,ILLINOIS,FAYETTE,608.1076524363544,0.462640106734455,38068.86174000001,139.44638,14262.28986,52.24282,211.24311169022965,0.0,26958.701696196844,13.31464078001802,83025.42066,304.12242000000003,113000.0,0.0,114500.0,23414000.0,0.0,207.2,0.0
2021,ILLINOIS,FORD,158.77628170796652,0.1208000695223386,31827.262739999995,116.58338000000002,12640.86642,46.30354,323.27053317857127,0.0,18088.382416434517,8.933676290516468,79608.84204,291.60748,133300.0,0.0,135000.0,26527000.0,0.0,199.0,0.0
2021,ILLINOIS,FRANKLIN,569.8720368392101,0.4335400545865597,22230.36816,81.42992000000001,7400.68056,27.10872,263.6265014147113,0.0,15534.460163586384,7.672318909142114,41246.90934,151.08758,37900.0,0.0,38500.0,6735000.0,0.0,177.7,0.0
2021,ILLINOIS,FULTON,463.189177206209,0.352380124299059,36202.85214,132.61118,15325.16076,56.13612,257.3863017904623,0.0,32357.28288940881,14.847186234409303,94299.01572,345.41764,129300.0,0.0,131000.0,24968000.0,0.0,193.1,0.0
2021,ILLINOIS,GALLATIN,470.98722967989886,0.3583000290275758,22533.005040000004,82.53848,12055.45614,44.15918,170.13831940499347,0.0,12324.955183343049,6.0871755897348825,63744.89394,233.49778,59400.0,0.0,60200.0,11387000.0,0.0,191.7,0.0
2021,ILLINOIS,GREENE,672.4984375231504,0.5116400548560557,33670.99008,123.33696,15441.10386,56.56082,141.78347389323213,0.0,20362.969428988887,10.057072711321416,93155.14572,341.22764,105000.0,0.0,107000.0,20622000.0,0.0,196.4,0.0
2021,ILLINOIS,GRUNDY,309.87013388478744,0.2357200429874983,24362.20332,89.23884,10053.75462,36.82694,346.2045487408613,0.0,15483.153695055951,7.64697914293704,64703.93202000001,237.01074,101700.0,0.0,103000.0,20482000.0,0.0,201.4,0.0
2021,ILLINOIS,HANCOCK,375.35973241906873,0.2855801037920422,39562.38468,144.91716,16424.045820000003,60.16134,265.5475090442345,0.0,30248.01674463872,13.87934640136861,99955.87056,366.13872,162400.0,0.0,164500.0,32626000.0,0.0,200.9,0.0
2021,ILLINOIS,HARDIN,54.15648776945852,0.0411800242407278,2391.13056,8.75872,1011.77622,3.70614,144.32336416458193,0.0,6772.454559902979,3.107550607961174,5186.17554,18.99698,1080.0,0.0,1100.0,190000.0,0.0,175.9,0.0
2021,ILLINOIS,HENRY,708.1511814806704,0.5387401425362869,48586.60170000001,177.9729,21802.82286,79.86382,423.11654754495095,0.0,30424.73903973202,13.960435683061084,138018.88464,505.56368,224500.0,0.0,227000.0,45461000.0,0.0,202.5,0.0
2021,ILLINOIS,IROQUOIS,377.3405947715602,0.2870601784100148,72339.43626,264.97962,29951.23404,109.71148,432.6817291894991,0.0,42014.30143169647,20.750455177348268,188088.63528,688.96936,314000.0,0.0,317000.0,60979000.0,0.0,194.2,0.0
2021,ILLINOIS,JACKSON,674.0133202359505,0.5127800643408537,19299.18354,70.69298,5673.63888,20.782560000000004,368.7729522997759,0.0,21993.375162096763,10.091692126033411,28535.155739999995,104.52438,32400.0,0.0,32900.0,5871000.0,0.0,181.2,0.0
2021,ILLINOIS,JEFFERSON,410.9583762708136,0.3126600477889025,25507.26906,93.43322,7919.22768,29.00816,292.1276234171143,0.0,21001.45000001348,10.372412060523551,43541.59992,159.49304,50700.0,0.0,51400.0,8822000.0,0.0,174.0,0.0
2021,ILLINOIS,JO DAVIESS,188.489553645601,0.1434001107647739,19274.32962,70.60194,10160.841600000002,37.2192,245.34857882674385,0.0,22711.665800593157,11.217071024357914,65362.45716,239.42292,95200.0,0.0,98800.0,19030000.0,0.0,199.9,0.0
2021,ILLINOIS,KANE,446.7935532163868,0.3399200410072819,20251.40208,74.18096000000001,8565.51696,31.37552,465.98984772622975,0.0,13584.81415390523,6.709407691842574,55329.974700000006,202.6739,71000.0,0.0,71900.0,14662000.0,0.0,206.5,0.0
2021,ILLINOIS,KANKAKEE,287.9382271795288,0.2190400893561481,40550.45358,148.53646,18202.3842,66.67540000000001,415.7293243803376,0.0,24552.99813107035,12.126487168103292,116620.36386,427.18082,173300.0,0.0,175500.0,33100000.0,0.0,191.0,0.0
2021,ILLINOIS,KENDALL,215.39113251793052,0.1638800408730836,18126.00972,66.39564,7481.74518,27.405659999999997,571.2019785874453,0.0,10358.207014965692,4.752878328238714,48904.07886,179.13582,69500.0,0.0,70400.0,14706000.0,0.0,211.6,0.0
2021,ILLINOIS,KNOX,477.1558432349621,0.3630400731956205,36405.5601,133.3537,15199.75002,55.67674,355.9599449811515,0.0,26679.366451833288,12.241866033074013,95150.055,348.535,154500.0,0.0,156500.0,30606000.0,0.0,198.1,0.0
2021,ILLINOIS,LAKE,88.17805184940782,0.067080038884955,3073.00812,11.25644,1451.96142,5.31854,508.7750416917493,0.0,7764.3797222042895,3.562696908891922,9221.16468,33.77716,6310.0,0.0,6400.0,1036000.0,0.0,164.2,0.0
2021,ILLINOIS,LAWRENCE,354.3067303100365,0.2695600306835746,26943.83874,98.69538,12172.04352,44.58624,205.0607930761576,0.0,13909.755154888906,6.869892894414753,70097.39646,256.76702,74800.0,0.0,75800.0,14294000.0,0.0,191.1,0.0
2021,ILLINOIS,LEE,521.0342686007496,0.3964000901069345,46546.61466,170.50042000000002,22161.88338,81.17906,326.47392037667146,0.0,27249.43837557295,12.503444362988146,142890.31301999997,523.40774,225500.0,0.0,227500.0,44739000.0,0.0,198.4,0.0
2021,ILLINOIS,LIVINGSTON,431.8662427794944,0.3285401345151797,68038.89456,249.22672,26996.24382,98.88734,472.74737065697735,0.0,39078.43098201683,19.300457293374908,170648.9421,625.0877,286500.0,0.0,289000.0,59735000.0,0.0,208.5,0.0
2021,ILLINOIS,LOGAN,431.6622246339459,0.3284000791466013,39433.97094,144.44678,16989.42336,62.23232,280.38340715554693,0.0,23019.50463561312,11.369109633361417,105094.1619,384.9603,165100.0,0.0,167500.0,34588000.0,0.0,209.5,0.0
2021,ILLINOIS,MACON,411.6203035782313,0.313160077859295,35062.361880000004,128.43356,14497.708680000002,53.10516000000001,325.4442956100982,0.0,20665.10756169165,10.206295798850524,89726.05824000001,328.66688,133200.0,0.0,135000.0,29451000.0,0.0,221.1,0.0
2021,ILLINOIS,MACOUPIN,880.6288550936688,0.6699801141154073,51434.79432,188.40584,22737.49842,83.28754,587.7791017862974,0.0,32100.75052320997,14.72947598571118,136454.61648,499.83376,174700.0,0.0,177000.0,34451000.0,0.0,197.2,0.0
2021,ILLINOIS,MADISON,145.0050956609001,0.1103201147508021,33585.73218,123.02466,12720.04188,46.59356,949.6526416375964,0.0,24267.9621721802,11.985710678019355,78853.68582,288.84134,104100.0,0.0,105500.0,21632000.0,0.0,207.8,0.0
2021,ILLINOIS,MARION,592.4156579183162,0.4507200555099349,28048.82262,102.74294,9583.18452,35.10324,317.36397151523204,0.0,21320.690285889148,9.783029693892235,55391.99484,202.90108,78600.0,0.0,79600.0,15846000.0,0.0,201.6,0.0
2021,ILLINOIS,MARSHALL,97.33094115713176,0.0740600698436878,21590.37426,79.08562,9427.61274,34.53338,169.71845497670475,0.0,14804.768088769288,6.793189333061877,58954.59024,215.95088,93200.0,0.0,94400.0,19991000.0,0.0,214.5,0.0
2021,ILLINOIS,MASON,511.7710413819842,0.3893600724383596,36850.79034,134.98458,23524.7922,86.1714,187.61071565258737,0.0,20539.69172640779,10.144354136609197,130082.7801,476.4937,116300.0,0.0,118000.0,22958000.0,0.0,197.4,0.0
2021,ILLINOIS,MCLEAN,518.256648523067,0.3942801541565411,73795.97316,270.31492,30403.08726,111.36662,821.2984909133993,0.0,42977.72299483839,19.720390596952228,190820.54082000005,698.97634,313000.0,0.0,316000.0,64380000.0,0.0,205.7,0.0
2021,ILLINOIS,MENARD,214.5846112255456,0.163240034798006,18460.70226,67.62162000000001,8475.279540000001,31.04498,505.79432092681554,0.0,11908.802672026128,5.464371396841767,51214.90374,187.60038,75400.0,0.0,76400.0,15155000.0,0.0,201.0,0.0
2021,ILLINOIS,MONROE,200.5493545411584,0.1525800459654218,18483.56874,67.70538,7520.4948,27.5476,368.5142654389461,0.0,14491.228526867968,7.1570769420107565,39709.640880000006,145.45656,50700.0,0.0,51400.0,9380000.0,0.0,185.0,0.0
2021,ILLINOIS,MONTGOMERY,713.1040461415073,0.5425200879143999,45517.21356,166.72972,19817.08638,72.59006,317.5303298868406,0.0,26257.513221774618,12.96833060673034,119199.0891,436.6267,154000.0,0.0,155500.0,32679000.0,0.0,212.2,0.0
2021,ILLINOIS,MOULTRIE,230.77513478388008,0.1755600480018906,24835.95114,90.97418,10268.32716,37.61292,190.0972810254443,0.0,12615.691868387808,5.788728530948016,63022.88538,230.85306,81000.0,0.0,82100.0,17966000.0,0.0,221.8,0.0
2021,ILLINOIS,OGLE,563.0249124998855,0.4283401071738783,41073.37962000001,150.45193999999998,19542.89064,71.58568,313.3056941969652,0.0,28475.09303150436,14.063571724062696,127313.73018,466.35066,213500.0,0.0,216500.0,41889000.0,0.0,196.2,0.0
2021,ILLINOIS,PEORIA,417.42992957939583,0.3175800992455151,26804.07912,98.18344,11837.72772,43.36164,375.5499669227288,0.0,21320.690281674004,9.783029691958111,73650.6771,269.78270000000003,101200.0,0.0,102500.0,21758000.0,0.0,215.0,0.0
2021,ILLINOIS,PIATT,224.70956201690927,0.170960073957267,28007.8344,102.5928,11452.42644,41.95028,193.217287423304,0.0,16475.07884623799,7.559613849305559,71301.20087999999,261.17656,122400.0,0.0,124000.0,26047000.0,0.0,212.8,0.0
2021,ILLINOIS,PULASKI,746.5318207474158,0.56796,10202.90544,37.37328,3121.0179,11.4323,159.3751841331434,0.0,7530.650229518964,3.719314964642766,16171.242359999998,59.23532,16400.0,0.0,16600.0,3090000.0,0.0,188.4,0.0
2021,ILLINOIS,PUTNAM,15.7629694975213,0.0120000306734967,7709.476320000001,28.23984,3407.04,12.48,104.49031213793695,0.0,6099.769678826142,2.798888173585746,21550.0467,78.93789999999998,31800.0,0.0,32200.0,6370000.0,0.0,200.3,0.0
2021,ILLINOIS,RANDOLPH,854.5948310404784,0.6501600339007535,25785.537960000005,94.45252,9936.7359,36.3983,328.9328420200392,0.0,21856.557888893345,10.02891332157452,51278.43084,187.83308,64900.0,0.0,65900.0,12052000.0,0.0,185.7,0.0
2021,ILLINOIS,ROCK ISLAND,456.88489223748985,0.3476000419777105,17787.588,65.156,8157.5676,29.881200000000003,447.6216670656372,0.0,14918.78247639515,6.845505000365247,50305.15308,184.26796,66600.0,0.0,67500.0,13740000.0,0.0,206.3,0.0
2021,ILLINOIS,SALINE,513.2150523482364,0.3904600380132432,19393.35762,71.03794,7516.00122,27.53114,226.2580012959748,0.0,14365.812701322551,6.591774016198166,43067.73198,157.75726,48600.0,0.0,49200.0,9321000.0,0.0,191.8,0.0
2021,ILLINOIS,SANGAMON,422.9997992427383,0.3218201284682578,51666.746040000005,189.25548,22845.917640000003,83.68468,585.974859114483,0.0,30561.556313080782,15.094055662345475,141100.67244000002,516.85228,191000.0,0.0,193000.0,41187000.0,0.0,215.6,0.0
2021,ILLINOIS,SCHUYLER,158.80603700751425,0.1208200528293566,14527.1217,53.2129,5963.31372,21.84364,83.31252395207615,0.0,16355.363745742514,8.077755210734518,36244.71396,132.76452,59700.0,0.0,60700.0,10859000.0,0.0,181.9,0.0
2021,ILLINOIS,SCOTT,298.82959122943885,0.2273600364929326,14594.42166,53.45942,6692.19642,24.51354,101.932938609717,0.0,9531.602712701511,4.707565950602493,40647.88182,148.89334,49200.0,0.0,49900.0,9333000.0,0.0,189.7,0.0
2021,ILLINOIS,SHELBY,439.5377775639924,0.3344001236574658,49237.74492,180.35804,21200.20812,77.65644,263.7680480946967,0.0,28583.406693120975,14.11706678893064,127235.3082,466.0634,162400.0,0.0,164500.0,33779000.0,0.0,208.0,0.0
2021,ILLINOIS,ST CLAIR,388.38451679827074,0.2954800493691912,34556.76588,126.58156,13454.93604,49.28548000000001,1680.368739159112,0.0,21543.018328154823,9.885045238891244,83089.60296,304.35752,91100.0,0.0,92300.0,18129000.0,0.0,199.0,0.0
2021,ILLINOIS,STARK,238.1716937537312,0.181200046627441,18666.24396,68.37451999999999,8346.9204,30.574800000000003,143.88690697355054,0.0,10825.665999972964,5.346691232331446,53357.66436,195.44932,85000.0,0.0,86100.0,18462000.0,0.0,217.2,0.0
2021,ILLINOIS,STEPHENSON,210.24393228008648,0.1599401063734019,20949.38664,76.73768,9954.70476,36.46412,604.3561282418705,0.0,20876.034170398263,9.578998589688394,65568.03708000001,240.17596,154000.0,0.0,159500.0,31247000.0,0.0,202.9,0.0
2021,ILLINOIS,TAZEWELL,575.3206502080697,0.4376801007284988,36264.80676,132.83812,18354.7728,67.23360000000001,331.78946261717635,0.0,22688.86291777724,11.205808902136148,108113.52006,396.02022000000005,141100.0,0.0,143000.0,28897000.0,0.0,204.8,0.0
2021,ILLINOIS,UNION,335.8424516031548,0.2555000360048471,6836.37318,25.04166,2114.0028,7.7436,194.7039150882647,0.0,15745.38677098485,7.224793581111712,9547.85286,34.97382,11500.0,0.0,11700.0,1883000.0,0.0,163.7,0.0
2021,ILLINOIS,VERMILION,287.3954869134624,0.2186601529602412,52279.45086,191.49982,20835.75858,76.32146,372.1155449331518,0.0,33183.8872017312,15.226474823292442,131571.41087999998,481.94656,210500.0,0.0,213000.0,41447000.0,0.0,196.9,0.0
2021,ILLINOIS,WABASH,118.56192638352827,0.0902000191269328,16521.02634,60.51658,7152.6819,26.2003,205.2260942310307,0.0,8362.955250844663,4.130382326240534,42162.169140000005,154.44018,48000.0,0.0,48700.0,9019000.0,0.0,187.9,0.0
2021,ILLINOIS,WASHINGTON,593.6777480691492,0.4516600228398394,30880.2039,113.1143,10632.68934,38.94758,343.1614484835409,0.0,21343.493150100265,10.541343848337128,64275.12546,235.44002,100700.0,0.0,104500.0,20492000.0,0.0,203.5,0.0
2021,ILLINOIS,WHITE,618.7429367912143,0.4707400519120406,35697.67109999999,130.7607,16060.30062,58.82894,216.17317247795177,0.0,18732.563703293858,8.595464053682212,87604.79364,320.89668,93500.0,0.0,94700.0,18064000.0,0.0,193.2,0.0
2021,ILLINOIS,WHITESIDE,361.34114896825145,0.2749000928568628,42357.92106,155.15722,23166.10296,84.85752,442.97708713699495,0.0,25641.835527025185,11.765793461800513,142015.27704000002,520.20248,213500.0,0.0,216500.0,43256000.0,0.0,202.6,0.0
2021,ILLINOIS,WILL,535.7207061827788,0.4075800852876335,29487.47802,108.01274,12159.40362,44.53994,1232.36228859553,0.0,22951.096007223685,11.335323276602717,78110.79276000001,286.12012,88000.0,0.0,89200.0,16509000.0,0.0,187.6,0.0
2021,ILLINOIS,WINNEBAGO,379.57808044849367,0.2887800692946759,18676.47054,68.41198,8199.57138,30.03506,1189.6503354265517,0.0,15614.270233529123,7.164630567527737,54468.32118,199.51766,84100.0,0.0,85200.0,16467000.0,0.0,195.8,0.0
2021,ILLINOIS,WOODFORD,189.8220856126012,0.1444200857574898,29704.6113,108.8081,12269.7393,44.944100000000006,362.58418603028406,0.0,19353.94211504084,8.880584440112084,77005.06632000001,282.06984000000006,116000.0,0.0,117500.0,25543000.0,0.0,220.2,0.0
2021,INDIANA,ALLEN,310.7725400644671,0.2364600614969083,28003.3299,102.5763,8928.89088,32.70656,952.0637735865356,0.0,20157.74353306468,9.249409887838056,57233.3853,209.6461,71000.0,0.0,72700.0,14015000.0,0.0,197.4,0.0
2021,INDIANA,BARTHOLOMEW,160.9655577290729,0.1224600566395976,15233.13246,55.799020000000006,6564.596220000001,24.04614,357.35270924213864,0.0,14628.045789606194,7.224649658471423,39424.4487,144.4119,53300.0,0.0,53900.0,10660000.0,0.0,200.0,0.0
2021,INDIANA,BENTON,142.710739491063,0.1085600647542286,26895.7416,98.5192,10955.61558,40.13046000000001,147.4328128020384,0.0,15186.716287199642,6.968446818474808,68471.01534,250.80958,120600.0,0.0,123500.0,22914000.0,0.0,190.0,0.0
2021,INDIANA,BLACKFORD,21.55632776287851,0.0164000242564487,9895.23444,36.24628,2808.47112,10.287439999999998,287.14870913439444,0.0,6156.776872203022,2.8250460070373484,18530.69946,67.87802,30100.0,0.0,30400.0,6198000.0,0.0,205.9,0.0
2021,INDIANA,BOONE,58.1947424198856,0.0442800726569298,25619.95254,93.84598,9983.93214,36.57118,364.7702286376586,0.0,15277.927792881694,7.545620064261866,62050.60134,227.29158,79700.0,0.0,80500.0,16721000.0,0.0,209.8,0.0
2021,INDIANA,BROWN,0.0156790036655753,6.113450722995189e-08,450.6684,1.6508,186.38802,0.6827399999999999,85.30253461095496,0.0,11925.904829414185,5.890088497946209,1099.60578,4.02786,1810.0,0.0,2700.0,322000.0,0.0,177.9,0.0
2021,INDIANA,CLARK,52.844058845966,0.0402000614836919,2900.4612,10.6244,2458.5834,9.0058,318.0903797221699,0.0,12644.19546485822,5.801807447573776,13462.90218,49.31466,16300.0,0.0,16700.0,2947000.0,0.0,180.8,0.0
2021,INDIANA,CLAY,227.3091115880598,0.1729400358187643,17013.01056,62.31872,6496.3353,23.7961,268.1723264407848,0.0,13311.179626539231,6.5742622579880114,40309.1325,147.6525,60600.0,0.0,61200.0,11799000.0,0.0,194.7,0.0
2021,INDIANA,CLINTON,4.842443301801367,0.0036800749544671,26358.76698,96.55226,10770.82188,39.45356,267.47262529055166,0.0,14707.855861293134,7.264067077274237,67552.04274,247.44338,103500.0,0.0,104500.0,21766000.0,0.0,210.3,0.0
2021,INDIANA,DAVIESS,238.70965916688945,0.181600065084433,26867.28954,98.41498,12739.66512,46.66544,295.5230805365216,0.0,16315.458706933909,7.486371916628145,73685.13516,269.90892,79500.0,0.0,80900.0,17200000.0,0.0,216.4,0.0
2021,INDIANA,DE KALB,247.28400739982587,0.1881600222212523,17018.85276,62.34012,5296.8006,19.4022,626.4501356477689,0.0,13288.376748665218,6.0973909649566265,35016.6999,128.2663,42900.0,0.0,44000.0,7675000.0,0.0,178.9,0.0
2021,INDIANA,DEARBORN,20.58697742996599,0.0156600566497722,2749.9836,10.0732,1427.68626,5.22962,326.1654411231589,0.0,11059.395491277468,5.074619678673002,8178.6159,29.9583,6490.0,0.0,6700.0,1017000.0,0.0,156.7,0.0
2021,INDIANA,DECATUR,84.96907469460326,0.0646400441811594,16775.09106,61.44722,7750.5519,28.390300000000003,277.278825751788,0.0,13824.244365332308,6.343274598908152,47751.40188,174.91356,71100.0,0.0,74700.0,13246000.0,0.0,186.3,0.0
2021,INDIANA,DELAWARE,41.81911677148818,0.0318200526815973,22448.2167,82.2279,6992.867700000001,25.6149,388.24456785460507,0.0,13658.92350467017,6.267416881958529,45223.96242,165.65554,63700.0,0.0,64700.0,12753000.0,0.0,200.2,0.0
2021,INDIANA,DUBOIS,68.54041994988619,0.0521400622056822,8635.907280000001,31.63336,3383.42004,12.393479999999998,371.1669200852471,0.0,15705.481743280976,7.206483101210367,17121.88842,62.71754,52500.0,0.0,53700.0,10038000.0,0.0,191.2,0.0
2021,INDIANA,ELKHART,767.6621447920704,0.5840200134262378,15652.89726,57.33662,8548.08318,31.31166,720.7457629632992,0.0,14719.257299358043,7.269698136734022,52126.33608,190.93896,34400.0,0.0,46800.0,6158000.0,0.0,179.0,0.0
2021,INDIANA,FAYETTE,2.098932494411969,0.0016000401400409,8412.882660000001,30.81642,3675.7266,13.4642,185.3570981011564,0.0,7923.999863107226,3.913586526055468,22598.24112,82.77744,33600.0,0.0,34100.0,6649000.0,0.0,197.9,0.0
2021,INDIANA,FLOYD,2.23908741256397,0.0017000238751874,1747.12356,6.39972,1015.53816,3.71992,279.6019088368358,0.0,4657.487690359112,2.300287908272516,5274.392760000001,19.32012,2250.0,0.0,2300.0,398000.0,0.0,176.9,0.0
2021,INDIANA,FRANKLIN,1.6849429337331148,0.0013000737318511,6969.05118,25.52766,3370.5399,12.3463,221.75872093630724,0.0,14479.827087930962,6.644089683034677,19775.699580000004,72.43846,35500.0,0.0,36300.0,6191000.0,0.0,174.4,0.0
2021,INDIANA,FULTON,19.61060119778074,0.0149200681530874,21551.32434,78.94258,9485.8491,34.7467,194.78582592079448,0.0,13778.638611473834,6.322348332533696,60001.94382,219.78734,88700.0,0.0,90700.0,16410000.0,0.0,185.0,0.0
2021,INDIANA,GRANT,124.26007803539078,0.0945400575478828,23562.6573,86.3101,7208.33022,26.40414,314.49740779046726,0.0,14981.490388804485,6.87427861702195,46663.72074,170.92938,72500.0,0.0,74200.0,15247000.0,0.0,210.3,0.0
2021,INDIANA,GREENE,139.69226228641884,0.1062600702502114,15290.6754,56.0098,6429.2046,23.5502,246.33110035443684,0.0,20003.824107996497,9.178783736164844,35373.83304,129.57448000000002,47300.0,0.0,48700.0,9403000.0,0.0,198.8,0.0
2021,INDIANA,HAMILTON,20.326095891852244,0.015460050785057,18502.7115,67.7755,7176.1435200000005,26.28624,556.9207953840594,0.0,10449.418524717536,4.794730861921342,44427.0918,162.7366,48800.0,0.0,49400.0,10540000.0,0.0,216.0,0.0
2021,INDIANA,HANCOCK,14.607916255596638,0.0111000521915531,17862.313560000002,65.42972,6699.64932,24.54084,324.70269027796564,0.0,10563.432911180598,5.217176858187922,41821.40508,153.19196,53200.0,0.0,54100.0,10119000.0,0.0,190.2,0.0
2021,INDIANA,HARRISON,74.99090830641973,0.0570600916038664,8587.77738,31.45706,4347.65058,15.92546,340.5264422493314,0.0,18299.309037495877,9.037850898849747,22465.5522,82.2914,23000.0,0.0,23500.0,4333000.0,0.0,188.4,0.0
2021,INDIANA,HENDRICKS,277.0513329837234,0.2107800409991534,20836.51206,76.32422,8035.03974,29.43238,399.4518244284275,0.0,13151.559484764197,6.495427421172039,49231.4004,180.3348,58800.0,0.0,59600.0,12248000.0,0.0,208.3,0.0
2021,INDIANA,HENRY,39.28123928218309,0.0298800606006362,21413.63406,78.43822,7661.50476,28.06412,389.8508119143633,0.0,14354.411261804147,6.586542449121021,49540.60566,181.46742,73400.0,0.0,75100.0,14988000.0,0.0,204.2,0.0
2021,INDIANA,HOWARD,33.679995416783484,0.0256200493001385,17202.72918,63.01366,6585.79194,24.12378,359.2181747411213,0.0,10090.273207794944,4.983487878905635,41187.14964,150.86868,58900.0,0.0,59800.0,13370000.0,0.0,227.0,0.0
2021,INDIANA,HUNTINGTON,102.69403648660114,0.0781400519226198,20625.89256,75.55272,6106.71516,22.36892,312.4118654658623,0.0,14171.988244480695,6.502837382756173,41801.58528,153.11935999999997,61500.0,0.0,62900.0,12663000.0,0.0,205.9,0.0
2021,INDIANA,JEFFERSON,89.05435920378488,0.067760061543901,3037.96584,11.12808,2106.98124,7.71788,319.1406998165548,0.0,13356.785380107009,6.128780364818434,10325.29134,37.82158,20200.0,0.0,20700.0,3446000.0,0.0,170.6,0.0
2021,INDIANA,JENNINGS,51.19657846732627,0.038960058969824,8119.08552,29.74024,3967.01214,14.53118,282.0687486685508,0.0,13966.762348847184,6.898048193508345,23967.936719999994,87.79464,34300.0,0.0,34700.0,5896000.0,0.0,171.9,0.0
2021,INDIANA,JOHNSON,54.80113449563632,0.0416800469847498,13639.15098,49.960260000000005,5704.7718,20.8966,811.6049658776561,0.0,10175.78399691549,5.025720826648686,34576.5966,126.6542,33900.0,0.0,34400.0,5829000.0,0.0,171.9,0.0
2021,INDIANA,KNOX,363.713953197589,0.276720039125537,41362.6668,151.5116,18496.23594,67.75178,281.6778002769224,0.0,19633.277361729997,9.00875782363144,106437.0489,389.8793,112500.0,0.0,113500.0,22826000.0,0.0,202.9,0.0
2021,INDIANA,KOSCIUSKO,86.59388946828915,0.0658800961073713,26629.30452,97.54324,12056.12772,44.16164,326.766237522185,0.0,19633.277355625298,9.008757820830292,75887.68278,277.97686,98700.0,0.0,102000.0,18644000.0,0.0,188.9,0.0
2021,INDIANA,LA PORTE,24.83025403477824,0.0188801098627104,25518.60948,93.47476,13229.43258,48.45946,429.4304874908159,0.0,21520.215457257607,9.874582108471818,85525.96416,313.28192,103600.0,0.0,106000.0,17612000.0,0.0,170.0,0.0
2021,INDIANA,LAGRANGE,558.9136334527382,0.4252000445543557,16791.252660000002,61.506420000000006,9406.87566,34.45742,292.87890983736844,0.0,14360.111982435448,6.589158233059758,55305.61218,202.58466,39300.0,0.0,42600.0,6327000.0,0.0,161.0,0.0
2021,INDIANA,LAWRENCE,0.0346469767256395,2.008678338451202e-05,7871.23428,28.83236,3013.1774399999995,11.03728,521.5243572691938,0.0,16931.136397032136,8.362123727782258,16482.29856,60.37472,18700.0,0.0,19200.0,3598000.0,0.0,192.4,0.0
2021,INDIANA,MADISON,39.18704070639033,0.0298000668191904,26535.61092,97.20004,9577.1403,35.0811,320.088430474986,0.0,15260.82563433084,7.002452000007755,59956.65858,219.62146,85000.0,0.0,86000.0,18386000.0,0.0,216.3,0.0
2021,INDIANA,MARION,12.238445230163013,0.0093200168316836,4277.89362,15.66994,1632.98772,5.9816400000000005,1004.9549324124424,0.0,3648.460368271468,1.8019391197358696,9733.44918,35.653659999999995,4200.0,0.0,4300.0,764000.0,0.0,181.9,0.0
2021,INDIANA,MARSHALL,59.253445260607904,0.045100081461619,21984.54804,80.52948,9958.67964,36.47868,374.309072034512,0.0,16577.691806554845,8.187560879360309,63770.19012,233.59044,91400.0,0.0,93500.0,16955000.0,0.0,185.5,0.0
2021,INDIANA,MARTIN,10.114638834648057,0.0077000601191555,3612.8274,13.2338,1604.8141200000002,5.87844,258.66068241211246,0.0,12741.107693206475,6.292709270138939,8844.73044,32.39828,18100.0,0.0,18500.0,3768000.0,0.0,208.2,0.0
2021,INDIANA,MONROE,0.0065019105459728,7.048586589243218e-08,3527.37294,12.92078,1305.11472,4.78064,583.6404239501078,0.0,13750.135014422018,6.791058058244864,7115.9470200000005,26.06574,4480.0,0.0,4700.0,819000.0,0.0,182.8,0.0
2021,INDIANA,MONTGOMERY,300.94471388558003,0.2289600415673749,29746.29294,108.96078,11869.26468,43.47716,275.6190764814342,0.0,18709.7608342862,9.240569052467176,73856.49726,270.53662,108500.0,0.0,110000.0,23642000.0,0.0,217.9,0.0
2021,INDIANA,MORGAN,69.47840116335217,0.0528600682878655,12221.98068,44.76916,4971.564780000001,18.21086,444.2408601038758,0.0,14650.848667770904,6.722563183256096,30241.92444,110.77628,35900.0,0.0,36300.0,7026000.0,0.0,195.7,0.0
2021,INDIANA,NEWTON,87.14162213462392,0.0663000732507099,23299.01574,85.34438,10746.890700000002,39.3659,198.5522488141561,0.0,15044.198301795215,6.9030522339454325,68666.78364,251.52668,93800.0,0.0,100000.0,17137000.0,0.0,182.7,0.0
2021,INDIANA,NOBLE,136.94713773695324,0.1041800571689299,16754.517780000002,61.37186,7302.799140000001,26.75018,390.3623831941502,0.0,15312.132109838063,7.562513244005167,47013.1935,172.20950000000002,59700.0,0.0,61100.0,11206000.0,0.0,187.7,0.0
2021,INDIANA,OHIO,12.190265142597031,0.0092800168908914,608.3149800000001,2.22826,557.81544,2.04328,107.90581855568432,0.0,3295.015770235978,1.6273762675810008,3078.83394,11.27778,2730.0,0.0,2800.0,386000.0,0.0,141.4,0.0
2021,INDIANA,ORANGE,0.0563042242355049,4.007792341999474e-05,5535.96498,20.27826,2392.5283200000003,8.76384,191.5143227811157,0.0,15209.519161875956,7.511833706210999,12898.037880000002,47.24556,20500.0,0.0,21000.0,4106000.0,0.0,200.3,0.0
2021,INDIANA,OWEN,17.183182151000725,0.0130800710850489,6180.17946,22.63802,2374.1445,8.696499999999999,147.37797068152844,0.0,14457.02421034765,6.633626549547325,13316.677920000002,48.77904,20400.0,0.0,20900.0,3754000.0,0.0,184.0,0.0
2021,INDIANA,PORTER,48.00331790479753,0.0365400560362609,12974.50518,47.52566,6281.31504,23.00848000000001,350.7737069913983,0.0,13812.842926831354,6.8220288867812,42838.1499,156.9163,55300.0,0.0,56600.0,9843000.0,0.0,178.0,0.0
2021,INDIANA,POSEY,354.0101518313693,0.2693400364175919,27865.01718,102.06966,12773.04756,46.78772,239.56011426360476,0.0,15272.227074575989,7.542804534890907,70680.67734000001,258.90358,79100.0,0.0,80100.0,17404000.0,0.0,220.0,0.0
2021,INDIANA,PUTNAM,216.64849497334916,0.1648600464079532,17495.36334,64.08558000000001,7033.87776,25.76512,262.0841274299773,0.0,17905.959397657563,8.216175467866998,42529.56708000001,155.78596,67500.0,0.0,68500.0,13250000.0,0.0,196.3,0.0
2021,INDIANA,RANDOLPH,9.63890609093264,0.007340083629022,26891.18796,98.50252,8188.14906,29.99322,255.16128439518724,0.0,16839.92488466399,8.317075248227496,56547.66936000001,207.13432,101000.0,0.0,102500.0,20705000.0,0.0,205.0,0.0
2021,INDIANA,RIPLEY,45.99692339221133,0.0350000747497149,7537.03314,27.60818,4320.51984,15.82608,251.79904009232308,0.0,16583.39251962795,8.190376406146937,26289.4086,96.2982,40000.0,0.0,41200.0,6932000.0,0.0,173.3,0.0
2021,INDIANA,RUSH,46.61281974522464,0.0354600616033434,22610.5698,82.8226,9330.00978,34.17585999999999,239.00676784996304,0.0,15346.336423887433,7.04168874995173,58171.47336,213.08232,104000.0,0.0,105500.0,20509000.0,0.0,197.2,0.0
2021,INDIANA,SCOTT,44.75640827956923,0.0340600259702149,3255.9891,11.9267,1714.76214,6.28118,179.35500169297978,0.0,7011.884771402733,3.2174135081444404,9378.63108,34.35396,13200.0,0.0,14300.0,2244000.0,0.0,170.0,0.0
2021,INDIANA,SHELBY,177.2242957723689,0.1348400498572512,24877.66008,91.12696,10172.83722,37.26314000000001,636.5092554966066,0.0,15095.504775267544,6.926594283791767,63101.08350000001,231.13950000000008,86500.0,0.0,87900.0,16357000.0,0.0,189.1,0.0
2021,INDIANA,SPENCER,175.20661639709192,0.133320052063469,12735.75576,46.651120000000006,4779.3018,17.5066,264.14109564281574,0.0,15089.804055944389,7.452707578796433,25289.68806,92.63622,56200.0,0.0,57100.0,10560000.0,0.0,187.9,0.0
2021,INDIANA,ST. JOSEPH,138.24775322151137,0.1051800400426081,18343.43784,67.19207999999999,8932.18872,32.71864,371.4634446607938,0.0,13584.814153905229,6.23341169875823,59086.47654,216.43398,66500.0,0.0,68100.0,10840000.0,0.0,163.0,0.0
2021,INDIANA,STEUBEN,104.8248698914723,0.0797600293305396,11029.17816,40.39992,4347.00084,15.92308,220.44870745438544,0.0,11988.612743422367,5.500992363980801,28642.5048,104.9176,39600.0,0.0,40500.0,6970000.0,0.0,176.0,0.0
2021,INDIANA,SULLIVAN,426.8874691142965,0.3247800237181605,25181.9022,92.2414,10493.04984,38.43608,196.79125998368613,0.0,16902.63279750937,8.348046076979193,64777.40178,237.27986,67500.0,0.0,68700.0,13082000.0,0.0,193.8,0.0
2021,INDIANA,SWITZERLAND,3.6273729299894426,0.0027600415524668,699.7317599999999,2.56312,923.66274,3.38338,189.4381816226752,0.0,8345.8530925845,4.121935736476563,4902.78516,17.95892,5970.0,0.0,6100.0,1039000.0,0.0,174.0,0.0
2021,INDIANA,TIPPECANOE,133.51892578002565,0.1015600841166397,25864.16196,94.74052,10814.4582,39.6134,428.8068960945006,0.0,17204.770926287685,8.497269162570051,66551.84718,243.77966,89900.0,0.0,91500.0,18627000.0,0.0,207.2,0.0
2021,INDIANA,TIPTON,25.29625435272681,0.0192400457509455,16900.02678,61.90486,6480.0918,23.7366,206.1424278680909,0.0,9600.01134455028,4.741352309069724,40663.16982,148.94933999999998,69900.0,0.0,70500.0,15716000.0,0.0,224.8,0.0
2021,INDIANA,UNION,0.1759297465703907,0.0001400313503753,7221.37416,26.451919999999998,3100.9196400000005,11.35868,121.14588571302038,0.0,6122.572556700155,2.809351307206485,19110.75348,70.00276000000001,32500.0,0.0,32800.0,6754000.0,0.0,207.8,0.0
2021,INDIANA,VANDERBURGH,91.201446299979,0.0694000192495331,10853.37162,39.75594,4460.1102,16.3374,327.4466951616681,0.0,6572.929382066448,3.2463059453262453,25828.38804,94.60948,27800.0,0.0,28100.0,6038000.0,0.0,217.2,0.0
2021,INDIANA,VERMILLION,103.15026823268342,0.0784800240668665,13378.02648,49.00376,5325.58572,19.50764000000001,203.842188982052,0.0,9708.32501169019,4.454679027450679,35014.750680000005,128.25915999999998,46400.0,0.0,46800.0,9090000.0,0.0,195.9,0.0
2021,INDIANA,VIGO,260.6102531413369,0.198280042412468,17592.38208,64.44096,6784.61784,24.85208,363.588529566893,0.0,14286.002630217008,7.055717866063485,42429.56172,155.41964,45900.0,0.0,46300.0,8570000.0,0.0,186.7,0.0
2021,INDIANA,WABASH,117.35336136088428,0.0892800689784716,22068.99786,80.83882,7577.37162,27.75594,320.6571547126209,0.0,15374.840021811344,7.054767667244427,50517.15942,185.04454,74400.0,0.0,76100.0,14062000.0,0.0,189.0,0.0
2021,INDIANA,WARREN,117.94873992575836,0.0897400647986947,20402.11992,74.73304,8479.827720000001,31.06164,207.964291812902,0.0,13835.645804269316,6.348506165718521,53133.8808,194.6296,79500.0,0.0,81300.0,15232000.0,0.0,191.6,0.0
2021,INDIANA,WAYNE,14.109982323390737,0.0107200715546605,17439.99348,63.88276,6367.02612,23.32244,396.1906051691541,0.0,14382.91485914666,7.103581874127762,41023.91748,150.27076000000002,62800.0,0.0,64300.0,12704000.0,0.0,202.3,0.0
2021,INDIANA,WELLS,102.14077217701596,0.0776800353081729,21970.66872,80.47864,7001.80572,25.64764,374.1423100984264,0.0,13624.71918960335,6.2517221823277485,45251.40984,165.75608,76800.0,0.0,78600.0,16812000.0,0.0,218.9,0.0
2021,INDIANA,WHITLEY,84.70009682861519,0.0644400546154428,16798.95672,61.53464,5676.23784,20.79208,262.5538546028005,0.0,12524.480359217358,5.746875997532163,37411.81626,137.03962,58000.0,0.0,59400.0,11623000.0,0.0,200.4,0.0
2021,IOWA,ALLAMAKEE,112.05033708602194,0.0852401221228994,13871.97084,50.81308,7338.57306,26.88122,288.46809191657377,0.0,23823.306066573103,10.931358578489297,46665.10212,170.93444,85900.0,7300.0,93900.0,17051000.0,164000.0,198.5,22.5
2021,IOWA,APPANOOSE,1187.2207392617622,0.903220064582092,14821.46484,54.29108,6458.35008,23.656960000000005,249.38169500584775,0.0,18943.490323337763,8.692248039540662,35968.96758,131.75446,32200.0,1710.0,34200.0,5526000.0,22700.0,171.6,13.5
2021,IOWA,AUDUBON,162.53354324395207,0.1236600775642919,24829.71036,90.95132,9135.90132,33.464839999999995,236.4272568016303,0.0,16623.297548203922,8.210085111958998,61273.54506,224.44522,104400.0,0.0,106000.0,22547000.0,0.0,216.0,0.0
2021,IOWA,BENTON,619.207292758745,0.4710801110533829,40943.78106,149.97722,15912.94614,58.28918,315.7761161722105,0.0,26833.285871523527,12.31249218227955,100586.54424,368.44888,175300.0,3530.0,180500.0,37115000.0,67000.0,211.7,19.0
2021,IOWA,BLACK HAWK,286.37792884650634,0.2178800963716449,32277.71274,118.23338,12888.941519999998,47.21224,313.7051027432866,0.0,19895.510450885737,9.82619926485586,82866.64932,303.54084,137200.0,0.0,140000.0,26562000.0,0.0,193.6,0.0
2021,IOWA,BOONE,175.11027089795985,0.1332401023621001,32560.45338,119.26906,12477.85266,45.70642,299.5318753537667,0.0,21337.79244327721,10.538528324637335,82658.43768,302.77816,142000.0,0.0,144000.0,29593000.0,0.0,208.4,0.0
2021,IOWA,BREMER,182.19716328537967,0.1386200773216583,23628.13908,86.54996,9885.40644,36.21028,237.24360502938023,0.0,16201.444320616196,7.434056249925023,62734.73388,229.79756,117900.0,2410.0,121500.0,23592000.0,55000.0,200.1,23.0
2021,IOWA,BUCHANAN,369.3449726970889,0.2810001078163616,33798.53021999999,123.80414,14456.08164,52.95268,237.95782837427308,0.0,21337.79244385861,9.79087704390771,91768.74798,336.14926,175600.0,0.0,180000.0,36700000.0,0.0,209.0,0.0
2021,IOWA,BUENA VISTA,154.25913265082875,0.1173601086393348,30642.76488,112.24456,10698.23664,39.18768,286.00560605035525,0.0,21548.719045007027,9.887661021095935,81949.76244,300.18228000000005,157200.0,0.0,160000.0,32053000.0,0.0,203.9,0.0
2021,IOWA,BUTLER,275.0807083773543,0.2092800934555999,35202.7494,128.9478,13876.60092,50.83004,263.13058440478005,0.0,21816.65286525927,10.775032833434157,90165.00948,330.27476,160400.0,0.0,163500.0,32802000.0,0.0,204.5,0.0
2021,IOWA,CALHOUN,164.93661066812072,0.1254800993276183,36577.13514,133.98218,13239.801120000002,48.49744000000001,266.6411099383941,0.0,21326.39099809016,9.78564547396272,91733.00682,336.01834,160300.0,0.0,163000.0,34921000.0,0.0,217.8,0.0
2021,IOWA,CARROLL,171.94725297793403,0.1308201088206698,33797.90232,123.80184,12643.181459999998,46.31202,292.6555575005317,0.0,21349.19387392927,10.544159380435987,86483.81196,316.79052,163700.0,0.0,171000.0,35738000.0,0.0,218.3,0.0
2021,IOWA,CASS,369.2773472334089,0.280960091637329,29415.71724,107.74988,11686.10898,42.80626,411.06943284344425,0.0,21138.2672630424,10.439984777127792,72965.86752,267.27424,127400.0,0.0,130000.0,27060000.0,0.0,212.4,0.0
2021,IOWA,CEDAR,258.7743926654347,0.1968801098287581,32480.70462,118.97694,13985.484240000002,51.22888,274.69419298040793,0.0,21719.740629788863,9.966134523584952,86711.36292,317.62404000000004,146600.0,0.0,149000.0,30368000.0,0.0,207.1,0.0
2021,IOWA,CERRO GORDO,524.5457676056488,0.3990600893061645,32818.85334,120.21558,12448.70172,45.59964,311.7730500180772,0.0,21309.2888377951,10.524450670891008,87006.27936000002,318.70431999999994,158500.0,0.0,161500.0,31700000.0,0.0,200.0,0.0
2021,IOWA,CHICKASAW,186.55790646518813,0.1419400865191604,24137.65536,88.41632,9697.67526,35.52262,234.7321320469375,0.0,18903.585288657097,9.336297066872842,62814.28062,230.08894,136000.0,0.0,146000.0,28315000.0,0.0,208.2,0.0
2021,IOWA,CLAY,362.98431237874814,0.276140107843118,28781.3526,105.4262,9820.29594,35.97178,298.6457609368991,0.0,21246.58092931021,10.493479844292915,75631.60878000001,277.03886,137900.0,6400.0,145500.0,28035000.0,125000.0,203.3,19.5
2021,IOWA,CLAYTON,224.5634254831776,0.1708401499139684,22868.78412,83.76844,12479.50704,45.71248,290.1232562399031,0.0,29244.690134897435,13.418968529725886,78221.68536,286.52632,128400.0,0.0,142500.0,25077000.0,0.0,195.3,0.0
2021,IOWA,CLINTON,248.53311177841903,0.1890801037591932,36634.6071,134.1927,17166.34374,62.88038,279.9326592796816,0.0,25909.76933157963,12.796583278777767,103943.90916,380.74692,180500.0,0.0,186000.0,37270000.0,0.0,206.5,0.0
2021,IOWA,CRAWFORD,213.846941157467,0.1626801360652592,38258.7114,140.14180000000002,14232.53286,52.13382,273.8645992162424,0.0,26759.17651436319,13.21609723171882,99990.88554,366.26698,193800.0,0.0,196500.0,42345000.0,0.0,218.5,0.0
2021,IOWA,DALLAS,421.1427853520301,0.3204000817283867,32877.723060000004,120.43122,12917.81946,47.31802,316.4842552065749,0.0,21343.493162745715,10.54134385458259,81553.5084,298.7308,116900.0,0.0,119000.0,24537000.0,0.0,209.9,0.0
2021,IOWA,DAVIS,839.3098474560006,0.6385400921069599,15837.598139999998,58.01318,6783.2037,24.8469,150.4845093406436,0.0,18892.1838517986,8.66870599058136,37511.77794,137.40578,46300.0,3450.0,50300.0,7061000.0,61000.0,152.5,17.5
2021,IOWA,DELAWARE,214.5441332618304,0.1632401095564511,24792.0309,90.8133,13029.48192,47.72704,392.4132398601853,0.0,21679.8355945268,10.70746011302521,78960.00294,289.23078000000004,170100.0,9590.0,181500.0,37082000.0,206000.0,218.0,21.5
2021,IOWA,DICKINSON,227.60408293072004,0.173160075541444,17976.307439999997,65.84728,6117.897239999999,22.409879999999998,306.64434209383955,0.0,14736.359457036804,7.278144726210845,46683.34944,171.00128,89900.0,750.0,91600.0,15975000.0,13500.0,177.7,18.0
2021,IOWA,DUBUQUE,194.9162140614996,0.1483001124070258,21594.4092,79.1004,13888.82586,50.87482,378.7878935924024,0.0,22044.68163033649,10.887654024496284,84617.44746,309.95402,131500.0,0.0,146500.0,28562000.0,0.0,217.2,0.0
2021,IOWA,EMMET,356.3098921708223,0.2711000369190132,21777.04074,79.76938,7733.69688,28.32856,209.2367170988605,0.0,15032.796857044215,6.897820664467302,58759.5099,215.2363,107900.0,0.0,110000.0,19692000.0,0.0,182.5,0.0
2021,IOWA,FAYETTE,360.9038224891013,0.2745601403031412,30757.55592,112.66504,13196.70534,48.33958,255.54738081003865,0.0,27694.094491354543,12.70747546732538,85014.20382000001,311.40734000000003,176400.0,12100.0,190000.0,36268000.0,278000.0,205.6,23.0
2021,IOWA,FLOYD,245.8815833307148,0.1870600753312979,27333.58446,100.12302,10741.53444,39.34628,248.96767946723853,0.0,18721.16226784525,8.5902324884725,71112.80904000001,260.48648,138000.0,4160.0,143500.0,28207000.0,73000.0,204.4,17.5
2021,IOWA,FRANKLIN,382.5624916766572,0.2910601049341523,36270.19578,132.85786,14118.074879999998,51.71456,208.0899632286658,0.0,21816.65285363128,10.010602838205088,94119.72024,344.76088,187500.0,0.0,191000.0,37294000.0,0.0,198.9,0.0
2021,IOWA,FREMONT,914.435425894514,0.695680086126646,29969.94,109.78000000000002,12701.96928,46.52736000000001,284.4704235255995,0.0,19416.650022944326,9.58969475311578,75227.73258,275.55946,112600.0,0.0,114500.0,23274000.0,0.0,206.7,0.0
2021,IOWA,GREENE,218.5140923803296,0.1662601079828838,35994.49854,131.84797999999998,13649.11548,49.99676,213.34382550222432,0.0,21520.215455222708,10.628625277429611,90296.67738,330.75706,156600.0,0.0,159000.0,34530000.0,0.0,220.5,0.0
2021,IOWA,GRUNDY,145.07006706579665,0.1103800883352129,32703.729240000004,119.79388,12722.8101,46.6037,346.0188427196502,0.0,18601.447166419537,9.187073984512391,82567.38126,302.44462,150200.0,0.0,153000.0,31452000.0,0.0,209.4,0.0
2021,IOWA,GUTHRIE,314.56652785373115,0.23932009194916,29378.25072,107.61264,11679.63342,42.78254,250.0824109800166,0.0,22284.111850484573,11.005906283417271,74423.82948,272.61476,102800.0,0.0,105500.0,22616000.0,0.0,220.0,0.0
2021,IOWA,HANCOCK,389.9633061672816,0.2966800840271421,33486.44208,122.66096000000002,12572.6328,46.0536,346.79957976412936,0.0,21736.84279488048,10.735615415277426,89549.8968,328.02160000000003,182300.0,0.0,185000.0,38247000.0,0.0,209.8,0.0
2021,IOWA,HARDIN,267.4356854561795,0.2034400828757883,36234.78768,132.72816,14530.94916,53.22692,353.1781478075277,0.0,21035.654316679156,10.38930524012328,95539.63146,349.96202000000005,175400.0,0.0,178500.0,33887000.0,0.0,193.2,0.0
2021,IOWA,HENRY,736.7240590740703,0.5604800633421829,21477.80544,78.67328,9319.33002,34.13674,322.7920177170434,0.0,16349.66303232057,8.074939683775602,54590.72892,199.96604,75700.0,0.0,76800.0,12695000.0,0.0,167.7,0.0
2021,IOWA,HOWARD,158.48402598011555,0.1205800853026088,22227.1686,81.41820000000001,8417.50182,30.83334,300.4738489679674,0.0,17848.95220864118,8.190017636416218,56345.310840000006,206.39308,126000.0,0.0,128500.0,26120000.0,0.0,207.3,0.0
2021,IOWA,HUMBOLDT,235.80056270090608,0.1794000741971534,27979.1148,102.4876,10302.07542,37.73654,241.8179725325924,0.0,16486.48028633779,8.142512395929051,70650.7074,258.79380000000003,126100.0,0.0,128000.0,25901000.0,0.0,205.4,0.0
2021,IOWA,IDA,67.41626519053021,0.0512800817881426,21171.2319,77.5503,7529.0943,27.5791,231.1292275819069,0.0,16138.73641140456,7.97076507551411,57926.16648,212.18376,122500.0,0.0,124500.0,27778000.0,0.0,226.8,0.0
2021,IOWA,JACKSON,218.94867142900208,0.1665801047749911,23451.48078,85.90286,13636.3773,49.950100000000006,272.82246332873626,0.0,23954.42260242997,11.830856531532977,83482.9905,305.7985,107900.0,0.0,117000.0,20626000.0,0.0,191.2,0.0
2021,IOWA,JASPER,818.7916489261845,0.622940099844539,40655.09448000001,148.91976000000005,16344.42264,59.86968,302.0900711413849,0.0,27010.008159349323,12.393581460637323,102149.22354,374.17298,162600.0,0.0,166000.0,36048000.0,0.0,221.7,0.0
2021,IOWA,JEFFERSON,600.6168838228248,0.4569200811127328,18888.8973,69.1901,7900.47804,28.93948,204.3641261911997,0.0,16537.786768676473,7.588387470564152,44950.18164,164.65268,70100.0,0.0,71500.0,11447000.0,0.0,163.3,0.0
2021,IOWA,KEOKUK,943.195100792026,0.717580068717093,29410.90698,107.73226,12553.32624,45.98288,248.6428381034567,0.0,21725.44135652487,10.729984355674066,74277.43596,272.07852,118900.0,0.0,121500.0,20986000.0,0.0,176.5,0.0
2021,IOWA,KOSSUTH,1098.6357508524093,0.8358401689915993,56595.80472,207.31064,20803.27704,76.20248,489.6505739465279,0.0,37242.799358944096,17.08891255989774,151884.47274,556.3533799999999,299500.0,0.0,304500.0,57117000.0,0.0,190.7,0.0
2021,IOWA,LEE,405.5433857650818,0.3085600857920276,18863.5083,69.09710000000001,8238.74142,30.178540000000005,318.0823679754552,0.0,19593.37232472372,8.990447339461676,47503.14660000001,174.0042,72700.0,0.0,75500.0,11661000.0,0.0,160.4,0.0
2021,IOWA,LOUISA,663.8050415282605,0.5050000724001807,23210.00136,85.01832,10297.66374,37.72038,249.30238376814333,0.0,15323.533551827417,7.031225618998751,61033.5453,223.5661,77700.0,0.0,79000.0,14724000.0,0.0,189.5,0.0
2021,IOWA,LUCAS,737.0585594131453,0.5607400633119818,13345.94898,48.88626,5558.59122,20.36114,142.68728026745674,0.0,16207.14503970679,8.004551432229741,31870.697040000003,116.74248,32000.0,660.0,32900.0,5315000.0,9600.0,166.1,14.5
2021,IOWA,LYON,125.9454892663806,0.0958200941272533,22351.07784,81.87208,9393.3021,34.4077,256.1498786570658,0.0,21981.973722142306,10.086460558756183,71597.59698,262.26226,163500.0,20100.0,185500.0,35430000.0,492000.0,216.7,24.5
2021,IOWA,MADISON,765.8749934360336,0.5826600424199725,21400.764840000003,78.39108,8707.60254,31.89598,182.9455432148369,0.0,21098.362229233837,10.420276068731404,50124.85296,183.60752,63500.0,0.0,65600.0,12421000.0,0.0,195.6,0.0
2021,IOWA,MAHASKA,628.6745688600174,0.4782800951203917,29994.48816,109.86992,12773.418839999998,46.789080000000006,294.8490761179253,0.0,21588.624089426143,9.905971508667095,77334.08592,283.27504,126800.0,2700.0,130500.0,25423000.0,43200.0,200.5,16.0
2021,IOWA,MARION,371.3096606098807,0.2825000660056979,22019.86332,80.65884,9155.12598,33.53526,292.4210050819249,0.0,20528.290295755723,10.138723080810546,53572.79382,196.23734,72300.0,0.0,74100.0,14395000.0,0.0,199.1,0.0
2021,IOWA,MARSHALL,438.0833594444464,0.3332600641202729,34933.27656,127.96072,13314.0462,48.7694,344.2835732447284,0.0,21138.267265658706,9.699324626193508,85841.86884,314.43908,122300.0,12600.0,136000.0,25866000.0,315000.0,211.5,25.0
2021,IOWA,MILLS,498.5334827293413,0.3792800760553575,24859.29264,91.05968,10282.545,37.665,184.92947290784832,0.0,16201.444323087144,8.001735903691511,63150.34362000001,231.31994,91500.0,0.0,93100.0,19197000.0,0.0,209.8,0.0
2021,IOWA,MITCHELL,214.47320079391588,0.1631800661905376,23931.24006,87.66022,9431.058,34.54600000000001,251.56574621668216,0.0,17923.061557807272,8.224022818882885,65124.76698,238.55226,143500.0,0.0,149000.0,29174000.0,0.0,203.3,0.0
2021,IOWA,MONONA,441.1722972722881,0.33564012274422,38277.73404,140.21148,19771.05312,72.42144,250.79581131224683,0.0,26303.11897635984,12.990854845718063,123229.20792,451.38904,169000.0,0.0,172000.0,33411000.0,0.0,197.7,0.0
2021,IOWA,MONROE,462.5894549551176,0.3519200490436648,12947.2161,47.4257,5380.6116,19.7092,250.378975979275,0.0,16115.933539678848,7.394819503936005,30546.4068,111.8916,28600.0,0.0,30500.0,4751000.0,0.0,166.1,0.0
2021,IOWA,MONTGOMERY,399.90686080151926,0.3042400684858655,22390.9686,82.0182,8950.517940000002,32.78578,225.6308154221149,0.0,15534.460170199804,7.12800960409022,54151.258980000006,198.35626,90500.0,0.0,92000.0,18543000.0,0.0,204.9,0.0
2021,IOWA,MUSCATINE,349.0778599589392,0.2655800672333219,22033.5843,80.70909999999999,10054.38252,36.829240000000006,281.0831945765919,0.0,16446.575250203627,7.54653493287988,59862.29886,219.27582,84100.0,2000.0,86800.0,17202000.0,38000.0,204.5,19.0
2021,IOWA,O BRIEN,221.90000888311627,0.1688200934798401,27269.21106,99.88722,9523.96536,34.88632,314.8931427255732,0.0,21360.59531882562,9.801340176194566,76986.36036,282.00132,161600.0,0.0,171500.0,34502000.0,0.0,213.5,0.0
2021,IOWA,OSCEOLA,146.40739508851937,0.1113800457120441,19073.396160000004,69.86592,6841.36362,25.05994,314.6260751599139,0.0,15374.840027916043,7.054767670045578,53675.58378,196.61386,113900.0,0.0,119500.0,23691000.0,0.0,208.0,0.0
2021,IOWA,PAGE,782.619203980154,0.5954000784891021,27430.37934,100.47758,10803.702,39.574000000000005,262.96020097948474,0.0,19969.619805284423,9.862801154790226,63883.911,234.007,106400.0,0.0,108000.0,22014000.0,0.0,206.9,0.0
2021,IOWA,PALO ALTO,404.7227702131323,0.3079001002623892,31893.90204,116.82748,11462.2599,41.9863,240.3188865862417,0.0,21679.835595108198,9.947824040482292,85010.52923999999,311.39388,153100.0,0.0,158000.0,29104000.0,0.0,190.1,0.0
2021,IOWA,PLYMOUTH,174.24748502039117,0.1325601464759281,38808.9702,142.1574,15204.39648,55.69376,326.83961928145743,0.0,32534.005189444008,16.068228993898437,115056.40146,421.45202,219500.0,0.0,232500.0,41903000.0,0.0,190.9,0.0
2021,IOWA,POCAHONTAS,150.93807033274877,0.1148200993009487,33905.93388,124.19756,12018.86868,44.02516,330.5123700084462,0.0,21531.616898665565,10.634256339545512,85648.96704,313.73247999999995,172200.0,0.0,175000.0,36834000.0,0.0,213.9,0.0
2021,IOWA,POLK,303.9848600686104,0.2312800667531638,24596.95056,90.09872,9961.30044,36.48828,854.3377861757865,0.0,16657.501870683587,7.643318918938415,61839.141,226.517,69600.0,0.0,71000.0,15138000.0,0.0,217.5,0.0
2021,IOWA,POTTAWATTAMIE,542.0861764262213,0.41242011688711,52705.11792,193.05904,22082.42946,80.88802,555.1512160309408,0.0,34814.29292815298,15.974588858100818,136793.71524,501.07588,231000.0,0.0,233500.0,49965000.0,0.0,216.3,0.0
2021,IOWA,POWESHIEK,644.1798903806863,0.4900801009004868,29491.829640000004,108.02868,11645.83056,42.65872,262.54044158050885,0.0,21919.26580595388,10.825712367638978,71231.32926,260.92062,134700.0,0.0,137000.0,27075000.0,0.0,201.0,0.0
2021,IOWA,RINGGOLD,1976.5685569975549,1.5037400556955305,19299.69132,70.69484,8105.774040000001,29.69148,188.4272046396576,0.0,20311.66295813286,9.320036039511274,46198.228440000006,169.22428000000002,48500.0,0.0,49900.0,8526000.0,0.0,175.8,0.0
2021,IOWA,SAC,132.57183322614682,0.1008601095119405,31455.97728,115.22336,11053.48608,40.48896,235.00537866849547,0.0,21520.21544926336,10.628625274486348,80751.42348000001,295.79276,159900.0,0.0,163500.0,36943000.0,0.0,231.0,0.0
2021,IOWA,SCOTT,268.8970996600693,0.2045800645614758,22558.90182,82.63334,10694.68218,39.17466,431.5830112243137,0.0,15699.781024103168,7.753969275544403,66040.82939999999,241.9078,102700.0,0.0,105000.0,21235000.0,0.0,206.8,0.0
2021,IOWA,SIOUX,147.58246237243756,0.1122801387769132,30456.14208,111.56096,13393.99152,49.06224,357.6022630818651,0.0,28355.377920340205,13.010906328854627,101573.1171,372.0627,211500.0,35100.0,248500.0,46657000.0,777000.0,220.6,22.0
2021,IOWA,STORY,359.9951038768965,0.2738800791676721,35417.91708000001,129.73596,13805.38614,50.56918,396.3340623281107,0.0,20585.29748244651,9.445593638291564,90877.2228,332.8836,140000.0,0.0,142500.0,28168000.0,0.0,201.2,0.0
2021,IOWA,TAMA,509.0112969956709,0.3872601255313654,40693.31448,149.05976,16117.1556,59.037200000000006,246.84810416821287,0.0,26998.60672913332,13.33434948798369,102702.2451,376.1987,157100.0,0.0,160000.0,33604000.0,0.0,213.9,0.0
2021,IOWA,TAYLOR,1288.8609846036006,0.9805600829439116,21992.470500000003,80.5585,8357.19612,30.61244,173.754104749855,0.0,20049.42986999457,9.90221857014727,47933.68398,175.58126,80900.0,0.0,82200.0,15533000.0,0.0,192.0,0.0
2021,IOWA,UNION,1071.7990885477386,0.8154200269585368,15778.4445,57.7965,6562.82718,24.03966,229.0919253857237,0.0,16001.919153462886,7.903192361422413,38280.6879,140.2223,54100.0,0.0,55500.0,10019000.0,0.0,185.2,0.0
2021,IOWA,VAN BUREN,653.486963384006,0.4971600788653863,13928.11056,51.01872,5860.2453,21.4661,462.6122006625504,0.0,18190.995375879265,8.346964640327146,32385.373020000003,118.62774,47100.0,1660.0,49700.0,7654000.0,25700.0,162.5,15.5
2021,IOWA,WAPELLO,489.0948821679882,0.3721000735361478,14304.28818,52.39666,6068.06382,22.22734,274.34119678595727,0.0,16098.831377886683,7.951056367261294,33858.28446,124.02302000000002,57100.0,0.0,58800.0,10164000.0,0.0,178.0,0.0
2021,IOWA,WAYNE,1280.1871376211789,0.9739600553628668,18339.2937,67.1769,7956.83616,29.145920000000004,349.8931485907403,0.0,19752.99245821381,9.75581101328128,44981.90424,164.76888,57300.0,0.0,58300.0,10142000.0,0.0,177.0,0.0
2021,IOWA,WEBSTER,242.18817718673063,0.1842401223397622,44588.2983,163.32709999999997,16202.271539999998,59.34898,287.4470824552454,0.0,26394.33048044304,13.035903321180973,110639.15226,405.27162,193300.0,0.0,196500.0,41791000.0,0.0,216.2,0.0
2021,IOWA,WINNEBAGO,248.61098183844263,0.1891200718646186,23094.85542,84.59654,8911.76286,32.64382,255.27917813956944,0.0,15192.41700027275,7.503387114795928,64505.46102,236.28374,115200.0,1150.0,117500.0,22764000.0,26500.0,197.6,23.0
2021,IOWA,WINNESHIEK,210.67047886559604,0.1602801282464636,23023.02366,84.33341999999999,11103.98562,40.67394,256.5665381740634,0.0,25790.05423785746,12.737457157393306,72025.25694,263.82878,134100.0,25900.0,161500.0,26726000.0,505000.0,199.3,19.5
2021,IOWA,WOODBURY,418.8030418962057,0.318620138190078,43522.15686,159.42182,18117.885240000003,66.36588,512.4789939785079,0.0,31906.926061135524,14.640539349868204,127017.7272,465.2664,196100.0,0.0,202500.0,40525000.0,0.0,206.7,0.0
2021,IOWA,WORTH,353.9446361522305,0.2692800509955201,23587.3365,86.4005,8597.73096,31.49352,280.78264120223207,0.0,15334.934985531823,7.573775362709373,60050.09556,219.96372,105900.0,0.0,108500.0,21964000.0,0.0,207.4,0.0
2021,IOWA,WRIGHT,552.3068611112417,0.4202000660685688,37742.67042,138.25153999999998,13922.5632,50.9984,357.6488509173209,0.0,21691.237031428904,9.95305560609217,94543.66194,346.31378,169100.0,0.0,171500.0,32501000.0,0.0,192.2,0.0
2021,KANSAS,ALLEN,3854.334076623906,2.932320055497,20107.72764,73.65468,6765.8791200000005,24.78344,263.9395599632004,0.0,18823.77522133065,8.637316591166401,25916.25582,94.93134,33100.0,0.0,34500.0,3893000.0,0.0,117.6,0.0
2021,KANSAS,ANDERSON,4548.4792351314045,3.4604400491627554,20925.90318,76.65166,7513.58244,27.52228,120.4851133270913,0.0,21999.075871826823,10.865129783570312,32484.19356,118.98972,43400.0,0.0,45400.0,5060000.0,0.0,116.6,0.0
2021,KANSAS,ATCHISON,701.0138549494126,0.5333000493039122,19329.45924,70.80388,8035.913340000001,29.43558,248.3341415898672,0.0,16281.254392739183,8.041153321489308,41891.89368,153.45015999999998,64900.0,0.0,67900.0,10352000.0,0.0,159.5,0.0
2021,KANSAS,BARBER,236.95234959582217,0.1802801566300518,7810.27338,28.60906,4312.48818,15.79666,208.1919868598488,0.0,42664.18342843122,21.071425579908293,27582.8007,101.0359,3530.0,0.0,3700.0,604000.0,0.0,171.1,0.0
2021,KANSAS,BARTON,491.0888269602557,0.3736201577916043,22491.65646,82.38702,12455.37384,45.62408,466.6089402474466,0.0,33109.777839628965,16.352597510400596,76447.4802,280.02739999999994,31100.0,0.0,32500.0,4821000.0,0.0,155.0,0.0
2021,KANSAS,BOURBON,5236.600265008136,3.983920012195834,18472.09728,67.66336000000001,6307.11354,23.10298,232.98755291307532,0.0,23965.824051686828,10.996753162885282,23143.63506,84.77522,16500.0,0.0,17300.0,2033000.0,0.0,123.2,0.0
2021,KANSAS,BROWN,1650.0602049618722,1.2553200848391208,31261.90158,114.51246,12811.49688,46.92856,329.0997077244782,0.0,21406.20107224805,9.822266442368944,70123.37514,256.86218,119400.0,0.0,125000.0,24298000.0,0.0,203.5,0.0
2021,KANSAS,BUTLER,361.6968097576312,0.2751802248597175,8517.878459999998,31.20102,4679.86428,17.14236,433.9728078525861,0.0,53193.412033266,24.407874344729905,21176.9649,77.5713,63600.0,0.0,66500.0,8141000.0,0.0,128.0,0.0
2021,KANSAS,CHASE,15.691006893053448,0.0119401511413342,2226.27678,8.154860000000001,1117.5473399999998,4.09358,189.08460936535448,0.0,29484.12036061241,14.561920516066648,4980.74304,18.24448,6640.0,0.0,7100.0,983000.0,0.0,148.0,0.0
2021,KANSAS,CHAUTAUQUA,49.72761743309325,0.0378201208291884,471.20346000000006,1.72602,1211.20272,4.43664,78.94590046681276,0.0,24290.76505096991,11.996972798252626,3897.4572,14.2764,2060.0,0.0,2200.0,231000.0,0.0,112.1,0.0
2021,KANSAS,CHEROKEE,3383.254272482405,2.573940041864926,15344.789460000002,56.20802,8697.71994,31.85978,246.6950204286982,0.0,21924.96653443408,10.060302727905652,29542.61856,108.21472,57200.0,0.0,59700.0,8157000.0,0.0,142.6,0.0
2021,KANSAS,CHEYENNE,1.0278604633312352,0.000780194537483,12117.00672,44.38464,7723.1427,28.2899,159.635523875141,0.0,37949.68855011679,17.41326969162301,54627.29454,200.09998,80700.0,0.0,87700.0,7344000.0,0.0,91.0,0.0
2021,KANSAS,CLOUD,651.1640208694041,0.4954001363122608,16059.9621,58.8277,8396.89032,30.75784,233.60281235622736,0.0,26873.190900971604,13.27240782925992,39772.21794,145.68578,55500.0,0.0,57900.0,7925000.0,0.0,142.8,0.0
2021,KANSAS,COFFEY,1916.3382911455883,1.457920105398428,14937.92118,54.71766,4285.02438,15.69606,183.5043625073395,0.0,24000.02836559085,11.853380774756127,17344.96764,63.53468,31900.0,0.0,33500.0,3495000.0,0.0,109.6,0.0
2021,KANSAS,COWLEY,804.3211826082212,0.611920209440751,5459.8635,19.9995,3762.16932,13.78084,348.97958545283467,0.0,42173.92157216336,19.35156514709205,14316.86256,52.44272,22300.0,0.0,23300.0,2999000.0,0.0,134.5,0.0
2021,KANSAS,CRAWFORD,5036.908384114185,3.832040013236812,19323.76446,70.78302,10168.84596,37.24852,319.0186896875197,0.0,21771.047109365896,9.989676576232435,40311.60042,147.66154,42700.0,0.0,44600.0,5478000.0,0.0,128.3,0.0
2021,KANSAS,DICKINSON,1319.2572304356324,1.0036601038608255,10769.8773,39.450100000000006,5407.2564,19.8068,268.32488482008165,0.0,31735.90449321427,14.562065855115693,21049.73052,77.10524,22200.0,0.0,23300.0,2944000.0,0.0,132.6,0.0
2021,KANSAS,DONIPHAN,957.3975818511644,0.728360075950566,24859.303560000004,91.05972,10557.05742,38.67054,285.66177791603616,0.0,14816.169528433044,6.798420900205716,59129.95452,216.59324,80200.0,0.0,84000.0,16577000.0,0.0,206.7,0.0
2021,KANSAS,DOUGLAS,1932.0909682574124,1.4699200278693003,14662.48056,53.70872000000001,6552.283920000001,24.00104,331.4444581933297,0.0,16389.568058716297,8.09464838851086,31800.50874,116.48538,27000.0,0.0,28300.0,3380000.0,0.0,125.2,0.0
2021,KANSAS,EDWARDS,167.18816468100067,0.127200074800759,21849.75156,80.03572,18068.477700000003,66.1849,182.52141957392485,0.0,23361.5477966593,11.538041426587728,94237.05018,345.19066,69500.0,0.0,72800.0,13212000.0,0.0,190.1,0.0
2021,KANSAS,ELLSWORTH,171.6689794234885,0.1305801301736031,6289.34124,23.03788,2744.5509,10.053299999999998,254.78373789074823,0.0,27175.32903178481,13.421630915855795,17683.53132,64.77484,4670.0,0.0,4900.0,456000.0,0.0,97.6,0.0
2021,KANSAS,FORD,226.31868044033004,0.1721801937188374,24191.14152,88.61224,16284.2316,59.6492,321.3785255381314,0.0,41062.281305165954,20.280261688694864,102741.18036,376.34132,46100.0,0.0,48200.0,9842000.0,0.0,213.5,0.0
2021,KANSAS,GEARY,217.58413636856537,0.1655200548568484,2510.30052,9.19524,1193.23932,4.37084,271.9158701289789,0.0,13989.56522570375,6.909310312786847,5170.19958,18.93846,11200.0,0.0,11800.0,1624000.0,0.0,145.0,0.0
2021,KANSAS,GOVE,1.7807443084439314,0.0013602068988102,9894.38268,36.24316,4854.17478,17.780859999999997,150.6200281214891,0.0,40361.09282773498,19.933951513921198,45496.84776,166.65512,119600.0,0.0,130500.0,11637000.0,0.0,97.3,0.0
2021,KANSAS,GRAHAM,2.5931334062141183,0.0019801718604382,10104.45618,37.01266,5398.4112,19.7744,157.8370036149942,0.0,33525.93035245753,15.383421819626928,37519.78776,137.43512,68300.0,0.0,71400.0,7670000.0,0.0,112.3,0.0
2021,KANSAS,GRANT,479.8316044148919,0.3650400805212482,23563.24698,86.31226,18883.8468,69.1716,294.3895071202918,0.0,21491.71186154302,10.614547629512382,111952.26588,410.08156,43700.0,0.0,47900.0,10169000.0,0.0,232.7,0.0
2021,KANSAS,GRAY,117.2754474510577,0.0892201555443487,34294.0143,125.6191,27700.55652000001,101.46724,378.91904910013545,0.0,32750.63253157272,16.17521913296662,169593.70427999998,621.22236,82800.0,0.0,87100.0,17703000.0,0.0,213.8,0.0
2021,KANSAS,GREELEY,5.803126533728974,0.0044001497678534,10923.78378,40.01386,6002.33088,21.98656,160.35722552819573,0.0,29216.186550520128,13.40588961864907,56318.84076,206.29612,46700.0,0.0,52200.0,3596000.0,0.0,77.0,0.0
2021,KANSAS,HARVEY,2093.8413120137857,1.5929800409932382,19282.90182,70.63334,10692.74388,39.16756,344.53286068661123,0.0,19781.49605860867,9.076768187897828,46747.58088,171.23656,66400.0,0.0,69600.0,10046000.0,0.0,151.3,0.0
2021,KANSAS,HASKELL,346.4512474214268,0.2635800875179119,32315.523239999995,118.37188,29535.72258,108.18946,112.16126218241308,0.0,21799.550705153168,10.002755492544736,172588.24128,632.19136,91200.0,0.0,96000.0,21478000.0,0.0,235.5,0.0
2021,KANSAS,JACKSON,531.0844551979912,0.4040401157104826,17072.224260000003,62.53562,6662.15004,24.403479999999995,166.5173725814864,0.0,24552.99813019825,12.126487167672572,32662.98672,119.64464,39300.0,0.0,41200.0,5954000.0,0.0,151.5,0.0
2021,KANSAS,JEFFERSON,1076.3427154789144,0.8188600487948936,20438.57088,74.86656,9169.04352,33.58624,170.2607686248635,0.0,20625.202526284225,9.463904125595947,46307.88162000001,169.62594,44100.0,0.0,46000.0,7193000.0,0.0,163.1,0.0
2021,KANSAS,KINGMAN,1294.3155815181055,0.9847200727409252,13356.74886,48.92582,6469.70688,23.69856,153.47729353880817,0.0,32494.10015360053,14.909965034733167,43378.93014,158.89718,11000.0,0.0,11500.0,1850000.0,0.0,168.2,0.0
2021,KANSAS,KIOWA,110.65881927412208,0.0841801250998921,12604.84134,46.17158,9464.091,34.667,333.6287346611164,0.0,26953.000980115,12.367423633675047,51590.99946,188.97802,27300.0,0.0,28600.0,5001000.0,0.0,183.2,0.0
2021,KANSAS,LABETTE,2922.2479472577334,2.2232200958206083,6522.96372,23.89364,11539.42608,42.26896,235.85127085220367,0.0,24513.09310176763,12.106778461932295,38330.93082,140.40634,40900.0,0.0,43100.0,5256000.0,0.0,128.5,0.0
2021,KANSAS,LANE,11.249083080961276,0.0085601387179638,9928.9827,36.3699,5167.06554,18.92698,239.73433687359187,0.0,27061.31463633912,13.36532031395005,42004.45704,153.86248,31200.0,0.0,34300.0,3026000.0,0.0,97.0,0.0
2021,KANSAS,LEAVENWORTH,693.3938605234744,0.5275200695567284,18408.2262,67.4294,7393.719059999999,27.08322,410.5546304287414,0.0,16914.034233684728,8.353677135505745,36583.44144,134.00528,21500.0,0.0,22500.0,3055000.0,0.0,142.1,0.0
2021,KANSAS,LOGAN,0.0477044781052901,4.0207424824237e-05,13638.54492,49.95804,6556.98498,24.018259999999994,160.6429106252175,0.0,40463.705772644746,18.56683014436432,52338.09672,191.71464,120000.0,0.0,126000.0,8688000.0,0.0,72.4,0.0
2021,KANSAS,LYON,889.1592376790384,0.6764601267595284,8442.63966,30.92542,3012.17826,11.03362,388.1867384115784,0.0,31638.99225992412,14.517597536160446,13486.29282,49.40034,29500.0,0.0,31300.0,3233000.0,0.0,109.6,0.0
2021,KANSAS,MARION,1181.9832307528525,0.899240104275855,11803.5099,43.2363,6166.39842,22.58754,300.7573438723552,0.0,35572.48859435324,17.568906419255303,24733.6089,90.5993,65600.0,0.0,69700.0,7255000.0,0.0,110.6,0.0
2021,KANSAS,MCPHERSON,4045.916185527696,3.0780600869486925,23473.6866,85.9842,12014.353260000002,44.00862,478.7908401499935,0.0,33685.550490249974,16.636966027118113,62318.21232,228.27184,44700.0,0.0,47700.0,5467000.0,0.0,122.3,0.0
2021,KANSAS,MEADE,2.048638542485978,0.0015601882954043,24988.8366,91.5342,20797.058099999995,76.1797,136.3489653533483,0.0,36786.74181737967,16.879649894785945,119143.82844,436.42428,69500.0,0.0,72600.0,16729000.0,0.0,240.7,0.0
2021,KANSAS,MIAMI,3531.171132570653,2.6864600404479466,18480.36918,67.69366000000001,8215.83672,30.09464,289.6588954744083,0.0,21782.4485451052,10.75813965211154,36687.26334,134.38558,17400.0,0.0,18700.0,2140000.0,0.0,123.0,0.0
2021,KANSAS,MITCHELL,356.8337205747302,0.2714601349592391,14169.82476,51.90412,6466.79124,23.68788,146.7817444574351,0.0,26559.65133659933,13.117553685429652,38974.4901,142.76369999999997,30500.0,0.0,32200.0,3700000.0,0.0,121.3,0.0
2021,KANSAS,MONTGOMERY,2148.337231376894,1.634440106223603,3985.34682,14.59834,9612.79956,35.21172,337.7247283497232,0.0,23771.99958452513,10.907816524708007,38027.98272,139.29664000000002,25400.0,0.0,26500.0,2865000.0,0.0,112.8,0.0
2021,KANSAS,MORRIS,84.24712088992814,0.0641001328721612,3739.84884,13.69908,1624.71582,5.95134,97.22957996495634,0.0,26542.54917615893,12.179087227481324,6666.29964,24.41868,20500.0,0.0,21600.0,2481000.0,0.0,121.0,0.0
2021,KANSAS,MORTON,3.222043757665394,0.0024601407848809,12265.546020000002,44.92874,8584.68156,31.44572,135.3538475767295,0.0,27562.977938826025,12.647312446825232,57246.99708,209.69596,24700.0,0.0,26000.0,4337000.0,0.0,175.6,0.0
2021,KANSAS,NEMAHA,1797.1041277463664,1.367200090046499,21900.45312,80.22144,8930.0211,32.7107,220.29026865046228,0.0,27198.13190166457,13.432893031688524,42755.14152,156.61224,118800.0,0.0,124500.0,21527000.0,0.0,181.2,0.0
2021,KANSAS,NEOSHO,3962.9746340440047,3.014980046821264,15909.76842,58.27754,8659.35252,31.71924,259.1881441368219,0.0,21594.3248067144,10.66522716592824,31462.3491,115.2467,32300.0,0.0,34000.0,4109000.0,0.0,127.2,0.0
2021,KANSAS,NESS,0.7653640996066556,0.0005802062055424,8705.57688,31.88856,3817.61562,13.98394,155.76524816314733,0.0,40235.67700141921,18.462198811605003,32621.93298,119.49426,21000.0,0.0,22000.0,1583000.0,0.0,75.4,0.0
2021,KANSAS,NORTON,1.5365930343439766,0.0011601706227253,10900.26756,39.92772,6126.851639999999,22.44268,170.16142002361593,0.0,33292.20086660365,15.276174705683344,43975.44606,161.08222,124000.0,0.0,129500.0,9846000.0,0.0,79.4,0.0
2021,KANSAS,OSBORNE,67.24745322000341,0.0511601721641475,12448.466939999998,45.59878,5681.424840000001,20.81108,159.31895630174833,0.0,33657.04690322731,15.443584839320076,37946.14824,138.99688,33600.0,0.0,35700.0,3271000.0,0.0,97.4,0.0
2021,KANSAS,PAWNEE,104.87847793662324,0.0798001234820251,20969.33202,76.81074,13972.90986,51.18282,201.3918179142325,0.0,28190.05707363166,12.935048618307633,80260.06716,293.99292,54500.0,0.0,56900.0,9260000.0,0.0,169.9,0.0
2021,KANSAS,PHILLIPS,10.337152914889591,0.0078801704622212,12249.8376,44.8712,6337.70592,23.215039999999995,183.1170717604484,0.0,33263.69726411575,15.263095786296448,44011.76052,161.21524,80000.0,0.0,83500.0,7976000.0,0.0,99.7,0.0
2021,KANSAS,POTTAWATOMIE,1306.21996602135,0.9937401532846662,9807.05544,35.92328,5271.45528,19.30936,203.92864842815325,0.0,31901.22535518456,15.755705183184194,26036.77986,95.37282,39100.0,0.0,41000.0,6240000.0,0.0,159.6,0.0
2021,KANSAS,PRATT,592.7701442733165,0.4509800780110452,23742.89736,86.97031999999999,16949.49984,62.08608,282.3833893958643,0.0,27380.554921313626,13.522989988285508,95764.7964,350.7868,58900.0,0.0,61600.0,12557000.0,0.0,213.2,0.0
2021,KANSAS,RAWLINS,0.3681036956400217,0.0002802049116464,10040.8581,36.7797,5470.04094,20.03678,145.01732709244317,0.0,39973.44390851344,18.34187277618033,38888.67528,142.44936,106400.0,0.0,116000.0,7320000.0,0.0,68.8,0.0
2021,KANSAS,RENO,2680.3910083449136,2.039220097604074,29728.799100000004,108.8967,15493.42158,56.75246,448.6599258609428,0.0,47099.34307390835,21.611601954549343,82201.24458,301.10346,43700.0,0.0,45600.0,6905000.0,0.0,158.0,0.0
2021,KANSAS,REPUBLIC,493.16607751607313,0.3752001252903012,21846.30084,80.02308,13299.05304,48.71448,167.38236768561762,0.0,26941.59952877964,12.36219206117568,74431.88298,272.64426,122900.0,0.0,126500.0,19651000.0,0.0,159.9,0.0
2021,KANSAS,RILEY,569.3914479791322,0.4331800926292278,4778.1934200000005,17.50254,2193.16734,8.033579999999999,311.16524354694536,0.0,22637.55644430491,10.38727564268263,10396.9593,38.08410000000001,23000.0,0.0,24100.0,3623000.0,0.0,157.5,0.0
2021,KANSAS,SALINE,1368.219624244338,1.0409400823245856,9418.61466,34.500420000000005,4632.8919000000005,16.970299999999998,300.63144678043074,0.0,26172.002428293566,12.009061314214284,20738.10648,75.96376,7320.0,0.0,7800.0,851000.0,0.0,116.3,0.0
2021,KANSAS,SEWARD,3.776221012179834e-05,1.2147999354215466e-07,21901.14108,80.22396,18107.123580000003,66.32646,264.3278597886103,0.0,23697.890230998542,10.873811340240527,104161.27722,381.54314,67000.0,0.0,70100.0,14807000.0,0.0,221.0,0.0
2021,KANSAS,SHAWNEE,869.0004168175003,0.6611400535712336,14847.47082,54.38634,7296.19254,26.72598,331.47361672331226,0.0,18441.82701984795,9.108239145327454,35881.59666,131.43442,32600.0,0.0,34100.0,4685000.0,0.0,143.7,0.0
2021,KANSAS,SHERIDAN,5.367738747109981e-05,1.7267868226772117e-07,17536.002119999997,64.23444,11822.39058,43.30546,180.9136887872929,0.0,33685.55050337508,15.456663757633196,74830.53396,274.10452,151600.0,0.0,160500.0,18250000.0,0.0,120.4,0.0
2021,KANSAS,SHERMAN,1.446783108531226,0.0011002030413748,22346.28396,81.85452,14299.204919999998,52.37804,426.49069111751487,0.0,39608.59788261661,18.17446264746562,98156.07438,359.54606,196400.0,0.0,206000.0,22625000.0,0.0,115.2,0.0
2021,KANSAS,SMITH,62.61827316763351,0.0476401720065532,14567.1435,53.3595,6903.19812,25.28644,154.29226769966073,0.0,33554.43395620998,16.572208845161168,44110.14972,161.57564000000002,92400.0,0.0,96700.0,12723000.0,0.0,137.7,0.0
2021,KANSAS,STAFFORD,912.9767727847886,0.6945601103387592,27255.71394,99.83778,20236.98768,74.12816,133.4259755196269,0.0,29883.17070276793,14.759007602040583,109983.30798,402.86926,62800.0,0.0,65600.0,12158000.0,0.0,193.6,0.0
2021,KANSAS,STEVENS,139.80105765748263,0.1063401220156075,32053.96194,117.41378,25777.33158,94.42246,345.4509061711357,0.0,27597.182254779484,12.663007146862848,151825.53204,556.13748,110200.0,0.0,116500.0,25115000.0,0.0,227.9,0.0
2021,KANSAS,SUMNER,4356.839668491833,3.314620099986583,32220.306300000004,118.0231,16744.77714,61.33618,287.5616945898847,0.0,43998.15175179324,20.188615813675064,77707.37520000001,284.6424,38900.0,0.0,40800.0,4458000.0,0.0,114.6,0.0
2021,KANSAS,TREGO,5.422242778584053e-05,1.744320620010937e-07,7420.9317,27.182900000000004,3329.65542,12.19654,161.57455343816756,0.0,34027.59365997355,15.613610756662125,29688.35142,108.74854,34000.0,0.0,35700.0,2982000.0,0.0,87.7,0.0
2021,KANSAS,WABAUNSEE,611.9839634208101,0.465580144226441,7852.79586,28.76482,3834.97296,14.04752,90.45787477552474,0.0,30065.593729786226,13.795641336137557,18440.36922,67.54714000000001,25600.0,0.0,26800.0,3512000.0,0.0,137.2,0.0
2021,KANSAS,WASHINGTON,585.512208963471,0.4454601627347441,15332.06766,56.16142,7521.97446,27.55302,220.2583152029161,0.0,33873.67423198383,15.542984603648351,37304.701980000005,136.64726,112600.0,0.0,118000.0,17149000.0,0.0,152.3,0.0
2021,KANSAS,WICHITA,3.982483273734327,0.003040139247575,15421.36596,56.48852,10235.86746,37.494020000000006,277.31838720852926,0.0,27163.92758866173,12.464207614258004,70312.79892,257.55604,86600.0,0.0,90500.0,9110000.0,0.0,105.2,0.0
2021,KANSAS,WILSON,2414.2076602285697,1.8367000698527356,8851.24968,32.42216,5133.2463,18.8031,148.61875860480924,0.0,21451.80682421697,9.843192707876376,18345.53994,67.19978,45400.0,0.0,47400.0,5680000.0,0.0,125.1,0.0
2021,KANSAS,WOODSON,2019.294263488653,1.536260081309036,12871.72068,47.14916,4900.322700000001,17.9499,126.69645026287016,0.0,19057.50470810024,9.41231637232936,20314.48146,74.41202,22100.0,0.0,23200.0,2466000.0,0.0,111.6,0.0
2021,KENTUCKY,ADAIR,50.18281958604731,0.0381800608283512,1231.01706,4.50922,5263.0578,19.2786,222.00349758518945,0.0,15357.737861516289,7.046920316161852,35116.492320000005,128.63184,9300.0,0.0,10900.0,1710000.0,0.0,183.9,0.0
2021,KENTUCKY,ALLEN,28.30489834072061,0.0215000580245832,4063.65414,14.88518,5248.27758,19.22446,195.21291675650684,0.0,13105.95373105107,6.013685898458391,35561.43318,130.26166,7300.0,0.0,8000.0,1244000.0,0.0,170.4,0.0
2021,KENTUCKY,ANDERSON,70.05372890135045,0.0533000285591406,544.13268,1.99316,2115.9411,7.7507,149.20032662674427,0.0,7496.445913434695,3.4397550917160777,11227.32702,41.12574,900.0,0.0,1100.0,161500.0,0.0,179.4,0.0
2021,KENTUCKY,BALLARD,1069.8972058188713,0.8139800174008859,11893.34874,43.56538,4249.82376,15.56712,174.3446620616004,0.0,9976.258820023735,4.577620844426441,20982.08112,76.85744000000001,31000.0,0.0,33500.0,6215000.0,0.0,200.5,0.0
2021,KENTUCKY,BARREN,19.83680937460441,0.0150800950624052,3549.7098,13.0026,8765.085420000001,32.10654,548.8023781292839,0.0,18544.43996359491,9.1589186810398,57011.85126,208.83462,26500.0,0.0,30500.0,4925000.0,0.0,185.8,0.0
2021,KENTUCKY,BATH,1.6887165898068093e-05,5.4325549209801145e-08,785.59572,2.87764,4724.82738,17.30706,114.99804347960468,0.0,10597.63722711952,4.862741228722104,25477.54482,93.32434,1600.0,0.0,1700.0,248000.0,0.0,155.0,0.0
2021,KENTUCKY,BOONE,13.679712296644327,0.0104000399478352,1291.32822,4.73014,1389.41166,5.08942,341.60541534739434,0.0,7792.883318093304,3.575775825250906,7907.61972,28.96564,1450.0,0.0,1600.0,244000.0,0.0,168.3,0.0
2021,KENTUCKY,BOURBON,0.4243372348132096,0.0003200554369125,1987.37994,7.27978,7102.3953,26.0161,199.05744378778127,0.0,10825.665999754943,5.346691232223767,36202.48632,132.60984000000002,5350.0,0.0,5800.0,1070000.0,0.0,200.0,0.0
2021,KENTUCKY,BOYLE,9.69786994177884,0.0073800318566036,909.12276,3.33012,4128.12582,15.12134,292.51662151712765,0.0,6538.725067290328,3.0003034909163144,21873.7428,80.12360000000001,4400.0,0.0,4900.0,800000.0,0.0,181.8,0.0
2021,KENTUCKY,BRACKEN,1.2445087295298792e-05,4.0035504261752434e-08,560.88396,2.05452,2194.95822,8.040140000000001,68.140668078897,0.0,7809.985477225564,3.857275928873304,12234.84444,44.81628,1100.0,0.0,1200.0,175300.0,0.0,159.4,0.0
2021,KENTUCKY,BRECKINRIDGE,11.301574141526372,0.0086001096850604,3054.27486,11.18782,1769.3020800000002,6.48096,201.01740047117264,0.0,21788.14925992251,10.76095517975961,7898.79636,28.93332,22000.0,0.0,23000.0,3785000.0,0.0,172.0,0.0
2021,KENTUCKY,BULLITT,0.7658564680112425,0.0005800529911555,1811.29494,6.63478,1065.01122,3.90114,339.622202159666,0.0,10392.41133003251,5.132710961266085,6131.61276,22.46012,2500.0,0.0,2700.0,418000.0,0.0,167.2,0.0
2021,KENTUCKY,BUTLER,58.43828316451943,0.0444600749435589,2316.79812,8.48644,926.43096,3.3935200000000005,200.97274494996384,0.0,16224.247196746008,8.0129980213907,4236.0318,15.5166,18200.0,0.0,19500.0,3540000.0,0.0,194.5,0.0
2021,KENTUCKY,CALDWELL,213.70458705885488,0.1625800200242534,6510.52038,23.84806,2682.01206,9.82422,350.82149101746336,0.0,13026.14365994553,6.433485764099369,15866.60166,58.119420000000005,31000.0,0.0,33000.0,6170000.0,0.0,199.0,0.0
2021,KENTUCKY,CALLOWAY,197.9389957368797,0.1506000490956994,15529.129980000002,56.88326,6514.46796,23.862520000000004,290.70161894967896,0.0,14417.119175521628,6.615316066377972,34127.975699999995,125.0109,36500.0,0.0,39000.0,7285000.0,0.0,199.6,0.0
2021,KENTUCKY,CARLISLE,1099.73862392064,0.8366400114574889,10019.60232,36.70184,4297.8117,15.7429,133.4290924899421,0.0,7467.94231658637,3.6883441358479976,21838.57494,79.99478,24500.0,0.0,26000.0,4710000.0,0.0,192.2,0.0
2021,KENTUCKY,CARROLL,1.912207835144539,0.0014600251824766,258.44364,0.94668,766.7969400000001,2.80878,180.20922668363096,0.0,5039.435883702219,2.4889284091486306,4164.67506,15.25522,1500.0,0.0,1600.0,245000.0,0.0,163.3,0.0
2021,KENTUCKY,CASEY,30.92942166645184,0.023520067542614,1259.48004,4.61348,5066.69982,18.55934,190.316249247488,0.0,16743.012658786683,7.682555668215449,33288.35328,121.93536,7000.0,0.0,8300.0,1290000.0,0.0,184.3,0.0
2021,KENTUCKY,CHRISTIAN,838.0817643310513,0.6376000760659781,20561.90682,75.31834,8742.066060000001,32.022220000000004,322.4586453732018,0.0,26422.834080692555,13.049980972342974,55744.50882,204.19234,77500.0,0.0,82500.0,15800000.0,0.0,203.9,0.0
2021,KENTUCKY,CLARK,1.4652500588703749e-05,4.713669224208482e-08,1477.88004,5.41348,7345.70382,26.90734,253.58742817307956,0.0,9195.260273187809,4.21925852725328,39655.29204000001,145.25748000000002,2600.0,0.0,2900.0,454000.0,0.0,174.6,0.0
2021,KENTUCKY,CLINTON,1.213623111210964e-05,3.90419223972838e-08,344.64612,1.26244,1397.36688,5.11856,163.09623597467245,0.0,7616.161018784859,3.7615479124576017,7196.26908,26.35996,1800.0,0.0,2200.0,309000.0,0.0,171.7,0.0
2021,KENTUCKY,CRITTENDEN,119.53561887681998,0.0909400617425683,6466.58922,23.68714,2867.49918,10.50366,209.44316942945176,0.0,13847.047242770272,6.353737732328808,14398.02,52.74,21000.0,0.0,22500.0,3945000.0,0.0,187.9,0.0
2021,KENTUCKY,CUMBERLAND,0.0070385404548667,5.964413444621354e-08,96.90953999999998,0.35498,334.33218,1.22466,96.08194318346438,0.0,11635.168144282216,5.746496474571748,681.8994000000001,2.4978,2700.0,0.0,2800.0,503000.0,0.0,186.3,0.0
2021,KENTUCKY,DAVIESS,512.1585150231019,0.3896400522028453,26823.1782,98.2534,11008.9434,40.3258,398.48961517991046,0.0,16617.596834985467,8.207269585100583,57303.0276,209.9012,63000.0,0.0,67000.0,12830000.0,0.0,203.7,0.0
2021,KENTUCKY,EDMONSON,11.77351827963385,0.0089600591387756,475.18926,1.74062,812.4753000000001,2.9761,146.95987268901254,0.0,11538.255915585129,5.698632466622332,3992.78334,14.62558,3600.0,0.0,4200.0,659000.0,0.0,183.1,0.0
2021,KENTUCKY,ESTILL,1.528838096178422e-05,4.9182301949944793e-08,318.0996,1.1652,1247.62638,4.570060000000001,286.34065801823624,0.0,9594.310626244574,4.738536779698765,7303.48164,26.75268,450.0,0.0,700.0,64000.0,0.0,142.2,0.0
2021,KENTUCKY,FAYETTE,77.97523079460578,0.0593200340789228,1504.95618,5.51266,5790.31908,21.20996,1296.986930956,0.0,7684.569651389446,3.5260759420196632,29929.536,109.632,2500.0,0.0,2700.0,471000.0,0.0,188.4,0.0
2021,KENTUCKY,FLEMING,2.104764033685021e-05,6.770968129119645e-08,1491.51366,5.46342,5163.1671,18.9127,224.98774069715788,0.0,13208.566678577125,6.060769998417837,27027.0273,99.0001,3450.0,0.0,3800.0,547000.0,0.0,158.6,0.0
2021,KENTUCKY,FRANKLIN,77.35224942674974,0.0588400303305999,579.21864,2.1216800000000005,1869.70602,6.84874,394.9042929889969,0.0,7308.322175189244,3.353434241279104,9908.46402,36.29474,1800.0,0.0,2000.0,302000.0,0.0,167.8,0.0
2021,KENTUCKY,FULTON,1942.9113629955157,1.4781600074434575,15141.26796,55.46252,6167.87262,22.59294,128.2489444861073,0.0,8032.313529956433,3.96708159350774,31663.67568,115.98416,28000.0,0.0,29500.0,5495000.0,0.0,196.3,0.0
2021,KENTUCKY,GARRARD,8.00113333793743,0.0061000427199115,1230.86964,4.50868,4295.23458,15.73346,160.89949302032625,0.0,8716.399848734804,3.999532726219807,21799.86354,79.85298,1600.0,0.0,1900.0,252000.0,0.0,157.5,0.0
2021,KENTUCKY,GRANT,1.5370137009199145e-05,4.9445308910606346e-08,610.5863400000001,2.23658,1389.32976,5.08912,154.9066535337291,0.0,9645.617099862257,4.425905411060749,7258.10358,26.58646000000001,460.0,0.0,500.0,70700.0,0.0,153.7,0.0
2021,KENTUCKY,GRAYSON,9.283290225524064,0.0070600973762569,1398.67182,5.123340000000001,1437.21396,5.26452,295.9494869000648,0.0,19108.811175424264,8.768105752555337,2648.646,9.702000000000002,13600.0,0.0,14800.0,2270000.0,0.0,166.9,0.0
2021,KENTUCKY,GREEN,1.7159686058588387e-05,5.5202239086620667e-08,1539.2449800000002,5.63826,4212.3627,15.4299,141.15997913098744,0.0,10768.658807395508,5.318535933919832,28308.06342,103.69254,8600.0,0.0,9300.0,1650000.0,0.0,191.9,0.0
2021,KENTUCKY,GREENUP,54.726498489045696,0.0416400592507965,231.82614,0.84918,770.74998,2.8232600000000003,326.42056403552914,0.0,12832.319203103674,5.888128298010749,4935.72534,18.07958,650.0,0.0,700.0,86900.0,0.0,133.7,0.0
2021,KENTUCKY,HANCOCK,68.37534948427626,0.0520200319490563,3855.51894,14.12278,1455.20466,5.33042,178.2798218585514,0.0,7274.117860267775,3.592616120480386,7115.54298,26.06426,8400.0,0.0,9000.0,1730000.0,0.0,206.0,0.0
2021,KENTUCKY,HARDIN,204.1328682830492,0.1553000911890161,10124.22684,37.08508,5611.940880000001,20.55656,461.0562224133983,0.0,22415.2283899752,11.070663468066227,34412.56182,126.05334,32000.0,0.0,34000.0,5990000.0,0.0,187.2,0.0
2021,KENTUCKY,HARRISON,0.6088983816074912,0.0004600591230519,1600.2058800000002,5.861560000000001,5784.41682,21.18834,194.60701036524037,0.0,11549.65735379538,5.704263526153902,30849.66066,113.00242,4400.0,0.0,5000.0,704000.0,0.0,160.0,0.0
2021,KENTUCKY,HART,21.022644269022933,0.0159800786285355,2221.33002,8.13674,5209.09662,19.08094,193.42873531559977,0.0,15728.284621300336,7.2169462348978,35263.09332,129.16884000000002,6100.0,0.0,6900.0,1120000.0,0.0,183.6,0.0
2021,KENTUCKY,HENRY,1.7341366163826218e-05,5.578669899878798e-08,1248.41808,4.57296,4058.45622,14.86614,200.25179289130625,0.0,10882.673193131825,4.993530395579951,22527.36486,82.51782,8300.0,0.0,9100.0,1465000.0,0.0,176.5,0.0
2021,KENTUCKY,HICKMAN,1760.951287039104,1.339720022144113,16216.00344,59.39928,7738.62726,28.34662,166.626443188685,0.0,9246.566746849096,4.566789457079964,39960.72444,146.37628,40500.0,0.0,43500.0,8110000.0,0.0,200.2,0.0
2021,KENTUCKY,JESSAMINE,21.70080861401862,0.0165000273983673,904.59096,3.31352,3904.41324,14.30188,284.1854988735631,0.0,5980.054573475976,2.953490838988328,20721.28968,75.90216000000001,400.0,0.0,500.0,61400.0,0.0,153.5,0.0
2021,KENTUCKY,KENTON,6.504147812215613e-06,2.0923664999392365e-08,534.11904,1.95648,440.3763,1.6131,665.0657312698386,0.0,4081.715037412503,2.015919390406405,2136.54168,7.82616,360.0,0.0,400.0,56400.0,0.0,156.7,0.0
2021,KENTUCKY,KNOX,2.296436545816884e-05,7.387573340013966e-08,98.97888,0.36256,459.0495,1.6815,380.465256922154,0.0,14411.418455035677,7.117659523136156,1341.69126,4.91462,450.0,0.0,600.0,60600.0,0.0,134.7,0.0
2021,KENTUCKY,LARUE,74.32243345722377,0.0565400436430468,4717.02504,17.27848,2858.05338,10.46906,179.09958884326537,0.0,9833.740837380956,4.512226261164252,17919.73092,65.64004,25000.0,0.0,27000.0,4755000.0,0.0,190.2,0.0
2021,KENTUCKY,LAUREL,2.595300321092905e-05,8.349009902477173e-08,443.52126,1.6246200000000002,2079.47922,7.61714,380.2461772264221,0.0,16286.95511395189,7.473293001603041,8029.30674,29.41138,450.0,0.0,600.0,57900.0,0.0,128.7,0.0
2021,KENTUCKY,LEWIS,1.393709399463579,0.0010600945607914,431.37276,1.58012,1281.85512,4.69544,160.14589584478932,0.0,18538.7392458706,9.156103151955987,6884.46486,25.21782,1300.0,0.0,1400.0,168300.0,0.0,129.5,0.0
2021,KENTUCKY,LINCOLN,101.60881279001794,0.0773000383528694,1636.17636,5.99332,6722.52672,24.62464,314.4718117336169,0.0,12558.684675156275,6.202612314331613,38492.27382,140.99734,9000.0,0.0,10000.0,1641000.0,0.0,182.3,0.0
2021,KENTUCKY,LIVINGSTON,39.43825808762248,0.0300200581868047,6204.29082,22.72634,2121.50484,7.77108,445.8723751235895,0.0,12210.94079658929,6.030864992121997,10020.34488,36.70456,17100.0,0.0,18200.0,2945000.0,0.0,172.2,0.0
2021,KENTUCKY,LOGAN,612.978199559714,0.466340062123078,16423.28142,60.15854,6719.99328,24.61536,285.5267323976976,0.0,20756.319062286453,10.251344272590543,41762.53536,152.97632,64500.0,0.0,69500.0,11925000.0,0.0,184.9,0.0
2021,KENTUCKY,MADISON,2.5108190716882974e-05,8.077236041810561e-08,2151.31644,7.88028,7988.80992,29.26304,399.4315997386642,0.0,15756.7882173347,7.78212457427906,40898.026260000006,149.80962,1500.0,0.0,1800.0,225000.0,0.0,150.0,0.0
2021,KENTUCKY,MARION,2.082054020362373e-05,6.697910639558537e-08,2171.42016,7.95392,3897.41898,14.27626,195.8103435574149,0.0,13066.04869535295,5.995375414888872,21888.14628,80.17636,15400.0,0.0,16600.0,2985000.0,0.0,193.8,0.0
2021,KENTUCKY,MARSHALL,143.31049297456727,0.1090400409646983,7558.61106,27.68722,2344.72602,8.58874,227.4805692707913,0.0,12125.43000659664,5.563771163837806,11591.45442,42.45954,11500.0,0.0,12800.0,2085000.0,0.0,181.3,0.0
2021,KENTUCKY,MASON,1.4516240507980378e-05,4.669834730218488e-08,1256.3132400000002,4.60188,4735.27782,17.34534,211.31526150863945,0.0,9109.749482759114,4.499216739951679,24957.47436,91.41932,7600.0,0.0,8300.0,1315000.0,0.0,173.0,0.0
2021,KENTUCKY,MCCRACKEN,327.1724451523219,0.2489200143241374,9741.78114,35.68418,3089.6884200000004,11.31754,341.50798613722503,0.0,8853.217112781178,4.372517895430365,15069.03216,55.19792,11900.0,0.0,12600.0,2050000.0,0.0,172.3,0.0
2021,KENTUCKY,MCLEAN,486.5845923800236,0.3701800431235726,16847.09208,61.71096,6379.589580000001,23.36846,226.49502798969613,0.0,9611.412783632635,4.746983369032015,35161.12236,128.79532,44000.0,0.0,46500.0,8455000.0,0.0,192.2,0.0
2021,KENTUCKY,MEADE,59.9715740385905,0.0260100217442903,5087.23488,11.64621,2605.82322,5.56777,550.1988576063652,0.0,11766.28468822055,3.325393775533514,15404.93682,32.91514,17600.0,0.0,19000.0,3460000.0,0.0,196.6,0.0
2021,LOUISIANA,AVOYELLES,16777.66896112801,12.76422,44008.16784,161.20208,17211.27408,63.04496,71722.89069300001,0.0,32203.363476986076,14.77656008853847,62061.84894,227.33278,16500.0,0.0,16800.0,2588000.0,0.0,156.8,0.0
2021,LOUISIANA,BOSSIER,82.51570408895566,0.0627801402514636,2449.09938,8.97106,3576.39828,13.10036,777.3729017733247,0.0,30857.993714687043,15.240463214186375,13516.12626,49.50962,1440.0,0.0,1600.0,193000.0,0.0,134.0,0.0
2021,LOUISIANA,CADDO,147.1657009625261,0.1119601289556388,3717.24444,13.61628,8700.619200000001,31.8704,1536.7680941400033,0.0,31393.86132176104,14.40511884927064,42117.12414,154.27518,19600.0,0.0,19800.0,2368000.0,0.0,120.8,0.0
2021,LOUISIANA,CATAHOULA,8192.157421630698,6.232480000000001,32955.50076,120.71612,11549.89836,42.30732,16146.9704664,0.0,27796.707433793345,13.728523669981726,66924.84708,245.14596,25200.0,0.0,25400.0,4717000.0,0.0,187.2,0.0
2021,LOUISIANA,CONCORDIA,3033.39216608319,2.307760016289618,9107.815079999998,33.36196,15011.34726,54.98662,17967.933445878,0.0,26639.46140857697,12.223555546036405,84911.20638,311.03006,16300.0,0.0,17500.0,2989000.0,0.0,183.4,0.0
2021,LOUISIANA,EAST CARROLL,8025.631201533854,6.10578,41367.68454,151.52998000000002,24644.556300000004,90.2731,19586.921808528,0.0,15745.386775781397,7.776493513096391,124268.6718,455.1966,48300.0,0.0,48900.0,8897000.0,0.0,184.2,0.0
2021,LOUISIANA,FRANKLIN,9024.205982225369,6.86548,46432.3041,170.0817,29376.26874,107.60538,11874.60972324,0.0,23771.99958699608,10.907816525841811,159200.01552000002,583.15024,87300.0,0.0,88500.0,17135000.0,0.0,196.3,0.0
2021,LOUISIANA,GRANT,613.9557185150355,0.4671000554242928,3778.478340000001,13.84058,1693.15146,6.20202,2683.3698597600005,0.0,24809.530501338988,11.38388909231334,7842.75492,28.72804,2200.0,0.0,2300.0,326000.0,0.0,148.2,0.0
2021,LOUISIANA,MADISON,6869.620862397512,5.22632,46560.95262,170.55293999999998,26365.81038,96.57806,1142.3236217205415,0.0,23395.752113848223,10.735174826501824,144015.58080000005,527.5296,63700.0,0.0,65200.0,11861000.0,0.0,186.2,0.0
2021,LOUISIANA,MOREHOUSE,13265.099521724673,10.0919,60828.2493,222.8141,36116.054520000005,132.29324,109987.537027662,0.0,29398.609568977317,14.519687567081686,173680.4433,636.1921,63600.0,0.0,65300.0,12504000.0,0.0,196.6,0.0
2021,LOUISIANA,OUACHITA,683.9617327855908,0.5203400388499215,10526.35038,38.55806,6062.28714,22.206180000000003,5155.992064473605,0.0,21377.69746763804,10.558237028367577,29648.3187,108.6019,8440.0,0.0,8600.0,1650000.0,0.0,195.5,0.0
2021,LOUISIANA,POINTE COUPEE,26604.717482578668,20.24052000944567,6546.217860000001,23.97882,11649.5106,42.6722,23537.351624436,0.0,21309.2888389579,10.5244506714653,41106.36894000001,150.57278,8100.0,0.0,8300.0,1313000.0,0.0,162.1,0.0
2021,LOUISIANA,RAPIDES,3943.137799258568,2.9998800548841142,25997.2713,95.2281,10886.9124,39.8788,33400.566343980005,0.0,49801.48402654217,22.85148325399276,40214.30322,147.30514,5680.0,0.0,6400.0,774000.0,0.0,136.3,0.0
2021,LOUISIANA,RED RIVER,305.4359027632447,0.232380076593472,2253.0144,8.252799999999999,2419.05846,8.86102,2031.32577924,0.0,14941.585353687762,7.379503802158116,10130.51676,37.10812000000001,7400.0,0.0,7400.0,998000.0,0.0,134.9,0.0
2021,LOUISIANA,RICHLAND,9148.65552142556,6.96018,40742.64558,149.24045999999998,27122.3043,99.3491,33454.905725178,0.0,20990.048551628726,10.366780995966897,142449.53814,521.79318,58800.0,0.0,60600.0,11401000.0,0.0,193.9,0.0
2021,LOUISIANA,SAINT LANDRY,42134.03322079872,32.05502,40707.87084,149.11308,20993.38878,76.89886,113833.942082568,0.0,34392.43969213497,15.78102088825135,72690.21942,266.26454,6430.0,0.0,7100.0,1008000.0,0.0,156.8,0.0
2021,LOUISIANA,TENSAS,7260.727262158227,5.52388,38463.65796,140.89252,21342.75234,78.17858000000001,17270.35031367,0.0,23150.621182225896,11.43386682152793,123030.40386,450.66082,52400.0,0.0,53600.0,10056000.0,0.0,191.9,0.0
2021,LOUISIANA,WASHINGTON,3.991511939972904e-05,1.2840584360062077e-07,140.98812,0.51644,7888.06746,28.89402,340.03570971198013,0.0,25048.960721341715,12.37143827161738,45391.437,166.269,1250.0,0.0,3000.0,178400.0,0.0,142.7,0.0
2021,LOUISIANA,WEST CARROLL,6457.011180915659,4.9124,50197.99512000001,183.87544,19442.81976,71.21911999999999,8527.649341823999,0.0,13482.201206088474,6.658728154120193,74253.52116,271.99092,38200.0,0.0,38600.0,7029000.0,0.0,184.0,0.0
2021,MARYLAND,ANNE ARUNDEL,1.5460977060775807e-05,4.97375388633371e-08,1867.54386,6.840820000000001,853.23966,3.12542,402.5633468175682,0.0,9702.624292076336,4.4520632439788,5467.30002,20.02674,3440.0,0.0,3800.0,578000.0,0.0,168.0,0.0
2021,MARYLAND,CALVERT,1.1382258671956356e-05,3.6616413750799375e-08,1198.48638,4.39006,499.6719,1.8303,293.5675714361837,0.0,7143.001315835254,3.527858933390677,3079.39632,11.27984,2910.0,0.0,3200.0,458000.0,0.0,157.4,0.0
2021,MARYLAND,CAROLINE,146.1281546082062,0.1111800480020215,16979.819219999998,62.19714,6657.623699999999,24.3869,267.56912064675544,0.0,11880.29907468361,5.451292479815843,41429.54634000001,151.75658,37600.0,0.0,41500.0,6845000.0,0.0,182.0,0.0
2021,MARYLAND,CARROLL,4.847364610130397,0.0037000791398366,11815.4946,43.2802,5555.353440000001,20.34928,536.5556867881311,0.0,15534.460162132886,7.672318908424245,35667.160619999995,130.64894,27000.0,0.0,29900.0,4693000.0,0.0,173.8,0.0
2021,MARYLAND,CECIL,23.22277907764096,0.0176600615004927,7430.24646,27.217019999999994,3324.16266,12.17642,268.9440995379072,0.0,12222.342234072796,6.036496051294632,21384.16644,78.33028,21000.0,0.0,23000.0,3608000.0,0.0,171.8,0.0
2021,MARYLAND,CHARLES,1.6313048389633165,0.0012400799248934,1801.71264,6.59968,706.73148,2.58876,674.0265242182949,0.0,15591.467356817911,7.700474207876771,4260.96762,15.60794,3630.0,0.0,4000.0,527000.0,0.0,145.2,0.0
2021,MARYLAND,DORCHESTER,125.29550687144608,0.0953400870628817,14810.2227,54.2499,5178.3186000000005,18.9682,280.0112595450576,0.0,20163.444252242483,9.252025671109855,30905.16702,113.20574,27300.0,0.0,29900.0,4807000.0,0.0,176.1,0.0
2021,MARYLAND,FREDERICK,80.38803293729046,0.0611401053401137,14885.56524,54.52588,7491.8025,27.4425,384.78958270729146,0.0,22386.72479553968,11.0565858197757,41483.442,151.95399999999998,36200.0,0.0,40300.0,6079000.0,0.0,167.9,0.0
2021,MARYLAND,GARRETT,3.939699610451436,0.0030001274707076,1663.56372,6.09364,2031.44214,7.44118,259.9693528203284,0.0,24866.537698931017,12.281341313656446,14146.150200000002,51.817400000000006,6150.0,0.0,6800.0,898000.0,0.0,146.0,0.0
2021,MARYLAND,HARFORD,6.402321019942206,0.0048800672363412,6994.18356,25.61972,3416.11452,12.51324,334.42654244896335,0.0,13772.93789113323,6.3197325487283456,23437.8963,85.85310000000001,18000.0,0.0,20000.0,3379000.0,0.0,187.7,0.0
2021,MARYLAND,KENT,77.0350926499134,0.0586000397003941,11342.9043,41.5491,4666.1706,17.0922,143.8436585210577,0.0,10181.484716238643,4.671789044878885,29641.46094,108.57678,34100.0,0.0,37800.0,5773000.0,0.0,169.3,0.0
2021,MARYLAND,MONTGOMERY,0.1093365182047739,8.005312800972141e-05,5052.24174,18.50638,2605.57206,9.54422,987.7673364295554,0.0,10381.0098931304,5.127079902380595,17058.03918,62.48366,10200.0,0.0,11200.0,1824000.0,0.0,178.8,0.0
2021,MARYLAND,SOMERSET,98.40031194731982,0.0748400385063088,5943.73962,21.77194,2002.26936,7.33432,263.1098210552956,0.0,11504.051599210155,5.278650779408755,11120.42568,40.73416,12000.0,0.0,13200.0,2187000.0,0.0,182.3,0.0
2021,MARYLAND,ST MARYS,2.0448095986206987e-05,6.57809635702405e-08,3512.145,12.865,1146.32154,4.19898,289.32832196177355,0.0,12832.319203539724,5.888128298210832,6450.89718,23.62966,7640.0,0.0,8400.0,1224000.0,0.0,160.2,0.0
2021,MARYLAND,TALBOT,55.34617383877676,0.0421000452902816,9529.78026,34.90762,3248.14308,11.89796,368.97375486404985,0.0,9970.55810070058,4.575005061087951,21604.60848,79.13776,28800.0,0.0,31500.0,5346000.0,0.0,185.6,0.0
2021,MARYLAND,WASHINGTON,169.84075781797884,0.1292200554407206,6755.78904,24.74648,4631.08464,16.963679999999997,597.7460675987463,0.0,15853.700444810856,7.274493467610963,27548.04234,100.90858,14300.0,0.0,17900.0,2110000.0,0.0,147.6,0.0
2021,MARYLAND,WICOMICO,122.3700764559102,0.0931000529212632,10573.51386,38.73082,4239.28596,15.52852,576.3176989041499,0.0,12724.005534800965,5.838428414045872,27377.3409,100.2833,22700.0,0.0,24900.0,3952000.0,0.0,174.1,0.0
2021,MARYLAND,WORCESTER,56.7155033179428,0.0431400753477728,10123.6863,37.0831,5150.75106,18.86722,430.7316385681192,0.0,16839.924894111737,8.317075252893646,31976.04774,117.12838,32200.0,0.0,35900.0,6109000.0,0.0,189.7,0.0
2021,MICHIGAN,ALLEGAN,34.31650911937705,0.0261001581091892,19166.472780000004,70.20686,8773.34094,32.13678,372.4381433432392,0.0,31143.029680844706,15.38123970785966,58635.0492,214.7804,62300.0,0.0,76900.0,10716000.0,0.0,172.0,0.0
2021,MICHIGAN,ALPENA,3.47190683577329e-05,1.1169029000906801e-07,4610.30934,16.88758,1895.3844,6.9428,247.75877300319135,0.0,21788.149269079557,9.997523927048237,11709.5433,42.8921,6240.0,0.0,7200.0,1021000.0,0.0,163.6,0.0
2021,MICHIGAN,ARENAC,29.305217579458944,0.0223000545964934,25178.893740000003,92.23038,8485.932,31.084,489.7894841663645,0.0,13784.339329634193,6.324964115338633,13307.94192,48.74704,15100.0,0.0,17800.0,2836000.0,0.0,187.8,0.0
2021,MICHIGAN,BARRY,78.25671361802532,0.0595401088299555,11248.05318,41.20166,4405.58118,16.13766,499.39044216143225,0.0,21320.690272953005,10.53008172891505,29306.66466,107.35042,30000.0,0.0,38600.0,5364000.0,0.0,178.8,0.0
2021,MICHIGAN,BAY,148.75957098585127,0.1131600296268806,61660.75734,225.86358,20864.8167,76.4279,420.0438417282933,0.0,15688.37958574756,7.198635751394974,34718.41464,127.17368,44100.0,0.0,47600.0,8282000.0,0.0,187.8,0.0
2021,MICHIGAN,BENZIE,1.9984811712812932e-05,6.429059077800811e-08,889.84896,3.25952,561.8613,2.0581,116.7621586918912,0.0,12541.582516750768,5.754723347347554,4175.14734,15.29358,860.0,0.0,1100.0,133400.0,0.0,155.1,0.0
2021,MICHIGAN,BERRIEN,14.727570359135854,0.0112000978435279,16326.07704,59.80248,7248.73968,26.55216,314.5983929959282,0.0,19502.160814535822,8.948594805578965,46080.33612,168.79244,50000.0,0.0,52900.0,8545000.0,0.0,170.9,0.0
2021,MICHIGAN,CALHOUN,84.77211894148215,0.0645001272951793,21316.07478,78.08086,8710.16874,31.905379999999997,394.98353223207687,0.0,25048.96072570221,12.371438273770986,57110.25138,209.19506,73400.0,0.0,81000.0,11685000.0,0.0,159.2,0.0
2021,MICHIGAN,CASS,694.4892757773655,0.5283400502895409,17412.01644,63.78028,9873.9732,36.168400000000005,426.93314433463365,0.0,18601.447164093937,9.187073983363804,60356.68002,221.08674,63700.0,0.0,68900.0,10638000.0,0.0,167.0,0.0
2021,MICHIGAN,CHARLEVOIX,2.59802552261936e-05,8.357776800992037e-08,3262.72674,11.95138,1640.0966400000002,6.007680000000001,210.30745075529788,0.0,16304.057271485295,8.05241544170104,8757.69804,32.07948,1570.0,0.0,1900.0,234000.0,0.0,149.0,0.0
2021,MICHIGAN,CLINTON,189.95354410863263,0.1445000783648373,32918.722200000004,120.58140000000002,10937.67402,40.06474,449.5926868136274,0.0,21029.953587617543,9.649624737760128,35883.16914,131.44018,56400.0,0.0,74400.0,9684000.0,0.0,171.7,0.0
2021,MICHIGAN,DELTA,6.958348078436962e-05,2.238481478986938e-07,4504.57644,16.50028,2557.57866,9.36842,482.0030396248041,0.0,43667.51003715506,21.56695884151474,5946.49146,21.78202,1970.0,0.0,2800.0,272000.0,0.0,138.1,0.0
2021,MICHIGAN,DICKINSON,4.5610790724354536e-05,1.4672866192883976e-07,3047.47716,11.16292,1210.1325600000002,4.43272,352.85445478279604,0.0,28623.311730127243,13.133848146497328,2121.8106,7.7722,740.0,0.0,1300.0,110700.0,0.0,149.6,0.0
2021,MICHIGAN,EATON,87.45333182603758,0.0665201048725637,19629.07128,71.90136,6660.64308,24.39796,442.9736346211363,0.0,20562.494615037693,10.155616261702438,45873.46218,168.03465999999997,51700.0,0.0,56100.0,8903000.0,0.0,172.2,0.0
2021,MICHIGAN,EMMET,2.869637281009545e-05,9.231544373090957e-08,1079.50206,3.95422,719.5679399999999,2.63578,246.0582669555824,0.0,18008.57234489292,8.263259567693058,4499.323920000001,16.48104,600.0,0.0,1000.0,81500.0,0.0,135.8,0.0
2021,MICHIGAN,GENESEE,25.783347981313604,0.0196000897167476,20644.37466,75.62042,6582.035459999999,24.11002,595.2269878649715,0.0,18384.81982661642,9.080083846592796,30194.00748,110.60076,29000.0,0.0,32100.0,4640000.0,0.0,160.0,0.0
2021,MICHIGAN,GRAND TRAVERSE,2.771530024435891e-05,8.915936021340212e-08,4330.96482,15.86434,1903.902,6.974,297.5701162205576,0.0,17392.894663515686,7.980754969670424,13967.43894,51.162780000000005,5250.0,0.0,6300.0,823000.0,0.0,156.8,0.0
2021,MICHIGAN,GRATIOT,439.57784449841546,0.3344400813732637,53969.98152,197.69224,18586.95384,68.08408,323.80747375148815,0.0,21024.252867858344,10.383674175351263,48544.40682,177.81834,78800.0,0.0,96800.0,13554000.0,0.0,172.0,0.0
2021,MICHIGAN,HILLSDALE,200.2619616016109,0.1523600650965839,19494.94638,71.41006,6776.242200000001,24.8214,341.2105439564421,0.0,22626.15500391441,11.174838072881943,46187.70156,169.18571999999998,62300.0,0.0,72100.0,11158000.0,0.0,179.1,0.0
2021,MICHIGAN,HURON,723.9768927125871,0.5507801028347171,151647.88548000003,555.48676,61552.67118,225.46766,354.4466623013422,0.0,31422.36492433616,15.519200670008376,90957.10806,333.17622,73500.0,0.0,100000.0,15656000.0,0.0,213.0,0.0
2021,MICHIGAN,INGHAM,15.996747759521678,0.0121600895500146,14173.37922,51.91714,4847.12046,17.75502,435.6741918270054,0.0,18111.185298814373,8.310343670587043,33921.15635999999,124.25332,44300.0,0.0,52100.0,7726000.0,0.0,174.4,0.0
2021,MICHIGAN,IONIA,34.81179218270408,0.0265001036707385,14877.02034,54.49458,5811.04524,21.28588,427.6022852327418,0.0,21115.46438255209,9.688861490171783,40011.73722,146.56314,59000.0,0.0,74900.0,10266000.0,0.0,174.0,0.0
2021,MICHIGAN,IOSCO,3.340188758728912e-05,1.074529556218258e-07,9581.14248,35.09576,3460.31322,12.67514,196.74319516473489,0.0,20961.54496780376,10.352703352916818,9263.41962,33.93194,4480.0,0.0,5800.0,724000.0,0.0,161.6,0.0
2021,MICHIGAN,ISABELLA,30.949473736361774,0.0235401094108962,19772.48364,72.42668,6928.1394,25.3778,381.1286816937422,0.0,21343.49315693172,9.793492824378358,32041.31112,117.36744,36400.0,0.0,44200.0,6093000.0,0.0,167.4,0.0
2021,MICHIGAN,JACKSON,13.658619413613996,0.0103801270409513,15653.28492,57.33804,6321.95382,23.15734,627.0514838495311,0.0,25510.718977650773,12.599496186989091,44119.95042,161.61154000000002,53000.0,0.0,61100.0,8872000.0,0.0,167.4,0.0
2021,MICHIGAN,KALAMAZOO,79.42688474666537,0.0604400782238239,14867.929440000002,54.46128,7744.76976,28.36912,421.5272112608452,0.0,18082.68170147186,8.930860762796613,46258.3485,169.4445,50900.0,0.0,55100.0,7635000.0,0.0,150.0,0.0
2021,MICHIGAN,KALKASKA,3.372891177139012e-05,1.0850498344658985e-07,8984.05872,32.908640000000005,3126.53796,11.45252,196.19662618579807,0.0,21166.770858786072,9.712403541285306,7453.76814,27.30318,440.0,0.0,500.0,52900.0,0.0,120.2,0.0
2021,MICHIGAN,KENT,28.0571202248562,0.0213401293451564,17885.20188,65.51356,7398.56208,27.10096,620.7403591802253,0.0,25966.77653077051,11.914893113161591,46548.86418,170.50866000000002,33100.0,0.0,38600.0,5769000.0,0.0,174.3,0.0
2021,MICHIGAN,LAKE,0.0903943853134829,6.011061649574059e-05,975.7839,3.5743,534.70326,1.95862,145.05150555097168,0.0,21582.923371992543,9.903355726195628,4557.199920000001,16.69304,1590.0,0.0,1900.0,251000.0,0.0,157.9,0.0
2021,MICHIGAN,LAPEER,29.634878251729187,0.0225601235146015,23326.99278,85.44686,7920.15042,29.01154,430.43478833272354,0.0,24456.0859006872,11.221710524126417,36346.73952,133.13824,33900.0,0.0,39300.0,5970000.0,0.0,176.1,0.0
2021,MICHIGAN,LEELANAU,2.1937872860043e-05,7.057353488503173e-08,1258.75386,4.61082,1135.84926,4.16062,154.87291651538865,0.0,13767.237173408928,6.317116766123489,7293.6864,26.7168,2050.0,0.0,2400.0,232000.0,0.0,113.2,0.0
2021,MICHIGAN,LENAWEE,176.93421699172134,0.1346201170338676,35083.72686,128.51182,11404.20372,41.77364000000001,474.5742354001433,0.0,27756.802397659176,12.736249081180931,69203.96574,253.49438,88700.0,0.0,107000.0,16327000.0,0.0,184.1,0.0
2021,MICHIGAN,LIVINGSTON,3.3459308192316137,0.0025400991828476,9974.48088,36.53656,3773.64624,13.82288,502.0063505876549,0.0,19348.24139237464,8.87796865523963,26603.92644,97.45028,17100.0,0.0,20000.0,2833000.0,0.0,165.7,0.0
2021,MICHIGAN,MACOMB,3.2863942644609696,0.0025000457734748,7511.67144,27.51528,2105.39238,7.71206,901.5703077252992,0.0,9138.25308039233,4.193100694068455,11341.80138,41.54506,11400.0,0.0,12900.0,1843000.0,0.0,161.7,0.0
2021,MICHIGAN,MANISTEE,3.2865931271105104e-05,1.0572879886249121e-07,1534.51662,5.62094,970.68426,3.55562,194.25784619440267,0.0,20625.202526284225,10.186587089664478,7913.09064,28.98568,4440.0,0.0,5200.0,624000.0,0.0,140.5,0.0
2021,MICHIGAN,MASON,0.5829301419566818,0.000440096991123,1676.01798,6.13926,2341.83768,8.57816,215.93462005740523,0.0,18920.68744822541,8.681784907187112,17952.277980000003,65.75926,13200.0,0.0,15200.0,2165000.0,0.0,164.0,0.0
2021,MICHIGAN,MECOSTA,24.841108358772004,0.0189000887247444,24241.15512,88.79544000000001,9426.417,34.529,383.95568749847865,0.0,21320.690275860004,10.53008173035079,45438.682380000006,166.44206,21300.0,0.0,24200.0,3259000.0,0.0,153.0,0.0
2021,MICHIGAN,MIDLAND,29.039490168644665,0.0221000975755828,17058.3777,62.4849,5802.21096,21.253520000000005,411.03377649250046,0.0,19034.701824513973,8.734100569288344,15712.30752,57.55424000000001,21400.0,0.0,23400.0,3895000.0,0.0,182.0,0.0
2021,MICHIGAN,MONROE,90.1795431539438,0.0686000730461609,27613.4586,101.1482,8104.88952,29.68824,517.3347028168,0.0,19057.504705585685,8.744563704376352,51947.10612,190.28244,52400.0,0.0,56000.0,10155000.0,0.0,193.8,0.0
2021,MICHIGAN,MONTCALM,50.58657470190217,0.0384801087873409,43998.7548,161.16760000000002,15486.541980000002,56.72726,408.1895373282442,0.0,26673.665721899597,13.173864282324669,70372.91352,257.77624,52600.0,0.0,60300.0,9351000.0,0.0,177.8,0.0
2021,MICHIGAN,MUSKEGON,2.2542868765234467,0.0017200865585134,4242.02142,15.53854,2364.96624,8.66288,932.2319989170288,0.0,16885.530643609713,8.339599489368828,18254.04126,66.86462,10800.0,0.0,14000.0,1706000.0,0.0,158.0,0.0
2021,MICHIGAN,NEWAYGO,20.58215045526997,0.0156601630977628,9488.93946,34.75802,5097.22668,18.67116,326.9447420969703,0.0,31935.429666908334,14.65361827076238,40217.00592,147.31504,12000.0,0.0,21400.0,2075000.0,0.0,172.9,0.0
2021,MICHIGAN,OAKLAND,0.0086671429692024,8.731831147312426e-08,3910.6977,14.3249,1652.89488,6.05456,1095.0943990425687,0.0,17033.749345139593,8.412803265648213,10685.90796,39.14252,1800.0,0.0,2000.0,298000.0,0.0,165.6,0.0
2021,MICHIGAN,OCEANA,41.5333519257219,0.0316001045014329,2275.10556,8.333720000000001,3728.5248,13.6576,236.6962103410328,0.0,20385.772305118702,10.068334830240982,24099.17874,88.27538,11700.0,0.0,13000.0,1802000.0,0.0,154.0,0.0
2021,MICHIGAN,OGEMAW,13.432951182968228,0.0102200989603883,20949.67056,76.73872,7737.9939,28.3443,178.82581436303178,0.0,21474.609704707287,10.606101040451922,17341.713480000002,63.52276,10000.0,0.0,13500.0,1718000.0,0.0,171.8,0.0
2021,MICHIGAN,OTSEGO,3.118539027374115e-05,1.0032254459801289e-07,3679.5486,13.4782,1797.159,6.583,237.75692687004457,0.0,19570.56944321596,9.665714058981484,5499.32292,20.14404,1110.0,0.0,1300.0,157300.0,0.0,141.7,0.0
2021,MICHIGAN,OTTAWA,3.7524286000965774,0.0028600920524366,9524.1237,34.886900000000004,4952.531220000001,18.14114,463.68125444973526,0.0,17957.26587665319,8.239717520247709,37254.153300000005,136.4621,29000.0,0.0,40300.0,5014000.0,0.0,172.9,0.0
2021,MICHIGAN,PRESQUE ISLE,4.1105124091526666e-05,1.3223405603332636e-07,12190.1325,44.6525,3591.1785,13.1545,152.82927537629638,0.0,25795.754949477065,11.836419612273232,10464.2538,38.3306,5810.0,0.0,6700.0,863000.0,0.0,148.5,0.0
2021,MICHIGAN,SAGINAW,170.9194534667803,0.1300401061627761,76366.63944,279.73128,24642.87462,90.26694,473.3072548443972,0.0,28321.17361079668,13.98755241798163,64909.00962,237.76194,85000.0,0.0,90000.0,15122000.0,0.0,177.9,0.0
2021,MICHIGAN,SANILAC,744.2365070364827,0.5662201569524699,54900.69312,201.10144,25639.84332,93.91884,393.910585134688,0.0,36017.144703303384,16.52651914158866,64224.0144,235.2528,89000.0,0.0,108000.0,18868000.0,0.0,212.0,0.0
2021,MICHIGAN,SHIAWASSEE,59.7253471763653,0.0454400883740072,36818.16684,134.86508,11372.58486,41.65782,389.41763603367417,0.0,19912.612599698143,9.83464584995368,37093.711200000005,135.8744,48900.0,0.0,56400.0,7938000.0,0.0,162.3,0.0
2021,MICHIGAN,ST CLAIR,153.74439793385395,0.1169601221006911,18787.70166,68.81942,4474.69932,16.390839999999997,436.00962444045786,0.0,25641.83552455424,11.765793460666714,21490.89306,78.72122,25800.0,0.0,29200.0,4502000.0,0.0,174.5,0.0
2021,MICHIGAN,TUSCOLA,135.9962182701741,0.1034601186499576,93577.77156,342.77572000000004,32164.85454,117.81998,432.2642564808661,0.0,30339.22824625097,13.921198931316372,62802.74364,230.04668,72500.0,0.0,78900.0,14884000.0,0.0,205.3,0.0
2021,MICHIGAN,VAN BUREN,89.04188487667474,0.0677400774998182,15098.19402,55.30474,7853.03064,28.765680000000003,376.8451790003306,0.0,22905.49024944076,10.510217458191123,48840.12042,178.90153999999998,46100.0,0.0,50700.0,7330000.0,0.0,159.0,0.0
2021,MICHIGAN,WASHTENAW,31.10859563816259,0.0236601143118487,17568.40176,64.35312,6633.32124,24.29788,903.0847154326028,0.0,23258.934851546044,11.487361890200582,43340.9613,158.7581,34900.0,0.0,40400.0,6230000.0,0.0,178.5,0.0
2021,MICHIGAN,WAYNE,4.455490366550468,0.003400033412442,3447.94632,12.629840000000002,1024.98396,3.75452,777.1904081936337,0.0,6533.024347821824,3.226597236714494,6869.73924,25.16388,1530.0,0.0,1700.0,193700.0,0.0,126.6,0.0
2021,MICHIGAN,WEXFORD,3.3983263921965665e-05,1.0932322733405536e-07,1618.84086,5.92982,892.44246,3.26902,272.1926978808217,0.0,21326.391000851807,9.785645475229908,7818.2286,28.6382,5350.0,0.0,6400.0,730000.0,0.0,136.4,0.0
2021,MINNESOTA,AITKIN,0.0001142949549954,3.676837332870796e-07,2822.15934,10.33758,1805.05416,6.61192,259.6149999205172,0.0,71726.45056272046,35.424996887111625,13318.8783,48.7871,800.0,880.0,1700.0,75600.0,7500.0,94.5,8.5
2021,MINNESOTA,ANOKA,16.75615938462542,0.0127600621842696,8437.56186,30.906820000000003,3431.2714800000003,12.56876,884.2981757803872,0.0,12627.09330587131,5.793960097091444,24690.0381,90.4397,4100.0,0.0,5400.0,458000.0,0.0,111.7,0.0
2021,MINNESOTA,BECKER,917.657541895515,0.698160271564611,30400.01874,111.35538,8663.71506,31.73522,313.04700389374415,0.0,53050.89404073942,26.20132101209057,27174.28896,99.53952,64100.0,0.0,76800.0,9743000.0,0.0,152.0,0.0
2021,MINNESOTA,BELTRAMI,750.7123939854215,0.5711204426833355,8028.28026,29.40762,3120.46098,11.43026,564.1323035872747,0.0,97938.35802264237,44.93915777861512,14268.02286,52.26382,1570.0,0.0,7200.0,123000.0,0.0,78.3,0.0
2021,MINNESOTA,BENTON,70.98086304318981,0.0540000757742011,20078.44566,73.54742,8577.62724,31.41988,446.0567128195091,0.0,15106.906213623151,6.931825850335361,61772.60544,226.27328,38100.0,16000.0,55700.0,5003000.0,232000.0,131.3,14.5
2021,MINNESOTA,BIG STONE,597.7711392002985,0.4547800596871884,16453.72638,60.27006,6372.1366800000005,23.34116,170.4990210525441,0.0,19678.88310933841,9.029684087138053,47289.5241,173.2217,105400.0,0.0,107500.0,19172000.0,0.0,181.9,0.0
2021,MINNESOTA,BLUE EARTH,54.1262836813344,0.0411801413563577,38601.53388,141.39756000000003,13197.20766,48.34142000000001,313.9009532185938,0.0,28144.451305964933,13.900270989032718,99819.21222,365.63814,179600.0,0.0,183000.0,35992000.0,0.0,200.4,0.0
2021,MINNESOTA,BROWN,113.42565495481784,0.0863001147605662,33623.40618,123.16266,11977.12698,43.87226,317.9515999612762,0.0,22819.979455669018,11.270566085995446,74567.66226,273.14162,144500.0,11000.0,157500.0,27050000.0,253000.0,187.2,23.0
2021,MINNESOTA,CARVER,30.63067748963407,0.0233000556575868,11432.0115,41.8755,4491.67446,16.453020000000002,365.2609207830963,0.0,12495.976762892293,6.171641485867065,31737.069000000003,116.253,48600.0,4250.0,53500.0,9030000.0,100000.0,185.8,23.5
2021,MINNESOTA,CHIPPEWA,1989.4732407836668,1.5135600667121765,77424.88026,283.60762,28135.8168,103.0616,207.36741705446468,0.0,21850.85717465744,10.026297540570322,81358.34069999999,298.0159,142000.0,0.0,147000.0,26852000.0,0.0,189.1,0.0
2021,MINNESOTA,CHISAGO,268.4722347748939,0.20426004335555,9337.32072,34.20264,3852.97458,14.11346,379.7352310515208,0.0,15910.707639495882,7.30065130166281,28625.31672,104.85464,25900.0,0.0,26800.0,3758000.0,0.0,145.1,0.0
2021,MINNESOTA,CLAY,1927.3416488289556,1.4663001607417423,83366.69796,305.37252,26955.02082,98.73634,396.3881619950564,0.0,38958.71586721892,17.8762633411153,46000.49454,168.49998,152900.0,0.0,160500.0,23796000.0,0.0,155.6,0.0
2021,MINNESOTA,CLEARWATER,429.9633536133794,0.3271201767471528,16769.090519999998,61.42524,4722.583320000001,17.298840000000002,166.93365103918234,0.0,38667.97919118586,19.097739142700743,19432.95354,71.18298,6830.0,1290.0,8600.0,676000.0,14500.0,99.0,11.0
2021,MINNESOTA,COTTONWOOD,230.77035728162545,0.175580123217543,34110.63474,124.94738,12110.48748,44.360760000000006,230.73203967227172,0.0,24336.37080202313,11.166779077286115,86943.38016,318.47392,163500.0,0.0,170500.0,31686000.0,0.0,193.8,0.0
2021,MINNESOTA,CROW WING,6.769400768665362e-05,2.177697648017225e-07,6615.86562,24.23394,2847.98514,10.43218,381.5370960558524,0.0,42481.760423462525,20.981328630561794,18589.4436,68.09320000000001,7540.0,0.0,10100.0,718000.0,0.0,95.2,0.0
2021,MINNESOTA,DAKOTA,86.07266131522917,0.06548006652523,20212.32486,74.03782,9407.95128,34.46136,824.1012355659071,0.0,16611.896115807664,8.204454055298903,65109.34794,238.49578,77100.0,3620.0,81800.0,14587000.0,98000.0,189.2,27.0
2021,MINNESOTA,DOUGLAS,224.5964208878427,0.1708601340757316,17488.00872,64.05864,5713.36038,20.92806,271.786190493482,0.0,26405.731923449846,12.11630843242629,40562.378220000006,148.58014,75500.0,0.0,79700.0,10487000.0,0.0,138.9,0.0
2021,MINNESOTA,FARIBAULT,99.0271617214551,0.0753401354817884,41230.62216,151.02792,15063.82878,55.17886,256.0073474825103,0.0,26462.739116245328,13.069689681600806,110247.2007,403.8359,204500.0,0.0,209000.0,39162000.0,0.0,191.5,0.0
2021,MINNESOTA,FILLMORE,80.07635008323953,0.0609201621036399,26273.39988,96.23956,11587.0755,42.4435,267.9961361862204,0.0,32608.11454922065,14.962280705704709,76965.66696,281.92552,161700.0,12600.0,176500.0,32841000.0,328000.0,203.1,26.0
2021,MINNESOTA,FREEBORN,175.08801270977162,0.133200103130765,40535.83716,148.48292,14445.51108,52.91396,311.5714716763922,0.0,26229.009620362303,12.035219147065645,99115.95876,363.06212,184100.0,0.0,188000.0,38109000.0,0.0,207.0,0.0
2021,MINNESOTA,GOODHUE,72.47308052557283,0.0551401288771621,23211.23532,85.02284,9426.963000000002,34.531,534.574009955588,0.0,28435.187999003945,14.043863016312388,66385.72122,243.17114,142400.0,12700.0,157000.0,28437000.0,324000.0,199.7,25.5
2021,MINNESOTA,GRANT,622.8573903063669,0.4738600993069116,28931.147699999998,105.9749,10222.0209,37.4433,173.49708624183862,0.0,21617.127690838464,9.919050427560457,50009.33574,183.18438,128600.0,1150.0,131500.0,23122000.0,23000.0,179.8,20.0
2021,MINNESOTA,HENNEPIN,36.277395893593415,0.0276000512263822,7156.45476,26.21412,2783.95026,10.19762,1096.5074410599727,0.0,10004.762417220902,4.590699761385671,19653.2154,71.9898,9910.0,470.0,10600.0,1549000.0,9200.0,156.3,19.5
2021,MINNESOTA,HOUSTON,9.702213227823345,0.0073801071607256,10364.40132,37.96484,4992.8424,18.2888,214.1138470727421,0.0,20904.537771229177,9.592077508314976,32888.01516,120.46892,53600.0,6460.0,60800.0,10763000.0,181000.0,200.8,28.0
2021,MINNESOTA,HUBBARD,0.1169397719915898,8.01922873124256e-05,7304.96676,26.758120000000005,3915.30594,14.34178,225.67830925633345,0.0,37510.73316524274,18.526186576736126,31108.18074,113.94938,11000.0,930.0,12100.0,1680000.0,5300.0,152.7,5.7
2021,MINNESOTA,ISANTI,6.494305938028484,0.0049400832148766,11763.55362,43.089940000000006,4402.43076,16.12612,451.7584272383158,0.0,16646.10043668848,8.221347236980455,35855.41596,131.33852,28300.0,4020.0,32700.0,3421000.0,68000.0,120.9,17.0
2021,MINNESOTA,ITASCA,7.197530070141403,0.0054805472005964,1049.04072,3.84264,616.29204,2.25748,739.772879495039,0.0,106745.9693790941,48.98054303758383,3958.46724,14.49988,790.0,0.0,900.0,71800.0,0.0,90.9,0.0
2021,MINNESOTA,JACKSON,419.23492083324265,0.3189401350832244,36438.30918,133.47366,12544.55748,45.95076,237.59769655648856,0.0,26400.031201365044,12.113692647820614,97702.62684,357.88508,185600.0,1990.0,190000.0,35190000.0,36800.0,189.6,18.5
2021,MINNESOTA,KANABEC,3.198478274466243e-05,1.0289416823688217e-07,6859.92216,25.12792,2811.2775600000004,10.29772,190.9064707638323,0.0,20072.232745397632,9.210173138761109,24536.29542,89.87654,13700.0,0.0,15800.0,1507000.0,0.0,110.0,0.0
2021,MINNESOTA,LE SUEUR,114.49190227976,0.0871200708356977,19268.35638,70.58005999999999,6769.149660000001,24.79542,288.17118509686634,0.0,17432.79969456261,7.999065451105733,49540.20162,181.46594,82600.0,1620.0,85300.0,16817000.0,42500.0,203.6,26.0
2021,MINNESOTA,LINCOLN,299.9179418040443,0.2281600682022213,15046.00188,55.11356,6446.46366,23.61342,178.32399193686948,0.0,20665.107553624726,10.20629579486635,51574.63038,188.91806,110000.0,4510.0,116000.0,17732000.0,86000.0,161.2,19.0
2021,MINNESOTA,LYON,312.98337580257805,0.2381001179081956,26798.3352,98.1624,11176.69098,40.94026,312.3853188668629,0.0,26548.249897516976,12.181703011753529,89025.70404000001,326.10148000000004,174400.0,0.0,180500.0,28392000.0,0.0,162.8,0.0
2021,MINNESOTA,MAHNOMEN,766.7529332041807,0.5833401099692724,13211.813160000002,48.394920000000006,3465.14532,12.69284,423.7793251006766,0.0,22363.92192260757,11.045323702435446,12023.47146,44.04202,44000.0,950.0,45600.0,4690000.0,12600.0,106.6,13.5
2021,MINNESOTA,MARSHALL,18964.6741452971,14.4280600782374,108552.13278,397.62686,36180.61356,132.52972,245.27987931167772,0.0,67131.67077517757,30.80346460587268,71874.59916,263.27692,56400.0,0.0,58200.0,5640000.0,0.0,100.0,0.0
2021,MINNESOTA,MARTIN,269.1671718407084,0.2047801012352916,39395.69634,144.30658,13807.1115,50.5755,309.024639352942,0.0,26861.78946174389,12.325571096037468,106055.24202,388.48074,203500.0,0.0,209500.0,39560000.0,0.0,194.4,0.0
2021,MINNESOTA,MCLEOD,164.72126552304238,0.1253400847122589,19038.59958,69.73846,6709.5756,24.577199999999998,363.9108243808284,0.0,18584.345008159376,8.527453690216152,47991.92034,175.79458,112200.0,0.0,116500.0,21677000.0,0.0,193.2,0.0
2021,MINNESOTA,MEEKER,318.8304350428327,0.2425801151152397,28408.01418,104.05866,10392.51486,38.06782,241.62099681149303,0.0,24193.8528238862,11.94910879110004,66866.982,244.934,119300.0,5620.0,126500.0,18527000.0,101000.0,155.3,18.0
2021,MINNESOTA,MILLE LACS,2.4723953941136214,0.0018801139112376,13213.51668,48.40116,4564.363440000001,16.71928,424.133163365096,0.0,22221.403937348485,10.196323460640151,28399.51842,104.02754,17500.0,4170.0,21900.0,1902000.0,50000.0,108.7,12.0
2021,MINNESOTA,MORRISON,274.24722076390685,0.2086401986783708,31575.07626,115.65962,14808.62838,54.24406,442.95090783202,0.0,43029.02947761312,19.743932651066984,107799.2916,394.8692,68800.0,0.0,102500.0,7589000.0,0.0,110.3,0.0
2021,MINNESOTA,MURRAY,130.28403865177435,0.0991201255175854,25999.5918,95.2366,10087.44828,36.95036,249.84123624915057,0.0,26628.059976762117,13.151340048003096,84955.36686000001,311.19181999999995,176600.0,3180.0,182000.0,34702000.0,75000.0,196.5,23.5
2021,MINNESOTA,NICOLLET,52.55294684263553,0.0400000874876984,23022.61962,84.33194,8016.30102,29.36374,263.0856536039893,0.0,17335.88747638885,8.562026352459451,52038.03696,190.61552,109300.0,4750.0,115500.0,22778000.0,126000.0,208.4,26.5
2021,MINNESOTA,NOBLES,83.09589884919151,0.06322012490512,30884.52822,113.13014,10994.76378,40.27386,336.9000954606307,0.0,26913.09593201853,12.349113144416531,90175.95678,330.31486,194300.0,0.0,205000.0,39344000.0,0.0,202.5,0.0
2021,MINNESOTA,NORMAN,4050.1384489664647,3.081300095357202,74172.99162,271.69594,23320.68648,85.42376,160.76113084488009,0.0,32767.734682420025,16.183665719069456,32886.06594,120.46178,109400.0,0.0,113000.0,11557000.0,0.0,105.6,0.0
2021,MINNESOTA,OLMSTED,101.8404931921545,0.0774801071623033,19736.46402,72.29474,8428.1379,30.8723,736.0870499685328,0.0,22996.701753378613,11.3578475114268,57725.09652000001,211.44724,108200.0,4840.0,114500.0,20439000.0,119000.0,188.9,24.5
2021,MINNESOTA,OTTER TAIL,439.5308465650865,0.3344004158362942,76122.4737,278.8369,26784.17196,98.11052,602.8256199274076,0.0,81816.72376339325,37.54172249122723,158327.64402,579.95474,169300.0,30700.0,203000.0,23702000.0,414000.0,140.0,13.5
2021,MINNESOTA,PINE,8.617995852054233e-05,2.7723856126988977e-07,9114.30702,33.38574,4196.56692,15.37204,364.5546409017165,0.0,54082.72425116628,24.815936547135127,34948.40076,128.01612,15500.0,4340.0,20100.0,2110000.0,72000.0,136.1,16.5
2021,MINNESOTA,PIPESTONE,153.61778077743895,0.1168800673097863,13806.5109,50.5733,6072.3171600000005,22.24292,212.75719353617856,0.0,17210.471646192236,7.897049903305576,48929.85006,179.23022,107100.0,0.0,118500.0,19503000.0,0.0,182.1,0.0
2021,MINNESOTA,POLK,17820.864789989653,13.557860018979142,201505.44414,738.11518,66842.20998,244.84326,426.5612065386289,0.0,74799.1382806616,34.32169320341247,93309.79476,341.79412,104600.0,0.0,110000.0,10586000.0,0.0,101.2,0.0
2021,MINNESOTA,POPE,565.2542124004465,0.4300201074731944,27636.29778,101.23186,11213.30574,41.07438,244.7707150938568,0.0,26616.65853782511,13.145708988112592,75066.9465,274.9705,116400.0,0.0,122000.0,16610000.0,0.0,142.7,0.0
2021,MINNESOTA,RED LAKE,1955.0452213860208,1.48736,16058.613479999998,58.82276,3708.57396,13.58452,94.2292692758446,0.0,15956.31339557821,7.321577569057686,16866.365879999998,61.78156,22800.0,5600.0,29100.0,2050000.0,73000.0,89.9,13.0
2021,MINNESOTA,REDWOOD,516.9776218263422,0.3932801381190536,53591.31414,196.30518,19192.64256,70.30272000000001,331.4709472958819,0.0,32898.85122307345,15.095685650632213,118297.67586,433.32482,233500.0,0.0,240000.0,40162000.0,0.0,172.0,0.0
2021,MINNESOTA,RENVILLE,2881.91829949268,2.1925201257918294,149859.86106,548.93722,52215.77634,191.26658,408.7418570258912,0.0,37191.49288067522,18.368516902601677,134896.76928,494.12736,243500.0,3990.0,250500.0,43116000.0,88000.0,177.1,22.0
2021,MINNESOTA,RICE,103.85768532103415,0.0790200798360638,18130.13202,66.41073999999999,6836.662560000001,25.04272,546.7686331111075,0.0,18732.563698497317,8.59546405148131,48647.207700000006,178.1949,78900.0,8270.0,88300.0,15449000.0,160000.0,195.8,19.5
2021,MINNESOTA,ROCK,65.5977262773187,0.0499000848310981,17483.88096,64.04352,7187.882520000001,26.32924000000001,202.2984205168804,0.0,18362.016942928407,9.068821723940308,57800.25342,211.72254,127100.0,9660.0,138500.0,26233000.0,232000.0,206.4,24.0
2021,MINNESOTA,ROSEAU,9623.116532647631,7.32116010547056,24973.44486,91.47782,9014.3508,33.0196,246.6065798154546,0.0,63129.76582195211,28.967184707587645,48962.724720000006,179.35064,18700.0,1890.0,20800.0,1545000.0,18000.0,82.6,9.5
2021,MINNESOTA,SCOTT,34.25533565948823,0.026060049343523,9667.12656,35.410720000000005,3638.32014,13.327179999999998,512.141436745894,0.0,11652.270303210986,5.754943064665939,25248.738060000003,92.48622,33400.0,1530.0,35400.0,6673000.0,38300.0,199.8,25.0
2021,MINNESOTA,SHERBURNE,15.108625114895904,0.0115000810938132,19614.42756,71.84772000000001,7739.277,28.349,492.2192906798403,0.0,15819.496129744037,7.813095402815395,49400.34372,180.95364,26400.0,1630.0,28400.0,4409000.0,22000.0,167.0,13.5
2021,MINNESOTA,SIBLEY,212.036550400428,0.1613200991609323,37832.68944,138.58128,13113.5823,48.0351,239.71704922111488,0.0,21828.05429314968,10.780663887868853,66328.7625,242.9625,148900.0,0.0,156500.0,30187000.0,0.0,202.7,0.0
2021,MINNESOTA,STEARNS,345.73951401159337,0.2630202405131535,51769.24662,189.63094,24561.36228,89.96836,1171.1172325248028,0.0,50782.00775564779,25.08074012517915,168287.85246,616.43902,179500.0,0.0,225500.0,26602000.0,0.0,148.2,0.0
2021,MINNESOTA,STEELE,43.96022049513688,0.0334400642672634,20453.88072,74.92264,7527.83304,27.57448,212.6921712001244,0.0,15477.45296715715,7.644163608828145,53344.21092000001,195.40004,107800.0,0.0,110500.0,22121000.0,0.0,205.2,0.0
2021,MINNESOTA,STEVENS,707.9547112308132,0.5386000310169717,24636.00048,90.24176,9366.9303,34.3111,228.22611874297164,0.0,21548.71905808853,9.8876610270984,69755.92806,255.51622,134200.0,10500.0,146500.0,23324000.0,236000.0,173.8,22.5
2021,MINNESOTA,TODD,64.81247790504908,0.049320187933086,31429.29426,115.12562,13231.9824,48.4688,535.9232986052104,0.0,36661.32598420338,16.82210265763763,91906.8423,336.6551,71100.0,11900.0,84000.0,9286000.0,190000.0,130.6,16.0
2021,MINNESOTA,TRAVERSE,490.3889693026298,0.3730800955789436,19168.5585,70.2145,6688.871279999999,24.50136,156.0061635274367,0.0,21748.244225881383,9.979213440037308,33146.09844,121.41428,146200.0,3390.0,151500.0,26243000.0,68000.0,179.5,20.0
2021,MINNESOTA,WABASHA,41.23239004352442,0.0313600963052728,13670.35488,50.07456,6381.63162,23.37594,270.7776545715361,0.0,19741.591032794357,9.750179960066962,44408.75712,162.66943999999998,86400.0,9030.0,96600.0,17842000.0,226000.0,206.5,25.0
2021,MINNESOTA,WADENA,3.22754709209178e-05,1.03829304121683e-07,19692.11244,72.13228,8213.090339999999,30.08458,210.33880060656145,0.0,20254.655767517623,9.293878207326856,51921.49326,190.18862,12100.0,9970.0,22300.0,1693000.0,75000.0,139.9,7.5
2021,MINNESOTA,WASECA,64.17110205649205,0.0488400700744257,22269.06864,81.57168,7991.5836,29.2732,232.99248947728088,0.0,16218.546479167053,7.441903600207271,58080.0402,212.7474,108000.0,0.0,110000.0,22939000.0,0.0,212.4,0.0
2021,MINNESOTA,WASHINGTON,42.46423698319896,0.0323000532708388,6937.667100000001,25.4127,3046.41792,11.15904,371.28641935002105,0.0,12860.82279942874,5.901207214569816,22164.65706,81.18922,16900.0,570.0,17700.0,2586000.0,8800.0,153.0,15.5
2021,MINNESOTA,WATONWAN,21.91790576164308,0.0166800830589587,23532.7638,86.2006,8172.8556,29.9372,232.4105224983494,0.0,16435.173822894616,8.117172632236521,62734.6356,229.7972,121100.0,0.0,123500.0,25310000.0,0.0,209.0,0.0
2021,MINNESOTA,WILKIN,1090.2281760519868,0.8294401213080611,54844.02378,200.89386,18247.57116,66.84092,322.94203349955694,0.0,28315.472894380528,13.984736889543903,39680.99772,145.35164,134200.0,0.0,136500.0,20170000.0,0.0,150.3,0.0
2021,MINNESOTA,WINONA,43.89471610475543,0.0333801165984363,12504.868740000002,45.80538,6488.03064,23.76568,593.1813270768412,0.0,23401.45282837483,11.557750133950384,43551.68454,159.52998,63900.0,14700.0,79500.0,13036000.0,382000.0,204.0,26.0
2021,MINNESOTA,WRIGHT,55.87605500461697,0.0425001116379688,22119.44826,81.02362,8092.26054,29.641980000000004,1075.0805908404927,0.0,24142.546341547528,11.92376901807521,58302.8082,213.5634,76000.0,0.0,80400.0,10952000.0,0.0,144.1,0.0
2021,MISSISSIPPI,BOLIVAR,16636.9629602193,12.65718,73952.21106,270.88722,33216.05742,121.67054,124346.1810132,0.0,33195.288632964664,16.394830460225467,154585.61118,566.24766,38300.0,0.0,38500.0,7293000.0,0.0,190.4,0.0
2021,MISSISSIPPI,CALHOUN,2595.027856699884,1.9742600527060377,20709.52884,75.85908,8113.35798,29.71926,144.3801801480054,0.0,22278.41113232422,10.22248129482539,19792.1178,72.4986,11400.0,0.0,11500.0,1930000.0,0.0,169.3,0.0
2021,MISSISSIPPI,CARROLL,731.413456287336,0.5564400483515073,7568.53734,27.72358,4926.92928,18.04736,139.8060483945778,0.0,23994.32763943625,11.0098320755094,26979.72186,98.82682,10600.0,0.0,11500.0,1901000.0,0.0,179.3,0.0
2021,MISSISSIPPI,CHICKASAW,1783.001165769298,1.3564800134432746,5791.3401,21.2137,4568.70414,16.73518,206.2267828080984,0.0,19137.31477480168,8.78118467051498,16890.133260000002,61.86862,7640.0,0.0,8100.0,1254000.0,0.0,164.1,0.0
2021,MISSISSIPPI,CLAIBORNE,196.23403576498967,0.1492800484767794,2856.85764,10.46468,2447.06826,8.96362,213.3349006923972,0.0,18567.24284016077,8.519606335598791,12950.92344,47.43928,2880.0,0.0,3000.0,459000.0,0.0,159.4,0.0
2021,MISSISSIPPI,COAHOMA,16050.923160729148,12.21134,47663.75796,174.59252,27331.08924,100.11388,25651.929973824004,0.0,21280.78524583053,10.51037302382086,131136.67476,480.35412,32300.0,0.0,33200.0,6331000.0,0.0,196.0,0.0
2021,MISSISSIPPI,DE SOTO,4175.378641117352,3.17658,17681.7732,64.7684,8372.260260000001,30.66762,8956.792832922,0.0,15699.781024103168,7.753969275544403,38937.75522,142.62914,8490.0,0.0,8600.0,1611000.0,0.0,189.8,0.0
2021,MISSISSIPPI,GEORGE,2.9459429265296263e-05,9.477017540448249e-08,574.53396,2.10452,2640.5379,9.6723,159.83150386510047,0.0,18487.43277327037,9.130763383740884,16039.80378,58.75386,290.0,0.0,300.0,37000.0,0.0,127.6,0.0
2021,MISSISSIPPI,GRENADA,388.87645484028303,0.2958400474927952,5362.67004,19.64348,2501.18232,9.161840000000002,171.21041570871216,0.0,15551.56232722449,7.680765501562201,11707.69782,42.88534,1300.0,0.0,1800.0,252000.0,0.0,193.8,0.0
2021,MISSISSIPPI,HINDS,44.11558335205659,0.0335601399184805,6585.91752,24.12424,10205.45526,37.38262,430.4038062563831,0.0,29609.53618277117,14.62386217182562,53376.09732,195.51684,10000.0,0.0,11100.0,1654000.0,0.0,165.4,0.0
2021,MISSISSIPPI,HOLMES,1855.5662519402065,1.4117000336375636,22500.39246,82.41902,15665.01846,57.38102,260.4155977189276,0.0,28862.74195405441,13.243711052382936,77555.34696000001,284.08552000000003,28900.0,0.0,30000.0,5627000.0,0.0,194.7,0.0
2021,MISSISSIPPI,HUMPHREYS,3912.106086614804,2.976280018742162,34784.96658,127.41746,15195.02712,55.65944,88.96259050855514,0.0,16081.729221080026,7.379124802684558,79675.596,291.85200000000003,30100.0,0.0,30500.0,5963000.0,0.0,198.1,0.0
2021,MISSISSIPPI,ISSAQUENA,2834.714464073204,2.1566200093502514,24219.58812,88.71644,9407.5254,34.4598,1665.9448054200002,0.0,15665.576707873552,7.188172617774237,50595.379380000006,185.33106,20200.0,0.0,20400.0,3870000.0,0.0,191.6,0.0
2021,MISSISSIPPI,ITAWAMBA,257.6978538513523,0.1960600387293491,1355.92002,4.96674,1232.01078,4.51286,222.47452922048757,0.0,20380.071583760648,10.0655192993625,7918.86186,29.00682,2300.0,0.0,2700.0,343000.0,0.0,149.1,0.0
2021,MISSISSIPPI,LEE,1454.5011106762322,1.1065600303266434,2231.9388,8.1756,1702.35702,6.23574,320.4097112287308,0.0,16058.926341025766,7.368661668063409,10325.3241,37.8217,4200.0,0.0,4700.0,547000.0,0.0,130.2,0.0
2021,MISSISSIPPI,LEFLORE,8801.025011209429,6.695720037205661,55320.55074,202.63938,31138.06332,114.05884,12296.462845464,0.0,22221.40393734849,10.196323460640151,153485.98356,562.21972,65200.0,0.0,67800.0,12656000.0,0.0,194.1,0.0
2021,MISSISSIPPI,LOWNDES,1241.8888370216252,0.9448400512808706,7902.46548,28.94676,4191.03048,15.35176,319.197898496336,0.0,18880.782400899287,8.66347441828207,27319.36116,100.07092,12400.0,0.0,12600.0,2075000.0,0.0,167.3,0.0
2021,MISSISSIPPI,MADISON,583.4987757727647,0.4439201168950034,8860.6518,32.4566,8591.07522,31.46914,440.81907229133657,0.0,25835.65998386704,11.854730095242507,44115.981,161.597,12900.0,0.0,13800.0,2032000.0,0.0,157.5,0.0
2021,MISSISSIPPI,MONROE,2461.633394569538,1.872780039967768,5770.11162,21.13594,5042.77956,18.47172,294.4038805495858,0.0,28971.05561160123,13.293410931412456,28279.3602,103.5874,17300.0,0.0,17500.0,2581000.0,0.0,149.2,0.0
2021,MISSISSIPPI,MONTGOMERY,111.33320371653,0.0847000779411018,2772.7518,10.1566,1813.10766,6.64142,173.17868957519963,0.0,15306.431394730054,7.023378269383441,11137.09506,40.79522,4500.0,0.0,4800.0,810000.0,0.0,180.0,0.0
2021,MISSISSIPPI,NOXUBEE,1354.401196442801,1.0303800498737838,9661.59558,35.390460000000004,5720.95524,20.95588,263.49354488092064,0.0,26907.395220398917,13.289301010223598,32249.4354,118.1298,34500.0,0.0,34800.0,5877000.0,0.0,170.3,0.0
2021,MISSISSIPPI,PANOLA,2491.557736962279,1.8955400494477983,26794.30026,98.14762,12224.65062,44.778940000000006,21590.825983308,0.0,26132.097382566302,12.906388942550764,56429.03994,206.69978,16800.0,0.0,17100.0,2797000.0,0.0,166.5,0.0
2021,MISSISSIPPI,PEARL RIVER,4.842683239433607e-05,1.557877906922359e-07,46.55742,0.17054,2761.26396,10.11452,450.0012678585677,0.0,30390.5347333862,15.00958976614151,15399.35124,56.40788,1070.0,0.0,1100.0,162100.0,0.0,151.5,0.0
2021,MISSISSIPPI,PRENTISS,2.4835670557057528e-05,7.98956705435214e-08,2251.8678,8.2486,908.03076,3.32612,218.86373991215532,0.0,15585.76663749476,7.15155165110206,5372.60178,19.67986,3000.0,0.0,3500.0,415000.0,0.0,138.3,0.0
2021,MISSISSIPPI,QUITMAN,7400.526601078242,5.6302,34347.88266,125.81642,12801.789,46.893,32843.058124914,0.0,15238.02276488712,7.525911358736952,60961.13478,223.30086,15100.0,0.0,17300.0,2565000.0,0.0,169.9,0.0
2021,MISSISSIPPI,RANKIN,295.4447225570537,0.2247801399897923,846.4911,3.1007,2767.1880599999995,10.13622,587.4782734400926,0.0,27363.45276857676,13.51454340124944,17720.41362,64.90994,1600.0,0.0,1700.0,244000.0,0.0,152.5,0.0
2021,MISSISSIPPI,SHARKEY,3231.8198415162324,2.45872,32379.9294,118.6078,13768.05066,50.43242,169.6881057477626,0.0,16264.152240438374,8.0327067346686,72570.29598000001,265.82526,30900.0,0.0,31100.0,6068000.0,0.0,196.4,0.0
2021,MISSISSIPPI,SUNFLOWER,11473.258453142837,8.728720043715219,69449.78586,254.39482,36376.52382,133.24734,40348.47527559,0.0,26109.294510651634,12.895126825713016,170329.72866,623.91842,48500.0,0.0,51400.0,9661000.0,0.0,199.2,0.0
2021,MISSISSIPPI,TALLAHATCHIE,7457.221563753507,5.673340012512044,45729.91878,167.50886,25110.469020000004,91.97974,30164.91057216,0.0,24587.20244962557,11.281873542979222,119178.5868,436.5516,34800.0,0.0,39000.0,5937000.0,0.0,170.6,0.0
2021,MISSISSIPPI,TATE,2220.177482997579,1.6890800044323917,14652.29766,53.67142,7646.358720000001,28.00864,2000.7499490171551,0.0,15106.906213623151,7.461154168273257,37349.41392,136.81104,8300.0,0.0,8500.0,1388000.0,0.0,167.2,0.0
2021,MISSISSIPPI,TIPPAH,187.60243754964588,0.1427200526207915,2013.20574,7.37438,1091.36118,3.99766,163.87213674327484,0.0,17238.975236557948,8.514162339011154,6895.712460000001,25.259020000000003,3200.0,0.0,3400.0,457000.0,0.0,142.8,0.0
2021,MISSISSIPPI,UNION,329.2312958612478,0.2504800475624328,1616.92986,5.92282,812.73192,2.97704,279.5973890277596,0.0,15574.3651992845,7.14632008462516,3848.68848,14.09776,3110.0,0.0,3300.0,503000.0,0.0,161.7,0.0
2021,MISSISSIPPI,WALTHALL,2.437238628042089e-05,7.840529774085772e-08,0.0,0.0,4324.44012,15.84044,138.018623204514,0.0,15295.029948670905,7.018146699305065,23974.314,87.818,1100.0,0.0,1700.0,155800.0,0.0,141.6,0.0
2021,MISSISSIPPI,WASHINGTON,9220.585682525909,7.0149,65087.99934,238.41758,33880.80696,124.10552,38050.176586176,0.0,27027.11032327813,12.401428813387252,168291.13392,616.45104,56500.0,0.0,57200.0,11029000.0,0.0,195.2,0.0
2021,MISSISSIPPI,WEBSTER,964.17822929007,0.7335400288777801,5305.74408,19.43496,2295.7116,8.4092,64.9376875767873,0.0,15551.562318648845,7.680765497326773,8959.34676,32.81812,4340.0,0.0,4500.0,720000.0,0.0,165.9,0.0
2021,MISSISSIPPI,YALOBUSHA,30.697825098174167,0.0233600797695205,3200.97414,11.72518,1268.88216,4.64792,200.0272301455093,0.0,17592.419834157397,8.072307383916536,8932.139580000001,32.71846,3050.0,0.0,3100.0,545000.0,0.0,178.7,0.0
2021,MISSISSIPPI,YAZOO,2255.089879128963,1.7156400561506526,35903.7042,131.5154,18092.91666,66.27442,323.5227156467537,0.0,34683.176379796016,17.129683758922877,97870.72932,358.50084,38800.0,0.0,39000.0,6976000.0,0.0,179.8,0.0
2021,MISSOURI,ADAIR,767.5956163262451,0.5839800526859007,10722.2661,39.2757,4489.7034,16.445800000000002,205.84816233347732,0.0,20967.24568567341,9.620851125905396,22325.00088,81.77656,22900.0,0.0,23900.0,3882000.0,0.0,169.5,0.0
2021,MISSOURI,ATCHISON,1136.3002414383686,0.8644800722264944,31995.37614,117.19918,13988.33982,51.23934,169.70482606402777,0.0,20864.63273989156,10.30483934535505,82300.4364,301.4668,127500.0,0.0,133000.0,26904000.0,0.0,211.0,0.0
2021,MISSOURI,BARRY,1138.401800533703,0.8660600588709154,1582.54824,5.79688,5360.486040000001,19.63548,309.5471305295842,0.0,29820.46279525689,13.683162650915104,30337.48536,111.12632,4320.0,0.0,4500.0,631000.0,0.0,146.1,0.0
2021,MISSOURI,BARTON,3794.121663490401,2.8865200109528644,16595.22774,60.78838,9554.2356,34.9972,503.9417737384424,0.0,22118.79098052004,10.149239356412288,37379.82612,136.92244,58200.0,0.0,60900.0,10415000.0,0.0,179.0,0.0
2021,MISSOURI,BATES,5347.851790981908,4.068580027977744,23977.513560000003,87.82972,13427.33574,49.18438,242.27357140438252,0.0,31906.926062589017,15.758520707171131,59287.28988,217.16956,71700.0,0.0,74800.0,10974000.0,0.0,153.1,0.0
2021,MISSOURI,BOLLINGER,1763.6455348757938,1.3417600457674286,8745.51132,32.03484,5937.253140000001,21.748179999999994,6540.5940588,0.0,23276.03700791666,10.680243376326825,28593.99816,104.73991999999998,12600.0,0.0,13200.0,2186000.0,0.0,173.5,0.0
2021,MISSOURI,BOONE,827.4108289931946,0.6295000943768521,18175.63566,66.57741999999999,6902.72856,25.28472,615.8802262759906,0.0,24039.933393440075,11.030758341950548,33220.32168,121.68616,22700.0,0.0,23800.0,3094000.0,0.0,136.3,0.0
2021,MISSOURI,BUCHANAN,820.8769302507786,0.6245000343151561,19022.48166,69.67942,7019.58348,25.71276,428.8583533734296,0.0,14525.432842370838,7.173970121036189,36115.4157,132.29090000000002,46200.0,0.0,50100.0,7914000.0,0.0,171.3,0.0
2021,MISSOURI,BUTLER,22413.718261543487,17.05206,35382.80928,129.60736,24847.52088,91.01656,237451.977787464,0.0,26018.083010638235,11.938435165942469,137351.61804,503.11948,30000.0,0.0,31200.0,5763000.0,0.0,192.1,0.0
2021,MISSOURI,CALDWELL,1985.8848703552885,1.51084003402198,16089.54438,58.93606,5202.20064,19.05568,106.7253330893619,0.0,16184.342166571188,7.4262089017102895,26165.77236,95.84532,23100.0,0.0,24500.0,3112000.0,0.0,134.7,0.0
2021,MISSOURI,CAPE GIRARDEAU,2617.644420857196,1.99146,23745.22332,86.97884,11356.712640000002,41.59968,5496.476326992,0.0,21121.165101729897,10.4315381858563,54090.35814,198.13318,32500.0,0.0,34300.0,5431000.0,0.0,167.1,0.0
2021,MISSOURI,CASS,1472.4879730375403,1.1202400389212033,12339.76926,45.20062,10395.19572,38.07764,670.686948341577,0.0,25265.58805009824,11.593151760726489,47802.0816,175.0992,33500.0,0.0,36300.0,3661000.0,0.0,109.3,0.0
2021,MISSOURI,CEDAR,940.5207721885772,0.7155200369094268,3026.83836,11.08732,2923.76448,10.70976,144.34537362559976,0.0,17985.769473559656,8.25279643707355,16724.646119999998,61.26244,3680.0,0.0,4000.0,506000.0,0.0,137.5,0.0
2021,MISSOURI,CLAY,479.36671738304153,0.3647000591533715,13316.92908,48.77996,4319.16576,15.82112,432.6495172262976,0.0,12091.225690076324,5.5480764635400845,20442.73686,74.88182,14900.0,0.0,15600.0,2298000.0,0.0,154.2,0.0
2021,MISSOURI,CLINTON,1190.3902337871623,0.9056400451839328,19005.67032,69.61784,7379.528520000001,27.03124,217.84571477600412,0.0,15665.576701623506,7.737076093073199,38254.96038,140.12806,47900.0,0.0,50200.0,8104000.0,0.0,169.2,0.0
2021,MISSOURI,COLE,943.9652591568638,0.718160063955238,5369.33124,19.66788,4066.51518,14.89566,312.31623599220865,0.0,13852.747962529476,6.84173759611082,19950.41958,73.07846,5210.0,0.0,5700.0,672000.0,0.0,129.0,0.0
2021,MISSOURI,COOPER,1770.5733760270662,1.3470400505434776,20433.5313,74.8481,9727.90728,35.63336,239.61484793015552,0.0,21394.79962502609,9.817034871757013,48488.11422,177.61213999999998,55000.0,0.0,58200.0,7266000.0,0.0,132.1,0.0
2021,MISSOURI,DADE,2110.4707876106004,1.6056400247858011,3813.3732,13.9684,5101.10328,18.68536,137.8016604388054,0.0,18886.48313365278,8.666090207783089,21289.3863,77.9831,17200.0,0.0,18300.0,2386000.0,0.0,138.7,0.0
2021,MISSOURI,DALLAS,1353.8697841567446,1.0300000767194493,660.39246,2.41902,2448.33498,8.96826,198.07040104833143,0.0,20476.9838193764,10.113383310728976,8597.66544,31.49328,570.0,0.0,600.0,79400.0,0.0,139.3,0.0
2021,MISSOURI,DAVIESS,2934.1653261356264,2.2322600887319166,18691.28352,68.46624,5582.52786,20.44882,123.53841227834944,0.0,21337.79243077712,9.790877037905249,28005.00066,102.58242,40900.0,0.0,43200.0,5808000.0,0.0,142.0,0.0
2021,MISSOURI,DE KALB,1253.1685387284242,0.9533600639558252,15378.48858,56.33146,5402.20044,19.78828,153.01347480670887,0.0,15836.598288585592,7.821541992866512,28051.20864,102.75168,39900.0,0.0,41600.0,6271000.0,0.0,157.2,0.0
2021,MISSOURI,DUNKLIN,21881.54646071845,16.64718,43353.39918,158.80366,25640.98992,93.92304,129231.00399132,0.0,20271.757918364936,9.301725554074322,127342.9248,466.4576,36900.0,0.0,38500.0,7048000.0,0.0,191.0,0.0
2021,MISSOURI,FRANKLIN,372.1793860790127,0.2831401509795682,8640.449999999999,31.65,5798.03952,21.23824,652.8041367497531,0.0,34090.301565536894,15.642384370177536,30065.05866,110.12842,18600.0,0.0,19400.0,3551000.0,0.0,190.9,0.0
2021,MISSOURI,GASCONADE,334.1126631911009,0.2541800763368481,3215.68338,11.77906,2508.4332,9.1884,168.38939426225664,0.0,19428.05146304413,9.59532581358058,13666.52742,50.06054,7510.0,0.0,7900.0,1036000.0,0.0,137.9,0.0
2021,MISSOURI,GREENE,4509.234192236108,3.43056003724384,1514.1399,5.5463,5737.5864,21.0168,1769.0461070277256,0.0,22244.206816094604,10.206786594661056,34543.574519999995,126.53324,2430.0,0.0,2800.0,340000.0,0.0,139.9,0.0
2021,MISSOURI,GRUNDY,2177.272704833534,1.6564400828169248,13019.86686,47.69182,3883.2339,14.2243,150.19793707755517,0.0,16326.86014674301,7.491603483838678,18581.29728,68.06335999999999,37300.0,0.0,39000.0,4808000.0,0.0,128.9,0.0
2021,MISSOURI,HARRISON,2836.457255922821,2.1579401222195136,23404.65582,85.73134,8860.79376,32.45712,164.154524544302,0.0,27289.343410544327,12.521754846224194,48142.16316,176.34491999999997,56800.0,0.0,59700.0,8855000.0,0.0,155.9,0.0
2021,MISSOURI,HENRY,4075.373526994749,3.1005000136144263,9525.35766,34.891420000000004,9228.55752,33.80423999999999,297.7004784117746,0.0,26753.47579954589,13.213281704070749,40605.30474000001,148.73738,23100.0,0.0,25300.0,2573000.0,0.0,111.4,0.0
2021,MISSOURI,HICKORY,29.693841348193786,0.022600069017939,756.00798,2.76926,2034.8328,7.453600000000001,105.57833836640714,0.0,15363.438581566192,7.587853011789555,12699.76344,46.51928,1810.0,0.0,2400.0,259000.0,0.0,143.1,0.0
2021,MISSOURI,HOWARD,1547.3326963811,1.1771800557000085,19024.51278,69.68686,8884.299060000001,32.54322,119.2306973140681,0.0,17535.412647175912,8.660569895302846,45150.76566,165.38742,39200.0,0.0,41000.0,5065000.0,0.0,129.2,0.0
2021,MISSOURI,JEFFERSON,68.27145115658217,0.0519401001543403,3634.78752,13.31424,1828.57584,6.69808,546.0373113927307,0.0,22215.703212938093,10.19370767496737,9033.36798,33.08926,3100.0,0.0,3300.0,450000.0,0.0,145.2,0.0
2021,MISSOURI,JOHNSON,3469.741993324634,2.6397200349857197,22148.98686,81.13182,13497.60048,49.44176,405.714985645024,0.0,30812.387958357624,15.217938974337212,65347.12548,239.36676,46100.0,0.0,49000.0,5936000.0,0.0,128.8,0.0
2021,MISSOURI,LACLEDE,4.540185860501023e-05,1.4605653303524925e-07,1592.80212,5.83444,7637.65002,27.97674,269.3049730659948,0.0,28492.19518758427,13.073685130579062,44498.63418,162.99865999999997,1220.0,0.0,2100.0,158000.0,0.0,129.5,0.0
2021,MISSOURI,LAWRENCE,1867.8885049208857,1.4210600115605132,2848.84236,10.43532,4692.58062,17.18894,280.4891426454656,0.0,22717.36651395696,11.219886551288118,22214.01546,81.37002000000001,12200.0,0.0,12900.0,1854000.0,0.0,152.0,0.0
2021,MISSOURI,LINCOLN,747.5477155138107,0.5687201183207262,23303.43834,85.36058,9160.95726,33.556619999999995,383.6993765723243,0.0,23692.189516326584,10.871195559036243,48745.61328,178.55536,39400.0,0.0,41800.0,5780000.0,0.0,146.7,0.0
2021,MISSOURI,LINN,3219.9889988708373,2.4497200594408137,17975.91432,65.84584000000001,6236.417460000001,22.84402,203.4625566826212,0.0,23355.847083818757,11.535225899915956,29930.55702,109.63574,37900.0,0.0,40300.0,4809000.0,0.0,126.9,0.0
2021,MISSOURI,MARIES,594.0062672420771,0.4519000883993076,1348.0739999999998,4.938000000000001,3055.12662,11.19094,147.82219348610454,0.0,19918.313328759745,9.837461384636873,20617.46778,75.52186,1760.0,0.0,1900.0,233000.0,0.0,132.4,0.0
2021,MISSOURI,MARION,129.4304601942755,0.0984600646601638,19706.4504,72.18480000000001,7727.66358,28.30646,277.01351841797555,0.0,16412.370943421753,7.5308402370506595,41177.50182,150.83334000000002,58800.0,0.0,61400.0,8996000.0,0.0,153.0,0.0
2021,MISSOURI,MILLER,934.5353146769448,0.7109801157522863,2105.04294,7.71078,3845.71824,14.08688,285.63496207536474,0.0,22580.549253108285,10.36111781023144,24608.48754,90.14098,2020.0,0.0,2100.0,271000.0,0.0,134.2,0.0
2021,MISSOURI,MISSISSIPPI,6826.261921473376,5.193320000000001,37139.85912,136.04344,20553.58578,75.28786,14845.513426416,0.0,15357.737860353487,7.0469203156283,95601.5424,350.1888,53100.0,0.0,55300.0,9951000.0,0.0,187.4,0.0
2021,MISSOURI,MONITEAU,1247.3845320704525,0.9490200368201086,10068.07074,36.87938,6909.32424,25.30888,193.76338648303943,0.0,15585.766639093608,7.69765867879296,34957.862940000006,128.05078,14000.0,0.0,15600.0,1551000.0,0.0,110.8,0.0
2021,MISSOURI,MONROE,1093.2005704865144,0.831680103650428,33149.063220000004,121.42514,11168.2662,40.9094,181.245602912571,0.0,24541.596703688665,11.26094728023959,52296.28404,191.56148,59900.0,0.0,62500.0,8889000.0,0.0,148.4,0.0
2021,MISSOURI,MONTGOMERY,523.8471283247634,0.3985600945612086,19762.17516,72.38892,7585.7145,27.7865,259.23528373976205,0.0,20237.553603007414,9.995131053674452,39403.39494,144.33478,49400.0,0.0,51600.0,6071000.0,0.0,122.9,0.0
2021,MISSOURI,MORGAN,1285.1324025321971,0.9777200701424018,6174.23898,22.61626,5139.81468,18.82716,255.84215820481344,0.0,22968.198165774545,11.34376986651026,25871.33094,94.76678,7270.0,0.0,8100.0,658000.0,0.0,90.5,0.0
2021,MISSOURI,NEW MADRID,17344.950660902312,13.1958,62942.41044,230.55828,44173.15266,161.80642,82517.23031769,0.0,25459.412509265683,12.574156420855802,216932.50488,794.62456,65000.0,0.0,67700.0,12636000.0,0.0,194.4,0.0
2021,MISSOURI,NEWTON,761.7139900289601,0.5795000272027531,2497.2402,9.1474,3278.47338,12.009060000000002,381.90636105015705,0.0,23207.628371678325,11.462022118396128,14789.32728,54.17336,6300.0,0.0,6800.0,968000.0,0.0,153.7,0.0
2021,MISSOURI,OSAGE,519.6183899335686,0.3953200975892542,5491.8864,20.1168,5040.44268,18.46316,285.7469292271832,0.0,22791.47585963465,10.457901789887345,27522.63696,100.81552,9280.0,0.0,9600.0,1277000.0,0.0,137.6,0.0
2021,MISSOURI,PEMISCOT,16485.209340900677,12.54176,38570.32452,141.28324,19160.37396,70.18452,187059.988127232,0.0,18487.43277937507,8.482985373328422,94242.26994,345.20978,30500.0,0.0,31900.0,5569000.0,0.0,182.6,0.0
2021,MISSOURI,PERRY,1104.313810886016,0.8401600350500977,14667.03966,53.72542,6539.988,23.956000000000003,205.08121907381096,0.0,17780.54358257734,8.15862823902209,31124.39148,114.00876,28000.0,0.0,29600.0,4967000.0,0.0,177.4,0.0
2021,MISSOURI,PETTIS,1494.4529613294494,1.1369600674152824,25545.58188,93.57356,12147.59364,44.49668,631.5233719774361,0.0,25191.478695263497,11.559146575658756,59599.2852,218.3124,61700.0,0.0,64200.0,7490000.0,0.0,121.4,0.0
2021,MISSOURI,PLATTE,1038.883277076008,0.7903600565907931,17062.412640000002,62.49968,6126.8298,22.4426,324.5415170976648,0.0,14565.337877196858,7.193678829935087,31030.12458,113.66346,37600.0,0.0,39100.0,6723000.0,0.0,178.8,0.0
2021,MISSOURI,RALLS,355.6376032694095,0.2705600764127115,20801.91204,76.19748,6810.940500000001,24.9485,188.11208232986175,0.0,18071.280261372056,8.92522970233181,35019.93768,128.27816,51400.0,0.0,53500.0,7582000.0,0.0,147.5,0.0
2021,MISSOURI,RANDOLPH,1469.245398449745,1.1177600617985577,17897.48688,65.55856,5908.5936,21.6432,295.1147151716478,0.0,18185.294651468863,8.344348854654363,27590.73408,101.06496,25700.0,0.0,26800.0,3899000.0,0.0,151.7,0.0
2021,MISSOURI,RAY,2376.609135593217,1.8081000518597805,23230.07778,85.09186,7648.52634,28.016579999999998,188.78286560820712,0.0,21343.49315344332,9.793492822777695,37050.07488,135.71455999999998,42900.0,0.0,44700.0,6499000.0,0.0,151.5,0.0
2021,MISSOURI,SCOTT,5883.020941031602,4.47574,33354.77964,122.17868,20894.011320000005,76.53484,21496.570238429995,0.0,15448.949372866988,7.088772850578115,101619.24318,372.23166,64100.0,0.0,67700.0,12121000.0,0.0,189.1,0.0
2021,MISSOURI,SHELBY,804.2075068925785,0.6118400903557523,22087.19604,80.90548,6612.2784,24.2208,625.1269121732961,0.0,18954.89175907708,8.697479604883766,32470.36338,118.93906,52500.0,0.0,55800.0,8132000.0,0.0,154.9,0.0
2021,MISSOURI,ST CHARLES,764.1869665547337,0.5814000886058028,15403.135020000002,56.42174,6180.56712,22.63944,1051.2779961386257,0.0,17472.704733458424,8.017375936142518,33897.20334,124.16558,37800.0,0.0,39500.0,6914000.0,0.0,182.9,0.0
2021,MISSOURI,ST CLAIR,1655.002277163941,1.2591000490685784,4248.005579999999,15.56046,4842.2283,17.7371,129.49836409007744,0.0,26211.90746210214,12.027371796916782,23440.14582,85.86134,14400.0,0.0,15000.0,1974000.0,0.0,137.1,0.0
2021,MISSOURI,ST FRANCOIS,23.5892035578117,0.0179400753928844,3170.87316,11.61492,2422.0778400000004,8.872079999999999,404.3597556874346,0.0,16298.356552307496,7.478524568146636,12941.00262,47.40294,1210.0,0.0,1300.0,198500.0,0.0,164.0,0.0
2021,MISSOURI,ST LOUIS,106.45501314173434,0.0809800437468246,3488.26842,12.77754,1419.0485400000002,5.19798,1165.0286402739523,0.0,8533.976830103205,4.214848222229144,7318.1745,26.8065,2680.0,0.0,2800.0,457000.0,0.0,170.5,0.0
2021,MISSOURI,STE GENEVIEVE,117.7847620422241,0.0896200705235853,7588.722960000001,27.79752,3598.4675999999995,13.1812,189.7401423699152,0.0,19006.19823589245,9.386976604308074,17906.7798,65.59259999999999,10800.0,0.0,11400.0,1920000.0,0.0,177.8,0.0
2021,MISSOURI,STODDARD,19224.00492130577,14.62538,64818.242580000006,237.42946,50459.37078,184.83286,152274.85529904,0.0,30960.60665930611,14.206319318346493,258598.9224,947.2488,86300.0,0.0,89800.0,16613000.0,0.0,192.5,0.0
2021,MISSOURI,WARREN,269.5437813446557,0.2050400699260389,8180.04096,29.96352,3363.6111600000004,12.32092,349.91384537530087,0.0,16383.867348695538,8.091832863231755,17872.14156,65.46572,17300.0,0.0,18600.0,2604000.0,0.0,150.5,0.0
2021,MISSOURI,WEBSTER,2068.6154058851084,1.5737800822085637,1202.76702,4.40574,5465.825820000001,20.02134000000001,263.4910966136339,0.0,21942.068692694236,10.068150078054511,28025.2245,102.6565,1790.0,0.0,2000.0,247000.0,0.0,138.0,0.0
2021,MISSOURI,WORTH,792.9178324957944,0.6032400436023708,9250.04262,33.88294,3129.0441,11.4617,38.30524440822179,0.0,10124.477523210604,5.0003810578879975,16956.4395,62.1115,13600.0,0.0,14400.0,2361000.0,0.0,173.6,0.0
2021,NEBRASKA,ADAMS,29.62833244546665,0.0225401045856208,37853.42652,138.65724,30732.07956,112.57171999999998,302.8972441771025,0.0,21035.65431609775,9.652240525300346,183880.72794,673.55578,172500.0,0.0,177500.0,39443000.0,0.0,228.7,0.0
2021,NEBRASKA,BOX BUTTE,6.460544585900062e-05,2.0783394617067136e-07,28501.2,104.4,14918.65284,54.64708,276.95071307471073,0.0,40543.51584171538,18.603451110436247,85117.96565999999,311.78742,94600.0,0.0,100000.0,13698000.0,0.0,144.8,0.0
2021,NEBRASKA,BOYD,6.21387233606066,0.004700104133988,4914.62244,18.002280000000003,2778.1299000000004,10.1763,228.9816515592688,0.0,20328.76512139305,10.040179536201192,20731.43982,75.93934,31900.0,0.0,41300.0,4855000.0,0.0,152.2,0.0
2021,NEBRASKA,BROWN,7.348960307961724e-05,2.3641403611527437e-07,7644.38766,28.00142,6408.22728,23.473360000000003,191.45974578998695,0.0,46118.81935096557,21.161687220622376,49070.07924,179.74388,37900.0,0.0,39100.0,8672000.0,0.0,228.8,0.0
2021,NEBRASKA,BURT,307.5986650410429,0.2340200813710443,28754.06898,105.32626,15736.91028,57.64436,157.9134370809902,0.0,18823.775218132952,9.29687964864432,92969.56032,340.54784,123900.0,0.0,127500.0,26800000.0,0.0,216.3,0.0
2021,NEBRASKA,BUTLER,185.10843073653933,0.1408201027097209,31058.48382,113.76734,22253.1309,81.5133,245.7814706225704,0.0,22038.98090767029,10.88483849297172,129784.0908,475.3996,147800.0,0.0,152000.0,30314000.0,0.0,205.1,0.0
2021,NEBRASKA,CEDAR,400.7420161154763,0.3048801175442943,31944.77286,117.01382,21473.18082,78.65634,232.42678703418764,0.0,27739.70023736412,12.72840173009836,134148.3507,491.3859,175600.0,0.0,182000.0,35366000.0,0.0,201.4,0.0
2021,NEBRASKA,CHASE,5.376822751063261e-05,1.729709121817071e-07,27795.10188,101.81356,21544.24818,78.91666,138.99666353138448,0.0,33742.55768803097,16.665121328099698,132145.91208,484.05096,159800.0,0.0,167500.0,29132000.0,0.0,182.3,0.0
2021,NEBRASKA,CHERRY,0.000358972638349,1.1548051252245133e-06,3350.52354,12.27298,4641.61152,17.00224,219.87748718781992,0.0,225275.3255725901,103.36791022364318,37833.81966,138.58542,20700.0,0.0,21400.0,3751000.0,0.0,181.2,0.0
2021,NEBRASKA,COLFAX,62.30762379463848,0.0474200779531498,22939.31094,84.02678,15696.04218,57.49466,227.7060132598653,0.0,15619.970958375578,7.167246353400601,89442.14916,327.62692000000004,110200.0,0.0,113500.0,25159000.0,0.0,228.3,0.0
2021,NEBRASKA,CUMING,149.38802955156297,0.1136600958148985,27569.6694,100.9878,15517.35822,56.84014,217.23705760361847,0.0,21571.521926224093,10.653965044855068,96695.95026,354.19762,154700.0,0.0,160500.0,33794000.0,0.0,218.4,0.0
2021,NEBRASKA,DAKOTA,124.900392358419,0.095040040877736,11904.62364,43.60668,6139.8191400000005,22.49018,223.1597330473816,0.0,9776.733644004076,4.828633735362519,39992.72004,146.49348,60500.0,0.0,62200.0,11531000.0,0.0,190.6,0.0
2021,NEBRASKA,DEUEL,0.0297860073983959,2.008366543703553e-05,6599.09796,24.17252000000001,3715.48632,13.609840000000002,328.5055771049707,0.0,16321.159436911208,8.060862035004106,28883.11062,105.79894,59600.0,0.0,61400.0,4857000.0,0.0,81.5,0.0
2021,NEBRASKA,DODGE,226.4307281550855,0.1722800921473468,33356.59236,122.18532,23762.25306,87.04122,363.4525979193138,0.0,20095.03562370769,9.220636272581928,129133.29156,473.01572,138900.0,0.0,143000.0,30669000.0,0.0,220.8,0.0
2021,NEBRASKA,DOUGLAS,127.73154880828146,0.0971800283679644,10902.28776,39.93512,6061.41354,22.20298,473.65554275156205,0.0,7530.650230100363,3.7193149649299135,34189.41162,125.23594,25000.0,0.0,25700.0,4863000.0,0.0,194.5,0.0
2021,NEBRASKA,DUNDY,5.525800438859131e-05,1.7776348350976098e-07,16275.266280000002,59.61636,12312.7641,45.1017,114.92924803745036,0.0,34677.47566048739,17.126868229056587,75640.31748,277.07076,91200.0,0.0,98400.0,13142000.0,0.0,144.1,0.0
2021,NEBRASKA,FRANKLIN,48.904951968806856,0.037200103982393,20762.07588,76.05156,16373.344260000002,59.97562,151.61950111765657,0.0,21600.025529671304,10.66804269759638,97872.2199,358.5063,95000.0,0.0,97800.0,19846000.0,0.0,208.9,0.0
2021,NEBRASKA,FRONTIER,19.291857509159332,0.0146801849095389,15796.24956,57.86172,11328.91578,41.49786,175.03853666047976,0.0,36718.33317151917,16.84826048830809,75162.07608,275.31895999999995,120300.0,0.0,124000.0,15795000.0,0.0,131.3,0.0
2021,NEBRASKA,FURNAS,8.849262813073999,0.0067401377494458,16035.0099,58.7363,11782.25412,43.15844,142.51228283578212,0.0,27004.30744104362,12.39096567776569,72410.94042,265.24154,133900.0,0.0,138000.0,21611000.0,0.0,161.4,0.0
2021,NEBRASKA,GAGE,955.9428362538412,0.7272801222017717,30563.168999999994,111.953,16915.975440000002,61.96328,296.57706436369193,0.0,32248.9692222689,15.927452499722644,94570.68348,346.41276,179800.0,0.0,185000.0,30117000.0,0.0,167.5,0.0
2021,NEBRASKA,GARFIELD,15.610893855214286,0.0118801093524502,3033.70158,11.11246,1845.38172,6.75964,229.526731486512,0.0,21332.09171686098,9.788261257047772,14999.75022,54.94414,12700.0,0.0,13100.0,2649000.0,0.0,208.6,0.0
2021,NEBRASKA,GOSPER,42.37658539991102,0.0322400827760898,15760.5903,57.7311,12914.06844,47.30428,72.46429203044211,0.0,17415.69753447104,8.601443764543008,77817.3123,285.04510000000005,88000.0,0.0,90600.0,19210000.0,0.0,218.3,0.0
2021,NEBRASKA,GREELEY,22.592853934476288,0.0172001097323492,16112.07234,59.01858,11064.61356,40.52972,257.39487181298983,0.0,21406.201074617253,10.572314682853314,79204.49082,290.12634,76600.0,0.0,78900.0,17051000.0,0.0,222.6,0.0
2021,NEBRASKA,HARLAN,59.38551059652285,0.0452000989051006,20314.11018,74.41066,15917.47248,58.30576000000001,182.24745048503613,0.0,20893.136328513072,9.58684593977056,95507.0844,349.8428,111300.0,0.0,114500.0,24119000.0,0.0,216.7,0.0
2021,NEBRASKA,HAYES,0.865482798048451,0.0006601376497994,11318.6073,41.4601,7908.37866,28.968419999999995,46.40193270529869,0.0,26907.39521839309,13.289301009232942,52551.00396,192.49452,75100.0,0.0,85100.0,8208000.0,0.0,109.3,0.0
2021,NEBRASKA,HOWARD,141.26673252546283,0.1074601071767541,22595.77866,82.76842,16887.61074,61.85938,128.47665771502452,0.0,21617.127688222165,9.91905042635996,111304.80816,407.70992,101500.0,0.0,104500.0,20158000.0,0.0,198.6,0.0
2021,NEBRASKA,KEITH,0.7026042032628287,0.0005402065481342,18064.36086,66.16982,12129.43914,44.43018,203.25256946137677,0.0,40292.684194360045,18.488356644856527,82901.59878,303.66886,121800.0,0.0,126000.0,14925000.0,0.0,122.5,0.0
2021,NEBRASKA,KEYA PAHA,4.631934313885846e-05,1.490080555994058e-07,3849.77502,14.10174,2874.24774,10.52838,43.499148177321885,0.0,29067.967837057025,13.337879246772893,19677.65982,72.07934,20900.0,0.0,21600.0,3419000.0,0.0,163.6,0.0
2021,NEBRASKA,KNOX,264.55799830848974,0.2012601913023751,24793.43958,90.81846,15452.55348,56.60276,342.7677601343475,0.0,42162.520129737946,20.823658951904765,108335.1633,396.8321,143900.0,0.0,152000.0,25888000.0,0.0,179.9,0.0
2021,NEBRASKA,LANCASTER,828.1884849812117,0.6300600837584522,29023.73292,106.31404,14596.96056,53.46872,1518.3986563488122,0.0,28896.94626810379,13.259405751546858,79237.97154,290.24898,132200.0,0.0,136000.0,23955000.0,0.0,181.2,0.0
2021,NEBRASKA,LINCOLN,38.67735262921969,0.0294204911131347,52422.13158,192.02246,33040.6986,121.0282,451.6076791747092,0.0,96621.49186248238,44.33491182902439,262872.57906,962.90322,195500.0,0.0,201500.0,37516000.0,0.0,191.9,0.0
2021,NEBRASKA,MADISON,92.08796761860712,0.0700600909503864,27979.5516,102.4892,18185.09238,66.61206,394.9657145542604,0.0,21109.763656833544,9.686245703898756,116820.85506,427.91522,140800.0,0.0,145000.0,27048000.0,0.0,192.1,0.0
2021,NEBRASKA,MORRILL,5.602405410089979,0.0042602745661317,23356.64058,85.55546,14593.04028,53.45436,249.34653051692223,0.0,53917.40338079475,26.62928155430744,96469.30566,353.36742000000004,72100.0,0.0,74300.0,12855000.0,0.0,178.3,0.0
2021,NEBRASKA,NANCE,58.65374645283442,0.0446400857524651,18105.4419,66.32029999999999,13234.9035,48.4795,136.40582765369504,0.0,16771.51625269894,7.695634583667392,82318.10496000001,301.53152,87200.0,0.0,90000.0,17902000.0,0.0,205.3,0.0
2021,NEBRASKA,NEMAHA,995.2872726440114,0.7571800405921462,20583.68676,75.39812,9145.07958,33.49846,116.54091411338172,0.0,15551.562315160443,7.680765495603886,52457.61066,192.15242,87400.0,0.0,90000.0,16143000.0,0.0,184.7,0.0
2021,NEBRASKA,OTOE,1141.9636987547128,0.8687800630387299,28728.19404,105.23148,12641.99664,46.30768,275.9931238395187,0.0,23048.008233100983,11.383187283159463,72665.53476000001,266.17412,130200.0,0.0,134000.0,23762000.0,0.0,182.5,0.0
2021,NEBRASKA,PAWNEE,584.0264614630845,0.4443200736628204,8069.24664,29.55768,3970.58298,14.54426,197.6235544286924,0.0,16121.634252185086,7.962318485276344,19961.00106,73.11722,63100.0,0.0,64900.0,10140000.0,0.0,160.7,0.0
2021,NEBRASKA,PERKINS,0.1802933043070371,0.0001401714805394,28222.66356,103.37972,18673.70232,68.40184,163.9147337585251,0.0,33451.82101041359,15.34941664042827,129331.22748,473.74076,259000.0,0.0,269000.0,35457000.0,0.0,136.9,0.0
2021,NEBRASKA,PHELPS,106.4290475810676,0.080960089639023,38905.67226,142.51162,32878.63488,120.43456,254.39401665743472,0.0,20197.64856716395,9.975422344273046,195916.67004,717.64348,170500.0,0.0,175500.0,38704000.0,0.0,227.0,0.0
2021,NEBRASKA,PIERCE,207.970766646969,0.158220087068491,29110.02822,106.63014,20061.290340000003,73.48458,253.04999057664168,0.0,21508.8140135822,10.622994216203873,129285.79481999998,473.57434,143300.0,0.0,147500.0,28588000.0,0.0,199.5,0.0
2021,NEBRASKA,PLATTE,168.69333843155442,0.1283401279697622,43301.9223,158.6151,32856.75666,120.35442,325.99144810083214,0.0,25670.339125239803,11.778872379226604,191591.46006,701.8002200000001,193300.0,0.0,199000.0,41231000.0,0.0,213.3,0.0
2021,NEBRASKA,RED WILLOW,21.02650205019807,0.0160001351964689,14498.71878,53.10886,10136.331660000002,37.12942,233.71903591637968,0.0,26833.28586600023,12.312492179745174,66125.86344,242.21928,104200.0,0.0,111000.0,15172000.0,0.0,145.6,0.0
2021,NEBRASKA,RICHARDSON,1485.5988178261655,1.1302000583358385,28455.4179,104.2323,11714.14062,42.90894,153.581401979367,0.0,20465.58237549749,9.390662187649705,66370.16567999999,243.11416,104400.0,0.0,107500.0,18865000.0,0.0,180.7,0.0
2021,NEBRASKA,ROCK,6.116260783770294e-05,1.9675843074811146e-07,5981.16246,21.90902,5176.48404,18.96148,49.81950560659469,0.0,38382.943215042666,17.612069223680965,37512.19836,137.40732,23600.0,0.0,24300.0,4609000.0,0.0,195.3,0.0
2021,NEBRASKA,SARPY,168.60240692864355,0.1282800229052358,10461.8787,38.3219,5197.455900000001,19.0383,319.56446457690595,0.0,7239.913543892806,3.322044841483991,29816.88528,109.21936,29500.0,0.0,30300.0,6195000.0,0.0,210.0,0.0
2021,NEBRASKA,SCOTTS BLUFF,96.02224261177602,0.0730601393683187,30787.73334,112.77558,19433.87628,71.18636,285.6832978547422,0.0,27637.08728736711,13.649688830868577,124670.43498,456.66826,74800.0,0.0,77000.0,13831000.0,0.0,184.9,0.0
2021,NEBRASKA,SEWARD,406.37090696685857,0.3091800897558163,31376.75268,114.93316,22673.10318,83.05166,224.76309993458952,0.0,21389.098910644843,9.81441909068612,136738.36722,500.87314,136500.0,0.0,140500.0,29825000.0,0.0,218.5,0.0
2021,NEBRASKA,SHERIDAN,0.0001478421866475,4.756042567762751e-07,8137.46388,29.80756,5401.80186,19.78682,216.35696122842128,0.0,92779.20702694748,42.571873853499376,37216.67586,136.32482000000002,41000.0,0.0,46200.0,6105000.0,0.0,148.9,0.0
2021,NEBRASKA,SHERMAN,62.9153729607145,0.0478601071929007,16236.90432,59.47584,11794.44084,43.20308,157.04371641342618,0.0,21337.792438248103,10.538528322153509,79869.99384,292.56408,73900.0,0.0,76100.0,16406000.0,0.0,222.0,0.0
2021,NEBRASKA,SIOUX,6.841864508348412,0.0052004007349414,4848.09234,17.758580000000002,4073.33472,14.92064,80.24227102602093,0.0,78173.96412056415,38.60936117565952,26415.50184,96.76008000000002,13400.0,0.0,14300.0,2463000.0,0.0,183.8,0.0
2021,NEBRASKA,THAYER,161.0608523031585,0.1225401064168363,29113.94304,106.64448000000002,21371.471940000003,78.28378,171.82462817595948,0.0,21600.0255290899,9.911203075810937,127112.98236,465.61532,147700.0,0.0,152000.0,29643000.0,0.0,200.7,0.0
2021,NEBRASKA,THURSTON,161.86232149114934,0.1231200704341942,16497.96876,60.43211999999999,7869.61266,28.82642,93.28165915966318,0.0,14844.67312286856,6.81149981589776,52966.2042,194.0154,96300.0,0.0,99200.0,19828000.0,0.0,205.9,0.0
2021,NEBRASKA,VALLEY,73.9056935758907,0.0562201100830251,17558.63382,64.31734,11989.39014,43.91718,130.91334922217862,0.0,21474.609697628744,10.6061010369559,85877.64822,314.57014000000004,73600.0,0.0,75800.0,16921000.0,0.0,229.9,0.0
2021,NEBRASKA,WASHINGTON,221.1151941981032,0.1682200449972132,19480.848660000003,71.35842,10204.86012,37.38044,244.38721927838247,0.0,14542.535001067046,7.182416711015521,57532.98642,210.74354,79200.0,0.0,81500.0,16188000.0,0.0,204.4,0.0
2021,NEBRASKA,WAYNE,65.55662324015726,0.0498800741492844,19740.24234,72.30858,11443.209960000002,41.916520000000006,249.95631996469976,0.0,16811.42129633317,7.713945070878405,76240.37148,279.26876,119500.0,0.0,123000.0,23673000.0,0.0,198.1,0.0
2021,NEW YORK,ALBANY,0.0097465524568593,8.541881674274732e-08,420.89502,1.54174,1098.1698,4.0226,1285.4381475583302,0.0,16663.202588407898,8.229793823514015,7631.26182,27.95334,1220.0,0.0,2800.0,168000.0,0.0,137.7,0.0
2021,NEW YORK,BROOME,3.995145542703015e-05,1.2852273560317172e-07,837.88614,3.06918,1839.0372,6.7364,594.6004290674673,0.0,25071.763602413423,12.382700392977702,14417.13,52.81,1990.0,3840.0,5900.0,303000.0,69000.0,152.3,18.0
2021,NEW YORK,CATTARAUGUS,7.845855397787169e-05,2.523990147773889e-07,6022.46736,22.06032,4101.41004,15.02348,386.62229818572536,0.0,49237.11281340467,22.592520703415477,31521.51366,115.46342,8900.0,14400.0,23600.0,1373000.0,274000.0,154.3,19.0
2021,NEW YORK,CAYUGA,14.89378066673871,0.0113401308941405,13844.053860000002,50.71082000000001,7563.59058,27.70546,378.9386342829442,0.0,26308.819685799197,12.993670370710015,50320.03704,184.32248,34500.0,28300.0,63700.0,5908000.0,594000.0,171.2,21.0
2021,NEW YORK,CHAUTAUQUA,0.0016823798645524,2.006743121910753e-07,8162.203139999999,29.89818,6015.93174,22.03638,828.4130435762512,0.0,39146.839605609726,19.334243647764644,45500.16744,166.66728,14400.0,8330.0,23000.0,2333000.0,158000.0,162.0,19.0
2021,NEW YORK,CHEMUNG,9.72386210996827,0.0074000713218323,1951.12554,7.146980000000001,1462.52652,5.35724,443.1754211281022,0.0,14645.147948593103,7.233096248594329,11164.31316,40.89492,2780.0,1400.0,4300.0,468000.0,29400.0,168.3,21.0
2021,NEW YORK,CHENANGO,5.384998355705159e-05,1.7323391913916479e-07,3513.2643,12.8691,3790.96536,13.88632,309.38986432603605,0.0,33793.86416102364,16.69046109650863,31897.61484,116.84108,5270.0,8050.0,13500.0,788000.0,149000.0,149.5,18.5
2021,NEW YORK,COLUMBIA,3.8071066313557166e-05,1.224735754341917e-07,523.9416,1.9192,3092.8989,11.3293,373.4911374450245,0.0,23891.714694817187,10.962747976883833,22503.54288,82.43056,4860.0,5160.0,10700.0,665000.0,98000.0,136.8,19.0
2021,NEW YORK,CORTLAND,0.0038095229342531,9.497473640484865e-08,5039.58,18.46,3954.96738,14.48706,362.633106956133,0.0,18527.33781434644,9.150472095726618,31017.1407,113.6159,6330.0,8790.0,15400.0,893000.0,167000.0,141.1,19.0
2021,NEW YORK,DELAWARE,8.687034290701259e-05,2.794595088929103e-07,497.34594,1.82178,1169.1225000000002,4.2825,277.36859613423223,0.0,54515.978908533965,26.92491219043268,8477.67648,31.05376,1080.0,3850.0,5000.0,146000.0,60000.0,135.2,15.5
2021,NEW YORK,DUTCHESS,4.241322085225002e-05,1.364421674106172e-07,204.66264,0.74968,2510.08212,9.19444,1758.684155109751,0.0,26616.658528668064,13.145708983590016,18883.6557,69.17089999999999,4370.0,0.0,7100.0,673000.0,0.0,154.0,0.0
2021,NEW YORK,ERIE,0.0368883290680541,4.015547019704608e-05,9982.05936,36.56432,5137.33584,18.81808,1230.979615605393,0.0,30333.527540154664,14.981434467406851,29792.79576,109.13112,14600.0,8800.0,23700.0,2246000.0,163000.0,153.8,18.5
2021,NEW YORK,FRANKLIN,47.98275982363785,0.0365003218328528,3987.43254,14.60598,2566.56582,9.40134,339.456128446354,0.0,62782.02193887928,31.007430512772583,7951.49082,29.12634,9430.0,9080.0,18700.0,1192000.0,191000.0,126.4,21.0
2021,NEW YORK,FULTON,5.6981703411249,0.0043400975369119,627.23934,2.29758,912.26772,3.3416400000000004,443.8714431832316,0.0,19308.33635086252,8.859658169002353,6539.070720000001,23.95264,1400.0,1150.0,2800.0,214000.0,22400.0,152.9,19.5
2021,NEW YORK,GENESEE,2.88144648994031e-05,9.269534274106289e-08,11884.64004,43.53348,6733.031759999999,24.66312,503.0185682160627,0.0,18082.68170873936,8.297264756895819,42703.38618,156.42266,30800.0,0.0,48400.0,5890000.0,0.0,191.2,0.0
2021,NEW YORK,HERKIMER,1.9940058671652856,0.0015202761701398,5885.81448,21.55976,4462.7856,16.3472,467.4678755365118,0.0,53985.81201642264,26.66306791464113,35391.40878,129.63886,7020.0,9240.0,16500.0,948000.0,157000.0,135.0,17.0
2021,NEW YORK,JEFFERSON,0.4687952137540035,0.0003602419664052,14965.9146,54.82020000000001,8800.44984,32.236079999999994,753.810568052574,0.0,47201.95601605647,23.31258736234556,59169.293820000006,216.73734,15600.0,21400.0,37500.0,2470000.0,417000.0,158.3,19.5
2021,NEW YORK,LEWIS,0.0006176591588886,2.498273912040877e-07,2353.0962,8.6194,1645.8077999999998,6.028599999999999,296.7064927966945,0.0,48735.44952401378,24.069964903261116,11795.21616,43.20592,5070.0,19500.0,24900.0,759000.0,371000.0,149.7,19.0
2021,NEW YORK,LIVINGSTON,26.423674691423106,0.0201001106775303,14041.21992,51.43304,7725.45228,28.29836,347.22333932713104,0.0,23270.336289901657,11.49299294980394,48971.7774,179.3838,35900.0,26900.0,63200.0,6613000.0,524000.0,184.2,19.5
2021,NEW YORK,MADISON,1.4418990617138303,0.0011001256363696,9077.14626,33.24962,6107.812620000001,22.37294,594.9675447408786,0.0,24547.297417706544,12.123671641173091,47378.89884,173.54908,13700.0,11500.0,25700.0,1906000.0,207000.0,139.1,18.0
2021,NEW YORK,MONROE,2.620735536034653e-05,8.430834290851179e-08,7267.47294,26.62078,3873.28578,14.18786,559.9314305432764,0.0,16446.575255290874,7.546534935214174,25007.77188,91.60356,25200.0,2200.0,27800.0,4674000.0,41400.0,185.5,19.0
2021,NEW YORK,MONTGOMERY,73.7687588857457,0.0561200595446624,3836.75838,14.05406,4220.96766,15.46142,430.8365496094676,0.0,15146.811249321274,6.950136333904879,31356.02652,114.85724,7330.0,11700.0,19300.0,1165000.0,210000.0,158.9,18.0
2021,NEW YORK,NIAGARA,0.1505082123156874,0.0001200907489799,6728.09592,24.64504,3602.49708,13.19596,385.1544328362046,0.0,17717.83566537146,8.129854620164481,23620.0692,86.5204,31300.0,0.0,34200.0,5568000.0,0.0,177.9,0.0
2021,NEW YORK,ONEIDA,20.076129396398112,0.0152802229116548,10765.79322,39.43514,7156.52574,26.21438,638.7493980055407,0.0,44020.95463635336,21.741521694243907,52181.48208,191.14096,21100.0,11100.0,32600.0,3166000.0,216000.0,150.0,19.5
2021,NEW YORK,ONONDAGA,1.5983194706808836,0.0012201270022833,9132.3414,33.4518,5684.9247,20.8239,918.1990947687004,0.0,24849.435537037112,12.272894722097805,39092.25138,143.19506,18800.0,14400.0,33500.0,2667000.0,310000.0,141.9,21.5
2021,NEW YORK,ONTARIO,2.7008179947505004,0.0020601223193382,14251.3371,52.20270000000001,6633.39222,24.29814,356.78248060621235,0.0,23920.21829215971,11.813963355091872,41250.9279,151.1023,27400.0,14700.0,42600.0,4796000.0,279000.0,175.0,19.0
2021,NEW YORK,ORANGE,4.3921165743210784e-05,1.412931847378603e-07,599.2786799999999,2.1951600000000004,2595.80412,9.50844,968.6999095799348,0.0,27562.97794125337,13.613086945026064,18345.78018,67.20066,3000.0,1250.0,4400.0,489000.0,18800.0,163.0,15.0
2021,NEW YORK,ORLEANS,2.3245969625166988e-05,7.478164627647928e-08,8031.61632,29.41984,3391.24968,12.42216,315.08781977721355,0.0,14588.140755361572,7.204940949859672,20914.66104,76.61048,32700.0,8240.0,41400.0,6332000.0,165000.0,193.6,20.0
2021,NEW YORK,OSWEGO,5.707480546063357e-05,1.8360808269469237e-07,7654.00818,28.03666,3034.62978,11.11586,653.7931829451283,0.0,35817.61953019072,16.43496672620875,16032.92964,58.72868,8340.0,1320.0,9800.0,1308000.0,22400.0,156.8,17.0
2021,NEW YORK,OTSEGO,3.4211995726694377,0.0026001915241614,5110.166880000001,18.71856,4320.67272,15.82664,339.4394731661916,0.0,37579.14180119037,17.243243777869107,36007.43328,131.89536,11700.0,4250.0,16300.0,1873000.0,77000.0,160.1,18.0
2021,NEW YORK,RENSSELAER,3.714449775982069e-05,1.1949282982737414e-07,436.54884,1.59908,2040.04164,7.472679999999999,782.9421703328895,0.0,23310.241316878783,10.695938073156457,14516.556599999998,53.1742,5560.0,0.0,11100.0,835000.0,0.0,150.2,0.0
2021,NEW YORK,SARATOGA,4.498399435705709e-05,1.4471227521826456e-07,347.53446,1.27302,1471.91772,5.391640000000001,645.5647456347579,0.0,28229.96209668433,12.953359096074768,10680.44796,39.12252,2680.0,6980.0,9800.0,425000.0,112000.0,158.6,16.0
2021,NEW YORK,SCHOHARIE,25.54041533439496,0.0194401131896251,2289.61824,8.386880000000001,2615.613,9.581,230.3869083768099,0.0,23447.05859168105,11.580274377245324,20962.23948,76.78476,2910.0,6080.0,9100.0,385000.0,91000.0,132.3,15.0
2021,NEW YORK,SCHUYLER,35.44933708263846,0.026980055386588,3365.44572,12.32764,2101.01892,7.69604,146.3257110974078,0.0,12507.37820052115,5.739028647183221,14970.79038,54.83806,1640.0,2710.0,4500.0,250000.0,51000.0,152.4,19.0
2021,NEW YORK,SENECA,12.485779101497132,0.0095000616514848,7548.8595,27.6515,3416.00532,12.51284,280.4605139561089,0.0,12883.625677593447,6.363097517621663,21084.663600000003,77.2332,22300.0,3250.0,25900.0,3951000.0,70000.0,177.2,21.5
2021,NEW YORK,ST LAWRENCE,22.458223167799662,0.01710052527664,5853.76428,21.44236,4676.08596,17.12852,394.2954273948034,0.0,102590.14498800963,47.0736369817565,35256.4212,129.14440000000002,10400.0,20900.0,31600.0,1610000.0,376000.0,154.8,18.0
2021,NEW YORK,STEUBEN,4.31858294726799,0.003280266733983,44117.3733,161.6021,15318.35214,56.11118,660.1855827144325,0.0,52292.69838427761,23.99458057911579,63342.7977,232.0249,26200.0,16200.0,43300.0,4291000.0,308000.0,163.8,19.0
2021,NEW YORK,SUFFOLK,2.622552337052289e-05,8.436678889861086e-08,0.0,0.0,5177.04096,18.96352,995.9219043387056,0.0,16457.97669364648,8.128434748499972,15238.89822,55.82014,400.0,0.0,500.0,51300.0,0.0,128.3,0.0
2021,NEW YORK,TIOGA,3.0840198080390235e-05,9.921207078613013e-08,2383.65582,8.73134,2529.74904,9.26648,339.2680112042016,0.0,19353.942114459445,8.88058443984531,18316.3617,67.0929,3560.0,4130.0,7800.0,563000.0,75000.0,158.1,18.0
2021,NEW YORK,TOMPKINS,13.595306382351104,0.0103400851440054,4795.82922,17.56714,3508.55232,12.85184,481.64106225270064,0.0,17632.324874797414,8.09061786975365,24899.1288,91.2056,5370.0,8240.0,13800.0,719000.0,160000.0,133.9,19.5
2021,NEW YORK,ULSTER,6.691278320969576e-05,2.152565871007958e-07,295.14576,1.08112,1569.0402,5.7474,999.4007820986268,0.0,41991.49854946195,20.739193055413647,10509.27696,38.49552,920.0,360.0,1300.0,128700.0,6700.0,139.9,18.5
2021,NEW YORK,WASHINGTON,5.041622954802209e-05,1.6218762673475218e-07,1273.8070799999998,4.66596,5052.28542,18.50654,413.3947632548153,0.0,31638.992258034574,14.517597535293426,33177.089400000004,121.5278,4690.0,20600.0,25600.0,749000.0,412000.0,159.7,20.0
2021,NEW YORK,WAYNE,11.064993963076065,0.0084001094796649,11838.10446,43.36302,4632.79908,16.96996,478.8535693840802,0.0,22147.294576990447,10.938333561644372,27306.17526,100.02262,22300.0,4370.0,27000.0,3935000.0,89000.0,176.5,20.5
2021,NEW YORK,WYOMING,8.089894931519584,0.0061601120905686,28532.332920000004,104.51404,10467.92292,38.34404,246.7181748879616,0.0,22381.024080867723,10.269565395251693,45066.27216,165.07792,24700.0,28500.0,53800.0,4139000.0,597000.0,167.6,21.0
2021,NEW YORK,YATES,10.534640449876331,0.0080200657506283,5421.22308,19.85796,3285.70242,12.03554,186.19152729801837,0.0,13248.47171311245,6.543291428949169,22189.1124,81.2788,13900.0,5180.0,19600.0,2395000.0,96000.0,172.3,18.5
2021,NORTH CAROLINA,ALAMANCE,1.3607026555092805,0.0010400728821514,995.40168,3.64616,3517.6268399999994,12.88508,528.593426690179,0.0,14217.59400008337,7.021931508443341,19565.98098,71.67026,3850.0,0.0,4100.0,631000.0,0.0,163.9,0.0
2021,NORTH CAROLINA,ALEXANDER,8.316615392448554,0.0063200495490681,560.3761800000001,2.05266,1789.55322,6.555140000000001,332.17225060891013,0.0,9776.733644294774,4.486068427846038,9153.804660000002,33.53042,1450.0,0.0,2500.0,199000.0,0.0,137.2,0.0
2021,NORTH CAROLINA,ANSON,3.178493461998372e-05,1.0225126230481206e-07,6732.42024,24.66088,2877.3927000000003,10.5399,247.666163447884,0.0,19946.81691549172,9.851539029122687,17064.95154,62.50898,9200.0,0.0,9500.0,1279000.0,0.0,139.0,0.0
2021,NORTH CAROLINA,ASHE,2.578040710962134e-05,8.29348621039285e-08,45.27432,0.16584,186.40986,0.6828199999999999,203.56570124532325,0.0,16178.641446666632,7.423593118105023,186.73746000000008,0.68402,100.0,0.0,200.0,14100.0,0.0,141.0,0.0
2021,NORTH CAROLINA,BEAUFORT,346.6878435427464,0.263780141178197,26442.89466,96.86042,8930.305020000002,32.71174,415.46509224098605,0.0,30647.06709784083,15.136288607934915,49588.36973999999,181.64238,40000.0,0.0,41000.0,5956000.0,0.0,148.9,0.0
2021,NORTH CAROLINA,BERTIE,2633.973026552748,2.003900086394195,19235.60184,70.46007999999999,9258.42372,33.91364,186.79128901335216,0.0,26382.929045721183,13.030272263372286,61937.3664,226.8768,12800.0,0.0,13100.0,1920000.0,0.0,150.0,0.0
2021,NORTH CAROLINA,BLADEN,251.49424606926345,0.1913401454421688,15420.17022,56.48414,7463.3286,27.3382,283.68980400736694,0.0,32796.238284559106,15.0486015548078,40728.7881,149.1897,23800.0,0.0,24400.0,3352000.0,0.0,140.8,0.0
2021,NORTH CAROLINA,BRUNSWICK,4.819973225323474e-05,1.550572157712917e-07,2791.0864799999995,10.22376,1406.0319,5.1503,1677.3904065028069,0.0,30248.01674522012,14.939201516792329,8242.98384,30.19408,7450.0,0.0,7600.0,1178000.0,0.0,158.1,0.0
2021,NORTH CAROLINA,BURKE,3.002263759697645e-05,9.658200114971081e-08,329.17247999999995,1.20576,1425.1419,5.2203,420.85020294968905,0.0,18840.87737246866,8.645163938047254,8223.9339,30.1243,1140.0,0.0,1300.0,151300.0,0.0,132.7,0.0
2021,NORTH CAROLINA,CABARRUS,15.579495063174091,0.0118600473241722,3098.413500000001,11.3495,2584.12518,9.46566,366.86068359777175,0.0,11047.99405437536,5.069388112796347,13988.126880000002,51.23856,4090.0,0.0,4600.0,679000.0,0.0,166.0,0.0
2021,NORTH CAROLINA,CALDWELL,2.647987551994037e-05,8.518503278235093e-08,270.08982000000003,0.98934,1141.7187600000002,4.18212,371.7748818638956,0.0,16617.596834985467,7.625008435368898,6612.80256,24.22272,1500.0,0.0,1600.0,243000.0,0.0,162.0,0.0
2021,NORTH CAROLINA,CAMDEN,180.5566280805253,0.1373600248003964,17435.19414,63.86518,5066.99466,18.56042,55.73695843063993,0.0,8984.333657795098,4.437275082807222,17882.55924,65.50388,19200.0,0.0,19600.0,3257000.0,0.0,169.6,0.0
2021,NORTH CAROLINA,CASWELL,59.08400378967454,0.0449600763241677,557.30766,2.04142,1891.33854,6.92798,171.41869997304357,0.0,16041.824183492356,7.922901067952341,10068.50754,36.88098,940.0,0.0,1000.0,120600.0,0.0,128.3,0.0
2021,NORTH CAROLINA,CATAWBA,2.14382525639801e-05,6.896627010515024e-08,820.61616,3.00592,2024.66082,7.41634,451.5213880816021,0.0,13453.69760845526,6.6446505042503565,9675.78066,35.44242,4050.0,0.0,4200.0,557000.0,0.0,137.5,0.0
2021,NORTH CAROLINA,CHATHAM,4.066909184289329e-05,1.308313522567914e-07,865.72668,3.17116,2437.62246,8.92902,384.4083162288628,0.0,25522.120426180867,12.605127251617532,13828.71126,50.65462,3150.0,0.0,3500.0,470000.0,0.0,149.2,0.0
2021,NORTH CAROLINA,CHEROKEE,2.7678964226322303e-05,8.904246824065487e-08,155.54994,0.56978,576.9199799999999,2.1132599999999995,202.41419193798112,0.0,17370.091788257974,7.970291837250177,2819.25462,10.32694,870.0,0.0,1100.0,158600.0,0.0,182.3,0.0
2021,NORTH CAROLINA,CHOWAN,1461.4008055882005,1.1118200171525583,9446.18766,34.60142,3812.64156,13.96572,207.03779732807976,0.0,6213.784065143853,2.851203840288868,22951.56318,84.07166,5480.0,0.0,5600.0,889000.0,0.0,162.2,0.0
2021,NORTH CAROLINA,CLEVELAND,2.7161175920083032e-05,8.737675747067426e-08,1260.61026,4.6176200000000005,2534.25354,9.28298,376.9593376998264,0.0,17045.150784948695,8.41843432596944,11478.21402,42.04474,5400.0,0.0,6200.0,673000.0,0.0,124.6,0.0
2021,NORTH CAROLINA,COLUMBUS,555.9796697547479,0.4229801570814744,30422.67774,111.43838,9349.3764,34.2468,398.53143868421387,0.0,35429.97061156512,17.498518172562235,52087.0896,190.7952,39000.0,0.0,40400.0,5255000.0,0.0,134.7,0.0
2021,NORTH CAROLINA,CRAVEN,234.77763320222564,0.1786201081786515,10023.92664,36.71768,3979.81584,14.57808,707.9296508917816,0.0,24718.31900321513,11.342036563966232,25370.33772,92.93164,17700.0,0.0,18300.0,2726000.0,0.0,154.0,0.0
2021,NORTH CAROLINA,CUMBERLAND,394.06747708172713,0.2998000505874159,9440.749500000002,34.5815,4440.00102,16.263740000000002,957.2020628165934,0.0,19695.985269488127,9.727655716772022,24153.02526,88.47262,9900.0,0.0,10100.0,1517000.0,0.0,153.2,0.0
2021,NORTH CAROLINA,CURRITUCK,7.648154367016149,0.005800046122952,10506.421380000002,38.48506,3084.14652,11.29724,237.21342911376564,0.0,9326.376817620334,4.606206875430521,12491.26788,45.75556,9750.0,0.0,9900.0,1524000.0,0.0,156.3,0.0
2021,NORTH CAROLINA,DAVIDSON,2.366311426191121,0.0018001009250281,1606.8834599999998,5.88602,3761.81988,13.77956,543.9734539448261,0.0,19963.91907956588,9.160473255930029,21854.23968,80.05216,5650.0,0.0,7000.0,742000.0,0.0,131.3,0.0
2021,NORTH CAROLINA,DAVIE,10.878314281456593,0.0082800455496961,777.71148,2.8487600000000004,2367.46146,8.67202,412.2774906148649,0.0,9617.11350295579,4.412826494234907,14136.82452,51.78324,7950.0,0.0,8200.0,1224000.0,0.0,154.0,0.0
2021,NORTH CAROLINA,DUPLIN,2712.361694862031,2.0635200495538606,23773.24404,87.08148,13928.94594,51.02178,398.3659269839807,0.0,30618.56349904482,15.122210957490786,78739.61004,288.42348000000004,44300.0,0.0,45800.0,6729000.0,0.0,151.9,0.0
2021,NORTH CAROLINA,DURHAM,2.236931046150474,0.0017000355351628,339.30624,1.24288,392.1918,1.4366,471.6480491148024,0.0,6932.07470044254,3.180792541205487,1614.44556,5.91372,510.0,0.0,600.0,65200.0,0.0,127.8,0.0
2021,NORTH CAROLINA,EDGECOMBE,2811.457565190404,2.1389200128859995,26059.3242,95.4554,10321.87338,37.80906,416.0273935123093,0.0,18726.86298164511,8.592848269276617,56790.66666,208.02442,12300.0,0.0,12600.0,1616000.0,0.0,131.4,0.0
2021,NORTH CAROLINA,FRANKLIN,156.7406681887851,0.1192400927949515,2897.7585,10.6145,1624.98336,5.95232,413.7711481477349,0.0,18202.39680856622,8.98998689078547,7245.10332,26.53884,2260.0,0.0,2400.0,291000.0,0.0,128.8,0.0
2021,NORTH CAROLINA,GATES,744.1623140150688,0.5661600435027976,9231.62058,33.81546,3694.05582,13.53134,254.39524670316604,0.0,13066.04869535295,6.453194473285415,25536.69846,93.54102,5300.0,0.0,5400.0,897000.0,0.0,169.2,0.0
2021,NORTH CAROLINA,GRANVILLE,3.121264228437344e-05,1.0041021356825969e-07,1708.52682,6.25834,1752.28872,6.41864,607.3506016067803,0.0,19587.67159784237,9.67416064695078,8417.42538,30.83306,2040.0,0.0,2400.0,264000.0,0.0,129.4,0.0
2021,NORTH CAROLINA,GREENE,2039.91912259823,1.551960006801925,14239.6254,52.1598,5391.6681,19.7497,188.0167737987722,0.0,9885.047311580034,4.535768311344057,31902.56706,116.85922,12600.0,0.0,12900.0,1655000.0,0.0,131.3,0.0
2021,NORTH CAROLINA,GUILFORD,2.9014313004394712e-05,9.333824860980013e-08,993.0921,3.6377,3384.8997,12.3989,451.63338440079286,0.0,18208.097526290527,8.354811986874527,18097.48668,66.29116,4520.0,0.0,5400.0,705000.0,0.0,156.0,0.0
2021,NORTH CAROLINA,HALIFAX,1771.608679562592,1.3478000610515388,20692.65744,75.79728,7888.09476,28.89412,724.1882639475147,0.0,27243.7376614824,13.45541727326058,46252.10772,169.42164,7150.0,0.0,7300.0,1122000.0,0.0,156.9,0.0
2021,NORTH CAROLINA,HARNETT,668.0029977975857,0.5082400545432764,9121.22484,33.41108,4668.370980000001,17.10026,747.2834406996755,0.0,21577.222649035644,10.656780576451418,19062.18132,69.82484000000001,6650.0,0.0,6800.0,931000.0,0.0,140.0,0.0
2021,NORTH CAROLINA,HAYWOOD,3.241173098612311e-05,1.0426764901166177e-07,76.86042,0.28154,325.12116,1.19092,481.3063152804369,0.0,20340.16654820788,9.333114953202497,513.7314,1.8818,300.0,0.0,1600.0,50000.0,0.0,166.7,0.0
2021,NORTH CAROLINA,HERTFORD,831.5971962449364,0.6326600539971224,10899.42126,39.92462,5174.169,18.953,225.94266274958952,0.0,13276.975309582864,6.092159398079563,34590.03366,126.70342,9500.0,0.0,9700.0,1470000.0,0.0,154.7,0.0
2021,NORTH CAROLINA,HYDE,511.924711352414,0.389460101955597,14237.67618,52.15266,5820.99336,21.32232,112.38396482428664,0.0,22477.93630674502,10.31403371080554,31452.45012,115.21044,29800.0,0.0,30800.0,5002000.0,0.0,167.9,0.0
2021,NORTH CAROLINA,JACKSON,2.933225318479721e-05,9.436105344398514e-08,18.41112,0.06744,75.74112,0.27744,298.7467635476041,0.0,18407.62269896713,8.446364402054355,57.20442,0.20954,110.0,0.0,200.0,17600.0,0.0,160.0,0.0
2021,NORTH CAROLINA,JOHNSTON,1442.1502385398928,1.097200060288876,34599.7743,126.7391,12074.15664,44.22768,493.4491001155897,0.0,28001.93333247921,12.848727766536776,37167.0936,136.1432,10700.0,0.0,10900.0,1494000.0,0.0,139.6,0.0
2021,NORTH CAROLINA,JONES,174.1749243769089,0.1325000787768255,8822.49186,32.31682,4136.348580000001,15.15146,352.7112164730973,0.0,17638.025600661316,8.711249435824918,26643.06918,97.59366,15800.0,0.0,16100.0,2371000.0,0.0,150.1,0.0
2021,NORTH CAROLINA,LENOIR,1716.6673884474603,1.3060200272359503,16572.328500000003,60.7045,7421.33574,27.18438,399.0247375119557,0.0,14776.264492589571,6.780110416569506,48618.47172,178.08963999999995,25800.0,0.0,26400.0,3888000.0,0.0,150.7,0.0
2021,NORTH CAROLINA,LINCOLN,1.6841745871237508e-05,5.417943423008285e-08,647.15196,2.37052,1385.5296,5.0752,322.1408803229924,0.0,10569.133630358405,4.8496623119629545,6361.6644,23.3028,1300.0,0.0,4500.0,162000.0,0.0,124.6,0.0
2021,NORTH CAROLINA,MADISON,3.913166157663987,0.0029800837536629,36.42912,0.13344,131.76618,0.4826599999999999,128.3553221064863,0.0,16971.041432730257,7.787187002221939,170.69052,0.6252399999999999,230.0,0.0,300.0,35000.0,0.0,152.2,0.0
2021,NORTH CAROLINA,MARTIN,1252.2177148979365,0.9526800482317356,14970.5283,54.8371,5936.30856,21.74472,188.9183662635324,0.0,17472.70473360378,8.017375936209213,37585.3023,137.6751,6850.0,0.0,7000.0,840000.0,0.0,122.6,0.0
2021,NORTH CAROLINA,MOORE,9.945760970861755,0.00756013178751,858.4758,3.1446,2008.64664,7.35768,399.0440587595317,0.0,25835.659985320537,12.759981392863468,9853.78758,36.09446,3000.0,0.0,3100.0,390000.0,0.0,130.0,0.0
2021,NORTH CAROLINA,NASH,2307.1594891006584,1.7552800268653863,29448.03498,107.86826,8786.18832,32.183840000000004,408.9895971897104,0.0,19473.657217193304,8.935515888553041,23124.23568,84.70416,6050.0,0.0,6200.0,838000.0,0.0,138.5,0.0
2021,NORTH CAROLINA,NORTHAMPTON,425.59550584481326,0.3237800810218633,17766.50148,65.07876,6938.294999999999,25.415,524.769342179797,0.0,20602.399650735817,10.17532497103206,44730.85344,163.84928,14400.0,0.0,14700.0,2232000.0,0.0,155.0,0.0
2021,NORTH CAROLINA,ONSLOW,279.7997167822202,0.2128601176076776,7477.49184,27.39008,4361.2296,15.9752,762.3201349966259,0.0,26519.746301191917,13.097844976243609,24960.89232,91.43184,11000.0,0.0,11300.0,1518000.0,0.0,138.0,0.0
2021,NORTH CAROLINA,ORANGE,23.28938182886479,0.0177200702228588,780.9765600000001,2.86072,1652.49084,6.05308,794.2210589073195,0.0,13698.828540368291,6.765718289311886,8884.468320000002,32.54384,3000.0,0.0,3200.0,513000.0,0.0,171.0,0.0
2021,NORTH CAROLINA,PAMLICO,162.8696579294111,0.123920058276883,6403.80468,23.45716,1705.7040000000002,6.248,227.05001885555995,0.0,12621.39258785631,5.791344314353201,7681.82142,28.13854,12000.0,0.0,12300.0,1778000.0,0.0,148.2,0.0
2021,NORTH CAROLINA,PASQUOTANK,821.7364871262372,0.6251800218734461,20670.59904,75.71648,5862.36924,21.47388,401.4113231385068,0.0,7923.999862089776,3.91358652555296,23135.01918,84.74366,19200.0,0.0,19600.0,3300000.0,0.0,171.9,0.0
2021,NORTH CAROLINA,PENDER,18.794991691918387,0.0143001662608206,6271.083,22.971,3122.10444,11.43628,445.18065901757217,0.0,32482.69871233793,14.904733466855692,19771.861200000003,72.4244,15500.0,0.0,15900.0,2353000.0,0.0,151.8,0.0
2021,NORTH CAROLINA,PERQUIMANS,1725.459728269511,1.3127000253826393,14510.99286,53.15382,4766.0886,17.458199999999998,417.2530938456024,0.0,9195.26027333316,4.219258527319975,28161.18942,103.15454,15400.0,0.0,15700.0,2359000.0,0.0,153.2,0.0
2021,NORTH CAROLINA,PERSON,218.5713818155955,0.166280069911202,1442.08428,5.282360000000001,2100.86058,7.69546,284.4705889780768,0.0,15141.110530143467,6.947520550633081,10413.0117,38.1429,3630.0,0.0,3700.0,495000.0,0.0,136.4,0.0
2021,NORTH CAROLINA,PITT,1699.4112146255072,1.2929000444228032,27425.89668,100.46116,8944.19526,32.76262,480.83822097527553,0.0,22517.84133081515,11.121343002342831,54432.93492,199.38804,19900.0,0.0,20400.0,2603000.0,0.0,130.8,0.0
2021,NORTH CAROLINA,RANDOLPH,4.515659047226157e-05,1.452675121838133e-07,1511.9941199999998,5.53844,3795.125880000001,13.901560000000002,483.6757428994512,0.0,28338.275772690584,13.003058983574428,21453.01704,78.58248,6000.0,0.0,10400.0,899000.0,0.0,149.8,0.0
2021,NORTH CAROLINA,ROBESON,2906.3306595076388,2.211080063684557,48351.1392,177.1104,15663.123839999998,57.37408,401.4762354103416,0.0,34819.993637737694,17.19725647301458,87171.93576,319.31112,64200.0,0.0,65700.0,8936000.0,0.0,139.2,0.0
2021,NORTH CAROLINA,ROCKINGHAM,3.311119941960343e-05,1.065178197645934e-07,718.5141600000001,2.63192,2449.19766,8.971419999999998,373.684486167421,0.0,20779.12195106171,9.534530277135772,12334.99722,45.18314,2750.0,0.0,3200.0,405000.0,0.0,147.3,0.0
2021,NORTH CAROLINA,ROWAN,191.6931204048477,0.1458400620407988,2161.92522,7.91914,3308.6125800000004,12.11946,384.72783730168624,0.0,17871.755086079145,8.200480769836876,18635.97372,68.26364,10700.0,0.0,11200.0,1610000.0,0.0,150.5,0.0
2021,NORTH CAROLINA,RUTHERFORD,3.331104752459505e-05,1.0716072563333067e-07,535.04724,1.95988,1623.52008,5.94696,396.7529866962451,0.0,20904.53776861288,9.592077507114482,8538.74112,31.27744,940.0,0.0,1000.0,119900.0,0.0,127.6,0.0
2021,NORTH CAROLINA,SAMPSON,3823.071793589791,2.90854004190766,33315.134580000005,122.03346,16445.050440000003,60.23828,358.90700734538467,0.0,35937.33463292459,16.489898174916483,79704.16818,291.95666,31500.0,0.0,32300.0,4760000.0,0.0,151.1,0.0
2021,NORTH CAROLINA,SCOTLAND,1012.3594939513536,0.770180045252548,6548.724,23.988000000000003,1930.71606,7.07222,249.5520286994584,0.0,11526.85447693882,5.289113912962801,10718.24754,39.26098,8830.0,0.0,8900.0,1064000.0,0.0,120.5,0.0
2021,NORTH CAROLINA,STANLY,2.372742190642128e-05,7.633046505135987e-08,9308.43186,34.09682,4556.19528,16.68936,343.9275950196708,0.0,14890.278879052636,7.354164032937991,26169.834599999995,95.8602,13200.0,0.0,13600.0,1886000.0,0.0,142.9,0.0
2021,NORTH CAROLINA,STOKES,2.653437955278559e-05,8.536037076009913e-08,513.04344,1.87928,1903.902,6.974,362.701030600657,0.0,16651.801151505784,8.224162764628524,11404.629599999998,41.7752,1950.0,0.0,2200.0,294000.0,0.0,150.8,0.0
2021,NORTH CAROLINA,SURRY,218.27048764565143,0.1660600875484496,1090.57494,3.99478,3741.69432,13.70584,539.7288649099274,0.0,19741.591025817557,9.058457705662192,21896.87682,80.20834,12400.0,0.0,12800.0,2025000.0,0.0,163.3,0.0
2021,NORTH CAROLINA,TRANSYLVANIA,2.2464745166738197e-05,7.226846863516004e-08,70.63056,0.25872,407.40336,1.49232,279.3662074176157,0.0,14097.878892989009,6.96280538045448,2290.90134,8.391580000000001,1360.0,0.0,1600.0,213000.0,0.0,156.6,0.0
2021,NORTH CAROLINA,TYRRELL,1222.100112944329,0.92976003963972,12720.39132,46.59484,4244.72958,15.54846,58.69468951857498,0.0,14360.111981708696,7.092319754562112,18961.50984,69.45608,21000.0,0.0,21500.0,3717000.0,0.0,177.0,0.0
2021,NORTH CAROLINA,UNION,3.344730760555002e-05,1.0759907057397569e-07,14424.29898,52.83626,8430.17994,30.87978,635.1037920577098,0.0,20990.04855918693,10.366780999699818,46669.03878,170.94886,30800.0,0.0,31900.0,4771000.0,0.0,154.9,0.0
2021,NORTH CAROLINA,WAKE,57.65732555663629,0.0438800825312545,5733.85176,21.00312,2590.15848,9.48776,1543.603997415308,0.0,17586.719119921494,8.68590966358974,9627.22488,35.26456,1130.0,0.0,1200.0,140100.0,0.0,124.0,0.0
2021,NORTH CAROLINA,WARREN,2.752766307747432,0.0021000846513721,1254.9263999999998,4.5968,723.05142,2.64854,156.3887585986627,0.0,16571.991078656043,8.184745345251415,3085.53882,11.30234,2020.0,0.0,2100.0,278000.0,0.0,137.6,0.0
2021,NORTH CAROLINA,WASHINGTON,1745.909831875175,1.3282800360633245,22963.8591,84.1167,7732.68678,28.32486,563.6729478468741,0.0,12923.530711692722,6.382806226161627,34976.29044,128.11828,32600.0,0.0,33400.0,4960000.0,0.0,152.1,0.0
2021,NORTH CAROLINA,WAYNE,3949.214880618936,3.00454,21365.02914,78.26018,9047.56398,33.14126,410.1848131792654,0.0,19752.992465626656,9.755811016942417,54703.92018,200.38066,24200.0,0.0,25000.0,3658000.0,0.0,151.2,0.0
2021,NORTH CAROLINA,WILKES,434.8982787014208,0.3308601252678509,790.4988,2.8956,3764.34786,13.78882,402.70995905680735,0.0,28247.06425857824,13.95095052912407,23253.97074,85.17938,5500.0,0.0,8100.0,874000.0,0.0,158.9,0.0
2021,NORTH CAROLINA,WILSON,2140.010766183621,1.6280800182150248,26166.42756,95.84772,7578.11964,27.75868,358.00145346383425,0.0,13208.566677995725,6.06076999815106,28104.3126,102.9462,10600.0,0.0,10800.0,1359000.0,0.0,128.2,0.0
2021,NORTH CAROLINA,YADKIN,244.6616569698692,0.1861400549611116,1173.52872,4.29864,3416.05446,12.51302,282.670083016192,0.0,12393.363813767386,5.686712980280017,19685.94264,72.10968,13800.0,0.0,14200.0,2296000.0,0.0,166.4,0.0
2021,NORTH DAKOTA,ADAMS,9.343979462958774,0.0071201915275144,2793.5271,10.2327,1092.4641,4.0017,230.75434651717907,0.0,37362.51446664893,17.143844010886408,11910.78252,43.62924,39500.0,4730.0,48400.0,2279000.0,36800.0,57.7,7.8
2021,NORTH DAKOTA,BARNES,1859.5562100340856,1.4147200884356002,33271.59108,121.87396,6285.906900000001,23.0253,231.69584259413887,0.0,56511.23067120149,27.910347645930287,73109.55288,267.80056,196600.0,920.0,202000.0,23513000.0,11500.0,119.6,12.5
2021,NORTH DAKOTA,BENSON,1970.4493557529568,1.4990801011004362,18930.2295,69.34150000000001,5297.60322,19.40514,284.54063692640347,0.0,51015.737244117976,23.408645105891637,65220.54084,238.90308,54500.0,0.0,65300.0,4976000.0,0.0,91.3,0.0
2021,NORTH DAKOTA,BILLINGS,0.0255092380652248,2.0222737674085472e-05,1505.34384,5.51408,693.9769200000001,2.54204,310.6465401805376,0.0,43450.88270813691,19.93750061839542,5887.85652,21.56724,4110.0,1520.0,8100.0,176700.0,6800.0,43.0,4.5
2021,NORTH DAKOTA,BOTTINEAU,4640.330655673673,3.530320036779416,23339.92206,85.49422,6804.9345,24.9265,249.79396050616103,0.0,63887.96148190232,31.553643305425226,85755.63906,314.12322,39100.0,0.0,45800.0,2940000.0,0.0,75.2,0.0
2021,NORTH DAKOTA,BURLEIGH,40.8644168702272,0.0310803118296478,4856.653620000001,17.789939999999998,1587.20562,5.8139400000000006,267.44781223697777,0.0,61031.90110623524,30.14306284140327,21131.73972,77.40564,44700.0,24500.0,84100.0,2414000.0,125000.0,54.0,5.1
2021,NORTH DAKOTA,CASS,2229.6459644027104,1.6963002053557197,90286.64736,330.72032,27663.42306,101.33122,1102.1425991000929,0.0,65187.72549920921,32.19558412231834,71273.66063999999,261.07568,343500.0,1200.0,347000.0,49240000.0,16800.0,143.3,14.0
2021,NORTH DAKOTA,CAVALIER,13268.7691419671,10.094700061638388,39069.78348,143.11275999999998,11668.59876,42.74212,166.62243331081623,0.0,57109.80620787973,26.204917498093025,139552.23828,511.18036,6800.0,0.0,7100.0,527000.0,0.0,77.5,0.0
2021,NORTH DAKOTA,DICKEY,1178.2145611066244,0.8963600567905062,21927.60024,80.32088,9454.11012,34.63044,238.09636057883216,0.0,42721.19062608139,19.60268034708029,83580.48972,306.15563999999995,184200.0,4500.0,192000.0,22767000.0,47900.0,123.6,10.5
2021,NORTH DAKOTA,DIVIDE,2352.1917809212628,1.7895000567845654,6192.49722,22.68314,2435.59134,8.92158,332.97816342101754,0.0,48724.048072925536,24.064333837369222,37777.5216,138.3792,1200.0,1220.0,2900.0,99500.0,15300.0,82.9,12.5
2021,NORTH DAKOTA,DUNN,1.6481416302983851,0.0012403913149962,5967.03744,21.85728,2741.0837999999994,10.0406,444.19153903938695,0.0,76338.33249849432,37.70276055639641,15896.9265,58.230500000000006,24300.0,5980.0,33200.0,1558000.0,50000.0,64.1,8.4
2021,NORTH DAKOTA,EDDY,394.85011824918297,0.30040005566394,7224.84126,26.46462,1927.50558,7.060460000000001,69.48109457122973,0.0,24022.83124086309,11.022910994409424,23927.88762,87.64794,39000.0,3000.0,44300.0,3011000.0,27000.0,77.2,9.0
2021,NORTH DAKOTA,EMMONS,1.0143903777509595,0.0007802907269752,8385.129480000001,30.714760000000005,2884.17402,10.56474,191.9170061340957,0.0,56739.259447223565,26.034891578956906,34037.0121,124.6777,129000.0,16400.0,157500.0,9662000.0,121000.0,74.9,7.4
2021,NORTH DAKOTA,FOSTER,717.3348745213366,0.5457400422337169,11772.45342,43.12254,2532.3207,9.2759,146.7066932414736,0.0,24028.531960186247,11.025526777747915,33390.94668,122.31116,86000.0,3690.0,92300.0,7104000.0,46100.0,82.6,12.5
2021,NORTH DAKOTA,GOLDEN VALLEY,5.938214281348272e-05,1.9103072363174614e-07,1298.26242,4.755540000000001,577.9300800000001,2.11696,201.57084011412724,0.0,37265.602239289045,18.405118794617856,5860.99332,21.46884,6740.0,0.0,11100.0,187200.0,0.0,27.8,0.0
2021,NORTH DAKOTA,GRAND FORKS,3850.536205772434,2.9294200686757965,82824.53088,303.38656,23282.71218,85.28466,374.80144501778767,0.0,53432.842247309374,26.38996151949929,88631.70498000001,324.65826,154700.0,470.0,159000.0,19075000.0,6800.0,123.3,14.5
2021,NORTH DAKOTA,GRANT,0.6549996729949851,0.0005003206639328,3725.67468,13.64716,1391.21892,5.09604,156.9117683437521,0.0,62553.99316045893,28.70299058587822,17037.96822,62.41014,55500.0,0.0,75300.0,3324000.0,0.0,59.9,0.0
2021,NORTH DAKOTA,GRIGGS,798.5845922796315,0.6075600326931418,13092.40296,47.95752,2661.5316000000003,9.7492,126.5904938240793,0.0,26930.19808917402,12.356960494058516,31286.00202,114.60074,49800.0,1120.0,53100.0,5164000.0,14000.0,103.7,12.5
2021,NORTH DAKOTA,HETTINGER,43.58628825721177,0.0331602205459492,6204.34542,22.72654,2345.17374,8.59038,179.05028628682444,0.0,43023.32874917652,19.741316863546785,28144.705679999995,103.09416,35100.0,0.0,38100.0,2633000.0,0.0,75.0,0.0
2021,NORTH DAKOTA,KIDDER,108.78241804982038,0.0827602508221749,7903.82502,28.95174,2481.25332,9.08884,222.2979679255816,0.0,51266.568891487856,25.32006016115025,24860.8542,91.0654,37400.0,14100.0,56000.0,3583000.0,118000.0,95.8,8.4
2021,NORTH DAKOTA,LA MOURE,1456.4550179134894,1.1080600443317905,19683.11982,72.09934,6162.248820000001,22.57234,152.3679713361158,0.0,43017.62803431561,19.73870108225579,58338.08526,213.69262,186300.0,1150.0,193500.0,21741000.0,16700.0,116.7,14.5
2021,NORTH DAKOTA,LOGAN,146.48758999527132,0.1114601578017278,7641.29184,27.99008,2010.56856,7.36472,128.93030656625592,0.0,37636.14898777941,18.58812823268174,24815.97846,90.90102,43100.0,0.0,60700.0,4163000.0,0.0,96.6,0.0
2021,NORTH DAKOTA,MCHENRY,1066.1805630559072,0.8111401930480936,13891.839779999998,50.88586,4053.51492,14.84804,221.50773259425227,0.0,71333.10093014964,32.73129693267634,54005.406,197.82199999999995,68400.0,10700.0,88700.0,2771000.0,68000.0,40.5,6.4
2021,NORTH DAKOTA,MCINTOSH,117.43018929600086,0.0893201574021082,8048.16012,29.48044,2295.36762,8.40794,110.5247487665466,0.0,36228.07131421932,16.62330312325873,27308.3265,100.0305,55900.0,12600.0,75300.0,2666000.0,63000.0,47.7,5.0
2021,NORTH DAKOTA,MCLEAN,964.321150637733,0.7336402204605998,18858.021,69.077,5927.05932,21.71084,217.25627807767967,0.0,80089.40580644298,39.555379209834605,82147.0923,300.9051,76100.0,1980.0,88400.0,4125000.0,11900.0,54.2,6.0
2021,NORTH DAKOTA,MERCER,44.71961835423606,0.0340201868822755,3273.84876,11.99212,1235.43966,4.52542,238.85738082135305,0.0,39437.57629123588,19.47783567138318,9878.35758,36.18446,16600.0,10000.0,32900.0,903000.0,60000.0,54.4,6.0
2021,NORTH DAKOTA,NELSON,4991.603175149878,3.7975600388708415,21252.52584,77.84808,5220.43158,19.12246,144.80380380056943,0.0,36957.76338624569,18.25308017671278,54355.78512,199.10544,37500.0,1400.0,39400.0,3960000.0,18200.0,105.6,13.0
2021,NORTH DAKOTA,PEMBINA,10486.532297278934,7.978000049336864,116675.41704,427.38248,38459.56842,140.87754,268.8273607584487,0.0,42333.54171248489,20.908124849616257,72813.3861,266.7157,36800.0,0.0,38300.0,3846000.0,0.0,104.5,0.0
2021,NORTH DAKOTA,PIERCE,730.6032241672376,0.5558200700444405,9186.29712,33.64944,2721.77178,9.96986,179.396672640702,0.0,38924.51155844576,19.22443798587964,33906.9822,124.2014,28000.0,3140.0,37100.0,1036000.0,26700.0,37.0,8.5
2021,NORTH DAKOTA,RAMSEY,10368.648603303483,7.88834,22304.24196,81.70052000000001,5985.50862,21.92494,283.01887814352506,0.0,44277.48700691269,21.868220539052366,80919.24204,296.40748,60700.0,0.0,63300.0,6695000.0,0.0,110.3,0.0
2021,NORTH DAKOTA,RANSOM,1404.6387813244598,1.0686400631601287,22585.36644,82.73028,7484.16396,27.414520000000003,174.40122164124975,0.0,32203.36346797438,14.776560084403444,65419.5906,239.6322,108600.0,11500.0,125000.0,15052000.0,130000.0,138.6,11.5
2021,NORTH DAKOTA,RENVILLE,3304.4688623073507,2.5140199999999995,14314.929719999998,52.43564,4607.09886,16.87582,193.5362507893424,0.0,33514.52891350599,15.378190252809889,58484.69718,214.22966000000005,23800.0,900.0,25000.0,1940000.0,12200.0,81.5,13.5
2021,NORTH DAKOTA,RICHLAND,1298.0864440413725,0.9876002088451216,73240.72392,268.28104,25593.90288,93.75056,510.16678278060033,0.0,54082.72424099178,26.710931920551804,82503.17166,302.20942,305500.0,1800.0,315000.0,45539000.0,31500.0,149.1,17.5
2021,NORTH DAKOTA,ROLETTE,1827.7640531843665,1.3905400347258887,9206.01864,33.72168,2923.38774,10.708380000000002,115.20617966698596,0.0,35230.44543060357,17.399974624693762,30604.867020000005,112.10574,10300.0,1650.0,13400.0,503000.0,13200.0,48.8,8.0
2021,NORTH DAKOTA,SARGENT,1048.471828713959,0.7976600892600345,17630.83686,64.58182000000001,6851.00598,25.09526,156.13567470537555,0.0,32237.567781791196,15.9218214390712,58585.37412000001,214.59844,150900.0,800.0,157000.0,21352000.0,12000.0,141.5,15.0
2021,NORTH DAKOTA,SLOPE,18.855673373482578,0.01436023635559,3754.80378,13.75386,1416.5260200000002,5.18874,79.5120271193847,0.0,46107.41790935413,22.772005628291257,17560.08072,64.32264,9280.0,1710.0,12900.0,404000.0,12000.0,43.5,7.0
2021,NORTH DAKOTA,STARK,7.519999201934235,0.0057202549414154,5720.600340000001,20.95458,2340.2379,8.5723,350.99509102340465,0.0,49733.07540556558,22.82009385893292,24322.42722,89.09313999999999,37300.0,2480.0,43200.0,3100000.0,21100.0,83.1,8.5
2021,NORTH DAKOTA,STEELE,788.6258645203602,0.5999800748481438,27054.1908,99.0996,6396.48282,23.43034,108.76196875491802,0.0,27089.81824038227,13.37939796698569,40641.02406,148.86822,99400.0,930.0,103500.0,12336000.0,10700.0,124.1,11.5
2021,NORTH DAKOTA,STUTSMAN,2675.3570362698188,2.0354001610295662,31083.47424,113.85888,6728.40168,24.646159999999995,366.9191394262939,0.0,85339.76830510185,39.15827659441456,81862.01478000001,299.86086,231500.0,8200.0,242500.0,22849000.0,92000.0,98.7,11.0
2021,NORTH DAKOTA,TOWNER,5433.846495877454,4.134000043038282,18259.06992,66.88304,5284.77768,19.35816,128.3420100835102,0.0,39095.53313318392,19.30890387963568,73405.47942,268.88454,17600.0,0.0,19100.0,1573000.0,0.0,89.4,0.0
2021,NORTH DAKOTA,TRAILL,2213.043388227577,1.683620088252506,58455.38244,214.12228,18016.84248,65.99576,249.1603717006939,0.0,32408.58937407308,16.006287341491912,46784.04276,171.37012,129500.0,0.0,132500.0,15411000.0,0.0,119.0,0.0
2021,NORTH DAKOTA,WALSH,13959.260944186852,10.62004,88535.48886000001,324.30582,28050.36234,102.74858,268.4290648789302,0.0,48444.71283068409,23.92637287583787,87334.4199,319.9063,59700.0,0.0,62100.0,5582000.0,0.0,93.5,0.0
2021,NORTH DAKOTA,WARD,3387.630710488641,2.57726016119488,21825.13788,79.94556,6933.34824,25.39688,365.06050589518463,0.0,76224.31810331027,34.975639034300315,91832.04576,336.38112,40300.0,900.0,46600.0,2358000.0,5800.0,58.5,6.4
2021,NORTH DAKOTA,WELLS,696.9119911361049,0.5302201585156031,16546.15326,60.60862,4440.30132,16.26484,234.7046552034516,0.0,48256.589100941615,22.142605974297147,63935.79192,234.19704,123200.0,1710.0,130500.0,10373000.0,13700.0,84.2,8.0
2021,NORTH DAKOTA,WILLIAMS,914.8809412121626,0.6960203320077487,15384.52734,56.35358,5619.01158,20.582459999999998,466.4564912812861,0.0,78829.54684576458,36.17105202539283,63701.55792,233.33904,7500.0,1240.0,9700.0,435000.0,8100.0,58.0,6.5
2021,OHIO,ALLEN,21.61970003366678,0.0164600643971566,20399.72298,74.72425999999999,6285.37182,23.02334,344.1702152255242,0.0,14057.973858744384,6.9430966718427305,42670.93194,156.30378000000002,64000.0,0.0,65300.0,13000000.0,0.0,203.1,0.0
2021,OHIO,ASHLAND,6.598224650417135,0.0050200793173967,12506.15184,45.81008,5267.038140000001,19.293180000000003,351.5980099462652,0.0,15751.0874981569,7.77930904447738,32872.5306,120.4122,34600.0,0.0,40600.0,6170000.0,0.0,178.3,0.0
2021,OHIO,ASHTABULA,4.0787183897459016e-05,1.312112511551809e-07,6219.62796,22.78252,3298.51704,12.08248,367.3778179850584,0.0,25596.22976822481,12.641729135450012,18039.47418,66.07866000000001,18700.0,0.0,21300.0,3216000.0,0.0,172.0,0.0
2021,OHIO,ATHENS,2.992271353174194e-05,9.626054817436217e-08,551.46,2.02,1240.6430400000002,4.54448,462.1361918635534,0.0,18778.16945569884,8.61639031938973,6931.1151,25.3887,2970.0,0.0,3200.0,524000.0,0.0,176.4,0.0
2021,OHIO,AUGLAIZE,14.814201701630871,0.0112800698547088,18139.3212,66.4444,5572.72716,20.41292,690.7560969613863,0.0,14673.651545644916,7.247173898177016,36257.91624,132.81288,67700.0,0.0,72600.0,13350000.0,0.0,197.2,0.0
2021,OHIO,BELMONT,3.124897832325518e-05,1.005271056080652e-07,863.2533,3.1621,3342.12606,12.24222,431.8141219744346,0.0,19610.474486181574,8.998294691077806,21197.31978,77.64586,450.0,0.0,800.0,72700.0,0.0,161.6,0.0
2021,OHIO,BROWN,37.25432902951569,0.0283400944487224,7877.098320000001,28.85384,3693.18768,13.52816,370.4901099842458,0.0,18424.72486376804,8.454211755204447,18365.25054,67.27198,22700.0,0.0,23800.0,4179000.0,0.0,184.1,0.0
2021,OHIO,BUTLER,19.822218011093145,0.0150800572696485,9192.28128,33.67136,3857.686560000001,14.13072,446.60934692078473,0.0,12410.465972754297,5.6945603307623465,21398.2314,78.3818,26700.0,0.0,27600.0,4841000.0,0.0,181.3,0.0
2021,OHIO,CARROLL,19.47962121577101,0.0148200686408989,4281.52998,15.68326,2881.18194,10.55378,362.23999221827455,0.0,14856.074562532316,7.337270853410048,18669.47628,68.38636000000001,10200.0,0.0,11700.0,1585000.0,0.0,155.4,0.0
2021,OHIO,CHAMPAIGN,150.76928024118706,0.1147200640573457,22582.2324,82.7188,7977.13644,29.22028,248.0231140361944,0.0,15962.014112096109,7.8834836492931,52885.49448,193.71976,82000.0,0.0,84400.0,16531000.0,0.0,201.6,0.0
2021,OHIO,CLARK,83.64085587409485,0.0636200490563645,18991.31052,69.56524,7097.5795800000005,25.99846,356.7640521236354,0.0,13653.222785492366,6.264801098686733,44801.22738,164.10706,59800.0,0.0,61500.0,12540000.0,0.0,209.7,0.0
2021,OHIO,CLERMONT,6.354142735505363,0.0048400733204964,5024.346600000001,18.4042,2139.67572,7.83764,603.9371622613543,0.0,14303.104787750415,7.0641644554685215,11059.26276,40.51012,14600.0,0.0,15100.0,2740000.0,0.0,187.7,0.0
2021,OHIO,CLINTON,39.65203998395931,0.0301800631997336,22147.50174,81.12638,6569.0352,24.062400000000004,262.22446225596747,0.0,15101.20549444535,7.458338638471579,41002.92924,150.19388,73300.0,0.0,75200.0,15413000.0,0.0,210.3,0.0
2021,OHIO,COLUMBIANA,3.0640349956869586e-05,9.856916485778549e-08,9604.948079999998,35.18296,5001.4146,18.3202,423.8900299133118,0.0,19228.52628528028,8.823037204531078,32129.33724,117.68988,21000.0,0.0,25700.0,3751000.0,0.0,178.6,0.0
2021,OHIO,COSHOCTON,0.4530335068690269,0.0003401078036314,7024.115280000001,25.72936,4847.480820000001,17.75634,251.6712303392813,0.0,21029.95359604785,9.649624741628385,31337.51712,114.78943999999998,24100.0,0.0,25000.0,4405000.0,0.0,182.8,0.0
2021,OHIO,CRAWFORD,51.7183411561218,0.0393600688391978,21984.39516,80.52892,7302.87558,26.75046,276.85449342218016,0.0,14662.250106271862,7.241542838071152,46458.79056,170.17872,76900.0,0.0,78100.0,15469000.0,0.0,201.2,0.0
2021,OHIO,DARKE,74.70890889761053,0.0568400903502896,29506.478820000004,108.08234,9640.26882,35.312340000000006,508.4963005636341,0.0,22375.323354277072,11.050954758736603,63092.5113,231.1081,123500.0,0.0,132000.0,22811000.0,0.0,184.7,0.0
2021,OHIO,DEFIANCE,134.6426003352722,0.1024400657491626,20869.66518,76.44566,5131.13874,18.79538,288.4110611375894,0.0,15192.41700317975,6.971062600279335,34120.93776,124.98512,48000.0,0.0,52700.0,9130000.0,0.0,190.2,0.0
2021,OHIO,DELAWARE,14.292982171068749,0.0108800712978166,18232.45242,66.78554000000001,4869.877740000001,17.83838,495.42173723148994,0.0,14348.710542626342,7.08668869459982,29825.25,109.25,33600.0,0.0,36000.0,6775000.0,0.0,201.6,0.0
2021,OHIO,ERIE,0.9065540585938356,0.0006800452174574,2974.07292,10.89404,3590.97648,13.153759999999998,297.5923817653459,0.0,8893.1221484793,4.392226604759986,19221.09462,70.40694,27000.0,0.0,27400.0,4930000.0,0.0,182.6,0.0
2021,OHIO,FAYETTE,127.18537928064276,0.0967400639778187,23614.53276,86.50012000000001,7733.533080000001,28.32796,292.28160151938334,0.0,14998.592546919295,6.882125967104118,48028.32216,175.92792,86300.0,0.0,88200.0,17873000.0,0.0,207.1,0.0
2021,OHIO,FULTON,140.99234240302087,0.1072600746037726,22020.58404,80.66148000000001,7398.7641,27.1017,234.83324404291105,0.0,14890.278879052634,7.354164032937988,51654.2208,189.2096,77000.0,0.0,79600.0,14784000.0,0.0,192.0,0.0
2021,OHIO,GALLIA,2.8214920528841173e-05,9.0766624956029e-08,864.8913,3.1681,2535.34554,9.28698,289.88114660526435,0.0,17706.434221201856,8.124623050953128,14342.53002,52.53674,2350.0,0.0,3100.0,392000.0,0.0,166.8,0.0
2021,OHIO,GEAUGA,2.4009026071103298e-05,7.723637792024855e-08,1745.61114,6.39418,1526.29932,5.59084,350.3261754514421,0.0,15067.001177925027,7.441445458943636,9722.63292,35.61404,2000.0,0.0,3400.0,362000.0,0.0,181.0,0.0
2021,OHIO,GREENE,67.29667633675183,0.0512000509129443,17831.12604,65.31548,6484.8966,23.7542,530.3250322429567,0.0,13356.785379525609,6.128780364551658,40138.55664,147.02768,56500.0,0.0,57700.0,12240000.0,0.0,216.6,0.0
2021,OHIO,GUERNSEY,3.133981837645313e-05,1.008193355660116e-07,2112.65418,7.73866,3148.25784,11.53208,245.51664475893512,0.0,19667.48167941311,9.024452524462712,19942.27326,73.04862000000001,3410.0,0.0,4300.0,593000.0,0.0,173.9,0.0
2021,OHIO,HAMILTON,7.977849578912322,0.0060800308607183,1473.3045599999998,5.39672,775.11252,2.83924,543.4217896665436,0.0,6202.382625334747,3.0632965031920443,4204.94256,15.40272,3240.0,0.0,3500.0,543000.0,0.0,167.6,0.0
2021,OHIO,HARDIN,60.44624335186264,0.0459800758050665,26524.82742,97.16054,7765.2666,28.4442,239.53639413795705,0.0,17392.894666422682,7.980754971004303,52002.67254000001,190.48598,85100.0,0.0,90400.0,16300000.0,0.0,191.5,0.0
2021,OHIO,HARRISON,0.1093445225248754,8.007889074903745e-05,856.82688,3.13856,2430.5681400000003,8.90318,136.91341946608128,0.0,15397.642897795811,7.0652307999981465,15721.86252,57.58924,3660.0,0.0,3800.0,635000.0,0.0,173.5,0.0
2021,OHIO,HENRY,24.98072192100789,0.0190000694653356,23004.41052,84.26524,7304.57364,26.75668,436.5646333971858,0.0,15466.051536795792,7.638532553173068,49238.64582,180.36134,77000.0,0.0,78600.0,15150000.0,0.0,196.8,0.0
2021,OHIO,HIGHLAND,38.97171146331516,0.0296601022379128,18072.39252,66.19923999999999,5481.5124000000005,20.0788,425.0028583880667,0.0,20733.516190371785,9.513604007626698,30125.823,110.351,43500.0,0.0,45100.0,8369000.0,0.0,192.4,0.0
2021,OHIO,HOLMES,6.98360505543846,0.0053200808015834,7526.47896,27.56952,5611.20378,20.55386,456.2249999000883,0.0,15762.488936512504,7.232640934595273,35883.96084,131.44307999999998,13500.0,0.0,21200.0,2379000.0,0.0,176.2,0.0
2021,OHIO,HURON,3.211768584265135,0.002460091852335,21691.36242,79.45554,7788.438840000001,28.52908,310.4539707503519,0.0,18179.593934762008,8.978724773014495,48408.98244000001,177.32228,57000.0,0.0,61500.0,10659000.0,0.0,187.0,0.0
2021,OHIO,JACKSON,233.90347162909796,0.177940034270706,1945.08678,7.12486,2340.89856,8.57472,236.7746635112071,0.0,15574.365197831004,7.692027617753865,13815.1104,50.6048,4070.0,0.0,4400.0,670000.0,0.0,164.6,0.0
2021,OHIO,JEFFERSON,2.3463985751915613e-05,7.548299817257025e-08,1006.89498,3.68826,2112.10818,7.73666,365.6361622858869,0.0,14724.958018535845,7.2725136665356995,13554.16062,49.64894,2490.0,0.0,2700.0,370000.0,0.0,148.6,0.0
2021,OHIO,KNOX,15.09777113339861,0.0114801005855514,15851.42286,58.06382,6440.0973,23.5901,394.717688309218,0.0,19621.875923083688,9.691053830785938,38635.65342,141.52254000000002,48400.0,0.0,51900.0,8983000.0,0.0,185.6,0.0
2021,OHIO,LAWRENCE,2.347346150969163,0.0017800840995426,147.16338000000002,0.53906,574.82334,2.10558,475.9995386923394,0.0,16560.589643207433,7.598850602650928,3401.12136,12.45832,1000.0,0.0,1200.0,160000.0,0.0,160.0,0.0
2021,OHIO,LICKING,49.44459526457011,0.0376201151133063,20174.25774,73.89838,7277.6886,26.6582,491.00267337681896,0.0,23834.707497225158,11.771730404477344,41958.19992,153.69304,51700.0,0.0,55600.0,9294000.0,0.0,179.8,0.0
2021,OHIO,LOGAN,97.58743906462816,0.0742400598882445,21094.86288,77.27056,6323.56998,23.16326,542.6534596264154,0.0,16942.53783248074,7.774108083862133,41407.1385,151.6745,68800.0,0.0,70200.0,13794000.0,0.0,200.5,0.0
2021,OHIO,LORAIN,0.0974633988752059,8.00752720080536e-05,5766.69912,21.12344,2408.1603,8.8211,1510.3865878446577,0.0,14690.753702015523,7.255620487007758,13331.01042,48.83154,22000.0,0.0,23200.0,3945000.0,0.0,179.3,0.0
2021,OHIO,LUCAS,2.052372409807908,0.0015600398846987,8900.100299999998,32.6011,2857.82406,10.46822,391.8251604993685,0.0,7918.299142911972,3.910770995751281,19179.38568,70.25416,21000.0,0.0,21300.0,3996000.0,0.0,190.3,0.0
2021,OHIO,MADISON,188.84521393486523,0.143700041054168,26483.69724,97.00988,8183.7756,29.9772,448.9282119966245,0.0,16822.82272538638,8.308628657961018,52506.29748,192.33076,90900.0,0.0,97300.0,19098000.0,0.0,210.1,0.0
2021,OHIO,MAHONING,2.0856876224439683e-05,6.709599837727374e-08,6651.50304,24.36448,3059.69664,11.207680000000002,417.9959052428442,0.0,13088.85157235486,6.464456592635703,19273.21578,70.59786,13000.0,0.0,16100.0,2322000.0,0.0,178.6,0.0
2021,OHIO,MARION,101.06378029724009,0.0768800664478269,22224.19836,81.40732,5925.55236,21.70532,316.5790251318926,0.0,14650.848667770904,6.722563183256096,38242.3041,140.08169999999998,66500.0,0.0,69300.0,12710000.0,0.0,191.1,0.0
2021,OHIO,MEDINA,0.0168222532487622,2.007158742669136e-05,7447.12878,27.27886,2669.54142,9.77854,544.1626817513088,0.0,13966.762347539036,6.408669181970257,15598.98522,57.13914,13200.0,0.0,15100.0,2280000.0,0.0,172.7,0.0
2021,OHIO,MEIGS,2.6062011268049816e-05,8.38407749526997e-08,380.64936,1.39432,1489.60812,5.456440000000001,156.28764617502517,0.0,16355.363741614576,7.504682399730803,8567.75556,31.383720000000004,3070.0,0.0,3200.0,474000.0,0.0,154.4,0.0
2021,OHIO,MERCER,56.22464218226266,0.0427800701281342,19737.83994,72.29978000000001,6710.6676,24.5812,415.76039825496616,0.0,17062.252943063508,7.829039536171344,41162.00634,150.77658000000002,96000.0,0.0,106500.0,19238000.0,0.0,200.4,0.0
2021,OHIO,MIAMI,24.697641120232262,0.0187800674016599,19345.1076,70.8612,7051.24056,25.82872,361.3178522970352,0.0,14337.309104270736,6.57869509930563,43787.0433,160.3921,71300.0,0.0,73200.0,14217000.0,0.0,199.4,0.0
2021,OHIO,MONROE,2.737010803294219e-05,8.804888634340217e-08,176.65829999999997,0.6471,623.5592999999999,2.2841,233.48970628778065,0.0,17176.26732342187,8.483191510115887,3824.05296,14.00752,300.0,0.0,800.0,45000.0,0.0,150.0,0.0
2021,OHIO,MONTGOMERY,7.327876776502115,0.0056000537988608,11364.31842,41.62754,4311.13956,15.791720000000002,302.8973804108783,0.0,10865.571034871662,4.98568304543109,25604.74644,93.79028,32800.0,0.0,34500.0,5911000.0,0.0,180.2,0.0
2021,OHIO,MORGAN,2.5289870811698224e-05,8.135682029674378e-08,1326.2340000000002,4.8580000000000005,1577.49228,5.77836,113.33372101080134,0.0,15870.802596530266,7.282340814758592,9882.62184,36.20008000000001,3150.0,0.0,4000.0,535000.0,0.0,169.8,0.0
2021,OHIO,MORROW,23.182221903236776,0.017640070201073,17132.600939999997,62.75678,5402.3424,19.7888,282.5764815889624,0.0,15192.417002743696,6.971062600079251,32652.61818,119.60666,44700.0,0.0,46200.0,8551000.0,0.0,191.3,0.0
2021,OHIO,MUSKINGUM,2.1617192501397096,0.0016401263602338,7479.211740000001,27.39638,4309.34868,15.78516,317.4440619033074,0.0,24649.910365814,12.174351179039046,26679.80406,97.72822,15200.0,0.0,16500.0,2842000.0,0.0,187.0,0.0
2021,OHIO,NOBLE,2.399994205883512e-05,7.720715490210114e-08,860.8782,3.1534,1114.3259400000002,4.08178,130.61648845798476,0.0,15061.300454241376,6.91089958142653,6829.44444,25.01628,530.0,0.0,700.0,88600.0,0.0,167.2,0.0
2021,OHIO,OTTAWA,8.966114755047059,0.0068200477429917,10169.56122,37.25114000000001,2331.66024,8.54088,262.809167392369,0.0,9662.719256378214,4.77232313731891,13378.818179999998,49.00666,15900.0,0.0,17000.0,2894000.0,0.0,182.0,0.0
2021,OHIO,PAULDING,146.53508036720703,0.1114600645596368,22952.13102,84.07374,5778.72204,21.16748,191.58422796590136,0.0,15882.204047240615,7.287572386971178,37527.40446,137.46302,57400.0,0.0,62800.0,10906000.0,0.0,190.0,0.0
2021,OHIO,PERRY,89.19452330617784,0.0678600766104011,6538.13706,23.94922,3229.38252,11.82924,344.06115558229084,0.0,15295.029952304654,7.018146700972415,18954.59748,69.43076,16600.0,0.0,17200.0,3137000.0,0.0,189.0,0.0
2021,OHIO,PICKAWAY,284.6552030332444,0.2165800716654159,26587.75392,97.39104,9940.3395,36.4115,377.9671214201851,0.0,18424.724860861046,9.09979255520455,58985.04612,216.06244,85500.0,0.0,87400.0,16741000.0,0.0,195.8,0.0
2021,OHIO,PIKE,444.85320519431184,0.3384400114630326,3178.50624,11.64288,1651.6991400000002,6.05018,280.45359015719686,0.0,16577.691794926846,8.187560873617354,9451.6422,34.6214,14000.0,0.0,14500.0,2731000.0,0.0,195.1,0.0
2021,OHIO,PORTAGE,2.712483989973031e-05,8.725986549047608e-08,5612.84178,20.55986,2829.73236,10.36532,561.2525469047038,0.0,17022.347908237483,7.810729053001991,17311.4487,63.4119,13000.0,0.0,14600.0,2200000.0,0.0,169.2,0.0
2021,OHIO,PREBLE,0.6506050396791934,0.0005000805289398,20153.810040000004,73.82348,7475.22594,27.38178,245.4610171007247,0.0,15751.0874981569,7.77930904447738,45849.71664,167.94768,74700.0,0.0,75700.0,14006000.0,0.0,187.5,0.0
2021,OHIO,PUTNAM,43.52072303530059,0.0331000722296239,24950.44734,91.39358,6845.9391000000005,25.0767,273.3587102969352,0.0,17940.16371214299,8.860472512873134,43975.69722,161.08314,76000.0,0.0,78900.0,14800000.0,0.0,194.7,0.0
2021,OHIO,ROSS,388.73636439143365,0.295760074392879,16026.934559999998,58.70672,6352.78098,23.27026,686.408912035083,0.0,25579.1276179589,11.737019846677772,35671.56138,130.66505999999998,47900.0,0.0,50300.0,8962000.0,0.0,187.1,0.0
2021,OHIO,SANDUSKY,61.48759967227718,0.0467800647201728,21529.7901,78.8637,6420.13008,23.51696,306.5834072595797,0.0,14821.870247465497,7.320377674599976,39554.20014,144.88718,62000.0,0.0,62500.0,12326000.0,0.0,198.8,0.0
2021,OHIO,SCIOTO,762.1556085054394,0.5798200902564918,1205.3386799999998,4.41516,1424.69418,5.21866,352.5981735105102,0.0,22597.65140947889,10.368965159513277,8381.564100000001,30.7017,8840.0,0.0,9500.0,1591000.0,0.0,180.0,0.0
2021,OHIO,SHELBY,31.345701367958927,0.0238600684294547,17531.20824,64.21688,5331.41154,19.52898,354.3788201568725,0.0,14958.68751107582,6.863815483467905,34483.18692,126.31204,68900.0,0.0,74200.0,13539000.0,0.0,196.5,0.0
2021,OHIO,STARK,69.18506300600168,0.0526400746106348,11453.0325,41.9525,5930.72298,21.72426,416.7530783185825,0.0,16811.42129284477,7.713945069277747,37212.1386,136.3082,25800.0,0.0,31600.0,4577000.0,0.0,177.4,0.0
2021,OHIO,TRUMBULL,3.3737995773004105e-05,1.08534206430463e-07,8133.832979999999,29.79426,2874.24774,10.52838,362.6022084243211,0.0,21172.471575783624,10.456877954789276,17466.283379999997,63.97906,19800.0,0.0,21300.0,3614000.0,0.0,182.5,0.0
2021,OHIO,TUSCARAWAS,40.00166810804479,0.030440091157042,4969.2715800000005,18.20246,4270.282380000001,15.64206,338.67103793549825,0.0,20539.69173541948,9.424667375051726,27619.530120000003,101.17044,18000.0,0.0,23900.0,3044000.0,0.0,169.1,0.0
2021,OHIO,UNION,182.32057539172771,0.1387200479019927,22763.19318,83.38166000000001,5156.38578,18.88786,327.4783509100849,0.0,16081.729219190478,7.379124801817537,32209.905,117.985,55300.0,0.0,57300.0,10994000.0,0.0,198.8,0.0
2021,OHIO,VAN WERT,70.30375763130192,0.0534800546963562,23880.36924,87.47388,7121.745540000001,26.08698,333.2911693949463,0.0,15084.10333691194,6.921362717248174,46801.55298,171.43426,78500.0,0.0,81400.0,15692000.0,0.0,199.9,0.0
2021,OHIO,VINTON,7.994603561970559,0.0060800753101703,970.01268,3.55316,936.15522,3.42914,72.85027609710193,0.0,15597.168080937614,7.703289740119204,5212.83126,19.09462,1590.0,0.0,1700.0,317000.0,0.0,199.4,0.0
2021,OHIO,WARREN,3.681498911055032,0.0028000605806472,9926.40558,36.36046,3417.97092,12.520040000000002,338.52664553085214,0.0,12267.94798894872,6.0590202904259325,19706.70156,72.18572,21200.0,0.0,22000.0,3914000.0,0.0,184.6,0.0
2021,OHIO,WASHINGTON,3.748968997633288e-05,1.2060330371376613e-07,1205.31684,4.41508,2621.22588,9.60156,332.5373528236326,0.0,23526.868660170298,11.619691794468826,15176.6979,55.5923,7200.0,0.0,9600.0,1249000.0,0.0,173.5,0.0
2021,OHIO,WAYNE,4.788332060453456,0.003640103274067,17272.344180000004,63.26866,9628.83558,35.27046,520.2641784962966,0.0,20146.34209761607,9.950082577565462,56964.81882,208.66234,43000.0,0.0,61800.0,7628000.0,0.0,177.4,0.0
2021,OHIO,WILLIAMS,323.40595576013294,0.2460400495801207,20296.65456,74.34672,5884.695180000001,21.555660000000003,254.62062209784767,0.0,15836.598289166994,7.266646118662594,39004.26894,142.87277999999998,54000.0,0.0,57900.0,10233000.0,0.0,189.5,0.0
2021,OHIO,WOOD,60.36182650689092,0.0459200842078369,33447.31026,122.51762,10054.18596,36.82852,311.70151209246404,0.0,21742.543508098937,9.976597657405774,63277.31046,231.78502,86100.0,0.0,90000.0,16755000.0,0.0,194.6,0.0
2021,OHIO,WYANDOT,33.75686324948264,0.0256800757055858,23183.30742,84.92054,7276.69488,26.654560000000004,239.54446301585992,0.0,15209.519166527154,6.978909952762486,47520.13812,174.06644,69700.0,0.0,74400.0,13752000.0,0.0,197.3,0.0
2021,OKLAHOMA,ALFALFA,718.407571932027,0.5465401039969738,10364.00274,37.96338,4836.96486,17.71782,441.7594091342361,0.0,32767.73469099568,16.183665723304888,29824.85688,109.24856,3010.0,0.0,3400.0,343000.0,0.0,114.0,0.0
2021,OKLAHOMA,BEAVER,3.216649246367476,0.0024403515818624,8519.02506,31.20522,5281.47984,19.34608,198.1767587954964,0.0,68585.35421348285,33.87363992575526,33655.418159999994,123.27992,6810.0,0.0,7700.0,1504000.0,0.0,220.9,0.0
2021,OKLAHOMA,CADDO,541.7603807369256,0.4121801203369177,13195.455,48.335,8567.575379999998,31.38306,552.3532640388984,0.0,47675.11572525613,23.54627634449933,44989.6356,164.7972,6510.0,0.0,7300.0,504000.0,0.0,77.4,0.0
2021,OKLAHOMA,CHOCTAW,327.37168532853474,0.2490801499431914,2999.10156,10.98572,8363.86824,30.63688,215.888256301903,0.0,29250.390865267174,13.421584318133124,41843.41434,153.27257999999998,1420.0,0.0,1600.0,190000.0,0.0,133.8,0.0
2021,OKLAHOMA,CRAIG,2805.6598607461183,2.1345001362432434,4858.53732,17.79684,11086.31706,40.60922,292.36593891421205,0.0,28229.96209610293,12.953359095807992,36745.76724,134.59988,2650.0,0.0,3000.0,281000.0,0.0,106.0,0.0
2021,OKLAHOMA,CREEK,12.46577758209066,0.0094801855952462,727.69788,2.66556,3117.28872,11.41864,547.1335357889761,0.0,36205.26843137434,17.881430231333496,14232.62022,52.13414,270.0,0.0,300.0,34800.0,0.0,128.9,0.0
2021,OKLAHOMA,DELAWARE,1517.4479185937575,1.1544601285003098,1145.1258,4.1946,3395.75964,12.438680000000002,391.5669681952805,0.0,28953.95346424232,14.300076238171744,13887.77754,50.87098,1140.0,0.0,1300.0,149800.0,0.0,131.4,0.0
2021,OKLAHOMA,GARFIELD,3757.335067349903,2.858560025789365,22979.56206,84.17422,13698.4302,50.1774,555.5009505691316,0.0,39517.38637367872,19.517253095498223,62702.094,229.678,14100.0,0.0,15800.0,1506000.0,0.0,106.8,0.0
2021,OKLAHOMA,GARVIN,504.1157870568016,0.3835201546188708,654.18444,2.39628,2238.77472,8.20064,297.573431009449,0.0,30162.50595115768,14.89696856660852,8726.76168,31.96616,4060.0,0.0,4600.0,481000.0,0.0,118.5,0.0
2021,OKLAHOMA,GRADY,269.07521597438927,0.2047201828324188,3799.20996,13.916519999999998,4531.7181,16.5997,390.2884033367744,0.0,41170.59497477681,18.89118728111832,19797.403080000004,72.51796,3580.0,0.0,4100.0,441000.0,0.0,123.2,0.0
2021,OKLAHOMA,GRANT,3164.354781009657,2.407360070242913,19222.54152,70.41224,8653.679579999998,31.69846,144.01207872716284,0.0,37852.77632608543,18.69511836986193,57102.33438,209.16606,8040.0,0.0,9100.0,772000.0,0.0,96.0,0.0
2021,OKLAHOMA,HUGHES,4.8481336423012257e-05,1.5596312865657245e-07,1798.86252,6.58924,6320.53968,23.15216,216.88881550163305,0.0,30424.73904729021,13.960435686529172,24092.04252,88.24924000000001,600.0,0.0,800.0,68400.0,0.0,114.0,0.0
2021,OKLAHOMA,KAY,2977.9410182151287,2.2655800578626466,14236.62786,52.14882,8715.841680000001,31.92616,523.5832499674445,0.0,34557.76055991925,15.856878608468977,35830.74222,131.24814,21100.0,0.0,23500.0,2386000.0,0.0,113.1,0.0
2021,OKLAHOMA,KIOWA,347.1055624627433,0.2640601372865126,10811.12214,39.60118,4559.5641,16.701700000000002,311.08604980523785,0.0,38000.9950293595,18.76832214700276,40098.24546,146.88002,5360.0,0.0,6200.0,321000.0,0.0,59.9,0.0
2021,OKLAHOMA,LEFLORE,2850.4465835015462,2.168580199941851,2989.5684,10.9508,6276.79416,22.99192,544.8331621076891,0.0,60199.59607720599,27.622672065800987,26670.56028,97.69436,2700.0,0.0,3300.0,337000.0,0.0,124.8,0.0
2021,OKLAHOMA,MAJOR,535.8635709780749,0.407680098105264,7527.87126,27.57462,4225.35204,15.47748,221.74643576342487,0.0,36045.64829788424,16.539598057347398,19861.22502,72.75174,5060.0,0.0,5800.0,1060000.0,0.0,209.5,0.0
2021,OKLAHOMA,MAYES,367.5166515324552,0.2796001006580512,2710.2075,9.927500000000002,7080.0366,25.9342,562.5104520566734,0.0,25413.80676034911,12.551632184667769,23942.17098,87.70026,1220.0,0.0,1500.0,108800.0,0.0,89.2,0.0
2021,OKLAHOMA,MUSKOGEE,1167.2724376876722,0.8880401212502771,4624.254180000001,16.938660000000002,12490.96212,45.75444,368.6222583365528,0.0,30612.862776960017,15.119395426253371,55148.15124,202.00788,6910.0,0.0,7700.0,1101000.0,0.0,159.3,0.0
2021,OKLAHOMA,NOBLE,866.5274613158242,0.6592400687707617,5130.00852,18.79124,5100.17508,18.68196,253.53188508824445,0.0,27762.50311436603,12.738864863318932,20201.8635,73.99950000000001,8410.0,0.0,9400.0,613000.0,0.0,72.9,0.0
2021,OKLAHOMA,OKFUSKEE,3.747152196175588e-05,1.2054485770951025e-07,985.6665,3.6105,4506.06702,16.50574,170.49498210495943,0.0,23515.46721905304,11.614060733501516,21511.78848,78.79776,1330.0,0.0,1400.0,104700.0,0.0,78.7,0.0
2021,OKLAHOMA,OKLAHOMA,71.13398260797982,0.0541000703082802,1011.0828,3.7036,1952.07012,7.15044,660.5103672466648,0.0,18230.90040445523,8.365275120628654,7975.2036,29.2132,1860.0,0.0,2100.0,230000.0,0.0,123.7,0.0
2021,OKLAHOMA,OTTAWA,1519.837945430403,1.1562600864158707,3434.48196,12.58052,4665.8866800000005,17.09116,274.38152430864847,0.0,18002.87162411627,8.891443341194105,15347.99448,56.21976,8930.0,0.0,9800.0,1225000.0,0.0,137.2,0.0
2021,OKLAHOMA,ROGERS,420.3466521360771,0.3198000999580963,3333.32454,12.209979999999998,8587.73916,31.45692,433.7215409611241,0.0,25237.08445566272,11.580072845034442,27710.58108,101.50396,350.0,0.0,400.0,30600.0,0.0,87.4,0.0
2021,OKLAHOMA,TEXAS,8.013121527554572,0.0061003909568846,33116.99118,121.30766,25100.4117,91.9429,326.00768985210215,0.0,76446.6461608377,37.75625562162329,153116.83842,560.8675400000001,90500.0,0.0,101000.0,19045000.0,0.0,210.4,0.0
2021,OKLAHOMA,TILLMAN,366.7832291591562,0.2790201655509942,10150.77336,37.18232,5777.38434,21.16258,154.98745787277494,0.0,33195.288638342616,15.23170638903571,42957.19428,157.35235999999998,11800.0,0.0,13900.0,807000.0,0.0,68.4,0.0
2021,OKLAHOMA,WAGONER,1685.5560864397305,1.2823400844010309,3363.94968,12.322159999999998,6313.8075,23.1275,446.3376717205936,0.0,21309.2888447719,9.777798126081455,22604.2089,82.7993,4070.0,0.0,4800.0,435000.0,0.0,106.9,0.0
2021,OKLAHOMA,WASHITA,299.44659847618016,0.2278201211801136,11520.7365,42.200500000000005,5064.83796,18.55252,265.1990992986936,0.0,38046.60078510753,17.457738011358582,37290.87726,136.59662,2390.0,0.0,2800.0,302000.0,0.0,126.4,0.0
2021,PENNSYLVANIA,ADAMS,26.62826928125628,0.0202600947371991,11296.516140000002,41.37918,5067.322260000001,18.56162,476.05549784620734,0.0,18607.14787891124,9.189889511011874,33674.79024,123.35088,26100.0,5410.0,32000.0,4280000.0,111000.0,164.0,20.5
2021,PENNSYLVANIA,ALLEGHENY,0.2555012784642447,0.0002000684514926,735.63672,2.69464,871.3832400000001,3.19188,1225.4275610384796,0.0,13356.785379525603,6.596786496186079,6390.78258,23.40946,390.0,0.0,500.0,54200.0,0.0,139.0,0.0
2021,PENNSYLVANIA,ARMSTRONG,3.9106642912138926e-05,1.2580499692944734e-07,4271.6583,15.6471,2398.1412,8.7844,430.28827629701857,0.0,24541.596692714746,12.120856108499936,18490.8906,67.7322,13600.0,0.0,15100.0,2213000.0,0.0,162.7,0.0
2021,PENNSYLVANIA,BEAVER,2.3173297582145405e-05,7.4547862308632e-08,2571.99306,9.421219999999998,1817.7705,6.6585,553.892242581678,0.0,14542.535000485645,6.672863299758075,12780.413100000002,46.8147,3850.0,0.0,4900.0,546000.0,0.0,141.8,0.0
2021,PENNSYLVANIA,BEDFORD,4.016040694159277,0.0030601952972808,7746.74082,28.37634,5467.5348,20.0276,482.7857564906717,0.0,38097.90725509145,18.81618615348772,35632.94826,130.52362,17800.0,0.0,30300.0,2636000.0,0.0,148.1,0.0
2021,PENNSYLVANIA,BERKS,1018.8002042920212,0.7750800758781462,16026.492299999998,58.7051,9014.85312,33.02144,1537.505862017195,0.0,28965.35488951643,13.290795146806778,54139.69470000001,198.3139,40800.0,18500.0,60300.0,6834000.0,416000.0,167.5,22.5
2021,PENNSYLVANIA,BLAIR,7.261229506323723,0.0055200950039592,4169.01576,15.27112,2501.52084,9.16308,405.018738407971,0.0,18533.038522332303,8.503911634700826,16348.86162,59.885940000000005,10100.0,15500.0,26400.0,1845000.0,341000.0,182.7,22.0
2021,PENNSYLVANIA,BUCKS,65.96096320109233,0.0502000750565159,4295.6004,15.7348,3367.20384,12.334079999999998,660.3362062691155,0.0,15209.519161730606,6.978909950561583,19567.67904,71.67648000000001,10500.0,1620.0,12300.0,1738000.0,33200.0,165.5,20.5
2021,PENNSYLVANIA,CAMBRIA,0.0292593790566326,2.012668168680329e-05,7963.7922,29.1714,2881.29114,10.55418,459.13542941615896,0.0,24712.618272409338,11.339420775358912,13893.28668,50.89116,12500.0,3110.0,15900.0,1640000.0,48100.0,131.2,15.5
2021,PENNSYLVANIA,CAMERON,2.386368198853432e-05,7.676880999573033e-08,3.4070399999999985,0.0124799999999999,3.66912,0.0134399999999999,44.32282177518256,0.0,14975.78967035343,6.871662834083624,23.12856,0.0847199999999999,180.0,0.0,200.0,26600.0,0.0,147.8,0.0
2021,PENNSYLVANIA,CENTRE,134.7037726077451,0.1024801653273387,5937.1494,21.7478,3618.6969,13.255299999999998,831.6402413911192,0.0,40526.413682975566,18.595603760067306,23671.32768,86.70816,20200.0,5100.0,25700.0,3436000.0,117000.0,170.1,23.0
2021,PENNSYLVANIA,CHESTER,36.55232923404607,0.0278000920619056,12569.8755,46.0435,6876.22026,25.18762,496.6810540258339,0.0,21332.09171712261,9.788261257167823,46944.60498,171.95826,24900.0,7820.0,33200.0,5096000.0,199000.0,204.7,25.5
2021,PENNSYLVANIA,CLARION,3.5827317008137535e-05,1.1525549550048446e-07,4837.12866,17.718420000000002,2392.36998,8.76326,274.186300106651,0.0,22483.63702737633,10.31664949474428,18306.45726,67.05662,9080.0,0.0,10200.0,1567000.0,0.0,172.6,0.0
2021,PENNSYLVANIA,CLEARFIELD,6.830263603914244e-05,2.1972770550729675e-07,2118.75846,7.76102,1360.34262,4.98294,515.6430086989828,0.0,42863.70861564283,21.169969130863613,10890.15018,39.89066,4200.0,0.0,6500.0,570000.0,0.0,135.7,0.0
2021,PENNSYLVANIA,CLINTON,23.358170873846184,0.017780163089424,1990.75968,7.29216,1329.2206199999998,4.86894,265.4855684624948,0.0,33275.09871148306,15.268327356975076,8597.79648,31.49376,5490.0,0.0,10300.0,942000.0,0.0,171.6,0.0
2021,PENNSYLVANIA,COLUMBIA,0.0097487417638251,9.246155876576468e-08,8466.09036,31.01132,3800.76606,13.92222,462.7069459086448,0.0,18037.07595240993,8.90833652653679,24380.94204,89.30748,19900.0,0.0,22400.0,3351000.0,0.0,168.4,0.0
2021,PENNSYLVANIA,CRAWFORD,0.0070806810363726,1.9520961197524274e-07,8973.17148,32.868759999999995,5320.34958,19.48846,931.4182814587934,0.0,38080.805091744056,18.807739561211218,37463.89374,137.23038000000005,27700.0,0.0,33700.0,4410000.0,0.0,159.2,0.0
2021,PENNSYLVANIA,CUMBERLAND,117.48920393526564,0.0893800795920282,10456.3368,38.3016,6074.77416,22.25192,375.1692683622617,0.0,17928.762280764175,8.226638603888725,35190.88482,128.90434,15500.0,13400.0,29400.0,2950000.0,281000.0,190.3,21.0
2021,PENNSYLVANIA,DAUPHIN,150.21446391959182,0.1142800778876302,6627.173280000001,24.27536,3347.3076,12.2612,471.5733598292615,0.0,17558.215524032472,8.671832014581344,19566.58704,71.67248,14400.0,2780.0,17500.0,2403000.0,63000.0,166.9,22.5
2021,PENNSYLVANIA,ELK,4.976218117657752e-05,1.6008357107479282e-07,358.39986,1.31282,282.5004,1.0348,287.44601828191435,0.0,31228.54047403505,14.329261138256788,2015.17134,7.38158,800.0,460.0,1300.0,121600.0,9400.0,152.0,20.5
2021,PENNSYLVANIA,ERIE,0.2376439492675325,0.000180141360294,14653.67904,53.67648,6595.63632,24.15984,540.8556380274489,0.0,27614.28442112109,12.670854500719894,31379.12232,114.94184,18500.0,0.0,20300.0,3127000.0,0.0,169.0,0.0
2021,PENNSYLVANIA,FAYETTE,14.83798577987551,0.0112801472338259,2039.70312,7.47144,3701.37222,13.558140000000002,577.2761245530945,0.0,28919.749147722,14.2831830586438,27445.81476,100.53412,7700.0,2530.0,10400.0,1158000.0,49300.0,150.4,19.5
2021,PENNSYLVANIA,FOREST,2.550788696021845e-05,8.20581722628734e-08,116.63106,0.42722,77.64120000000001,0.2844,111.79101221434072,0.0,16007.619873367434,7.345119620884833,553.5621,2.0277,680.0,0.0,900.0,102100.0,0.0,150.1,0.0
2021,PENNSYLVANIA,FRANKLIN,442.6871697861763,0.3367800957294422,14769.97704,54.10248,8628.852959999998,31.60752,761.4559850604368,0.0,27448.96355479031,13.556776347556749,49752.75396,182.24452,23100.0,29100.0,53700.0,3763000.0,597000.0,162.9,20.5
2021,PENNSYLVANIA,FULTON,6.579266261613462,0.0050000843733827,2253.78972,8.25564,1669.8263399999998,6.11658,180.66718020598452,0.0,16634.698992664224,7.63285578525098,10486.13748,38.41076,7390.0,4520.0,12100.0,981000.0,79000.0,132.7,17.5
2021,PENNSYLVANIA,GREENE,3.421944805032097e-05,1.10083025192677e-07,405.99468,1.48716,1872.00468,6.85716,346.43316744464994,0.0,21474.609697003743,9.853655839162824,11679.79176,42.78312,760.0,0.0,900.0,113900.0,0.0,149.9,0.0
2021,PENNSYLVANIA,HUNTINGDON,7.8155321883733295,0.0059601680971829,4972.52574,18.21438,3161.43828,11.58036,338.37555440477274,0.0,33149.68288375739,16.372306223893858,21012.2367,76.9679,11800.0,14800.0,27000.0,1788000.0,302000.0,151.5,20.5
2021,PENNSYLVANIA,INDIANA,4.9307980894838086e-05,1.5862242123439466e-07,6990.017580000001,25.60446,3959.11698,14.50226,557.1815713263791,0.0,30943.504497993592,15.282696159057949,29656.54146,108.63202,23900.0,0.0,28100.0,3982000.0,0.0,166.6,0.0
2021,PENNSYLVANIA,JEFFERSON,3.879778674608913e-05,1.2481141512011553e-07,3569.19108,13.07396,2089.2963,7.653100000000001,292.1431507749823,0.0,24347.772245029937,12.025128097396468,17093.58378,62.61386,8980.0,1650.0,10800.0,1426000.0,32200.0,158.8,19.5
2021,PENNSYLVANIA,JUNIATA,7.206562788953102,0.0054800735270482,4171.73484,15.28108,2283.42114,8.36418,167.07470490237864,0.0,14633.746510237495,6.714715833440705,14846.88114,54.38418,12200.0,6460.0,19000.0,1985000.0,132000.0,162.7,20.5
2021,PENNSYLVANIA,LANCASTER,471.585933005959,0.3587801071294421,25306.33014,92.69718,15366.3783,56.2871,546.3396241382502,0.0,30789.58507873942,14.127845817791602,100017.918,366.366,61300.0,29500.0,92300.0,12953000.0,734000.0,211.3,25.0
2021,PENNSYLVANIA,LEBANON,514.0815711340568,0.3911200353381492,8042.92944,29.46128,4514.08776,16.53512,406.1333756070919,0.0,12262.247271224414,6.056204761342123,26474.95578,96.97786,17500.0,6690.0,24600.0,3299000.0,174000.0,188.5,26.0
2021,PENNSYLVANIA,LEHIGH,329.8764117180885,0.2509600369169838,7574.06832,27.74384,3883.1247,14.2239,315.8456939302795,0.0,9320.67609698903,4.276805760099832,22771.87458,83.41346,15100.0,880.0,16200.0,2618000.0,17200.0,173.4,19.5
2021,PENNSYLVANIA,LUZERNE,4.94987450086383e-05,1.5923610415278785e-07,3737.24442,13.68954,1916.01774,7.0183800000000005,1838.1871881940203,0.0,31063.21960508796,15.34182228704681,11140.32738,40.80706,8130.0,0.0,9600.0,1282000.0,0.0,157.7,0.0
2021,PENNSYLVANIA,LYCOMING,91.93536948089024,0.0699402219867704,7042.96866,25.798420000000004,3929.289,14.393,504.8072148395085,0.0,45759.67403354879,22.600258307445596,28816.585980000003,105.55526,17300.0,0.0,19700.0,2770000.0,0.0,160.1,0.0
2021,PENNSYLVANIA,MERCER,3.8924962821955934e-05,1.25220537065711e-07,7715.79354,28.26298,3695.70474,13.53738,451.65418150607553,0.0,24427.58231642618,12.064545516055706,27618.50364,101.16668,29300.0,4330.0,34200.0,4925000.0,84000.0,168.1,19.5
2021,PENNSYLVANIA,MIFFLIN,84.6816793951703,0.0644200641193458,4209.09762,15.41794,2667.50484,9.77108,315.51792352751573,0.0,15175.314845210289,6.963215250263863,17782.8924,65.1388,10200.0,5850.0,16300.0,1757000.0,132000.0,172.3,22.5
2021,PENNSYLVANIA,MONROE,1.2681329894844335,0.0009601059990457,898.3884,3.2908,671.95128,2.46136,654.1368433495493,0.0,20881.73489044817,9.581614373360354,4153.25274,15.21338,2680.0,0.0,3000.0,327000.0,0.0,122.0,0.0
2021,PENNSYLVANIA,MONTGOMERY,0.5455319806380896,0.0004000385022972,3835.98852,14.05124,2757.846,10.102,769.4787157135859,0.0,7576.2559841041875,3.741839203630491,14457.77424,52.95888,3420.0,0.0,4100.0,483000.0,0.0,141.2,0.0
2021,PENNSYLVANIA,MONTOUR,10.403107287090206,0.0079200232689101,3409.27314,12.488179999999998,1401.12336,5.13232,130.55368983646355,0.0,4817.107830099249,2.3791227440834715,8532.60954,31.254980000000003,7930.0,0.0,9100.0,1278000.0,0.0,161.2,0.0
2021,PENNSYLVANIA,NORTHAMPTON,37.88809422060451,0.0288200441649054,7099.2558,26.0046,4363.86678,15.98486,362.3888909969652,0.0,11150.60700102932,5.507176434939522,26160.79284,95.82708,22200.0,0.0,25200.0,3945000.0,0.0,177.7,0.0
2021,PENNSYLVANIA,NORTHUMBERLAND,91.9142035991864,0.0699200745034018,8819.772780000001,32.30686,4053.4767,14.8479,371.04366433069833,0.0,16800.01985448917,8.297366541625781,25608.86874,93.80538,25500.0,6990.0,33000.0,4723000.0,161000.0,185.2,23.0
2021,PENNSYLVANIA,PERRY,7.04637243366189,0.0053601045167155,5130.5709,18.7933,2667.28644,9.77028,298.54738035461975,0.0,20602.39964056132,10.175324966006976,16426.72122,60.17114,11800.0,7640.0,19700.0,1925000.0,160000.0,163.1,21.0
2021,PENNSYLVANIA,SCHUYLKILL,275.6013929788127,0.2096801038472541,7401.64152,27.11224,3234.8589,11.8493,395.679613230756,0.0,28144.451307563784,13.900270989822376,17425.02762,63.827940000000005,19900.0,4230.0,24500.0,3230000.0,89000.0,162.3,21.0
2021,PENNSYLVANIA,SNYDER,88.00705486844335,0.0669600473546031,5537.54838,20.28406,2792.71356,10.22972,265.9040870997263,0.0,12370.560937056174,6.109699828291888,17987.975459999998,65.89002,14300.0,2810.0,17400.0,2342000.0,55000.0,163.8,19.5
2021,PENNSYLVANIA,SOMERSET,55.6504239900624,0.0423402064896884,8902.109579999998,32.60846,6130.0785000000005,22.4545,442.0017503935065,0.0,40281.28276414403,19.894534099116918,40606.50048,148.74176,20300.0,6910.0,27500.0,2769000.0,129000.0,136.4,18.5
2021,PENNSYLVANIA,TIOGA,6.784843575925593e-05,2.1826655567285926e-07,8022.0504,29.38480000000001,5303.18334,19.42558,326.05479422558386,0.0,42578.67264076417,19.537285762590933,43410.09582,159.01134000000002,8270.0,0.0,13300.0,1178000.0,0.0,142.4,0.0
2021,PENNSYLVANIA,UNION,261.1996332754493,0.1987200421615235,4819.90236,17.65532,2159.97054,7.91198,330.48952371268103,0.0,11253.219950590272,5.5578559735233455,13437.40944,49.22128,8400.0,2630.0,11200.0,1566000.0,64000.0,186.4,24.5
2021,PENNSYLVANIA,VENANGO,4.079626790486333e-05,1.3124047415768138e-07,1934.44524,7.08588,1046.26158,3.83246,321.9269730067517,0.0,25601.93048885612,11.747482977097196,8471.6541,31.0317,6690.0,1280.0,8100.0,1112000.0,23700.0,166.2,18.5
2021,PENNSYLVANIA,WARREN,0.0005931595899906,1.7101297147814464e-07,2082.2802,7.6274,1193.46864,4.37168,229.05261859959217,0.0,33360.609496243094,15.307564104718145,7450.27374,27.29038,3740.0,2070.0,5900.0,572000.0,41400.0,152.9,20.0
2021,PENNSYLVANIA,WASHINGTON,4.785454005988384e-05,1.53946741959409e-07,2015.82654,7.38398,6181.55538,22.64306,557.7810507788586,0.0,30031.389416463608,14.832211384328536,45483.17046,166.60502000000002,2990.0,1240.0,4300.0,426000.0,24800.0,142.5,20.0
2021,PENNSYLVANIA,WESTMORELAND,26.35439450119089,0.0200401752598963,6180.62172,22.63964,5169.2823,18.9351,1019.1082238416994,0.0,34540.65839947884,15.849031257319703,38740.73112,141.90744,10600.0,0.0,16400.0,1670000.0,0.0,157.5,0.0
2021,PENNSYLVANIA,WYOMING,2.4317882253366e-05,7.822995978173682e-08,1138.2407400000002,4.16938,1565.91162,5.73594,266.6190793153348,0.0,15260.825635784337,7.53717347507219,11392.437419999998,41.73054,2950.0,780.0,3800.0,409000.0,13300.0,138.6,17.0
2021,PENNSYLVANIA,YORK,81.22054303866534,0.0618001400361365,19340.8761,70.8457,9435.18576,34.56112,834.6294309523922,0.0,29028.062804832764,14.33667812128635,62334.84348,228.33276,70400.0,10900.0,82700.0,12973000.0,234000.0,184.3,21.5
2021,SOUTH CAROLINA,ALLENDALE,961.5576241770482,0.7315600793847538,1118.81406,4.09822,3937.206,14.422000000000002,183.25823181721347,0.0,15505.956560139168,7.658241256400799,26617.31982,97.49934,8570.0,0.0,8900.0,1218000.0,0.0,142.1,0.0
2021,SOUTH CAROLINA,ANDERSON,41.84997737234915,0.0318401197650486,1690.65624,6.19288,4342.21242,15.90554,392.80363126911567,0.0,25938.272931974498,12.810660930011556,20688.85728,75.78336,1520.0,0.0,1700.0,239000.0,0.0,157.2,0.0
2021,SOUTH CAROLINA,BAMBERG,378.2065420020673,0.2877200701650619,1039.35468,3.80716,4336.61592,15.88504,156.7098113592871,0.0,14719.257299358043,7.269698136734022,27196.4784,99.62080000000002,7350.0,0.0,7600.0,886000.0,0.0,120.5,0.0
2021,SOUTH CAROLINA,BARNWELL,999.7113889894048,0.7605600917451122,1093.3813799999998,4.00506,4411.70184,16.16008,230.2649116994795,0.0,20687.910440147058,10.21755791891868,28857.69432,105.70584,5330.0,0.0,5500.0,503000.0,0.0,94.4,0.0
2021,SOUTH CAROLINA,BERKELEY,6.478712596810639e-05,2.0841840609528178e-07,424.36212,1.55444,951.71076,3.48612,713.478432527041,0.0,40657.53022987904,18.65576677798639,6033.643980000001,22.10126,3740.0,0.0,4000.0,400000.0,0.0,107.0,0.0
2021,SOUTH CAROLINA,CALHOUN,1053.65359420579,0.801600044933616,2362.94604,8.65548,6043.32456,22.13672,213.14848450604657,0.0,14713.55658047094,6.751336800046187,37958.97378,139.04386,9400.0,0.0,9800.0,1180000.0,0.0,125.5,0.0
2021,SOUTH CAROLINA,CHARLESTON,4.377582166179986e-05,1.4082561681706752e-07,15.13512,0.0554399999999999,746.05986,2.73282,917.545700829554,0.0,27471.76643440852,12.605459915590274,4177.80636,15.30332,1220.0,0.0,1300.0,149500.0,0.0,122.5,0.0
2021,SOUTH CAROLINA,CHESTERFIELD,2.902127378610308,0.0022001523818479,8481.92436,31.06932,3218.9976,11.791200000000002,328.4821106185849,0.0,29917.37501982604,13.727630965868704,16155.08622,59.17614,7470.0,0.0,7800.0,993000.0,0.0,132.9,0.0
2021,SOUTH CAROLINA,CLARENDON,79.6173965766254,0.0605801186969771,8927.12184,32.70008000000001,9772.258860000002,35.795820000000006,288.3753075754489,0.0,23532.569382255097,10.797953628759815,63026.66916,230.86692,40000.0,0.0,41400.0,6340000.0,0.0,158.5,0.0
2021,SOUTH CAROLINA,COLLETON,43.41204241381456,0.0330402007760583,436.76178,1.5998599999999998,1924.77012,7.05044,376.5576880201512,0.0,39186.744645668354,19.353952359247877,11590.881119999998,42.45744,7250.0,0.0,7500.0,818000.0,0.0,112.8,0.0
2021,SOUTH CAROLINA,DARLINGTON,312.789628234948,0.2379600915759174,15530.789820000002,56.88934000000001,5850.21528,21.42936,330.9951811110868,0.0,20716.414035745373,10.2316355677835,37100.28504,135.89848,22200.0,0.0,23000.0,2793000.0,0.0,125.8,0.0
2021,SOUTH CAROLINA,DILLON,803.5980179609834,0.6113600583183658,18734.58132,68.62484,4053.04536,14.84632,285.4450265898398,0.0,15175.314846663789,7.494940527329139,20968.44204,76.80748,21500.0,0.0,22400.0,3025000.0,0.0,140.7,0.0
2021,SOUTH CAROLINA,DORCHESTER,105.86564459565304,0.080540077420864,597.67344,2.18928,2263.99992,8.29304,914.9583154111012,0.0,19695.98527239513,9.72765571820776,14716.67652,53.90724,8370.0,0.0,8700.0,1059000.0,0.0,126.5,0.0
2021,SOUTH CAROLINA,FLORENCE,77.43783896493348,0.058920126370767,25155.57408,92.14496,6729.19884,24.64908,411.38988846442817,0.0,28492.19519339828,13.073685133246824,43047.08772,157.68164,21700.0,0.0,22600.0,2988000.0,0.0,137.7,0.0
2021,SOUTH CAROLINA,GEORGETOWN,4.889920067050216e-05,1.5730738647206688e-07,1344.13734,4.92358,998.77596,3.65852,531.3053005923213,0.0,30686.972137899447,15.155997319418146,5959.58454,21.82998,1770.0,0.0,1900.0,184900.0,0.0,104.5,0.0
2021,SOUTH CAROLINA,HAMPTON,1172.7226529709674,0.8921801076971281,987.01512,3.61544,3502.2897,12.8289,182.44413771899,0.0,21035.654311591898,10.389305237610738,23839.62672,87.32464,7940.0,0.0,8300.0,1131000.0,0.0,142.4,0.0
2021,SOUTH CAROLINA,HORRY,181.64783469574783,0.138200172937051,24176.72712,88.55944,7147.544040000001,26.18148,1653.86511605808,0.0,38582.46840264672,17.703621645710268,44286.06546,162.22002,22000.0,0.0,23200.0,3001000.0,0.0,136.4,0.0
2021,SOUTH CAROLINA,LEE,906.137240630386,0.68938006863976,5859.5628,21.4636,5336.66952,19.54824,214.3311842132849,0.0,15466.051531417845,7.638532550516952,33362.46186,122.20682,29200.0,0.0,30400.0,4838000.0,0.0,165.7,0.0
2021,SOUTH CAROLINA,LEXINGTON,207.82623214735435,0.1581001043692705,1592.47998,5.83326,6049.1886,22.1582,1141.696819074494,0.0,23350.146358390903,10.714248559393736,32663.379840000005,119.64608,5050.0,0.0,5400.0,775000.0,0.0,153.5,0.0
2021,SOUTH CAROLINA,MARION,138.94868615589616,0.1057200843619738,13414.5648,49.137600000000006,3157.02114,11.56418,326.21571350164027,0.0,18270.80543724636,9.023773247687746,15911.6412,58.2844,9800.0,0.0,10200.0,1493000.0,0.0,152.3,0.0
2021,SOUTH CAROLINA,MARLBORO,781.7299422150214,0.5947200704749128,11631.2742,42.6054,2432.157,8.909,401.8583297781835,0.0,17951.565152533487,8.866103573481505,14769.45834,54.10058,16700.0,0.0,17500.0,2109000.0,0.0,126.3,0.0
2021,SOUTH CAROLINA,NEWBERRY,0.0735980767712403,4.0122490633224674e-05,543.94158,1.99246,1277.98398,4.68126,274.75938532914023,0.0,23897.415408180997,10.965363757487868,6251.35056,22.89872,1350.0,0.0,3100.0,147000.0,0.0,108.9,0.0
2021,SOUTH CAROLINA,OCONEE,3.868877867576644e-05,1.2446073914971728e-07,465.03912,1.70344,1168.19976,4.27912,475.073124811871,0.0,24279.363609082306,11.991341736904849,5365.91874,19.65538,460.0,0.0,500.0,47100.0,0.0,102.4,0.0
2021,SOUTH CAROLINA,ORANGEBURG,2406.745656641713,1.8310201170063545,5047.27314,18.48818,15990.3198,58.5726,676.6780600206627,0.0,40965.3690756549,18.797019079331992,99852.03774,365.75838,37600.0,0.0,39700.0,5757000.0,0.0,153.1,0.0
2021,SOUTH CAROLINA,SUMTER,397.3046121432513,0.3022601069444398,6948.63624,25.45288,8605.0965,31.5205,441.919082775013,0.0,24096.940593939107,11.90124478253326,54254.71506,198.73522,27500.0,0.0,28800.0,4188000.0,0.0,152.3,0.0
2021,SOUTH CAROLINA,WILLIAMSBURG,5.585754873249461e-05,1.7969220120903477e-07,13749.7269,50.3653,6624.9729,24.2673,314.0335842036497,0.0,35053.72313129511,16.084451754449173,44309.98026,162.30762,23000.0,0.0,23800.0,2369000.0,0.0,103.0,0.0
2021,SOUTH DAKOTA,AURORA,71.52699738503208,0.0544201184596739,11612.03862,42.53494,5271.739200000001,19.3104,202.6325783813921,0.0,26759.176520366134,13.21609723468362,43318.61352,158.67624,80300.0,0.0,89600.0,9106000.0,0.0,113.4,0.0
2021,SOUTH DAKOTA,BEADLE,257.49762441340414,0.1959002086101869,21940.3002,80.3674,9903.9759,36.2783,385.3240583584415,0.0,47526.89702038319,21.80778570366897,83106.98214,304.42118000000005,185100.0,0.0,204500.0,24063000.0,0.0,130.0,0.0
2021,SOUTH DAKOTA,BENNETT,7.189081813731143e-05,2.312707888360456e-07,2533.31442,9.27954,1353.44118,4.95766,137.09925267795833,0.0,45115.49274631153,22.282103429906236,11545.94532,42.292840000000005,30500.0,0.0,35500.0,2507000.0,0.0,82.2,0.0
2021,SOUTH DAKOTA,BON HOMME,155.98676735578246,0.1186800880292139,11389.65828,41.72036,5161.8130200000005,18.90774,265.63575624035127,0.0,21394.79963272965,9.817034875291798,42281.0388,154.87560000000002,92600.0,0.0,104000.0,11640000.0,0.0,125.7,0.0
2021,SOUTH DAKOTA,BROOKINGS,290.85723340440654,0.2213001046018239,18826.34754,68.96098,8218.757819999999,30.10534,331.9457267469149,0.0,29945.878624290708,13.74070988616264,65764.11660000001,240.8942,137800.0,0.0,155000.0,22420000.0,0.0,162.7,0.0
2021,SOUTH DAKOTA,BROWN,609.1852847372378,0.4634602049270803,31535.42574,115.51438,13381.40076,49.01612,376.7941355800633,0.0,64765.87225810395,29.717914521332705,115142.01426,421.76562,333500.0,0.0,356500.0,47363000.0,0.0,142.0,0.0
2021,SOUTH DAKOTA,BRULE,34.9790279114889,0.0266201544347964,10515.0318,38.5166,5140.38798,18.82926,382.9017742611084,0.0,31171.533275570924,14.303103302470896,42501.56274,155.68338,77600.0,0.0,91000.0,8319000.0,0.0,107.2,0.0
2021,SOUTH DAKOTA,BUFFALO,2.535748054817099,0.0019400903012808,2489.83098,9.12026,1258.71564,4.61068,44.82735146310672,0.0,17803.346453387345,8.792899798379427,10509.85026,38.49762,21300.0,0.0,27600.0,2594000.0,0.0,121.8,0.0
2021,SOUTH DAKOTA,BUTTE,0.0001351245791884,4.3469206262704827e-07,4326.43848,15.84776,7152.1359,26.198300000000003,178.85530773674105,0.0,84798.1999673674,41.88100688531721,47123.97144,172.61527999999998,4170.0,0.0,7700.0,607000.0,0.0,145.6,0.0
2021,SOUTH DAKOTA,CAMPBELL,0.4833446276086036,0.000360143575525,3731.4186,13.6682,1663.88586,6.09482,126.43812939246976,0.0,28041.83835775573,12.867038245324332,17180.39778,62.93186,55600.0,0.0,74500.0,4504000.0,0.0,81.0,0.0
2021,SOUTH DAKOTA,CHARLES MIX,173.46324332555457,0.1319602044866771,19444.5888,71.2256,8786.37396,32.18452,245.57202361259425,0.0,41820.47697311042,19.18938657963876,70456.55526,258.08262,139200.0,0.0,149000.0,16843000.0,0.0,121.0,0.0
2021,SOUTH DAKOTA,CLARK,199.35214836985625,0.1516601540240844,15892.68408,58.21496,6620.92158,24.25246,352.10167923331875,0.0,35464.17492275109,17.515411349455597,55144.12722000001,201.99314,145000.0,0.0,156000.0,24824000.0,0.0,171.2,0.0
2021,SOUTH DAKOTA,CLAY,155.76373932226832,0.1185000622240558,13696.284419999998,50.16954,6969.66816,25.52992,181.89972360985976,0.0,15580.065915904144,7.14893586672314,46499.71326,170.32862,95000.0,0.0,100500.0,14839000.0,0.0,156.2,0.0
2021,SOUTH DAKOTA,CODINGTON,260.888431491938,0.1984801012375346,11991.29022,43.92414,4890.99702,17.91574,298.55975666184503,0.0,25715.94488040642,12.700855265951413,38255.45724,140.12988,102100.0,0.0,110500.0,19940000.0,0.0,195.3,0.0
2021,SOUTH DAKOTA,CORSON,0.0374689046930783,2.047902334729371e-05,1675.82688,6.13856,747.0808800000001,2.7365600000000003,200.2656684305566,0.0,93446.19118960232,42.87792050494981,6080.64912,22.27344,42800.0,0.0,57000.0,3454000.0,0.0,80.7,0.0
2021,SOUTH DAKOTA,DAY,279.13781530863866,0.2123601794895098,15474.91218,56.68466,5832.53034,21.36458,385.5195635338704,0.0,38280.3302700893,18.906283107787527,49165.72752,180.09424,125000.0,0.0,138000.0,19100000.0,0.0,152.8,0.0
2021,SOUTH DAKOTA,DOUGLAS,102.66368205573356,0.0781000697751021,11725.19166,42.94942,5308.03182,19.44334,168.63448897545663,0.0,16440.874534514223,7.54391915120874,43870.1172,160.69639999999998,73500.0,0.0,78300.0,10474000.0,0.0,142.5,0.0
2021,SOUTH DAKOTA,EDMUNDS,22.95546800705741,0.0174602185545229,12073.971,44.227,4830.15624,17.69288,289.681093176521,0.0,43262.75896622864,21.367056221001192,45683.62344,167.33928,152500.0,0.0,175500.0,13756000.0,0.0,90.2,0.0
2021,SOUTH DAKOTA,FALL RIVER,0.0001043207171325,3.35596883834528e-07,980.9982,3.5934,1045.93944,3.83128,227.04033060981348,0.0,65467.06073223548,30.039655870766584,6640.703160000001,24.32492,2850.0,0.0,5100.0,315000.0,0.0,110.5,0.0
2021,SOUTH DAKOTA,FAULK,7.772759722654552,0.0059201920339479,10197.05778,37.35186,3924.08016,14.37392,245.8917367753691,0.0,37619.04682482445,17.26155425590302,35915.17566,131.55741999999998,135400.0,0.0,149000.0,12538000.0,0.0,92.6,0.0
2021,SOUTH DAKOTA,GRANT,232.60023188734573,0.1769601036403792,11934.1404,43.7148,4916.77914,18.010180000000002,190.9603050404634,0.0,25847.06142760059,12.765612454405073,38546.568060000005,141.19622,105800.0,0.0,113000.0,18515000.0,0.0,175.0,0.0
2021,SOUTH DAKOTA,GREGORY,13.008661075497796,0.0099001966671644,5156.626020000001,18.88874,2797.158,10.246,158.12672172018077,0.0,38365.84105891915,17.604221874512504,21350.3199,78.20630000000001,54400.0,0.0,61500.0,5407000.0,0.0,99.4,0.0
2021,SOUTH DAKOTA,HAMLIN,165.1601080474593,0.1256400920779221,12483.028740000002,45.72538,5457.19356,19.98972,246.7612949424208,0.0,19428.05146871278,9.59532581638027,43244.93628,158.40636,103500.0,0.0,111000.0,18454000.0,0.0,178.3,0.0
2021,SOUTH DAKOTA,HAND,28.644985506747872,0.02180027552922,13800.10632,50.54984,6116.2101,22.4037,221.51924096063857,0.0,54230.94294967288,26.784135700363105,54710.504940000006,200.40478,172800.0,0.0,188500.0,24192000.0,0.0,140.0,0.0
2021,SOUTH DAKOTA,HANSON,268.6313004464506,0.2043600656864567,11456.64702,41.96574,5104.91436,18.69932,128.3574359911755,0.0,16258.45152256872,7.460214087311572,42252.47754,154.77097999999998,83700.0,0.0,88900.0,12220000.0,0.0,146.0,0.0
2021,SOUTH DAKOTA,HARDING,0.0001596332255607,5.135357053435704e-07,561.2770800000001,2.05596,287.88396,1.05452,190.91018019985356,0.0,100178.7407134438,49.47730648995757,2641.21494,9.674779999999998,2920.0,0.0,5800.0,87100.0,0.0,29.8,0.0
2021,SOUTH DAKOTA,HUGHES,2.302484807598876,0.0017601441408183,7874.54304,28.84448,3690.40308,13.51796,324.84259451042607,0.0,28207.159221717324,12.942895963787912,31193.2257,114.2609,57600.0,0.0,64600.0,5391000.0,0.0,93.6,0.0
2021,SOUTH DAKOTA,HUTCHINSON,176.67171842254868,0.13442012153063,21345.90822,78.19014,9229.26186,33.806819999999995,263.8018869868546,0.0,30538.753425904382,14.012751349697512,76347.999,279.66299999999995,151800.0,0.0,168500.0,18717000.0,0.0,123.3,0.0
2021,SOUTH DAKOTA,JERAULD,28.31966984865296,0.0215600954294993,5027.52432,18.41584,2337.54066,8.56242,288.66486830077673,0.0,20020.92627095146,9.18663108846792,19957.1463,73.1031,49800.0,0.0,57100.0,6354000.0,0.0,127.6,0.0
2021,SOUTH DAKOTA,KINGSBURY,188.51548362294508,0.1434001418089975,17402.84364,63.74668,6993.8778,25.6186,171.93327879583728,0.0,31063.21961075661,15.3418222898465,57781.91328,211.65536,142700.0,0.0,151500.0,22147000.0,0.0,155.2,0.0
2021,SOUTH DAKOTA,LAKE,151.99622844455635,0.1156400918832784,14166.7344,51.8928,5934.0099,21.7363,266.5230720492272,0.0,21486.011142190797,9.85888740884104,49016.34738000001,179.54706,115200.0,0.0,129000.0,15863000.0,0.0,137.7,0.0
2021,SOUTH DAKOTA,LINCOLN,90.9486304869505,0.069180097837364,19528.57998,71.53326,7926.02538,29.03306,400.2293079723924,0.0,21143.96798236556,10.442800307001258,63397.425,232.225,134800.0,0.0,144500.0,21595000.0,0.0,160.2,0.0
2021,SOUTH DAKOTA,LYMAN,2.685159182451395,0.0020403191144771,7445.65458,27.27346,3576.7859399999998,13.10178,321.90830632738056,0.0,62422.876620706666,30.830052130342235,26893.46478,98.51086,42400.0,0.0,53000.0,3791000.0,0.0,89.4,0.0
2021,SOUTH DAKOTA,MARSHALL,450.8230515048282,0.342980095115921,17608.39626,64.49962,6678.950460000001,24.46502,159.40253360827606,0.0,32847.54475061857,16.223083136149384,59206.42182,216.87334,106500.0,0.0,121000.0,16774000.0,0.0,157.5,0.0
2021,SOUTH DAKOTA,MCCOOK,230.25020706999413,0.1751800869612003,14530.425,53.225,6180.9384,22.6408,174.4935311598649,0.0,21537.31761740732,10.63707186913183,51142.77168,187.33616,110200.0,0.0,119500.0,13819000.0,0.0,125.4,0.0
2021,SOUTH DAKOTA,MCPHERSON,47.66988738325764,0.0362602173181068,5689.38006,20.84022,2352.79044,8.61828,137.9453369684101,0.0,43114.54026937903,19.783169402024708,23918.3217,87.61290000000001,68800.0,0.0,89000.0,4832000.0,0.0,70.2,0.0
2021,SOUTH DAKOTA,MEADE,0.0002089866264902,6.723042415830163e-07,1738.16916,6.36692,1321.54386,4.84082,428.02223209656256,0.0,131150.7488131404,64.77408030089539,8049.18114,29.48418,6090.0,0.0,15400.0,251000.0,0.0,41.2,0.0
2021,SOUTH DAKOTA,MINER,122.05563219021307,0.0928601052089782,7974.82686,29.211820000000003,2886.87672,10.57464,235.28930308278328,0.0,21753.944944317893,10.744062000683927,18317.36634,67.09657999999999,74100.0,0.0,82000.0,7853000.0,0.0,106.0,0.0
2021,SOUTH DAKOTA,OGLALA LAKOTA,0.0001248142331532,4.015239624090749e-07,403.16094,1.47678,242.5878,0.8886,126.18760466553265,0.0,78327.88353733288,35.94086308793748,1425.5241,5.2217,9360.0,0.0,11600.0,346000.0,0.0,37.0,0.0
2021,SOUTH DAKOTA,PENNINGTON,0.0001644477483776,5.290238931065327e-07,1826.45736,6.690320000000001,1065.72648,3.90376,451.8366831014195,0.0,103200.12195311608,50.96953732210471,6431.841780000001,23.55986,11300.0,0.0,15700.0,617000.0,0.0,54.6,0.0
2021,SOUTH DAKOTA,POTTER,5.1706158307185065e-05,1.6633729214966134e-07,8773.930620000001,32.13894,3845.81652,14.08724,210.47537167951623,0.0,32448.49440427698,14.889038770439564,36921.96144,135.24528,95100.0,0.0,103000.0,9852000.0,0.0,103.6,0.0
2021,SOUTH DAKOTA,SANBORN,205.2201851080452,0.1561200799769574,11117.138760000002,40.72212,5455.9596,19.9852,290.9364756268346,0.0,21463.20826111908,9.84842427375303,46455.09414,170.16518,67500.0,0.0,74100.0,9160000.0,0.0,135.7,0.0
2021,SOUTH DAKOTA,SULLY,1.2865813381702171,0.0009801973364614,14826.05124,54.30788,6609.67944,24.21128,192.04408682346843,0.0,38502.6583241574,19.01608877308241,57917.097420000006,212.15054,115900.0,0.0,124000.0,13259000.0,0.0,114.4,0.0
2021,SOUTH DAKOTA,TODD,8.355468096412942e-05,2.6879311542414173e-07,1165.06026,4.26762,1537.55238,5.63206,252.94244359998848,0.0,52435.21635485635,24.059975156842377,10961.38134,40.15158,16700.0,0.0,19200.0,1779000.0,0.0,106.5,0.0
2021,SOUTH DAKOTA,TRIPP,0.0358570321471895,4.031214990055778e-05,6431.78718,23.55966,3583.49628,13.12636,235.91019206068697,0.0,60895.08383685452,27.94179763411729,26355.92778,96.54186,66800.0,0.0,95500.0,4716000.0,0.0,70.6,0.0
2021,SOUTH DAKOTA,TURNER,168.51093209524495,0.1282001042640137,18342.41682,67.18834000000001,8208.17088,30.06656,267.95572835988594,0.0,23224.73053967692,11.47046871296982,64665.98502000001,236.87174,137200.0,0.0,148500.0,20511000.0,0.0,149.5,0.0
2021,SOUTH DAKOTA,WALWORTH,0.280422643434946,0.0002201371882276,5469.23832,20.03384,2340.27612,8.57244,140.46016461586493,0.0,26781.979391437777,13.227359351105,23974.60338,87.81906,65300.0,0.0,75800.0,7105000.0,0.0,108.8,0.0
2021,SOUTH DAKOTA,YANKTON,145.28054760794612,0.1105200898849302,11298.99498,41.38826,5298.55872,19.40864,256.6534552041608,0.0,19570.569446268317,8.979984205574162,38870.25324,142.38188000000002,90600.0,0.0,101500.0,11869000.0,0.0,131.0,0.0
2021,TENNESSEE,BEDFORD,992.1834228456572,0.7548600761739893,9766.0017,35.7729,8601.17076,31.50612,400.5553960449605,0.0,17638.025589614725,8.711249430369111,42432.61932,155.43084,8370.0,0.0,9000.0,1410000.0,0.0,168.5,0.0
2021,TENNESSEE,BLEDSOE,341.11844287154565,0.2595200750765221,284.31312,1.04144,1092.3712799999998,4.00136,130.17007520162772,0.0,15232.322041494168,6.989373085049345,4071.68034,14.91458,2920.0,0.0,3100.0,448000.0,0.0,153.4,0.0
2021,TENNESSEE,BLOUNT,2.3360108927158945,0.0017800991451317,599.6445,2.1965000000000003,4322.2725,15.8325,364.0689391153936,0.0,19718.78814910633,9.738917837414473,25397.7087,93.0319,950.0,0.0,1300.0,131000.0,0.0,137.9,0.0
2021,TENNESSEE,CANNON,73.91268983387073,0.0562200295882231,2068.248,7.576,2180.36364,7.98668,120.45963479255752,0.0,9907.850188436594,4.893390922452228,11733.20694,42.97878,5750.0,0.0,6100.0,984000.0,0.0,171.1,0.0
2021,TENNESSEE,CARROLL,74.91897498421682,0.0570201129595437,11991.32298,43.92426,5211.88122,19.09114,251.43291475786552,0.0,22472.23558320672,10.311417925532924,31484.25462,115.32694,38500.0,0.0,40500.0,6530000.0,0.0,169.6,0.0
2021,TENNESSEE,CHESTER,8.288476943072732,0.0063000544809657,3467.13822,12.70014,1186.5453599999998,4.34632,136.26881616070511,0.0,10791.461683670674,4.95167786203071,7676.86374,28.12038,5340.0,0.0,5700.0,898000.0,0.0,168.2,0.0
2021,TENNESSEE,COFFEE,393.5181134381788,0.2993800423963674,4492.034820000001,16.45434,3178.06398,11.64126,317.5501652100699,0.0,15694.08030347187,7.751153745024857,20857.08534,76.39958,21000.0,0.0,22000.0,3930000.0,0.0,187.1,0.0
2021,TENNESSEE,CROCKETT,404.4765135032527,0.3077200442419252,13630.82448,49.92976,4536.10794,16.61578,83.57482590954328,0.0,9976.258819733031,4.927177280646667,25341.2796,92.8252,24500.0,0.0,25500.0,4183000.0,0.0,170.7,0.0
2021,TENNESSEE,CUMBERLAND,556.1247376481813,0.4231001235358658,289.29264,1.0596800000000002,1425.04908,5.21996,408.1897842124165,0.0,25242.78517920101,12.46716628774593,4715.76924,17.27388,640.0,0.0,800.0,86900.0,0.0,135.8,0.0
2021,TENNESSEE,DECATUR,0.322040492262679,0.0002400659270784,2499.60984,9.15608,973.76916,3.5669200000000005,247.43276960391808,0.0,12860.82279971944,5.901207214703203,6231.66726,22.82662,3630.0,0.0,3900.0,597000.0,0.0,164.5,0.0
2021,TENNESSEE,DYER,3300.0176499763006,2.5106000310446994,30241.89168,110.77616,8390.63862,30.73494,244.2531368269945,0.0,19011.89894925626,9.389792131238275,42698.25378,156.40386,52000.0,0.0,54000.0,9370000.0,0.0,180.2,0.0
2021,TENNESSEE,FAYETTE,1335.458060218797,1.01600006210627,21862.24404,80.08148,6996.54228,25.62836,329.09904375052463,0.0,26251.81248966067,12.965515070539624,32250.94782,118.13534,23200.0,0.0,24500.0,3833000.0,0.0,165.2,0.0
2021,TENNESSEE,FENTRESS,328.24082916709034,0.2497200959098722,465.05004,1.70348,2329.96218,8.534659999999999,183.53178112052535,0.0,18709.760831379197,9.240569051031438,13765.87212,50.42444,870.0,0.0,1000.0,129900.0,0.0,149.3,0.0
2021,TENNESSEE,FRANKLIN,350.9044976945704,0.26696005357943,6154.561140000001,22.54418,3245.92086,11.88982,355.8539434791323,0.0,21052.75646432876,10.397751824646807,22031.17098,80.70026000000001,23000.0,0.0,24000.0,4371000.0,0.0,190.0,0.0
2021,TENNESSEE,GIBSON,1212.640349748288,0.922540098267636,34848.45546,127.65002,12387.99744,45.37728,349.6830925735976,0.0,22158.69602552056,10.943964626272814,65051.42826,238.28362,80000.0,0.0,84000.0,13630000.0,0.0,170.4,0.0
2021,TENNESSEE,GILES,308.61620825736344,0.2348000873478131,8496.404279999999,31.12236,6587.99232,24.13184,348.2955788108599,0.0,22819.979459448117,11.270566087861908,41739.8709,152.8933,15000.0,0.0,15900.0,2660000.0,0.0,177.3,0.0
2021,TENNESSEE,GRAINGER,5.469197949093158,0.0041600579784236,696.70146,2.55202,3626.78316,13.28492,154.78555131573768,0.0,11310.227142368303,5.5860112715401335,23366.60508,85.59196,540.0,0.0,600.0,64100.0,0.0,118.7,0.0
2021,TENNESSEE,GREENE,4319.360728692705,3.286100091355423,2588.86992,9.48304,10620.07128,38.90136,391.8603891139495,0.0,23065.110387872748,11.39163387120055,60281.22828,220.81036,3500.0,0.0,5500.0,529000.0,0.0,151.1,0.0
2021,TENNESSEE,HAWKINS,137.4921830420742,0.1046000734566342,1118.6011200000005,4.09744,4740.25734,17.36358,410.3604569669489,0.0,18367.717673443512,9.071637259341369,29693.707680000003,108.76816,1100.0,0.0,1200.0,149200.0,0.0,135.6,0.0
2021,TENNESSEE,HENDERSON,3.131256634265956e-05,1.007316665212556e-07,7537.906739999999,27.61138,3062.52492,11.21804,280.7728565319002,0.0,19650.379510251707,9.705131475487116,21045.80478,77.09086,9890.0,0.0,10600.0,1628000.0,0.0,164.6,0.0
2021,TENNESSEE,HENRY,56.75067207666837,0.0431601031092032,11742.4125,43.0125,4846.47072,17.752640000000003,271.7990174669325,0.0,21332.09172293661,9.788261259835584,29967.60858,109.77146,38000.0,0.0,41000.0,6755000.0,0.0,177.8,0.0
2021,TENNESSEE,HICKMAN,1.2367567036764688,0.000940118090126,1259.44728,4.61336,1870.85262,6.85294,176.60236653007766,0.0,23036.60679925123,10.570380477444091,12094.506060000002,44.302220000000005,3730.0,0.0,4100.0,630000.0,0.0,168.9,0.0
2021,TENNESSEE,JEFFERSON,97.84075748126163,0.0744400573647406,1278.87396,4.68452,4973.8143,18.2191,518.0307233514656,0.0,11190.51203672744,5.526885144269142,28546.829220000003,104.56714,650.0,0.0,900.0,83400.0,0.0,128.3,0.0
2021,TENNESSEE,LAKE,2174.176920633276,1.65412,11124.83736,40.75032,3135.3777,11.4849,162.71320007766067,0.0,6424.710681117967,3.173102169334008,16522.44594,60.52178,12300.0,0.0,13000.0,2285000.0,0.0,185.8,0.0
2021,TENNESSEE,LAUDERDALE,6243.456121013763,4.749980000000001,19767.04002,72.40674,6144.10524,22.50588,226.5938950734864,0.0,17883.156531702247,8.20571233971517,33057.515400000004,121.0898,20600.0,0.0,21500.0,3593000.0,0.0,174.4,0.0
2021,TENNESSEE,LAWRENCE,191.0761418064998,0.14538006461835,7299.648720000001,26.73864,5278.2093,19.3341,286.91191916868974,0.0,23139.219745905182,10.617464577003377,35035.99554,128.33698,27500.0,0.0,30000.0,4810000.0,0.0,174.9,0.0
2021,TENNESSEE,LINCOLN,393.77029689974,0.2995600495518011,11228.304359999998,41.12932,6246.99894,22.88278,306.7078795316972,0.0,21371.99675863473,9.806571743405105,36508.35006,133.73022,17700.0,0.0,18600.0,3238000.0,0.0,182.9,0.0
2021,TENNESSEE,MACON,313.0694537327596,0.2381800436138962,1398.6063,5.1231,2800.60326,10.25862,169.05461414930306,0.0,11640.868863401882,5.749312004344714,18231.64434,66.78258000000001,4750.0,0.0,5300.0,710000.0,0.0,149.5,0.0
2021,TENNESSEE,MADISON,605.0291058669284,0.4603000865119244,14716.04862,53.90494,5451.193020000001,19.96774,410.62458457086734,0.0,19507.861533713625,8.95121058885076,27204.89226,99.65162,29500.0,0.0,31000.0,5010000.0,0.0,169.8,0.0
2021,TENNESSEE,MARION,1.1642103409313067,0.0008800975925312,1346.00466,4.93042,985.07136,3.60832,255.4107842295668,0.0,19114.51189300322,8.7707215350935,5592.19206,20.48422,2360.0,0.0,2500.0,399000.0,0.0,169.1,0.0
2021,TENNESSEE,MARSHALL,350.2036345810377,0.2664400455495594,3975.1803,14.5611,5335.00968,19.54216,306.623892771649,0.0,13932.558033925718,6.88115501477006,27908.8446,102.2302,4290.0,0.0,4600.0,730000.0,0.0,170.2,0.0
2021,TENNESSEE,MAURY,10.66509453106976,0.0081201108504989,4243.653960000001,15.54452,6340.13562,23.22394,398.2894582109966,0.0,22118.79098982243,10.149239360680705,34127.81736,125.01032,9110.0,0.0,9700.0,1590000.0,0.0,174.5,0.0
2021,TENNESSEE,MCMINN,228.53336021128865,0.173860062770162,1210.30182,4.43334,3485.60394,12.767779999999998,358.4491502906092,0.0,15847.99972563305,7.827173051823788,19972.61994,73.15978,4300.0,0.0,5400.0,796000.0,0.0,185.1,0.0
2021,TENNESSEE,MEIGS,5.627772559557852,0.004280040473849,366.74274,1.34338,1177.2688199999998,4.31234,170.1013305588039,0.0,7895.496267072862,3.622859925877293,6800.72484,24.91108,1450.0,0.0,1700.0,237000.0,0.0,163.4,0.0
2021,TENNESSEE,MONROE,1053.104250731337,0.8011800954422571,916.88142,3.35854,2132.19552,7.81024,333.75605944764044,0.0,24096.9405866716,11.056916175335456,11115.27144,40.71528000000001,5620.0,0.0,6100.0,1095000.0,0.0,194.8,0.0
2021,TENNESSEE,MONTGOMERY,581.4160949727515,0.4423400474466961,7078.78626,25.92962,4324.96428,15.84236,415.3626304732626,0.0,17831.850051834517,8.806977448651267,27639.69936,101.24432,17400.0,0.0,18500.0,3125000.0,0.0,179.6,0.0
2021,TENNESSEE,OBION,1735.1570541951792,1.3200800440037035,31303.85076,114.66612,12420.55542,45.49654,324.10625716038857,0.0,20642.30467422453,9.471751471009531,64857.99684,237.57508,76000.0,0.0,80000.0,12310000.0,0.0,162.0,0.0
2021,TENNESSEE,PICKETT,1.0482942143675384e-05,3.3723337161914525e-08,268.84494,0.98478,1102.16652,4.03724,139.8199716441428,0.0,6578.630101825649,3.2491214754150715,6503.755440000001,23.82328,380.0,0.0,400.0,61700.0,0.0,162.4,0.0
2021,TENNESSEE,ROBERTSON,762.0165056057084,0.5797200142149352,13960.05702,51.13574,6797.30142,24.89854,370.0622194870849,0.0,17375.792505982274,8.581735058774019,41948.32824,153.65688,36500.0,0.0,38500.0,6520000.0,0.0,178.6,0.0
2021,TENNESSEE,RUTHERFORD,1705.038430392672,1.2971800328627736,7425.01032,27.19784,7433.97564,27.230680000000003,914.2188815382304,0.0,19627.576639354487,9.693869359151876,35620.6305,130.4785,8120.0,0.0,8600.0,1446000.0,0.0,178.1,0.0
2021,TENNESSEE,STEWART,47.344048537418765,0.0360200923446666,1085.98854,3.97798,671.70012,2.46044,245.6016819671716,0.0,18014.273066396323,8.26587535203196,4317.080040000001,15.81348,2830.0,0.0,3000.0,425000.0,0.0,150.2,0.0
2021,TENNESSEE,SULLIVAN,2.2264897050165936e-05,7.162556272916816e-08,891.9401400000002,3.26718,4797.47814,17.573179999999997,415.1751712494472,0.0,13972.463068170338,6.411284965908994,30098.54484,110.25108,480.0,0.0,1200.0,65400.0,0.0,136.3,0.0
2021,TENNESSEE,SUMNER,243.71935652964652,0.1854200531041122,7323.48708,26.82596,5871.8205,21.5085,650.3646152676669,0.0,17980.068754817898,8.880181225648524,34420.55526,126.08262,11400.0,0.0,12100.0,1805000.0,0.0,158.3,0.0
2021,TENNESSEE,TIPTON,4998.875223194587,3.803100008572476,20999.74422,76.92214,5907.3378,21.6386,380.94476739109183,0.0,16845.62560791159,7.72963976890853,31854.41532,116.68284,35000.0,0.0,37000.0,5650000.0,0.0,161.4,0.0
2021,TENNESSEE,WARREN,262.6165938816864,0.1998000408404083,1254.5114400000002,4.595280000000001,2112.25014,7.73718,248.7519647819134,0.0,15962.014112096109,7.8834836492931,11916.630180000002,43.65066,11300.0,0.0,12100.0,2080000.0,0.0,184.1,0.0
2021,TENNESSEE,WASHINGTON,1.72051060840293e-05,5.53483540618684e-08,1244.0883,4.5571,6717.61272,24.60664,305.2054958532323,0.0,10797.162403284525,5.332613582928226,41687.08362,152.69994,2220.0,0.0,3100.0,302000.0,0.0,136.0,0.0
2021,TENNESSEE,WAYNE,13.817863140719252,0.0105401389117161,2374.65228,8.69836,1893.81738,6.93706,120.69679589673665,0.0,27580.080103874032,12.655159800088704,12153.23382,44.51734,4950.0,0.0,5500.0,691000.0,0.0,139.6,0.0
2021,TENNESSEE,WEAKLEY,348.5171626713068,0.2651600708911559,26357.83332,96.54884,10679.088419999998,39.11754,289.31224133298764,0.0,21503.11329667185,10.620178687522069,56289.85362,206.18994,76000.0,0.0,80000.0,12230000.0,0.0,160.9,0.0
2021,TENNESSEE,WHITE,335.1994995447334,0.2550200627387,286.85748,1.05076,1003.64082,3.67634,340.24230206196523,0.0,14154.886086220537,6.990960679189137,4256.38122,15.59114,3870.0,0.0,4200.0,693000.0,0.0,179.1,0.0
2021,TENNESSEE,WILLIAMSON,462.4612498573729,0.351840096611224,3158.76834,11.57058,5011.8978,18.3586,406.3980177748272,0.0,18846.578091646465,9.308141766271724,24874.67892,91.11604,2050.0,0.0,2200.0,335000.0,0.0,163.4,0.0
2021,TEXAS,AUSTIN,1122.6118475326443,0.854060091606269,12195.25398,44.67126,22376.64702,81.96574,7409.135909322,0.0,24450.38518848619,11.219094744055932,118289.90628,433.29636,5240.0,0.0,5800.0,461000.0,0.0,88.0,0.0
2021,TEXAS,BELL,16.666857453802873,0.0126801848615351,4995.11922,18.29714,3145.05828,11.52036,1993.284358067267,0.0,36895.055476598005,16.929349774582448,13925.18946,51.00802,70600.0,0.0,75800.0,7702000.0,0.0,109.1,0.0
2021,TEXAS,BEXAR,149.258146795527,0.1135601524657875,2758.1462999999994,10.1031,4840.3446,17.7302,1351.0565631843765,0.0,29769.15631393567,13.659620597467288,24135.92454,88.40998,6060.0,0.0,6900.0,448000.0,0.0,73.9,0.0
2021,TEXAS,BURLESON,778.853796856966,0.5925201236939598,8275.585500000001,30.313499999999998,21789.67518,79.81566,247.3872440408265,0.0,25077.464318248178,12.38551592112828,118809.1359,435.1983,9900.0,0.0,10600.0,1288000.0,0.0,130.1,0.0
2021,TEXAS,CALDWELL,3.225730291444724e-05,1.0377085814350537e-07,6355.53828,23.28036,7459.22814,27.32318,405.7036577000681,0.0,20243.25433148762,9.997946588070493,40671.64374000001,148.98038,6290.0,0.0,6900.0,572000.0,0.0,90.9,0.0
2021,TEXAS,CARSON,5.573037266925071e-05,1.7928307930404676e-07,16954.992599999998,62.1062,12591.6336,46.1232,352.4614883290474,0.0,34973.91306782044,17.273275783725893,71691.82566,262.60742,27400.0,0.0,30700.0,6039000.0,0.0,220.4,0.0
2021,TEXAS,COLEMAN,7.69596931065907e-05,2.475772204921361e-07,310.88148,1.13876,313.07094,1.14678,188.21947675410223,0.0,48296.494129154205,23.85316909955849,1870.79256,6.85272,2150.0,0.0,2900.0,112700.0,0.0,52.4,0.0
2021,TEXAS,COLLIN,9.516037155874846,0.0072401191966579,1243.42218,4.55466,2241.48834,8.21058,1645.4448787922804,0.0,23857.51037829688,10.947053276586113,9195.52998,33.683260000000004,17300.0,0.0,19100.0,941000.0,0.0,54.4,0.0
2021,TEXAS,COLORADO,2785.760861698589,2.119380142981286,24491.305020000003,89.71174,34091.30088,124.87656,158027.82116893202,0.0,36450.399374188615,16.725318676381068,185048.37624,677.83288,10100.0,0.0,10800.0,852000.0,0.0,84.4,0.0
2021,TEXAS,DALLAM,66.41774820035616,0.0505202848009947,51389.80938,188.24106,44076.72906,161.45322000000002,203.34287064243316,0.0,56853.27383761108,28.079279441805536,249299.29206,913.18422,86400.0,0.0,93000.0,12900000.0,0.0,149.3,0.0
2021,TEXAS,DE WITT,23.00147420425976,0.0175001743736158,16443.78372,60.23364,27988.73532,102.52284,402.7663332098082,0.0,34016.19221331846,16.800266760927713,186730.42206,683.99422,3860.0,0.0,4200.0,410000.0,0.0,106.2,0.0
2021,TEXAS,DEAF SMITH,55.50704272834904,0.0422402671530097,27802.61484,101.84108,23128.82754,84.72098,360.2815075781514,0.0,55958.26090136149,25.6765292622306,129386.30796,473.94252000000006,27200.0,0.0,36700.0,5296000.0,0.0,194.7,0.0
2021,TEXAS,ELLIS,130.98983118001877,0.0996601656134865,3341.69472,12.24064,3405.75144,12.47528,655.3948098041874,0.0,33702.65265127179,15.464511103026773,13718.24454,50.24998,41900.0,0.0,44900.0,2967000.0,0.0,70.8,0.0
2021,TEXAS,FALLS,668.4937975106733,0.5085800534365961,30729.33864,112.56168,32413.6449,118.7313,181.12416230282597,0.0,28777.23115621288,13.204474298637402,185605.96782,679.87534,65100.0,0.0,70400.0,6139000.0,0.0,94.3,0.0
2021,TEXAS,FAYETTE,5.702938543403457e-05,1.8346196771571917e-07,4364.90964,15.98868,16634.9274,60.9338,409.60475226809007,0.0,35789.115933574954,16.421887809516296,101365.2549,371.3013,6980.0,0.0,7800.0,711000.0,0.0,101.9,0.0
2021,TEXAS,FORT BEND,1209.687986398005,0.9203200816747824,31627.72158,115.85246,19291.14642,70.66354,38725.8171453,0.0,26308.819687252697,12.993670371427887,109191.18756,399.96772,15600.0,0.0,17200.0,2053000.0,0.0,131.6,0.0
2021,TEXAS,FRIO,489.143045889709,0.3721202145844582,6795.6252,24.8924,15326.65134,56.14158,233.25280230014891,0.0,41860.38201258763,20.67443587205686,78233.00394,286.56778,6410.0,0.0,7000.0,947000.0,0.0,147.7,0.0
2021,TEXAS,GILLESPIE,6.372429735518655e-05,2.0499931561785786e-07,144.54258,0.5294599999999999,885.1697399999999,3.24238,262.80909023290724,0.0,39990.54607502948,18.34972013011742,3936.50712,14.41944,1430.0,0.0,2000.0,109400.0,0.0,76.5,0.0
2021,TEXAS,GLASSCOCK,24.16888873426584,0.0183801543410598,1256.55894,4.60278,4029.00498,14.758260000000002,236.22981870362597,0.0,34010.491494591246,16.79745123134857,26653.273920000003,97.63104,650.0,0.0,700.0,111400.0,0.0,171.4,0.0
2021,TEXAS,GOLIAD,5.1506310185772105e-05,1.6569438622809702e-07,24291.1851,88.9787,21303.7188,78.0356,273.29908438516645,0.0,32323.0785764205,14.83149153573225,127223.96778,466.02186,2800.0,0.0,3100.0,186200.0,0.0,66.5,0.0
2021,TEXAS,GONZALES,6.392414546712654e-05,2.0564222150894786e-07,9339.71766,34.21142,19217.6712,70.3944,307.75098355619303,0.0,40115.96189694114,18.407267362096945,130795.5831,479.1047,4330.0,0.0,4700.0,414000.0,0.0,95.6,0.0
2021,TEXAS,GRAY,5.5285256412170776e-05,1.7785115252165847e-07,6221.40246,22.78902,5133.47562,18.80394,334.1514964147044,0.0,34694.57782323887,15.919657408392675,28860.2769,105.7153,5250.0,0.0,7600.0,1122000.0,0.0,213.7,0.0
2021,TEXAS,GRAYSON,5.536701245078441e-05,1.781141594540065e-07,1988.57022,7.28414,7253.9649,26.5713,462.2177064188045,0.0,34745.88429133325,17.160654587028493,32032.9464,117.3368,17400.0,0.0,18900.0,1152000.0,0.0,66.2,0.0
2021,TEXAS,GUADALUPE,4.066909183594491e-05,1.3083135223443862e-07,3398.30946,12.44802,3883.2612,14.2244,584.1863717017168,0.0,25522.120421820367,11.71086201195898,18934.58658,69.35746,20700.0,0.0,23100.0,1946000.0,0.0,94.0,0.0
2021,TEXAS,HALE,313.13867535857474,0.2382001813741058,55342.5054,202.7198,48789.64818,178.71666,457.2814512883708,0.0,37379.61661862997,17.151691358154082,266762.6052,977.1524,25100.0,0.0,28400.0,3597000.0,0.0,143.3,0.0
2021,TEXAS,HARTLEY,53.93306061625463,0.0410202582048123,37595.14668,137.71115999999998,32783.22138,120.08506,363.61652953986055,0.0,54943.5328643112,27.13607693417301,184432.4664,675.5768,79800.0,0.0,91000.0,14252000.0,0.0,178.6,0.0
2021,TEXAS,HAYS,3.733526188520153e-05,1.20106512783022e-07,273.09828000000005,1.00036,294.08652,1.07724,548.1646090306155,0.0,23429.95643124064,11.571827786404548,1344.54138,4.92506,3260.0,0.0,3500.0,300000.0,0.0,92.0,0.0
2021,TEXAS,HIDALGO,4870.637111526266,3.705540024087061,87098.89188000001,319.04356,68657.18496,251.49152,4831.51522508687,0.0,47333.07256295994,23.377344550655646,310510.92072000005,1137.40264,19900.0,0.0,23500.0,2054000.0,0.0,103.2,0.0
2021,TEXAS,HILL,100.16435003823638,0.0762201581286124,4929.7794,18.0578,5637.58104,20.65048,510.8068082395313,0.0,36074.15189028487,17.816673045894884,31384.07454,114.95998,88900.0,0.0,101000.0,8641000.0,0.0,97.2,0.0
2021,TEXAS,HUNT,1019.291672332097,0.7754600969528508,2848.05612,10.43244,10463.20548,38.32676,544.5800707374881,0.0,31747.305923866334,14.567297418124506,42667.21368,156.29016,6430.0,0.0,6900.0,320000.0,0.0,49.8,0.0
2021,TEXAS,HUTCHINSON,51.65068801730838,0.039300153878346,9306.85392,34.09104,7326.08604,26.83548,323.81079021042444,0.0,33326.40517667043,15.291869403019849,43439.197620000006,159.11793999999998,23300.0,0.0,26500.0,5114000.0,0.0,219.5,0.0
2021,TEXAS,JACKSON,2668.79661771928,2.030380125921748,40605.2283,148.7371,21941.4468,80.3716,77052.945507552,0.0,31673.196571793243,15.643083983076911,123494.35098,452.36026,79100.0,0.0,86000.0,9191000.0,0.0,116.2,0.0
2021,TEXAS,JOHNSON,21.99153934192519,0.0167401261340987,952.99932,3.4908399999999995,2121.88158,7.77246,499.603939102847,0.0,25584.828340043703,12.63609808087174,10428.94398,38.20126,10800.0,0.0,12200.0,620000.0,0.0,57.4,0.0
2021,TEXAS,LAMAR,8355.69663680429,6.3569201157576245,5472.07206,20.04422,16676.008439999998,61.08428,430.9581787352939,0.0,34631.86990196319,17.104343988123443,72225.54612,264.56244,19500.0,0.0,21400.0,1254000.0,0.0,64.3,0.0
2021,TEXAS,LAVACA,234.00047224095172,0.1780401674325598,16336.44012,59.84044,25607.27988,93.79956,17477.052151788,0.0,36353.48714031706,17.954634011274013,161505.72438,591.5960600000001,1980.0,0.0,2200.0,155800.0,0.0,78.7,0.0
2021,TEXAS,LEE,0.8021179030720657,0.0006001219415666,9407.37252,34.45924,17182.614540000002,62.93998,264.6164253924367,0.0,23817.605350156948,11.763283820240966,103085.32962,377.60194,350.0,0.0,400.0,30100.0,0.0,86.0,0.0
2021,TEXAS,LIPSCOMB,5.532159241839511e-05,1.7796804445640597e-07,4472.0949,16.3813,3967.85844,14.53428,194.85152444881956,0.0,34717.38069108373,15.930120537411524,21051.37944,77.11128,4170.0,0.0,4600.0,729000.0,0.0,174.8,0.0
2021,TEXAS,MATAGORDA,2605.8574545169654,1.982500107681684,54661.0428,200.2236,23011.05534,84.28958,78499.56837083402,0.0,41090.78489553167,20.29433933497536,114330.7893,418.7941,38900.0,0.0,41300.0,4046000.0,0.0,104.0,0.0
2021,TEXAS,MCLENNAN,31.54325664170473,0.0240001817244762,6895.707,25.259,5827.8238200000005,21.34734,547.8835386105873,0.0,37231.397910995394,17.083680988952338,30157.72578,110.46786,50000.0,0.0,63500.0,6035000.0,0.0,120.7,0.0
2021,TEXAS,MEDINA,814.6257558096419,0.6197601733546755,9228.88512,33.80544,9805.717740000002,35.91838,458.29240225117496,0.0,49852.790503502896,24.62180875458388,62812.28226,230.08162,25300.0,0.0,27400.0,2024000.0,0.0,80.0,0.0
2021,TEXAS,MILAM,187.01411509073543,0.1422601766400419,32469.3642,118.9354,35428.54224,129.77488,317.9183063913936,0.0,38474.15473041956,17.65392175994465,198203.90226,726.02162,35500.0,0.0,39200.0,3972000.0,0.0,111.9,0.0
2021,TEXAS,MOORE,276.8354201125292,0.2106201300812795,29109.24744,106.62728,23952.45762,87.73794,367.40233906479295,0.0,33736.85697346075,15.48020580592556,139505.18399999998,511.008,46400.0,0.0,50700.0,10070000.0,0.0,217.0,0.0
2021,TEXAS,NAVARRO,144.49259783646926,0.1099401870206213,5648.7467400000005,20.69138,15062.8569,55.17530000000001,477.5884237313077,0.0,38753.48997507381,19.13997208785947,73873.42872,270.59864,20700.0,0.0,22200.0,1875000.0,0.0,90.6,0.0
2021,TEXAS,NUECES,2984.008876697157,2.270220057337905,26622.35394,97.51778,11746.87332,43.02884,1266.038058661342,0.0,28241.363546667937,13.94813500291174,101140.0026,370.4762,10200.0,0.0,11200.0,762000.0,0.0,74.7,0.0
2021,TEXAS,OCHILTREE,5.443135990546277e-05,1.7510419089557826e-07,16692.808859999997,61.14582,11150.3847,40.8439,300.8591924064109,0.0,34158.71020269093,16.87065501087272,70550.90952,258.42824,29700.0,0.0,33000.0,6718000.0,0.0,226.2,0.0
2021,TEXAS,SAN PATRICIO,786.6990863762,0.5985200895902191,24061.47198,88.13726,11698.7598,42.8526,297.6862099083016,0.0,25487.9161127129,11.695167315062656,88689.9468,324.8716,18100.0,0.0,20000.0,1622000.0,0.0,89.6,0.0
2021,TEXAS,SHERMAN,234.35764121634065,0.1783001334989657,35443.1532,129.82840000000002,28974.0087,106.1319,387.5802435310114,0.0,34774.387886364704,17.174732235613348,168418.5867,616.9179,87700.0,0.0,96400.0,18378000.0,0.0,209.6,0.0
2021,TEXAS,SWISHER,7.55459365237862,0.0057401727045435,26960.43168,98.75616,21824.90856,79.94472,197.6460427985484,0.0,33765.360567460215,16.67638344864883,120986.27814,443.17318,4150.0,0.0,5600.0,780000.0,0.0,188.0,0.0
2021,TEXAS,TOM GREEN,34.70301027903418,0.0264002905864197,5308.2393,19.4441,3032.91534,11.10958,853.1116504521246,0.0,57155.411956316646,28.228502522421564,21990.61956,80.55172,4180.0,0.0,7100.0,460000.0,0.0,110.0,0.0
2021,TEXAS,TRAVIS,1.7861217806662175,0.0013601344085814,3014.26944,11.04128,2770.5405000000005,10.1485,1881.0977905291024,0.0,26280.316094270675,12.979592723855232,15369.1629,56.2973,14200.0,0.0,15800.0,1108000.0,0.0,78.0,0.0
2021,TEXAS,UVALDE,165.8486066529887,0.1261602768838776,3095.47056,11.33872,6784.80348,24.85276,274.8738460160759,0.0,58643.29970867128,26.90856321746092,46165.6923,169.1051,14000.0,0.0,15800.0,1483000.0,0.0,105.9,0.0
2021,TEXAS,VICTORIA,910.7583501542174,0.6929001649978528,23253.52848,85.17776,15271.13952,55.93824,20252.565947322004,0.0,32442.793678093305,16.02318051484618,82337.67906,301.60322,35500.0,0.0,37700.0,3536000.0,0.0,99.6,0.0
2021,TEXAS,WALLER,964.6225955572226,0.7338800485984138,12032.52414,44.07518,22646.40924,82.95388000000001,35040.342729744,0.0,18994.79679462985,8.71579008838659,124926.22506,457.60522,2890.0,0.0,3100.0,272000.0,0.0,94.1,0.0
2021,TEXAS,WHARTON,4820.501290977892,3.667360028089949,67810.6884,248.3908,38060.841,139.417,231902.21213892003,0.0,40623.32591524828,20.063465887433,210541.18722,771.21314,87500.0,0.0,93500.0,12084000.0,0.0,138.1,0.0
2021,TEXAS,WILLACY,1689.6905550626338,1.2854800430830955,26613.00096,97.48352,16897.86462,61.89694,159.39237443151185,0.0,23224.73052892103,10.656701323946116,72812.59439999999,266.7128,3280.0,0.0,3300.0,298000.0,0.0,90.9,0.0
2021,TEXAS,WILLIAMSON,49.946875617645546,0.0380001792133286,8331.070020000001,30.51674,6625.20222,24.26814,1914.3416013030117,0.0,36809.54468747747,16.89011302483856,36888.3606,135.1222,98000.0,0.0,103000.0,9624000.0,0.0,98.2,0.0
2021,VIRGINIA,ACCOMACK,310.8146556284759,0.2364600495810347,9478.70196,34.72052,4535.52918,16.61366,350.7573753697222,0.0,15648.47454859594,7.180325267158517,24833.27574,90.96438,20500.0,0.0,25000.0,3640000.0,0.0,177.6,0.0
2021,VIRGINIA,AMELIA,2.213772097592042e-05,7.121644078878833e-08,1593.5829,5.8373,902.77824,3.30688,273.67557718579127,0.0,13892.652997791543,6.861446305225078,4702.910940000001,17.22678,5700.0,0.0,7500.0,1015000.0,0.0,178.1,0.0
2021,VIRGINIA,APPOMATTOX,2.0457179990600333e-05,6.581018656305478e-08,425.07192,1.5570399999999998,1295.52696,4.74552,150.0394781669951,0.0,12838.01992228148,5.890744081282547,7192.414320000001,26.34584,810.0,0.0,1600.0,120600.0,0.0,148.9,0.0
2021,VIRGINIA,AUGUSTA,1558.8117364467455,1.1859001155973885,2689.1482800000003,9.850360000000002,12674.3253,46.426100000000005,509.6947672516766,0.0,35743.51017070479,17.653372313808173,72806.90508,266.69196,11100.0,0.0,23500.0,1310000.0,0.0,118.0,0.0
2021,VIRGINIA,BEDFORD,14.534384422843628,0.0110601427348891,1255.19394,4.59778,6437.57478,23.580859999999998,456.2841253535401,0.0,28805.734751084445,13.217553214529527,35737.681979999994,130.90726,650.0,0.0,2400.0,74600.0,0.0,114.8,0.0
2021,VIRGINIA,BOTETOURT,0.5255724400115002,0.0004001043523952,542.2326,1.9862,2863.83552,10.49024,255.97896140676,0.0,20391.4730280756,10.071150361909122,19068.60228,69.84836,1700.0,0.0,3600.0,265000.0,0.0,155.9,0.0
2021,VIRGINIA,BRUNSWICK,1.261654178227994,0.0009601099661332,2048.319,7.503000000000001,694.71948,2.54476,146.83889873793308,0.0,21451.806823344872,10.594838918948025,3488.98914,12.780179999999998,650.0,0.0,800.0,102200.0,0.0,157.2,0.0
2021,VIRGINIA,CAMPBELL,2.925958114409176e-05,9.41272694835888e-08,752.83572,2.7576400000000003,2238.81294,8.20078,319.309296702894,0.0,18362.01694554471,9.068821725232477,12301.69122,45.06114,1800.0,0.0,3200.0,207000.0,0.0,115.0,0.0
2021,VIRGINIA,CAROLINE,41.886211253948105,0.0318601010531194,3086.7018,11.3066,1203.3130199999998,4.40774,225.4334383716811,0.0,19713.08742992853,9.045378789303207,7001.94768,25.64816,11100.0,0.0,13600.0,1740000.0,0.0,156.8,0.0
2021,VIRGINIA,CHARLES CITY,7.509671309586628,0.0057200363826296,1671.20772,6.12164,644.87514,2.3621800000000004,111.18519741598976,0.0,7097.39556066863,3.5053346941158043,3863.46324,14.151879999999998,5750.0,0.0,7000.0,964000.0,0.0,167.7,0.0
2021,VIRGINIA,CHARLOTTE,2.8532860712949468e-05,9.178942980213553e-08,1077.14334,3.94558,1820.17836,6.66732,81.8125682808554,0.0,17905.95939620406,8.843579333632338,10358.76114,37.94418,1150.0,0.0,1400.0,165800.0,0.0,144.2,0.0
2021,VIRGINIA,CRAIG,1.9712291552755876e-05,6.341390090267877e-08,119.84154,0.43898,577.35678,2.11486,76.28027081336309,0.0,12370.560936765476,6.109699828148313,4190.76294,15.35078,490.0,0.0,600.0,49000.0,0.0,100.0,0.0
2021,VIRGINIA,CULPEPER,2.2419325141297285e-05,7.21223536599123e-08,2271.18528,8.31936,3763.07568,13.78416,408.11015425990666,0.0,14069.375297099992,6.45575328286342,24272.29896,88.90952,7400.0,0.0,9200.0,1067000.0,0.0,144.2,0.0
2021,VIRGINIA,DINWIDDIE,3.020431769179169e-05,9.716646102834896e-08,2497.61148,9.14876,906.43644,3.3202800000000003,468.0102207335513,0.0,18954.89175166423,9.361636830350012,4684.18314,17.158179999999998,5800.0,0.0,7100.0,1028000.0,0.0,177.2,0.0
2021,VIRGINIA,ESSEX,37.31599543443744,0.0283800499420998,3650.45226,13.37162,1383.39474,5.06738,96.79876087515522,0.0,9742.529328646557,4.470373727948481,8886.57042,32.55154,14000.0,0.0,17300.0,2380000.0,0.0,170.0,0.0
2021,VIRGINIA,FAUQUIER,71.19363031937912,0.0541800947197228,2708.16546,9.92002,7235.2371,26.5027,394.09853230759313,0.0,23914.517565714406,10.97321110730326,42857.669400000006,156.9878,6800.0,0.0,9500.0,1040000.0,0.0,152.9,0.0
2021,VIRGINIA,FRANKLIN,368.11311891652537,0.2800601247135824,1260.987,4.619000000000001,4768.86228,17.468359999999997,371.7129394750344,0.0,27010.00816792497,13.339980547802408,29894.25348,109.50276,3300.0,0.0,11000.0,451000.0,0.0,136.7,0.0
2021,VIRGINIA,FREDERICK,5.9232832829156274,0.0045000750446532,1038.7486199999998,3.80494,4140.711120000001,15.16744,323.85794481959374,0.0,14639.447227961802,6.717331616045562,24846.88752,91.01424,3300.0,0.0,4300.0,516000.0,0.0,156.4,0.0
2021,VIRGINIA,GLOUCESTER,1.2744859469925565e-05,4.0999863119995124e-08,869.7725399999999,3.18598,321.5394,1.1778,243.0043535531658,0.0,7998.109214308216,3.669944025703352,2094.8655,7.6735,4750.0,0.0,5800.0,815000.0,0.0,171.6,0.0
2021,VIRGINIA,GREENSVILLE,39.78295751162913,0.0302600566633888,4549.05906,16.66322,1416.25848,5.187760000000001,90.72067133705625,0.0,11053.694772681069,5.459312427162393,8835.453899999999,32.3643,2550.0,0.0,3100.0,358000.0,0.0,140.4,0.0
2021,VIRGINIA,ISLE OF WIGHT,1.8749386988394403e-05,6.031626334695692e-08,8979.1884,32.8908,3434.9569800000004,12.58226,261.86723338990186,0.0,11766.284688220549,5.398976813046027,23311.05504,85.38847999999999,11500.0,0.0,14000.0,2070000.0,0.0,180.0,0.0
2021,VIRGINIA,KING AND QUEEN,11.284759195521069,0.008580061777413,3388.35588,12.41156,1293.76338,4.73906,66.3755362425687,0.0,12051.320654668903,5.529765980103956,8098.71972,29.66564,12500.0,0.0,15300.0,2015000.0,0.0,161.2,0.0
2021,VIRGINIA,KING WILLIAM,72.9834172505261,0.055520055494469,4082.09256,14.95272,1672.79112,6.12744,171.74046683814976,0.0,10825.66600033634,4.967372562395124,9925.36818,36.35666,11200.0,0.0,13700.0,2185000.0,0.0,195.1,0.0
2021,VIRGINIA,LEE,2.6089263289567903e-05,8.392844395796582e-08,736.7997,2.6989,3619.56504,13.25848,209.8212628699993,0.0,16372.465903072434,7.512529751346933,21861.92736,80.08032,560.0,0.0,800.0,70700.0,0.0,126.3,0.0
2021,VIRGINIA,LUNENBURG,2.570773507308492e-05,8.270107815694378e-08,1556.30748,5.700760000000001,772.52448,2.82976,93.73737689775112,0.0,16133.035695860506,7.967949547507105,3856.96038,14.12806,1650.0,0.0,2000.0,268000.0,0.0,162.4,0.0
2021,VIRGINIA,MADISON,0.2272991884537765,0.0001600617195704,1933.79004,7.083480000000001,2851.94364,10.44668,78.81877505046742,0.0,12057.021374137405,5.53238176350914,18290.96178,66.99986,5100.0,0.0,6500.0,805000.0,0.0,157.8,0.0
2021,VIRGINIA,MATHEWS,5.3141431137012125e-06,1.7095452545079092e-08,268.05324,0.98188,89.11266,0.32642,79.58135240689167,0.0,3334.920805062,1.5302332534839842,508.9812,1.8644,1200.0,0.0,1400.0,180500.0,0.0,150.4,0.0
2021,VIRGINIA,MECKLENBURG,3.924290300930681e-05,1.262433419222488e-07,3340.3406400000003,12.23568,1580.95392,5.79104,286.8623771041187,0.0,24627.107493463285,11.300184030283605,7019.588940000001,25.71278,2300.0,0.0,2800.0,396000.0,0.0,172.2,0.0
2021,VIRGINIA,MIDDLESEX,7.948504657831365e-06,2.5570121329994777e-08,1086.93858,3.98146,403.31928,1.4773599999999998,91.61628833814623,0.0,4988.129409648493,2.463588640215653,2624.25072,9.61264,5400.0,0.0,6600.0,975000.0,0.0,180.6,0.0
2021,VIRGINIA,NEW KENT,43.02769254501136,0.0327400403569572,1360.81218,4.98466,559.39338,2.04906,134.19935558245731,0.0,7872.693389489547,3.612396792389941,3291.83946,12.05802,3800.0,0.0,4600.0,627000.0,0.0,165.0,0.0
2021,VIRGINIA,NORTHAMPTON,289.03422680758285,0.2198800216126359,8460.81054,30.99198,2434.30824,8.91688,165.23980510927848,0.0,6253.689100260576,3.088636272555744,10920.75894,40.00278,6150.0,0.0,7500.0,1115000.0,0.0,181.3,0.0
2021,VIRGINIA,NORTHUMBERLAND,1.2127147107484684e-05,3.901269940372445e-08,2865.05856,10.49472,966.02142,3.53854,140.40643579013687,0.0,7610.460299897756,3.4920707584858937,6264.208859999999,22.94582,11400.0,0.0,13700.0,2050000.0,0.0,179.8,0.0
2021,VIRGINIA,NOTTOWAY,1.807717059519281e-05,5.8153761659643854e-08,1357.1376,4.9712,824.31258,3.01946,153.34728060458158,0.0,11344.43145859792,5.6029044509245,4415.94972,16.175639999999998,1600.0,0.0,2300.0,257000.0,0.0,160.6,0.0
2021,VIRGINIA,ORANGE,1.991213966979136e-05,6.405680681016081e-08,2445.58314,8.95818,2948.4819,10.8003,244.3535036466934,0.0,12495.976761874845,6.171641485364558,18622.18176,68.21312,4800.0,0.0,6300.0,835000.0,0.0,174.0,0.0
2021,VIRGINIA,PAGE,24.23761568342562,0.0184400494011156,1411.86864,5.17168,3753.70086,13.74982,194.00508871196652,0.0,11578.160950992547,5.312655963075913,21446.89638,78.56006,1550.0,0.0,3500.0,190300.0,0.0,122.8,0.0
2021,VIRGINIA,ROCKINGHAM,861.486501430211,0.6554400648094829,4481.595300000001,16.4161,11341.45194,41.543780000000005,437.1712592710672,0.0,31274.14621466667,14.350187398562086,62777.11986,229.95282,9900.0,0.0,24000.0,1310000.0,0.0,132.3,0.0
2021,VIRGINIA,SHENANDOAH,3.0140729660806683e-05,9.6961900077904e-08,2646.09072,9.69264,4931.057040000001,18.06248,388.2472929552837,0.0,18914.986720326608,8.679169119913674,27959.72088,102.41656,7300.0,0.0,14000.0,958000.0,0.0,131.2,0.0
2021,VIRGINIA,SOUTHAMPTON,21.711695597920446,0.0165201147879274,19819.40142,72.59854,7477.852200000001,27.3914,165.51775235077812,0.0,22392.425515008184,10.27479695986116,48466.236,177.53199999999998,14500.0,0.0,17500.0,2213000.0,0.0,152.6,0.0
2021,VIRGINIA,SPOTSYLVANIA,5.868622716429902,0.0044600731451584,1071.50316,3.92492,781.6972800000001,2.86336,530.3497147075379,0.0,14268.9004726836,6.547305699377129,4936.36416,18.08192,2800.0,0.0,3700.0,430000.0,0.0,153.6,0.0
2021,VIRGINIA,STAFFORD,49.27351333300289,0.0374800434545946,622.12878,2.2788600000000003,409.30344,1.4992800000000002,569.4063579912092,0.0,8476.969638325174,3.889669826536745,2669.8580999999995,9.7797,1300.0,0.0,1600.0,212000.0,0.0,163.1,0.0
2021,VIRGINIA,SURRY,1.67509058187344e-05,5.388720427437176e-08,4781.34384,17.51408,1659.08652,6.077240000000001,96.73306631848892,0.0,10512.126437562923,5.191837089470306,10157.77854,37.20798,8400.0,0.0,10200.0,1497000.0,0.0,178.2,0.0
2021,VIRGINIA,SUSSEX,2.9786453465610164e-05,9.582220328140297e-08,6666.38154,24.41898,2035.41702,7.45574,129.63991144806087,0.0,18692.658674427184,9.232122461913548,12079.802280000002,44.248360000000005,8200.0,0.0,9900.0,1305000.0,0.0,159.1,0.0
2021,VIRGINIA,WESTMORELAND,17.081953623470174,0.0130000440390546,4002.3438,14.6606,1307.78466,4.79042,163.97250639667908,0.0,8590.984024788237,3.94198549330656,7133.025900000001,26.1283,10500.0,0.0,12700.0,1985000.0,0.0,189.0,0.0
2021,WASHINGTON,ADAMS,246.7779459489061,0.1877403403342883,27792.06066,101.80242,10695.56124,39.17788,301.7541427669194,0.0,72752.58003987056,33.38262698316023,63576.64404,232.88148,6300.0,0.0,11800.0,1310000.0,0.0,207.9,0.0
2021,WASHINGTON,GRANT,2484.7442131936305,1.8903603078285145,72069.81054,263.99198,35277.46950000001,129.2215,531.0553805432719,0.0,101307.48314393396,46.48508573226344,184579.20936,676.1143199999999,31600.0,0.0,42500.0,7827000.0,0.0,247.7,0.0
2021,WASHINGTON,WALLA WALLA,3473.471672687422,2.6425601070572027,19782.12054,72.46198,9207.547439999998,33.72728,740.6985155164649,0.0,47578.20349996022,23.49841233822972,55906.17942,204.78454,6400.0,0.0,6600.0,1437000.0,0.0,224.5,0.0
2021,WASHINGTON,YAKIMA,6154.630247085031,4.682360581399964,22949.83236,84.06532,19676.8026,72.0762,594.421176089456,0.0,159466.22175112594,78.75881721197538,126753.75804,464.29948,5420.0,0.0,32000.0,1170000.0,0.0,215.9,0.0
2021,WISCONSIN,ADAMS,111.81543332952708,0.0850601057829458,33013.43682,120.92834,11357.225880000002,41.601560000000006,205.48764089167912,0.0,24917.84417124055,11.433588977011851,41980.340220000006,153.77414,24800.0,1170.0,26400.0,3194000.0,25100.0,128.8,21.5
2021,WISCONSIN,BARRON,21.402652747522588,0.0162801699317206,23696.42184,86.80008,12431.40444,45.53628,633.9683291975971,0.0,33149.68288375738,16.37230622389385,76565.09952,280.45824,77100.0,13900.0,92400.0,13034000.0,278000.0,169.1,20.0
2021,WISCONSIN,BAYFIELD,8.995890472245956e-05,2.89395327484695e-07,307.68738,1.1270600000000002,632.0878200000001,2.3153400000000004,150.29832624498815,0.0,56454.22348262117,27.88219234949282,4403.9541,16.1317,2440.0,470.0,3000.0,308000.0,5900.0,126.2,12.5
2021,WISCONSIN,BROWN,2.4014672378483573,0.0018200877274334,8720.051340000002,31.94158,5192.711160000001,19.02092,416.7280357815549,0.0,17113.559416535834,8.452220684307452,39442.16094,144.47678,27700.0,34400.0,63100.0,4817000.0,722000.0,173.9,21.0
2021,WISCONSIN,BUFFALO,15.965920236503283,0.0121401290938916,10528.75278,38.56686,5819.3881200000005,21.31644,170.992004630857,0.0,26075.090200672068,12.878233649415488,38810.160480000006,142.16176000000002,55800.0,9330.0,66300.0,9503000.0,210000.0,170.3,22.5
2021,WISCONSIN,BURNETT,5.234203866840697e-05,1.683829018193726e-07,3736.39812,13.68644,1971.33846,7.22102,192.1657627055531,0.0,32847.54474989183,16.223083135790453,14347.4331,52.5547,11600.0,2080.0,15000.0,1597000.0,37400.0,137.7,18.0
2021,WISCONSIN,CALUMET,16.07365862900012,0.0122400600724991,6877.05564,25.19068,3801.57414,13.92518,384.0911711686017,0.0,11823.291881742782,5.425134646564324,26466.56922,96.94714,22400.0,24200.0,47400.0,4180000.0,532000.0,186.6,22.0
2021,WISCONSIN,CHIPPEWA,41.27141631081514,0.0314001819772935,21760.08744,79.70728,11882.90376,43.52712,447.1643934462011,0.0,38605.27127645093,17.714084777463576,83418.1803,305.5611,71700.0,16500.0,89700.0,12211000.0,305000.0,170.3,18.5
2021,WISCONSIN,CLARK,33.287650622287074,0.0253202267489157,17793.375600000003,65.1772,11927.419140000002,43.69018,394.54439565396353,0.0,45702.66683479395,22.57210300598303,90446.77278,331.30686,47100.0,33700.0,82200.0,7663000.0,691000.0,162.7,20.5
2021,WISCONSIN,COLUMBIA,177.59775596195794,0.1351201144924945,20255.3442,74.1954,10361.79144,37.95528,335.6155715970158,0.0,29461.31747833429,14.550658394110494,74195.4486,271.7782,109200.0,12800.0,124000.0,20934000.0,301000.0,191.7,23.5
2021,WISCONSIN,CRAWFORD,7.0745140229679775,0.0053801093837802,5109.82836,18.71732,2871.9982199999995,10.52014,310.3706359663243,0.0,21503.113291293907,9.866734754788176,18362.12742,67.26054,30800.0,5140.0,36400.0,5498000.0,110000.0,178.5,21.5
2021,WISCONSIN,DANE,605.2364893744202,0.4604801617816789,33461.162280000004,122.56836,16550.59224,60.62488,1790.4748709588446,0.0,40150.16620706608,18.42296205946013,113632.49898,416.23626,134600.0,45000.0,182500.0,25900000.0,1058000.0,192.4,23.5
2021,WISCONSIN,DODGE,379.4146657480322,0.2886601510355712,26237.02536,96.10632,12936.66192,47.38704,425.352534427164,0.0,32710.727493985047,15.009364804396968,91841.35506,336.41522,114400.0,32100.0,149000.0,22823000.0,738000.0,199.5,23.0
2021,WISCONSIN,DOOR,2.905973302265563e-05,9.348436356195e-08,1567.24932,5.74084,1815.29712,6.64944,294.46731993294736,0.0,18236.601117673694,8.367890901165998,12993.28758,47.594460000000005,18000.0,11500.0,30000.0,3168000.0,207000.0,176.0,18.0
2021,WISCONSIN,DUNN,134.8493131309028,0.1025801028784316,21740.14206,79.63422,12221.64762,44.76794,522.3880416043849,0.0,32397.18792321739,16.00065627571488,82082.21112,300.66744,89600.0,14100.0,105500.0,17060000.0,282000.0,190.4,20.0
2021,WISCONSIN,EAU CLAIRE,34.309472835216106,0.0261001063177161,11216.6691,41.0867,6241.326000000001,22.862,408.9818503266874,0.0,23321.64275668789,11.518332715147572,44609.63052,163.40524000000002,41700.0,3590.0,46100.0,7418000.0,77000.0,177.9,21.5
2021,WISCONSIN,FOND DU LAC,217.43050051039893,0.1654201336181109,19661.64018,72.02066,10046.64024,36.80088000000001,414.3199028914176,0.0,26844.68731176868,13.258330183553726,67984.26726,249.02662,58500.0,45100.0,105500.0,11378000.0,1037000.0,194.5,23.0
2021,WISCONSIN,GRANT,125.1320483071373,0.0952002212529665,28644.24108,104.92396,17164.44912,62.87344,841.2690022146464,0.0,43371.07263569415,21.420551289745628,108993.59562,399.24394,122700.0,28800.0,154500.0,25558000.0,635000.0,208.3,22.0
2021,WISCONSIN,GREEN,224.44760846874755,0.1707600937078774,19221.77166,70.40942,9714.69408,35.584959999999995,339.72219524727706,0.0,21742.543508680326,9.976597657672547,64483.26066,236.20242,89000.0,20100.0,111000.0,17506000.0,422000.0,196.7,21.0
2021,WISCONSIN,GREEN LAKE,45.77714104232583,0.0348200689766419,10228.91142,37.46854,5494.82934,20.12758,250.2170554978372,0.0,13641.82134771816,6.737562990864378,38803.29726000001,142.13662,43100.0,4840.0,48700.0,7689000.0,121000.0,178.4,25.0
2021,WISCONSIN,IOWA,75.25666311437395,0.0572601388260253,16474.73646,60.34702,9056.3928,33.1736,260.1810483759046,0.0,28885.54483134704,13.2541741857369,59697.73446,218.67302,67000.0,11300.0,79700.0,12683000.0,266000.0,189.3,23.5
2021,WISCONSIN,JACKSON,0.0206399785212402,2.0192949300662803e-05,9032.652719999998,33.08664,5089.52262,18.64294,270.018841630232,0.0,37641.849708221765,17.27201739205813,33563.08955999999,122.94172,40800.0,5390.0,47000.0,7271000.0,129000.0,178.2,24.0
2021,WISCONSIN,JEFFERSON,369.7551872016341,0.2813000871443029,19050.76992,69.78304,8107.79424,29.69888,345.7173753703745,0.0,20340.16655838237,10.045810595129751,52363.40382,191.80734,73100.0,9330.0,83800.0,13436000.0,196000.0,183.8,21.0
2021,WISCONSIN,JUNEAU,3.648527140888386,0.0027801516814253,15697.84398,57.50126,6306.19626,23.09962,377.5730641274064,0.0,29609.53617332343,14.62386216715947,34072.08168,124.80616,34700.0,4440.0,39800.0,5389000.0,95000.0,155.3,21.5
2021,WISCONSIN,KENOSHA,85.46755130120204,0.0650200368293052,5642.37492,20.66804,2369.59086,8.67982,362.0899206528277,0.0,8334.451654519597,3.8242752427410034,15992.875080000002,58.58196,21800.0,5150.0,27400.0,3817000.0,103000.0,175.1,20.0
2021,WISCONSIN,KEWAUNEE,0.0075803298755638,6.540106462267492e-08,330.25902,1.2097399999999998,3970.45194,14.543779999999998,285.1791376493654,0.0,12758.209851902682,6.301155860118271,30347.37888,111.16256,23300.0,28900.0,53100.0,4250000.0,665000.0,182.4,23.0
2021,WISCONSIN,LA CROSSE,1.0814056856327343,0.0008200826120357,5785.7436,21.1932,3368.43234,12.33858,342.4492109762714,0.0,16144.437131599809,7.973580605818296,22568.3094,82.6678,25900.0,5310.0,31800.0,4463000.0,117000.0,172.3,22.0
2021,WISCONSIN,LAFAYETTE,103.94643606153168,0.0790801183594585,21718.60236,79.55532,10883.46714,39.86618,252.7978853398533,0.0,23600.978002359585,11.65629367837309,71010.77802,260.11274000000003,108200.0,22900.0,134000.0,22819000.0,538000.0,210.9,23.5
2021,WISCONSIN,LANGLADE,5.370463947656714e-05,1.7276635122135237e-07,30401.007,111.359,8264.05944,30.27128,307.5778327829511,0.0,33702.65265476018,15.464511104627428,18291.43134,67.00157999999999,8260.0,5120.0,13600.0,1375000.0,100000.0,166.5,19.5
2021,WISCONSIN,LINCOLN,0.3356339395306926,0.000260173526149,12127.30974,44.42238,3842.6115,14.075499999999998,335.9410270627744,0.0,33850.87135076676,16.718616393520403,13701.27486,50.18782,7800.0,2570.0,10500.0,1246000.0,45900.0,159.7,18.0
2021,WISCONSIN,MANITOWOC,31.25475363871253,0.0237801094693422,7458.0597,27.3189,6836.23122,25.04114,420.2894435273242,0.0,21354.89459528732,9.798724390921947,46958.65902,172.00974000000002,31400.0,44600.0,77300.0,5947000.0,959000.0,189.4,21.5
2021,WISCONSIN,MARATHON,35.69294935934039,0.0271602881120398,35579.456640000004,130.32768,17702.8761,64.84570000000001,645.3914625324514,0.0,57782.49108331698,28.53821080922065,120688.37508,442.08196,80600.0,32300.0,115000.0,12630000.0,616000.0,156.7,19.0
2021,WISCONSIN,MARINETTE,0.8590447232009554,0.0006602725628818,5564.67366,20.38342,2671.88922,9.78714,507.0697651649168,0.0,53170.60916004319,24.397411213243377,23308.09026,85.37762,26600.0,12400.0,39700.0,4511000.0,267000.0,169.6,21.5
2021,WISCONSIN,MARQUETTE,66.0301381266735,0.0502200556713179,11313.93354,41.44298,5345.64576,19.58112,177.36542378162534,0.0,17341.588190624756,7.957212920090864,33923.34036,124.26132,31500.0,1580.0,33700.0,4457000.0,32000.0,141.5,20.5
2021,WISCONSIN,MILWAUKEE,2.525353480061002e-06,8.123992834634927e-09,870.36768,3.18816,262.34754,0.96098,967.066190606002,0.0,1584.7999725633051,0.7271877684339159,1684.08786,6.16882,1470.0,0.0,1500.0,273000.0,0.0,185.7,0.0
2021,WISCONSIN,MONROE,156.2384327347065,0.118860173467703,14114.16006,51.70022,8208.74964,30.06868,408.27534978833313,0.0,33839.46992549265,16.712985340377866,56140.59360000001,205.6432,44700.0,14800.0,60500.0,6540000.0,340000.0,146.3,23.0
2021,WISCONSIN,OCONTO,0.4222207521916845,0.0003201954433958,10863.63096,39.79352,5931.07242,21.72554,361.4229122738146,0.0,38126.410855340975,17.494358977964065,52963.69806,194.00622,45400.0,18800.0,65300.0,7659000.0,385000.0,168.7,20.5
2021,WISCONSIN,OUTAGAMIE,74.9882123673781,0.0570601047346116,14160.13872,51.86864,6992.54556,25.61372,395.6076769899401,0.0,22107.38954274583,10.14400779013547,50467.56078000001,184.86286,61800.0,20300.0,83500.0,11211000.0,436000.0,181.4,21.5
2021,WISCONSIN,OZAUKEE,0.7848120384486139,0.0006000387496924,4191.44544,15.35328,1848.38472,6.77064,284.6568574567038,0.0,7559.153825989378,3.4685287084394765,12338.71002,45.196740000000005,9550.0,6680.0,16700.0,1793000.0,137000.0,187.7,20.5
2021,WISCONSIN,PEPIN,28.562591640260628,0.021720036596992,5187.48594,19.00178,2716.19712,9.94944,97.50968323507225,0.0,8881.720709542293,4.075390443236122,19091.90556,69.93372000000001,20700.0,0.0,29000.0,3660000.0,0.0,176.8,0.0
2021,WISCONSIN,PIERCE,98.87120925498851,0.0752000943977159,14914.5906,54.6322,7505.255940000001,27.49178,296.0450375057447,0.0,21605.726248703755,9.913818859282816,54919.830420000006,201.17154,76400.0,8120.0,85900.0,14203000.0,199000.0,185.9,24.5
2021,WISCONSIN,POLK,198.4407443782036,0.1509801380936232,13502.78748,49.46076000000001,7303.7055,26.7535,449.58621192872096,0.0,35492.67852542795,17.52948900181644,52001.49318,190.48166,55100.0,12700.0,69000.0,8805000.0,241000.0,159.8,19.0
2021,WISCONSIN,PORTAGE,27.082905173018837,0.0206001450000994,69202.16940000001,253.4878,24397.21284,89.36708,423.408045453416,0.0,30076.99515971153,13.800872898812896,93542.5764,342.64680000000004,37300.0,12800.0,51000.0,6229000.0,288000.0,167.0,22.5
2021,WISCONSIN,PRICE,7.712320520651602e-05,2.481032344298513e-07,699.76998,2.56326,594.6540600000001,2.17822,315.54490010945364,0.0,48399.10707958727,23.90384863857303,4572.706320000001,16.74984,2910.0,1970.0,5000.0,369000.0,30500.0,126.8,15.5
2021,WISCONSIN,RACINE,28.795335570892124,0.0219000501753139,8525.0529,31.2273,3367.41678,12.33486,408.458790509664,0.0,10495.024278139965,5.183390499132039,22599.68802,82.78274,31100.0,1930.0,33600.0,5635000.0,34600.0,181.2,18.0
2021,WISCONSIN,RICHLAND,14.57277488143625,0.0110801125477067,8831.09682,32.34834,4955.76354,18.15298,184.17258268985228,0.0,22038.980920170383,10.884838499145395,33143.85984,121.40608,36000.0,11100.0,47900.0,5933000.0,228000.0,164.8,20.5
2021,WISCONSIN,ROCK,489.236131316572,0.3722001023926317,24665.50086,90.34982,11397.19308,41.74796,559.1307715754631,0.0,25527.82114681217,11.71347779789854,75329.81274,275.93338,126700.0,14900.0,144000.0,24630000.0,349000.0,194.4,23.5
2021,WISCONSIN,RUSK,5.581212871330726e-05,1.7954608625390456e-07,6713.03724,24.58988,3774.43248,13.82576,347.9874710634628,0.0,35025.21953933055,16.07137283989093,27268.39752,99.88424,18800.0,7470.0,26700.0,3034000.0,138000.0,161.4,18.5
2021,WISCONSIN,SAUK,147.78760233560536,0.1124401348265221,18327.48372,67.13364,9654.49212,35.364439999999995,389.9507097481948,0.0,31222.83974642695,15.420657123647423,63994.35042,234.41154,66000.0,16400.0,83800.0,11306000.0,344000.0,171.3,21.0
2021,WISCONSIN,SAWYER,7.963039066296713e-05,2.561687812311718e-07,649.5762000000001,2.3794,410.19888,1.50256,213.3300430248417,0.0,49972.50560536466,24.68093487998841,3092.5167,11.3279,5620.0,1930.0,7700.0,848000.0,38600.0,150.9,20.0
2021,WISCONSIN,SHAWANO,5.392265559544092e-05,1.7346770309211018e-07,13895.17038,50.89806,6778.49172,24.829639999999998,340.1110943223031,0.0,33839.469912992565,16.71298533420419,55199.98302,202.19774,52900.0,26000.0,80300.0,9321000.0,533000.0,176.2,20.5
2021,WISCONSIN,SHEBOYGAN,17.111729148856046,0.0130200941272694,10230.882479999998,37.47576,5441.38686,19.93182,386.9991035380514,0.0,18362.01695281221,9.06882172882182,36431.9319,133.4503,29900.0,22200.0,53000.0,5334000.0,466000.0,178.4,21.0
2021,WISCONSIN,ST CROIX,75.35356073108017,0.057340132835876,19217.9988,70.3956,9997.7241,36.6217,370.2288470724978,0.0,26605.25709467295,12.207860846939177,70587.47514,258.56218,77100.0,18900.0,97700.0,13238000.0,387000.0,171.7,20.5
2021,WISCONSIN,TAYLOR,1.637878520698549,0.0012601882635675,8028.531420000001,29.40854,4355.29458,15.95346,247.85271812897096,0.0,36752.53749642617,18.151721104139487,32996.47806,120.86622,28300.0,10800.0,39800.0,4933000.0,221000.0,174.3,20.5
2021,WISCONSIN,TREMPEALEAU,18.587082706796835,0.0141201370821007,14492.23776,53.08512,8102.8311,29.6807,281.69242702083,0.0,27420.459962825746,13.542698700486604,53765.6301,196.9437,76500.0,9430.0,87400.0,12615000.0,222000.0,164.9,23.5
2021,WISCONSIN,VERNON,9.086267745906625,0.0069001537421808,13567.05714,49.696180000000005,7457.73756,27.31772,238.05247984036737,0.0,29991.484373207284,14.812502671265998,49535.01462,181.44694,52100.0,10300.0,63200.0,8821000.0,211000.0,169.3,20.5
2021,WISCONSIN,WALWORTH,269.72954144860466,0.2052200687675366,15656.48448,57.34976,6728.78934,24.64758,419.55307813070107,0.0,20328.765114212776,10.04017953265492,45159.35424,165.41888,87800.0,13900.0,103500.0,15690000.0,320000.0,178.7,23.0
2021,WISCONSIN,WASHBURN,5.072508572796865e-05,1.6318120858878957e-07,2856.59556,10.46372,1753.7247000000002,6.4239,227.60480189567772,0.0,31832.81671444037,14.606534168535337,11975.30334,43.86558,8350.0,3290.0,12400.0,1397000.0,70000.0,167.3,21.5
2021,WISCONSIN,WASHINGTON,7.68230359777338,0.0058400761283878,10249.44102,37.54374000000001,4651.22112,17.037439999999997,382.6731324169008,0.0,14856.074562532316,6.816731383041601,31877.89332,116.76884,21500.0,9330.0,31400.0,3866000.0,200000.0,179.8,21.5
2021,WISCONSIN,WAUKESHA,62.8569231209996,0.0478200744259864,9851.11218,36.08466,3999.52098,14.65026,430.379876269209,0.0,15836.598287277444,7.821541992220431,27419.56854,100.43798,18800.0,360.0,19300.0,3467000.0,6600.0,184.4,18.5
2021,WISCONSIN,WAUPACA,62.957021673244384,0.047880134382212,16774.823519999998,61.44624,8355.438,30.606,495.91289007247394,0.0,28332.575047698792,13.000443197634873,57624.364980000006,211.07826,39900.0,17400.0,58300.0,6851000.0,383000.0,171.7,22.0
2021,WISCONSIN,WAUSHARA,108.75315232485738,0.0827401044223238,39574.53318,144.96166,14221.880399999998,52.0948,298.30468734359283,0.0,23925.919011628204,11.816778885037124,60128.0589,220.2493,27300.0,5470.0,33300.0,5127000.0,104000.0,187.8,19.0
2021,WISCONSIN,WINNEBAGO,228.0711817083257,0.1735200728441531,13658.9817,50.0329,5496.576540000001,20.13398,352.8356177271551,0.0,15808.09468993493,7.253567200769649,33838.4865,123.9505,38900.0,9670.0,49400.0,6741000.0,208000.0,173.3,21.5
2021,WISCONSIN,WOOD,82.02316051940014,0.0624001314003354,25575.6774,93.6838,10293.74892,37.70604,427.332648290985,0.0,29717.849839881936,14.677357234468166,50730.53076,185.82612,26100.0,11900.0,38700.0,4492000.0,256000.0,172.1,21.5
2022,ALABAMA,BALDWIN,8088.141915404913,6.153360462839371,4467.29556,16.36372,10566.874499999998,38.7065,0.0,0.0,58984.96160461428,29.138713914570488,39145.06050000001,143.38850000000002,7340.0,0.0,7600.0,1020000.0,0.0,139.0,0.0
2022,ALABAMA,BARBOUR,524.1053485694632,0.3987404391595419,971.2794,3.5578,4236.42492,15.51804,0.0,0.0,33278.38893506043,16.439604745638707,24778.38636,90.76332,1640.0,0.0,1700.0,262000.0,0.0,159.8,0.0
2022,ALABAMA,BLOUNT,279.19470821189736,0.2124202285402968,3921.25734,14.36358,5184.93066,18.99242,0.0,0.0,24470.24147822912,11.230755256264032,24330.95574,89.12438,2410.0,0.0,2500.0,242000.0,0.0,100.4,0.0
2022,ALABAMA,CALHOUN,0.0217439170870876,2.028554110654509e-05,662.99142,2.4285400000000004,1803.70554,6.60698,0.0,0.0,21638.644273436235,10.689542687326137,9405.60348,34.45276,2240.0,0.0,2300.0,319000.0,0.0,142.4,0.0
2022,ALABAMA,CHEROKEE,8.531301030993009e-05,2.902919005529799e-07,1097.4054,4.0198,2322.83688,8.508560000000001,0.0,0.0,21997.579124632608,10.866857373280968,13251.81858,48.54146,4570.0,0.0,4600.0,633000.0,0.0,138.5,0.0
2022,ALABAMA,CHILTON,0.0001012001003494,3.44350402826792e-07,560.77476,2.05412,2792.72994,10.229780000000002,0.0,0.0,26093.99441855599,12.890496451407738,16143.66936,59.13432,820.0,0.0,1000.0,75800.0,0.0,92.4,0.0
2022,ALABAMA,COFFEE,1957.365061592846,1.4891402093656187,1986.87762,7.27794,8109.74346,29.70602,0.0,0.0,25011.49246027494,11.47916544530844,47519.04612,174.06244,4800.0,0.0,4900.0,602000.0,0.0,125.4,0.0
2022,ALABAMA,COLBERT,306.58117470027906,0.2332402551737592,4339.00194,15.89378,2887.19886,10.57582,0.0,0.0,22385.000881624303,11.05824465970379,19257.57288,70.54056,17100.0,0.0,17700.0,1607000.0,0.0,94.0,0.0
2022,ALABAMA,CULLMAN,176.25981139997074,0.1340803077523477,15554.278740000002,56.97538,13457.0982,49.2934,0.0,0.0,28008.31365737907,13.836174792526815,43205.3349,158.2613,2700.0,0.0,2800.0,363000.0,0.0,134.4,0.0
2022,ALABAMA,DALE,3159.29926106602,2.403560142759824,1113.7089600000002,4.07952,4724.09028,17.304360000000003,0.0,0.0,20806.82697836775,10.27862292861434,29312.98734,107.37358,1560.0,0.0,1800.0,200000.0,0.0,128.2,0.0
2022,ALABAMA,DALLAS,1685.7716308283648,1.2825203799573703,1317.90204,4.82748,3616.5129,13.2473,0.0,0.0,36936.10606872499,18.2465258699196,21462.59934,78.61758,4520.0,0.0,4700.0,503000.0,0.0,111.3,0.0
2022,ALABAMA,DE KALB,58.516304217865375,0.0445203525946387,13868.470979999998,50.80026,12623.37804,46.23948,0.0,0.0,29096.5129811306,14.3737478944536,54754.9548,200.5676,12200.0,0.0,12600.0,1760000.0,0.0,144.3,0.0
2022,ALABAMA,ESCAMBIA,578.1005578172945,0.4398202601531446,1061.30934,3.88758,3362.75394,12.31778,0.0,0.0,35169.9186720538,16.141432414549726,20446.84278,74.89686,6800.0,0.0,6800.0,1136000.0,0.0,167.1,0.0
2022,ALABAMA,ETOWAH,224.2040935963063,0.170580178224992,1475.3466,5.4042,2662.0503,9.7511,0.0,0.0,19530.61415829629,8.96368545490236,14582.03292,53.41404,2900.0,0.0,3000.0,384000.0,0.0,132.4,0.0
2022,ALABAMA,FAYETTE,9.156620431805e-05,3.1156944739547305e-07,480.2343,1.7591,843.54816,3.08992,0.0,0.0,23609.93730394873,11.663366219549928,5077.281300000001,18.5981,1850.0,0.0,1900.0,187800.0,0.0,101.5,0.0
2022,ALABAMA,HENRY,3801.331417846958,2.891980129726719,1139.94426,4.17562,4885.19304,17.89448,0.0,0.0,20829.616500243985,9.559869901741916,36458.61492,133.54804,2900.0,0.0,3000.0,468000.0,0.0,161.4,0.0
2022,ALABAMA,HOUSTON,11847.452901198105,9.013420072883203,2285.8563,8.3731,8705.35848,31.88776,0.0,0.0,20464.984258446344,9.392519879069866,59215.78026000001,216.90762,2820.0,0.0,2900.0,452000.0,0.0,160.3,0.0
2022,ALABAMA,JACKSON,49.64985309964023,0.0377805198605117,14701.08276,53.85012,7684.16922,28.14714,0.0,0.0,41676.325132344005,20.588205569790457,36508.18626,133.72962,23000.0,0.0,23900.0,2546000.0,0.0,110.7,0.0
2022,ALABAMA,LAUDERDALE,351.1865617293254,0.2671802787207908,6784.1865,24.8505,3951.10716,14.47292,0.0,0.0,25450.190615449483,12.572455813158593,24120.48366,88.35342,23600.0,0.0,24300.0,1959000.0,0.0,83.0,0.0
2022,ALABAMA,LAWRENCE,756.7465837627279,0.5757202143996609,10538.2368,38.6016,6507.05328,23.83536,0.0,0.0,26236.42888071091,12.960859420737592,41333.93628,151.40636,33400.0,0.0,33600.0,3216000.0,0.0,96.3,0.0
2022,ALABAMA,LIMESTONE,197.6267467727186,0.1503602264480975,8082.104940000001,29.60478,3481.91298,12.75426,0.0,0.0,20977.748346318003,10.363058498412189,20995.35984,76.90608,22800.0,0.0,23400.0,2672000.0,0.0,117.2,0.0
2022,ALABAMA,MADISON,406.68858568879074,0.3094002201190522,10978.49844,40.21428,4742.83446,17.37302,0.0,0.0,25222.295476582676,11.575914677862633,28846.43034,105.66458,26200.0,0.0,26900.0,3995000.0,0.0,152.5,0.0
2022,ALABAMA,MARENGO,123.94411256320106,0.0943004529785073,956.63568,3.50416,1680.1785,6.1545000000000005,0.0,0.0,36731.0004263131,18.145203185731617,8158.2501,29.8837,1160.0,0.0,1200.0,70100.0,0.0,60.4,0.0
2022,ALABAMA,MARION,1.682267939408306,0.0012803672820342,1142.7452400000002,4.18588,1451.55192,5.31704,0.0,0.0,27831.694910884496,12.773513256468828,8064.08694,29.53878,1840.0,0.0,1900.0,221000.0,0.0,120.1,0.0
2022,ALABAMA,MARSHALL,404.12260788379433,0.3074601569014633,7623.590520000001,27.92524,6601.01442,24.17954,0.0,0.0,21593.06523781858,9.910259003134,30843.52908,112.97996,5610.0,0.0,5800.0,691000.0,0.0,123.2,0.0
2022,ALABAMA,MONROE,3105.4388156967243,2.362580323376999,521.98692,1.91204,2471.9440200000004,9.05474,0.0,0.0,38707.99084001836,19.121841239053666,18151.10388,66.48756,3660.0,0.0,3700.0,484000.0,0.0,132.2,0.0
2022,ALABAMA,MORGAN,428.2887442126936,0.3258401455569396,10039.04538,36.77306,6295.93692,23.06204,0.0,0.0,21160.06446845158,9.711530859365524,29905.79046,109.54502,5230.0,0.0,5300.0,467000.0,0.0,89.3,0.0
2022,ALABAMA,PERRY,554.672614631754,0.4219803239729402,830.25852,3.04124,1303.72788,4.77556,0.0,0.0,27039.75926707877,12.41004992889166,6555.04668,24.01116,6380.0,0.0,6600.0,434000.0,0.0,68.0,0.0
2022,ALABAMA,RANDOLPH,8.407562917350417e-05,2.860815026254358e-07,697.82622,2.55614,3820.635,13.995,0.0,0.0,21678.52591859789,9.949481664288369,20417.3697,74.7889,940.0,0.0,1000.0,131500.0,0.0,139.9,0.0
2022,ALABAMA,RUSSELL,18.59583111442777,0.0141403102912908,335.99747999999994,1.23076,1302.4174799999998,4.77076,0.0,0.0,23513.08186099656,10.79146145477531,6843.95712,25.069440000000004,610.0,0.0,700.0,60500.0,0.0,99.2,0.0
2022,ALABAMA,TALLADEGA,0.0001085139067108,3.692368620107349e-07,1237.6182,4.5334,4331.980379999999,15.86806,0.0,0.0,27979.826761752254,12.841499204389832,23438.7426,85.8562,5320.0,0.0,5500.0,824000.0,0.0,154.9,0.0
2022,ALABAMA,TUSCALOOSA,0.0001876179152643,6.384015873080066e-07,794.47368,2.91016,2837.3872800000004,10.39336,0.0,0.0,48376.44248202491,23.89807977052453,17193.742019999998,62.98074,2120.0,0.0,2200.0,256000.0,0.0,120.8,0.0
2022,ARKANSAS,ARKANSAS,18460.12170962942,14.044240029720578,65622.65346,240.37602,38619.6993,141.46409999999997,373740.596777376,0.0,38508.58258573823,17.673731036566597,140498.81664,514.64768,53900.0,0.0,54500.0,10127000.0,0.0,187.9,0.0
2022,ARKANSAS,ASHLEY,4602.975071717424,3.5018602409034094,24329.05566,89.11742,11476.58694,42.03878,23377.76556381,0.0,34605.87818047924,17.09538764851173,48927.91176,179.22312,33600.0,0.0,34500.0,5541000.0,0.0,164.9,0.0
2022,ARKANSAS,CHICOT,9609.037888542824,7.310440094243601,49738.83096,182.19352,23832.23934,87.29758,85258.795211136,0.0,24874.75537216111,12.288189409071803,98526.42072,360.90264,29000.0,0.0,29500.0,5142000.0,0.0,177.3,0.0
2022,ARKANSAS,CLAY,44055.00661977946,33.5164600702335,51649.13754,189.19098,42540.9075,155.8275,287400.644707176,0.0,23832.13507022709,10.937892723538296,192888.42846,706.55102,31100.0,0.0,31500.0,6102000.0,0.0,196.2,0.0
2022,ARKANSAS,CONWAY,3182.4571060111566,2.4211801581280747,1812.45792,6.63904,4854.03282,17.78034,8103.01324131,0.0,21177.156596821245,9.719375388022884,19824.8778,72.6186,2540.0,0.0,2600.0,360000.0,0.0,141.7,0.0
2022,ARKANSAS,CRITTENDEN,19225.91976,14.62682,41014.4007,150.2359,16833.90072,61.66264,158711.7174228,0.0,22675.56719682596,10.407079378889362,69523.86168,254.66616,16100.0,0.0,16400.0,2516000.0,0.0,156.3,0.0
2022,ARKANSAS,CROSS,33585.8961738901,25.55172005052256,42819.345660000006,156.84742,20935.40904,76.68648,319131.53743487404,0.0,23330.765738427188,11.52545478993261,80699.94114,295.60418000000004,28700.0,0.0,29100.0,4994000.0,0.0,174.0,0.0
2022,ARKANSAS,DESHA,10412.599708378422,7.921800091590573,43466.17002,159.21674000000002,19088.14908,69.91995999999999,124456.4414478,0.0,29341.5002594072,13.466446931395684,78028.92552,285.82024,33600.0,0.0,34000.0,5588000.0,0.0,166.3,0.0
2022,ARKANSAS,DREW,3703.0945784552914,2.8172601948042777,14891.582159999998,54.54792,6661.0853400000005,24.39958,31427.705675052,0.0,31147.5693150402,14.295352504631326,25253.06784,92.50208,11600.0,0.0,11800.0,2130000.0,0.0,183.6,0.0
2022,ARKANSAS,GREENE,36114.347233504144,27.47534004911873,38656.21578,141.59786,22961.49492,84.10804,284192.401839444,0.0,21359.47272476541,10.551631266033114,96534.97308,353.60796000000005,26100.0,0.0,26600.0,4539000.0,0.0,173.9,0.0
2022,ARKANSAS,INDEPENDENCE,7643.570535244811,5.815120055499108,10918.72782,39.995340000000006,8178.47394,29.95778,62831.414983680006,0.0,28794.551915377266,13.215421905954711,34677.86322,127.02514,8190.0,0.0,8900.0,1170000.0,0.0,142.9,0.0
2022,ARKANSAS,JACKSON,39180.91704,29.80832,42781.50786,156.70882,22399.16952,82.04824,389824.178738436,0.0,24020.148562334343,11.866011574865366,95827.1496,351.0152,17300.0,0.0,17600.0,2751000.0,0.0,159.0,0.0
2022,ARKANSAS,JEFFERSON,16951.269674462834,12.896300044517403,38148.22284,139.73708000000002,21665.69496,79.36152,348892.23318884993,0.0,33016.309515485584,16.310136877522122,86106.39492,315.40804,32700.0,0.0,33000.0,5964000.0,0.0,182.4,0.0
2022,ARKANSAS,LAFAYETTE,2402.9889846023843,1.8281800842361964,1753.18416,6.42192,7887.54876,28.89212,45083.897987742006,0.0,20396.615715043125,9.361141750706402,30161.30208,110.48096,10400.0,0.0,10600.0,1557000.0,0.0,149.7,0.0
2022,ARKANSAS,LAWRENCE,28044.17064,21.33564,27247.60038,99.80806,13788.74952,50.50824,313619.8266462961,0.0,22373.60612671468,11.052615623176411,53834.08758,197.19446,9600.0,0.0,9800.0,1543000.0,0.0,160.7,0.0
2022,ARKANSAS,LEE,9826.232954429874,7.4757000524859025,38436.3525,140.79250000000002,19720.90302,72.23774,126406.54457683202,0.0,22823.69904798425,11.27496261656364,80990.60424,296.66888000000006,38800.0,0.0,39500.0,7000000.0,0.0,180.4,0.0
2022,ARKANSAS,LINCOLN,8201.666356183781,6.239700049965426,23866.79568,87.42416,10679.73816,39.11992,112844.57222187,0.0,21689.92068658135,9.954711357282532,41550.96582,152.20134,16100.0,0.0,16300.0,2993000.0,0.0,185.9,0.0
2022,ARKANSAS,LONOKE,20664.73374,15.72146,42502.29438,155.68606000000003,23277.618,85.266,457822.0318906621,0.0,29404.171429786176,13.495210218295655,83324.68872,305.21864,37700.0,0.0,38300.0,6469000.0,0.0,171.6,0.0
2022,ARKANSAS,MISSISSIPPI,30024.918621850797,22.842560077549688,54848.66478,200.91086,27233.27334,99.75558,255050.864838396,0.0,33722.78447429934,16.659137218501776,117785.15112,431.44744,17100.0,0.0,17400.0,2984000.0,0.0,174.5,0.0
2022,ARKANSAS,MONROE,11490.649390760474,8.741940032846811,40152.22302,147.07774,23895.07302,87.52774,192318.52908744,0.0,23097.17321506021,11.410059517547785,100859.80086,369.44982,24800.0,0.0,25200.0,4174000.0,0.0,168.3,0.0
2022,ARKANSAS,PHILLIPS,17992.298348936172,13.688280032503595,50913.62094,186.49678,30836.02704,112.95248,175637.395342368,0.0,26259.21838820594,12.972117492644172,129633.1218,474.8466,29300.0,0.0,30200.0,4993000.0,0.0,170.4,0.0
2022,ARKANSAS,POINSETT,50096.75069999999,38.11294,57233.35254,209.64598,28768.068420000003,105.37754,437000.05589882407,0.0,28600.841040077223,14.128884754885089,113191.00338,414.61906,26700.0,0.0,27300.0,4555000.0,0.0,170.6,0.0
2022,ARKANSAS,PRAIRIE,15892.38984,12.0907,40465.96008,148.22696,19866.2919,72.7703,284136.304522752,0.0,25216.598089322484,12.457060539410309,72296.5152,264.8224,27600.0,0.0,27900.0,5200000.0,0.0,188.4,0.0
2022,ARKANSAS,SAINT FRANCIS,17556.726855516932,13.356920055145572,38752.7868,141.9516,15366.978899999998,56.2893,195752.434814424,0.0,23980.266912669493,11.005878667592434,59969.41314,219.66818,25500.0,0.0,25700.0,4603000.0,0.0,180.5,0.0
2022,ARKANSAS,WHITE,5367.173318794376,4.083260131209297,18900.89292,69.23404000000001,10884.58098,39.87026,58549.061964096,0.0,38673.80656250616,19.104954123156546,37358.94162,136.84593999999998,7270.0,0.0,7400.0,1189000.0,0.0,163.5,0.0
2022,ARKANSAS,WOODRUFF,20284.41205357361,15.432120049371376,39369.275400000006,144.2098,21700.79184,79.49008,268646.321458872,0.0,22253.9611662442,10.993510722882698,98624.64066,361.26242,18100.0,0.0,18500.0,2744000.0,0.0,151.6,0.0
2022,ARKANSAS,YELL,228.0074248791886,0.1734803554730881,1542.11148,5.64876,3466.6086,12.698199999999998,4798.2691548,0.0,35329.44526998689,16.214648045864404,13951.17906,51.10322,1860.0,0.0,2200.0,268000.0,0.0,144.1,0.0
2022,CALIFORNIA,IMPERIAL,145594.45642238582,110.7663601552594,51269.99514,187.80218,67397.68854,246.87798,0.0,0.0,157093.82268545052,72.09909540209868,189317.78502,693.4717400000001,920.0,0.0,2600.0,122600.0,0.0,133.3,0.0
2022,CALIFORNIA,SACRAMENTO,9605.79858396536,7.307980012983955,17769.00762,65.08793999999999,39236.0241,143.7217,45083.400291882,0.0,25233.69023512393,11.58114436652324,138038.89554,505.63698,2370.0,14300.0,16700.0,444000.0,365000.0,187.3,25.5
2022,CALIFORNIA,SUTTER,15091.39146,11.48134,27522.48408,100.81496,38362.63704,140.52248,225340.368845328,0.0,21991.881752189423,10.093298090387805,131311.55856,480.99472,380.0,0.0,900.0,51400.0,0.0,135.3,0.0
2022,COLORADO,ADAMS,3.2843755306176026,0.0025005292117627,6401.62614,23.44918,3516.08166,12.87942,0.0,0.0,40120.94075343317,19.81984191893188,28425.6609,104.1233,9690.0,0.0,24100.0,475000.0,0.0,49.0,0.0
2022,COLORADO,BENT,210.01575594056948,0.1597807370093678,6646.19592,24.34504,6772.81332,24.808840000000004,0.0,0.0,57184.589941093305,28.24932595167092,33564.74940000001,122.94780000000002,3650.0,0.0,5000.0,490000.0,0.0,134.2,0.0
2022,COLORADO,CHEYENNE,0.0002611979008272,8.887698930814243e-07,10891.799099999998,39.8967,6397.705860000001,23.43482,0.0,0.0,67348.71351700618,30.910071688776643,49798.60158,182.41246,53400.0,0.0,73400.0,2013000.0,0.0,37.7,0.0
2022,COLORADO,DELTA,656.7838045701593,0.4996805647196232,3974.42682,14.55834,6942.16068,25.42916,0.0,0.0,42793.011354627626,19.640093769811497,41031.1083,150.2971,2550.0,0.0,4200.0,600000.0,0.0,235.3,0.0
2022,COLORADO,KIOWA,16.265478878884085,0.0123808810637607,6956.990040000001,25.48348,3442.0659,12.6083,0.0,0.0,66807.46254122129,30.66166150260572,32220.22986,118.02282,14200.0,0.0,17300.0,568000.0,0.0,40.0,0.0
2022,COLORADO,KIT CARSON,0.0858152228452277,6.107259887450328e-05,30615.1482,112.1434,19682.55744,72.09728,0.0,0.0,81278.80442386444,37.30336542932356,126201.70836,462.27732,200500.0,0.0,255000.0,17076000.0,0.0,85.2,0.0
2022,COLORADO,LARIMER,8.643849894313542,0.0065612586766858,6903.0234,25.2858,7321.33584,26.818079999999995,0.0,0.0,95385.5140640272,43.77771933305602,37646.73822,137.90014,1570.0,0.0,12000.0,300000.0,0.0,191.1,0.0
2022,COLORADO,LOGAN,12.941727145365762,0.0098409086463774,19060.21572,69.81764,11719.95552,42.93024,0.0,0.0,69473.83578169541,34.320243165714125,68059.06925999999,249.30062,67000.0,0.0,97500.0,8945000.0,0.0,133.5,0.0
2022,COLORADO,MESA,2472.756774154112,1.8812416331081,1297.5690000000002,4.753,7768.87566,28.45742,0.0,0.0,123752.76257696054,56.7970279339056,39478.7211,144.6107,1710.0,0.0,3300.0,402000.0,0.0,235.1,0.0
2022,COLORADO,MORGAN,36.15900782329635,0.0275006393038154,21450.99138,78.57506,13618.76334,49.88558,0.0,0.0,48444.81102353969,22.234019084993104,86755.13574,317.78438,47600.0,0.0,62000.0,6602000.0,0.0,138.7,0.0
2022,COLORADO,OTERO,534.4532422300646,0.4066006253192792,5663.89278,20.74686,10023.96486,36.71782,0.0,0.0,47385.09857870953,23.408353480910375,44871.7815,164.36550000000005,4860.0,0.0,6100.0,741000.0,0.0,152.5,0.0
2022,COLORADO,PHILLIPS,4.792179439698424,0.0036403380976252,21027.235320000003,77.02284,13002.54228,47.62836,0.0,0.0,25900.283540394244,12.794802808361377,72643.84764,266.09468,69400.0,0.0,116500.0,11597000.0,0.0,167.1,0.0
2022,COLORADO,PUEBLO,7.494281830262273,0.0057011632728014,849.15012,3.11044,5019.99498,18.38826,0.0,0.0,88149.84313263443,40.45686737425399,24653.4015,90.3055,1980.0,0.0,3000.0,389000.0,0.0,196.5,0.0
2022,COLORADO,SEDGWICK,0.0087200982738044,2.7254808080852896e-07,9340.3947,34.2139,5619.06072,20.58264,0.0,0.0,20652.997763395,9.47880973692964,33331.20336,122.09232,39700.0,0.0,71100.0,5300000.0,0.0,133.5,0.0
2022,COLORADO,WASHINGTON,0.5459479493341488,0.0004212519879899,16970.23692,62.16204,9397.27152,34.42224,0.0,0.0,94895.53950732868,46.87862638629845,67498.81865999999,247.24842,80300.0,0.0,116000.0,3541000.0,0.0,44.1,0.0
2022,COLORADO,WELD,395.4790458941026,0.3008819279261935,50688.8655,185.6735,35329.51422,129.41214,0.0,0.0,147436.76580300208,67.66693471258972,190366.54728,697.3133600000001,80300.0,0.0,109500.0,10399000.0,0.0,129.5,0.0
2022,COLORADO,YUMA,8.99674481348977,0.0068411727923614,38106.03342,139.58254000000002,25387.23642,92.99354,0.0,0.0,89397.56906840975,41.02951822545431,142244.15477999998,521.0408600000001,200000.0,0.0,233000.0,40096000.0,0.0,200.5,0.0
2022,DELAWARE,KENT,372.84023574833645,0.283640188942772,27003.22716,98.91292,11056.368960000002,40.49952,0.0,0.0,19963.614937831822,9.862074138039638,48854.74776,178.95512,48100.0,0.0,50100.0,8547000.0,0.0,177.7,0.0
2022,DELAWARE,NEW CASTLE,81.36339341527936,0.0619001146191573,10803.72384,39.57408,4195.87896,15.36952,0.0,0.0,10095.755043433584,4.987327446851817,19939.23204,73.03748,15000.0,0.0,15800.0,2330000.0,0.0,155.3,0.0
2022,DELAWARE,SUSSEX,651.1625118244432,0.4954203147950638,33897.60738,124.16706,20826.59124,76.28788,0.0,0.0,33044.79640965975,15.166095573684482,105654.33606,387.01222,92900.0,0.0,94100.0,15643000.0,0.0,168.4,0.0
2022,GEORGIA,BACON,2990.214079682263,2.274920064886253,675.83334,2.47558,3266.75622,11.96614,0.0,0.0,10716.769320305906,4.91852168607634,17951.96676,65.75812,2850.0,0.0,3100.0,377000.0,0.0,132.3,0.0
2022,GEORGIA,BAKER,19568.654346188698,14.887580021967722,2299.2606,8.4222,13038.96594,47.76178,0.0,0.0,13098.27361433186,6.470578894009591,70949.82804,259.88948,9410.0,0.0,9700.0,1758000.0,0.0,186.8,0.0
2022,GEORGIA,BANKS,3.3961693053044914e-05,1.1556038623592938e-07,295.50612,1.08244,1270.19256,4.65272,0.0,0.0,8756.871049642057,4.325915510680666,6225.5739,22.8043,420.0,0.0,600.0,45400.0,0.0,108.1,0.0
2022,GEORGIA,BARTOW,6.308434201187301e-05,2.14655109123834e-07,669.0957000000001,2.4509000000000003,2221.25358,8.13646,0.0,0.0,16266.016166704634,7.465379805312575,11045.21964,40.45868,1780.0,0.0,2000.0,355000.0,0.0,199.4,0.0
2022,GEORGIA,BEN HILL,9060.726427173337,6.893280026157442,1132.09824,4.14688,6362.7018,23.306600000000003,0.0,0.0,9383.582706656594,4.635512587357316,35678.14614,130.68918000000002,3810.0,0.0,4100.0,716000.0,0.0,187.9,0.0
2022,GEORGIA,BERRIEN,16754.829362050466,12.746840007510864,1807.7514,6.6218,9627.79272,35.26664,0.0,0.0,17012.372775328502,8.40415336083809,52124.76906,190.93322,7000.0,0.0,7200.0,1067000.0,0.0,152.4,0.0
2022,GEORGIA,BLECKLEY,2284.414580683197,1.737960069614755,837.56946,3.06802,3676.42548,13.46676,0.0,0.0,8158.646288109062,3.744456701242609,19598.6427,71.78989999999999,4180.0,0.0,4300.0,859000.0,0.0,205.5,0.0
2022,GEORGIA,BRANTLEY,6.52939511655511e-05,2.221736767886044e-07,122.0037,0.4469,647.81262,2.37294,0.0,0.0,16835.754029850792,7.726864209008146,3640.41678,13.33486,540.0,0.0,600.0,47800.0,0.0,88.5,0.0
2022,GEORGIA,BURKE,5182.868211454807,3.943080177728633,2208.6519,8.0903,8291.5287,30.3719,0.0,0.0,31329.885427586305,14.379027512133828,45486.987,166.619,20000.0,0.0,21000.0,3713000.0,0.0,185.7,0.0
2022,GEORGIA,CALHOUN,7969.993862873418,6.063460010525339,1585.4748,5.807600000000001,7592.1846,27.8102,0.0,0.0,10523.058444860617,5.198416362232768,43467.93906,159.22321999999997,9910.0,0.0,10000.0,2224000.0,0.0,224.4,0.0
2022,GEORGIA,CARROLL,6.891771024045617e-05,2.345041279727641e-07,717.83712,2.62944,2368.24224,8.67488,0.0,0.0,17770.12414162203,8.155698638509257,9932.73372,36.38364,250.0,0.0,300.0,28000.0,0.0,112.0,0.0
2022,GEORGIA,CHATTOOGA,4.4832970210154736e-05,1.5255173955836953e-07,574.3374,2.1038,1570.66728,5.75336,0.0,0.0,11559.981367524008,5.305518608026012,9247.86408,33.87496,1680.0,0.0,1800.0,265000.0,0.0,157.7,0.0
2022,GEORGIA,CLAY,1457.1731514997325,1.10858003960776,434.16282,1.59034,2125.74726,7.78662,0.0,0.0,7742.737643189582,3.824931151312772,14373.21522,52.64914,1890.0,0.0,2100.0,319000.0,0.0,168.8,0.0
2022,GEORGIA,COFFEE,12725.412853058777,9.681360045183776,1992.76896,7.29952,9798.25392,35.89104,0.0,0.0,22219.776895123647,10.197891850799312,56916.80904,208.48648,6230.0,0.0,6700.0,995000.0,0.0,159.7,0.0
2022,GEORGIA,DAWSON,3.133225813673147e-05,1.0661329063510572e-07,70.36848,0.25776,429.5382,1.5733999999999997,0.0,0.0,8078.88298645512,3.707848884351878,2270.93958,8.31846,180.0,0.0,200.0,17200.0,0.0,95.6,0.0
2022,GEORGIA,DODGE,2606.63300827598,1.9830800968011253,1302.5376,4.7712,6479.36562,23.733940000000004,0.0,0.0,18772.862787354286,9.273839691291936,34596.705780000004,126.72786,2120.0,0.0,2300.0,417000.0,0.0,196.7,0.0
2022,GEORGIA,EARLY,18538.437244833392,14.103780017704736,2848.88604,10.435479999999998,14719.91976,53.91912,0.0,0.0,19650.259111067728,9.707275600562443,82453.95522,302.02914,8930.0,0.0,9300.0,1811000.0,0.0,202.8,0.0
2022,GEORGIA,EMANUEL,2694.1231053865736,2.0496201573434725,1062.30306,3.89122,4586.55834,16.80058,0.0,0.0,25945.862560715526,12.817318954808174,24662.89644,90.34028,1860.0,0.0,2300.0,300000.0,0.0,161.3,0.0
2022,GEORGIA,FRANKLIN,3.862396841823506e-05,1.3142456418189096e-07,640.1358600000001,2.34482,1582.78302,5.79774,0.0,0.0,9959.017954012375,4.919778993453417,7032.88404,25.76148,530.0,0.0,600.0,62300.0,0.0,117.5,0.0
2022,GEORGIA,GORDON,5.0136032237010095e-05,1.705963021512687e-07,806.84604,2.95548,2497.42584,9.14808,0.0,0.0,12927.35225403705,6.386143327993556,12749.629620000002,46.70194,3080.0,0.0,3100.0,409000.0,0.0,132.8,0.0
2022,GEORGIA,GRADY,9778.855277550168,7.439620060306204,1852.02108,6.78396,10167.32262,37.24294,0.0,0.0,17092.136076691913,7.844532194538016,59566.53612,218.19244,7830.0,0.0,8500.0,1226000.0,0.0,156.6,0.0
2022,GEORGIA,HALL,4.8235768343213206e-05,1.641303338859536e-07,381.01518,1.39566,2213.24922,8.10714,0.0,0.0,12437.377686153188,6.144094704571781,11287.28328,41.34536,860.0,0.0,1000.0,86600.0,0.0,100.7,0.0
2022,GEORGIA,HART,264.01893158279137,0.2008601075042896,724.33998,2.65326,1652.31612,6.05244,0.0,0.0,9349.398433792869,4.618625473756552,6378.492120000001,23.36444,1850.0,0.0,2300.0,133800.0,0.0,72.3,0.0
2022,GEORGIA,IRWIN,22772.81814302062,17.325260011064543,2616.7759800000003,9.58526,14103.89526,51.66262,0.0,0.0,13559.76128712639,6.223328874157928,79989.78078,293.00286,8710.0,0.0,9100.0,1583000.0,0.0,181.7,0.0
2022,GEORGIA,JEFF DAVIS,3739.582996493785,2.8450200568380266,837.28008,3.06696,3927.55272,14.38664,0.0,0.0,12460.16720003987,6.155352779635853,21139.88604,77.43548000000001,3630.0,0.0,3900.0,651000.0,0.0,179.3,0.0
2022,GEORGIA,JOHNSON,4.454572101273999e-05,1.5157432573664514e-07,421.50108,1.54396,1256.84286,4.60382,0.0,0.0,11485.915443397513,5.674070051881248,5984.23098,21.92026,1960.0,0.0,2100.0,201000.0,0.0,102.6,0.0
2022,GEORGIA,MACON,3170.9964778059502,2.41248005883099,1177.94586,4.31482,5213.63388,19.09756,0.0,0.0,15046.77713381938,6.905803178763923,26316.0261,96.3957,8270.0,0.0,8700.0,1683000.0,0.0,203.5,0.0
2022,GEORGIA,MILLER,23188.34238816469,17.64140002848206,2809.92894,10.29278,16524.864719999998,60.530640000000005,0.0,0.0,10608.51912481191,4.86883964868748,87481.08096,320.44352,16500.0,0.0,16700.0,3281000.0,0.0,198.8,0.0
2022,GEORGIA,MITCHELL,37597.0298466562,28.60332002398993,3562.2186599999995,13.04842,18879.8337,69.1569,0.0,0.0,19029.24482983747,8.73357917557005,102915.96588,376.98156,11100.0,0.0,12200.0,2371000.0,0.0,213.6,0.0
2022,GEORGIA,MORGAN,5.163856647458155e-05,1.7570892820778674e-07,323.61420000000004,1.1854,1296.35142,4.74854,0.0,0.0,13314.774004346576,6.110890579822128,1962.71712,7.18944,2040.0,0.0,2500.0,129100.0,0.0,63.3,0.0
2022,GEORGIA,PEACH,336.66781805432134,0.2561200612118671,423.2319,1.5502999999999998,1387.94292,5.08404,0.0,0.0,5401.115000760503,2.6681638937363283,7169.28576,26.261120000000005,1520.0,0.0,1700.0,188800.0,0.0,124.2,0.0
2022,GEORGIA,PIERCE,149.46484987084708,0.113700169694074,787.28286,2.88382,4213.30182,15.43334,0.0,0.0,12858.983708600124,5.901703054465551,23007.855779999994,84.27786,5690.0,0.0,6200.0,778000.0,0.0,136.7,0.0
2022,GEORGIA,POLK,4.397122262917806e-05,1.49619498131536e-07,393.40392,1.44104,1397.92926,5.12062,0.0,0.0,11337.783598049817,5.600892561453142,8018.46318,29.37166,990.0,0.0,1100.0,88300.0,0.0,89.2,0.0
2022,GEORGIA,RABUN,5.5196037246594695e-05,1.878138222657704e-07,53.59536,0.1963199999999998,311.18724,1.1398799999999998,0.0,0.0,14232.051972931142,7.030668149559286,1410.35622,5.16614,180.0,0.0,200.0,14000.0,0.0,77.8,0.0
2022,GEORGIA,RANDOLPH,3506.530946474417,2.6677400906305277,1100.22822,4.03014,4707.2025,17.2425,0.0,0.0,16117.884319090806,7.962273896697572,27752.92884,101.65908,11300.0,0.0,11400.0,2194000.0,0.0,194.2,0.0
2022,GEORGIA,SCREVEN,6283.2692585515215,4.780220062222925,1838.25642,6.73354,7485.46344,27.41928,0.0,0.0,24612.67595461998,11.29612636205484,41323.18008,151.36696,6360.0,0.0,6700.0,1009000.0,0.0,158.6,0.0
2022,GEORGIA,SEMINOLE,17350.488665745124,13.20004002021528,2122.34568,7.77416,12179.50188,44.61356,0.0,0.0,9434.859114572171,4.330181771494323,64895.69814,237.71318,11900.0,0.0,12000.0,2279000.0,0.0,191.5,0.0
2022,GEORGIA,SUMTER,7711.535106899882,5.866840022145424,1904.78106,6.97722,9232.61976,33.81912,0.0,0.0,18277.19083874715,9.028976547991846,51871.52334,190.00558,18500.0,0.0,18800.0,3186000.0,0.0,172.2,0.0
2022,GEORGIA,TAYLOR,12.949613625607592,0.0098401822812388,478.03938,1.7510599999999998,1733.09136,6.34832,0.0,0.0,14306.117896331316,7.067256895132146,7355.55366,26.94342,880.0,0.0,1000.0,92300.0,0.0,104.9,0.0
2022,GEORGIA,TERRELL,4077.8339500088528,3.102360034171038,1659.98196,6.08052,7688.4171,28.1627,0.0,0.0,12585.50953135562,5.776190539344942,46427.17716,170.06292,16500.0,0.0,16600.0,3122000.0,0.0,189.2,0.0
2022,GEORGIA,THOMAS,12867.5601101689,9.78948003451764,1387.32594,5.08178,7215.3081,26.4297,0.0,0.0,20328.24718064632,10.04220334925487,40576.44318,148.63166,2950.0,0.0,3200.0,512000.0,0.0,173.6,0.0
2022,GEORGIA,TIFT,21390.942128491468,16.27394002814845,1689.56424,6.18888,8268.383759999999,30.287120000000005,0.0,0.0,9674.149020986652,4.4400052228332205,45353.82852,166.13124,3190.0,0.0,3500.0,580000.0,0.0,181.8,0.0
2022,GEORGIA,TREUTLEN,0.5515489618711154,0.0004200985705,206.115,0.7549999999999999,873.99858,3.20146,0.0,0.0,7486.355602362416,3.698277802098553,4361.2842,15.9754,640.0,0.0,700.0,130200.0,0.0,203.4,0.0
2022,GEORGIA,WALTON,4.375026171155674e-05,1.4886764135739102e-07,400.17978,1.4658600000000002,1103.1111,4.0407,0.0,0.0,11280.809811154144,5.572747372716545,3346.82166,12.25942,360.0,0.0,400.0,27900.0,0.0,77.5,0.0
2022,GEORGIA,WARE,63.01620250657473,0.0479604161930078,352.25736,1.29032,1940.03628,7.1063600000000005,0.0,0.0,33631.62642165791,16.614104919680706,10569.56628,38.71636,1650.0,0.0,1800.0,158100.0,0.0,95.8,0.0
2022,GEORGIA,WORTH,36543.0591,27.80148,3062.20278,11.21686,13355.132699999998,48.9199,0.0,0.0,21444.93340075098,9.842273061546662,76417.2318,279.9166,5120.0,0.0,5300.0,1019000.0,0.0,199.0,0.0
2022,IDAHO,ADA,348.0236213312721,0.264780342395954,16223.28162,59.42594,13613.86572,49.86764,0.0,0.0,34514.72011476397,15.840725343566142,39009.24846,142.89102,2350.0,0.0,11500.0,511000.0,0.0,217.4,0.0
2022,IDAHO,BINGHAM,1128.9109468353934,0.8588607019116299,79464.10836,291.07732,27648.13506,101.27522,0.0,0.0,78612.43119090046,36.07961840468085,48147.62862,176.36494000000002,5300.0,0.0,12300.0,921000.0,0.0,173.8,0.0
2022,IDAHO,CANYON,4110.7124111122685,3.1273801048591903,51550.120440000006,188.82828,34482.1659,126.3083,0.0,0.0,20185.81270832286,9.264392522552434,109326.54096,400.46352,15600.0,0.0,29000.0,3432000.0,0.0,220.0,0.0
2022,IDAHO,ELMORE,886.4973020247215,0.6744414500568824,44887.89942,164.42453999999998,26205.9252,95.9924,0.0,0.0,116329.07814794053,53.389886120603975,41270.05974,151.17238000000003,17300.0,0.0,19000.0,4278000.0,0.0,247.3,0.0
2022,IDAHO,FRANKLIN,481.5290089530203,0.3663403037839999,3518.6424,12.8888,2404.0926,8.806199999999999,0.0,0.0,25011.492452721177,11.479165441841594,9668.43696,35.41552,380.0,0.0,4900.0,68700.0,0.0,180.8,0.0
2022,IDAHO,GEM,24.664219302655813,0.0187802697284398,9346.5099,34.2363,7223.40528,26.459360000000004,0.0,0.0,21029.024760625227,10.388389171289091,23757.84684,87.02508,3300.0,0.0,4300.0,768000.0,0.0,232.7,0.0
2022,IDAHO,GOODING,2130.362284853682,1.620760227302818,31685.10618000001,116.06266,18115.61934,66.35758,0.0,0.0,27746.234231412574,12.734290595914494,63925.90386,234.16082,6700.0,0.0,39000.0,1452000.0,0.0,216.7,0.0
2022,IDAHO,JEROME,3445.3420710058435,2.6211601745590305,76753.677,281.149,31716.65952,116.17824,0.0,0.0,22316.63233182944,11.024470430492952,51724.37634,189.46658,4700.0,0.0,34000.0,983000.0,0.0,209.1,0.0
2022,IDAHO,LINCOLN,1451.5759027678473,1.1043405595720583,37483.10748,137.30076,15147.47598,55.48526,0.0,0.0,45123.23924365782,20.709564994127053,24034.39584,88.03808,2450.0,0.0,8100.0,496000.0,0.0,202.4,0.0
2022,IDAHO,OWYHEE,1439.3253232095487,1.0950035430850655,23518.25112,86.14744,15580.72698,57.07226000000001,0.0,0.0,289996.5754969791,143.25901076708644,53450.83380000001,195.7906,11800.0,0.0,23500.0,2617000.0,0.0,221.8,0.0
2022,IDAHO,PAYETTE,1422.3722610209295,1.082100070687847,16214.60568,59.39416,10561.7694,38.6878,0.0,0.0,15257.580137924871,7.537281547248591,36220.4115,132.6755,3230.0,0.0,8600.0,654000.0,0.0,202.5,0.0
2022,IDAHO,POWER,652.3754316138682,0.4963205823986111,27263.84934,99.86758,10117.98606,37.06222,0.0,0.0,53236.3064953648,26.298864365378776,26253.68382000001,96.16734,3700.0,0.0,5000.0,776000.0,0.0,209.7,0.0
2022,IDAHO,TWIN FALLS,4808.228372173094,3.6580205287833776,82196.23776,301.08512,40547.90922,148.52713999999995,0.0,0.0,71815.45841032434,32.96010943497766,93720.6543,343.2991,6900.0,0.0,37800.0,1467000.0,0.0,212.6,0.0
2022,IDAHO,WASHINGTON,57.76352750507104,0.0439407063637468,3440.59716,12.60292,2161.70682,7.91834,0.0,0.0,54808.78302065812,27.07567157795337,7024.93428,25.73236,2760.0,0.0,3500.0,638000.0,0.0,231.2,0.0
2022,ILLINOIS,ADAMS,261.446502987571,0.1989003505690995,36277.512180000005,132.88466,15815.82366,57.93342,0.0,0.0,32002.176109759435,14.687579110174685,79302.90186,290.48682,145400.0,0.0,148000.0,29202000.0,0.0,200.8,0.0
2022,ILLINOIS,ALEXANDER,1263.8791316225866,0.9615400392762176,9354.47058,34.265460000000004,3480.4715399999995,12.74898,0.0,0.0,9030.345228048676,4.46101241726218,14315.75418,52.43866,4730.0,0.0,5000.0,767000.0,0.0,162.2,0.0
2022,ILLINOIS,BOND,81.49433105110332,0.0619801741703423,18182.89746,66.60402,6709.23162,24.57594,0.0,0.0,14437.157606336632,6.626014860422671,34959.560999999994,128.057,69500.0,0.0,70800.0,13747000.0,0.0,197.8,0.0
2022,ILLINOIS,BOONE,208.48766803701545,0.1586200976012809,12372.58932,45.32084,5371.70088,19.67656,0.0,0.0,10238.189509655918,4.698874784398597,30411.88878,111.39886,67400.0,0.0,68700.0,14100000.0,0.0,209.2,0.0
2022,ILLINOIS,BROWN,151.21899056815425,0.1150401042639237,9434.88546,34.560019999999994,4311.8985,15.7945,0.0,0.0,11616.955154187255,5.331667048555575,22255.7244,81.5228,33100.0,0.0,33700.0,6670000.0,0.0,201.5,0.0
2022,ILLINOIS,BUREAU,441.177821248397,0.3356603502719334,50918.31654000001,186.51398,24809.79228,90.87836,0.0,0.0,32577.611368881662,14.951678365867616,136574.35974,500.27238,242000.0,0.0,245500.0,54474000.0,0.0,225.1,0.0
2022,ILLINOIS,CALHOUN,153.26433678848983,0.1166001264941521,6317.43294,23.14078,2849.9562,10.4394,0.0,0.0,10118.544556957102,4.643963058962495,13759.320120000002,50.40044,14600.0,0.0,14900.0,2713000.0,0.0,185.8,0.0
2022,ILLINOIS,CARROLL,99.7833013141314,0.0759202093378657,19153.27596,70.15852000000001,11220.61122,41.10114,0.0,0.0,17080.741324978106,8.437927589977168,62044.63902,227.26974,122300.0,0.0,124500.0,27909000.0,0.0,228.2,0.0
2022,ILLINOIS,CASS,292.6984085141473,0.2226601665273923,18713.4129,68.5473,10017.99708,36.69596,0.0,0.0,14385.881197985258,6.602481263783387,51002.00742,186.82054,77700.0,0.0,79200.0,16698000.0,0.0,214.9,0.0
2022,ILLINOIS,CHAMPAIGN,255.00905002390985,0.1940003757564659,59034.37722,216.24314,25489.72062,93.36894,0.0,0.0,35813.72245772853,17.6920656472877,136453.2351,499.8287,264500.0,0.0,268000.0,57952000.0,0.0,219.1,0.0
2022,ILLINOIS,CHRISTIAN,589.1628213106728,0.4482202790139141,51489.83658,188.60746,22983.32946,84.18802,0.0,0.0,26669.429660682243,12.240085068622983,121162.52694,443.81878000000006,182100.0,0.0,185000.0,41145000.0,0.0,225.9,0.0
2022,ILLINOIS,CLARK,253.792377540048,0.1931001953304096,29991.44148,109.85876,12960.71868,47.47516,0.0,0.0,18841.231338601803,8.647289324003932,68424.35418,250.63866,88900.0,0.0,90500.0,18411000.0,0.0,207.1,0.0
2022,ILLINOIS,CLAY,580.8034499962795,0.4418801016849572,26838.1932,98.3084,9433.08912,34.55344,0.0,0.0,17468.163076885547,8.017111905804004,46442.91834,170.12058000000002,69400.0,0.0,70600.0,14137000.0,0.0,203.7,0.0
2022,ILLINOIS,CLINTON,302.3146124962004,0.2300001789616718,22850.22558,83.70046,9045.10698,33.13226,0.0,0.0,17644.781815535815,8.716564958612995,45964.3548,168.3676,95500.0,0.0,99400.0,18766000.0,0.0,196.5,0.0
2022,ILLINOIS,CRAWFORD,310.9316155961738,0.2365601187108262,27885.20826,102.14362,12164.3067,44.5579,0.0,0.0,16767.385491241304,8.28312904905544,61523.17080000001,225.3596,77300.0,0.0,78800.0,16434000.0,0.0,212.6,0.0
2022,ILLINOIS,CUMBERLAND,105.12849636515811,0.0799801219712674,20422.66044,74.80828000000001,9199.6086,33.6982,0.0,0.0,13081.181477202725,6.462135336864754,48206.3127,176.5799,60200.0,0.0,61400.0,13388000.0,0.0,222.4,0.0
2022,ILLINOIS,DE KALB,412.85760397632055,0.3141002191937356,37182.91668,136.20116,17131.71096,62.75352,0.0,0.0,22516.0405864001,10.333863741841066,96441.81456,353.26672,182500.0,0.0,186000.0,40898000.0,0.0,224.1,0.0
2022,ILLINOIS,DE WITT,380.603746678958,0.2895601587814381,23104.09374,84.63038,9822.1032,35.9784,0.0,0.0,15035.382374987596,7.42751531411807,52646.63040000001,192.8448,100600.0,0.0,102500.0,23430000.0,0.0,232.9,0.0
2022,ILLINOIS,DOUGLAS,299.6268403951412,0.2279601378365319,27311.49330000001,100.0421,11612.83032,42.53784,0.0,0.0,15286.067032970624,7.551354142406261,61687.00902,225.95974,106500.0,0.0,108500.0,22365000.0,0.0,210.0,0.0
2022,ILLINOIS,DU PAGE,16.440609246165963,0.012520031955248,1240.85052,4.54524,600.3379199999999,2.19904,0.0,0.0,2768.9260445824284,1.3678561733161991,3168.99492,11.60804,1570.0,0.0,1600.0,290000.0,0.0,184.7,0.0
2022,ILLINOIS,EDGAR,488.40978670926495,0.3716002269978885,42103.41954,154.22498,17602.13364,64.47668,0.0,0.0,23233.91031087307,10.66333409825788,95870.26176,351.17312,152100.0,0.0,155000.0,32230000.0,0.0,211.9,0.0
2022,ILLINOIS,EDWARDS,181.90327967741092,0.1384000672318536,14065.44594,51.52178000000001,6178.039140000001,22.63018,0.0,0.0,8192.830559520142,3.760145765291001,30636.29478,112.22086,40300.0,0.0,41400.0,7234000.0,0.0,179.5,0.0
2022,ILLINOIS,EFFINGHAM,301.3305977091921,0.2292401286046999,23963.86902,87.77974,10340.9124,37.8788,0.0,0.0,17929.650750159446,8.857290902367737,51211.09266,187.58642,81800.0,0.0,83200.0,18070000.0,0.0,220.9,0.0
2022,ILLINOIS,FORD,149.27489735386447,0.1135601950524904,29988.41664,109.84768,12398.08752,45.41424000000001,0.0,0.0,18077.78258606493,8.296900215744826,67118.02734,245.85358000000005,134900.0,0.0,137500.0,30015000.0,0.0,222.5,0.0
2022,ILLINOIS,FRANKLIN,537.515981187215,0.4089401429087684,21047.830440000005,77.09828,7323.76008,26.82696,0.0,0.0,15525.356937060867,7.125450077041493,34719.64314,127.17818,34100.0,0.0,34700.0,6005000.0,0.0,176.1,0.0
2022,ILLINOIS,FULTON,435.3312425010285,0.3311603506510526,34126.468740000004,125.00538,15068.4807,55.1959,0.0,0.0,32338.32145317024,15.975209132417763,79531.46292,291.32404,130100.0,0.0,132500.0,27646000.0,0.0,212.5,0.0
2022,ILLINOIS,GALLATIN,441.20636408526656,0.3356600841952422,21157.68018,77.50066,11833.46346,43.34602,0.0,0.0,12317.732733527007,6.084989808153167,53676.20076,196.61612,53700.0,0.0,54700.0,9811000.0,0.0,182.7,0.0
2022,ILLINOIS,GREENE,631.420852959984,0.480380181097602,31706.86428,116.14236,15191.76204,55.64748,0.0,0.0,20351.03668581711,10.053461420013267,78528.16608,287.64896000000005,101200.0,0.0,103000.0,20989000.0,0.0,207.4,0.0
2022,ILLINOIS,GRUNDY,291.03795946383974,0.2214201348827978,22931.8362,83.9994,9857.83344,36.10928,0.0,0.0,15474.080534229555,7.101916482935672,54553.10952,199.82824,92800.0,0.0,94500.0,19989000.0,0.0,215.4,0.0
2022,ILLINOIS,HAMILTON,777.0824226319754,0.59120014829065,25202.83038,92.31806,9164.48442,33.56954,0.0,0.0,16311.595191427436,8.057967536866313,48248.42022,176.73414,64800.0,0.0,66000.0,11094000.0,0.0,171.2,0.0
2022,ILLINOIS,HANCOCK,352.9737197665205,0.2685402731213474,37304.1123,136.6451,16147.09278,59.14686,0.0,0.0,30230.29134282402,14.933837151531812,84287.02464,308.74368,163000.0,0.0,166000.0,34915000.0,0.0,214.2,0.0
2022,ILLINOIS,HENDERSON,274.42479329311743,0.2088001122843916,19556.47512,71.63544,10727.6715,39.2955,0.0,0.0,14414.368091287828,7.120732753659917,55636.0623,203.7951,90700.0,0.0,92400.0,19972000.0,0.0,220.2,0.0
2022,ILLINOIS,HENRY,664.6212924301952,0.505620318814011,45719.82324,167.47188,21410.59284,78.42708,0.0,0.0,30406.910078278463,15.021087234677708,116413.5063,426.4231,214000.0,0.0,217000.0,49627000.0,0.0,231.9,0.0
2022,ILLINOIS,IROQUOIS,354.5747613431154,0.2697604823674483,68121.08394,249.52778,29377.71018,107.61066,0.0,0.0,41989.68096215865,19.271400758107287,158574.47970000005,580.8589,305000.0,0.0,309500.0,64782000.0,0.0,212.4,0.0
2022,ILLINOIS,JACKSON,637.4117404525156,0.4849202088530575,18336.11598,67.16526,5652.12648,20.70376,0.0,0.0,21980.48699771558,10.85841382118094,24010.53018,87.95066,30000.0,0.0,30500.0,5247000.0,0.0,174.9,0.0
2022,ILLINOIS,JASPER,400.1585876647942,0.3044401587994141,30033.46164,110.01268,12687.4566,46.4742,0.0,0.0,18590.54668025561,8.532236187037913,64748.00514,237.17218,91900.0,0.0,93500.0,18711000.0,0.0,203.6,0.0
2022,ILLINOIS,JEFFERSON,386.8111648901851,0.2942801546163275,24118.99308,88.34796,7808.8374,28.6038,0.0,0.0,20989.143105876108,9.633085536590102,36610.70322,134.10514,47100.0,0.0,47900.0,7649000.0,0.0,162.4,0.0
2022,ILLINOIS,JERSEY,477.8134057508258,0.3635201585307962,16671.95166,61.06942,7664.04912,28.07344,0.0,0.0,13736.380027955627,6.304389040796964,39070.44414,143.11518,52800.0,0.0,53800.0,10882000.0,0.0,206.1,0.0
2022,ILLINOIS,JO DAVIESS,176.72204341381385,0.1344402852221077,18148.19916,66.47692,10030.85538,36.74306000000001,0.0,0.0,22698.356716377966,10.417538757343973,55217.71164,202.26268,87500.0,0.0,91200.0,18446000.0,0.0,210.8,0.0
2022,ILLINOIS,JOHNSON,134.4320120498363,0.1022601073893685,5968.877460000001,21.86402,2000.99718,7.32966,0.0,0.0,13155.247400457629,6.037674945773984,8207.13348,30.06276,5790.0,0.0,5900.0,973000.0,0.0,168.0,0.0
2022,ILLINOIS,KANE,419.6625313204893,0.3192801083838182,19068.32928,69.84736,8415.35058,30.825460000000003,0.0,0.0,13576.85342406668,6.23117340674882,46657.45812,170.90643999999998,68400.0,0.0,69700.0,14706000.0,0.0,215.0,0.0
2022,ILLINOIS,KANKAKEE,270.19554171662946,0.2055602119874249,38124.38448,139.64976,17860.51176,65.42312,0.0,0.0,24538.6100222134,12.122132791937824,98317.60848,360.13776,172900.0,0.0,176000.0,36223000.0,0.0,209.5,0.0
2022,ILLINOIS,KENDALL,202.2905719222242,0.1539201100946128,17061.533580000003,62.49646,7341.11196,26.89052,0.0,0.0,10352.137083737798,5.113980795807695,41233.71252,151.03924,69000.0,0.0,70300.0,15268000.0,0.0,221.3,0.0
2022,ILLINOIS,KNOX,448.4210428974257,0.3411402131035363,34311.46446,125.68302,14935.29492,54.70804,0.0,0.0,26663.732286641145,13.171948338343135,80255.68824,293.97688,148200.0,0.0,151000.0,33938000.0,0.0,229.0,0.0
2022,ILLINOIS,LA SALLE,256.19876776837583,0.1949205050039543,63704.50086,233.34982,27536.37978,100.86586,0.0,0.0,41733.29892069233,20.616350759244668,150654.38387999998,551.84756,275000.0,0.0,279000.0,60500000.0,0.0,220.0,0.0
2022,ILLINOIS,LAKE,83.0634292949456,0.0632001006278264,2903.9501400000004,10.63718,1437.345,5.265,0.0,0.0,7759.829779258282,3.5614176165222684,7779.883020000001,28.49774,7500.0,0.0,7700.0,1418000.0,0.0,189.1,0.0
2022,ILLINOIS,LAWRENCE,333.0237210632988,0.2533600712214904,25388.30658,92.99746,11986.53456,43.90672,0.0,0.0,13901.60400893623,6.380219518175361,59059.12194,216.33378,66500.0,0.0,67800.0,12775000.0,0.0,192.1,0.0
2022,ILLINOIS,LEE,488.2121530054316,0.3714202516970786,43708.26096,160.10352,21733.77024,79.61088,0.0,0.0,27233.47014702727,12.49895462912164,120477.55902,441.30974,224000.0,0.0,228000.0,50266000.0,0.0,224.4,0.0
2022,ILLINOIS,LIVINGSTON,406.0380562456485,0.3089003955521846,64106.11116,234.82092,26478.06252,96.98924,0.0,0.0,39055.53093877459,19.29352688970105,143876.19246,527.01902,289500.0,0.0,294000.0,61792000.0,0.0,213.4,0.0
2022,ILLINOIS,LOGAN,405.4096863537125,0.308440228674774,37115.44746,135.95402,16659.42642,61.02354,0.0,0.0,23006.015157189253,10.558740332912787,88602.67416,324.55192,175700.0,0.0,178500.0,40253000.0,0.0,229.1,0.0
2022,ILLINOIS,MACON,386.8350062484177,0.2943002264699529,33023.40678,120.96486,14216.283900000002,52.0743,0.0,0.0,20652.99776493481,9.478809737636343,75645.70104,277.09048,139900.0,0.0,142500.0,32527000.0,0.0,232.5,0.0
2022,ILLINOIS,MACOUPIN,827.1748507211546,0.6293003127488911,48463.19478,177.52086000000003,22374.883439999998,81.95928,0.0,0.0,32081.9394154808,14.724186928932175,115021.3701,421.3237,163500.0,0.0,166500.0,34204000.0,0.0,209.2,0.0
2022,ILLINOIS,MADISON,136.51532765195148,0.103860300211756,31731.18312,116.23144,12608.05182,46.18334,0.0,0.0,24253.74109499826,11.131391185046494,66409.99092,243.26004,99600.0,0.0,101500.0,20000000.0,0.0,200.8,0.0
2022,ILLINOIS,MARION,555.1381131461675,0.4223601811468553,26382.1467,96.6379,9381.41568,34.36416,0.0,0.0,21308.19631626877,9.779516805886454,46508.29638,170.36006,76700.0,0.0,78200.0,14903000.0,0.0,194.3,0.0
2022,ILLINOIS,MARSHALL,91.38760788938237,0.0695201612953845,20322.49128,74.44136,9254.05026,33.89762,0.0,0.0,14796.092463343584,6.790750036230954,49712.67756,182.09772,89900.0,0.0,91600.0,19931000.0,0.0,221.7,0.0
2022,ILLINOIS,MASON,478.1933291116288,0.3638001695581868,34496.61306,126.36122,23077.72194,84.53378,0.0,0.0,20527.6554235958,10.140711504307347,109652.9889,401.6593,112400.0,0.0,114500.0,24717000.0,0.0,219.9,0.0
2022,ILLINOIS,MASSAC,204.37255868463507,0.1554600618290924,10180.34472,37.29064,4639.18182,16.993339999999996,0.0,0.0,8990.463576059588,4.441310784572472,19571.41914,71.69018,23600.0,0.0,24000.0,4031000.0,0.0,170.8,0.0
2022,ILLINOIS,MCDONOUGH,166.5603693044348,0.1267202351592337,29117.246340000005,106.65658,12559.4469,46.005300000000005,0.0,0.0,21838.05252931428,10.788050848765362,67353.75738,246.71706,135500.0,0.0,138000.0,29471000.0,0.0,217.5,0.0
2022,ILLINOIS,MCLEAN,486.9684722587384,0.3704804486734541,69492.9417,254.5529,29810.93934,109.19758,0.0,0.0,42952.53795822604,21.21865779720317,160882.0395,589.3115,305500.0,0.0,312000.0,70981000.0,0.0,232.3,0.0
2022,ILLINOIS,MENARD,201.41810814017603,0.1532600961891448,17367.0042,63.61540000000001,8319.06894,30.47278,0.0,0.0,11901.82408846226,5.462409251643425,43174.69884,158.14908000000003,71300.0,0.0,72600.0,16349000.0,0.0,229.3,0.0
2022,ILLINOIS,MERCER,1142.2858095333042,0.8690401678899348,29751.54546,108.98002,13929.61752,51.02424,0.0,0.0,21251.222522255128,9.753368361983382,73344.0435,268.6595,134000.0,0.0,136500.0,30364000.0,0.0,226.6,0.0
2022,ILLINOIS,MONROE,188.69145846838288,0.143560130734926,17454.3642,63.9354,7472.1192,27.3704,0.0,0.0,14482.736636288962,6.64693361313167,33350.09496,122.16152,45500.0,0.0,46300.0,7781000.0,0.0,171.0,0.0
2022,ILLINOIS,MONTGOMERY,669.7895377813687,0.5095601971935438,42865.297020000005,157.01574000000002,19482.7269,71.36529999999999,0.0,0.0,26242.126263467897,12.04397176591798,100441.28094,367.91678,154100.0,0.0,157000.0,32947000.0,0.0,213.8,0.0
2022,ILLINOIS,MORGAN,510.0543002785767,0.3880602062254638,31040.96268,113.70316,14073.40116,51.55092,0.0,0.0,21029.02475946311,9.6513894463022,74052.59862,271.25494000000003,125200.0,0.0,127500.0,27306000.0,0.0,218.1,0.0
2022,ILLINOIS,MOULTRIE,216.954218018422,0.1650601300188252,23407.566,85.742,10082.22306,36.93122,0.0,0.0,12608.299046259152,6.228530270494527,53140.25262,194.65294,84000.0,0.0,85600.0,17682000.0,0.0,210.5,0.0
2022,ILLINOIS,OGLE,527.7585879924964,0.4015003024848749,38603.0736,141.4032,19199.15634,70.32658,0.0,0.0,28458.406566736925,14.058521780029633,107382.72636,393.34332,199000.0,0.0,203000.0,46705000.0,0.0,234.7,0.0
2022,ILLINOIS,PEORIA,391.9620704787792,0.2981802431733859,25236.55134,92.44158,11629.18302,42.59774,0.0,0.0,21308.196312056098,10.526300593945582,62109.28542,227.50654,99600.0,0.0,101500.0,22360000.0,0.0,224.5,0.0
2022,ILLINOIS,PERRY,396.48513093086734,0.3016201071017804,21546.43218,78.92466,8014.95786,29.358820000000005,0.0,0.0,16533.792964242715,8.16773377487659,37463.34228,137.22836,42000.0,0.0,42700.0,6777000.0,0.0,161.4,0.0
2022,ILLINOIS,PIATT,211.2025182954301,0.1606802003943975,26380.54146,96.63202,11229.40728,41.13336,0.0,0.0,16465.42441517417,7.556899344939273,60113.08212,220.19444000000004,121200.0,0.0,123500.0,26676000.0,0.0,220.1,0.0
2022,ILLINOIS,PULASKI,705.4438905455632,0.5366800347707228,9670.686479999998,35.42376,3090.70398,11.32126,0.0,0.0,7526.237252550222,3.454209009713686,13603.8357,49.8309,13800.0,0.0,14100.0,2426000.0,0.0,175.8,0.0
2022,ILLINOIS,PUTNAM,14.781683036525994,0.0112400785530151,7252.26138,26.56506,3343.17438,12.246059999999998,0.0,0.0,6096.195200887732,3.0115351963228054,18168.9417,66.5529,30700.0,0.0,31300.0,6637000.0,0.0,216.2,0.0
2022,ILLINOIS,RANDOLPH,807.3889066777749,0.6142601593143151,24468.6624,89.6288,9936.381,36.397,0.0,0.0,21843.749899723756,10.025312141733435,43138.57002000001,158.01674,58100.0,0.0,59100.0,9970000.0,0.0,171.6,0.0
2022,ILLINOIS,ROCK ISLAND,428.88519786018287,0.3263001291502554,16746.802799999998,61.3436,8015.86968,29.36216,0.0,0.0,14910.040038297053,7.365595896170634,42433.89696,155.43552000000005,65500.0,0.0,66700.0,14685000.0,0.0,224.2,0.0
2022,ILLINOIS,SALINE,482.99565012112737,0.3674401057585534,18339.77418,67.17866,7422.64068,27.18916,0.0,0.0,14357.394304682684,6.5894070435319385,36308.33388,132.99756000000002,42300.0,0.0,43100.0,7644000.0,0.0,180.7,0.0
2022,ILLINOIS,SANGAMON,397.02591717517714,0.3020403339776307,48609.637440000006,178.05728000000002,22404.2364,82.0668,0.0,0.0,30543.64717641555,14.018179035020603,118958.2212,435.7444,188900.0,0.0,192000.0,43693000.0,0.0,231.3,0.0
2022,ILLINOIS,SCHUYLER,149.39176768915152,0.1136401612142223,13706.4837,50.2069,5874.5505,21.518500000000003,0.0,0.0,16345.779467980889,8.074854652289808,30561.034140000003,111.94518,57900.0,0.0,58900.0,11424000.0,0.0,197.3,0.0
2022,ILLINOIS,SCOTT,280.2819899803457,0.2132401038446882,13723.18584,50.26808,6571.67784,24.07208,0.0,0.0,9526.017173343776,4.3720192763922965,34255.28652,125.47724,49600.0,0.0,50500.0,10302000.0,0.0,207.7,0.0
2022,ILLINOIS,SHELBY,413.3685307287572,0.3144803146545358,46426.93146,170.06202000000002,20878.488539999995,76.47798,0.0,0.0,28566.656756318647,13.110828138142828,107251.09668,392.86116,170300.0,0.0,173500.0,36529000.0,0.0,214.5,0.0
2022,ILLINOIS,ST CLAIR,364.95881084130576,0.2776601731138781,32553.12606000001,119.24222,13286.87724,48.66988,0.0,0.0,21530.39407383125,10.63606682650201,69888.30576,256.00112,88300.0,0.0,90000.0,16362000.0,0.0,185.3,0.0
2022,ILLINOIS,STARK,223.449030476706,0.1700001025932873,17550.7605,64.2885,8186.38002,29.98674,0.0,0.0,10819.322136790754,5.34477134369895,44989.01862,164.79494,84700.0,0.0,86200.0,20379000.0,0.0,240.6,0.0
2022,ILLINOIS,STEPHENSON,197.2851795742405,0.1500802719815939,19732.92594,72.28178,9817.22196,35.960519999999995,0.0,0.0,20863.800770202422,9.575558965123609,55361.86656,202.79072,150800.0,0.0,156500.0,31623000.0,0.0,209.7,0.0
2022,ILLINOIS,TAZEWELL,539.2485085446411,0.4102602390692145,34069.42812,124.79644,18004.721279999998,65.95136000000001,0.0,0.0,22675.567196099637,11.201785122906283,91145.06856,333.86472000000003,136900.0,0.0,139500.0,31473000.0,0.0,229.9,0.0
2022,ILLINOIS,UNION,318.04066246141264,0.2419401444020912,6507.32628,23.83636,2108.58102,7.72374,0.0,0.0,15736.159941021093,7.773701129263226,8061.00204,29.52748,11000.0,0.0,11200.0,1833000.0,0.0,166.6,0.0
2022,ILLINOIS,VERMILION,270.18257129425,0.205540382828654,49256.28708,180.42596,20439.1278,74.86859999999999,0.0,0.0,33164.44137361658,15.22100730428752,110925.61116,406.32092000000006,212500.0,0.0,215500.0,46410000.0,0.0,218.4,0.0
2022,ILLINOIS,WABASH,111.52375611219487,0.0848600544569897,15577.0524,57.0588,7052.37624,25.83288,0.0,0.0,8358.054541372336,3.8359762430694193,35522.55252,130.11924,47300.0,0.0,48100.0,8599000.0,0.0,181.8,0.0
2022,ILLINOIS,WARREN,324.1468690373674,0.2465801664445459,30683.92782,112.39534,14031.28818,51.39666,0.0,0.0,20106.049402310982,9.932437108517668,75601.29486,276.92782,143800.0,0.0,146500.0,30399000.0,0.0,211.4,0.0
2022,ILLINOIS,WASHINGTON,560.6846193060829,0.4265601324157657,29263.47606,107.19222,10625.62956,38.92172,0.0,0.0,21330.985817953213,9.78997617614064,54088.40346,198.12602,101600.0,0.0,104500.0,18776000.0,0.0,184.8,0.0
2022,ILLINOIS,WAYNE,980.4044907024409,0.7458801747416468,41798.42394,153.10778000000002,15386.13258,56.35946,0.0,0.0,26885.930045946807,12.339449140773905,75906.6672,278.0464,114500.0,0.0,118500.0,21641000.0,0.0,189.0,0.0
2022,ILLINOIS,WHITE,581.6271468213112,0.4424801602854798,33638.52492,123.21804,15821.65494,57.95478000000001,0.0,0.0,18721.58638132715,8.59237759646772,73756.6011,270.1707,82000.0,0.0,83500.0,15596000.0,0.0,190.2,0.0
2022,ILLINOIS,WHITESIDE,338.0984022618292,0.2572202809389322,39724.19724000001,145.50988,22732.6281,83.26969999999999,0.0,0.0,25626.809357150312,11.76156860344643,119760.31704,438.68248,207000.0,0.0,211000.0,45499000.0,0.0,219.8,0.0
2022,ILLINOIS,WILL,503.578922418332,0.3831202171201215,27789.47262,101.79294,11956.20972,43.795640000000006,0.0,0.0,22937.646616400805,11.331252991381673,65866.44246,241.26902,87600.0,0.0,89300.0,18203000.0,0.0,207.8,0.0
2022,ILLINOIS,WILLIAMSON,207.71423887472363,0.1580202021784435,11436.0246,41.8902,4137.32592,15.15504,0.0,0.0,15764.64684318482,7.235273528247049,18393.90462,67.37694,18700.0,0.0,19100.0,3241000.0,0.0,173.3,0.0
2022,ILLINOIS,WINNEBAGO,356.26432461343825,0.2710201547231054,17580.22812,64.39644,8068.258380000001,29.55406,0.0,0.0,15605.12023813375,7.708967198613589,45947.06298,168.30426000000003,84000.0,0.0,85600.0,17346000.0,0.0,206.5,0.0
2022,ILLINOIS,WOODFORD,178.36902896388156,0.1357002350135189,27979.2513,102.4881,12040.37016,44.10392,0.0,0.0,19342.600664010057,9.55529158246124,64930.00332,237.83884,122700.0,0.0,125000.0,28920000.0,0.0,235.7,0.0
2022,INDIANA,ADAMS,27.154904139940605,0.0206601497855175,16199.83092,59.34004,5857.58082,21.45634,0.0,0.0,12517.140986645016,5.744812410381448,29862.19236,109.38532,59700.0,0.0,61300.0,11140000.0,0.0,186.6,0.0
2022,INDIANA,ALLEN,293.5319830734149,0.2233201496359369,26515.37616,97.12592,8857.39218,32.444660000000006,0.0,0.0,20145.931052702155,9.952138740418002,48232.85376,176.67712,71600.0,0.0,73300.0,13225000.0,0.0,184.7,0.0
2022,INDIANA,BARTHOLOMEW,151.4447317765265,0.115220176014769,14373.28074,52.64938,6464.661840000001,23.68008,0.0,0.0,14619.47372382173,7.222055432968142,33234.14094,121.73678,50600.0,0.0,51600.0,9371000.0,0.0,185.2,0.0
2022,INDIANA,BENTON,134.13113160042425,0.1020401757792213,25332.74016,92.79392,10743.19428,39.35236,0.0,0.0,15177.81683932149,6.965944590227167,57724.9764,211.4468,116800.0,0.0,119500.0,24865000.0,0.0,212.9,0.0
2022,INDIANA,BLACKFORD,20.35262054867472,0.0154800694991042,9363.1083,34.2971,2761.8864,10.1168,0.0,0.0,6153.168987928672,2.8240315901803594,15621.02178,57.21986,29400.0,0.0,30100.0,5383000.0,0.0,183.1,0.0
2022,INDIANA,BOONE,54.75035577694691,0.0416601901606457,24162.2199,88.5063,9805.1772,35.9164,0.0,0.0,15268.974894868214,7.007782093645064,52313.52672,191.62464,81100.0,0.0,83000.0,15831000.0,0.0,195.2,0.0
2022,INDIANA,CARROLL,23.26991346917285,0.0177001820256883,21273.4158,77.9246,9635.96634,35.29658,0.0,0.0,14015.551583744433,6.923716432862548,51454.88166,188.47942,87100.0,0.0,89100.0,17734000.0,0.0,203.6,0.0
2022,INDIANA,CASS,14.706537262463073,0.011200194654194,21293.7543,77.9991,9290.23914,34.03018,0.0,0.0,15098.053534762246,7.45847501885788,50104.3725,183.5325,91400.0,0.0,93500.0,17759000.0,0.0,194.3,0.0
2022,INDIANA,CLARK,50.01454716117064,0.0380601608210076,2763.0821400000004,10.12118,2466.21102,9.03374,0.0,0.0,12636.785939561723,5.799724135917554,11367.78006,41.64022,15600.0,0.0,16000.0,2872000.0,0.0,184.1,0.0
2022,INDIANA,CLAY,213.96441525781395,0.1627801190332228,16075.9599,58.886300000000006,6407.70858,23.47146,0.0,0.0,13303.379247112707,6.105660891761551,33990.90786,124.50882,51100.0,0.0,52300.0,9878000.0,0.0,193.3,0.0
2022,INDIANA,CLINTON,4.55291668616693,0.0034601929147621,24828.63474,90.94738,10570.34706,38.71922,0.0,0.0,14699.23702663779,7.261458697773466,56946.15654,208.59398,104500.0,0.0,106500.0,20931000.0,0.0,200.3,0.0
2022,INDIANA,DAVIESS,224.1456390673739,0.1705401318915589,25346.1117,92.8429,12588.06822,46.11014,0.0,0.0,16305.89781360946,7.48368371195785,62118.87864,227.54168,72000.0,0.0,73200.0,14227000.0,0.0,197.6,0.0
2022,INDIANA,DE KALB,233.61074221929445,0.177740073880815,16120.23504,59.04848,5247.40944,19.22128,0.0,0.0,13280.589731773378,6.095201515240375,29519.479080000005,108.12996,43200.0,0.0,44800.0,8061000.0,0.0,186.6,0.0
2022,INDIANA,DEARBORN,19.453662764502397,0.0148001457797152,2611.14126,9.56462,1420.71384,5.20408,0.0,0.0,11052.914662118796,5.072797485430119,6905.85168,25.29616,6580.0,0.0,6700.0,1057000.0,0.0,160.6,0.0
2022,INDIANA,DECATUR,79.95838430497112,0.0608401498425671,15834.42042,58.00154,7640.63118,27.98766,0.0,0.0,13816.143328883249,6.825208271925655,40261.25922,147.47714000000002,74100.0,0.0,75800.0,15442000.0,0.0,208.4,0.0
2022,INDIANA,DELAWARE,39.44854592131559,0.0300201549704478,21224.27034,77.74458,6873.81786,25.178819999999995,0.0,0.0,13650.919346595265,6.743587224446002,38126.87424,139.65888,66400.0,0.0,67900.0,12244000.0,0.0,184.4,0.0
2022,INDIANA,DUBOIS,64.8871760881244,0.049380189801677,8223.464339999999,30.12258,3396.28926,12.44062,0.0,0.0,15696.278297747893,7.203895398950204,14467.569480000002,52.99476,50000.0,0.0,51200.0,8990000.0,0.0,179.8,0.0
2022,INDIANA,ELKHART,720.1308220097397,0.5478400726094275,14744.72454,54.009980000000006,8423.40408,30.854960000000005,0.0,0.0,14710.631783435863,6.751527375476609,43980.6549,161.1013,40500.0,0.0,47700.0,8116000.0,0.0,200.4,0.0
2022,INDIANA,FAYETTE,1.973370471457206,0.0015001036804571,7939.16214,29.08118,3622.84104,13.27048,0.0,0.0,7919.356382420906,3.9121812363244586,19057.24548,69.80676,33600.0,0.0,34400.0,6212000.0,0.0,184.9,0.0
2022,INDIANA,FOUNTAIN,74.38306925104582,0.0565801675940882,18516.49254,67.82598,7282.39512,26.67544,0.0,0.0,14813.184599993348,7.317749075031376,41597.2557,152.3709,83700.0,0.0,85700.0,16029000.0,0.0,191.5,0.0
2022,INDIANA,FRANKLIN,1.5809959171824088,0.0012001902458715,6595.909320000001,24.16084,3339.4179,12.2323,0.0,0.0,14471.3418786193,6.6417039248710825,16688.637420000003,61.13054,34300.0,0.0,35100.0,6370000.0,0.0,185.7,0.0
2022,INDIANA,GIBSON,223.47171728183093,0.1700001242819719,30106.80582,110.28134,13976.2623,51.1951,0.0,0.0,18322.769875381666,9.05149270249742,70148.26728,256.95336,90500.0,0.0,91500.0,17847000.0,0.0,197.2,0.0
2022,INDIANA,GRANT,117.22888446004328,0.0891801516708342,22281.09156,81.61572,7083.1215,25.9455,0.0,0.0,14972.711203737028,6.87181020266998,39341.1291,144.10670000000002,73900.0,0.0,74600.0,13583000.0,0.0,183.8,0.0
2022,INDIANA,HAMILTON,19.130018975153327,0.0145601329141148,17454.506159999997,63.93592,7051.65552,25.83024,0.0,0.0,10443.295143351934,5.159013098073295,37454.52984,137.19608,47000.0,0.0,47700.0,8155000.0,0.0,173.5,0.0
2022,INDIANA,HANCOCK,13.753899851925768,0.0104601356361225,16856.17206,61.74422,6584.55798,24.11926,0.0,0.0,10557.242717143285,5.215303475546486,35257.7043,129.1491,53500.0,0.0,54700.0,9956000.0,0.0,186.1,0.0
2022,INDIANA,HARRISON,70.86888947198767,0.053920237433774,8169.546839999999,29.92508,4342.88946,15.90802,0.0,0.0,18288.585603680047,8.393649448899048,18961.81014,69.45718000000001,23200.0,0.0,23700.0,4262000.0,0.0,183.7,0.0
2022,INDIANA,HENDRICKS,260.8170373072034,0.1984401268074564,19671.37536,72.05632,7908.37866,28.96842,0.0,0.0,13143.852643078497,6.493095044618533,41509.98852,152.05124,59600.0,0.0,59900.0,12027000.0,0.0,201.8,0.0
2022,INDIANA,HENRY,36.98638958499776,0.0281201680117719,20219.16078,74.06286,7534.81638,27.60006,0.0,0.0,14345.999546431962,6.584177355004671,41774.30166,153.01942,67900.0,0.0,69700.0,12575000.0,0.0,185.2,0.0
2022,INDIANA,HOWARD,31.692575811132663,0.0241001227337389,16224.7449,59.4313,6466.61652,23.68724,0.0,0.0,10084.360286344976,4.628273995280788,34723.96746,127.19402,63100.0,0.0,63500.0,13359000.0,0.0,211.7,0.0
2022,INDIANA,HUNTINGTON,96.89740398834074,0.0737201488213775,19505.78994,71.44978,6014.97624,22.03288,0.0,0.0,14163.683429382656,6.500502345435401,35239.11846,129.08102,63600.0,0.0,65100.0,11804000.0,0.0,185.6,0.0
2022,INDIANA,JACKSON,115.99542808668156,0.0882402315880232,11535.03078,42.25286,4952.673180000001,18.14166,0.0,0.0,18903.90250084595,9.338573627180136,24641.9628,90.2636,56500.0,0.0,57700.0,10741000.0,0.0,190.1,0.0
2022,INDIANA,JASPER,96.01308912689473,0.0730602346961695,31377.78462,114.93694,15133.11072,55.43264,0.0,0.0,20658.69514057382,10.205445441917812,85494.66744,313.16728,135000.0,0.0,142000.0,24800000.0,0.0,183.7,0.0
2022,INDIANA,JAY,14.96843302172935,0.0113801802684127,19021.26954,69.67498,6174.184380000001,22.61606,0.0,0.0,14209.262458608668,6.521421097811053,33622.5162,123.1594,75200.0,0.0,76500.0,13912000.0,0.0,185.0,0.0
2022,INDIANA,JEFFERSON,84.64162502736042,0.0643801532679304,2903.55156,10.63572,2121.72324,7.77188,0.0,0.0,13348.958275612393,6.594417723926759,8729.2296,31.9752,15400.0,0.0,16000.0,2834000.0,0.0,184.0,0.0
2022,INDIANA,JENNINGS,48.30040802942946,0.036740163246924,7692.41382,28.17734,3922.37118,14.36766,0.0,0.0,13958.57779655823,6.895571243982428,20219.43924,74.06388000000001,29800.0,0.0,30300.0,5370000.0,0.0,180.2,0.0
2022,INDIANA,JOHNSON,51.54243423442791,0.0392201169379384,12867.767639999998,47.13468,5616.99138,20.57506,0.0,0.0,10169.82096596217,4.667496655901794,29155.57008,106.79696,34200.0,0.0,34800.0,6221000.0,0.0,181.9,0.0
2022,INDIANA,KNOX,341.74083642637675,0.2599801233503272,39001.51164,142.86267999999998,18253.75734,66.86358,0.0,0.0,19621.7722196536,9.6932030071988,89677.13118000001,328.48766,98400.0,0.0,99400.0,19513000.0,0.0,198.3,0.0
2022,INDIANA,KOSCIUSKO,81.29089306052718,0.0618402490390536,25081.176120000004,91.87244,11861.70804,43.44948,0.0,0.0,19621.77221355248,9.693203004184834,63998.53278,234.42686,98000.0,0.0,101000.0,18728000.0,0.0,191.1,0.0
2022,INDIANA,LA PORTE,23.23802290992037,0.0176802824462793,23949.42186,87.72682,12992.5068,47.5916,0.0,0.0,21507.604565464637,9.871036345846502,72117.78756000001,264.16772,106100.0,0.0,108500.0,18154000.0,0.0,171.1,0.0
2022,INDIANA,LAGRANGE,524.1068754381474,0.398740121301557,15864.7671,58.1127,9306.77748,34.09076,0.0,0.0,14351.696926428913,7.089773046408467,46708.92408,171.09496,40400.0,0.0,42500.0,7224000.0,0.0,178.8,0.0
2022,INDIANA,LAKE,40.44274018490568,0.0307601365369872,12663.782039999998,46.38748,6123.70668,22.43116,0.0,0.0,11924.613604092116,5.890788005942413,35254.43376,129.13712,48300.0,0.0,49200.0,8892000.0,0.0,184.1,0.0
2022,INDIANA,LAWRENCE,0.0330656157667948,2.022326954211413e-05,7474.07388,27.37756,2995.74912,10.97344,0.0,0.0,16921.214715278566,7.766086872295951,13914.842759999998,50.97012,18600.0,0.0,19000.0,3143000.0,0.0,169.0,0.0
2022,INDIANA,MADISON,36.93503413297417,0.0281001834073029,25047.81552,91.75024,9405.45606,34.452220000000004,0.0,0.0,15251.882758218451,7.534467027872603,50546.5779,185.1523,82700.0,0.0,83600.0,15903000.0,0.0,192.3,0.0
2022,INDIANA,MARSHALL,55.60170245074619,0.0423002123507955,20694.14256,75.80272,9795.68772,35.88164,0.0,0.0,16567.977244079157,7.603966543818127,53780.02812,196.99644,83700.0,0.0,87700.0,16204000.0,0.0,193.6,0.0
2022,INDIANA,MARTIN,9.52042699236816,0.0072601596654201,3423.7912800000004,12.54136,1596.00714,5.84618,0.0,0.0,12733.641377139107,5.844176484932488,7467.663840000001,27.35408,13800.0,0.0,14200.0,2546000.0,0.0,184.5,0.0
2022,INDIANA,MIAMI,35.09969058739078,0.0267001733357544,18999.52236,69.59532,7208.48856,26.40472,0.0,0.0,14106.70964176066,6.968748734338775,39616.89186,145.11682,67800.0,0.0,69400.0,12889000.0,0.0,190.1,0.0
2022,INDIANA,MONROE,0.0065332955588552,1.813478540157912e-07,3350.92212,12.27444,1298.1969,4.7553,0.0,0.0,13742.0774062094,6.788619526711601,6009.86022,22.01414,5080.0,0.0,5200.0,848000.0,0.0,166.9,0.0
2022,INDIANA,MORGAN,65.3682525569856,0.0497201792558887,11543.49378,42.28386,4904.3958600000005,17.96482,0.0,0.0,14642.263239451588,6.720149246846465,25506.43914,93.43018,32600.0,0.0,33400.0,6201000.0,0.0,190.2,0.0
2022,INDIANA,NEWTON,81.70709247376023,0.0621601778971369,21894.64914,80.20018,10542.0042,38.6154,0.0,0.0,15035.382369758066,6.900573487569853,57892.50012,212.06044,100100.0,0.0,102500.0,20500000.0,0.0,204.8,0.0
2022,INDIANA,NOBLE,128.7198458467819,0.0979201559559717,15811.1499,57.9163,7203.07224,26.38488,0.0,0.0,15303.15916802247,7.023471158493496,39656.32944,145.26128,59500.0,0.0,60900.0,11858000.0,0.0,199.3,0.0
2022,INDIANA,OWEN,16.20899449633187,0.0123401853096457,5865.6234,21.4858,2360.00856,8.644720000000001,0.0,0.0,14448.552363570498,7.137619866973637,11240.96064,41.17568,19900.0,0.0,20400.0,3517000.0,0.0,176.7,0.0
2022,INDIANA,PARKE,50.07845641328531,0.0381201903693484,15471.41778,56.67186,6403.973940000001,23.45778,0.0,0.0,16875.63569229894,7.745168122787118,34309.356900000006,125.6753,56600.0,0.0,57900.0,10380000.0,0.0,183.4,0.0
2022,INDIANA,PERRY,12.379195270743043,0.009420188127905,1136.8975799999998,4.16446,455.1456,1.6671999999999998,0.0,0.0,14414.368092014154,6.615555484368186,1290.89142,4.72854,11900.0,0.0,12500.0,2052000.0,0.0,172.4,0.0
2022,INDIANA,PIKE,29.662487153226884,0.0225801601270203,11803.39524,43.23588,5235.83424,19.178880000000003,0.0,0.0,12876.075844087763,6.360812657269485,25757.82846,94.35102,28600.0,0.0,29200.0,4768000.0,0.0,166.7,0.0
2022,INDIANA,PORTER,45.034605976963725,0.0342601555429596,12201.5712,44.6944,6172.6119,22.6103,0.0,0.0,13804.748571649376,6.819579234250097,36120.43344,132.30928,53500.0,0.0,54500.0,10069000.0,0.0,188.2,0.0
2022,INDIANA,POSEY,332.4370541236744,0.2529201165989468,26228.529599999994,96.0752,12610.19214,46.19118,0.0,0.0,15263.277517195496,7.00516725004813,59457.9531,217.79469999999995,76900.0,0.0,78200.0,14872000.0,0.0,193.4,0.0
2022,INDIANA,PULASKI,147.5418553431369,0.1122401891546434,23958.54552,87.76024000000001,11509.4343,42.1591,0.0,0.0,16260.318782495007,8.032636866644571,64451.83290000001,236.0873,91400.0,0.0,93600.0,16260000.0,0.0,177.9,0.0
2022,INDIANA,PUTNAM,203.86876690916037,0.1551001589352213,16523.33592,60.52504,6934.03074,25.39938,0.0,0.0,17895.466467562983,8.213225205508857,35868.514500000005,131.3865,61200.0,0.0,62600.0,12295000.0,0.0,200.9,0.0
2022,INDIANA,RANDOLPH,9.089584028348249,0.0069202177893846,25415.79222,93.09814,8061.0075,29.527500000000003,0.0,0.0,16830.056653049665,8.314088754799908,47669.98782,174.61534,103000.0,0.0,104500.0,18808000.0,0.0,182.6,0.0
2022,INDIANA,RIPLEY,43.42391527674741,0.0330401880646333,7143.0723,26.1651,4278.12294,15.67078,0.0,0.0,16573.674616522334,8.187435407709817,22180.85688,81.24856,38400.0,0.0,39400.0,6409000.0,0.0,166.9,0.0
2022,INDIANA,RUSH,43.86071220946638,0.033380176714846,21331.82142,78.13854,9179.58678,33.62486,0.0,0.0,15337.343438271431,7.039160222008529,49045.27446000001,179.65302,102500.0,0.0,103500.0,20029000.0,0.0,195.4,0.0
2022,INDIANA,SCOTT,42.41234207397101,0.0322800746567478,3101.0070000000005,11.359,1709.07828,6.26036,0.0,0.0,7007.775792090114,3.461858216538916,7917.737100000001,29.0027,13300.0,0.0,13600.0,2483000.0,0.0,186.7,0.0
2022,INDIANA,SHELBY,166.63552749784603,0.1267601619893534,23453.99784,85.91208,10000.00638,36.63006,0.0,0.0,15086.658777528375,6.924107083942454,53198.46168000001,194.86616,86900.0,0.0,87700.0,17102000.0,0.0,196.8,0.0
2022,INDIANA,ST. JOSEPH,129.5279176882619,0.0985401264568559,17224.290719999997,63.09264,8775.18642,32.14354,0.0,0.0,13576.853424066678,6.231173406748819,49819.50246,182.48902,60600.0,0.0,62000.0,10096000.0,0.0,166.6,0.0
2022,INDIANA,STARKE,48.97216421147984,0.0372801510509079,14446.52664,52.91768,7886.8608,28.889599999999994,0.0,0.0,11611.257775439584,5.735989467532328,45483.14316,166.60492,46700.0,0.0,47600.0,8453000.0,0.0,181.0,0.0
2022,INDIANA,STEUBEN,98.76680821368696,0.0751400944519507,10429.49544,38.20328,4300.01208,15.75096,0.0,0.0,11981.587390987794,5.91893319467901,24163.56306,88.51122,39700.0,0.0,40600.0,7071000.0,0.0,178.1,0.0
2022,INDIANA,SULLIVAN,401.182596477655,0.3052201221875686,23734.84386,86.94082,10328.99868,37.83516,0.0,0.0,16892.727818925436,8.345048462553686,54593.91756,199.97772,57800.0,0.0,58600.0,10751000.0,0.0,186.0,0.0
2022,INDIANA,SWITZERLAND,3.445531116750043,0.0026201058903243,666.49674,2.4413800000000005,923.11128,3.3813600000000004,0.0,0.0,8340.9624050131,3.828131710745208,4146.53694,15.18878,6250.0,0.0,6400.0,1120000.0,0.0,179.2,0.0
2022,INDIANA,TIPPECANOE,125.5228199631311,0.0955002055728003,24372.053160000003,89.27492000000001,10626.5523,38.9251,0.0,0.0,17194.688894120984,8.494217965154004,56106.02634,205.51658,87500.0,0.0,89600.0,16503000.0,0.0,188.6,0.0
2022,INDIANA,TIPTON,23.798135311365343,0.0181001205198032,15934.6824,58.3688,6359.808,23.296,0.0,0.0,9594.385717589532,4.739649785395679,34279.741859999995,125.56682,66700.0,0.0,68200.0,13674000.0,0.0,205.0,0.0
2022,INDIANA,UNION,0.1678437117503884,0.0001400806835556,6813.1245,24.9565,3054.9792,11.1904,0.0,0.0,6118.984716227064,3.022793272104489,16114.75866,59.02842,30100.0,0.0,31100.0,5891000.0,0.0,195.7,0.0
2022,INDIANA,VANDERBURGH,85.82041706188568,0.0652800582718926,10244.2704,37.5248,4404.83316,16.13492,0.0,0.0,6569.077631540772,3.0149152064915405,21752.6127,79.6799,25500.0,0.0,25900.0,4871000.0,0.0,191.0,0.0
2022,INDIANA,VERMILLION,96.9076464086692,0.073720088568408,12605.93334,46.17558,5235.954360000001,19.17932,0.0,0.0,9702.635912691314,4.793125643995212,29521.55934,108.13758,43300.0,0.0,44300.0,8647000.0,0.0,199.7,0.0
2022,INDIANA,VIGO,244.97613974665768,0.1863801350827338,16591.454879999998,60.77456,6673.0482,24.4434,0.0,0.0,14277.63100244768,6.552799226374526,35760.4065,130.9905,41100.0,0.0,42000.0,7645000.0,0.0,186.0,0.0
2022,INDIANA,WABASH,110.56414943812165,0.0841201697973227,20840.48694,76.33878000000001,7462.10556,27.33372,0.0,0.0,15365.830333026652,7.590757405848122,42586.83156,155.99572,73800.0,0.0,75400.0,14369000.0,0.0,194.7,0.0
2022,INDIANA,WARRICK,74.09998438555628,0.0563601504925426,9317.22792,34.12904,3502.41528,12.82936,0.0,0.0,13827.538085826587,6.346226545281581,16526.66106,60.53722,31900.0,0.0,32600.0,5713000.0,0.0,179.1,0.0
2022,INDIANA,WASHINGTON,16.283652894218314,0.0123802477589826,10832.60724,39.67988,5208.39774,19.07838,0.0,0.0,19422.36396246818,9.594694845113732,23235.15012,85.11044,38300.0,0.0,38800.0,6894000.0,0.0,180.0,0.0
2022,INDIANA,WAYNE,13.299294575323136,0.010120185861098,16482.69714,60.37618,6283.91946,23.01802,0.0,0.0,14374.486440606124,6.5972515756561405,34600.920900000005,126.7433,57900.0,0.0,59300.0,10497000.0,0.0,181.3,0.0
2022,INDIANA,WELLS,96.339337571246,0.0732801261332585,20768.174700000003,76.0739,6886.04826,25.22362,0.0,0.0,13616.735075329443,6.72670011163461,38147.48028,139.73436,76500.0,0.0,78300.0,14566000.0,0.0,190.4,0.0
2022,INDIANA,WHITE,228.18048354813516,0.1735802177566157,28800.65916,105.49692,12987.0468,47.5716,0.0,0.0,19017.85007027936,8.728349486442749,69843.74669999999,255.8379,120700.0,0.0,123000.0,21871000.0,0.0,181.2,0.0
2022,INDIANA,WHITLEY,79.87330087921175,0.06074013895364,15882.47388,58.17756,5609.21634,20.54658,0.0,0.0,12517.140987226074,5.744812410648128,31536.08094,115.51678,56300.0,0.0,57600.0,10511000.0,0.0,186.7,0.0
2022,IOWA,ADAIR,646.2669468741838,0.4916801584837381,23623.43256,86.53272,9551.95878,34.988859999999995,0.0,0.0,21393.65698281213,9.818739460507151,50072.95566000001,183.41742,105100.0,0.0,110500.0,17257000.0,0.0,164.2,0.0
2022,IOWA,ALLAMAKEE,105.1269319861797,0.079980314200946,13075.378680000002,47.89516,7261.28676,26.59812,0.0,0.0,23809.345558809917,11.76187438048682,39463.92996,144.55651999999998,76200.0,14200.0,90900.0,16452000.0,320000.0,215.9,22.5
2022,IOWA,APPANOOSE,1120.8934772085006,0.8527601957085428,14062.21362,51.50994,6397.0179,23.4323,0.0,0.0,18932.389397925406,9.35264622334246,30394.5915,111.3355,28300.0,1350.0,30000.0,4135000.0,23600.0,146.1,17.5
2022,IOWA,AUDUBON,152.9001601182238,0.1163402058884897,23420.51712,85.78944,8975.49198,32.87726,0.0,0.0,16613.556260667126,8.207137036524424,51689.84730000001,189.34009999999995,107100.0,0.0,110500.0,21195000.0,0.0,197.9,0.0
2022,IOWA,BENTON,582.6080026478354,0.4432602863966871,38630.1825,141.50250000000003,15635.6928,57.2736,0.0,0.0,26817.561509225765,12.30807101547726,84855.51984,310.82608,180400.0,6830.0,188000.0,39995000.0,174000.0,221.7,25.5
2022,IOWA,BLACK HAWK,269.1883325579135,0.2048002495616012,30415.97832,111.41384,12649.05096,46.33352,0.0,0.0,19883.85163966424,9.12580578804709,69886.00164,255.99268,131900.0,0.0,134000.0,26700000.0,0.0,202.4,0.0
2022,IOWA,BOONE,164.60377674064458,0.125220263062589,30679.70724,112.37988,12241.21626,44.83962,0.0,0.0,21325.288451756416,9.787361337810644,69705.10092000001,255.33004,150900.0,0.0,152500.0,30542000.0,0.0,202.4,0.0
2022,IOWA,BREMER,171.21599870566357,0.1302402016190106,22270.24254,81.57598,9713.34546,35.58002,0.0,0.0,16191.950239963377,7.998862641021788,52924.7355,193.8635,110900.0,3160.0,114500.0,23378000.0,76000.0,210.8,24.0
2022,IOWA,BUCHANAN,346.9790011920844,0.2639802776126491,31839.198300000004,116.6271,14200.1769,52.0153,0.0,0.0,21325.28845233748,10.534744152647631,77418.63948,283.58476,166800.0,3060.0,170500.0,34978000.0,67000.0,209.7,22.0
2022,IOWA,BUENA VISTA,144.79999887242275,0.1101602703822484,28829.66814,105.60318,10492.11072,38.43264,0.0,0.0,21536.091450051317,10.63888134415573,69105.80586000001,253.13482,158500.0,0.0,162000.0,31210000.0,0.0,196.9,0.0
2022,IOWA,BUTLER,258.6077505485228,0.1967602425521402,33177.71184,121.53008,13620.870899999998,49.8933,0.0,0.0,21803.868260517964,10.007008238621676,76048.29414,278.56518,157500.0,3740.0,162000.0,33453000.0,80000.0,212.4,21.5
2022,IOWA,CALHOUN,155.0694169245862,0.1179802636358526,34463.15964,126.23868,12982.17102,47.55374,0.0,0.0,21313.89368784037,9.782131646683242,77348.4348,283.3276,173300.0,0.0,175500.0,35059000.0,0.0,202.3,0.0
2022,IOWA,CARROLL,161.65412144105315,0.1230002795450708,31854.14232,116.68184,12413.09706,45.46922,0.0,0.0,21336.683201145992,10.540373186161045,72947.0469,267.2053,173200.0,0.0,176000.0,33895000.0,0.0,195.7,0.0
2022,IOWA,CASS,347.36971296031373,0.2642602497450038,27758.76558,101.68046,11493.96612,42.10244,0.0,0.0,21125.88019369941,10.436235989844947,61566.179220000005,225.51714,123000.0,0.0,127500.0,22042000.0,0.0,179.2,0.0
2022,IOWA,CEDAR,243.157579880325,0.1849802754399184,30611.642880000003,112.13056,13745.18964,50.34868,0.0,0.0,21707.012815822607,10.72331691287716,73148.78844,267.94428,147300.0,0.0,149500.0,32612000.0,0.0,221.4,0.0
2022,IOWA,CERRO GORDO,492.72384520478727,0.3748402242779737,30895.5465,113.1705,12206.375999999998,44.712,0.0,0.0,21296.80154944743,10.52067155361486,73366.20018,268.74066,160200.0,0.0,163500.0,34747000.0,0.0,216.9,0.0
2022,IOWA,CHEROKEE,74.38856152092426,0.0566002782690167,24955.82544,91.41328,9078.342,33.254000000000005,0.0,0.0,21655.73641531553,9.939022293300807,62213.90994,227.88978,135000.0,0.0,147500.0,26830000.0,0.0,198.7,0.0
2022,IOWA,CHICKASAW,175.401427625421,0.1334402309780385,22764.22512,83.38544,9535.109219999998,34.92714,0.0,0.0,18892.507747679498,8.670822920976562,53005.3797,194.1589,139400.0,0.0,146000.0,29915000.0,0.0,214.6,0.0
2022,IOWA,CLAY,340.8397984238553,0.2593202684305097,27087.31116,99.22092,9632.55384,35.28408,0.0,0.0,21234.1303879296,9.745523830592552,63778.74048000001,233.62176,137600.0,10300.0,149000.0,26341000.0,185000.0,191.4,18.0
2022,IOWA,CLAYTON,210.47951281058,0.1601403857025252,21528.37596,78.85852,12314.66964,45.10868,0.0,0.0,29227.552684598995,14.438481825390282,66079.27872,242.04864,128400.0,7460.0,136500.0,27657000.0,198000.0,215.4,26.5
2022,IOWA,CLINTON,233.0062424318513,0.1772802816678381,34487.03076,126.32612,16892.726759999998,61.87812,0.0,0.0,25894.586151928364,12.791988284658196,87738.39984,321.38608,180000.0,0.0,184000.0,40536000.0,0.0,225.2,0.0
2022,IOWA,CRAWFORD,200.96074156897296,0.1528803489298833,36056.5842,132.0754,13984.82904,51.22648,0.0,0.0,26743.495580305527,12.274078039916676,84353.22168,308.98616,198300.0,0.0,202500.0,42912000.0,0.0,216.4,0.0
2022,IOWA,DALLAS,396.0582115132516,0.3013202448984572,31000.340280000004,113.55436000000002,12682.5153,46.4561,0.0,0.0,21330.98583059125,9.789976181940938,68781.65658,251.94746,128200.0,0.0,130000.0,23999000.0,0.0,187.2,0.0
2022,IOWA,DAVIS,791.9469055015296,0.602500224578559,15017.03658,55.00746,6714.68616,24.59592,0.0,0.0,18881.11299208712,8.665593233669359,31704.030540000003,116.13198,39800.0,3210.0,43600.0,6165000.0,59000.0,154.9,18.5
2022,IOWA,DECATUR,1481.6895394522708,1.1272401391814997,15445.286220000002,56.57614,6748.41258,24.71946,0.0,0.0,20031.98348355928,9.193791732767924,32605.28544,119.43328,30400.0,0.0,32300.0,4520000.0,0.0,148.7,0.0
2022,IOWA,DELAWARE,201.2270027413328,0.1530802831687385,23358.742680000003,85.56316,12843.14304,47.04448,0.0,0.0,21667.13116499564,9.944251977894542,66670.7223,244.2151,161400.0,15700.0,178000.0,37251000.0,267000.0,230.8,17.0
2022,IOWA,DES MOINES,421.0069069821977,0.3202801603557492,18510.04428,67.80236000000001,8320.537680000001,30.47816,0.0,0.0,15525.356939820897,7.125450078308223,43046.57994,157.67978,68700.0,920.0,69900.0,13383000.0,17900.0,194.8,19.5
2022,IOWA,DICKINSON,213.82481684454757,0.1626801943549762,16928.38056,62.00872,6004.7715,21.9955,0.0,0.0,14727.723919214042,7.275531291711199,39374.4078,144.2286,91200.0,0.0,94100.0,18550000.0,0.0,203.4,0.0
2022,IOWA,DUBUQUE,182.44670471744507,0.1388002898418295,20304.9756,74.3772,13709.66688,50.21856,0.0,0.0,22031.76340025636,10.11160199756644,71503.40652,261.91724,133700.0,10700.0,145000.0,29909000.0,246000.0,223.7,23.0
2022,IOWA,EMMET,334.4260602406859,0.2544201358580852,20484.19464,75.03368,7581.82698,27.77226,0.0,0.0,15023.987606277811,6.895343796642462,49543.03536,181.47632,108700.0,0.0,110500.0,23219000.0,0.0,213.6,0.0
2022,IOWA,FAYETTE,339.1500459339508,0.2580203623218581,29004.5847,106.2439,12998.283479999998,47.61276,0.0,0.0,27677.86569338416,13.672932697854556,71766.10350000001,262.8795,176800.0,6430.0,184000.0,37093000.0,154000.0,209.8,24.0
2022,IOWA,FLOYD,231.08964117537224,0.1758002088416321,25754.96196,94.34052,10543.81692,38.62204,0.0,0.0,18710.19162714384,9.242879986336844,59981.8947,219.7139,137300.0,2610.0,140500.0,28092000.0,61000.0,204.6,23.5
2022,IOWA,FRANKLIN,359.49559071372687,0.273500241231413,34161.0087,125.1319,13846.10682,50.71834,0.0,0.0,21803.868248896782,10.771163731433017,79366.30338,290.71906,186100.0,0.0,188500.0,40961000.0,0.0,220.1,0.0
2022,IOWA,FREMONT,858.3884451844596,0.6530602251054537,28210.04004,103.33348,12463.1052,45.6524,0.0,0.0,19405.27182494683,9.58625128777514,63453.23166,232.42942,111100.0,0.0,113000.0,21287000.0,0.0,191.6,0.0
2022,IOWA,GREENE,205.43731847996995,0.1563002703929843,33917.6838,124.2406,13387.641540000002,49.03898,0.0,0.0,21507.604563430923,10.624808753160206,76139.76006,278.90022,161000.0,0.0,165000.0,31765000.0,0.0,197.3,0.0
2022,IOWA,GRUNDY,136.38054777975253,0.1037602314227428,30815.322720000004,112.87664,12478.25124,45.70788,0.0,0.0,18590.546679020863,9.183775092142824,69623.87796,255.03252,153800.0,0.0,155500.0,31914000.0,0.0,207.5,0.0
2022,IOWA,GUTHRIE,295.8029517224856,0.2250202459322645,27710.38452,101.50324,11482.745819999998,42.06134,0.0,0.0,22271.05331378882,11.001954285172806,62792.6481,230.0097,103900.0,0.0,106500.0,20115000.0,0.0,193.6,0.0
2022,IOWA,HAMILTON,252.057134608098,0.1917602553067361,35349.121080000004,129.48396000000002,14066.90376,51.52712,0.0,0.0,21564.57834408022,10.652953938811072,81498.73914,298.53018,179100.0,0.0,181000.0,37360000.0,0.0,208.6,0.0
2022,IOWA,HANCOCK,366.2572796558218,0.2786602058836191,31516.77984,115.44608,12326.0865,45.1505,0.0,0.0,21724.104959009288,9.970400421797615,75505.9851,276.5787,168400.0,0.0,170500.0,35617000.0,0.0,211.5,0.0
2022,IOWA,HARDIN,251.24197187460092,0.1911202457428681,34117.328700000005,124.9719,14250.09768,52.19816,0.0,0.0,21023.32737873984,9.648774601305195,80558.27598,295.08526,172200.0,0.0,174000.0,37126000.0,0.0,215.6,0.0
2022,IOWA,HARRISON,410.5719924235185,0.3123603166194906,36693.23658,134.40746,18315.4608,67.08959999999999,0.0,0.0,26116.783931861617,12.901754526184767,96378.9645,353.03650000000005,172200.0,0.0,176000.0,29687000.0,0.0,172.4,0.0
2022,IOWA,HENRY,692.6075201515399,0.5269401409838073,20265.46704,74.23248000000001,9168.7869,33.585300000000004,0.0,0.0,16340.082095189073,7.499372780673148,46060.76202,168.72074,77100.0,0.0,78300.0,12930000.0,0.0,167.7,0.0
2022,IOWA,HOWARD,149.11584571927847,0.1134602244584946,20974.590000000004,76.83000000000001,8279.77878,30.32886,0.0,0.0,17838.492684879988,8.187076766806053,47555.79192,174.19704000000002,129200.0,4710.0,134500.0,28065000.0,113000.0,217.2,24.0
2022,IOWA,HUMBOLDT,221.65217825678525,0.1686401989298194,26356.64304,96.54448,10099.13814,36.99318,0.0,0.0,16476.819174005952,8.139588584489486,59567.4261,218.1957,126300.0,0.0,128000.0,24692000.0,0.0,195.5,0.0
2022,IOWA,IDA,63.26934174489886,0.0481202111947578,19918.52226,72.96162,7395.340679999999,27.08916,0.0,0.0,16129.27907771922,7.967902935062039,48862.48458,178.98345999999998,118400.0,3000.0,122500.0,26190000.0,62000.0,221.2,20.5
2022,IOWA,IOWA,707.6841011160591,0.5383802090231261,26830.5492,98.2804,12187.44072,44.64264,0.0,0.0,22031.76339633422,10.883744486307643,63530.19582,232.71134,119000.0,2370.0,122000.0,24502000.0,46200.0,205.9,19.5
2022,IOWA,JACKSON,205.1607241374064,0.156080285899974,22072.68336,80.85232,13455.94068,49.28916,0.0,0.0,23940.385260099345,11.826608310347083,70540.18608,258.38896,111100.0,0.0,114500.0,24353000.0,0.0,219.2,0.0
2022,IOWA,JASPER,770.0636598959867,0.5858402738519207,38350.95264,140.47968,16066.596,58.852,0.0,0.0,26994.180237416964,13.335190426485132,86182.37082,315.68634,169900.0,0.0,173000.0,34592000.0,0.0,203.6,0.0
2022,IOWA,JEFFERSON,565.652683441225,0.4303601507900002,17862.26442,65.42954,7795.558680000001,28.55516,0.0,0.0,16528.095590637415,7.585662634172699,37947.58968,139.00216,65500.0,0.0,69800.0,11659000.0,0.0,178.0,0.0
2022,IOWA,JOHNSON,493.5616946597154,0.3754802579248735,24259.8993,88.8641,11091.39486,40.62782,0.0,0.0,22094.434572959577,10.140365285533134,55585.87944,203.61128000000005,98000.0,1510.0,99900.0,20110000.0,31000.0,205.2,20.5
2022,IOWA,JONES,244.5875580125461,0.1860802680023803,24390.41514,89.34218,12691.43694,46.48878,0.0,0.0,21473.42029841149,9.855347283798208,66015.24384,241.81408,144600.0,3280.0,148500.0,31552000.0,71000.0,218.2,21.5
2022,IOWA,KEOKUK,887.1085757711897,0.6749201911129057,27760.87314,101.68818,12356.3349,45.261300000000006,0.0,0.0,21712.71020192068,9.965170733803706,62680.70718,229.59966,114600.0,2350.0,118500.0,19528000.0,44700.0,170.4,19.0
2022,IOWA,KOSSUTH,1031.625968519067,0.7848404429125964,53257.92108,195.08396,20394.79806,74.70622,0.0,0.0,37220.97499971703,17.082776277187588,128063.55744,469.09728,287500.0,0.0,292000.0,56569000.0,0.0,196.8,0.0
2022,IOWA,LEE,381.45516017715823,0.2902202085945378,17813.21724,65.24988,8119.25478,29.74086,0.0,0.0,19581.89056708345,9.673501374222052,40086.03144,146.83528,70900.0,1360.0,72600.0,12634000.0,25200.0,178.2,18.5
2022,IOWA,LINN,383.1080423346417,0.2914602128904511,30753.71208,112.65096,13462.59096,49.31352,0.0,0.0,24327.807014621543,12.01799559554997,70619.67822,258.68014,137400.0,0.0,143000.0,29541000.0,0.0,215.0,0.0
2022,IOWA,LOUISA,623.4268153060095,0.4743001906250354,21879.5031,80.1447,10121.90634,37.07658,0.0,0.0,15314.553928742696,7.565426737922737,51491.94414,188.61518,77000.0,0.0,78000.0,15115000.0,0.0,196.3,0.0
2022,IOWA,LUCAS,695.1529120230765,0.5288601787341702,12653.03676,46.34812,5508.27186,20.17682,0.0,0.0,16197.647618420518,7.434001674708997,26947.60614,98.70918,29400.0,0.0,31600.0,4101000.0,0.0,139.5,0.0
2022,IOWA,LYON,118.07971553089205,0.0898202567672078,21011.5815,76.9655,9231.00906,33.81322,0.0,0.0,21969.092239029065,10.85278478278777,60419.59014,221.31718,148500.0,20200.0,182500.0,28334000.0,475000.0,190.8,23.5
2022,IOWA,MADISON,721.4834255143853,0.5488801552192444,20251.09632,74.17984,8599.030439999999,31.49828,0.0,0.0,21085.998544325084,9.677537886005055,42330.14604,155.05548000000002,68000.0,0.0,69300.0,11349000.0,0.0,166.9,0.0
2022,IOWA,MAHASKA,591.0869546516867,0.4497002572837869,28299.0981,103.65970000000002,12568.53234,46.03858,0.0,0.0,21575.97311002997,10.6585829807923,65255.626800000005,239.0316,124700.0,0.0,127500.0,23232000.0,0.0,186.3,0.0
2022,IOWA,MARION,349.539544701834,0.2659202214923059,20820.21396,76.26452,9033.864839999998,33.09108,0.0,0.0,20516.26067420622,9.416053479109324,45231.81936,165.68432,73200.0,0.0,74800.0,12825000.0,0.0,175.2,0.0
2022,IOWA,MARSHALL,412.0808452222716,0.3134802229049701,32938.6239,120.65430000000002,13065.92196,47.86052,0.0,0.0,21125.88019631417,10.43623599113665,72392.84052000001,265.17524,139900.0,8920.0,149500.0,29953000.0,210000.0,214.1,23.5
2022,IOWA,MILLS,468.6080974587832,0.3565201980952915,23427.3858,85.8146,10092.73356,36.96972,0.0,0.0,16191.950242432877,7.998862642241728,53254.08816,195.06992,95000.0,0.0,95900.0,18155000.0,0.0,191.1,0.0
2022,IOWA,MITCHELL,201.47003564380776,0.1532801889077201,22540.56714,82.56618,9262.63338,33.92906,0.0,0.0,17912.558605810656,8.221069738699779,54944.71164,201.26268,139700.0,7630.0,148000.0,30441000.0,168000.0,217.9,22.0
2022,IOWA,MONONA,413.00649139783104,0.3142203133701615,35920.91412,131.57844,19396.5408,71.0496,0.0,0.0,26287.705292984432,12.064890518426967,103920.24552,380.66024,163900.0,0.0,167000.0,27634000.0,0.0,168.6,0.0
2022,IOWA,MONROE,436.2503256087711,0.331900155503412,12271.35546,44.95002,5326.25184,19.51008,0.0,0.0,16106.489568524592,7.392164173884566,25810.74132,94.54484,22600.0,470.0,23500.0,3286000.0,8000.0,145.4,17.0
2022,IOWA,MONTGOMERY,376.2760734837224,0.2862801852320132,21130.8006,77.4022,8798.3805,32.2285,0.0,0.0,15525.356943670417,7.669563937934532,45681.74520000001,167.3324,90600.0,0.0,92000.0,17015000.0,0.0,187.8,0.0
2022,IOWA,MUSCATINE,327.9242331228118,0.2494801827086288,20767.44852,76.07124,9887.1591,36.2167,0.0,0.0,16436.93752230739,7.543825124887833,50510.61288000001,185.02056,87200.0,1410.0,89000.0,18582000.0,35000.0,213.1,25.0
2022,IOWA,O BRIEN,208.06825408461367,0.1583002535681477,25630.56678,93.88486,9344.1894,34.2278,0.0,0.0,21348.077964771503,9.797820713265097,64927.14774,237.82838,150600.0,12700.0,167000.0,30288000.0,292000.0,201.1,23.0
2022,IOWA,OSCEOLA,137.33416300978303,0.10448014480687,17936.61324,65.70188,6713.68152,24.59224,0.0,0.0,15365.830339127771,7.590757408862091,45272.72022,165.83414000000002,110300.0,0.0,119000.0,21785000.0,0.0,197.5,0.0
2022,IOWA,PAGE,736.802641752029,0.5605602136465521,25914.4431,94.9247,10634.010660000002,38.95242,0.0,0.0,19957.91756582443,9.15979876234094,53905.43886,197.45582,113600.0,0.0,115500.0,19823000.0,0.0,174.5,0.0
2022,IOWA,PALO ALTO,380.0484761388776,0.2891402606226944,30013.66368,109.94016,11237.95764,41.16468,0.0,0.0,21667.13116557669,9.94425197816122,71679.93378,262.56386000000003,162100.0,2780.0,166500.0,31740000.0,58000.0,195.8,21.0
2022,IOWA,PLYMOUTH,163.39091385210477,0.1243003880910271,36484.9485,133.6445,14937.009360000002,54.71432,0.0,0.0,32514.94019356368,16.06245921800354,97078.94742,355.60054,200500.0,0.0,232000.0,34446000.0,0.0,171.8,0.0
2022,IOWA,POCAHONTAS,141.87787572679335,0.1079402585896792,31937.43462,116.98694,11782.11216,43.15792,0.0,0.0,21518.9993256038,9.87626603524048,72215.6253,264.5261,172000.0,0.0,175000.0,34092000.0,0.0,198.2,0.0
2022,IOWA,POLK,285.811252101048,0.2174401797234241,23188.54902,84.93974,9779.95746,35.824020000000004,0.0,0.0,16647.74053934145,8.224024152995632,52153.22658,191.03746,71000.0,0.0,71700.0,13391000.0,0.0,188.6,0.0
2022,IOWA,POTTAWATTAMIE,509.3717816031229,0.3875203490713914,49659.16956,181.90172,21678.2475,79.4075,0.0,0.0,34793.89167883287,15.9688527064839,115371.68916,422.60692,232000.0,0.0,235500.0,45240000.0,0.0,195.0,0.0
2022,IOWA,POWESHIEK,606.4769582572088,0.4614002699132113,27866.09826,102.07362,11471.569200000002,42.0204,0.0,0.0,21906.421069812204,10.821825073383486,60129.10176,220.25312,136800.0,0.0,139500.0,26443000.0,0.0,193.3,0.0
2022,IOWA,RINGGOLD,1864.792244045242,1.4187401538278257,18293.82282,67.01034000000001,8022.62916,29.38692,0.0,0.0,20299.76028066157,9.316689403158213,39046.48566,143.02742,52000.0,0.0,53000.0,7894000.0,0.0,151.8,0.0
2022,IOWA,SAC,124.60268244170322,0.0947802824033191,29633.21088,108.54656,10850.035559999998,39.74372,0.0,0.0,21507.604557475068,10.624808750217998,68110.00014,249.48718,158300.0,0.0,164500.0,33623000.0,0.0,212.4,0.0
2022,IOWA,SCOTT,252.21293255365,0.1918601795211866,21221.26188,77.73356000000001,10503.5385,38.4745,0.0,0.0,15690.580919203583,7.201280554953248,55703.182080000006,204.04096,101900.0,0.0,104500.0,22031000.0,0.0,216.2,0.0
2022,IOWA,SHELBY,189.6213168904437,0.1442602631804599,32258.96856,118.16472,13529.71074,49.55938,0.0,0.0,22145.710982908862,10.163898882905787,77166.63864,282.66168,164200.0,0.0,167000.0,34318000.0,0.0,209.0,0.0
2022,IOWA,SIOUX,138.23488582505925,0.1051803614152835,28608.7347,104.7939,13167.01386,48.23082,0.0,0.0,28338.761608881214,13.006234375664548,85715.2842,313.9754,154300.0,55600.0,246000.0,30335000.0,1048000.0,196.6,19.0
2022,IOWA,STORY,338.3522435287246,0.257420217536466,33364.06710000001,122.2127,13540.98564,49.60068,0.0,0.0,20573.23445456498,9.442201916745407,76630.26461999999,280.69694,156100.0,0.0,158000.0,32328000.0,0.0,207.1,0.0
2022,IOWA,TAMA,478.7004910883128,0.3641803154373927,38375.75742,140.57054,15832.443900000002,57.9943,0.0,0.0,26982.78548846319,13.32956139289996,86633.55246,317.33901999999995,167600.0,0.0,170500.0,34073000.0,0.0,203.3,0.0
2022,IOWA,TAYLOR,1215.5398814012715,0.9247802124758682,20829.72528,76.29936,8255.165099999998,30.2387,0.0,0.0,20037.68086166779,9.19640657656487,40482.274560000005,148.28672,79400.0,0.0,80900.0,13665000.0,0.0,172.1,0.0
2022,IOWA,UNION,1010.3250281925648,0.7686400961326941,14941.41012,54.73044,6490.04538,23.77306,0.0,0.0,15992.541994980198,7.339867292725433,32351.80494,118.50478,52300.0,1200.0,54500.0,7814000.0,23400.0,149.4,19.5
2022,IOWA,VAN BUREN,615.8608629248611,0.468540148655349,13188.86478,48.310860000000005,5792.86344,21.21928,0.0,0.0,18180.33541409833,8.981129733598134,27354.168660000003,100.19842,51300.0,2180.0,54200.0,7792000.0,36000.0,151.9,16.5
2022,IOWA,WAPELLO,460.8851948461921,0.3506401897380537,13546.14534,49.61958,5998.12122,21.97114,0.0,0.0,16089.397428635428,7.384319639940271,28596.82644,104.75028,54200.0,670.0,55500.0,9257000.0,12400.0,170.8,18.5
2022,IOWA,WARREN,548.3682611721465,0.4171802089269477,19293.59796,70.67252,8263.0548,30.2676,0.0,0.0,21029.02474871352,9.651389441368613,40114.55994,146.93977999999998,59200.0,0.0,60800.0,9342000.0,0.0,157.8,0.0
2022,IOWA,WASHINGTON,877.8788356193241,0.6678801896579937,28117.89162,102.99594,12735.79398,46.65126,0.0,0.0,21120.182805567627,10.433421466306816,64385.31918,235.84366,112300.0,1460.0,114500.0,20854000.0,31400.0,185.7,21.5
2022,IOWA,WAYNE,1207.8283125938788,0.9189001800857356,17388.80052,63.69524,7882.44912,28.87344,0.0,0.0,19741.41716283757,9.752307898952942,38002.59372,139.20364,54300.0,0.0,55500.0,9236000.0,0.0,170.1,0.0
2022,IOWA,WEBSTER,227.73405429103784,0.1732603227014501,42016.0377,153.9049,15885.08922,58.18714,0.0,0.0,26378.86334693325,13.031222392076756,93287.38146,341.71201999999994,192400.0,0.0,195000.0,38769000.0,0.0,201.5,0.0
2022,IOWA,WINNEBAGO,233.33902825900157,0.1775201670900346,21722.34792,79.56904,8738.17308,32.00796,0.0,0.0,15183.51421176467,6.968559431423976,54394.00512,199.24544,113400.0,0.0,115000.0,24666000.0,0.0,217.5,0.0
2022,IOWA,WINNESHIEK,197.81187747721623,0.1505003331526932,21710.20488,79.52456,10968.55578,40.17786,0.0,0.0,25774.941211504425,12.732883394267516,60871.66722,222.97314,140600.0,15800.0,157500.0,29863000.0,332000.0,212.4,21.0
2022,IOWA,WOODBURY,392.7831463801582,0.2988003646174204,40927.86516,149.91892,17788.576259999998,65.15962,0.0,0.0,31888.228534951235,14.635282228435518,107134.71678,392.43486,178200.0,12900.0,199000.0,35676000.0,245000.0,200.2,19.0
2022,IOWA,WORTH,332.5523809756219,0.2530201398776469,22237.22592,81.45504,8446.63638,30.94006000000001,0.0,0.0,15325.948681182826,7.571055773230177,50655.75060000001,185.5522,110600.0,0.0,112000.0,24267000.0,0.0,219.4,0.0
2022,IOWA,WRIGHT,519.2244002936338,0.3950202032998096,35557.19622,130.24614,13647.3519,49.9903,0.0,0.0,21678.5259206316,9.94948166522175,79710.7584,291.9808,171500.0,0.0,173500.0,35964000.0,0.0,209.7,0.0
2022,KANSAS,ALLEN,3592.07314999902,2.7328001706485665,18870.1695,69.1215,6577.563720000001,24.09364,0.0,0.0,18812.744449221373,9.2935413288614,21444.8598,78.5526,30800.0,0.0,31700.0,2039000.0,0.0,66.2,0.0
2022,KANSAS,ANDERSON,4238.421228514731,3.224540164747067,19622.65578,71.87786,7274.33616,26.64592,0.0,0.0,21986.184366817677,10.861228335318364,27048.91098,99.08026,39400.0,0.0,40600.0,2971000.0,0.0,75.4,0.0
2022,KANSAS,ATCHISON,655.0830947075686,0.4983801163411749,18166.99248,66.54576,7847.45052,28.74524,0.0,0.0,16271.713543215232,8.038265906042396,35218.042859999994,129.00382000000002,62900.0,0.0,64200.0,9146000.0,0.0,145.4,0.0
2022,KANSAS,BARBER,225.0662593025297,0.1712004709894828,7361.00274,26.96338,4321.38798,15.82926,0.0,0.0,42639.182126668224,19.56949297856025,22854.62088,83.71656,3350.0,0.0,4500.0,599000.0,0.0,178.8,0.0
2022,KANSAS,BARTON,431.7851821013279,0.3285003549996584,19617.71448,71.85976000000001,11571.7329,42.3873,0.0,0.0,33090.37543975735,15.187014326460153,62353.01436000001,228.39932,24900.0,0.0,29500.0,3250000.0,0.0,130.5,0.0
2022,KANSAS,BOURBON,4871.03102463933,3.705800084507306,17318.03346,63.43602,6019.5681,22.0497,0.0,0.0,23951.78002808281,10.992804451341188,19105.58286,69.98382,10900.0,0.0,12400.0,957000.0,0.0,87.8,0.0
2022,KANSAS,BROWN,1535.6101605065555,1.1682801405935588,29251.78074,107.14938,12417.678,45.486,0.0,0.0,21393.656993125933,10.568518377409283,58873.26354,215.65298,119200.0,0.0,122000.0,23456000.0,0.0,196.8,0.0
2022,KANSAS,BUTLER,302.3488172167057,0.2300206047961241,7123.2197400000005,26.09238000000001,4087.44882,14.97234,0.0,0.0,53162.24058126157,26.26227562439863,16911.61836,61.94732,58400.0,0.0,69500.0,4111000.0,0.0,70.4,0.0
2022,KANSAS,CHASE,14.407254210789564,0.0109603888603238,2081.03532,7.62284,1102.89816,4.03992,0.0,0.0,29466.84260369509,14.556691625066346,4148.99394,15.19778,5110.0,0.0,7600.0,548000.0,0.0,107.2,0.0
2022,KANSAS,CHAUTAUQUA,45.87573036309152,0.0349003081408488,439.87944,1.61128,1203.58056,4.40872,0.0,0.0,24276.53061125276,11.14185056198769,3226.12836,11.81732,2690.0,0.0,3100.0,78800.0,0.0,29.3,0.0
2022,KANSAS,CHEROKEE,3138.001048002345,2.387340101130729,14351.15682,52.56834,8459.70216,30.98792,0.0,0.0,21912.11845765345,10.824639596778097,24224.85156,88.73572,50300.0,0.0,55900.0,1901000.0,0.0,37.8,0.0
2022,KANSAS,CHEYENNE,0.986307089829454,0.0007605005110546,11593.15794,42.46578,7753.877039999999,28.40248,0.0,0.0,37927.44995232795,17.407016938830147,45801.67956,167.77172,60700.0,0.0,78800.0,6619000.0,0.0,109.0,0.0
2022,KANSAS,CLAY,863.8765268949601,0.6572202291084089,11658.8745,42.706500000000005,5912.72682,21.65834,0.0,0.0,24094.214493433552,11.902600324241565,24139.41894,88.42278,50900.0,0.0,52100.0,7752000.0,0.0,152.3,0.0
2022,KANSAS,CLOUD,565.707869329578,0.4303803124338132,13928.53098,51.02026,7644.94458,28.00346,0.0,0.0,26857.443154242148,12.326374921255823,32080.300980000004,117.51026,54600.0,0.0,56300.0,6317000.0,0.0,115.7,0.0
2022,KANSAS,COFFEY,1776.6104045892764,1.351640289868728,13938.5883,51.057100000000005,4076.58342,14.93254,0.0,0.0,23985.9642981865,11.849124465570268,14317.28844,52.44428,27500.0,0.0,28400.0,2283000.0,0.0,83.0,0.0
2022,KANSAS,COWLEY,701.5200987431225,0.5337005472315909,4758.23712,17.42944,3522.53538,12.90306,0.0,0.0,42149.20756488548,20.82181063695006,11371.8969,41.6553,23300.0,0.0,26500.0,1298000.0,0.0,55.7,0.0
2022,KANSAS,DICKINSON,1158.440672100201,0.881340315488657,9411.19998,34.47326,5038.98486,18.45782,0.0,0.0,31717.307186030648,14.55683691192708,16831.6239,61.6543,15800.0,0.0,21700.0,1815000.0,0.0,114.9,0.0
2022,KANSAS,DONIPHAN,897.8806633532712,0.6830801481601139,23393.49012,85.69044,10334.92278,37.85686,0.0,0.0,14807.487221739571,6.7959797248248925,49797.44406,182.40822,86600.0,0.0,88300.0,16915000.0,0.0,195.3,0.0
2022,KANSAS,DOUGLAS,1812.2917390823216,1.378760063790894,13832.0637,50.666900000000005,6431.02278,23.55686,0.0,0.0,16379.963737154894,8.09174176406784,26731.60308,97.91796,23200.0,0.0,24500.0,2578000.0,0.0,111.1,0.0
2022,KANSAS,EDWARDS,152.40168857509576,0.1159602312909519,19898.59326,72.88862,17572.218299999997,64.36710000000001,0.0,0.0,23347.85788021932,11.533898349380978,78827.00826,288.74362,66200.0,0.0,73900.0,9745000.0,0.0,147.2,0.0
2022,KANSAS,ELK,170.6970238464433,0.1298602881228958,766.12536,2.80632,1337.73822,4.90014,0.0,0.0,24418.96506877373,12.063027895117347,4256.98182,15.59334,4510.0,0.0,4600.0,369000.0,0.0,81.8,0.0
2022,KANSAS,ELLIS,3.2459507519608226,0.0024804448427328,6706.7091,24.5667,2999.46192,10.98704,0.0,0.0,33848.12681229726,16.721056637095057,21589.96476,79.08411999999998,3050.0,0.0,8900.0,224000.0,0.0,73.4,0.0
2022,KANSAS,FINNEY,265.37002249706575,0.2019005514163125,37429.70322,137.10514,31888.42566,116.80742,0.0,0.0,48325.16606582925,23.872749096714728,165974.07918000003,607.9636599999999,92200.0,0.0,121000.0,13609000.0,0.0,147.6,0.0
2022,KANSAS,FORD,202.27436996171443,0.1538805135404035,21526.53048,78.85176000000001,15683.72442,57.44954,0.0,0.0,41038.21872143668,18.834721799682136,84936.71549999999,311.12350000000004,34900.0,0.0,44600.0,6282000.0,0.0,180.0,0.0
2022,KANSAS,GEARY,196.5036998455596,0.1495201354612614,2291.4910200000004,8.39374,1154.18394,4.22778,0.0,0.0,13981.367310880703,6.416827335199433,4252.0023,15.5751,12000.0,0.0,12300.0,1804000.0,0.0,150.3,0.0
2022,KANSAS,GOVE,1.3359364331235335,0.0010205323145962,8368.14888,30.65256,4538.91984,16.626079999999998,0.0,0.0,40337.44114193714,18.51309597954307,36230.00472,132.71064,50900.0,0.0,110000.0,2957000.0,0.0,58.1,0.0
2022,KANSAS,GRAHAM,2.2473699393665063,0.001720442166969,8669.0058,31.7546,4946.66172,18.11964,0.0,0.0,33506.28408633285,15.377897944131403,30585.56592,112.03504,46300.0,0.0,62900.0,2440000.0,0.0,52.7,0.0
2022,KANSAS,GRANT,438.29244854325714,0.333460235231113,21497.9037,78.74690000000001,18431.485799999995,67.5146,0.0,0.0,21479.11767291744,9.85796212594174,93608.14008,342.88696,35200.0,0.0,54600.0,8029000.0,0.0,228.1,0.0
2022,KANSAS,GRAY,106.6375763149016,0.0811403959446462,31150.45752,114.10424,26952.4983,98.7271,0.0,0.0,32731.440591611543,15.022279154718742,141746.53038,519.21806,63700.0,0.0,81400.0,12543000.0,0.0,196.9,0.0
2022,KANSAS,GREELEY,5.390813213629874,0.004100385326597,10120.71606,37.07222,5947.7964,21.7868,0.0,0.0,29199.06580338245,13.40107583495202,46338.12456,169.73672,35600.0,0.0,43600.0,1812000.0,0.0,50.9,0.0
2022,KANSAS,GREENWOOD,144.10240575851336,0.1096205666686844,2192.76876,8.03212,1667.96448,6.10976,0.0,0.0,43254.49902601308,21.367827296143663,5971.924140000001,21.87518,6950.0,0.0,8100.0,434000.0,0.0,62.4,0.0
2022,KANSAS,HAMILTON,8.695105572899257,0.0066204954736142,8037.29472,29.44064,5148.173940000001,18.85778,0.0,0.0,37545.7255814198,18.54767938589924,33961.593120000005,124.40144,17800.0,0.0,29400.0,1347000.0,0.0,75.7,0.0
2022,KANSAS,HARVEY,1803.6693291892457,1.372200103792476,16520.709659999997,60.51542,9750.62634,35.71658,0.0,0.0,19769.90406006229,9.073508904107811,37610.73498,137.76826,66100.0,0.0,70600.0,7205000.0,0.0,109.0,0.0
2022,KANSAS,HASKELL,319.5199916195349,0.2431002449400603,29776.830720000005,109.07264,28921.94214,105.94118,0.0,0.0,21786.776122313877,9.999163705450751,144875.9949,530.6813,67500.0,0.0,86600.0,10704000.0,0.0,158.6,0.0
2022,KANSAS,JEFFERSON,1004.6182688632964,0.7643001633287814,19201.4277,70.33489999999999,8943.68202,32.760740000000006,0.0,0.0,20613.116113962573,10.18292929236376,38932.33344,142.60928,45400.0,0.0,46600.0,5966000.0,0.0,131.4,0.0
2022,KANSAS,JOHNSON,551.5788290078602,0.4196200970816718,8675.028180000001,31.77666,4253.59116,15.58092,0.0,0.0,11138.375343188633,5.112020146717825,16729.98054,61.28198,8690.0,0.0,9200.0,867000.0,0.0,99.8,0.0
2022,KANSAS,KINGMAN,1215.9950429613266,0.9251202132444832,12514.66944,45.84128,6504.01752,23.82424,0.0,0.0,32475.05854215565,14.904611167988811,35565.23333999999,130.27558000000002,5840.0,0.0,10800.0,758000.0,0.0,129.8,0.0
2022,KANSAS,KIOWA,100.3304775612234,0.0763203332992729,11395.52232,41.74184,9166.0569,33.5753,0.0,0.0,26937.206464510287,13.307045244659136,42929.88336,157.25232000000003,26400.0,0.0,28000.0,3905000.0,0.0,147.9,0.0
2022,KANSAS,LABETTE,2654.196296355688,2.019280198609547,5986.4532,21.9284,10828.643279999998,39.66536,0.0,0.0,24498.72837734228,12.102431162764416,30978.00888,113.47256000000002,25000.0,0.0,38000.0,693000.0,0.0,27.7,0.0
2022,KANSAS,LANE,9.988064834273349,0.0076003568996782,8780.17686,32.16182,4951.54842,18.13754,0.0,0.0,27045.45664870269,12.41266477430202,34192.31634,125.24658,8070.0,0.0,34900.0,568000.0,0.0,70.4,0.0
2022,KANSAS,LEAVENWORTH,651.6256585387152,0.4957401335660563,17404.219559999998,63.75172,7293.3588,26.7156,0.0,0.0,16904.12257383507,8.350677499081065,30791.54442,112.78954,20000.0,0.0,21000.0,2584000.0,0.0,129.2,0.0
2022,KANSAS,LINN,4290.927522212994,3.2644801433748545,14972.07894,54.84278,5702.84988,20.889560000000003,0.0,0.0,22738.238360668023,10.435842662789184,19962.84654,73.12398,14400.0,0.0,19600.0,1241000.0,0.0,86.2,0.0
2022,KANSAS,LYON,823.5172654874862,0.6265403608606279,7867.772640000001,28.81968,2894.52072,10.60264,0.0,0.0,31620.451743514277,15.620579756920046,11198.21976,41.01912,20000.0,0.0,23800.0,1306000.0,0.0,65.3,0.0
2022,KANSAS,MARION,1003.1212582154444,0.7631603382939706,9941.32776,36.41512,5512.42692,20.19204,0.0,0.0,35551.64304076845,16.316626965212432,19560.30804,71.64948,61800.0,0.0,67500.0,4481000.0,0.0,72.5,0.0
2022,KANSAS,MARSHALL,1274.9258352304275,0.9699404003018822,19271.61054,70.59198,7410.00078,27.14286,0.0,0.0,34229.851183190905,16.909629400984404,30501.21984,111.72608,139800.0,0.0,143500.0,21501000.0,0.0,153.8,0.0
2022,KANSAS,MEADE,1.869022437117792,0.0014204846951718,22893.1521,83.8577,20317.95402,74.42474000000001,0.0,0.0,36765.184708836925,18.16209030410449,99799.50708,365.56596,68800.0,0.0,76700.0,13684000.0,0.0,198.9,0.0
2022,KANSAS,MIAMI,3310.6919191392085,2.518720130659569,17435.68008,63.86696,8027.925360000001,29.40632,0.0,0.0,21769.68398416788,10.75427662185088,30728.97282,112.56034,14800.0,0.0,16400.0,1379000.0,0.0,93.2,0.0
2022,KANSAS,MITCHELL,302.5344376789682,0.2301803362174001,11896.01868,43.57516,5569.08534,20.39958,0.0,0.0,26544.08732471802,13.112843437331811,31037.78496,113.69152,27900.0,0.0,34000.0,2366000.0,0.0,84.8,0.0
2022,KANSAS,MORRIS,73.6633013097442,0.0560403455531206,3317.0865,12.1505,1499.34876,5.49212,0.0,0.0,26526.99518617982,13.104399879490892,5378.12184,19.70008,16400.0,0.0,20600.0,1638000.0,0.0,99.9,0.0
2022,KANSAS,MORTON,2.8848466115431504,0.002180362759868,10726.48122,39.291140000000006,8215.18698,30.09226,0.0,0.0,27546.825975432857,13.60819875976329,47052.871320000006,172.35484,23400.0,0.0,25300.0,3681000.0,0.0,157.3,0.0
2022,KANSAS,NEOSHO,3664.160262871096,2.7876401472787777,14836.25598,54.34526,8339.86062,30.54894,0.0,0.0,21581.67048668583,10.661397498661303,25888.39344,94.82928,28900.0,0.0,29800.0,1468000.0,0.0,50.8,0.0
2022,KANSAS,NESS,0.6853559289353357,0.0005205305797218,7711.72584,28.248080000000005,3659.65236,13.40532,0.0,0.0,40212.09880956095,18.455569409589984,26361.92286,96.56382,7690.0,0.0,23400.0,424000.0,0.0,55.1,0.0
2022,KANSAS,NORTON,1.360209014520361,0.0010204390170316,9690.17322,35.49514,5804.35128,21.26136,0.0,0.0,33272.69156645224,15.270689340456318,36240.83736,132.75032,71700.0,0.0,111500.0,3607000.0,0.0,50.3,0.0
2022,KANSAS,OSAGE,963.8400275627376,0.7332803001254483,14613.51528,53.52936,4546.6402800000005,16.654359999999997,0.0,0.0,26846.04840180201,13.262012940865024,17489.00244,64.06228,26200.0,0.0,27200.0,2141000.0,0.0,81.7,0.0
2022,KANSAS,OSBORNE,57.06690880196042,0.0434204389766303,10471.79952,38.35824,4937.10126,18.08462,0.0,0.0,33637.32380252645,16.616919439630784,30363.9063,111.2231,31500.0,0.0,33800.0,2378000.0,0.0,75.5,0.0
2022,KANSAS,PAWNEE,94.08081876188054,0.0715603347562247,18690.92862,68.46494000000001,13377.63882,49.00234,0.0,0.0,28173.53764053864,12.930403904086448,66371.71632,243.11984,50900.0,0.0,56300.0,6363000.0,0.0,125.0,0.0
2022,KANSAS,PHILLIPS,8.92452886565288,0.0067804386209057,10517.854619999998,38.52694,5740.74774,21.02838,0.0,0.0,33244.204667135695,15.257615117444724,35831.62128,131.25135999999998,69300.0,0.0,75600.0,4179000.0,0.0,60.3,0.0
2022,KANSAS,PRATT,543.6335595665331,0.4135802721495419,21672.46536,79.38632,16503.21036,60.45132,0.0,0.0,27364.509858194702,12.559096043185017,79644.60504000001,291.73848000000004,48300.0,0.0,60600.0,8462000.0,0.0,175.2,0.0
2022,KANSAS,RAWLINS,0.3438349374900193,0.0002605272019702,9374.88006,34.34022,5451.68988,19.96956,0.0,0.0,39950.019385802494,18.33528658080987,32203.69152,117.96224,50000.0,0.0,110000.0,1705000.0,0.0,34.1,0.0
2022,KANSAS,RENO,2358.433468240952,1.7942803054913217,25974.830699999995,95.1459,14426.8761,52.8457,0.0,0.0,47071.74275920867,23.253554947021243,66386.89512,243.17544,41900.0,0.0,48800.0,6084000.0,0.0,145.2,0.0
2022,KANSAS,REPUBLIC,442.90969856062895,0.3369602709098914,19579.15596,71.71852000000001,12606.61584,46.17808,0.0,0.0,26925.811694449538,13.301416200647068,61790.71080000001,226.3396,121700.0,0.0,124000.0,19265000.0,0.0,158.3,0.0
2022,KANSAS,RICE,987.766376825202,0.7514801925149616,14911.96434,54.62258,8362.10466,30.63042,0.0,0.0,27370.20723150948,12.561710884781846,42111.877080000006,154.25596,32900.0,0.0,35500.0,3862000.0,0.0,117.4,0.0
2022,KANSAS,RILEY,498.3976814170194,0.3791802132108382,4228.59528,15.48936,2057.03862,7.53494,0.0,0.0,22624.29078832932,11.17645445325863,8437.1469,30.9053,24200.0,0.0,25300.0,3601000.0,0.0,148.8,0.0
2022,KANSAS,ROOKS,11.274608933874486,0.0085804387103464,7111.5135,26.0495,3393.18798,12.42926,0.0,0.0,33449.31030184857,16.524040314862464,21606.07176,79.14312000000001,29100.0,0.0,32300.0,1225000.0,0.0,42.1,0.0
2022,KANSAS,SALINE,1245.5551372896684,0.9476002646208808,8541.935220000001,31.289140000000003,4527.18084,16.58308,0.0,0.0,26156.66557949276,12.92145615672164,16767.681839999997,61.42008,8640.0,0.0,9700.0,896000.0,0.0,103.7,0.0
2022,KANSAS,SCOTT,8.957564960348847,0.0068203572891107,13520.920140000002,49.52718,9125.33622,33.42614,0.0,0.0,27108.127820548845,12.441428061875362,55352.18052,202.75524,45600.0,0.0,84900.0,1933000.0,0.0,42.4,0.0
2022,KANSAS,SEDGWICK,1518.458392869753,1.155220184706209,21862.79004,80.08348,12955.695479999998,47.45676,0.0,0.0,31677.42553578474,14.538533003748396,49120.56786,179.92882,49300.0,0.0,51600.0,6764000.0,0.0,137.2,0.0
2022,KANSAS,SEWARD,9.185345347321132e-05,3.1254686107342306e-07,19905.8223,72.9151,17629.97418,64.57866,0.0,0.0,23684.00321718037,11.699954960099507,87100.95576000001,319.05112,56500.0,0.0,69300.0,11927000.0,0.0,211.1,0.0
2022,KANSAS,SHAWNEE,803.3258291048439,0.6111601678074783,13814.88654,50.60398,7039.0047,25.7839,0.0,0.0,18431.02007019292,8.459020550156291,30047.48292,110.06404,32500.0,0.0,33100.0,3864000.0,0.0,118.9,0.0
2022,KANSAS,SHERMAN,1.3813535224374418,0.001040522390087,21499.23048,78.75176,14351.7192,52.5704,0.0,0.0,39585.38716044882,18.167936565684872,82710.55884,302.96908,125900.0,0.0,192500.0,12628000.0,0.0,100.3,0.0
2022,KANSAS,SMITH,52.79274782933378,0.0401604353698347,12164.37768,44.55816,5956.12836,21.81732,0.0,0.0,33534.77098691319,15.390972167723024,35359.42956,129.52172000000002,93000.0,0.0,94800.0,9095000.0,0.0,97.8,0.0
2022,KANSAS,STEVENS,126.06465820152108,0.0959203342445745,28702.30818,105.13666,24913.2975,91.2575,0.0,0.0,27581.010247584785,12.658460117229366,126513.46344,463.41928,106100.0,0.0,111500.0,17729000.0,0.0,167.1,0.0
2022,KANSAS,SUMNER,3888.445462806069,2.9582602821166417,28563.8535,104.62950000000002,16056.036359999998,58.81332,0.0,0.0,43972.36874177018,21.72245667465535,62368.74462,228.45694,36900.0,0.0,40300.0,1827000.0,0.0,49.5,0.0
2022,KANSAS,WABAUNSEE,557.0676501028923,0.4238203789135141,7189.02912,26.33344,3640.62972,13.335639999999998,0.0,0.0,30047.975228244217,13.790687600485292,15331.2705,56.1585,21300.0,0.0,23900.0,2552000.0,0.0,119.8,0.0
2022,KANSAS,WALLACE,0.0001337255474335,4.550237200158263e-07,10259.3127,37.5799,7144.92324,26.17188,0.0,0.0,34480.5358522431,15.825036283597962,39643.16538,145.21306,78500.0,0.0,99500.0,6005000.0,0.0,76.5,0.0
2022,KANSAS,WASHINGTON,504.73938083810737,0.3840004169628138,13237.16394,48.48778,6791.2299,24.8763,0.0,0.0,33853.824187209946,16.72387115410293,30261.48216,110.84792,107100.0,0.0,111500.0,16011000.0,0.0,149.5,0.0
2022,KANSAS,WICHITA,3.6020252719522183,0.002740358259753,13911.67596,50.95852,9947.67228,36.43836,0.0,0.0,27148.009469618108,13.411182439819877,58162.61178,213.04986,74900.0,0.0,91400.0,5288000.0,0.0,70.6,0.0
2022,KANSAS,WILSON,2190.3739019005834,1.666420150000565,8110.46964,29.70868,4786.55268,17.53316,0.0,0.0,21439.236020027703,9.839658216549656,14830.16262,54.32294,41600.0,0.0,42400.0,2533000.0,0.0,60.9,0.0
2022,KANSAS,WOODSON,1856.0961547282384,1.4121001908407005,11920.1082,43.6634,4650.76248,17.03576,0.0,0.0,19046.33697001716,9.40893659997605,16752.89616,61.36592,19900.0,0.0,20400.0,1262000.0,0.0,63.4,0.0
2022,KENTUCKY,ADAIR,46.971175335757486,0.03574018719815,1160.4847800000002,4.25086,5239.37232,19.19184,0.0,0.0,15348.738194633715,7.582313848078966,29728.143899999995,108.8943,8200.0,0.0,11700.0,1450000.0,0.0,176.8,0.0
2022,KENTUCKY,ALLEN,26.65798620528089,0.0202601566393776,3845.67456,14.08672,5250.66906,19.23322,0.0,0.0,13098.273614433543,6.470578894059822,30076.80858,110.17146,10200.0,0.0,11400.0,1480000.0,0.0,145.1,0.0
2022,KENTUCKY,BALLARD,1011.1958025731982,0.7692800764350956,11291.7168,41.3616,4240.12134,15.53158,0.0,0.0,9970.412711246248,4.925408031128977,17665.33314,64.70818,25500.0,0.0,27500.0,4315000.0,0.0,169.2,0.0
2022,KENTUCKY,BARREN,18.682391802058277,0.0142002445790086,3361.85304,12.31448,8763.96066,32.10242,0.0,0.0,18533.57288253772,8.506087741434754,48149.92182,176.37334,20000.0,0.0,29000.0,2575000.0,0.0,128.8,0.0
2022,KENTUCKY,BOYLE,9.122544490709023,0.006940083307809,860.10288,3.15056,4106.122020000001,15.04074,0.0,0.0,6534.893360565485,3.2282531498816427,18533.83896,67.88952,4700.0,0.0,5200.0,935000.0,0.0,198.9,0.0
2022,KENTUCKY,BRACKEN,3.027164573158574e-05,1.0300437811729268e-07,531.2034,1.9458,2178.1851,7.9787,0.0,0.0,7805.408809210617,3.5823363692312693,10454.26746,38.29402,770.0,0.0,900.0,108600.0,0.0,141.0,0.0
2022,KENTUCKY,BRECKINRIDGE,10.664063405991875,0.0081202838102954,2895.57996,10.60652,1782.26412,6.528440000000001,0.0,0.0,21775.381358354247,9.993934014303353,6727.60998,24.64326,22500.0,0.0,23500.0,3295000.0,0.0,146.4,0.0
2022,KENTUCKY,BUTLER,55.03499955428259,0.0418602028106278,2195.10564,8.04068,928.65864,3.40168,0.0,0.0,16214.739753559528,7.44184620647318,3605.05236,13.20532,19000.0,0.0,19800.0,3470000.0,0.0,182.6,0.0
2022,KENTUCKY,CALDWELL,201.43916324456515,0.1532600774958598,6170.10576,22.60112,2676.36096,9.80352,0.0,0.0,13018.51031219854,6.431175629541544,13389.47064,49.04568,24000.0,0.0,25500.0,2885000.0,0.0,120.2,0.0
2022,KENTUCKY,CALLOWAY,187.02495905228704,0.1422801333022721,14748.99426,54.02562,6527.80128,23.91136,0.0,0.0,14408.67071317932,6.612940640237892,28745.37666,105.29442,34500.0,0.0,35500.0,3325000.0,0.0,96.4,0.0
2022,KENTUCKY,CARLISLE,1037.014452509714,0.7889600433238838,9490.67028,34.76436,4263.5775,15.6175,0.0,0.0,7463.566086587291,3.4254457248404826,18402.71706,67.40922,22500.0,0.0,23500.0,3420000.0,0.0,152.0,0.0
2022,KENTUCKY,CARROLL,1.8126188841398567,0.0013800642616654,245.88564,0.90068,766.48026,2.80762,0.0,0.0,5036.482763611333,2.4880346853197826,3545.4892200000004,12.98714,1500.0,0.0,1600.0,237000.0,0.0,158.0,0.0
2022,KENTUCKY,CASEY,28.98047929651993,0.0220402006236679,1188.10692,4.352040000000001,5034.84072,18.44264,0.0,0.0,16733.201217941787,8.266241935239394,28158.91806,103.14622,7800.0,0.0,10400.0,1280000.0,0.0,164.1,0.0
2022,KENTUCKY,CHRISTIAN,790.4779207047485,0.6013602122851268,19509.65016,71.46391999999999,8776.693379999999,32.14906,0.0,0.0,26407.3502440127,13.04529498823908,46954.26372,171.99364000000003,72000.0,0.0,75500.0,9340000.0,0.0,129.7,0.0
2022,KENTUCKY,CLARK,3.564099603147398e-05,1.212744977347673e-07,1395.1119,5.1103000000000005,7291.93374,26.71038,0.0,0.0,9189.8718312113,4.217743476891843,33592.5954,123.0498,3500.0,0.0,3700.0,627000.0,0.0,179.1,0.0
2022,KENTUCKY,CLINTON,2.952037860603946e-05,1.0044806506602972e-07,327.99312000000003,1.20144,1408.69092,5.16004,0.0,0.0,7611.697932312674,3.4934316704013613,6126.79158,22.44246,1700.0,0.0,1900.0,275000.0,0.0,161.8,0.0
2022,KENTUCKY,CRITTENDEN,112.68844713359084,0.0857201612966593,6136.69602,22.47874,2851.5669,10.4453,0.0,0.0,13838.932843786784,6.836466347492054,12159.86772,44.54164,19000.0,0.0,19700.0,3350000.0,0.0,176.3,0.0
2022,KENTUCKY,CUMBERLAND,0.0065250981233085,1.5345396767852533e-07,93.23496,0.3415199999999999,345.32316,1.2649199999999998,0.0,0.0,11628.349911130596,5.336896736482813,606.2238000000001,2.2206,2350.0,0.0,2500.0,382000.0,0.0,162.6,0.0
2022,KENTUCKY,DAVIESS,482.9058878242189,0.367400094328624,25425.09606,93.13222,10919.36118,39.99766,0.0,0.0,16607.858888078685,8.204322520664732,48319.65138,176.99506,60000.0,0.0,61500.0,10600000.0,0.0,176.7,0.0
2022,KENTUCKY,EDMONSON,11.103464672564195,0.0084401521597112,450.88134,1.65158,816.12258,2.98946,0.0,0.0,11531.49447320458,5.292444387307873,3394.31274,12.43338,5900.0,0.0,6400.0,914000.0,0.0,154.9,0.0
2022,KENTUCKY,ESTILL,3.718772245651336e-05,1.2653749515953332e-07,300.9279,1.1023,1237.9458,4.5346,0.0,0.0,9588.688339916816,4.400782561545514,6185.07708,22.65596,350.0,0.0,500.0,52400.0,0.0,149.7,0.0
2022,KENTUCKY,FLEMING,5.119664463933892e-05,1.742052146594967e-07,1417.67262,5.19294,5141.78574,18.83438,0.0,0.0,13200.826430555227,6.058593698549654,22922.9637,83.9669,3700.0,0.0,4000.0,594000.0,0.0,160.5,0.0
2022,KENTUCKY,FULTON,1831.19287111028,1.3931800380083934,14311.57728,52.42336,6107.0919,22.3703,0.0,0.0,8027.606577232156,3.9656570947804695,26619.82596,97.50852,18500.0,0.0,19500.0,2230000.0,0.0,120.5,0.0
2022,KENTUCKY,GARRARD,7.545932789699297,0.0057401114813447,1170.80964,4.28868,4290.6318,15.7166,0.0,0.0,8711.29201998025,4.303399359619627,18538.11414,67.90517999999999,1900.0,0.0,2400.0,296000.0,0.0,155.8,0.0
2022,KENTUCKY,GRAYSON,8.765893755888422,0.0066602510618356,1343.7824400000002,4.92228,1487.3859,5.4483,0.0,0.0,19097.61337164277,8.764957303200141,2326.1511,8.5207,13000.0,0.0,13600.0,2130000.0,0.0,163.8,0.0
2022,KENTUCKY,GREEN,4.1739517361766094e-05,1.4202574471458844e-07,1453.1244,5.322799999999999,4186.19838,15.33406,0.0,0.0,10762.34835054877,5.316626155285279,23962.28016,87.77392,10200.0,0.0,10700.0,1520000.0,0.0,149.0,0.0
2022,KENTUCKY,GREENUP,51.70912332289052,0.0393401474662742,219.63396,0.80452,769.59792,2.81904,0.0,0.0,12824.799436898513,5.886013990283819,4176.9546,15.3002,800.0,0.0,900.0,112700.0,0.0,140.9,0.0
2022,KENTUCKY,HARDIN,192.6018763584944,0.1465202577939438,9615.12006,35.22022,5612.59608,20.55896,0.0,0.0,22402.093018709867,10.281566863368734,29066.77956,106.47172,31000.0,0.0,32500.0,4785000.0,0.0,154.4,0.0
2022,KENTUCKY,HARRISON,0.5726847206049624,0.0004401521780681,1519.29414,5.56518,5769.66936,21.13432,0.0,0.0,11542.889230147925,5.702215240546083,26190.4188,95.9356,2600.0,0.0,4600.0,419000.0,0.0,161.2,0.0
2022,KENTUCKY,HART,19.72914007038411,0.01500020438964,2095.44972,7.67564,5164.8324,18.9188,0.0,0.0,15719.067813232485,7.765257576732633,29891.00478,109.49086,8100.0,0.0,9500.0,1040000.0,0.0,128.4,0.0
2022,KENTUCKY,HICKMAN,1658.6329382413328,1.2618800635074263,15321.95574,56.12438,7669.34532,28.09284,0.0,0.0,9241.14823917046,4.241277073351118,33644.12142,123.23854,36000.0,0.0,37500.0,4465000.0,0.0,124.0,0.0
2022,KENTUCKY,KENTON,1.5820801709573898e-05,5.3832945055620374e-08,510.73386,1.87082,444.30204,1.62748,0.0,0.0,4079.3231437640015,1.8722283504879644,1819.30476,6.66412,350.0,0.0,400.0,54000.0,0.0,154.3,0.0
2022,KENTUCKY,KNOX,5.5858919998331904e-05,1.900693925843714e-07,95.51178,0.34986,473.109,1.733,0.0,0.0,14402.973333327634,7.115103715625553,1153.8126599999998,4.22642,190.0,0.0,200.0,27600.0,0.0,145.3,0.0
2022,KENTUCKY,LARUE,70.16739534343704,0.0533801195402706,4480.55244,16.41228,2848.2636,10.4332,0.0,0.0,9827.978244442857,4.8550450595027685,15132.51012,55.43044,21400.0,0.0,22500.0,3560000.0,0.0,166.4,0.0
2022,KENTUCKY,LAUREL,6.312853419427055e-05,2.1480548047482906e-07,425.97282,1.56034,2124.52422,7.78214,0.0,0.0,16277.41092379324,7.470609493306483,6887.790000000001,25.23,270.0,0.0,300.0,30600.0,0.0,113.3,0.0
2022,KENTUCKY,LINCOLN,95.32077576859524,0.0725201200648784,1547.32578,5.66786,6676.9248,24.4576,0.0,0.0,12551.32525936348,6.20038508175793,32550.188579999995,119.23146,7800.0,0.0,10300.0,1370000.0,0.0,175.6,0.0
2022,KENTUCKY,LIVINGSTON,37.31332355580418,0.0283801483910549,5905.2084,21.6308,2120.60394,7.76778,0.0,0.0,12203.785159445131,6.028699430536452,8446.27056,30.938720000000004,19000.0,0.0,20000.0,2615000.0,0.0,137.6,0.0
2022,KENTUCKY,LOGAN,579.9001743962959,0.4412001839984248,15632.11104,57.26048,6796.78272,24.89664,0.0,0.0,20744.15581539727,9.520647238720787,35194.794180000004,128.91866000000002,65000.0,0.0,67500.0,9250000.0,0.0,142.3,0.0
2022,KENTUCKY,MADISON,6.107359766208238e-05,2.0781321248103145e-07,2044.14756,7.48772,7954.73406,29.13822,0.0,0.0,15747.55470609926,7.7793301708138864,34784.85738,127.41706,1700.0,0.0,2100.0,245000.0,0.0,144.1,0.0
2022,KENTUCKY,MARION,5.064424234472224e-05,1.7232557272221718e-07,2064.0438,7.5606,3888.54102,14.24374,0.0,0.0,13058.391963170776,6.450877261728921,18507.12318000001,67.79166000000001,14300.0,0.0,15400.0,2080000.0,0.0,145.5,0.0
2022,KENTUCKY,MASON,3.5309554652788484e-05,1.2014671256588184e-07,1192.30566,4.36742,4720.03896,17.289520000000003,0.0,0.0,9104.41115028673,4.497601162260949,21147.95592,77.46504,6400.0,0.0,7500.0,1110000.0,0.0,173.4,0.0
2022,KENTUCKY,MCLEAN,458.64332512869663,0.3489200864766393,15947.2131,58.4147,6314.28798,23.12926,0.0,0.0,9605.78047540446,4.408627093469705,29628.2532,108.5284,41000.0,0.0,42000.0,7600000.0,0.0,185.4,0.0
2022,LOUISIANA,AVOYELLES,15661.28724121097,11.914879999999998,41744.528280000006,152.91036,17696.919240000003,64.82388,264738.42733086,0.0,32184.49223784885,14.771254124810875,52309.90128,191.61136,15400.0,0.0,16300.0,2758000.0,0.0,179.1,0.0
2022,LOUISIANA,BEAUREGARD,0.0001689246215862,5.747945040543118e-07,2007.17244,7.35228,2586.42384,9.47408,5532.44056092,0.0,43556.46009844861,19.9904828740704,13678.30464,50.10368,880.0,0.0,900.0,112500.0,0.0,127.8,0.0
2022,LOUISIANA,CADDO,135.81928597557183,0.1033203585998275,3480.81006,12.75022,8507.089500000002,31.1615,1911.0597597,0.0,31375.464452599623,14.399946262576044,35034.1992,128.3304,11700.0,0.0,12000.0,1637000.0,0.0,139.9,0.0
2022,LOUISIANA,CATAHOULA,7509.460531031234,5.713080102659517,30301.72782,110.99534,10985.94042,40.24154,170979.8138433,0.0,27780.41850442157,12.749979660696258,54359.33958,199.11846,25400.0,0.0,26200.0,4509000.0,0.0,177.5,0.0
2022,LOUISIANA,CONCORDIA,2806.260698778733,2.13498012992156,8448.596520000001,30.94724,14521.2249,53.191300000000005,135434.66396774398,0.0,26623.850627824613,12.21916631458058,70560.38262,258.46294,13300.0,0.0,14000.0,2557000.0,0.0,192.3,0.0
2022,LOUISIANA,EAST CARROLL,7458.647718273159,5.674420059682403,38561.70864,141.25168,24057.05484,88.12107999999999,26429.963494518,0.0,15736.15994581483,7.773701131631343,104207.85648,381.71376,23100.0,0.0,23900.0,3839000.0,0.0,166.2,0.0
2022,LOUISIANA,FRANKLIN,8336.32256757195,6.342180090107029,42962.97642,157.37354000000002,28626.66534,104.85958,122616.68231664,0.0,23758.069144938483,10.90389974964447,132389.32434000002,484.94258,67300.0,0.0,69300.0,11625000.0,0.0,172.7,0.0
2022,LOUISIANA,GRANT,572.2394936749993,0.4353601815589709,3554.37264,13.01968,1674.7458,6.1346,16509.021653124,0.0,24794.992063970258,12.248786141611316,6544.97844,23.97428,2140.0,0.0,2200.0,297000.0,0.0,138.8,0.0
2022,LOUISIANA,MADISON,6390.473307202453,4.861760088680876,43385.979,158.923,25719.56478,94.21086,26865.704542482,0.0,23382.042153606,11.55078546324008,120597.78822,441.75014,41800.0,0.0,43000.0,6705000.0,0.0,160.4,0.0
2022,LOUISIANA,MOREHOUSE,12217.176033746047,9.29466011143452,56518.98252,207.02924,35143.98342,128.73253999999997,108090.214911918,0.0,29381.381921564825,14.514473841078791,145255.5468,532.0716,54400.0,0.0,55600.0,10265000.0,0.0,188.7,0.0
2022,LOUISIANA,NATCHITOCHES,1742.8400075990658,1.3259402914644884,11561.29884,42.34908,10309.64844,37.76428,85917.48520919401,0.0,48148.54733022954,23.78549901349707,42718.6032,156.47840000000002,15200.0,0.0,15600.0,1926000.0,0.0,126.7,0.0
2022,LOUISIANA,OUACHITA,632.2630056174163,0.4810201526693,9814.43736,35.95032,5925.17016,21.70392,6244.7600563920005,0.0,21365.17009168853,10.55444577909412,24609.53586,90.14482,6650.0,0.0,7000.0,1111000.0,0.0,167.1,0.0
2022,LOUISIANA,POINTE COUPEE,25394.57058207816,19.319860007612316,6328.78428,23.18236,12416.71158,45.48246,197812.3396743,0.0,21296.801550609543,9.77428711395901,35312.347980000006,129.34926,4390.0,0.0,4500.0,787000.0,0.0,179.3,0.0
2022,LOUISIANA,RAPIDES,3669.743170963162,2.791900240308579,24649.486680000005,90.29116,11148.10242,40.83554,150607.154138652,0.0,49772.30025152673,22.84327774875061,33933.583320000005,124.29884,4250.0,0.0,4500.0,699000.0,0.0,164.5,0.0
2022,LOUISIANA,RED RIVER,287.1805682512589,0.2184801627217832,2137.9722,7.8314,2412.05328,8.83536,9693.397011186,0.0,14932.829553055324,6.853506294291285,8444.3541,30.9317,4190.0,0.0,4300.0,541000.0,0.0,129.1,0.0
2022,LOUISIANA,RICHLAND,8416.720884094037,6.40334007956213,37602.2556,137.7372,26375.14698,96.61226,64270.58665356001,0.0,20977.748338764235,9.627855843995958,118435.41528,433.82936,47700.0,0.0,49100.0,8901000.0,0.0,186.6,0.0
2022,LOUISIANA,SAINT LANDRY,39753.12834111936,30.24366,38822.72394,142.20778,21665.10528,79.35936000000001,342117.23328972,0.0,34372.28564970377,15.775354242975606,62297.17494,228.19478,8430.0,0.0,8700.0,1413000.0,0.0,167.6,0.0
2022,LOUISIANA,TENSAS,6680.859086917437,5.082700087751714,35406.511139999995,129.69418000000002,20643.2772,75.6164,123143.742887184,0.0,23137.054869228275,11.42976115131391,102036.14694,373.75878,39200.0,0.0,40000.0,6390000.0,0.0,163.0,0.0
2022,LOUISIANA,WASHINGTON,9.709022726252668e-05,3.303658667625172e-07,131.89721999999998,0.48314,7800.46722,28.57314,0.0,0.0,25034.28197735745,12.366995938467166,38312.9292,140.34040000000002,3150.0,0.0,3700.0,435000.0,0.0,138.1,0.0
2022,LOUISIANA,WEST CARROLL,5980.349595475936,4.549760051103867,47524.0311,174.0807,19296.47538,70.68306,4479.984118548,0.0,13474.300607654466,6.1841062136035925,62078.75856,227.39472,31800.0,0.0,33300.0,5346000.0,0.0,168.1,0.0
2022,MARYLAND,ANNE ARUNDEL,3.760754819492346e-05,1.2796602301315598e-07,1775.4500400000002,6.50348,859.1473800000001,3.14706,0.0,0.0,9696.938533711216,4.79031112497803,4617.614820000001,16.91434,3540.0,0.0,3600.0,577000.0,0.0,163.0,0.0
2022,MARYLAND,BALTIMORE,4.17678122784236,0.0031802084146978,5466.4974,20.0238,2881.53138,10.55506,0.0,0.0,15793.133735906327,7.801846321946686,17445.28422,63.90214,14100.0,0.0,15700.0,2472000.0,0.0,175.3,0.0
2022,MARYLAND,CALVERT,2.7686402993162768e-05,9.420765385212813e-08,1142.10642,4.18354,504.13818,1.84666,0.0,0.0,7138.815501950165,3.526592150633088,2602.13226,9.53162,2400.0,0.0,2600.0,370000.0,0.0,154.2,0.0
2022,MARYLAND,CAROLINE,137.98905908369727,0.1049801329614533,16081.04862,58.90494,6709.60836,24.57732,0.0,0.0,11873.3371942881,5.449335030991955,34896.07758,127.82446,34100.0,0.0,38300.0,5943000.0,0.0,174.3,0.0
2022,MARYLAND,CARROLL,4.590839772367003,0.0035002033996051,11204.31858,41.04146,5620.4421,20.5877,0.0,0.0,15525.35693560822,7.125450076374792,30132.648,110.376,25100.0,0.0,29000.0,4473000.0,0.0,178.2,0.0
2022,MARYLAND,CECIL,21.89140668020108,0.0166601591638747,7053.94872,25.83864,3349.9720800000005,12.27096,0.0,0.0,12215.179915662146,5.606225674809379,18076.62402,66.21474,17200.0,0.0,19500.0,3074000.0,0.0,178.7,0.0
2022,MARYLAND,DORCHESTER,117.94987046183633,0.0897402384650848,13994.782620000002,51.26294,5185.6623,18.9951,0.0,0.0,20151.628431246456,9.9549532592199,25987.42692,95.19204,22100.0,0.0,24200.0,3547000.0,0.0,160.5,0.0
2022,MARYLAND,FREDERICK,76.3613595257468,0.0581002707348058,14216.720700000002,52.0759,7711.85688,28.24856,0.0,0.0,22373.606127441,10.268492644050667,35077.890120000004,128.49044,28600.0,0.0,38300.0,4562000.0,0.0,159.5,0.0
2022,MARYLAND,GARRETT,3.731376363005811,0.002840327959925,1583.5747199999998,5.80064,2080.6149,7.6213,0.0,0.0,24851.96585522388,12.276931332500746,12077.3016,44.2392,4260.0,0.0,6900.0,627000.0,0.0,147.2,0.0
2022,MARYLAND,HARFORD,6.043432556849016,0.0045801786631035,6618.02232,24.241840000000003,3421.2906,12.5322,0.0,0.0,13764.866920386608,6.317463260648391,19792.81122,72.50114,14100.0,0.0,17900.0,2432000.0,0.0,172.5,0.0
2022,MARYLAND,KENT,72.61167590225747,0.0552601221369948,10756.49484,39.40108,4681.63332,17.14884,0.0,0.0,10175.518344651731,5.026730710867768,25010.71482,91.61434,34600.0,0.0,39500.0,5965000.0,0.0,172.4,0.0
2022,MARYLAND,QUEEN ANNES,57.65087296276607,0.043880180758274,16443.144900000003,60.2313,6673.73616,24.44592,0.0,0.0,14123.801778846217,6.482198437123377,36756.02112,134.63744000000003,43400.0,0.0,48100.0,7795000.0,0.0,179.6,0.0
2022,MARYLAND,SOMERSET,92.70165093042851,0.0705001047081492,5625.64002,20.60674,1999.98162,7.32594,0.0,0.0,11497.310200631382,5.276755322726121,9391.30374,34.40038,10600.0,0.0,11700.0,1398000.0,0.0,131.9,0.0
2022,MARYLAND,ST MARYS,4.973830258416496e-05,1.6924295995397362e-07,3368.20848,12.33776,1168.6038,4.2806,0.0,0.0,12824.799437334306,6.33548198812416,5449.61508,19.96196,6500.0,0.0,7200.0,924000.0,0.0,142.2,0.0
2022,MARYLAND,TALBOT,52.2341160720388,0.0397401226517512,9018.89352,33.03624,3251.87772,11.91164,0.0,0.0,9964.71533255668,4.922593512255316,18184.49178,66.60986,25100.0,0.0,27500.0,3898000.0,0.0,155.3,0.0
2022,MARYLAND,WASHINGTON,160.99642773694774,0.1224801626732604,6440.867160000001,23.59292,4773.17022,17.48414,0.0,0.0,15844.410142805054,7.827176991163772,23324.9562,85.4394,7500.0,0.0,16200.0,1105000.0,0.0,147.3,0.0
2022,MARYLAND,WICOMICO,115.09809985454346,0.0875801355411668,9969.68154,36.51898,4203.55572,15.39764,0.0,0.0,12716.549240634611,6.2820061287352535,23052.31656,84.44072,20500.0,0.0,22500.0,3057000.0,0.0,149.1,0.0
2022,MARYLAND,WORCESTER,53.39135718296004,0.0406401944575594,9556.16844,35.00428,5101.77486,18.68782,0.0,0.0,16830.056662491876,8.314088759464383,26957.9583,98.7471,29100.0,0.0,31900.0,4397000.0,0.0,151.1,0.0
2022,MICHIGAN,ALLEGAN,32.15435975823829,0.0244604076990978,18060.56616,66.15592000000001,8682.939719999998,31.80564,0.0,0.0,31124.77979955561,14.284893128043484,49494.66522,181.29914,59500.0,0.0,70600.0,10371000.0,0.0,174.3,0.0
2022,MICHIGAN,ALPENA,8.44512627768406e-05,2.873596592890907e-07,4442.86752,16.27424,1963.85826,7.19362,0.0,0.0,21775.38136750592,9.993934018503568,10053.32874,36.82538,7050.0,0.0,8400.0,950000.0,0.0,134.8,0.0
2022,MICHIGAN,ARENAC,26.29702966661531,0.0200001680197204,22729.8981,83.25970000000001,8214.564540000001,30.08998,0.0,0.0,13776.261677620483,6.805506639594754,11818.88526,43.29262,13400.0,0.0,16900.0,2086000.0,0.0,155.7,0.0
2022,MICHIGAN,BARRY,73.66819958924133,0.0560602725273047,10633.77588,38.95156,4377.3366000000005,16.0342,0.0,0.0,21308.196303340206,10.52630058963991,24729.23544,90.58328,30900.0,0.0,39300.0,5312000.0,0.0,171.9,0.0
2022,MICHIGAN,BAY,133.55956040098494,0.1016001343031372,55522.20492,203.37804,20143.0593,73.7841,0.0,0.0,15679.186162114978,7.19605086695934,30736.13634,112.58658,48000.0,0.0,48500.0,8270000.0,0.0,172.3,0.0
2022,MICHIGAN,BERRIEN,13.822694684488958,0.0105202539092424,15377.3529,56.3273,7137.721500000001,26.1455,0.0,0.0,19490.732507033517,8.945381546256982,38867.16288,142.37056,49700.0,0.0,52100.0,8687000.0,0.0,174.8,0.0
2022,MICHIGAN,BRANCH,258.43828896269684,0.1966201683084808,22518.3231,82.4847,12168.87672,44.57464,0.0,0.0,19228.65308092177,9.499001200395336,66382.87109999999,243.1607,78400.0,0.0,83300.0,13548000.0,0.0,172.8,0.0
2022,MICHIGAN,CALHOUN,79.76625462542056,0.0606803232841478,20126.8158,73.7246,8626.04652,31.59724,0.0,0.0,25034.281981715387,12.36699594062,48165.55926,176.43062,69100.0,0.0,74900.0,12842000.0,0.0,185.8,0.0
2022,MICHIGAN,CASS,650.1946708028081,0.4946601703000633,16368.479399999998,59.9578,9726.05634,35.626580000000004,0.0,0.0,18590.546676696624,8.532236185404496,50912.9985,186.4945,62400.0,0.0,66000.0,10149000.0,0.0,162.6,0.0
2022,MICHIGAN,CHARLEVOIX,6.31948224678668e-05,2.1503103750132163e-07,3073.63056,11.25872,1654.41276,6.06012,0.0,0.0,16294.503059426148,8.049523982254646,7479.124380000001,27.39606,1880.0,0.0,2400.0,211000.0,0.0,112.2,0.0
2022,MICHIGAN,CLARE,1.5962034946041956,0.001220284126675,3595.59018,13.17066,1906.2771,6.9827,0.0,0.0,21530.394079641843,9.881495721834316,12729.58596,46.62852,6250.0,0.0,6800.0,866000.0,0.0,138.6,0.0
2022,MICHIGAN,CLINTON,172.9204239621267,0.1315602160672183,30141.20382,110.40734,10658.21484,39.04108,0.0,0.0,21017.62999031753,10.382760127155027,30792.31974,112.79238,47700.0,0.0,75700.0,7706000.0,0.0,161.6,0.0
2022,MICHIGAN,DELTA,0.0001692560629824,5.75922289282624e-07,4314.89604,15.80548,2635.64574,9.65438,0.0,0.0,43641.92078387638,21.559214582997058,5215.58856,19.10472,1130.0,0.0,2500.0,101400.0,0.0,89.7,0.0
2022,MICHIGAN,DICKINSON,0.0001109444767709,3.775072864113104e-07,2958.20616,10.83592,1269.83766,4.65142,0.0,0.0,28606.53840888879,14.131699268878991,1899.21186,6.95682,350.0,0.0,1200.0,38100.0,0.0,108.9,0.0
2022,MICHIGAN,EATON,82.39831384640581,0.0627002523169804,18574.14468,68.03716000000001,6628.9314,24.2818,0.0,0.0,20550.44494968472,10.151969585399351,38693.906160000006,141.73592000000002,44500.0,0.0,48900.0,8058000.0,0.0,181.1,0.0
2022,MICHIGAN,EMMET,6.980155388840631e-05,2.375115549926645e-07,1011.86358,3.70646,728.97552,2.67024,0.0,0.0,17998.01928339414,8.891065123397809,3857.22792,14.12904,580.0,0.0,900.0,61500.0,0.0,106.0,0.0
2022,MICHIGAN,GENESEE,23.732710217492997,0.0180602386554838,19062.42702,69.82574,6442.49424,23.59888,0.0,0.0,18374.04628329724,8.432872109520053,25715.928420000004,94.19754,24200.0,0.0,27800.0,3550000.0,0.0,146.7,0.0
2022,MICHIGAN,GLADWIN,6.625335471223052,0.0050402568649282,12854.87658,47.08746,5341.97118,19.56766,0.0,0.0,19490.732504128224,8.945381544923581,12335.707020000002,45.18574,6320.0,0.0,7300.0,932000.0,0.0,147.5,0.0
2022,MICHIGAN,GRAND TRAVERSE,6.741517599950444e-05,2.2939150190474414e-07,4130.62104,15.13048,1934.27598,7.085260000000001,0.0,0.0,17382.702390440914,8.58709708776949,11896.54284,43.57708,4640.0,0.0,5800.0,522000.0,0.0,112.5,0.0
2022,MICHIGAN,GRATIOT,397.6938099895649,0.3025602371886217,48873.65028,179.02435999999997,17987.96454,65.88998000000001,0.0,0.0,21011.932611192173,10.379945608066086,42030.0972,153.9564,82000.0,0.0,98000.0,14015000.0,0.0,170.9,0.0
2022,MICHIGAN,HILLSDALE,188.7267029918889,0.1436002143945814,18438.6384,67.5408,6717.91302,24.60774,0.0,0.0,22612.89602920701,10.37831609325612,38961.99216,142.71792,59800.0,0.0,66100.0,11150000.0,0.0,186.5,0.0
2022,MICHIGAN,HURON,647.3716043599501,0.4925003505637184,135626.0451,496.7987,59256.81216,217.05792,0.0,0.0,31403.95135200333,14.413020485627634,81125.56998000001,297.16326,74600.0,0.0,103000.0,12249000.0,0.0,164.2,0.0
2022,MICHIGAN,INGHAM,15.08754872334401,0.011480233506716,13407.373979999998,49.11126,4824.73992,17.67304,0.0,0.0,18100.572105907475,8.307359594332775,28601.12892,104.76604,46000.0,0.0,54800.0,8124000.0,0.0,176.6,0.0
2022,MICHIGAN,IONIA,32.66257907049493,0.0248602692725906,14048.776559999998,51.46072,5777.7174,21.1638,0.0,0.0,21103.090675745312,10.424977912771563,33783.26952,123.74824,62000.0,0.0,74100.0,11625000.0,0.0,187.5,0.0
2022,MICHIGAN,IOSCO,8.124732947358499e-05,2.764577360716561e-07,8685.46224,31.81488,3379.55436,12.37932,0.0,0.0,20949.2614580997,10.348985906627291,8059.8609,29.5233,3140.0,0.0,5600.0,431000.0,0.0,137.3,0.0
2022,MICHIGAN,ISABELLA,28.51670261102511,0.0217002814951762,18220.3203,66.7411,6785.24028,24.85436,0.0,0.0,21330.98582478066,10.537558668435564,27264.8922,99.8714,35200.0,0.0,43000.0,5674000.0,0.0,161.2,0.0
2022,MICHIGAN,JACKSON,12.844177278341476,0.0097803306824205,14765.5053,54.0861,6267.697800000001,22.9586,0.0,0.0,25495.769642351257,11.701427187716302,37219.70616,136.33592,48200.0,0.0,56600.0,8237000.0,0.0,170.9,0.0
2022,MICHIGAN,KENT,26.25651902868228,0.0199803370937135,16929.80016,62.01392,7381.60332,27.03884,0.0,0.0,25951.55994477989,11.9106147161397,39394.45692,144.30204,30700.0,0.0,35700.0,5019000.0,0.0,163.5,0.0
2022,MICHIGAN,LAPEER,27.47265370686907,0.0209003187284229,21574.31094,79.02678,7765.99824,28.44688,0.0,0.0,24441.754582602305,11.217681034945862,30935.41542,113.31654,32600.0,0.0,37200.0,5187000.0,0.0,159.1,0.0
2022,MICHIGAN,LEELANAU,5.3362061636534894e-05,1.8157341106145374e-07,1181.64774,4.32838,1131.7105800000002,4.14546,0.0,0.0,13759.169543294956,6.797063083834908,6202.41258,22.71946,1970.0,0.0,2300.0,177200.0,0.0,89.9,0.0
2022,MICHIGAN,LENAWEE,166.1333134803792,0.126380319343349,32994.583439999995,120.85928,11283.8271,41.3327,0.0,0.0,27740.53685272301,13.70389240237908,58428.61206,214.02422,83100.0,0.0,97900.0,15680000.0,0.0,188.7,0.0
2022,MICHIGAN,LIVINGSTON,3.150614977128359,0.0024002551801892,9418.93134,34.50158,3749.82426,13.73562,0.0,0.0,19336.9032819794,8.874780756339131,22439.81376,82.19712000000001,17600.0,0.0,20100.0,2709000.0,0.0,153.9,0.0
2022,MICHIGAN,MACOMB,3.082354886364424,0.0023401186389648,7073.09148,25.90876,2085.6381,7.6397,0.0,0.0,9132.89804475142,4.511673757131574,9607.519740000002,35.19238,8500.0,0.0,10200.0,1340000.0,0.0,157.6,0.0
2022,MICHIGAN,MANISTEE,7.99436600539854e-05,2.720217810850306e-07,1450.15962,5.311940000000001,976.51554,3.57698,0.0,0.0,20613.116113962573,10.18292929236376,6725.000100000001,24.6337,4270.0,0.0,5000.0,530000.0,0.0,124.1,0.0
2022,MICHIGAN,MASON,0.546193272386076,0.0004202493296208,1576.59138,5.77506,2343.6886200000004,8.58494,0.0,0.0,18909.599885346117,8.678667453900806,15180.92394,55.60778,12900.0,0.0,15300.0,2152000.0,0.0,166.8,0.0
2022,MICHIGAN,MECOSTA,22.97875779331832,0.01748026344328,22737.59124,83.28788,9384.71352,34.37624,0.0,0.0,21308.196306245507,10.526300591075136,38753.16354,141.95298,18900.0,0.0,22300.0,2565000.0,0.0,135.7,0.0
2022,MICHIGAN,MENOMINEE,0.0001527060902706,5.196082169605067e-07,2194.73436,8.03932,1343.52036,4.92132,0.0,0.0,39374.58415003884,18.07118733583749,9354.2904,34.2648,3800.0,0.0,15800.0,347000.0,0.0,91.3,0.0
2022,MICHIGAN,MIDLAND,26.246173741283982,0.0199602510449768,15465.35718,56.64966,5624.24772,20.60164,0.0,0.0,19023.54744896892,8.730964330506373,13586.57664,49.76768,19400.0,0.0,22500.0,3482000.0,0.0,179.5,0.0
2022,MICHIGAN,MISSAUKEE,8.336855428049614e-05,2.836755610957802e-07,7819.801079999999,28.64396,3285.62598,12.03526,0.0,0.0,21496.20981171711,10.61917971821157,15693.2139,57.4843,3100.0,0.0,22700.0,497000.0,0.0,160.3,0.0
2022,MICHIGAN,MONROE,84.96318174744655,0.064640208198222,26124.36918,95.69366,8059.484159999999,29.52192,0.0,0.0,19046.33696750408,8.741423708494292,43834.64904,160.56647999999998,51700.0,0.0,54800.0,9361000.0,0.0,181.1,0.0
2022,MICHIGAN,MONTCALM,47.00265521128203,0.0357803225636351,41781.30684,153.04508,15563.44062,57.00894,0.0,0.0,26658.03489734725,13.169133814230914,59921.59446,219.49302,59000.0,0.0,62800.0,9292000.0,0.0,157.5,0.0
2022,MICHIGAN,MUSKEGON,2.100605202432648,0.0016002218937188,3977.61,14.570000000000002,2339.24964,8.56868,0.0,0.0,16875.635686924146,8.336604907942018,15415.36542,56.46654,10100.0,0.0,13000.0,1697000.0,0.0,168.0,0.0
2022,MICHIGAN,NEWAYGO,19.18800147137205,0.0146004135670315,8888.72166,32.55942,5042.75772,18.47164,0.0,0.0,31916.71543755076,14.648356452953854,33972.8844,124.4428,18200.0,0.0,21600.0,3167000.0,0.0,174.0,0.0
2022,MICHIGAN,OAKLAND,0.0081660230670084,2.246548042142116e-07,3683.35422,13.49214,1640.30958,6.00846,0.0,0.0,17023.76753198131,7.81315406557452,9018.09636,33.03332,2420.0,0.0,3000.0,345000.0,0.0,142.6,0.0
2022,MICHIGAN,OCEANA,38.75953447865781,0.0294802540086857,2129.4709800000005,7.80026,3708.2682,13.5834,0.0,0.0,20373.826199413263,10.06471949493382,20435.12016,74.85392,12900.0,0.0,14800.0,1988000.0,0.0,154.1,0.0
2022,MICHIGAN,OGEMAW,12.037160696506644,0.009160273922355,18903.32262,69.24294,7524.038340000001,27.56058,0.0,0.0,21462.0255379818,9.850117594270891,15202.35444,55.68628,9100.0,0.0,13300.0,1381000.0,0.0,151.8,0.0
2022,MICHIGAN,OSCEOLA,0.3659636665620935,0.0002802846693741,5783.11734,21.18358,3218.03118,11.78766,0.0,0.0,21593.065251182943,9.910259009267651,23537.41572,86.21764,8750.0,0.0,15100.0,1365000.0,0.0,156.0,0.0
2022,MICHIGAN,OTSEGO,7.585588304587837e-05,2.581124306540795e-07,3567.48756,13.06772,1871.94462,6.856940000000001,0.0,0.0,19559.10104811251,9.66224329664634,4819.61298,17.65426,1050.0,0.0,1200.0,85500.0,0.0,81.4,0.0
2022,MICHIGAN,OTTAWA,3.5045496026890843,0.0026602368348838,8918.66976,32.66912,4890.2217,17.9129,0.0,0.0,17946.742880853355,8.236758804414922,31439.56452,115.16324,30900.0,0.0,38400.0,5509000.0,0.0,178.3,0.0
2022,MICHIGAN,PRESQUE ISLE,9.998481527097162e-05,3.402151904616429e-07,11826.68214,43.32118,3757.4901,13.7637,0.0,0.0,25780.63858249495,11.83216939349762,9164.5827,33.569900000000004,6000.0,0.0,6400.0,581000.0,0.0,96.8,0.0
2022,MICHIGAN,SAGINAW,154.39611651254378,0.117460325472223,69106.5102,253.1374,23816.66742,87.24054000000001,0.0,0.0,28304.577343135454,13.982529770943149,56324.49186,206.31682,85300.0,0.0,93700.0,14642000.0,0.0,171.7,0.0
2022,MICHIGAN,SANILAC,675.0655796642345,0.5135804055330563,49805.10444,182.43628,24852.60414,91.03518,0.0,0.0,35996.03858029791,17.782130253469404,55724.317740000006,204.11838000000003,83700.0,0.0,112000.0,14669000.0,0.0,175.3,0.0
2022,MICHIGAN,SHIAWASSEE,54.17665156789887,0.0412202420603856,33733.20132,123.56484,11076.82212,40.57444,0.0,0.0,19900.94376658125,9.133650316037746,31856.71944,116.69127999999998,48200.0,0.0,55500.0,7259000.0,0.0,150.6,0.0
2022,MICHIGAN,ST CLAIR,143.77383263326308,0.1093803147372987,17608.57644,64.50027999999999,4395.769560000001,16.10172,0.0,0.0,25626.80935468081,11.76156860231304,18417.27342,67.46254,22800.0,0.0,26200.0,3345000.0,0.0,146.7,0.0
2022,MICHIGAN,ST JOSEPH,755.6586522287981,0.5748801766818495,26323.26606,96.42222,18197.4702,66.6574,0.0,0.0,19160.28453693749,8.793720587766664,90357.13596,330.97852,79700.0,0.0,81100.0,11740000.0,0.0,147.3,0.0
2022,MICHIGAN,TUSCOLA,122.27326859061588,0.0930203672502862,84168.6846,308.3102,31020.68424,113.62888,0.0,0.0,30321.44939430333,14.978869449778786,55147.8018,202.0066,73200.0,0.0,79100.0,12387000.0,0.0,169.2,0.0
2022,MICHIGAN,WASHTENAW,29.340987648082542,0.0223202980475742,16638.05598,60.94526,6607.45722,24.20314,0.0,0.0,23245.305066509023,11.48323701098986,36563.04834,133.93058,28900.0,0.0,33300.0,4792000.0,0.0,165.8,0.0
2022,MICHIGAN,WAYNE,4.22384505250407,0.0032200851861997,3272.3964,11.9868,1017.53106,3.72722,0.0,0.0,6529.195981730652,3.225438630936221,5805.830940000001,21.26678,890.0,0.0,1000.0,107200.0,0.0,120.4,0.0
2022,MICHIGAN,WEXFORD,8.266147933227698e-05,2.8126961937825937e-07,1524.9616199999998,5.58594,895.65294,3.28078,0.0,0.0,21313.8936906004,10.529115112747478,6648.93684,24.35508,3580.0,0.0,6600.0,466000.0,0.0,130.2,0.0
2022,MINNESOTA,AITKIN,0.0002780130267014,9.459861937410844e-07,2730.77532,10.00284,1881.33582,6.89134,0.0,0.0,71684.41871092336,35.412276487545896,11441.588339999998,41.91058,820.0,1080.0,2100.0,118000.0,15700.0,143.9,14.5
2022,MINNESOTA,ANOKA,15.67042753713826,0.0119201616348557,7967.9964,29.1868,3402.93408,12.46496,0.0,0.0,12619.693802476168,5.791879603259992,20901.03834,76.56058,4310.0,0.0,4500.0,657000.0,0.0,152.4,0.0
2022,MINNESOTA,BECKER,854.0554429337619,0.6497606934466766,28267.77408,103.54496,8623.19094,31.58678,0.0,0.0,53019.80610458018,24.33373886501613,23532.40344,86.19928,63400.0,4760.0,69100.0,10334000.0,100000.0,163.0,21.0
2022,MINNESOTA,BELTRAMI,801.8262987359785,0.6100011541042637,9323.96556,34.15371999999999,3738.63126,13.69462,0.0,0.0,97880.96593761149,48.35343427458913,11612.86854,42.53798,3030.0,0.0,4800.0,390000.0,0.0,128.7,0.0
2022,MINNESOTA,BENTON,66.2986766436937,0.0504401936560622,18989.13198,69.55726,8535.33954,31.26498,0.0,0.0,15098.053534616982,6.929336771936362,52320.46092,191.65004,43800.0,10300.0,54600.0,7897000.0,211000.0,180.3,20.5
2022,MINNESOTA,BIG STONE,557.7305949255552,0.4243201852273595,15355.09248,56.24576,6277.21458,22.99346,0.0,0.0,19667.351242197423,9.026441710295884,40001.55432,146.52584000000002,87600.0,0.0,88200.0,14962000.0,0.0,170.8,0.0
2022,MINNESOTA,BLUE EARTH,50.84428740005316,0.0386803658660131,36344.22792,133.12903999999995,12947.98596,47.42852,0.0,0.0,28127.958597948265,13.895279682989251,84172.99254,308.32598,176600.0,0.0,179000.0,38817000.0,0.0,219.8,0.0
2022,MINNESOTA,BROWN,105.3174253148135,0.0801202919107904,31340.2089,114.7993,11717.2965,42.9205,0.0,0.0,22806.60689942277,10.467220789019208,63075.03384,231.04408,151800.0,3600.0,156000.0,31665000.0,72000.0,208.6,20.0
2022,MINNESOTA,CARLTON,0.0001266768941607,4.310394889183002e-07,675.6750000000001,2.475,552.7158000000001,2.0246,0.0,0.0,32663.07205009677,16.135636713957254,3195.39402,11.70474,110.0,390.0,500.0,13300.0,6600.0,120.9,17.0
2022,MINNESOTA,CARVER,28.79164427885024,0.0219201501126713,10787.25648,39.51376,4438.04634,16.25658,0.0,0.0,12488.654094068766,5.731738190463348,26810.16702,98.20574,50900.0,1810.0,52900.0,9915000.0,36200.0,194.8,20.0
2022,MINNESOTA,CASS,0.0003221389219696,1.09613199160302e-06,13085.98746,47.93402,5146.93998,18.85326,0.0,0.0,83062.08395892856,38.12181162363792,21991.50954,80.55498000000001,2630.0,2080.0,5600.0,360000.0,33300.0,136.9,16.0
2022,MINNESOTA,CHIPPEWA,1793.2251506258417,1.3642601762682558,69751.4454,255.4998,27138.384,99.408,0.0,0.0,21838.052526118456,10.022697300003266,70909.86084000001,259.74308,136300.0,0.0,150500.0,27219000.0,0.0,199.7,0.0
2022,MINNESOTA,CHISAGO,252.1058224481172,0.1918001429079716,8793.411900000001,32.210300000000004,3798.91512,13.91544,0.0,0.0,15901.383931153376,7.855322180617978,24183.41016,88.58392,23500.0,0.0,24100.0,4167000.0,0.0,177.3,0.0
2022,MINNESOTA,COTTONWOOD,216.0672320710441,0.1644003147956931,31963.07478,117.08086,11863.400640000002,43.45568,0.0,0.0,24322.10963723936,11.162769312876598,73388.55342,268.82254,165000.0,0.0,168500.0,35211000.0,0.0,213.4,0.0
2022,MINNESOTA,CROW WING,0.0001646600759173,5.602836684532536e-07,6318.29016,23.14392,2866.40172,10.49964,0.0,0.0,42456.86602196642,19.485817974657937,15835.63254,58.00598,9550.0,0.0,10200.0,1450000.0,0.0,151.8,0.0
2022,MINNESOTA,DAKOTA,80.4682147317251,0.0612201860791474,18995.10522,69.57914,9270.53946,33.95802,0.0,0.0,16602.161509534377,7.619655605133044,54955.4733,201.3021,75500.0,5690.0,81700.0,14398000.0,142000.0,190.7,25.0
2022,MINNESOTA,DODGE,90.38525591320062,0.0687601896662269,18117.1263,66.3631,6961.30344,25.49928,0.0,0.0,16049.515776210545,7.366015730761535,42806.54742,156.80053999999998,117600.0,2060.0,120000.0,26048000.0,54000.0,221.5,26.0
2022,MINNESOTA,DOUGLAS,212.33542105276095,0.1615603446193487,16584.842819999998,60.75034,5714.70354,20.93298,0.0,0.0,26390.25810867032,13.03685143197691,34329.7773,125.7501,69900.0,0.0,72100.0,12659000.0,0.0,181.1,0.0
2022,MINNESOTA,FARIBAULT,92.95779939106497,0.0707203401605662,38809.40154,142.15898,14778.227099999998,54.1327,0.0,0.0,26447.231895130204,13.064996620498222,92968.28268,340.54316,198100.0,0.0,199500.0,42849000.0,0.0,216.3,0.0
2022,MINNESOTA,FILLMORE,75.27618381848501,0.0572604213745115,24799.06338,90.83906,11439.83568,41.90416,0.0,0.0,32589.006125098684,14.956908053461504,65039.29614,238.23918,161800.0,12800.0,175500.0,32117000.0,314000.0,198.5,24.5
2022,MINNESOTA,FREEBORN,164.53508549469012,0.1251802893120894,38269.94808,140.18296,14220.187800000002,52.0886,0.0,0.0,26213.63936522632,12.030897543399748,83644.77576,306.39112,181000.0,1520.0,183000.0,38915000.0,34200.0,215.0,22.5
2022,MINNESOTA,GOODHUE,68.06260389180947,0.0517803531673834,21893.36604,80.19548,9311.6205,34.10850000000001,0.0,0.0,28418.524918669984,14.038820149277475,56083.89696,205.43552,145500.0,11900.0,158000.0,30540000.0,303000.0,209.9,25.5
2022,MINNESOTA,GRANT,573.3674578306488,0.4362202652047407,26606.6619,97.4603,10027.83054,36.73198,0.0,0.0,21604.460008271544,9.91548869726156,42786.9351,156.7287,117500.0,0.0,122500.0,21937000.0,0.0,186.7,0.0
2022,MINNESOTA,HENNEPIN,34.073495327293635,0.0259201212868502,6754.24386,24.74082,2753.5872000000004,10.0864,0.0,0.0,9998.899605275144,4.939480625784319,16615.32054,60.86198,10000.0,0.0,11000.0,1705000.0,0.0,170.5,0.0
2022,MINNESOTA,HOUSTON,9.114500989384153,0.0069402757058792,9777.26568,35.81416,4934.9664,18.0768,0.0,0.0,20892.28766786294,10.32084071624019,27804.11088,101.84656,44700.0,15000.0,60000.0,9074000.0,375000.0,203.0,25.0
2022,MINNESOTA,HUBBARD,0.1105453920550595,8.049472175763661e-05,6902.01876,25.28212000000001,3899.15526,14.28262,0.0,0.0,37488.75179623824,18.51953419800942,26351.47788,96.52556,10200.0,0.0,12400.0,1025000.0,0.0,100.5,0.0
2022,MINNESOTA,ISANTI,6.079203466981888,0.0046202158231252,11064.12762,40.52794,4339.1166,15.8942,0.0,0.0,16636.345786610786,7.635344671781571,30292.107300000003,110.9601,27600.0,2030.0,29900.0,4593000.0,47700.0,166.4,23.5
2022,MINNESOTA,ITASCA,7.038653749318452,0.0053614078518102,1015.82754,3.72098,632.59014,2.31718,0.0,0.0,106683.41601517216,48.96295511568874,3430.89474,12.56738,840.0,0.0,1000.0,97400.0,0.0,116.0,0.0
2022,MINNESOTA,JACKSON,393.49390179470527,0.2993803477340779,34277.071919999995,125.55704,12302.87058,45.06546,0.0,0.0,26384.560727220727,13.034036911739788,82386.80814,301.78318,186400.0,0.0,189000.0,39759000.0,0.0,213.3,0.0
2022,MINNESOTA,KANABEC,7.780033912770653e-05,2.647287702895595e-07,6457.536540000001,23.65398,2795.44902,10.23974,0.0,0.0,20060.470374537617,9.909920958389524,20764.41276,76.06012000000001,13390.0,0.0,14000.0,2329000.0,0.0,173.9,0.0
2022,MINNESOTA,KOOCHICHING,356.96079854716925,0.2715813566766208,2833.6854,10.3798,1455.94722,5.33314,0.0,0.0,117987.01534210144,54.15080574105168,2239.7302200000004,8.20414,340.0,0.0,800.0,45000.0,0.0,132.4,0.0
2022,MINNESOTA,LE SUEUR,107.60789368876996,0.0818601824256737,18164.5464,66.5368,6661.9644,24.4028,0.0,0.0,17422.58403705521,7.996193148561439,41800.14384,153.11407999999997,82900.0,920.0,84100.0,17492000.0,19300.0,211.0,21.0
2022,MINNESOTA,LYON,291.3048893853806,0.2216403058708713,24976.12572,91.48764,10957.9197,40.1389,0.0,0.0,26532.692566903097,12.177328808695892,75200.59092,275.46004000000005,163100.0,8350.0,175500.0,28706000.0,167000.0,176.0,20.0
2022,MINNESOTA,MAHNOMEN,718.6398238902009,0.5467202862107815,12388.61442,45.379540000000006,3517.40844,12.88428,0.0,0.0,22350.816617040677,10.258033269796274,10396.22766,38.08142,36100.0,430.0,36700.0,6047000.0,7300.0,167.5,17.0
2022,MINNESOTA,MARSHALL,17892.661475379216,13.612520321567397,102243.25566,374.51742,36312.64182,133.01334,0.0,0.0,67092.33147405816,30.79240370503353,65816.40156,241.08572,20500.0,0.0,22200.0,3167000.0,0.0,154.5,0.0
2022,MINNESOTA,MARTIN,252.60813336718843,0.1921803171986177,37056.98724,135.73988,13537.1691,49.5867,0.0,0.0,26846.04839628196,12.321145232861898,89427.52728,327.57336,203000.0,0.0,205500.0,45655000.0,0.0,224.9,0.0
2022,MINNESOTA,MCLEOD,154.966507191563,0.1178802285273118,17973.88866,65.83842,6620.8779,24.252300000000005,0.0,0.0,18573.45454266163,9.175331535378325,40525.09734,148.44358,108200.0,2840.0,111500.0,20937000.0,64000.0,193.5,22.5
2022,MINNESOTA,MEEKER,297.3006285313271,0.22618030280391,26575.15224,97.34488,10202.29392,37.37104,0.0,0.0,24179.675174939177,11.097398213552786,56554.21044,207.15828,109700.0,6210.0,117500.0,19856000.0,115000.0,181.0,18.5
2022,MINNESOTA,MILLE LACS,2.317646119559014,0.0017602930737706,12585.316379999998,46.10006,4587.1644,16.8028,0.0,0.0,22208.38214762252,10.19266216720563,24112.26636,88.32332000000001,19600.0,1020.0,20800.0,2973000.0,15400.0,151.7,15.0
2022,MINNESOTA,MORRISON,256.4412247408992,0.1951004944804256,29904.703920000004,109.54104,14764.70268,54.08316000000001,0.0,0.0,43003.8143752933,19.736843004365795,91364.39676,334.66812000000004,85300.0,16100.0,102000.0,15004000.0,314000.0,175.9,19.5
2022,MINNESOTA,MOWER,91.58037720677196,0.0696803318043188,34112.50206,124.95422,13029.61842,47.72754,0.0,0.0,26430.139751071936,13.05655305993038,78909.07206,289.04422,199600.0,4010.0,204000.0,43513000.0,104000.0,218.0,26.0
2022,MINNESOTA,MURRAY,121.66443620659992,0.0925803283997409,24347.1774,89.1838,9898.6524,36.2588,0.0,0.0,26612.45587727292,12.213936629586826,71670.69,262.53,169500.0,6420.0,179500.0,32527000.0,112000.0,191.9,17.5
2022,MINNESOTA,NICOLLET,48.55152634807444,0.0369202262246756,21519.37242,78.82554,7850.74836,28.75732,0.0,0.0,17325.728609646358,7.9517408042134115,43985.01744,161.11728,107600.0,0.0,114500.0,22327000.0,0.0,207.5,0.0
2022,MINNESOTA,NOBLES,77.7940588319884,0.0592003359239678,29009.18202,106.26074,10788.40308,39.51796,0.0,0.0,26897.324800856444,13.28734360620701,76057.00284,278.59708,190500.0,15200.0,206500.0,38443000.0,357000.0,201.8,23.5
2022,MINNESOTA,OLMSTED,95.6947424131169,0.0727802807622846,18616.8528,68.1936,8313.49428,30.45236,0.0,0.0,22983.22563749198,10.54828095439151,48768.23406,178.63822,106400.0,5240.0,112000.0,22004000.0,131000.0,206.8,25.0
2022,MINNESOTA,OTTER TAIL,410.7091298282355,0.3124610568811403,71905.87950000001,263.3915,26796.183959999995,98.15452,0.0,0.0,81768.77899015036,37.52824201832851,134669.44764,493.29468,172500.0,0.0,197500.0,28428000.0,0.0,164.8,0.0
2022,MINNESOTA,PINE,0.0002096256226728,7.13286522058857e-07,8571.66492,31.39804,4160.75478,15.24086,0.0,0.0,54051.03166032044,24.80702564646566,29589.47082,108.38634,15500.0,0.0,18100.0,2499000.0,0.0,161.2,0.0
2022,MINNESOTA,PIPESTONE,143.62877512832551,0.1092801874769321,12939.02064,47.39568,5977.220340000001,21.89458,0.0,0.0,17200.38627339161,7.894214232480238,41319.93684,151.35508000000002,96200.0,7240.0,112500.0,16037000.0,127000.0,166.7,17.5
2022,MINNESOTA,POLK,16143.459814109428,12.281720312269796,182502.34548,668.5067600000001,64965.46602,237.96874,0.0,0.0,74755.30582736024,34.30936897787448,92925.06132,340.38484,85600.0,1720.0,87500.0,13722000.0,36100.0,160.3,21.0
2022,MINNESOTA,POPE,526.2366224145189,0.400340281660262,25843.94904,94.66648,11045.86938,40.46106,0.0,0.0,26601.061119603262,12.20870694132624,63481.36704,232.53248,105800.0,0.0,109000.0,19129000.0,0.0,180.8,0.0
2022,MINNESOTA,RED LAKE,1938.277821924528,1.474620072297992,15847.2951,58.0487,3956.71458,14.49346,0.0,0.0,15946.96296216614,7.877838332346396,14447.574959999998,52.92152,18900.0,3160.0,22100.0,3126000.0,66000.0,165.4,21.0
2022,MINNESOTA,REDWOOD,477.8654314057152,0.3635603813103124,49785.5085,182.3645,18733.29822,68.62014,0.0,0.0,32879.572426645434,16.24258842441077,100099.66512,366.66544,236000.0,0.0,240000.0,44746000.0,0.0,189.6,0.0
2022,MINNESOTA,RENVILLE,2604.1607789832524,1.9812203395552044,135395.42016,495.95392,50359.1088,184.4656,0.0,0.0,37169.69858715297,17.05924267861487,116845.95468,428.00716,248500.0,0.0,254500.0,52892000.0,0.0,212.8,0.0
2022,MINNESOTA,RICE,97.59450026396811,0.0742402064351161,17097.187380000003,62.62706,6735.0465,24.6705,0.0,0.0,18721.58637653341,8.592377594267605,41069.6013,150.4381,84200.0,1250.0,85800.0,18229000.0,26900.0,216.5,21.5
2022,MINNESOTA,ROCK,61.33500605656304,0.0466602247015758,16395.35352,60.05624,7058.9500800000005,25.85696,0.0,0.0,18351.25676214732,9.065565293564704,48768.78006,178.64022000000003,129400.0,4680.0,135500.0,25466000.0,103000.0,196.8,22.0
2022,MINNESOTA,SCOTT,32.17053939111849,0.0244801334965828,9121.82544,33.41328,3593.8266,13.1642,0.0,0.0,11645.442048158047,5.344741269113707,21334.85172,78.14964,31800.0,1520.0,34700.0,5931000.0,30400.0,186.5,20.0
2022,MINNESOTA,SHERBURNE,14.112781030976237,0.010740207927247,18603.21372,68.14363999999999,7715.01276,28.26012,0.0,0.0,15810.225871539238,7.810289878352382,41919.0408,153.5496,28300.0,0.0,29600.0,5023000.0,0.0,177.5,0.0
2022,MINNESOTA,SIBLEY,194.8642980225632,0.1482602657422933,34985.332200000004,128.1514,12790.73796,46.85252,0.0,0.0,21815.263007147507,10.776792769610903,56315.30814000001,206.28318,148700.0,4590.0,154000.0,30692000.0,101000.0,206.4,22.0
2022,MINNESOTA,STEARNS,322.8805829258209,0.2456406259698258,48519.80952,177.72823999999997,24274.71228,88.91836,0.0,0.0,50752.2493916524,25.071734138903043,142588.29312000002,522.30144,158100.0,60100.0,223000.0,29312000.0,1278000.0,185.4,21.5
2022,MINNESOTA,STEELE,41.31419304582726,0.0314401796591354,19288.7331,70.6547,7408.198980000001,27.13626,0.0,0.0,15468.383146969363,7.641418744354056,45020.77398,164.91126,104500.0,1150.0,106000.0,22708000.0,23000.0,217.3,20.0
2022,MINNESOTA,STEVENS,660.754125268168,0.5026801508573296,23031.96168,84.36616,9222.76992,33.78304,0.0,0.0,21536.09146312515,10.638881350614234,58913.98968,215.80216,98600.0,30800.0,130500.0,17669000.0,662000.0,179.2,21.5
2022,MINNESOTA,SWIFT,952.57522580333,0.7247001538569922,35083.46478,128.51086,15523.29324,56.86188,0.0,0.0,28070.984820785336,13.867134499060654,86972.19804,318.57948000000005,170100.0,15600.0,187000.0,32931000.0,382000.0,193.6,24.5
2022,MINNESOTA,TODD,61.19330189584122,0.0465604835190916,29935.7877,109.6549,13276.00638,48.63006,0.0,0.0,36639.84236960426,16.816062180964543,78014.23812,285.76644,62200.0,16300.0,79200.0,10257000.0,318000.0,164.9,19.5
2022,MINNESOTA,TRAVERSE,451.5461541399123,0.3435202525794171,17636.48796,64.60252,6547.83402,23.98474,0.0,0.0,21735.4997087475,9.975630106418016,28724.00076,105.21612,118100.0,6810.0,126500.0,19640000.0,146000.0,166.3,21.5
2022,MINNESOTA,WABASHA,38.70655383847864,0.0294602514254423,12881.41218,47.18466,6311.27406,23.11822,0.0,0.0,19730.02241867753,9.055204999996004,37545.95208,137.53096,85900.0,9870.0,96000.0,17472000.0,257000.0,203.4,26.0
2022,MINNESOTA,WADENA,7.850741407874261e-05,2.6713471201666524e-07,18774.6195,68.7715,8266.156079999999,30.27896,0.0,0.0,20242.786496380657,9.99998556421242,44161.49556,161.76371999999998,17700.0,0.0,21800.0,2814000.0,0.0,159.0,0.0
2022,MINNESOTA,WASECA,60.26171585527568,0.0458401896527559,20980.98912,76.85344,7851.54552,28.760240000000003,0.0,0.0,16209.042376613132,7.439231363209596,48992.12682,179.45834,111800.0,0.0,113000.0,24048000.0,0.0,215.1,0.0
2022,MINNESOTA,WASHINGTON,39.88204348357104,0.0303401472823593,6529.67406,23.91822,3005.72454,11.00998,0.0,0.0,12853.28633005582,6.349554582133653,18726.7899,68.5963,16000.0,430.0,16800.0,2749000.0,8400.0,171.8,19.5
2022,MINNESOTA,WATONWAN,20.569142168103497,0.0156402118897965,22141.2555,81.1035,8016.31194,29.363779999999995,0.0,0.0,16425.54277625891,7.538595441960852,52899.3192,193.7704,128900.0,0.0,130500.0,27391000.0,0.0,212.5,0.0
2022,MINNESOTA,WILKIN,988.4196833946036,0.7519802856674325,49668.134880000005,181.93456,17713.463040000002,64.88448,0.0,0.0,28298.879967351186,12.987930471486068,37509.976140000006,137.39918,118100.0,3560.0,122000.0,18483000.0,82000.0,156.5,23.0
2022,MINNESOTA,WINONA,41.16044893369365,0.0313003028479667,11777.34558,43.14046,6412.20762,23.48794,0.0,0.0,23387.739527501828,11.553599979745623,36828.61182,134.90334,65400.0,16100.0,82000.0,13446000.0,403000.0,205.6,25.0
2022,MINNESOTA,WRIGHT,52.57628607341081,0.0400202925845067,20892.47706,76.52922,8000.76732,29.30684,0.0,0.0,24128.39875830772,11.919487433895466,49295.39706,180.56922,70700.0,0.0,75600.0,13355000.0,0.0,188.9,0.0
2022,MINNESOTA,YELLOW MEDICINE,638.9581380275338,0.4861202679645666,29272.16838,107.22406,12608.49408,46.18496,0.0,0.0,28988.262782251928,13.304326600184384,78809.05032,288.67783999999995,180900.0,0.0,189500.0,34552000.0,0.0,191.0,0.0
2022,MISSISSIPPI,BENTON,246.16791947041787,0.1872801311878763,2718.47394,9.95778,1265.48058,4.63546,0.0,0.0,15343.040815653616,7.579499329061784,5812.7706,21.2922,3310.0,0.0,3400.0,418000.0,0.0,126.3,0.0
2022,MISSISSIPPI,BOLIVAR,15348.701223752074,11.677100013647452,68283.69912,250.12344,32094.14208,117.56096,127982.514154626,0.0,33175.83612358722,16.388943408352716,128482.19748,470.63076,28400.0,0.0,29000.0,5183000.0,0.0,182.5,0.0
2022,MISSISSIPPI,CARROLL,671.929076645866,0.5112001890124147,7033.05876,25.762120000000003,4809.12978,17.61586,738.494103744,0.0,23980.266912669493,11.846309943323838,22208.26608,81.34896,6800.0,0.0,7000.0,1102000.0,0.0,162.1,0.0
2022,MISSISSIPPI,CHICKASAW,1688.8072505710925,1.284800098085052,5562.991980000001,20.37726,4652.63526,17.04262,0.0,0.0,19126.100267850645,9.448339862319967,14253.646679999998,52.21116000000001,5940.0,0.0,6100.0,539000.0,0.0,90.7,0.0
2022,MISSISSIPPI,CLAIBORNE,181.8594441845784,0.1383601480075648,2679.09096,9.81352,2414.61402,8.844739999999998,978.07779936,0.0,18556.362396569657,8.516547117355898,10808.02086,39.58982,2340.0,0.0,2400.0,375000.0,0.0,160.3,0.0
2022,MISSISSIPPI,CLAY,1503.5088922465848,1.1438401067251485,3381.25788,12.385560000000002,2261.22078,8.28286,0.0,0.0,15428.501506165663,7.080997731093383,8584.59966,31.44542,2340.0,0.0,2400.0,274000.0,0.0,117.1,0.0
2022,MISSISSIPPI,COAHOMA,14777.446272996942,11.24248004727392,43882.05822,160.74014000000005,26486.5419,97.0203,63951.093346140005,0.0,21268.314660648062,10.50659896154292,108167.78154,396.21898,27800.0,0.0,28600.0,5015000.0,0.0,180.4,0.0
2022,MISSISSIPPI,DE SOTO,3909.5887871854825,2.9743600243119146,16679.45916,61.09692,8270.305680000001,30.294160000000005,11814.591712626,0.0,15690.580919203583,7.201280554953248,32618.73342,119.48254,4670.0,0.0,4800.0,578000.0,0.0,123.8,0.0
2022,MISSISSIPPI,GEORGE,7.165762561670705e-05,2.438271519644942e-07,539.45892,1.97604,2610.0601800000004,9.56066,0.0,0.0,18476.599098547336,9.127484711368618,13295.91354,48.70298,250.0,0.0,300.0,25300.0,0.0,101.2,0.0
2022,MISSISSIPPI,GREENE,0.0001045587062899,3.557786257688752e-07,112.56882,0.41234,1152.91722,4.22314,0.0,0.0,26959.995977481794,12.373442117534545,6041.91042,22.13154,230.0,0.0,300.0,17800.0,0.0,77.4,0.0
2022,MISSISSIPPI,HINDS,41.27962916004359,0.0314203703625652,6160.163100000001,22.5647,10006.2144,36.6528,0.0,0.0,29592.184931916705,14.618611038830108,44251.70568,162.09416,8410.0,0.0,9200.0,1105000.0,0.0,131.4,0.0
2022,MISSISSIPPI,HOLMES,1715.796043694628,1.3053601459634785,20897.62038,76.54806,15268.44228,55.92836,2264.935338432,0.0,28845.828326198127,14.249909067672396,64421.31696,235.97552,23100.0,0.0,23600.0,3973000.0,0.0,172.0,0.0
2022,MISSISSIPPI,HUMPHREYS,3609.4283630866216,2.7460000770330866,32131.05168,117.69616,14624.664600000002,53.5702,13434.652810656002,0.0,16072.30529372884,7.37647510828276,65391.83196,239.53052,26600.0,0.0,27000.0,4729000.0,0.0,177.8,0.0
2022,MISSISSIPPI,ITAWAMBA,243.1207635229378,0.1849601418762858,1290.0615,4.7255,1230.43284,4.50708,0.0,0.0,20368.12881868999,9.348067529054882,6651.8852400000005,24.36588,1560.0,0.0,1600.0,174900.0,0.0,112.1,0.0
2022,MISSISSIPPI,JACKSON,9.901258724188852e-05,3.369070206841598e-07,0.0,0.0,1238.82486,4.53782,0.0,0.0,25529.95392233296,11.71711625569823,6717.481680000001,24.606160000000003,440.0,0.0,500.0,28700.0,0.0,65.2,0.0
2022,MISSISSIPPI,LEE,1379.3696112082048,1.0494201005674335,2128.69566,7.79742,1703.17602,6.23874,0.0,0.0,16049.515776210545,7.366015730761535,8602.9944,31.5128,3310.0,0.0,3400.0,311000.0,0.0,94.0,0.0
2022,MISSISSIPPI,LEFLORE,8132.366676640621,6.187000123417056,51192.35394,187.51778,30194.38968,110.60216,41114.76045795,0.0,22208.382147622524,10.970994577275508,127586.64282,467.35034,49800.0,0.0,50600.0,9596000.0,0.0,192.7,0.0
2022,MISSISSIPPI,LOWNDES,1166.114744784272,0.8871601506051727,7459.46292,27.324040000000004,4137.713580000001,15.15646,0.0,0.0,18869.71822246216,8.660363539921823,22943.52606,84.04222,11300.0,0.0,11500.0,1140000.0,0.0,100.9,0.0
2022,MISSISSIPPI,MADISON,538.8144912661426,0.4099403133520565,8257.42008,30.24696,8410.49118,30.80766,0.0,0.0,25820.52023245034,12.755399541022888,36528.75954000001,133.80498,8660.0,0.0,8700.0,1523000.0,0.0,175.9,0.0
2022,MISSISSIPPI,MONROE,2319.007181817224,1.7643001322639391,5473.85202,20.05074,5014.87896,18.36952,0.0,0.0,28954.07851171244,14.303384921535692,23595.85956,86.43172,12700.0,0.0,13000.0,951000.0,0.0,74.9,0.0
2022,MISSISSIPPI,MONTGOMERY,104.18675883652196,0.0792602009397557,2635.50378,9.65386,1813.09128,6.641360000000001,0.0,0.0,15297.46179354558,7.020856316363305,9169.27284,33.58708,4140.0,0.0,4400.0,643000.0,0.0,155.3,0.0
2022,MISSISSIPPI,NOXUBEE,1273.8671258151542,0.9691401566756042,9112.31412,33.378440000000005,5630.5704,20.6248,0.0,0.0,26891.6274298659,12.342063987237648,27070.40154,99.15898,31800.0,0.0,32000.0,4337000.0,0.0,136.4,0.0
2022,MISSISSIPPI,PONTOTOC,396.0072511302456,0.3012601710870329,1838.3001,6.7337,1924.09854,7.047980000000001,0.0,0.0,18573.454543969016,9.175331536024173,6278.26836,22.99732,2450.0,0.0,2500.0,230000.0,0.0,93.9,0.0
2022,MISSISSIPPI,PRENTISS,6.041071490865505e-05,2.0555764215667946e-07,2148.92496,7.87152,912.43152,3.3422400000000003,0.0,0.0,15576.633345266971,7.148983673614104,4497.129,16.473,1300.0,0.0,1400.0,140900.0,0.0,108.4,0.0
2022,MISSISSIPPI,QUITMAN,6808.333032088286,5.179700041861687,31667.650560000005,115.99872,12235.10652,44.81724,80311.096783728,0.0,15229.093251304475,6.989478188533202,50148.178080000005,183.69296,9990.0,0.0,10200.0,1827000.0,0.0,182.9,0.0
2022,MISSISSIPPI,RANKIN,276.3597455024243,0.2102603603997822,798.9345,2.9265,2736.45918,10.02366,0.0,0.0,27347.417727355536,12.551251513394265,14575.62288,53.39056,1270.0,0.0,1400.0,182100.0,0.0,143.4,0.0
2022,MISSISSIPPI,SHARKEY,3015.1335789104774,2.293860061648767,30249.541139999998,110.80418,13371.807539999998,48.98098,8061.820974432,0.0,16254.621412811855,7.46015011878541,60469.64196000001,221.50052,25100.0,0.0,25700.0,5078000.0,0.0,202.3,0.0
2022,MISSISSIPPI,SUNFLOWER,10593.77439983563,8.05962013941776,64227.57432,235.26584,35245.50666,129.10441999999998,61275.498853824,0.0,26093.99440882325,11.975985816263554,141950.68524,519.9658800000001,42900.0,0.0,43400.0,8164000.0,0.0,190.3,0.0
2022,MISSISSIPPI,TALLAHATCHIE,6923.132782141308,5.267020072124445,42561.3279,155.90230000000005,24447.6687,89.5519,54016.75828224,0.0,24572.794296965567,12.139019906471486,99326.5182,363.8334,35700.0,0.0,36500.0,6719000.0,0.0,188.2,0.0
2022,MISSISSIPPI,TIPPAH,177.4424290839979,0.1350001647627648,1913.77368,7.010160000000001,1087.6593,3.9841,0.0,0.0,17228.87316059306,7.9072884499315395,5819.19702,21.31574,1300.0,0.0,1300.0,171200.0,0.0,131.7,0.0
2022,MISSISSIPPI,TUNICA,10802.688430820604,8.218540039357874,31812.37878,116.52886,13386.32568,49.03416000000001,116133.84814122,0.0,17114.925598858685,7.854991574192685,56047.87734000001,205.30358,10100.0,0.0,10300.0,1463000.0,0.0,144.9,0.0
2022,MISSISSIPPI,UNION,313.40290435760426,0.2384401488957094,1547.15652,5.66724,823.82118,3.01766,0.0,0.0,15565.238588323631,7.143753985686868,3239.1122400000004,11.86488,2040.0,0.0,2100.0,257000.0,0.0,126.0,0.0
2022,MISSISSIPPI,WALTHALL,5.928381421582858e-05,2.0172317256444905e-07,0.0,0.0,4334.3118,15.876600000000002,0.0,0.0,15286.067028757943,7.551354140325187,20212.84902,74.03974,1290.0,0.0,1900.0,183700.0,0.0,142.4,0.0
2022,MISSISSIPPI,WARREN,1048.007506827624,0.7973201562779347,10507.45332,38.48884,3907.26336,14.31232,1401.609616128,0.0,21541.78883382515,10.64169586554103,18015.23178,65.98986000000001,8270.0,0.0,8400.0,1249000.0,0.0,151.0,0.0
2022,MISSISSIPPI,WASHINGTON,8537.51912821576,6.495220091027332,60336.25416,221.01192,32868.83418,120.39866,36832.982313402,0.0,27011.27237944153,12.396975711240342,140194.31790000002,513.5323000000001,51300.0,0.0,52100.0,9876000.0,0.0,192.5,0.0
2022,MISSISSIPPI,WEBSTER,896.9357119028681,0.6823801062267609,5097.5652,18.6724,2340.76206,8.57422,0.0,0.0,15542.449070224277,7.678007489855156,7241.008319999999,26.52384,2720.0,0.0,2800.0,312000.0,0.0,114.7,0.0
2022,MISSISSIPPI,YAZOO,2080.942680872354,1.583180203550034,33202.63674,121.62138,17446.98774,63.90838,0.0,0.0,34662.85196505067,17.123532836100146,80451.30912,294.69344,29900.0,0.0,30500.0,5077000.0,0.0,169.8,0.0
2022,MISSOURI,ADAIR,728.4009391991638,0.5541401321212732,10217.64198,37.42726,4485.7722,16.4314,0.0,0.0,20954.958835336623,10.351800424783338,18868.1766,69.1142,18700.0,0.0,19700.0,3143000.0,0.0,168.1,0.0
2022,MISSOURI,ATCHISON,1066.4457488071023,0.8113401665164961,30121.558740000004,110.33538,13715.2197,50.2389,0.0,0.0,20852.40602095811,10.30113908606212,69384.46788000001,254.15556,129600.0,0.0,136000.0,25672000.0,0.0,198.1,0.0
2022,MISSOURI,AUDRAIN,1239.8585930412455,0.9432601875892828,39048.511320000005,143.03484,14850.62124,54.39788,0.0,0.0,26122.481302271088,12.904569040968042,65170.62552,238.72024,100800.0,0.0,106000.0,16753000.0,0.0,166.2,0.0
2022,MISSOURI,BARTON,3492.938290757304,2.657380036514565,15412.55352,56.45624,9215.09316,33.75492,0.0,0.0,22105.82932220389,10.14559496992686,30839.188380000003,112.96406,45800.0,0.0,58800.0,3430000.0,0.0,74.9,0.0
2022,MISSOURI,BATES,5047.02513806515,3.8397201333622366,22772.60622,83.41614,13385.78514,49.03218,0.0,0.0,31888.22853640388,14.635282229102218,49793.02692,182.39204,66100.0,0.0,70200.0,8130000.0,0.0,123.0,0.0
2022,MISSOURI,BENTON,683.4053470717865,0.5199002338490043,4608.14172,16.87964,4462.6327200000005,16.34664,0.0,0.0,27279.04917175008,13.475916370096355,17914.636739999998,65.62138,15100.0,0.0,16000.0,2316000.0,0.0,153.4,0.0
2022,MISSOURI,BUCHANAN,774.5846006471804,0.5893000706089391,18055.14438,66.13606000000001,6960.877560000001,25.497719999999997,0.0,0.0,14516.920907990574,7.171394093529313,30471.57204,111.61748,50200.0,0.0,52800.0,9135000.0,0.0,182.0,0.0
2022,MISSOURI,BUTLER,20601.57320147721,15.673400076291411,32593.3062,119.3894,24216.20838,88.70406,230096.155266036,0.0,26002.83635894185,11.93414831544579,115713.67626,423.85962,26300.0,0.0,27600.0,4634000.0,0.0,176.2,0.0
2022,MISSOURI,CALDWELL,1879.0774353317436,1.429560053401618,15301.98306,56.05122,5172.78762,18.94794,0.0,0.0,16174.858107816824,7.423542300361267,22089.75132,80.91484,22600.0,0.0,23800.0,3675000.0,0.0,162.6,0.0
2022,MISSOURI,CALLAWAY,1766.6158982998795,1.3440202773128285,21595.48482,79.10434,8375.492580000002,30.67946000000001,0.0,0.0,31534.99105765069,15.57836197108823,34386.11904,125.95648,30100.0,0.0,31800.0,4741000.0,0.0,157.5,0.0
2022,MISSOURI,CAPE GIRARDEAU,2457.592035562621,1.8697200490386587,22451.33436,82.23932,11278.13232,41.31184,7891.900023366,0.0,21108.788054289616,10.427792431573463,45510.98916,166.70692,28600.0,0.0,30900.0,4668000.0,0.0,163.2,0.0
2022,MISSOURI,CARROLL,4797.878167743534,3.650140025276852,35138.71998,128.71326,12242.53212,44.84444,0.0,0.0,26293.40267225505,12.06750536275727,53428.28946,195.70802,82200.0,0.0,86300.0,14673000.0,0.0,178.5,0.0
2022,MISSOURI,CASS,1389.3137309556218,1.0569801766244045,11714.81766,42.91142,10315.09206,37.78422,0.0,0.0,25250.782362040947,11.588988894513896,40231.55136,147.36831999999998,29200.0,0.0,31300.0,3265000.0,0.0,111.8,0.0
2022,MISSOURI,CLINTON,1123.8459243546072,0.8550200849896229,18052.05402,66.12474,7324.1805,26.8285,0.0,0.0,15656.396640529269,7.73429786560608,32299.15416000001,118.31192,41100.0,0.0,43200.0,7850000.0,0.0,191.0,0.0
2022,MISSOURI,COLE,884.7844061094304,0.6731201591860914,5067.58434,18.56258,4013.26926,14.70062,0.0,0.0,13844.630222912145,6.354071077939144,16757.27508,61.38196,4950.0,0.0,5300.0,777000.0,0.0,157.0,0.0
2022,MISSOURI,DALLAS,1301.794385870502,0.9904002241247104,640.02666,2.3444200000000004,2547.02994,9.32978,0.0,0.0,20464.98426353061,9.392519881403318,7318.764180000001,26.80866,260.0,0.0,900.0,27400.0,0.0,105.4,0.0
2022,MISSOURI,DE KALB,1183.7736402390342,0.9006001401492807,14600.8044,53.4828,5355.648480000001,19.61776,0.0,0.0,15827.31800847953,7.264036812813568,23684.51358,86.75646,38700.0,0.0,40600.0,5991000.0,0.0,154.8,0.0
2022,MISSOURI,DENT,0.0001094198464742,3.723194747885634e-07,794.52828,2.91036,3767.13792,13.799040000000002,431.76483216,0.0,28213.41928831505,13.937497471045669,21272.4876,77.9212,100.0,0.0,100.0,7800.0,0.0,78.0,0.0
2022,MISSOURI,DUNKLIN,19889.203032808942,15.13142004659008,39350.72778,144.14185999999998,24641.31852,90.26124,114333.09381432,0.0,20259.87862533139,9.298385492646071,104465.03886000002,382.65582,26800.0,0.0,28300.0,4864000.0,0.0,181.5,0.0
2022,MISSOURI,FRANKLIN,350.41373062845986,0.2666003802588547,8182.86378,29.97386,5757.24786,21.088819999999995,0.0,0.0,34070.324576687184,15.636767506470152,25317.79068,92.73916,15900.0,0.0,17200.0,1813000.0,0.0,114.0,0.0
2022,MISSOURI,GASCONADE,312.84059958275884,0.2380202032002288,3031.0371,11.1027,2469.17034,9.04458,0.0,0.0,19416.666583778613,8.911388573296534,11481.44634,42.05658,5270.0,0.0,5700.0,681000.0,0.0,129.2,0.0
2022,MISSOURI,GENTRY,1389.640074011288,1.057220187310356,16442.604359999998,60.22932,5949.93126,21.79462,0.0,0.0,18613.336195086515,8.542695563325744,26835.01548,98.29676,32700.0,0.0,34400.0,5470000.0,0.0,167.3,0.0
2022,MISSOURI,GRUNDY,2059.2584941314844,1.5666401894137427,12370.43262,45.31294,3846.3243,14.0891,0.0,0.0,16317.292572150713,8.060782056744628,15661.737,57.369,33900.0,0.0,35600.0,6027000.0,0.0,177.8,0.0
2022,MISSOURI,HENRY,3805.832917433682,2.895420129082267,8961.08304,32.824479999999994,9025.52742,33.06054,0.0,0.0,26737.79820611917,12.271463197919829,33901.11816,124.17992,26400.0,0.0,27900.0,3382000.0,0.0,128.1,0.0
2022,MISSOURI,HOWARD,1458.5154301511525,1.109600106113979,18043.4163,66.0931,8846.095440000001,32.403279999999995,0.0,0.0,17525.136858261165,8.657460059898026,38061.114,139.418,36300.0,0.0,38100.0,4904000.0,0.0,135.1,0.0
2022,MISSOURI,JACKSON,487.2893238952082,0.3707201528845911,6893.9106600000005,25.25242,3561.78732,13.04684,0.0,0.0,14249.14410972617,6.539725006389759,13724.21778,50.27186,18600.0,0.0,19600.0,2522000.0,0.0,135.6,0.0
2022,MISSOURI,JASPER,2106.2085308625537,1.6023801090215346,12842.684399999998,47.0428,8636.1912,31.6344,0.0,0.0,22516.040586690626,10.333863741974405,28548.456300000005,104.5731,19900.0,0.0,31300.0,1799000.0,0.0,90.4,0.0
2022,MISSOURI,JEFFERSON,64.4244192464958,0.0490202690239279,3448.6452000000004,12.6324,1835.106,6.722,0.0,0.0,22202.684763848683,10.190047320808551,7604.70984,27.85608,3420.0,0.0,3600.0,499000.0,0.0,145.9,0.0
2022,MISSOURI,JOHNSON,3267.040790583842,2.48552017761769,20989.878,76.886,13349.73276,48.90012,0.0,0.0,30794.331833817523,14.133232171553267,54990.6084,201.4308,42900.0,0.0,45800.0,5024000.0,0.0,117.1,0.0
2022,MISSOURI,KNOX,830.2425523061421,0.6316401775808109,15380.56338,56.33906,5387.54034,19.73458,0.0,0.0,19240.047841409563,8.830328405950794,23376.12186,85.62682,51900.0,0.0,54700.0,8892000.0,0.0,171.3,0.0
2022,MISSOURI,LAFAYETTE,2756.883282925142,2.097420151400022,27141.2778,99.4186,13782.49236,50.48532,0.0,0.0,23541.56875923812,11.62959199285073,61485.45312,225.22144,99200.0,0.0,105000.0,16194000.0,0.0,163.2,0.0
2022,MISSOURI,LEWIS,543.053341136346,0.413140209421289,17153.79666,62.83442000000001,6901.41816,25.27992,0.0,0.0,18875.41560478335,9.324501031520136,31326.93564,114.75068,62600.0,0.0,66000.0,9703000.0,0.0,155.0,0.0
2022,MISSOURI,LINCOLN,704.4399795789077,0.535920277419292,22083.8709,80.89330000000001,9107.0616,33.359199999999994,0.0,0.0,23678.30584313927,11.6971404435222,41080.99086,150.47982000000002,33100.0,0.0,35200.0,4147000.0,0.0,125.3,0.0
2022,MISSOURI,LINN,3049.8668224452144,2.3202801488023046,17107.09728,62.66336,6218.81442,22.77954,0.0,0.0,23342.16050800856,10.71301613640011,25259.64168,92.52616,34400.0,0.0,36400.0,5704000.0,0.0,165.8,0.0
2022,MISSOURI,LIVINGSTON,4266.390621449984,3.245820074232049,18057.53586,66.14482000000001,4251.79482,15.57434,0.0,0.0,20088.9572719076,9.219940174070864,16480.98816,60.36992,37600.0,0.0,39500.0,7460000.0,0.0,198.4,0.0
2022,MISSOURI,MARIES,560.666831566,0.4265602421296844,1274.10192,4.66704,3036.7646400000003,11.12368,0.0,0.0,19906.64115500356,9.833928951312352,17373.16854,63.63798,1730.0,0.0,2300.0,136400.0,0.0,78.8,0.0
2022,MISSOURI,MARION,121.98575855686067,0.0927801994260515,18681.46644,68.43028000000001,7674.61968,28.11216,0.0,0.0,16402.753259321664,7.528136064706307,34712.89458,127.15346,49300.0,0.0,51800.0,8618000.0,0.0,174.8,0.0
2022,MISSOURI,MISSISSIPPI,6402.335114096232,4.870820048036849,34974.06276,128.11012,20295.29502,74.34174,7918.197203268,0.0,15348.738193471598,7.582313847504878,80352.9363,294.33309999999994,41300.0,0.0,43300.0,7520000.0,0.0,182.1,0.0
2022,MISSOURI,MONITEAU,1172.785476371144,0.892240125661796,9530.22798,34.90926,6871.0005,25.1685,0.0,0.0,15576.633346864885,7.148983674347475,29416.32876,107.75212,14600.0,0.0,16600.0,1674000.0,0.0,114.7,0.0
2022,MISSOURI,MONROE,1021.757041744814,0.7773402117245762,31231.80606,114.40222,10958.132640000002,40.139680000000006,0.0,0.0,24527.21527609228,11.256903701933862,43936.82748,160.94076,51000.0,0.0,54000.0,7669000.0,0.0,150.4,0.0
2022,MISSOURI,MONTGOMERY,491.809806558439,0.3741802303917554,18661.39002,68.35674,7488.82134,27.43158,0.0,0.0,20225.69435377504,9.99154200436219,33142.13994,121.39978,42800.0,0.0,45400.0,7209000.0,0.0,168.4,0.0
2022,MISSOURI,MORGAN,1220.120873966211,0.9282601853100187,5907.85104,21.64048,5152.31262,18.87294,0.0,0.0,22954.73875305056,11.339696548289696,21828.71964,79.95868,7010.0,0.0,7600.0,955000.0,0.0,136.2,0.0
2022,MISSOURI,NEW MADRID,16056.818236086823,12.21580005851274,58314.39978,213.60586,43149.89952,158.05823999999998,64231.717768704,0.0,25444.49323966521,12.569641295720157,181580.47908,665.12996,40600.0,0.0,42800.0,6934000.0,0.0,170.8,0.0
2022,MISSOURI,OSAGE,485.31655246526174,0.3692202480498757,5164.78326,18.91862,4962.00432,18.17584,0.0,0.0,22778.120006555997,11.252446459689953,23144.1756,84.7772,8640.0,0.0,9300.0,1158000.0,0.0,134.0,0.0
2022,MISSOURI,PEMISCOT,15207.698591787965,11.56982004248921,35577.3054,130.3198,18543.35028,67.92436,124504.897553244,0.0,18476.599104648456,9.127484714382588,77990.68914,285.68018,16500.0,0.0,17300.0,2917000.0,0.0,176.8,0.0
2022,MISSOURI,PERRY,1043.0908551389489,0.7935601160852579,13942.95084,51.07308,6545.644560000001,23.97672,170.28729792,0.0,17770.12414641577,8.778484373689984,26215.40922,96.02714,26300.0,0.0,28100.0,3578000.0,0.0,136.0,0.0
2022,MISSOURI,PETTIS,1406.8870720234656,1.07034018362798,24198.84012,88.64044,12059.21808,44.17296,0.0,0.0,25176.716435444952,12.437358905787708,50118.39378,183.58386,58100.0,0.0,61800.0,7803000.0,0.0,134.3,0.0
2022,MISSOURI,PIKE,572.8029158698091,0.4357802614090597,23436.08904,85.84648,9230.61594,33.81178,0.0,0.0,25114.04528148089,11.52623264065378,42206.06208,154.60096,51200.0,0.0,54100.0,7777000.0,0.0,151.9,0.0
2022,MISSOURI,PLATTE,981.1405500838056,0.7464401050522795,16207.07634,59.366580000000006,6082.31442,22.27954,0.0,0.0,14556.802558381749,6.680926585558757,26185.87062,95.91894,39200.0,0.0,41200.0,6958000.0,0.0,177.5,0.0
2022,MISSOURI,POLK,1492.812490524566,1.1357002423714302,1603.4109,5.8733,6348.27102,23.25374,0.0,0.0,23946.08263907944,11.829422829364267,36075.40482,132.14434,1500.0,0.0,3800.0,196000.0,0.0,130.7,0.0
2022,MISSOURI,RALLS,334.0423177113121,0.2541201998835071,19655.73246,71.99902,6710.6949,24.5813,0.0,0.0,18060.690452901526,8.922024832945615,29430.9834,107.8058,48000.0,0.0,50500.0,8208000.0,0.0,171.0,0.0
2022,MISSOURI,RANDOLPH,1388.8574286807236,1.0566201678093945,17014.2609,62.3233,5898.63456,21.60672,0.0,0.0,18174.63803032449,8.341352567826585,23222.87604,85.06548,21400.0,0.0,22500.0,3749000.0,0.0,175.2,0.0
2022,MISSOURI,RAY,2251.488507742716,1.7129000950241104,22128.85584,81.05808,7641.91428,27.99236,0.0,0.0,21330.9858212943,9.78997617767405,31258.95318,114.50166,37100.0,0.0,39000.0,6452000.0,0.0,173.9,0.0
2022,MISSOURI,SCHUYLER,414.6869121544086,0.3154801102989562,7538.52372,27.61364,2964.6708,10.8596,0.0,0.0,11537.19185189415,5.295059231371496,13168.63002,48.23674,13000.0,0.0,13800.0,2055000.0,0.0,158.1,0.0
2022,MISSOURI,SCOTLAND,753.0889047755221,0.5729401513283119,13600.04646,49.81702,5492.66172,20.11964,0.0,0.0,16442.634910206747,7.546439973178342,25123.05978,92.02586,45500.0,0.0,48200.0,7107000.0,0.0,156.2,0.0
2022,MISSOURI,SCOTT,5497.651096631253,4.182540057444714,31265.7345,114.5265,20582.07606,75.39222,19022.871955104005,0.0,15439.896255845768,7.6273461511339375,85390.02654,312.78398,55100.0,0.0,57800.0,9585000.0,0.0,174.0,0.0
2022,MISSOURI,SHELBY,758.116446263369,0.5767602275499234,20934.05496,76.68152,6534.67542,23.93654,0.0,0.0,18943.78415239925,9.35827525965456,27306.27354,100.02298,45700.0,0.0,48000.0,8432000.0,0.0,184.5,0.0
2022,MISSOURI,ST CHARLES,720.5515250308288,0.5482002244751992,14591.60976,53.44912,6132.7266,22.4642,0.0,0.0,17462.465691513797,8.014497058673555,28571.91246,104.65902,32000.0,0.0,34100.0,5368000.0,0.0,167.8,0.0
2022,MISSOURI,ST CLAIR,1543.278887463173,1.1741001644784592,3983.0973,14.5901,4702.21752,17.22424,0.0,0.0,26196.547228867086,12.023053011075532,19492.96986,71.40282,13000.0,0.0,14900.0,1105000.0,0.0,85.0,0.0
2022,MISSOURI,ST FRANCOIS,22.268099334450124,0.0169402012388453,3003.32214,11.00118,2419.25502,8.861740000000001,1130.6099918880002,0.0,16288.805680881847,7.47583918130039,10896.92604,39.91548,1380.0,0.0,1400.0,225000.0,0.0,163.0,0.0
2022,MISSOURI,STE GENEVIEVE,111.34835764815097,0.0847001954059683,7213.98132,26.42484,3598.24374,13.18038,3067.811294958,0.0,18995.060563510648,8.717890113855109,15085.04088,55.25656,10500.0,0.0,11200.0,1765000.0,0.0,168.1,0.0
2022,MISSOURI,STODDARD,17849.532500404715,13.579700073912484,60282.83352,220.81624,49492.80336,181.29232,142711.515944172,0.0,30942.463678293632,15.285652010380463,217476.50106,796.61722,65400.0,0.0,69000.0,10669000.0,0.0,163.1,0.0
2022,MISSOURI,SULLIVAN,1405.9025634693592,1.0695802875872944,12994.521540000002,47.59898,6737.869320000001,24.68084,0.0,0.0,24652.55759963637,11.314430267833403,28948.06824,106.03688,18800.0,0.0,19800.0,3006000.0,0.0,159.9,0.0
2022,MISSOURI,VERNON,5285.02686,4.0208,21642.36984,79.27608,12748.5813,46.6981,0.0,0.0,31278.609024319197,15.451708625576885,47077.39218,172.44466,49500.0,0.0,56900.0,3975000.0,0.0,80.3,0.0
2022,MISSOURI,WARREN,253.8859042242701,0.1931401537052311,7750.75938,28.39106,3339.96936,12.23432,0.0,0.0,16374.266367762271,8.088927249786892,15058.88748,55.16076,16200.0,0.0,17100.0,2820000.0,0.0,174.1,0.0
2022,MISSOURI,WEBSTER,2021.341270583397,1.5378202401603591,1185.27318,4.34166,5796.0357,21.2309,0.0,0.0,21929.21059401268,10.064534809088116,24248.94654,88.82398,410.0,0.0,2200.0,23000.0,0.0,56.1,0.0
2022,MISSOURI,WORTH,749.7927921613357,0.5704401109355869,8788.48698,32.192260000000005,3102.03348,11.36276,0.0,0.0,10118.54455795943,4.998585522231638,14327.72796,52.48252,13300.0,0.0,14000.0,2132000.0,0.0,160.3,0.0
2022,NEBRASKA,ADAMS,27.396319853667396,0.0208402717682953,35010.00048,128.24176,30060.66336,110.11232,0.0,0.0,21023.327378158785,9.648774601038516,154921.56498,567.4782600000001,169200.0,0.0,174500.0,33783000.0,0.0,199.7,0.0
2022,NEBRASKA,BOONE,163.93377189001797,0.1247203148709303,32415.45216,118.73792,24484.21248,89.68576,0.0,0.0,26014.231113125163,12.851093185310717,138518.33268,507.39316,162700.0,0.0,166500.0,29742000.0,0.0,182.8,0.0
2022,NEBRASKA,BOX BUTTE,0.0001571474046721,5.34720537975705e-07,26161.30062,95.82894,14671.3476,53.7412,0.0,0.0,40519.75725564535,18.596770987578928,72675.17166,266.20942,80800.0,0.0,83500.0,12896000.0,0.0,159.6,0.0
2022,NEBRASKA,BOYD,5.7706987103776655,0.0043802678924846,4572.12756,16.747719999999997,2720.9091,9.9667,0.0,0.0,20316.852422017902,10.036574310890405,17495.74008,64.08696,25500.0,0.0,40200.0,2315000.0,0.0,90.8,0.0
2022,NEBRASKA,BROWN,0.0001787573824589,6.082521306348867e-07,7085.12532,25.95284,6288.30384,23.03408,0.0,0.0,46091.79362524223,21.15408848694319,41386.43418,151.59866,34500.0,0.0,39000.0,6852000.0,0.0,198.6,0.0
2022,NEBRASKA,BUFFALO,69.84384963138564,0.0531404416800966,43841.801640000005,160.59268,37358.84334,136.84557999999998,0.0,0.0,36178.35469255346,16.60425981034428,197340.38142,722.85854,196900.0,0.0,201000.0,32646000.0,0.0,165.8,0.0
2022,NEBRASKA,BURT,287.9811036995752,0.2191002180973121,26990.22144,98.86528,15439.94634,56.55658,0.0,0.0,18812.74444602555,9.293541327282654,78405.67098000001,287.20026,125100.0,0.0,127000.0,19503000.0,0.0,155.9,0.0
2022,NEBRASKA,BUTLER,171.83095948394237,0.1307402715269738,28875.55398,105.77126,21773.75382,79.75734,0.0,0.0,22026.066018225705,10.1089871519694,109381.88898,400.66626,146300.0,0.0,151500.0,24886000.0,0.0,170.1,0.0
2022,NEBRASKA,CASS,730.8311364764609,0.5560001913725471,28449.31362,104.20994,12703.694640000002,46.53368,0.0,0.0,20954.95882400597,9.617396467741465,64741.80258,237.14946,119700.0,0.0,121500.0,15860000.0,0.0,132.5,0.0
2022,NEBRASKA,CEDAR,373.2105271367674,0.2839402979651805,29823.1206,109.2422,21088.68762,77.24794,0.0,0.0,27723.44471433008,12.72383121859328,113221.33368,414.73016000000007,173500.0,0.0,186000.0,29374000.0,0.0,169.3,0.0
2022,NEBRASKA,CHASE,0.0001307867671954,4.450240248048698e-07,25903.10268,94.88316,21210.72954,77.69498,0.0,0.0,33722.78447782927,16.65913722024557,111403.70514,408.07218,132900.0,0.0,152500.0,16692000.0,0.0,125.6,0.0
2022,NEBRASKA,CHEYENNE,1.2558524841819072,0.0009605868784646,12846.42996,47.05652,6923.1981,25.3597,0.0,0.0,44530.71185378359,21.99827952448928,44024.9082,161.2634,48700.0,0.0,64100.0,4958000.0,0.0,101.8,0.0
2022,NEBRASKA,CLAY,17.591843439265936,0.0133802841312815,35136.104640000005,128.70368,29872.63734,109.42358,0.0,0.0,21627.24951039178,9.925948067715757,153303.38478000002,561.5508600000001,166900.0,0.0,171500.0,28424000.0,0.0,170.3,0.0
2022,NEBRASKA,COLFAX,58.08869887627774,0.0442002009617815,21451.03506,78.57522,15407.32284,56.43708,0.0,0.0,15610.81762234338,7.164672740262631,75442.73646000001,276.34702000000004,99200.0,0.0,109500.0,16447000.0,0.0,165.8,0.0
2022,NEBRASKA,CUMING,139.80607343467366,0.1063802508636591,25880.73306,94.80122,15248.12562,55.85394,0.0,0.0,21558.88096873174,9.894569940152332,81591.7284,298.87080000000003,152800.0,0.0,164000.0,25762000.0,0.0,168.6,0.0
2022,NEBRASKA,DAKOTA,116.87978765111252,0.0889200957921586,11169.45648,40.91376,6027.719880000001,22.07956,0.0,0.0,9771.004457401918,4.484457571314793,33742.21032,123.59784,60400.0,0.0,62200.0,9688000.0,0.0,160.4,0.0
2022,NEBRASKA,DAWSON,57.23306023541916,0.0435404767267867,41094.963,150.531,34919.50098,127.91026,0.0,0.0,38200.92413664685,17.532529457197583,191448.11322,701.27514,179000.0,0.0,194500.0,34296000.0,0.0,191.6,0.0
2022,NEBRASKA,DODGE,211.24356950812367,0.1606802379654308,31191.40752,114.25424,23297.75994,85.33978,0.0,0.0,20083.259890312736,9.217325328673835,108880.14228,398.82836,138200.0,0.0,143000.0,22140000.0,0.0,160.2,0.0
2022,NEBRASKA,DOUGLAS,119.61026292653692,0.0909800784841684,10243.74078,37.52286,5953.98804,21.80948,0.0,0.0,7526.237253131281,3.7179794341854655,28836.90264,105.62968,27000.0,0.0,27600.0,4544000.0,0.0,168.3,0.0
2022,NEBRASKA,DUNDY,0.0001344105262578,4.5735447594647227e-07,15216.77976,55.73912,12166.80738,44.567060000000005,0.0,0.0,34657.154586375626,15.906096447163506,63676.469220000006,233.24714,58500.0,0.0,86400.0,9916000.0,0.0,169.5,0.0
2022,NEBRASKA,FILLMORE,161.23890376806506,0.1226602138335764,38010.75642,139.23354,31017.708540000003,113.61798,0.0,0.0,21798.170875872544,10.004393391824578,162674.23536000002,595.87632,180100.0,0.0,186500.0,34579000.0,0.0,192.0,0.0
2022,NEBRASKA,FRANKLIN,45.03896048655344,0.0342602736425212,19119.64782,70.03534,15970.08504,58.49848,0.0,0.0,21587.367869007016,10.664212019328993,82349.37984,301.64608,95100.0,0.0,100000.0,14579000.0,0.0,153.3,0.0
2022,NEBRASKA,FRONTIER,17.89718064895709,0.0136204784911214,14659.97988,53.699560000000005,11121.79068,40.73916,0.0,0.0,36696.81615058765,18.12831607071715,63229.39896,231.60952000000003,97800.0,0.0,117000.0,12166000.0,0.0,124.4,0.0
2022,NEBRASKA,FURNAS,8.137544291015248,0.0061803549898381,14735.84112,53.97744,11489.83836,42.08732,0.0,0.0,26988.482859744247,13.3323759081138,60734.09706,222.46922000000004,106300.0,0.0,119500.0,9474000.0,0.0,89.1,0.0
2022,NEBRASKA,GAGE,858.692055260958,0.6532802577363437,27440.30016,100.51391999999998,15790.47288,57.84056,0.0,0.0,32230.071258068456,14.79217287305298,78737.75910000001,288.4167,180000.0,0.0,183000.0,24084000.0,0.0,133.8,0.0
2022,NEBRASKA,GARFIELD,14.44244261226044,0.011000281304492,2823.07116,10.34092,1822.83738,6.67706,0.0,0.0,21319.59106597793,9.78474649049352,12646.47384,46.32408,9980.0,0.0,12500.0,1844000.0,0.0,184.8,0.0
2022,NEBRASKA,GOSPER,39.18060475438613,0.0298002199758312,14571.1566,53.3742,12636.2691,46.2867,0.0,0.0,17405.491898865643,7.988348615397184,65526.475560000006,240.02372,78100.0,0.0,82000.0,12035000.0,0.0,154.1,0.0
2022,NEBRASKA,GREELEY,20.936122682585697,0.0159202816837043,14937.27144,54.71528,10848.67056,39.73872,0.0,0.0,21393.656995493748,9.818739466327449,66781.76232,244.62184,72800.0,0.0,77700.0,13402000.0,0.0,184.1,0.0
2022,NEBRASKA,HALL,92.7223351848236,0.0705402567809776,34122.280920000005,124.99004,29946.9807,109.6959,0.0,0.0,20020.588720514817,9.188562042040544,155136.45966,568.26542,169600.0,0.0,176000.0,31919000.0,0.0,188.2,0.0
2022,NEBRASKA,HAMILTON,88.07299348698474,0.0669602519859397,40497.34416,148.34192000000002,35698.795860000006,130.76482,0.0,0.0,20430.79998877844,9.376830815821512,183605.51118,672.5476600000001,189300.0,0.0,196000.0,41403000.0,0.0,218.7,0.0
2022,NEBRASKA,HARLAN,54.6518566600468,0.041580260928531,18684.10908,68.43996000000001,15526.83132,56.87484,0.0,0.0,20880.892906416386,10.315211676483557,80272.92,294.04,105200.0,0.0,107500.0,19336000.0,0.0,183.8,0.0
2022,NEBRASKA,HAYES,0.8092641522130536,0.0006203543773037,10585.1382,38.7734,7820.40168,28.64616,0.0,0.0,26891.62742786125,13.284529090146384,44234.9544,162.0328,50700.0,0.0,74300.0,7975000.0,0.0,157.3,0.0
2022,NEBRASKA,HITCHCOCK,7.857703903748933,0.0059603535502614,8875.098960000001,32.50952,6444.4926,23.6062,0.0,0.0,26828.956260794308,13.253569381804166,35160.789300000004,128.7941,21200.0,0.0,63900.0,3053000.0,0.0,144.0,0.0
2022,NEBRASKA,HOLT,16.271510717291694,0.0123811935771525,44164.90806,161.77622000000002,33326.26206,122.07422,0.0,0.0,90816.21635746358,41.68061439516318,200373.7008,733.9696,172800.0,0.0,185000.0,36485000.0,0.0,211.1,0.0
2022,NEBRASKA,HOWARD,130.95523820150845,0.0996402668030775,20956.79586,76.76482,16556.1669,60.645300000000006,0.0,0.0,21604.460005656783,9.915488696061496,93855.81114,343.79418000000004,86600.0,0.0,97700.0,13189000.0,0.0,152.3,0.0
2022,NEBRASKA,JEFFERSON,374.7162078636518,0.2850802323331267,18735.91902,68.62974,13112.7633,48.0321,0.0,0.0,21604.45999708616,10.672655572003109,67183.50912,246.09344,106700.0,0.0,109500.0,18128000.0,0.0,169.9,0.0
2022,NEBRASKA,JOHNSON,517.0355773500768,0.3933401304720784,8840.62998,32.38326,4817.41806,17.64622,0.0,0.0,14317.51265436414,6.571103135319918,21781.042920000004,79.78404,61800.0,0.0,63200.0,7739000.0,0.0,125.2,0.0
2022,NEBRASKA,KEARNEY,73.04467027999145,0.0555802385239372,33285.448560000004,121.92472,28895.59218,105.84466,0.0,0.0,19410.96920456609,9.589065807108074,148935.94716,545.55292,158900.0,0.0,162000.0,30827000.0,0.0,194.0,0.0
2022,NEBRASKA,KIMBALL,0.0001378575165745,4.6908344162926883e-07,5150.07402,18.86474,2790.42582,10.22134,0.0,0.0,35545.945662413,16.31401212130215,16298.5095,59.7015,28400.0,0.0,33400.0,2801000.0,0.0,98.6,0.0
2022,NEBRASKA,KNOX,246.045628226024,0.1871605052372638,23116.77186,84.67682,15175.80246,55.58902,0.0,0.0,42137.81280372946,20.81618159733695,91477.66992,335.08304000000004,121000.0,0.0,139000.0,18404000.0,0.0,152.1,0.0
2022,NEBRASKA,LANCASTER,763.7242307675675,0.5810402407467172,26879.50356,98.45972,14035.00098,51.41026,0.0,0.0,28880.01259644709,13.25464456724242,66468.3474,243.4738,133400.0,0.0,136000.0,14954000.0,0.0,112.1,0.0
2022,NEBRASKA,LINCOLN,35.82259131938777,0.0272612639157766,48655.13562,178.22394,32481.196020000003,118.97874,0.0,0.0,96564.87146380774,44.31899205929304,221683.371,812.027,171300.0,0.0,198500.0,28367000.0,0.0,165.6,0.0
2022,NEBRASKA,MADISON,85.74631039983123,0.0652202382371477,26122.2507,95.6859,17854.00344,65.39928,0.0,0.0,21097.3932906641,10.422163390740415,98548.94322000002,360.98514,129800.0,0.0,142500.0,21404000.0,0.0,164.9,0.0
2022,NEBRASKA,MORRILL,5.181988086326718,0.0039407079344774,21584.100719999995,79.06263999999999,14346.149999999998,52.54999999999999,0.0,0.0,53885.807668328765,24.73119516403367,81638.51514,299.04218,59000.0,0.0,72100.0,9210000.0,0.0,156.1,0.0
2022,NEBRASKA,NANCE,54.464523533946,0.0414202170535062,16839.868499999997,61.68450000000001,12982.58598,47.55526,0.0,0.0,16761.688108687693,8.280314528272935,69421.55766,254.29142,81600.0,0.0,84200.0,11514000.0,0.0,141.1,0.0
2022,NEBRASKA,NEMAHA,933.2439348991114,0.7100001212379395,19363.06008,70.92696,8962.83024,32.83088,0.0,0.0,15542.449066737918,7.678007488132887,44206.8627,161.9299,83000.0,0.0,84300.0,12699000.0,0.0,153.0,0.0
2022,NEBRASKA,NUCKOLLS,60.71960377665758,0.0461802859681943,17275.101479999998,63.27876,12768.128099999998,46.7697,0.0,0.0,21689.92068164235,10.714873357189076,65803.57056,241.03872,126500.0,0.0,130000.0,20683000.0,0.0,163.5,0.0
2022,NEBRASKA,OTOE,1068.5192198987668,0.8129201362831526,26980.30062,98.82894,12352.512900000002,45.2473,0.0,0.0,23034.50205150868,11.379099810942185,61199.79684,224.17508,135400.0,0.0,137500.0,17575000.0,0.0,129.8,0.0
2022,NEBRASKA,PAWNEE,528.7214232511318,0.4022401509349424,7350.80346,26.92602,3735.19692,13.68204,0.0,0.0,16112.18694040124,7.394779014821361,16627.70382,60.90734,64700.0,0.0,65700.0,9079000.0,0.0,140.3,0.0
2022,NEBRASKA,PHELPS,98.55085107147367,0.0749602410876452,36038.46792,132.00904,32203.83348,117.96276,0.0,0.0,20185.81270236701,9.971840371959528,165137.67816,604.89992,168600.0,0.0,178500.0,38276000.0,0.0,227.0,0.0
2022,NEBRASKA,PIERCE,193.3904453020099,0.147120222915172,27131.275080000003,99.38196,19694.493,72.141,0.0,0.0,21496.209803059337,10.619179713934608,109076.44566,399.54742,143600.0,0.0,147000.0,25360000.0,0.0,176.6,0.0
2022,NEBRASKA,PLATTE,156.82730808828694,0.1193002982904282,40331.99352,147.73624,32231.23722,118.06314,0.0,0.0,25655.29625219606,12.673778494547893,161569.61184,591.8300800000001,195500.0,0.0,199000.0,33411000.0,0.0,170.9,0.0
2022,NEBRASKA,POLK,65.87705803481143,0.0501201967378671,26747.4207,97.9759,22018.92966,80.65542,0.0,0.0,16505.306069051698,8.153661179647157,115604.84208000002,423.46096000000006,121200.0,0.0,127000.0,25525000.0,0.0,210.6,0.0
2022,NEBRASKA,RED WILLOW,19.37248279320948,0.0147203498257351,13339.058459999998,48.86102,9908.59506,36.29522,0.0,0.0,26817.561503705703,13.24794034420037,55387.87254,202.88598,79000.0,0.0,104000.0,9930000.0,0.0,125.7,0.0
2022,NEBRASKA,RICHARDSON,1389.3050780645244,1.0569801315465446,26724.073740000003,97.89038,11416.4778,41.8186,0.0,0.0,20453.58950092195,10.104122759093292,55857.42162,204.60594,108500.0,0.0,110500.0,18109000.0,0.0,166.9,0.0
2022,NEBRASKA,SALINE,449.96189611305647,0.3423001927134994,26295.57294,96.32078,18572.14632,68.02984,0.0,0.0,21604.459998829338,9.915488692928,96316.68228,352.80836000000005,132700.0,0.0,140500.0,20914000.0,0.0,157.6,0.0
2022,NEBRASKA,SARPY,158.13866110005725,0.1203000713456197,9844.3254,36.0598,5104.22094,18.69678,0.0,0.0,7235.670939237017,3.574438971270018,25147.59702,92.11574,27900.0,0.0,28500.0,4375000.0,0.0,156.8,0.0
2022,NEBRASKA,SAUNDERS,354.5108134651639,0.2697003198764807,39790.51986000001,145.75282,26088.879180000004,95.56366,0.0,0.0,28395.73540652648,14.027562075074538,122284.74804,447.92948,178500.0,0.0,182500.0,30309000.0,0.0,169.8,0.0
2022,NEBRASKA,SCOTTS BLUFF,88.31560566031433,0.0671803605235144,28293.04842,103.63754,19025.00964,69.68867999999999,0.0,0.0,27620.89189573889,13.644787503807631,105780.65316,387.47492,74400.0,0.0,76700.0,12306000.0,0.0,165.4,0.0
2022,NEBRASKA,SEWARD,374.5771299574381,0.28498024098522,28945.9989,106.0293,22064.04564,80.82068,0.0,0.0,21376.564853425607,9.810894931383103,115099.33344,421.60928,134300.0,0.0,146000.0,20306000.0,0.0,151.2,0.0
2022,NEBRASKA,SHERMAN,58.28678115258137,0.0443402769522448,15048.73734,55.12358,11558.1375,42.337500000000006,0.0,0.0,21325.288446730257,9.78736133550386,67336.1598,246.6526,76000.0,0.0,78700.0,12859000.0,0.0,169.2,0.0
2022,NEBRASKA,SIOUX,6.3295229778009245,0.0048210310211948,4479.80442,16.40954,4011.96978,14.69586,0.0,0.0,78128.15401217976,35.857356663813064,22376.1447,81.9639,12000.0,0.0,14500.0,2036000.0,0.0,169.7,0.0
2022,NEBRASKA,STANTON,52.32395533973954,0.0398001872601779,15011.592960000002,54.98752,9098.4894,33.3278,0.0,0.0,16197.647625538491,8.001677163296927,51625.76874,189.10538,92100.0,0.0,98600.0,11973000.0,0.0,130.0,0.0
2022,NEBRASKA,THAYER,147.17551637626048,0.1119802606134669,26574.00564,97.34068,20645.34654,75.62398,0.0,0.0,21587.36786842596,10.664212019041946,106703.57334,390.85558,152400.0,0.0,155000.0,28026000.0,0.0,183.9,0.0
2022,NEBRASKA,THURSTON,151.6741070768341,0.1153601629692075,15515.46906,56.83322000000001,7745.801699999999,28.3729,0.0,0.0,14835.97411300844,6.809053944142959,44729.45022,163.84414,92800.0,0.0,98400.0,11266000.0,0.0,121.4,0.0
2022,NEBRASKA,VALLEY,68.50910295296805,0.0521202832244468,16287.61134,59.66158,11758.07724,43.06988,0.0,0.0,21462.0255309074,10.602292600685471,72415.3794,265.2578,69600.0,0.0,72800.0,14219000.0,0.0,204.3,0.0
2022,NEBRASKA,WASHINGTON,207.2990769533911,0.1577001253903962,18328.98522,67.13914,10028.12538,36.73306,0.0,0.0,14534.0130447856,6.670467209837625,48536.38608,177.78896,82200.0,0.0,83900.0,11985000.0,0.0,145.8,0.0
2022,NEBRASKA,WAYNE,61.171018494728486,0.0465401987746797,18469.32906,67.65321999999999,11242.72968,41.18216,0.0,0.0,16801.56976788192,8.300016164521994,64344.178080000005,235.69296,114500.0,0.0,129500.0,13305000.0,0.0,116.2,0.0
2022,NEBRASKA,WEBSTER,28.294222087398488,0.0215202798988986,15097.194839999998,55.30108,11752.57902,43.04974,0.0,0.0,21672.82854519596,9.946866822651534,61450.64016,225.09392,94400.0,0.0,96400.0,13905000.0,0.0,147.3,0.0
2022,NEBRASKA,YORK,108.15187345313004,0.0822802495601344,41890.02636,153.44332,35586.13968,130.35216,0.0,0.0,21558.880969022262,9.89456994028567,185950.80504,681.13848,179500.0,0.0,206500.0,34626000.0,0.0,192.9,0.0
2022,NEW YORK,ALLEGANY,0.869368887617703,0.0006605065961009,12822.70626,46.96962,5689.2381,20.8397,0.0,0.0,38428.81927638526,18.98392981036924,21996.78936,80.57432,10500.0,6800.0,18600.0,1029000.0,88000.0,98.0,13.0
2022,NEW YORK,BROOME,9.717861164422305e-05,3.3066660952201695e-07,786.3492,2.8804,1823.3124,6.678800000000001,0.0,0.0,25057.0714958926,12.378254015827595,12211.27362,44.72994,550.0,5150.0,5800.0,73700.0,75000.0,134.0,14.5
2022,NEW YORK,CATTARAUGUS,0.0001908439446244,6.493786960840024e-07,5709.23808,20.91296,4120.192440000001,15.09228,0.0,0.0,49208.2597611143,22.584408186385197,26812.90794,98.21578,5380.0,15600.0,22400.0,701000.0,265000.0,130.3,17.0
2022,NEW YORK,CHAUTAUQUA,0.0017717338621827,5.163000469836564e-07,7658.08134,28.05158,5958.51984,21.82608,0.0,0.0,39123.89947476931,17.956134191104404,38486.721000000005,140.977,11500.0,12600.0,24200.0,1617000.0,221000.0,140.6,17.5
2022,NEW YORK,CHEMUNG,9.122575212675043,0.0069401874663469,1833.17316,6.71492,1456.41678,5.334860000000001,0.0,0.0,14636.565860907289,7.23049899009145,9462.3984,34.6608,2570.0,1930.0,4600.0,325000.0,35800.0,126.5,18.5
2022,NEW YORK,CHENANGO,0.0001309856320177,4.457006958895233e-07,3296.81898,12.076259999999998,3771.3312,13.8144,0.0,0.0,33774.06088512021,15.50079561529506,27058.5861,99.1157,3650.0,9440.0,13200.0,429000.0,151000.0,117.5,16.0
2022,NEW YORK,COLUMBIA,9.26047206196026e-05,3.151031741956147e-07,491.21436,1.79932,3058.88856,11.204719999999998,0.0,0.0,23877.714099453104,11.795648605176709,19013.23242,69.64554,5030.0,4780.0,11200.0,572000.0,72000.0,113.7,15.0
2022,NEW YORK,CORTLAND,0.0038518122927007,2.443534517830754e-07,4723.83366,17.30342,3942.78612,14.44244,0.0,0.0,18516.480755184897,9.14718634635468,26246.96802,96.14274,3320.0,12500.0,15900.0,437000.0,219000.0,131.6,17.5
2022,NEW YORK,DELAWARE,0.0002113049256034,7.190006333947509e-07,469.01946,1.71802,1167.09684,4.27508,0.0,0.0,54484.03242954219,26.91524399928433,7187.0799,26.326300000000003,1920.0,3130.0,5100.0,233000.0,53000.0,121.4,17.0
2022,NEW YORK,DUTCHESS,0.0001031666524717,3.510419279652402e-07,191.82072000000005,0.7026399999999999,2480.52714,9.08618,0.0,0.0,26601.061110451577,13.14098862549432,15963.22182,58.47334,4260.0,2470.0,7000.0,503000.0,34700.0,118.1,14.0
2022,NEW YORK,ERIE,0.03803756575338,4.040003594710264e-05,9532.2318,34.9166,5195.88342,19.03254,0.0,0.0,30315.752028832856,14.97605493743539,25348.85262,92.85294,10300.0,11300.0,22400.0,1399000.0,198000.0,135.8,17.5
2022,NEW YORK,FRANKLIN,45.73356296266702,0.0348008267701664,3862.56234,14.14858,2663.1805200000003,9.75524,0.0,0.0,62745.23154118145,28.79727768782214,6987.8991000000005,25.5967,9420.0,9200.0,19100.0,1105000.0,152000.0,117.3,16.5
2022,NEW YORK,GENESEE,7.008880313032799e-05,2.384889689658313e-07,11228.26068,41.12916,6765.486,24.782,0.0,0.0,18072.085218996548,8.294285377014809,36044.39202,132.03074,25200.0,23300.0,48800.0,3439000.0,350000.0,136.5,15.0
2022,NEW YORK,HERKIMER,1.8663889631357573,0.0014207110057897,5538.44928,20.28736,4471.647180000001,16.37966,0.0,0.0,53954.17621635142,24.76257329451725,30049.23558,110.07046,11500.0,4410.0,16000.0,1609000.0,77000.0,139.9,17.5
2022,NEW YORK,JEFFERSON,0.4402229556398692,0.0003406225374092,14133.52122,51.77114,8821.81482,32.31434,0.0,0.0,47174.29556995556,23.30421628394843,50165.95584,183.75808,15400.0,19600.0,35900.0,2013000.0,324000.0,130.7,16.5
2022,NEW YORK,LEWIS,0.0007288994885922,6.427623566172176e-07,2282.80416,8.36192,1735.14432,6.35584,0.0,0.0,48706.89044747247,22.35430191385323,10228.168860000002,37.46582,9770.0,15200.0,25000.0,1485000.0,266000.0,152.0,17.5
2022,NEW YORK,LIVINGSTON,24.7870458953974,0.0188602917258274,13294.94166,48.69942,7778.68728,28.49336,0.0,0.0,23256.699823597635,11.488866048593655,41379.24336000001,151.57232000000002,28200.0,31200.0,61400.0,4392000.0,564000.0,155.7,18.0
2022,NEW YORK,MADISON,1.3466750387183024,0.0010203234061714,8521.38924,31.213880000000003,6091.30158,22.31246,0.0,0.0,24532.912649479684,12.119318276006377,40135.25334,147.01558,13300.0,12300.0,25900.0,1604000.0,209000.0,120.6,17.0
2022,NEW YORK,MONROE,6.374722476473697e-05,2.16910679446269e-07,6866.561520000001,25.15224,3904.69716,14.30292,0.0,0.0,16436.93752739166,7.543825127221287,21090.25464,77.25368,23500.0,0.0,27500.0,3684000.0,0.0,156.8,0.0
2022,NEW YORK,MONTGOMERY,69.0264459647501,0.052500155806754,3605.784,13.207999999999998,4198.67448,15.37976,0.0,0.0,15137.935185879747,6.947640680581738,26551.5978,97.2586,11900.0,7060.0,19100.0,1620000.0,120000.0,136.1,17.0
2022,NEW YORK,NIAGARA,0.1429886518185443,0.0001202335959574,6329.37396,23.18452,3590.45778,13.15186,0.0,0.0,17707.452976182052,8.126935353876068,19971.65898,73.15626,28400.0,3600.0,32100.0,4440000.0,65000.0,156.3,18.0
2022,NEW YORK,ONEIDA,18.77452912824993,0.0142805757768238,10129.32648,37.10376,7124.628419999999,26.09754,0.0,0.0,43995.158263791694,20.191825869836244,44210.18784,161.94208,23400.0,0.0,32300.0,3598000.0,0.0,153.8,0.0
2022,NEW YORK,ONONDAGA,1.4993161530753203,0.0011403271494498,8604.495900000002,31.5183,5683.76172,20.81964,0.0,0.0,24834.87371523302,12.268487773942216,33079.16976,121.16912,20100.0,13400.0,34600.0,2988000.0,248000.0,148.7,18.5
2022,NEW YORK,ONTARIO,2.5433723828500434,0.0019403143448955,13532.40252,49.56924,6686.2614,24.4918,0.0,0.0,23906.200993627263,11.809721199903812,34890.4101,127.8037,26100.0,15800.0,42100.0,3797000.0,300000.0,145.5,19.0
2022,NEW YORK,ORANGE,0.0001068346037234,3.635227504812251e-07,563.70132,2.06484,2575.5639,9.4343,0.0,0.0,27546.825977858774,13.6081987609617,15514.2078,56.8286,2110.0,1340.0,4400.0,235000.0,16100.0,111.4,12.0
2022,NEW YORK,ORLEANS,5.65438988480284e-05,1.9240014860147384e-07,7594.324919999999,27.818040000000003,3393.35178,12.42986,0.0,0.0,14579.592074011607,6.691385962213273,17658.51906,64.68322,39500.0,4040.0,43700.0,6543000.0,75000.0,165.6,18.5
2022,NEW YORK,OSWEGO,0.0001388297446299,4.723916114962754e-07,7316.69484,26.80108,3062.60136,11.21832,0.0,0.0,35796.63032935886,16.429065262215037,13638.0153,49.9561,4910.0,0.0,9200.0,721000.0,0.0,146.8,0.0
2022,NEW YORK,OTSEGO,3.1901651055026847,0.0024204936759104,4803.63702,17.59574,4346.31288,15.92056,0.0,0.0,37557.12034458047,17.237052077941435,30551.51736,111.91032,11500.0,5210.0,16800.0,1732000.0,96000.0,150.6,18.5
2022,NEW YORK,RENSSELAER,9.035091923282294e-05,3.0743423500732e-07,409.3635,1.4995,2019.9543,7.3991,0.0,0.0,23296.58146614451,11.508567676618888,12275.61972,44.96564,4940.0,5170.0,10300.0,623000.0,62000.0,126.1,12.0
2022,NEW YORK,SARATOGA,0.0001094198464387,3.7231947466779293e-07,325.3614,1.1918,1453.66494,5.32478,0.0,0.0,28213.419279163376,13.937497466524714,9030.41958,33.07846,4280.0,4790.0,9100.0,607000.0,89000.0,141.8,18.5
2022,NEW YORK,SCHUYLER,33.388304885698815,0.0254001518259255,3194.60778,11.701859999999998,2132.9217,7.8129,0.0,0.0,12500.04885043105,5.736967878123906,12718.147260000002,46.58662,2070.0,1880.0,4100.0,223000.0,21600.0,107.7,11.5
2022,NEW YORK,SENECA,11.782788059854548,0.0089801630991215,7154.93142,26.20854,3429.41508,12.56196,0.0,0.0,12876.075845685677,6.360812658058857,17834.77332,65.32884,16900.0,2960.0,20000.0,2158000.0,55000.0,127.7,18.5
2022,NEW YORK,ST LAWRENCE,21.11781690458524,0.0160813506073651,5512.94562,20.19394,4617.456480000001,16.91376,0.0,0.0,102530.02694597428,50.65008167434722,30067.936080000003,110.13896,9700.0,20800.0,31100.0,1284000.0,364000.0,132.4,17.5
2022,NEW YORK,STEUBEN,4.10336202774224,0.0031406873500686,42622.01034,156.12458,15828.83484,57.981080000000006,0.0,0.0,52262.05475237733,23.985964610754497,54648.58854,200.17798,23400.0,18100.0,43100.0,2898000.0,262000.0,123.8,14.5
2022,NEW YORK,SUFFOLK,6.379141694713448e-05,2.17061050797264e-07,0.0,0.0,5320.27314,19.48818,0.0,0.0,16448.332284480264,8.12551599205874,13144.91178,48.14986,300.0,0.0,400.0,27300.0,0.0,91.0,0.0
2022,NEW YORK,TIOGA,7.501623158032576e-05,2.552553749851742e-07,2249.79846,8.24102,2524.44192,9.247039999999998,0.0,0.0,19342.600663429,8.87739560166949,15528.371039999998,56.88048,5220.0,0.0,7900.0,689000.0,0.0,132.0,0.0
2022,NEW YORK,TOMPKINS,12.777546169258608,0.0097202245861015,4522.07574,16.56438,3514.52556,12.87372,0.0,0.0,17621.992295112217,8.087712692588362,21081.34392,77.22104,5410.0,8140.0,13600.0,777000.0,130000.0,143.6,16.0
2022,NEW YORK,ULSTER,0.0001627598119784,5.53817700034579e-07,276.55992,1.01304,1551.00036,5.68132,0.0,0.0,41966.891442461376,19.260941379586008,8883.45276,32.540119999999995,860.0,360.0,1300.0,103400.0,3100.0,120.2,8.6
2022,NEW YORK,WASHINGTON,0.0001226333093361,4.17280509842178e-07,1203.70614,4.40918,5022.850560000001,18.39872,0.0,0.0,31620.451741625828,15.620579755987151,28086.80784,102.88208,6620.0,20400.0,27100.0,969000.0,347000.0,146.4,17.0
2022,NEW YORK,WAYNE,10.40048411545711,0.007920285792649,11262.52764,41.25468,4653.8037,17.046899999999997,0.0,0.0,22134.31621550646,10.158669190178308,23124.23568,84.70416,19400.0,2800.0,22300.0,2800000.0,50000.0,144.3,18.0
2022,NEW YORK,WYOMING,7.61798542665804,0.0058002905100287,27449.4402,100.5474,10727.66058,39.29546,0.0,0.0,22367.90875339991,10.265877802120489,38495.41332,141.00884000000002,27200.0,27900.0,56900.0,4480000.0,532000.0,164.7,19.0
2022,NEW YORK,YATES,9.904670279784934,0.0075401710620851,5122.648440000001,18.76428,3314.66772,12.14164,0.0,0.0,13240.708080655875,6.540941865398986,18760.565460000005,68.72002,7690.0,3770.0,11600.0,1038000.0,64000.0,135.0,17.0
2022,NORTH CAROLINA,ALAMANCE,1.289815107652886,0.0009801875130794,950.7771,3.4826999999999995,3595.0005,13.1685,0.0,0.0,14209.26245991605,6.521421098411083,16559.38284,60.65708000000001,3110.0,0.0,3400.0,395000.0,0.0,127.0,0.0
2022,NORTH CAROLINA,ALEXANDER,7.923756992958066,0.0060401257982765,542.29266,1.98642,1928.13894,7.06278,0.0,0.0,9771.004457692445,4.484457571448132,7794.237360000001,28.55032,1460.0,0.0,2500.0,205000.0,0.0,140.4,0.0
2022,NORTH CAROLINA,ANSON,7.73142250903481e-05,2.6307468532317964e-07,6387.33186,23.39682,2880.0408,10.5496,0.0,0.0,19935.12803857339,9.149339380352815,14358.15654,52.59398,8770.0,0.0,9300.0,944000.0,0.0,107.6,0.0
2022,NORTH CAROLINA,BEAUFORT,326.31628308047834,0.2482603516794108,25091.93778,91.91186,8902.300679999998,32.60916,0.0,0.0,30629.10785167479,14.057401693641507,41621.42712,152.45944,37300.0,0.0,37700.0,5370000.0,0.0,144.0,0.0
2022,NORTH CAROLINA,BERTIE,2415.624077760664,1.8377602674764844,17606.58354,64.49298,8920.25862,32.67494,0.0,0.0,26367.468593476257,12.101498334784338,52064.4033,190.7121,8680.0,0.0,8800.0,1135000.0,0.0,130.8,0.0
2022,NORTH CAROLINA,BLADEN,235.2031147450569,0.178940392829168,14575.31166,53.38942,7393.53888,27.08256,0.0,0.0,32777.019619530176,15.043197906494363,34351.54086,125.82981999999998,22500.0,0.0,23000.0,2535000.0,0.0,112.7,0.0
2022,NORTH CAROLINA,BRUNSWICK,0.000117241862954,3.989352045798777e-07,2636.6394600000003,9.65802,1389.0895200000002,5.08824,0.0,0.0,30230.29134340508,13.874362609187846,6962.3736,25.5032,6370.0,0.0,6500.0,898000.0,0.0,141.0,0.0
2022,NORTH CAROLINA,BUNCOMBE,8.142409818571027e-05,2.770592214162094e-07,150.67962,0.55194,832.83564,3.05068,0.0,0.0,20994.840481950912,9.635700379453668,3594.06684,13.16508,140.0,0.0,800.0,19400.0,0.0,138.6,0.0
2022,NORTH CAROLINA,BURKE,7.302758331046626e-05,2.484886639795292e-07,311.53122,1.14114,1424.44302,5.21774,0.0,0.0,18829.83657846264,9.301984882109604,6942.99606,25.43222,640.0,0.0,800.0,65600.0,0.0,102.5,0.0
2022,NORTH CAROLINA,CABARRUS,14.81638034310636,0.0112801368074881,2955.05574,10.82438,2657.66592,9.73504,0.0,0.0,11041.51990648284,5.067567798102912,11799.81348,43.22276,4120.0,0.0,4600.0,585000.0,0.0,142.0,0.0
2022,NORTH CAROLINA,CALDWELL,6.441010751760096e-05,2.191662497687041e-07,256.81656,0.94072,1156.5044400000002,4.23628,0.0,0.0,16607.858888078685,8.204322520664732,5592.12654,20.48398,1310.0,0.0,1400.0,209000.0,0.0,159.5,0.0
2022,NORTH CAROLINA,CAMDEN,170.5541021882945,0.1297600766918474,16694.654339999997,61.15258,5133.219,18.803,0.0,0.0,8979.068819261513,4.120994246337756,15126.64608,55.40896,14100.0,0.0,14300.0,2312000.0,0.0,164.0,0.0
2022,NORTH CAROLINA,CASWELL,56.09801625395294,0.0426801914629574,532.9506,1.9522,1941.25386,7.11082,0.0,0.0,16032.423640577634,7.358171198770672,8602.90704,31.51248,860.0,0.0,1000.0,72500.0,0.0,84.3,0.0
2022,NORTH CAROLINA,CATAWBA,5.214677658116695e-05,1.7743819877490132e-07,790.64076,2.89612,2140.46196,7.84052,0.0,0.0,13445.813713189777,6.171031992818783,8187.50478,29.990859999999994,4400.0,0.0,4700.0,632000.0,0.0,143.6,0.0
2022,NORTH CAROLINA,CHATHAM,9.892420288272728e-05,3.366062780013397e-07,820.57794,3.00578,2443.3227,8.9499,0.0,0.0,25507.1644096084,12.600601005483249,11611.82022,42.53414,1900.0,0.0,2800.0,211000.0,0.0,111.1,0.0
2022,NORTH CAROLINA,CHOWAN,1355.9957566663736,1.0316200571181389,8870.27232,32.49184,3750.05358,13.73646,0.0,0.0,6210.142774533817,3.067825573724237,19201.90818,70.33666,2550.0,0.0,2600.0,390000.0,0.0,152.9,0.0
2022,NORTH CAROLINA,CLEVELAND,6.606731440257775e-05,2.2480517558437653e-07,1211.99442,4.43954,2674.581,9.797,0.0,0.0,17035.162290522563,7.818383754235127,9608.25138,35.19506,5650.0,0.0,6500.0,553000.0,0.0,97.9,0.0
2022,NORTH CAROLINA,COLUMBUS,524.7217839263734,0.3992004242537522,28993.0914,106.2018,9365.10666,34.30442,0.0,0.0,35409.20857381981,17.492234808764845,44041.52844,161.32428,31900.0,0.0,32400.0,3881000.0,0.0,121.7,0.0
2022,NORTH CAROLINA,CRAVEN,218.2390997295232,0.1660202732097478,9334.49244,34.19228,3864.6699,14.1563,0.0,0.0,24703.834015977303,12.20375384508661,21028.316400000003,77.0268,14500.0,0.0,14700.0,1683000.0,0.0,116.1,0.0
2022,NORTH CAROLINA,CUMBERLAND,370.4366260272824,0.2818201540809071,8954.02326,32.79862,4417.45122,16.181140000000003,0.0,0.0,19684.443380445104,9.034286243486807,20295.71544,74.34328,7640.0,0.0,7900.0,777000.0,0.0,101.7,0.0
2022,NORTH CAROLINA,CURRITUCK,7.2537350275360275,0.0055401192322645,10068.58944,36.88128,3125.44596,11.448519999999998,0.0,0.0,9320.911541071351,4.60455287974706,10564.9089,38.6993,9330.0,0.0,9500.0,1533000.0,0.0,164.3,0.0
2022,NORTH CAROLINA,DAVIDSON,2.240237005623964,0.0017002619540494,1536.7716,5.629200000000001,3861.21372,14.14364,0.0,0.0,19952.220180743217,9.85644510043584,18536.7819,67.90029999999999,4960.0,0.0,6900.0,571000.0,0.0,115.1,0.0
2022,NORTH CAROLINA,DAVIE,10.31433581786813,0.0078401216603229,740.24496,2.71152,2392.41366,8.76342,0.0,0.0,9611.477854094028,4.411241937533329,11931.5469,43.7053,6460.0,0.0,6700.0,920000.0,0.0,142.4,0.0
2022,NORTH CAROLINA,DURHAM,2.121686868847596,0.0016200914257836,328.4736,1.2032,411.26358,1.50646,0.0,0.0,6928.012490000376,3.422454952092397,1404.312,5.144,360.0,0.0,500.0,40100.0,0.0,111.4,0.0
2022,NORTH CAROLINA,EDGECOMBE,2568.9457393736,1.9544200634980824,24120.30348,88.35276,9998.77788,36.62556,0.0,0.0,18715.889000313346,9.24569450248358,47465.0085,173.8645,7940.0,0.0,8100.0,815000.0,0.0,102.6,0.0
2022,NORTH CAROLINA,FRANKLIN,149.6803187835164,0.1138801973321595,2778.7305,10.1785,1681.51074,6.1593800000000005,0.0,0.0,18191.730165521607,8.986758768403247,6152.03316,22.534920000000003,1970.0,0.0,2400.0,217000.0,0.0,110.2,0.0
2022,NORTH CAROLINA,GATES,685.6325761552527,0.5216201242087853,8521.5312,31.2144,3572.90388,13.087560000000002,0.0,0.0,13058.391963170776,6.450877261728921,21386.85276,78.34012,3630.0,0.0,3700.0,387000.0,0.0,106.6,0.0
2022,NORTH CAROLINA,GRANVILLE,7.592217130820704e-05,2.5833798764223216e-07,1639.88916,6.00692,1810.81992,6.63304,0.0,0.0,19576.19318084012,9.670686851616814,7216.69494,26.43478,1700.0,0.0,2000.0,209000.0,0.0,122.9,0.0
2022,NORTH CAROLINA,GREENE,1903.8471700972336,1.4484400331588922,13367.90364,48.96668,5287.3002,19.3674,0.0,0.0,9879.25465293949,4.534139608723653,26622.83988,97.51956,10400.0,0.0,10900.0,1032000.0,0.0,99.2,0.0
2022,NORTH CAROLINA,GUILFORD,7.057491711979919e-05,2.401430537692667e-07,949.20462,3.4769400000000004,3462.20238,12.68206,0.0,0.0,18197.427542613263,8.351811942947688,15302.88396,56.05452,4260.0,0.0,5100.0,483000.0,0.0,113.4,0.0
2022,NORTH CAROLINA,HARNETT,629.9292368655049,0.4792601194995777,8681.90778,31.80186,4682.99832,17.15384,0.0,0.0,21564.57835090766,10.652953942183848,15929.71926,58.35062,6450.0,0.0,7200.0,759000.0,0.0,117.7,0.0
2022,NORTH CAROLINA,HENDERSON,4.80589996079894e-05,1.635288484628036e-07,310.59756000000004,1.13772,1962.67344,7.18928,0.0,0.0,12391.798656346122,5.687285841381744,10042.0866,36.784200000000006,2330.0,0.0,2500.0,382000.0,0.0,163.9,0.0
2022,NORTH CAROLINA,HERTFORD,759.127480705662,0.5775401412323823,9911.09028,36.30436,4962.4029,18.1773,0.0,0.0,13269.194973958449,6.555014459695523,29131.75902,106.70974,7420.0,0.0,7600.0,892000.0,0.0,120.2,0.0
2022,NORTH CAROLINA,HOKE,918.480094064273,0.6987601158045684,4755.64908,17.41996,2154.58698,7.89226,0.0,0.0,13861.722358545054,6.361915609930005,9961.81914,36.49018,6800.0,0.0,7000.0,664000.0,0.0,97.6,0.0
2022,NORTH CAROLINA,HYDE,481.0921971793597,0.3660002649281625,13465.18992,49.323040000000006,5762.41848,21.10776,0.0,0.0,22464.764188507783,10.310330150002024,26389.99272,96.66664,29100.0,0.0,30000.0,4571000.0,0.0,157.1,0.0
2022,NORTH CAROLINA,IREDELL,147.43361785233785,0.1121601948002997,1511.36076,5.53612,4750.87704,17.402479999999997,0.0,0.0,19638.86435354333,9.701646562743363,21659.29584,79.33808,15000.0,0.0,20100.0,2212000.0,0.0,147.5,0.0
2022,NORTH CAROLINA,JACKSON,7.134828031738933e-05,2.427745524308494e-07,18.28008,0.06696,80.98818,0.2966599999999999,0.0,0.0,18396.835793116505,9.088081445271593,53.46978,0.19586,110.0,0.0,200.0,14400.0,0.0,130.9,0.0
2022,NORTH CAROLINA,JOHNSTON,1365.8181427375785,1.039100138843577,33222.05796,121.69252,12334.23282,45.18034,0.0,0.0,27985.52414029656,12.844114048386784,31647.75978,115.92586,6000.0,0.0,7500.0,584000.0,0.0,97.3,0.0
2022,NORTH CAROLINA,JONES,161.14361685271666,0.1225801945902924,8146.94244,29.84228,3988.69926,14.61062,0.0,0.0,17627.689680338703,8.09032753965214,21949.96986,80.40282,11800.0,0.0,12000.0,1195000.0,0.0,101.3,0.0
2022,NORTH CAROLINA,LEE,3.504440154826263e-05,1.192444844254059e-07,561.28254,2.05598,833.36526,3.05262,0.0,0.0,9036.04260514033,4.463826935346466,3653.70642,13.38354,1300.0,0.0,1400.0,144800.0,0.0,111.4,0.0
2022,NORTH CAROLINA,LENOIR,1592.9182390524102,1.2118600642151782,15396.68676,56.398120000000006,7185.1689,26.3193,0.0,0.0,14767.60557033154,7.295232923970338,40314.15024,147.67087999999998,18500.0,0.0,18700.0,2499000.0,0.0,135.1,0.0
2022,NORTH CAROLINA,LINCOLN,4.096615414727458e-05,1.3939424599549598e-07,623.9742600000001,2.28562,1470.27426,5.38562,0.0,0.0,10562.940095687583,5.218117994348385,5389.915440000001,19.74328,1550.0,0.0,4000.0,166500.0,0.0,107.4,0.0
2022,NORTH CAROLINA,MADISON,3.65664500932697,0.0027802210046377,35.11872,0.12864,136.61466,0.50042,0.0,0.0,16961.096366541333,8.378822690688109,158.49833999999998,0.5805799999999999,330.0,0.0,500.0,48500.0,0.0,147.0,0.0
2022,NORTH CAROLINA,MARTIN,1123.607199638849,0.8548201361179044,13436.55222,49.21814,5574.67092,20.42004,0.0,0.0,17462.465691659065,8.62650035178544,31228.759380000003,114.39106,4350.0,0.0,4500.0,422000.0,0.0,97.0,0.0
2022,NORTH CAROLINA,MOORE,9.141579789231598,0.006960339617169,809.72346,2.96602,2012.01546,7.37002,0.0,0.0,25820.520233902986,11.850473302209666,8268.94614,30.289179999999995,3170.0,0.0,3900.0,314000.0,0.0,99.1,0.0
2022,NORTH CAROLINA,NASH,2162.3189075610026,1.6450600889046865,28202.49432,103.30584,8944.817700000001,32.7649,0.0,0.0,19462.245612859355,9.614396477014065,19580.013179999994,71.72166,2890.0,0.0,3000.0,277000.0,0.0,95.8,0.0
2022,NORTH CAROLINA,NORTHAMPTON,372.68599360958126,0.2835202493068144,15508.49118,56.80766,6312.66636,23.12332,0.0,0.0,20590.326600947483,10.171671217730257,36898.36878,135.15885999999998,10000.0,0.0,10100.0,1283000.0,0.0,128.3,0.0
2022,NORTH CAROLINA,ONSLOW,261.8751280389128,0.1992203015661382,7036.88622,25.77614,4304.00334,15.76558,0.0,0.0,26504.205673745782,12.164254588511112,20954.0331,76.7547,7620.0,0.0,7800.0,888000.0,0.0,116.5,0.0
2022,NORTH CAROLINA,ORANGE,22.08569309690853,0.0168001806711828,746.928,2.736,1703.67288,6.24056,0.0,0.0,13690.80099785803,6.283470288021293,7530.705,27.585,2040.0,0.0,2300.0,290000.0,0.0,142.2,0.0
2022,NORTH CAROLINA,PAMLICO,154.3619823729662,0.1174401450423506,6139.8792,22.4904,1730.44872,6.33864,0.0,0.0,12613.996425093985,6.231344789439947,6479.01618,23.73266,13300.0,0.0,13400.0,2012000.0,0.0,151.3,0.0
2022,NORTH CAROLINA,PASQUOTANK,774.5596376513786,0.5892600617202698,19721.6838,72.24060000000001,5912.73774,21.65838,0.0,0.0,7919.356381404052,3.9121812358221306,19544.0154,71.58980000000001,19400.0,0.0,19600.0,3294000.0,0.0,169.8,0.0
2022,NORTH CAROLINA,PERQUIMANS,1605.0723204832184,1.2211400716221548,13616.77044,49.87828,4681.46406,17.148220000000002,0.0,0.0,9189.871831356566,4.539818945724648,23489.67348,86.04276,12600.0,0.0,12700.0,1934000.0,0.0,153.5,0.0
2022,NORTH CAROLINA,PERSON,207.4782511175465,0.1578401739984115,1375.8927,5.0399,2154.84906,7.89322,0.0,0.0,15132.237807335448,6.945025836584785,8806.02996,32.25652,3050.0,0.0,3400.0,357000.0,0.0,117.0,0.0
2022,NORTH CAROLINA,PITT,1582.4816229236512,1.203920144979049,25656.5946,93.9802,8741.913180000001,32.021660000000004,0.0,0.0,22504.64582814937,10.328634053313795,45309.09474,165.96738000000002,13400.0,0.0,13600.0,1343000.0,0.0,100.2,0.0
2022,NORTH CAROLINA,RANDOLPH,0.0001098396722166,3.737480026556049e-07,1443.4602,5.2874,3850.73052,14.105240000000002,0.0,0.0,28321.669483126305,13.990973329501678,18142.0785,66.45450000000001,8530.0,0.0,9800.0,1092000.0,0.0,128.0,0.0
2022,NORTH CAROLINA,ROBESON,2737.259149929261,2.08248016310843,45652.93824,167.22688,15441.60618,56.56266000000001,0.0,0.0,34799.5890477897,15.971467546080632,72871.56786,266.92882,58700.0,0.0,59600.0,6361000.0,0.0,108.4,0.0
2022,NORTH CAROLINA,ROCKINGHAM,8.054025454339393e-05,2.7405179441547897e-07,688.89912,2.5234400000000003,2530.12578,9.26786,0.0,0.0,20766.945341631454,10.258921303459552,10482.81234,38.39858,1850.0,0.0,2600.0,193400.0,0.0,104.5,0.0
2022,NORTH CAROLINA,ROWAN,183.1031995234076,0.13930020220917,2070.77598,7.58526,3434.4765,12.5805,0.0,0.0,17861.282199783524,8.823516672869856,15750.00882,57.69234,9400.0,0.0,10600.0,1085000.0,0.0,115.4,0.0
2022,NORTH CAROLINA,RUTHERFORD,8.102636853286513e-05,2.757058792189144e-07,512.35548,1.87676,1681.77282,6.16034,0.0,0.0,20892.28766524817,9.588633186175098,7177.377480000001,26.29076,650.0,0.0,700.0,62900.0,0.0,96.8,0.0
2022,NORTH CAROLINA,SAMPSON,3571.653936640574,2.717260119362577,31542.4746,115.5402,16304.91408,59.72496,0.0,0.0,35916.275278789224,16.483976986151063,66711.41568,244.36416,31900.0,0.0,32400.0,3505000.0,0.0,109.9,0.0
2022,NORTH CAROLINA,STANLY,5.771499170973128e-05,1.963849894986914e-07,8819.4834,32.3058,4581.49146,16.782020000000003,0.0,0.0,14881.55314412289,7.351523301443531,21937.2972,80.35640000000001,11700.0,0.0,12000.0,1264000.0,0.0,108.0,0.0
2022,NORTH CAROLINA,STOKES,6.454268407042725e-05,2.19617363840859e-07,488.51712,1.78944,1917.74856,7.02472,0.0,0.0,16642.043160797148,7.637959513778421,9756.62142,35.73853999999999,1550.0,0.0,1800.0,216000.0,0.0,139.4,0.0
2022,NORTH CAROLINA,SURRY,206.76762748921715,0.157300230710928,1038.9015,3.8055,3797.90502,13.911740000000002,0.0,0.0,19730.022411704824,9.05520499679584,18570.05514,68.02218,8720.0,0.0,9300.0,1207000.0,0.0,138.4,0.0
2022,NORTH CAROLINA,TRANSYLVANIA,5.4643634954231526e-05,1.859341803361588e-07,66.4755,0.2434999999999998,404.6406,1.4822000000000002,0.0,0.0,14089.61750612775,6.466509372474954,1935.6573600000004,7.09032,1690.0,0.0,1800.0,259000.0,0.0,153.3,0.0
2022,NORTH CAROLINA,TYRRELL,1156.366538676644,0.8797401332794074,12157.63458,44.533460000000005,4265.91984,15.62608,0.0,0.0,14351.696925702588,6.586792199334975,15993.73776,58.58512,22800.0,0.0,23100.0,3371000.0,0.0,147.9,0.0
2022,NORTH CAROLINA,UNION,8.1357809912114e-05,2.768336643897169e-07,13724.94396,50.27452,8530.24536,31.24632,0.0,0.0,20977.748346318003,10.363058498412189,39158.273700000005,143.4369,25600.0,0.0,26000.0,2823000.0,0.0,110.3,0.0
2022,NORTH CAROLINA,VANCE,3.6524839703649405e-05,1.2428192483709833e-07,769.74534,2.81958,626.5896,2.2952000000000004,0.0,0.0,9417.766979229791,4.652399700814557,2013.5115,7.3755,170.0,0.0,200.0,15100.0,0.0,88.8,0.0
2022,NORTH CAROLINA,WAKE,54.74435778995105,0.0416401953748706,5496.582,20.134,2662.1867999999995,9.7516,0.0,0.0,17576.41326530515,8.682790729186872,8207.25906,30.06322,780.0,0.0,900.0,65900.0,0.0,84.5,0.0
2022,NORTH CAROLINA,WARREN,2.538964080410524,0.0019202180495707,1196.19864,4.38168,742.0576800000001,2.71816,0.0,0.0,16562.27985681896,7.601351695820966,2619.9919200000004,9.59704,1130.0,0.0,1200.0,99700.0,0.0,88.2,0.0
2022,NORTH CAROLINA,WASHINGTON,1641.2408149972523,1.248620120555382,21849.54954,80.03498,7739.2497,28.3489,0.0,0.0,12915.95749535053,6.380514289600385,29450.69946,107.87802,28000.0,0.0,28300.0,4123000.0,0.0,147.3,0.0
2022,NORTH CAROLINA,WAYNE,3708.155714554516,2.821140045862065,20155.71012,73.83044,8928.443159999999,32.704919999999994,0.0,0.0,19741.417170246077,9.75230790261276,45743.28486,167.55782,20100.0,0.0,20500.0,2064000.0,0.0,102.7,0.0
2022,NORTH CAROLINA,WILKES,410.34248098050847,0.312180273420209,750.0129,2.7473,3813.46602,13.96874,0.0,0.0,28230.511419154223,12.956552340922489,19703.62758,72.17446000000001,4920.0,0.0,7700.0,804000.0,0.0,163.4,0.0
2022,NORTH CAROLINA,WILSON,2003.607558866616,1.5243000602954218,24927.47166,91.30942,7620.1125,27.9125,0.0,0.0,13200.826429974168,6.058593698282973,23646.35364,86.61668,7840.0,0.0,8000.0,710000.0,0.0,90.6,0.0
2022,NORTH CAROLINA,YADKIN,232.08117553009595,0.1765601199627718,1120.14084,4.10308,3478.31484,12.741079999999998,0.0,0.0,12386.101276349167,6.118764033919472,16661.430239999998,61.03088,11100.0,0.0,11700.0,1652000.0,0.0,148.8,0.0
2022,NORTH DAKOTA,ADAMS,9.788364785565372,0.00744049276693,2924.3323200000004,10.71184,1204.10472,4.41064,0.0,0.0,37340.61995411544,17.13768800340373,9904.64748,36.28076,32700.0,0.0,39500.0,1901000.0,0.0,58.1,0.0
2022,NORTH DAKOTA,BARNES,1970.39743344895,1.4990402513138028,35455.95144,129.87528,7382.12202,27.04074,0.0,0.0,56478.114970455004,25.92094921223576,62521.37892,229.01604,105000.0,0.0,109000.0,14427000.0,0.0,137.4,0.0
2022,NORTH DAKOTA,BENSON,2332.496898930761,1.774540272301607,22332.59028,81.80436,6577.02318,24.09166,0.0,0.0,50985.84191414778,23.400239535102507,53957.35254,197.64598,37300.0,4070.0,41400.0,4795000.0,63000.0,128.6,15.5
2022,NORTH DAKOTA,BILLINGS,0.0266884163026922,2.0573065233610276e-05,1530.88572,5.607640000000001,739.50786,2.70882,0.0,0.0,43425.42039893141,19.930341465353965,5070.36894,18.57278,5530.0,1720.0,7500.0,330000.0,23200.0,59.7,13.5
2022,NORTH DAKOTA,BOTTINEAU,5766.115202648738,4.3867802106458615,29136.72762,106.72794,8860.20954,32.45498,0.0,0.0,63850.52300129221,29.30455743356501,68717.90016,251.71392,17500.0,0.0,19900.0,1920000.0,0.0,109.7,0.0
2022,NORTH DAKOTA,BOWMAN,2.9065714641318903,0.002200583440857,2795.8530600000004,10.241219999999998,1198.56828,4.39036,0.0,0.0,44211.65865345778,21.840666470671604,8890.52892,32.56604,24200.0,2950.0,30300.0,1477000.0,33900.0,61.0,11.5
2022,NORTH DAKOTA,BURLEIGH,45.25241266585744,0.0344407927490798,5418.81522,19.84914,1850.65062,6.77894,0.0,0.0,60996.13628304844,27.994520560089647,17830.66194,65.31378,67400.0,16100.0,83700.0,6013000.0,233000.0,89.2,14.5
2022,NORTH DAKOTA,CASS,2100.533209006785,1.598040580437864,85317.66516,312.51892,27564.78816,100.96992,0.0,0.0,65149.52535413476,29.900741885404823,67819.5882,248.4234,260000.0,560.0,262500.0,44930000.0,12000.0,172.8,21.5
2022,NORTH DAKOTA,DICKEY,1179.6516754745544,0.897480250315954,22193.71518,81.29566,9770.71368,35.79016,0.0,0.0,42696.15591797995,19.59564142122326,71148.92693999999,260.61878,105300.0,2860.0,110000.0,16020000.0,51000.0,152.1,18.0
2022,NORTH DAKOTA,DIVIDE,2440.7211819817767,1.856860273813757,6458.617619999999,23.65794,2669.03364,9.77668,0.0,0.0,48695.49567765868,22.349072220019025,31001.1702,113.5574,1180.0,1290.0,2700.0,84600.0,21900.0,71.7,17.0
2022,NORTH DAKOTA,DUNN,1.6715958775581836,0.0012610067950216,5920.13058,21.68546,2877.0105000000003,10.5385,0.0,0.0,76293.59807412451,37.689222257987055,13790.158200000002,50.5134,28000.0,4170.0,32900.0,2141000.0,56000.0,76.5,13.5
2022,NORTH DAKOTA,EDDY,468.9619654277139,0.3567601516768233,8706.59244,31.89228,2447.7726,8.966199999999999,0.0,0.0,24008.75381092559,11.860382540067429,20740.78734,75.97358,28000.0,2750.0,31800.0,3507000.0,46800.0,125.3,17.0
2022,NORTH DAKOTA,EMMONS,1.080519832336185,0.0008207480352881,8994.00138,32.94506,3198.29874,11.71538,0.0,0.0,56706.01012113184,28.01290636132482,29229.74964,107.06868,130900.0,6390.0,140000.0,12551000.0,96000.0,95.9,15.0
2022,NORTH DAKOTA,FOSTER,804.9051964728003,0.6123801232722469,13387.150139999998,49.03718,3135.63432,11.48584,0.0,0.0,24014.45118961516,11.021567734180955,28595.54334,104.74558,54500.0,0.0,58700.0,7168000.0,0.0,131.5,0.0
2022,NORTH DAKOTA,GRAND FORKS,3658.3626123047993,2.783240246119421,79094.01864,289.72168000000005,23628.69054,86.55198,0.0,0.0,53401.53048869289,24.508933422745866,79026.46752,289.47424,85500.0,0.0,86800.0,12940000.0,0.0,151.3,0.0
2022,NORTH DAKOTA,GRANT,0.7011624575549077,0.0005408250124386,4034.49228,14.77836,1565.17452,5.73324,0.0,0.0,62517.33638810773,30.883715614244508,14444.82858,52.911460000000005,50000.0,0.0,75400.0,3668000.0,0.0,73.4,0.0
2022,NORTH DAKOTA,GRIGGS,866.2645009191835,0.659060137249319,14239.86564,52.16068,3237.4251,11.8587,0.0,0.0,26914.41693611166,12.352523359585277,27101.796540000003,99.27398,28800.0,3600.0,32600.0,4152000.0,79000.0,144.2,22.0
2022,NORTH DAKOTA,HETTINGER,46.090666645213375,0.0350605674263076,6622.346640000001,24.25768,2605.44102,9.54374,0.0,0.0,42998.11698749564,19.73422815612196,23156.94108,84.82396,28400.0,0.0,35000.0,2002000.0,0.0,70.5,0.0
2022,NORTH DAKOTA,KIDDER,116.59255173349555,0.088700651844684,8240.62512,30.18544,2739.64236,10.03532,0.0,0.0,51236.52657364155,23.515292672595216,21412.67856,78.43472,33100.0,13800.0,49700.0,3798000.0,186000.0,114.7,13.5
2022,NORTH DAKOTA,LA MOURE,1557.5545819724584,1.1849802095259228,21324.6033,78.1121,6852.7040400000005,25.10148,0.0,0.0,42992.419613265694,21.238359431399864,49940.86188,182.93356,113200.0,220.0,115000.0,16168000.0,4700.0,142.8,21.5
2022,NORTH DAKOTA,LOGAN,160.46454210512871,0.1221004139803594,8484.84546,31.08002,2375.24742,8.70054,0.0,0.0,37614.09412483754,17.26320051553085,21453.3501,78.5837,40900.0,12600.0,57100.0,4499000.0,157000.0,110.0,12.5
2022,NORTH DAKOTA,MCHENRY,1298.1568143618288,0.9876205896970944,17110.853759999998,62.67712,5186.54682,18.99834,0.0,0.0,71291.29958206954,32.719543786257866,44843.8536,164.2632,51700.0,13200.0,65600.0,5714000.0,185000.0,110.5,14.0
2022,NORTH DAKOTA,MCINTOSH,126.37103213701748,0.0961603822251401,8794.678619999999,32.21494,2637.75876,9.662120000000002,0.0,0.0,36206.84158777354,17.88626744979985,23429.41146,85.82202000000001,57600.0,8250.0,66400.0,5844000.0,128000.0,101.5,15.5
2022,NORTH DAKOTA,MCKENZIE,117.73749818180454,0.089581354490962,10491.54834,38.43058,4386.06714,16.06618,0.0,0.0,104649.45181820288,51.69708269520509,21217.09044,77.71828,3260.0,5810.0,10300.0,388000.0,90000.0,119.0,15.5
2022,NORTH DAKOTA,MCLEAN,1109.343080472382,0.8439606684670724,22008.40824,80.61688,7170.38322,26.26514,0.0,0.0,80042.47324517774,36.73594426611715,66065.50314,241.99818,85900.0,1050.0,88000.0,8638000.0,14200.0,100.6,13.5
2022,NORTH DAKOTA,MERCER,47.1211477451128,0.0358405014372001,3422.06046,12.53502,1351.5957,4.950900000000001,0.0,0.0,39414.46578808251,19.470841574722986,8260.0791,30.2567,31800.0,0.0,36800.0,2723000.0,0.0,85.6,0.0
2022,NORTH DAKOTA,MORTON,0.0002805982694432,9.547829180177509e-07,4688.60028,17.17436,1756.9188,6.4356,0.0,0.0,72351.0120190554,35.74157519648168,17200.46874,63.00538,50600.0,23100.0,77500.0,4343000.0,333000.0,85.8,14.5
2022,NORTH DAKOTA,MOUNTRAIL,1631.0966688318326,1.2409207128405697,11891.2248,43.5576,4396.84518,16.10566,0.0,0.0,69929.62607453659,34.54540467445872,38978.36124,142.77788,5220.0,3320.0,9000.0,442000.0,43200.0,84.7,13.0
2022,NORTH DAKOTA,NELSON,5484.508243040679,4.172520147211984,23620.60428,86.52236,6234.70848,22.83776,0.0,0.0,36936.10605870173,16.952034071006246,45509.476740000006,166.70137999999997,15700.0,0.0,17400.0,2078000.0,0.0,132.4,0.0
2022,NORTH DAKOTA,PEMBINA,9613.700649103448,7.313980232441831,107029.27326,392.04862,37721.40372,138.17364,0.0,0.0,42308.734167467046,19.417832025070183,70239.5421,257.2877,14900.0,0.0,15400.0,2152000.0,0.0,144.4,0.0
2022,NORTH DAKOTA,PIERCE,875.6100153153134,0.6661602535833904,11055.81204,40.49748,3404.2008000000005,12.4696,0.0,0.0,38901.701712311406,17.854155275576563,27772.879680000005,101.73216,19200.0,0.0,23700.0,2229000.0,0.0,116.1,0.0
2022,NORTH DAKOTA,RAMSEY,12101.652089604724,9.206780101761858,26211.29238,96.01206,7493.27124,27.44788,0.0,0.0,44251.54030583909,20.309493853166,65615.33159999999,240.3492,23900.0,0.0,24900.0,3098000.0,0.0,129.6,0.0
2022,NORTH DAKOTA,RANSOM,1388.8016993919837,1.0565802025288549,22482.78396,82.35452,7753.37472,28.40064,0.0,0.0,32184.492228842453,14.771254120677336,55502.52708,203.30596,71500.0,9200.0,80700.0,12252000.0,166000.0,171.4,18.0
2022,NORTH DAKOTA,RICHLAND,1187.469884023575,0.903420558700876,66976.455,245.335,24947.76648000001,91.38376,0.0,0.0,54051.03165015192,24.80702564179876,73890.57311999999,270.66144,221500.0,0.0,237000.0,33765000.0,0.0,152.4,0.0
2022,NORTH DAKOTA,SARGENT,1024.0600362220707,0.7791002593940374,17352.153000000002,63.56100000000001,7002.73938,25.65106,0.0,0.0,32218.676498858986,14.786943184085692,49623.59766,181.77142,94600.0,0.0,98500.0,15040000.0,0.0,159.0,0.0
2022,NORTH DAKOTA,SHERIDAN,191.022138094913,0.1453404711040849,6940.9704,25.4248,2226.2877000000003,8.1549,0.0,0.0,37386.19897565694,18.468872856224003,19878.9864,72.8168,23100.0,0.0,27700.0,2590000.0,0.0,112.1,0.0
2022,NORTH DAKOTA,SLOPE,20.160658691327903,0.0153406081017592,3994.68342,14.63254,1577.49774,5.77838,0.0,0.0,46080.3988648997,22.763828661856287,14528.09358,53.21646,12800.0,3200.0,17800.0,700000.0,33600.0,54.7,10.5
2022,NORTH DAKOTA,STARK,7.582872751510236,0.00576065591985,5875.20024,21.52088,2541.50988,9.30956,0.0,0.0,49703.93171814677,22.811899624987376,20413.1928,74.7736,39500.0,4410.0,45200.0,2914000.0,48200.0,73.8,11.0
2022,NORTH DAKOTA,STEELE,761.0158221324524,0.5789602107748503,26091.303420000004,95.57254,6617.0559,24.2383,0.0,0.0,27073.943549573552,12.42573899802698,35451.52338,129.85906,75400.0,220.0,78100.0,11548000.0,3700.0,153.2,17.0
2022,NORTH DAKOTA,STUTSMAN,2943.156550348613,2.239140447527676,34453.04772,126.20164,8102.91846,29.68102,0.0,0.0,85289.75902030306,39.14421564964797,69640.6347,255.0939,158500.0,6420.0,166000.0,21052000.0,100000.0,132.8,15.5
2022,NORTH DAKOTA,TRAILL,2028.456261790356,1.543200280299174,53684.7675,196.6475,17628.8385,64.5745,0.0,0.0,32389.59787212593,14.86538851176803,44038.449,161.313,79600.0,0.0,82300.0,13602000.0,0.0,170.9,0.0
2022,NORTH DAKOTA,WALSH,13202.575063023362,10.044360146821736,83563.50366,306.09342,28184.01222,103.23814,0.0,0.0,48416.32412646023,22.220944863008235,79070.1366,289.6342,34700.0,440.0,36200.0,5324000.0,9400.0,153.4,21.5
2022,NORTH DAKOTA,WARD,3953.2308860396174,3.0075604918691683,25884.505920000003,94.81504,8587.236840000001,31.45508,0.0,0.0,76179.65049161729,37.63293187620821,74229.28421999999,271.90214,31200.0,0.0,33700.0,3131000.0,0.0,100.4,0.0
2022,NORTH DAKOTA,WELLS,814.1663357205648,0.6194203901644877,19643.2782,71.9534,5552.12112,20.33744,0.0,0.0,48228.31063762144,22.13465501254217,53681.47512,196.63544,91400.0,0.0,95100.0,13378000.0,0.0,146.4,0.0
2022,OHIO,ADAMS,0.2090054226369436,0.000160290667829,3275.2083,11.9971,3028.45452,11.093240000000002,0.0,0.0,22026.06602345524,10.108987154369528,13541.44428,49.60236,14400.0,0.0,15300.0,2467000.0,0.0,171.3,0.0
2022,OHIO,ALLEN,20.40622838724744,0.0155201644069409,19299.07434,70.69258,6234.954180000001,22.83866,0.0,0.0,14049.735856317631,6.940603546319791,35939.73474,131.64738,59000.0,0.0,62300.0,11499000.0,0.0,194.9,0.0
2022,OHIO,ASHTABULA,9.921145204014212e-05,3.375836916869576e-07,5922.26544,21.69328,3317.9328,12.1536,0.0,0.0,25581.23032342109,11.740649849004008,15285.53754,55.99098,16700.0,0.0,20100.0,2831000.0,0.0,169.5,0.0
2022,OHIO,ATHENS,7.278452628474484e-05,2.4766162147237697e-07,523.43928,1.91736,1246.49616,4.56592,0.0,0.0,18767.16540866472,9.271025172418277,5848.93764,21.42468,1770.0,0.0,2600.0,267000.0,0.0,150.8,0.0
2022,OHIO,AUGLAIZE,14.000753364145432,0.0106601812627035,17192.420700000002,62.9759,5543.13396,20.30452,0.0,0.0,14665.052754790917,6.730608623367639,30558.51708,111.93596,67000.0,0.0,70700.0,13212000.0,0.0,197.2,0.0
2022,OHIO,BROWN,35.40931126960178,0.0269402430001094,7523.76534,27.55958,3700.88082,13.55634,0.0,0.0,18413.92793601265,9.096525005265343,15537.45648,56.91376,17900.0,0.0,21100.0,3270000.0,0.0,182.7,0.0
2022,OHIO,BUTLER,18.708404909386186,0.0142401524093623,8721.73302,31.94774,3834.74364,14.04668,0.0,0.0,12403.193413434728,5.692515529375652,18060.51156,66.15572,22800.0,0.0,24200.0,3837000.0,0.0,168.3,0.0
2022,OHIO,CARROLL,18.382014455679936,0.0139801844806328,4060.66752,14.87424,2892.40224,10.59488,0.0,0.0,14847.368871404427,7.33463618791453,15813.48678,57.92486,10900.0,0.0,12000.0,1504000.0,0.0,138.0,0.0
2022,OHIO,CHAMPAIGN,142.00661318540838,0.1080201824701969,21327.00024,78.12088,7864.00524,28.80588,0.0,0.0,15952.6603380521,7.32156338147992,44586.08154,163.31898,80900.0,0.0,84500.0,15832000.0,0.0,195.7,0.0
2022,OHIO,CLARK,78.77302294328153,0.0599201452974773,17935.390199999998,65.6974,6994.81692,25.62204,0.0,0.0,13645.22196805096,6.740772705644104,37772.00154,138.35898,57900.0,0.0,61900.0,11632000.0,0.0,200.9,0.0
2022,OHIO,CLERMONT,6.029395414399692,0.0045801886408646,4793.89092,17.56004,2140.92606,7.842220000000001,0.0,0.0,14294.723138080588,7.061627856954259,9350.47932,34.250840000000004,13900.0,0.0,14500.0,2453000.0,0.0,176.5,0.0
2022,OHIO,CLINTON,37.45031501787805,0.0285001866123367,20976.68118,76.83766,6476.14968,23.72216,0.0,0.0,15092.35615607268,6.92672192793941,34564.22424,126.60888,62200.0,0.0,64800.0,12204000.0,0.0,196.2,0.0
2022,OHIO,COLUMBIANA,7.453011754578422e-05,2.536012900283793e-07,9108.16998,33.363260000000004,5019.63462,18.38694,0.0,0.0,19217.258328191103,8.819869030403003,27182.6373,99.5701,23600.0,0.0,25500.0,3790000.0,0.0,160.6,0.0
2022,OHIO,COSHOCTON,0.4271015107274328,0.000320277359964,6631.69962,24.29194,4816.0203,17.641099999999998,0.0,0.0,21017.629998742894,9.64615975664154,26479.37292,96.99404,22300.0,0.0,24700.0,3693000.0,0.0,165.6,0.0
2022,OHIO,CRAWFORD,48.82055194927057,0.037140177036164,20802.8184,76.2008,7256.84232,26.58184,0.0,0.0,14653.65799668546,6.7253789349070425,39127.86696,143.32552,74000.0,0.0,78000.0,15545000.0,0.0,210.1,0.0
2022,OHIO,DARKE,70.47757449955895,0.0536202519402303,27914.62128,102.25136,9535.71528,34.92936,0.0,0.0,22362.211367447104,10.263262954723356,53184.88812,194.81644,123600.0,0.0,132000.0,23997000.0,0.0,194.2,0.0
2022,OHIO,DEFIANCE,127.5707891477013,0.0970401670936672,19808.3067,72.5579,5111.646540000001,18.72398,0.0,0.0,15183.514214669964,7.500692801747493,28737.84186,105.26682,47000.0,0.0,54100.0,8700000.0,0.0,185.1,0.0
2022,OHIO,DELAWARE,13.532574408215869,0.0103001850911197,17307.57756,63.39772000000001,4841.382,17.733999999999998,0.0,0.0,14340.302167887658,7.084144008087058,25137.1575,92.0775,33100.0,0.0,34300.0,6150000.0,0.0,185.8,0.0
2022,OHIO,ERIE,0.8497542434484086,0.000640116501075,2797.4528399999995,10.24708,3550.33224,13.00488,0.0,0.0,8887.910760083167,4.390649445061883,16249.14018,59.52066,25100.0,0.0,26400.0,4699000.0,0.0,187.2,0.0
2022,OHIO,FAIRFIELD,179.17702882718677,0.1363001677579851,17629.30806,64.57622,7875.70602,28.84874,0.0,0.0,17422.584041703678,8.60679872010039,38138.43306,139.70122,54200.0,0.0,56300.0,10320000.0,0.0,190.4,0.0
2022,OHIO,FAYETTE,120.02818962997588,0.0913201693287493,22339.044,81.828,7631.88972,27.95564,0.0,0.0,14989.803339950997,6.879654734927523,40480.0851,148.2787,77600.0,0.0,81300.0,14084000.0,0.0,181.5,0.0
2022,OHIO,FRANKLIN,13.10330731317687,0.0099600927016336,8848.4214,32.4118,3006.2213999999994,11.0118,0.0,0.0,7640.18482692263,3.7742698116586575,15334.7922,56.171400000000006,10700.0,0.0,11100.0,1988000.0,0.0,185.8,0.0
2022,OHIO,FULTON,132.7055336925285,0.1009601844395026,20773.77666,76.09442,7320.23292,26.81404,0.0,0.0,14881.553144122889,7.35152330144353,43555.90512,159.54544,78300.0,0.0,81400.0,15683000.0,0.0,200.3,0.0
2022,OHIO,GALLIA,6.863046102670344e-05,2.3352671409544695e-07,819.22386,3.00082,2513.14518,9.20566,0.0,0.0,17696.058213282857,8.741895623309128,12123.111,44.407,2840.0,0.0,3100.0,435000.0,0.0,153.2,0.0
2022,OHIO,GEAUGA,5.8399970553793984e-05,1.9871574549662399e-07,1658.79714,6.07618,1532.6438400000002,5.61408,0.0,0.0,15058.171883354216,6.911032863290986,8258.3319,30.250300000000003,1930.0,0.0,3000.0,301000.0,0.0,156.0,0.0
2022,OHIO,GREENE,63.419806940907634,0.0482401588412083,16856.06286,61.74382,6394.59366,23.42342,0.0,0.0,13348.958275031337,6.5944177236397135,33846.3762,123.9794,54300.0,0.0,56200.0,10344000.0,0.0,190.5,0.0
2022,OHIO,GUERNSEY,7.62315166356937e-05,2.593905872717266e-07,1992.50142,7.29854,3120.54834,11.43058,0.0,0.0,19655.956493534184,9.710090121301894,16856.73444,61.74628,2910.0,0.0,3200.0,430000.0,0.0,147.8,0.0
2022,OHIO,HAMILTON,7.513463555550146,0.0057200801598377,1396.38954,5.11498,769.9473600000001,2.82032,0.0,0.0,6198.748015992564,2.8449503420226474,3548.6560199999994,12.998740000000002,2430.0,0.0,2900.0,430000.0,0.0,177.0,0.0
2022,OHIO,HANCOCK,38.06676781098317,0.0289602299473859,28972.29972,106.12564,9233.29134,33.82158,0.0,0.0,19268.53473363718,8.843402625708885,50053.90572,183.34764,78600.0,0.0,82100.0,14926000.0,0.0,189.9,0.0
2022,OHIO,HARDIN,57.11280221789226,0.0434402109472508,25113.88698,91.99226,7704.37122,28.22114,0.0,0.0,17382.702393346208,7.977889243382905,43808.54478,160.47086,81000.0,0.0,84100.0,15520000.0,0.0,191.6,0.0
2022,OHIO,HENRY,23.578376623438576,0.0179201923930843,21764.60286,79.72382,7271.284020000001,26.63474,0.0,0.0,15456.98839787032,7.6357897106971215,41457.96564,151.86068,75600.0,0.0,78300.0,15218000.0,0.0,201.3,0.0
2022,OHIO,HIGHLAND,36.96535856633526,0.028120267273095,17199.85722,63.00314,5466.552000000001,20.024,0.0,0.0,20721.36630601379,10.23640514945631,25422.579,93.123,31900.0,0.0,34200.0,6004000.0,0.0,188.2,0.0
2022,OHIO,HOCKING,11.971618790834532,0.0091001999472282,1480.57182,5.42334,852.48072,3.12264,0.0,0.0,15690.580918477262,7.201280554619899,4263.64302,15.61774,2410.0,0.0,2500.0,406000.0,0.0,168.5,0.0
2022,OHIO,HOLMES,6.595561068679281,0.005020207888398,7147.003500000001,26.1795,5655.74646,20.71702,0.0,0.0,15753.252084643562,7.782144689615785,30463.16364,111.58668,13300.0,0.0,20800.0,2104000.0,0.0,158.2,0.0
2022,OHIO,HURON,3.02772979080455,0.0023002374202712,20545.98546,75.26002,7735.8372,28.3364,0.0,0.0,18168.94065424969,8.338737724963021,40795.70586,149.43482,51400.0,0.0,55700.0,9319000.0,0.0,181.3,0.0
2022,OHIO,JACKSON,219.7101389788036,0.1671401299939372,1838.0271,6.7327,2323.9125,8.5125,0.0,0.0,15565.238586870984,7.143753985020167,11655.38556,42.69372,3060.0,0.0,3600.0,476000.0,0.0,155.6,0.0
2022,OHIO,JEFFERSON,5.707420504806606e-05,1.9420460485175386e-07,954.58272,3.49664,2126.943,7.791,0.0,0.0,14716.329161980168,6.754142219473563,11500.61094,42.12678,2320.0,0.0,2500.0,353000.0,0.0,152.2,0.0
2022,OHIO,KNOX,14.246475996424085,0.0108402587891018,15022.7532,55.0284,6393.58356,23.41972,0.0,0.0,19610.377462274468,9.687573969451485,32621.720040000004,119.49348,51700.0,0.0,53900.0,9528000.0,0.0,184.3,0.0
2022,OHIO,LAKE,2.1190152011715653e-05,7.210306468076297e-08,127.94418000000002,0.4686599999999999,646.48584,2.36808,0.0,0.0,5463.786166345745,2.699123601346584,2978.7849,10.9113,480.0,0.0,500.0,70400.0,0.0,146.7,0.0
2022,OHIO,LAWRENCE,2.2077633992617405,0.001680215733121,139.04981999999998,0.5093399999999999,570.04584,2.08808,0.0,0.0,16550.885102635653,7.596122009160463,2873.79456,10.52672,1160.0,0.0,1300.0,188300.0,0.0,162.3,0.0
2022,OHIO,LICKING,46.71680632458107,0.0355402934047141,19150.2675,70.1475,7232.68728,26.49336,0.0,0.0,23820.740308199485,10.932663033277606,35416.22448,129.72976,49200.0,0.0,51200.0,8949000.0,0.0,181.9,0.0
2022,OHIO,LOGAN,92.2211345983101,0.0701601847973825,19985.96418,73.20866,6268.172820000001,22.96034,0.0,0.0,16932.609469461877,7.771316558956458,34907.996759999995,127.86812,64300.0,0.0,67600.0,11709000.0,0.0,182.1,0.0
2022,OHIO,LORAIN,0.0877169131265732,6.019365773107122e-05,5501.54514,20.15218,2422.70028,8.87436,0.0,0.0,14682.144889261705,7.253015140506639,11254.13562,41.22394,19800.0,0.0,21100.0,3598000.0,0.0,181.7,0.0
2022,OHIO,LUCAS,1.927890360451129,0.0014601032513421,8385.82836,30.71732,2827.50468,10.35716,0.0,0.0,7913.659002859748,3.632018405773418,16169.63166,59.22942,19300.0,0.0,20000.0,3748000.0,0.0,194.2,0.0
2022,OHIO,MADISON,178.2217636138691,0.1355801468130414,25062.1917,91.8029,8078.9436,29.593200000000003,0.0,0.0,16812.964515673582,8.305645197533078,44258.68902,162.11973999999998,86000.0,0.0,90400.0,16151000.0,0.0,187.8,0.0
2022,OHIO,MAHONING,5.0732626710644e-05,1.7262631542804117e-07,6307.4466,23.1042,3059.44002,11.20674,0.0,0.0,13081.181477638516,6.462135337080038,16294.80762,59.68794,14000.0,0.0,14900.0,2216000.0,0.0,158.3,0.0
2022,OHIO,MARION,95.62762912662436,0.0727401677975697,21070.26012,77.18044,5879.9013,21.5381,0.0,0.0,14642.263239451588,6.720149246846465,32214.819,118.003,57400.0,0.0,60700.0,11337000.0,0.0,197.5,0.0
2022,OHIO,MEDINA,0.0163141263532029,2.018417298983941e-05,7097.14278,25.99686,2686.0360800000003,9.83896,0.0,0.0,13958.577795250849,6.406367958544918,13183.6341,48.291700000000006,12600.0,0.0,13900.0,2177000.0,0.0,172.8,0.0
2022,OHIO,MERCER,53.12339325244861,0.0404201807165645,18713.29824,68.54688,6672.2838,24.4406,0.0,0.0,17052.25442673653,8.42385499324075,34714.630860000005,127.15982,96500.0,0.0,105000.0,18364000.0,0.0,190.3,0.0
2022,OHIO,MIAMI,23.2818525329502,0.0177201784493163,18281.78352,66.96624,6958.85736,25.49032,0.0,0.0,14328.907410799056,6.57633282301381,36910.65924,135.20388,70000.0,0.0,73400.0,12383000.0,0.0,176.9,0.0
2022,OHIO,MONTGOMERY,6.888821274409275,0.0052201403113775,10750.77276,39.38012,4260.25236,15.60532,0.0,0.0,10859.203787254564,4.983892787533593,21590.16678,79.08486,31500.0,0.0,32600.0,5295000.0,0.0,168.1,0.0
2022,OHIO,MORGAN,6.151551946915607e-05,2.093169259334718e-07,1250.05608,4.57896,1566.49584,5.73808,0.0,0.0,15861.50227262737,7.835620544699021,8348.127059999999,30.57922,3780.0,0.0,4200.0,591000.0,0.0,156.3,0.0
2022,OHIO,MORROW,21.923331325225348,0.0166801747038083,16253.966819999998,59.53834,5371.12758,19.67446,0.0,0.0,15183.51421423417,6.968559432557368,27538.78218,100.87466,42600.0,0.0,44100.0,7711000.0,0.0,181.0,0.0
2022,OHIO,MUSKINGUM,2.0411153035742657,0.0015603243167679,7080.189480000001,25.93476,4278.8928,15.6736,0.0,0.0,24635.46546618243,12.16997961587577,22530.963,82.531,16400.0,0.0,17000.0,2768000.0,0.0,168.8,0.0
2022,OHIO,NOBLE,5.837787444513048e-05,1.9864055976169965e-07,815.44008,2.98696,1107.38082,4.0563400000000005,0.0,0.0,15052.474500306704,7.435958865428724,5764.62432,21.11584,850.0,0.0,900.0,124000.0,0.0,145.9,0.0
2022,OHIO,OTTAWA,8.489316204525698,0.0064601230627493,9645.46674,35.33138,2325.70338,8.51906,0.0,0.0,9657.056882448447,4.432160689508958,11280.15252,41.31924,16800.0,0.0,17600.0,3123000.0,0.0,185.9,0.0
2022,OHIO,PAULDING,138.83398889754582,0.1056401665726099,21781.94928,79.78736,5769.86592,21.13504,0.0,0.0,15872.89704206348,7.284955567189321,31581.24606,115.68222,55200.0,0.0,62000.0,10803000.0,0.0,195.7,0.0
2022,OHIO,PICKAWAY,268.48037676448934,0.2042601946285143,25147.29126,92.11462,9848.90634,36.07658,0.0,0.0,18413.92793310736,8.45117601749873,49692.21894,182.02278,81900.0,0.0,85000.0,14980000.0,0.0,182.9,0.0
2022,OHIO,PIKE,420.0213897297057,0.3195600966642898,3018.4681800000003,11.05666,1643.3235,6.019500000000001,0.0,0.0,16567.97723245797,8.184620886180996,7977.81348,29.22276,10900.0,0.0,11300.0,1893000.0,0.0,173.7,0.0
2022,OHIO,PORTAGE,6.597893003778273e-05,2.245044328823865e-07,5325.67308,19.50796,2823.1749,10.3413,0.0,0.0,17012.372776345353,7.807924378247313,14626.15518,53.57566,12200.0,0.0,13800.0,2105000.0,0.0,172.5,0.0
2022,OHIO,PREBLE,0.6105609465555834,0.0004602073677314,19055.20344,69.79928,7385.41986,27.05282,0.0,0.0,15741.85732755496,7.224814151592533,38658.62364,141.60668,67200.0,0.0,71900.0,11995000.0,0.0,178.5,0.0
2022,OHIO,PUTNAM,41.20217903153872,0.0313602004129605,23675.51004,86.72348000000001,6844.99998,25.07326,0.0,0.0,17929.650738247743,8.228914269223901,37010.883,135.571,72000.0,0.0,76800.0,13450000.0,0.0,186.8,0.0
2022,OHIO,RICHLAND,6.881886130023074,0.0052402248911269,12162.734219999998,44.55214,4811.79972,17.625639999999997,0.0,0.0,17422.584041703678,8.60679872010039,24343.65024,89.17088,33300.0,0.0,37200.0,6320000.0,0.0,189.8,0.0
2022,OHIO,ROSS,366.8103745928653,0.279060251338999,15193.28538,55.65306,6324.71658,23.16746,0.0,0.0,25564.138195051422,12.62874619350223,30074.116800000003,110.1616,46500.0,0.0,49500.0,8379000.0,0.0,180.2,0.0
2022,OHIO,SANDUSKY,57.97930981406768,0.0441001687305205,20341.80876,74.51212,6368.83338,23.32906,0.0,0.0,14813.184600138611,7.317749075103137,33348.63714,122.15618,59300.0,0.0,61400.0,11652000.0,0.0,196.5,0.0
2022,OHIO,SCIOTO,720.7539711046603,0.548360241016838,1145.7100200000002,4.19674,1418.33874,5.19538,0.0,0.0,22584.409137938143,10.365241873938055,7077.50316,25.92492,7640.0,0.0,8000.0,1337000.0,0.0,175.0,0.0
2022,OHIO,SENECA,66.06271185430359,0.0502602431493615,29840.36874,109.30538,9443.048159999998,34.589920000000006,0.0,0.0,20288.36552400876,10.022501714268804,48473.24664,177.55768,82700.0,0.0,86100.0,16267000.0,0.0,196.7,0.0
2022,OHIO,SHELBY,29.63003018675253,0.0225601708161675,16619.0661,60.8757,5298.58056,19.40872,0.0,0.0,14949.921688542963,6.8613508262154745,29070.29034,106.48458,66200.0,0.0,73000.0,12472000.0,0.0,188.4,0.0
2022,OHIO,STARK,65.29362042191065,0.0496802043618886,10859.5578,39.7786,5928.32604,21.71548,0.0,0.0,16801.56976439556,7.711175147693225,31454.96718,115.21966,26100.0,0.0,29100.0,4143000.0,0.0,158.7,0.0
2022,OHIO,TRUMBULL,8.206488484174169e-05,2.79239606043977e-07,7732.49022,28.32414,2867.82678,10.50486,0.0,0.0,21160.06446264099,10.45312310150816,14773.19844,54.11428,18500.0,0.0,20000.0,3330000.0,0.0,180.0,0.0
2022,OHIO,TUSCARAWAS,37.6392138216833,0.0286402496832436,4698.2208,17.209600000000002,4250.90484,15.571079999999998,0.0,0.0,20527.65543260221,10.140711508756535,23344.62312,85.51144,17600.0,0.0,22800.0,2719000.0,0.0,154.5,0.0
2022,OHIO,UNION,172.86466727691578,0.1315201598185506,21629.62074,79.22938,5131.477260000001,18.79662,0.0,0.0,16072.3052918404,7.93975774682777,27135.74136,99.39831999999998,50100.0,0.0,52200.0,9188000.0,0.0,183.4,0.0
2022,OHIO,VAN WERT,66.40690427388049,0.05052014967105,22601.79558,82.79046000000001,7046.79066,25.81242,0.0,0.0,15075.264020439774,6.918877395948549,39426.4689,144.4193,75600.0,0.0,78300.0,14810000.0,0.0,195.9,0.0
2022,OHIO,WARREN,3.4850869873430037,0.002660159748243,9426.24774,34.52838,3394.0998000000004,12.4326,0.0,0.0,12260.758945469215,6.056844618842483,16624.67352,60.896240000000006,17500.0,0.0,18500.0,3143000.0,0.0,179.6,0.0
2022,OHIO,WASHINGTON,9.119057075471348e-05,3.1029129086792457e-07,1139.76408,4.17496,2605.76862,9.54494,0.0,0.0,23513.08186535449,11.615519398267146,12811.60608,46.92896,8080.0,0.0,8300.0,1301000.0,0.0,161.0,0.0
2022,OHIO,WAYNE,4.522098069074379,0.003440265706184,16433.16948,60.19476,9668.64444,35.41628,0.0,0.0,20134.53629851885,9.946509704249426,48223.6755,176.64350000000002,46400.0,0.0,61600.0,7605000.0,0.0,163.9,0.0
2022,OHIO,WILLIAMS,305.7368273192351,0.2326001603250028,19240.97994,70.47978,5855.42958,21.44846,0.0,0.0,15827.318009060587,7.26403681308025,32865.49266,120.38642,59700.0,0.0,61800.0,11218000.0,0.0,187.9,0.0
2022,OHIO,WOOD,56.975954263176014,0.0433602507639412,31610.34786,115.78882,10014.31704,36.68248,0.0,0.0,21729.802331597737,10.734574988874128,53276.95464,195.15368,85700.0,0.0,91100.0,15974000.0,0.0,186.4,0.0
2022,OHIO,WYANDOT,31.88369790070707,0.0242601971381139,21939.75966,80.36542,7233.4626,26.4962,0.0,0.0,15200.606356113463,7.509136361023632,40006.3482,146.5434,68800.0,0.0,71800.0,13781000.0,0.0,200.3,0.0
2022,OKLAHOMA,ALFALFA,692.8473282694204,0.5271203006502079,9964.76208,36.50096,5027.944740000001,18.41738,0.0,0.0,32748.532729132898,16.1778544964163,24613.82196,90.16052,1560.0,0.0,2900.0,100300.0,0.0,64.3,0.0
2022,OKLAHOMA,CADDO,514.9962622039261,0.391780411352534,12494.86056,45.76872,8708.46522,31.89914,0.0,0.0,47647.178006564456,23.537821353117344,37708.474440000005,138.12628,5270.0,0.0,7100.0,503000.0,0.0,95.4,0.0
2022,OKLAHOMA,CREEK,11.672420284491356,0.0088804775042372,675.5057400000001,2.47438,3063.34392,11.22104,0.0,0.0,36184.05206746615,17.875009371563937,11883.93024,43.53088,230.0,0.0,300.0,9000.0,0.0,39.1,0.0
2022,OKLAHOMA,ELLIS,0.0001802157244829,6.132143852342085e-07,2329.14318,8.53166,1702.0458,6.2346,0.0,0.0,46467.82061041549,22.955215942609986,7325.58372,26.83364,1770.0,0.0,2600.0,303000.0,0.0,171.2,0.0
2022,OKLAHOMA,GARFIELD,3599.055013291444,2.738100046589909,21968.28816,80.46992,14416.0107,52.8059,0.0,0.0,39494.22910164816,19.510244844838628,51485.68698,188.59226,9360.0,0.0,22800.0,211000.0,0.0,22.5,0.0
2022,OKLAHOMA,GARVIN,475.4249831489989,0.3617003526567193,620.67642,2.27354,2277.2131200000003,8.34144,0.0,0.0,30144.83065884889,13.83513994630006,7341.91458,26.89346,4210.0,0.0,5600.0,305000.0,0.0,72.4,0.0
2022,OKLAHOMA,GRANT,2957.818456037769,2.2502602627541384,17864.5467,65.4379,8650.68204,31.68748,0.0,0.0,37830.594519064936,18.68840533114661,46437.46926,170.10062000000002,6890.0,0.0,15000.0,241000.0,0.0,35.0,0.0
2022,OKLAHOMA,NOBLE,814.263599239378,0.6194602053336447,4803.54966,17.595419999999997,5279.06652,19.33724,0.0,0.0,27746.23422879781,12.734290594714434,16472.284920000002,60.33804,6130.0,0.0,10500.0,352000.0,0.0,57.4,0.0
2022,OKLAHOMA,OTTAWA,1400.1746917124062,1.0652401826317468,3191.59386,11.69082,4520.21934,16.55758,0.0,0.0,17992.321903251923,8.888250603806537,12458.72628,45.63636,4370.0,0.0,9800.0,86500.0,0.0,19.8,0.0
2022,OKLAHOMA,TEXAS,7.2122355191403,0.0054810056197626,29704.4475,108.8075,24312.50094,89.05678,0.0,0.0,76401.84826443256,37.74269811421847,127050.42714,465.38618,71500.0,0.0,97300.0,13041000.0,0.0,182.4,0.0
2022,OKLAHOMA,WAGONER,1596.844456463887,1.214860259742645,3204.3102000000003,11.7374,6365.60652,23.31724,0.0,0.0,21296.80155642014,9.774287116625816,18906.5877,69.2549,3550.0,0.0,5800.0,196900.0,0.0,55.5,0.0
2022,PENNSYLVANIA,ADAMS,25.06903147439201,0.0190802434876925,10694.9115,39.1755,5105.716980000001,18.70226,0.0,0.0,18596.24405088299,9.18658960764371,28415.13948,104.08476,19400.0,6550.0,26800.0,2689000.0,124000.0,138.6,19.0
2022,PENNSYLVANIA,ARMSTRONG,9.51236750613308e-05,3.2367434135569e-07,4088.57358,14.97646,2433.40188,8.913559999999999,0.0,0.0,24527.21526512479,12.11650375433403,15727.4481,57.6097,10000.0,0.0,13100.0,1492000.0,0.0,149.2,0.0
2022,PENNSYLVANIA,BEAVER,5.636713011280458e-05,1.917986631783238e-07,2441.9031,8.944700000000001,1844.67192,6.75704,0.0,0.0,14534.01304420454,6.670467209570944,10866.74862,39.80494,3110.0,0.0,4400.0,470000.0,0.0,151.1,0.0
2022,PENNSYLVANIA,BEDFORD,3.786087647736706,0.0028805024658824,7349.8425,26.9225,5538.49296,20.28752,0.0,0.0,38075.581800827895,18.80942964178108,30260.75598,110.84526,15500.0,0.0,25000.0,2438000.0,0.0,157.3,0.0
2022,PENNSYLVANIA,BERKS,960.818845129874,0.7309802897192781,15196.353900000002,55.6643,9074.40534,33.23958,0.0,0.0,28948.38113026284,14.30057040129857,45782.919,167.703,21100.0,21400.0,44000.0,3016000.0,439000.0,142.9,20.5
2022,PENNSYLVANIA,BLAIR,6.838571797461536,0.0052002444286372,3946.9794,14.4578,2517.81894,9.22278,0.0,0.0,18522.178122543817,8.500858052107446,13848.02874,50.72538,13000.0,10500.0,24300.0,2261000.0,210000.0,173.9,20.0
2022,PENNSYLVANIA,BRADFORD,0.0001675546639206,5.701329921351266e-07,9180.92994,33.62978,8664.56682,31.73834,0.0,0.0,43203.22262579656,21.3424966302276,57180.608940000006,209.45278,15800.0,9420.0,26000.0,1708000.0,127000.0,108.1,13.5
2022,PENNSYLVANIA,BUCKS,61.96391486836452,0.047140186858184,4056.02106,14.85722,3346.42308,12.25796,0.0,0.0,15200.606351319726,7.509136358655515,16525.10496,60.53152,7430.0,2530.0,10300.0,723000.0,51000.0,97.3,20.0
2022,PENNSYLVANIA,BUTLER,0.0001088895402725,3.705150185325324e-07,6664.21938,24.41106,3926.69004,14.38348,0.0,0.0,28076.6821999107,13.869949018149596,26412.40056,96.74872,12800.0,4090.0,17500.0,1742000.0,72000.0,136.1,17.5
2022,PENNSYLVANIA,CAMBRIA,0.0282357864032374,2.0325929911678126e-05,7689.76572,28.16764,2977.14144,10.90528,0.0,0.0,24698.13662581181,11.33534901880898,11978.64486,43.87782,8660.0,4950.0,14100.0,1360000.0,74000.0,157.0,15.0
2022,PENNSYLVANIA,CARBON,48.89633099822848,0.0372001727448408,1317.0393600000002,4.82432,904.6128,3.3136,0.0,0.0,14163.683428656332,6.500502345102052,4673.44878,17.11886,2280.0,0.0,2800.0,233000.0,0.0,102.2,0.0
2022,PENNSYLVANIA,CENTRE,126.81751543968204,0.0964804581268273,5616.423540000001,20.57298,3623.31606,13.27222,0.0,0.0,40502.66511880675,18.58892645503471,20038.26006,73.40022,15700.0,6340.0,22800.0,2551000.0,108000.0,162.5,17.0
2022,PENNSYLVANIA,CHESTER,34.30789773154619,0.0261002636475627,11879.08722,43.51314,6887.5989,25.229299999999995,0.0,0.0,21319.59106623941,10.531929630114156,39673.64856,145.32472,15700.0,0.0,25300.0,3306000.0,0.0,210.6,0.0
2022,PENNSYLVANIA,CLARION,8.714698597520102e-05,2.965323119451618e-07,4604.68008,16.86696,2422.29624,8.872879999999999,0.0,0.0,22470.46156850474,10.31294499466568,15605.471699999998,57.1629,6730.0,2180.0,9200.0,927000.0,32700.0,137.7,15.0
2022,PENNSYLVANIA,CLINTON,21.90768535769618,0.0166604260549171,1874.3361,6.8657,1319.5728,4.833600000000001,0.0,0.0,33255.599433230724,16.428346676530815,7266.64848,26.61776,3220.0,4520.0,8000.0,473000.0,72000.0,146.9,16.0
2022,PENNSYLVANIA,COLUMBIA,0.0092499119939049,2.3788748352351138e-07,8017.769760000001,29.36912,3799.49934,13.91758,0.0,0.0,18026.506187736835,8.27336662370578,20630.39706,75.56922,15000.0,4720.0,20400.0,1463000.0,68000.0,97.5,14.5
2022,PENNSYLVANIA,CRAWFORD,0.0066276017914331,5.022403253013939e-07,8484.72534,31.07958,5312.53086,19.45982,0.0,0.0,38058.48965938441,18.800986082504945,31771.69086,116.37982,21700.0,0.0,32400.0,2979000.0,0.0,137.3,0.0
2022,PENNSYLVANIA,CUMBERLAND,110.91324406818894,0.0843802176216775,9922.23414,36.34518,6165.60126,22.58462,0.0,0.0,17918.255988131845,8.223684584430156,29768.83182,109.04334,15100.0,10600.0,26600.0,2193000.0,207000.0,145.2,19.5
2022,PENNSYLVANIA,DAUPHIN,141.95310294637343,0.1080002133767924,6295.88778,23.06186,3387.28026,12.40762,0.0,0.0,17547.92637258363,8.053719719961261,16557.43362,60.64994,7720.0,0.0,15300.0,875000.0,0.0,113.3,0.0
2022,PENNSYLVANIA,ELK,0.0001210423907574,4.118671411641836e-07,345.08838,1.26406,288.42996,1.05652,0.0,0.0,31210.240483240214,14.324115790531252,1728.97998,6.33326,470.0,400.0,900.0,67800.0,4400.0,144.3,11.0
2022,PENNSYLVANIA,ERIE,0.2214469889586159,0.0001603640369397,14047.16586,51.45482,6681.36924,24.47388,0.0,0.0,27598.102392020737,13.633529433766842,26705.3241,97.8217,13800.0,0.0,16700.0,2125000.0,0.0,154.0,0.0
2022,PENNSYLVANIA,FAYETTE,13.925031500062811,0.0106003796328394,1923.15396,7.04452,3703.97118,13.567659999999998,0.0,0.0,28902.802113529597,13.265103944563633,23268.35238,85.23206,5770.0,2460.0,8500.0,658000.0,45500.0,114.0,18.5
2022,PENNSYLVANIA,FRANKLIN,419.28794426479726,0.3189602874134855,14063.50218,51.51466,8853.89232,32.43184,0.0,0.0,27432.87840406743,12.590474172681873,42120.95706,154.28922,23900.0,22100.0,47500.0,4240000.0,442000.0,177.4,20.0
2022,PENNSYLVANIA,FULTON,6.261063977102971,0.0047602177894809,2155.87008,7.89696,1730.8800600000002,6.34022,0.0,0.0,16624.951023856855,7.630114981187528,8927.1273,32.7001,6340.0,4690.0,11400.0,936000.0,77000.0,147.6,16.5
2022,PENNSYLVANIA,HUNTINGDON,7.349047438286777,0.0056004334784319,4698.60846,17.21102,3167.9739,11.6043,0.0,0.0,33130.25709944547,16.3664272600186,17791.26804,65.16948,11100.0,13400.0,25300.0,1374000.0,214000.0,123.8,16.0
2022,PENNSYLVANIA,INDIANA,0.000119937586131,4.08107857163103e-07,6650.957040000001,24.362480000000005,4007.72736,14.68032,0.0,0.0,30925.37153888383,14.193373582816498,25247.83716,92.48292,17100.0,8630.0,26600.0,2632000.0,160000.0,153.9,18.5
2022,PENNSYLVANIA,JEFFERSON,9.437240797747455e-05,3.211180284462845e-07,3382.95048,12.39176,2109.47646,7.72702,0.0,0.0,24333.504398976445,12.020810117222316,14569.06542,53.36654,6090.0,2040.0,8400.0,792000.0,34700.0,130.0,17.0
2022,PENNSYLVANIA,JUNIATA,6.782275740230006,0.0051601895541279,3952.17732,14.47684,2296.3777200000004,8.41164,0.0,0.0,14625.171103818682,6.712304714855604,12575.43924,46.06388,10800.0,6320.0,17700.0,968000.0,79000.0,89.6,12.5
2022,PENNSYLVANIA,LACKAWANNA,5.9107045489055456e-05,2.01121687170054e-07,425.60154,1.55898,953.78556,3.49372,0.0,0.0,15240.488001129845,7.528837990268805,4934.305740000001,18.07438,220.0,360.0,600.0,27200.0,4900.0,123.6,13.5
2022,PENNSYLVANIA,LANCASTER,443.0872551599657,0.3371003267929163,23917.73748,87.61076,15449.79618,56.59266,0.0,0.0,30771.54231673502,14.122772794232054,84559.01454,309.73998000000006,28500.0,34500.0,66500.0,5283000.0,825000.0,185.4,24.0
2022,PENNSYLVANIA,LAWRENCE,5.055585797542018e-05,1.720248300048912e-07,4461.52434,16.342579999999998,2497.95546,9.15002,0.0,0.0,13035.602447831448,5.982763220371214,15682.7853,57.4461,11900.0,3660.0,16100.0,1953000.0,62000.0,164.1,17.0
2022,PENNSYLVANIA,LEHIGH,310.31943335120604,0.2360801136113494,7175.70672,26.28464,3886.85934,14.23758,0.0,0.0,9315.2141610744,4.601738360227549,19242.00642,70.48354,11300.0,0.0,14700.0,1350000.0,0.0,119.5,0.0
2022,PENNSYLVANIA,LUZERNE,0.0001204016040631,4.096867564060605e-07,3555.6066,13.0242,1925.78022,7.05414,0.0,0.0,31045.016492672134,14.248285308752628,9458.42352,34.64624,6430.0,1410.0,8100.0,796000.0,13400.0,123.8,9.5
2022,PENNSYLVANIA,LYCOMING,86.19083048481066,0.0655805814300395,6629.0406,24.2822,3905.09028,14.30436,0.0,0.0,45732.85876774138,22.59214301199827,24390.57894,89.34278,12800.0,4440.0,17800.0,1587000.0,62000.0,124.0,14.0
2022,PENNSYLVANIA,MCKEAN,0.0001423651192836,4.844213197867459e-07,177.62472,0.65064,413.85708,1.5159599999999998,0.0,0.0,36708.21091242641,18.133945110667543,2379.21684,8.71508,480.0,580.0,1100.0,54800.0,9300.0,114.2,16.0
2022,PENNSYLVANIA,MIFFLIN,79.50316908219685,0.0604801661846281,3971.04162,14.54594,2660.81088,9.74656,0.0,0.0,15166.42207860126,6.960714900566507,15050.4081,55.1297,5460.0,8850.0,14800.0,774000.0,124000.0,141.8,14.0
2022,PENNSYLVANIA,MONROE,1.1859206884728113,0.0009002744911753,844.96776,3.0951200000000005,667.31574,2.44438,0.0,0.0,20869.498149618317,9.578173809520582,3513.2643,12.8691,2400.0,0.0,2900.0,268000.0,0.0,111.7,0.0
2022,PENNSYLVANIA,MONTGOMERY,0.513629283282136,0.000380099621322,3630.5997,13.2989,2750.7480000000005,10.076,0.0,0.0,7571.816282066761,3.475127762222676,12224.71068,44.77916,2680.0,0.0,3500.0,328000.0,0.0,122.4,0.0
2022,PENNSYLVANIA,MONTOUR,9.829937886704188,0.0074800610139568,3239.37978,11.86586,1408.1067,5.1579,0.0,0.0,4814.284994718203,2.378268449247057,7225.04328,26.46536,4380.0,0.0,6400.0,620000.0,0.0,141.6,0.0
2022,PENNSYLVANIA,NORTHAMPTON,35.54512017696424,0.0270401359166968,6673.441320000001,24.44484,4322.49636,15.83332,0.0,0.0,11144.072721732937,5.505198919318148,22069.87146,80.84202,18800.0,0.0,23000.0,1897000.0,0.0,100.9,0.0
2022,PENNSYLVANIA,NORTHUMBERLAND,86.680498778669,0.0659402012284994,8353.658039999998,30.59948,4066.86462,14.89694,0.0,0.0,16790.17500730696,7.70594545969932,21653.1042,79.3154,20400.0,8480.0,29900.0,1773000.0,110000.0,86.9,13.0
2022,PENNSYLVANIA,PERRY,6.671899367903537,0.0050802699993584,4878.09504,17.86848,2711.403240000001,9.93188,0.0,0.0,20590.326590778943,9.450046449002947,13918.88316,50.98492,9150.0,9320.0,19100.0,976000.0,154000.0,106.7,16.5
2022,PENNSYLVANIA,SCHUYLKILL,259.9819572066223,0.1978003308890438,7062.25884,25.86908,3269.85204,11.977480000000002,0.0,0.0,28127.95859954619,13.895279683778629,14780.70048,54.14176,16900.0,5590.0,23200.0,1783000.0,73000.0,105.5,13.0
2022,PENNSYLVANIA,SNYDER,82.99414031180324,0.063140137061387,5243.440019999999,19.20674,2800.6524000000004,10.2588,0.0,0.0,12363.31176217196,5.674211620730276,15228.12018,55.78066,12200.0,0.0,16400.0,1003000.0,0.0,82.2,0.0
2022,PENNSYLVANIA,SOMERSET,52.768415846026,0.0401405312619968,8517.043080000001,31.19796,6293.223300000001,23.0521,0.0,0.0,40257.677847212326,18.476488165832503,34701.01908,127.10996,15900.0,9720.0,26500.0,2334000.0,170000.0,146.8,17.5
2022,PENNSYLVANIA,SULLIVAN,6.578006521136018e-05,2.2382776178373898e-07,709.254,2.598,548.36418,2.00866,0.0,0.0,16961.09636799398,8.37882269140572,3530.32134,12.93158,760.0,690.0,1500.0,99400.0,7200.0,130.8,10.5
2022,PENNSYLVANIA,TIOGA,0.0001650357094338,5.615618248216917e-07,7569.208920000001,27.726039999999998,5332.60728,19.53336,0.0,0.0,42553.72144850368,21.02164147532939,36900.934980000005,135.16826,9680.0,1990.0,12000.0,1087000.0,26900.0,112.3,13.5
2022,PENNSYLVANIA,UNION,246.5565361994352,0.1875801231687578,4571.21574,16.74438,2161.57578,7.91786,0.0,0.0,11246.625539888328,5.555860259905154,11368.29876,41.64212,5610.0,4000.0,11500.0,511000.0,48000.0,91.1,12.0
2022,PENNSYLVANIA,VENANGO,9.923354813697468e-05,3.3765887738162505e-07,1821.87096,6.67352,1042.4778,3.8186,0.0,0.0,25586.92770341804,11.743264693667662,7192.69278,26.34686,4770.0,0.0,6500.0,592000.0,0.0,124.1,0.0
2022,PENNSYLVANIA,WASHINGTON,0.0001164022114885,3.960781489109724e-07,1904.89026,6.97762,6185.977980000001,22.65926,0.0,0.0,30013.790958721576,13.774998537303611,38624.4768,141.4816,2180.0,1390.0,3700.0,278000.0,25000.0,127.5,18.0
2022,PENNSYLVANIA,WESTMORELAND,24.76435282537805,0.0188404523790303,5840.9442,21.3954,5185.995360000001,18.99632,0.0,0.0,34520.41750057152,17.053169865622124,32850.01902,120.32974000000002,10500.0,4400.0,15400.0,1432000.0,90000.0,136.4,20.5
2022,PENNSYLVANIA,WYOMING,5.915123767708675e-05,2.012720585402189e-07,1070.23644,3.92028,1559.6217,5.7129,0.0,0.0,15251.8827596711,7.534467028590213,9637.85004,35.30348,2130.0,860.0,3100.0,153000.0,7700.0,71.8,9.0
2022,PENNSYLVANIA,YORK,76.45336859236458,0.0581603694720815,18300.28746,67.03402,9489.56736,34.76032000000001,0.0,0.0,29011.052298608112,14.331530110272288,52644.87228,192.83836,56600.0,12300.0,70600.0,9814000.0,240000.0,173.4,19.5
2022,SOUTH CAROLINA,ALLENDALE,902.687332075444,0.6867201812808659,1051.41582,3.85134,3886.2096,14.2352,0.0,0.0,15496.870036785584,7.655491336928324,22359.15318,81.90166,6500.0,0.0,6800.0,491000.0,0.0,75.5,0.0
2022,SOUTH CAROLINA,ANDERSON,40.3074875695921,0.030660298077098,1640.34234,6.00858,4621.704360000001,16.92932,0.0,0.0,25923.073049153085,12.806060880892282,17526.785640000002,64.20068,840.0,0.0,1200.0,49400.0,0.0,58.8,0.0
2022,SOUTH CAROLINA,BAMBERG,351.5989669393626,0.267500162475468,968.4129,3.5473,4250.56086,15.569819999999998,0.0,0.0,14710.631783435863,7.267087735233741,22742.43426,83.30562,5600.0,0.0,6300.0,657000.0,0.0,117.3,0.0
2022,SOUTH CAROLINA,BARNWELL,929.5754410849148,0.7072002122185852,1017.60204,3.72748,4319.15484,15.82108,0.0,0.0,20675.7872808552,9.4892691144242,24235.43304,88.77448000000001,3130.0,0.0,3300.0,471000.0,0.0,150.5,0.0
2022,SOUTH CAROLINA,BERKELEY,0.000157589326514,5.36224251546424e-07,399.37716,1.46292,942.52704,3.45248,0.0,0.0,40633.7048311363,20.073148615408417,5081.19066,18.61242,2840.0,0.0,3300.0,257000.0,0.0,90.5,0.0
2022,SOUTH CAROLINA,CALHOUN,970.100914163076,0.7380201147494779,2174.4177,7.9649,5855.06376,21.44712,0.0,0.0,14704.934405182094,6.748912531612995,31531.17786,115.49882,7990.0,0.0,8500.0,1037000.0,0.0,129.8,0.0
2022,SOUTH CAROLINA,CHARLESTON,0.0001064810662642,3.623197796732649e-07,14.152319999999998,0.0518399999999999,737.30202,2.70074,0.0,0.0,27455.667921149936,12.600933550003086,3526.90884,12.91908,350.0,0.0,400.0,30100.0,0.0,86.0,0.0
2022,SOUTH CAROLINA,CLARENDON,74.46321019675175,0.0566403072315333,8391.21738,30.73706,9630.43536,35.27632,0.0,0.0,23518.77924680409,10.794076302105768,52917.80130000001,193.8381,33300.0,0.0,34500.0,4955000.0,0.0,148.8,0.0
2022,SOUTH CAROLINA,COLLETON,40.47800658294723,0.0307805004309807,411.2745,1.5065000000000002,1904.86296,6.97752,0.0,0.0,39163.78113039002,17.974438101749886,9761.9613,35.7581,3910.0,0.0,4400.0,203000.0,0.0,51.9,0.0
2022,SOUTH CAROLINA,DARLINGTON,294.36769408809926,0.2239602505866272,14627.00148,53.57876,5748.7029600000005,21.05752,0.0,0.0,20704.274173286183,10.227961594485835,30715.2573,112.5101,16300.0,0.0,16900.0,1718000.0,0.0,105.4,0.0
2022,SOUTH CAROLINA,DILLON,758.8254360156137,0.5773001214767413,17687.817420000003,64.79054000000001,4010.49012,14.69044,0.0,0.0,15166.422080053911,7.492249245844124,17249.89812,63.18644,21400.0,0.0,22300.0,2838000.0,0.0,132.6,0.0
2022,SOUTH CAROLINA,DORCHESTER,98.69490396766562,0.0751002167309971,560.0049,2.0513,2228.59182,8.16334,0.0,0.0,19684.443383350404,9.724162713876163,12351.10968,45.24216,6120.0,0.0,6600.0,565000.0,0.0,92.3,0.0
2022,SOUTH CAROLINA,EDGEFIELD,55.14006544637505,0.0419602225076125,487.84554,1.7869800000000002,1555.43388,5.69756,0.0,0.0,18676.007357766463,8.571458846692202,6495.4344,23.792800000000003,830.0,0.0,900.0,56600.0,0.0,68.2,0.0
2022,SOUTH CAROLINA,FLORENCE,73.14376231944117,0.0556603460676616,23815.30788,87.23556,6651.2355,24.3635,0.0,0.0,28475.49870672778,14.066965338588163,36073.2099,132.1363,15600.0,0.0,16200.0,1555000.0,0.0,99.7,0.0
2022,SOUTH CAROLINA,GREENVILLE,8.621895009978305e-05,2.93374513420907e-07,736.57038,2.69806,2454.82146,8.99202,0.0,0.0,22231.17165802284,10.20312154146002,8834.13804,32.359480000000005,510.0,0.0,600.0,42300.0,0.0,82.9,0.0
2022,SOUTH CAROLINA,HAMPTON,1092.7585306310812,0.8313802458733076,921.05286,3.37382,3428.1429,12.5573,0.0,0.0,21023.32737365557,9.648774598971745,19952.756460000004,73.08702000000001,6580.0,0.0,7000.0,656000.0,0.0,99.7,0.0
2022,SOUTH CAROLINA,HORRY,172.03879580373766,0.1308804647408255,23024.52516,84.33892,7149.0237,26.1869,0.0,0.0,38559.8589945254,19.048663748553796,37454.31144,137.19528,15000.0,0.0,15600.0,1755000.0,0.0,117.0,0.0
2022,SOUTH CAROLINA,LEE,848.9735953571568,0.6458801880073938,5490.51594,20.111780000000003,5218.76082,19.11634,0.0,0.0,15456.988392495528,7.63578970804196,27698.0886,101.4582,25400.0,0.0,26500.0,3853000.0,0.0,151.7,0.0
2022,SOUTH CAROLINA,LEXINGTON,194.95464788120725,0.1483202273077406,1502.47188,5.50356,5986.74804,21.92948,0.0,0.0,23336.46312321788,10.710401289536346,27487.1142,100.6854,4010.0,0.0,4200.0,592000.0,0.0,147.6,0.0
2022,SOUTH CAROLINA,MARION,131.4975016836357,0.1000402099641976,12741.5106,46.6722,3155.7107399999995,11.55938,0.0,0.0,18260.098706600595,9.020532993308418,13301.11146,48.72202,8870.0,0.0,9200.0,1121000.0,0.0,126.4,0.0
2022,SOUTH CAROLINA,MARLBORO,726.3518899922334,0.5526001705878753,10784.49372,39.50364,2298.34878,8.41886,0.0,0.0,17941.045497370047,8.234143958151186,11778.25194,43.14378,15500.0,0.0,16500.0,1818000.0,0.0,117.3,0.0
2022,SOUTH CAROLINA,NEWBERRY,0.0693326199880915,4.031515552753698e-05,529.41252,1.93924,1369.5045,5.016500000000001,0.0,0.0,23883.411472186814,10.961426317244095,5298.8481,19.4097,1150.0,0.0,2800.0,77200.0,0.0,67.1,0.0
2022,SOUTH CAROLINA,OCONEE,9.410725486055436e-05,3.202158002636348e-07,448.52808,1.6429599999999998,1232.56224,4.51488,0.0,0.0,24265.13585063422,11.987035888729087,4542.98208,16.64096,860.0,0.0,900.0,80400.0,0.0,93.5,0.0
2022,SOUTH CAROLINA,ORANGEBURG,2242.6728659716828,1.706180222225361,4719.43836,17.28732,15721.1691,57.5867,0.0,0.0,40941.36328269717,20.22513263573421,83576.24184,306.14008,29800.0,0.0,31300.0,4297000.0,0.0,144.2,0.0
2022,SOUTH CAROLINA,SUMTER,372.1004062494291,0.2830802929256372,6531.04998,23.92326,8481.460260000002,31.067620000000005,0.0,0.0,24082.819735763893,11.052945863804483,45587.16162,166.98594,24900.0,0.0,26000.0,3357000.0,0.0,134.8,0.0
2022,SOUTH CAROLINA,WILLIAMSBURG,0.0001358688682966,4.62316730596211e-07,12813.615360000002,46.93632,6435.090480000001,23.57176,0.0,0.0,35033.181575369345,16.078676153289233,36890.24976,135.12911999999997,15700.0,0.0,17000.0,1253000.0,0.0,79.8,0.0
2022,SOUTH DAKOTA,AURORA,66.98007282654497,0.0509403151621264,10916.22168,39.98616,5193.95058,19.02546,0.0,0.0,26743.495586304965,12.274078042670157,36592.43406,134.03822,77300.0,0.0,88400.0,8387000.0,0.0,108.5,0.0
2022,SOUTH DAKOTA,BEADLE,244.52157898151864,0.1860205413958367,20976.369960000004,76.83652,9870.6972,36.1564,0.0,0.0,47499.0461581662,23.464643861182257,70329.67577999999,257.61786,176600.0,0.0,197500.0,22605000.0,0.0,128.0,0.0
2022,SOUTH DAKOTA,BON HOMME,145.2995517069641,0.1105402441711274,10631.02404,38.94148,5074.94442,18.589540000000003,0.0,0.0,21382.26223487521,10.562889339231392,35694.48792,130.74904,75500.0,0.0,103000.0,6112000.0,0.0,81.0,0.0
2022,SOUTH DAKOTA,BROOKINGS,272.0314507593154,0.2069603082486748,17645.7372,64.6364,8112.67002,29.71674,0.0,0.0,29928.330276053828,14.78466765309364,55577.2035,203.5795,147500.0,0.0,155000.0,25801000.0,0.0,174.9,0.0
2022,SOUTH DAKOTA,BROWN,585.8051364768071,0.4456805932862883,30391.56666,111.32442,13428.373140000002,49.18818,0.0,0.0,64727.91931992138,29.70724341956307,97455.84576,356.98112,243000.0,0.0,248000.0,37432000.0,0.0,154.0,0.0
2022,SOUTH DAKOTA,BRULE,33.1388963101968,0.0252203959476413,10036.36452,36.76324,5109.3861,18.7157,0.0,0.0,31153.266691115008,15.38978920935172,35956.68804,131.70948,70000.0,0.0,88200.0,6685000.0,0.0,95.5,0.0
2022,SOUTH DAKOTA,BUFFALO,2.4573085898586244,0.0018802332818989,2448.42234,8.96858,1269.5592,4.6504,0.0,0.0,17792.91365469523,8.789742445984075,8927.59686,32.70182,15700.0,0.0,26500.0,1476000.0,0.0,94.0,0.0
2022,SOUTH DAKOTA,BUTTE,0.000328679365099,1.1183869520084435e-06,4084.46766,14.96142,7176.69498,26.28826,0.0,0.0,84748.50804276043,38.89580546267034,39679.04304,145.34447999999998,1480.0,0.0,6100.0,160700.0,0.0,108.6,0.0
2022,SOUTH DAKOTA,CAMPBELL,0.4763886146036317,0.000360369559799,3738.95886,13.69582,1720.6971600000002,6.30292,0.0,0.0,28025.40578114384,13.844618343069625,14604.97584,53.49808,71300.0,0.0,73300.0,8577000.0,0.0,120.3,0.0
2022,SOUTH DAKOTA,CHARLES MIX,162.1217697776553,0.1233405124823239,18224.67738,66.75706,8649.6774,31.6838,0.0,0.0,41795.97008511544,19.182496059210717,59460.17532,217.80284,124900.0,0.0,144000.0,12165000.0,0.0,97.4,0.0
2022,SOUTH DAKOTA,CLARK,189.42659870303152,0.1441404043745163,15152.08968,55.50216,6608.73486,24.20782,0.0,0.0,35443.39284120705,17.509121919660213,46609.6449,170.7313,119500.0,0.0,134000.0,19251000.0,0.0,161.1,0.0
2022,SOUTH DAKOTA,CLAY,145.56796777613442,0.110740163343746,12828.63582,46.99134,6848.49438,25.08606,0.0,0.0,15570.935964311271,7.146368828510427,39250.70604,143.77548000000002,102500.0,0.0,108500.0,11357000.0,0.0,110.8,0.0
2022,SOUTH DAKOTA,CODINGTON,247.0008838731238,0.1879002846175768,11385.45954,41.70498,4878.25338,17.86906,0.0,0.0,25700.87528229365,12.69629464582421,32323.39656,118.40072,84000.0,0.0,90800.0,15506000.0,0.0,184.6,0.0
2022,SOUTH DAKOTA,CORSON,0.0403821989856585,2.1232443624765096e-05,1704.82494,6.24478,789.10104,2.89048,0.0,0.0,93391.43152384069,46.13559339898784,5209.21674,19.08138,46600.0,0.0,56800.0,3420000.0,0.0,73.4,0.0
2022,SOUTH DAKOTA,DAVISON,142.3460260077984,0.1083001548869431,9020.04012,33.040440000000004,4243.4028,15.5436,0.0,0.0,16362.871609947344,7.509832156927642,29845.806900000003,109.3253,68200.0,0.0,72300.0,7611000.0,0.0,111.6,0.0
2022,SOUTH DAKOTA,DAY,266.687296946482,0.2028804670475496,14809.46376,54.24712,5883.21006,21.55022,0.0,0.0,38257.897915552974,18.899494244087688,41468.1267,151.8979,107800.0,0.0,112500.0,17367000.0,0.0,161.1,0.0
2022,SOUTH DAKOTA,DEUEL,198.50678060107504,0.1510202739908707,10444.23744,38.25728,4626.9951,16.9487,0.0,0.0,23655.51633796848,10.856832560832796,31175.01114,114.19418,74200.0,0.0,94300.0,12681000.0,0.0,170.9,0.0
2022,SOUTH DAKOTA,DOUGLAS,96.04817105679464,0.0730601747189609,11003.92566,40.30742,5235.09714,19.17618,0.0,0.0,16431.240147249442,7.541210282490962,37066.20372,135.77364,72100.0,0.0,78000.0,8133000.0,0.0,112.8,0.0
2022,SOUTH DAKOTA,EDMUNDS,23.056245875745244,0.0175405643146341,12335.43402,45.184740000000005,5035.28298,18.44426,0.0,0.0,43237.40689793396,19.844051609307616,39051.9948,143.0476,139500.0,0.0,144500.0,18888000.0,0.0,135.4,0.0
2022,SOUTH DAKOTA,FALL RIVER,0.0002537515178936,8.634323197597654e-07,923.88114,3.38418,1045.7319599999998,3.83052,0.0,0.0,65428.69689612341,32.32193475752205,5583.43968,20.45216,2160.0,0.0,3500.0,325000.0,0.0,150.5,0.0
2022,SOUTH DAKOTA,FAULK,7.605624789436703,0.0058004928716841,10159.81512,37.21544,4030.15704,14.76248,0.0,0.0,37597.00198378626,18.573010052877372,30596.76984,112.07608000000002,128400.0,0.0,129500.0,17231000.0,0.0,134.2,0.0
2022,SOUTH DAKOTA,GRANT,219.390378483066,0.1669202668638339,11288.26608,41.34896,4881.24546,17.88002,0.0,0.0,25831.91499491373,12.761028581281844,32532.22518,119.16566,104200.0,0.0,110000.0,16630000.0,0.0,159.6,0.0
2022,SOUTH DAKOTA,HAAKON,0.0002668324042514,9.079422409064696e-07,1354.8171,4.9627,686.96082,2.51634,0.0,0.0,68801.54508923754,33.988129935120355,3244.69236,11.88532,25500.0,0.0,49600.0,1316000.0,0.0,51.6,0.0
2022,SOUTH DAKOTA,HAMLIN,155.21983024279638,0.1180802407050141,11749.95822,43.04014,5400.61704,19.78248,0.0,0.0,19416.666589443936,8.911388575896668,36535.246020000006,133.82873999999998,68300.0,0.0,100500.0,11884000.0,0.0,174.0,0.0
2022,SOUTH DAKOTA,HAND,28.55738670403325,0.0217207036605867,13989.43728,51.24336,6288.70788,23.03556,0.0,0.0,54199.1635023561,26.774518059203757,46700.58666,171.06441999999998,169000.0,0.0,185500.0,20539000.0,0.0,121.5,0.0
2022,SOUTH DAKOTA,HANSON,250.4371675364761,0.1905201635285569,10701.86208,39.20096,5029.06404,18.42148,0.0,0.0,16248.924035574935,7.457535275388488,35677.86768,130.68816,84000.0,0.0,87700.0,8954000.0,0.0,106.6,0.0
2022,SOUTH DAKOTA,HUGHES,2.318748851809327,0.0017603703908168,8072.83932,29.57084,3830.87796,14.03252,0.0,0.0,28190.62976672934,13.926239392178257,26601.26196,97.44052,57900.0,0.0,60700.0,6577000.0,0.0,113.6,0.0
2022,SOUTH DAKOTA,HUTCHINSON,164.65954012267207,0.1252603396214455,19936.25634,73.02658,9081.62346,33.266020000000005,0.0,0.0,30520.85765177928,15.077377612007378,64462.02672,236.12464,145000.0,0.0,177000.0,12456000.0,0.0,85.9,0.0
2022,SOUTH DAKOTA,HYDE,3.790925091941512,0.0028804256536501,4564.03584,16.718079999999997,1871.15292,6.85404,0.0,0.0,32475.05854625212,14.90461116986891,14326.80522,52.47914,58300.0,0.0,64300.0,7783000.0,0.0,133.5,0.0
2022,SOUTH DAKOTA,JERAULD,27.430393201227325,0.0208602488142641,4941.75864,18.10168,2359.38612,8.64244,0.0,0.0,20009.19396579403,9.88459028826107,16961.39718,62.12966,41100.0,0.0,50600.0,4061000.0,0.0,98.8,0.0
2022,SOUTH DAKOTA,KINGSBURY,178.40314958904676,0.1357203738899641,16538.176199999998,60.5794,6963.65124,25.50788,0.0,0.0,31045.016498337463,14.248285311352763,48903.37998,179.13325999999998,142100.0,0.0,149000.0,21002000.0,0.0,147.8,0.0
2022,SOUTH DAKOTA,LAKE,141.78265394152675,0.1078802513684234,13248.75006,48.53022,5849.16696,21.42552,0.0,0.0,21473.42029419881,9.85534728186478,41420.47182,151.72334,121900.0,0.0,126000.0,19699000.0,0.0,161.6,0.0
2022,SOUTH DAKOTA,LINCOLN,85.01791390710311,0.0647002523302029,18301.39038,67.03806,7786.53876,28.52212,0.0,0.0,21131.57757238897,10.439050508718609,53504.76768,195.98816,119400.0,0.0,141000.0,15809000.0,0.0,132.4,0.0
2022,SOUTH DAKOTA,LYMAN,2.624701550194449,0.0020008218282886,7352.2176,26.9312,3585.03054,13.13198,0.0,0.0,62386.2966829252,28.632542511440487,22706.32182,83.17334,48100.0,0.0,50400.0,3978000.0,0.0,82.7,0.0
2022,SOUTH DAKOTA,MARSHALL,429.6867768019503,0.3269002608496147,16852.85784,61.73208,6680.50656,24.47072,0.0,0.0,32828.29601989197,15.066731499466789,50065.74846,183.39102,78300.0,0.0,86200.0,12951000.0,0.0,165.4,0.0
2022,SOUTH DAKOTA,MCCOOK,214.552208713801,0.163220234324633,13568.984519999998,49.70324,6083.81046,22.28502,0.0,0.0,21524.696703712303,10.633252311862256,43209.99228,158.27836,116800.0,0.0,130000.0,13257000.0,0.0,113.5,0.0
2022,SOUTH DAKOTA,MCPHERSON,48.12951983953566,0.0366205425261483,5863.4667,21.4779,2501.10588,9.16156,0.0,0.0,43089.27505755432,19.7760656662002,20542.27812,75.24644,68400.0,0.0,82300.0,8612000.0,0.0,125.9,0.0
2022,SOUTH DAKOTA,MELLETTE,0.0001908439446488,6.493786961670081e-07,890.50962,3.2619400000000005,528.9648000000001,1.9376,0.0,0.0,49208.259767404255,24.308999524449856,3487.70604,12.77548,10500.0,0.0,15100.0,692000.0,0.0,65.9,0.0
2022,SOUTH DAKOTA,MINER,114.96061827018792,0.0874602678125227,7527.49998,27.57326,2876.2461,10.5357,0.0,0.0,21741.197086550947,9.978244950074952,15567.1698,57.0226,82800.0,0.0,86200.0,9746000.0,0.0,117.7,0.0
2022,SOUTH DAKOTA,MINNEHAHA,179.9267721785675,0.1369003135845112,20073.82104,73.53048000000001,9363.57786,34.29882,0.0,0.0,28720.48599284868,13.181428933327616,61384.87446,224.85302,136700.0,0.0,168500.0,24770000.0,0.0,181.2,0.0
2022,SOUTH DAKOTA,PERKINS,0.1622411729384089,0.0001214331141979,1847.3637,6.7669,993.26136,3.63832,0.0,0.0,108597.73525954437,53.64754427933004,6754.980960000001,24.74352,12200.0,0.0,33200.0,651000.0,0.0,53.4,0.0
2022,SOUTH DAKOTA,POTTER,0.0001257709543755,4.279568760660924e-07,9136.98786,33.46882,4039.19334,14.79558,0.0,0.0,32429.479517897704,16.020241437209354,31602.38172,115.75964,100800.0,0.0,104500.0,13608000.0,0.0,135.0,0.0
2022,SOUTH DAKOTA,ROBERTS,324.2438534202632,0.2466604526494609,19212.11838,70.37406,7442.755320000001,27.26284,0.0,0.0,42228.97086958998,19.38122420991288,48451.23738,177.47706,126200.0,0.0,131500.0,19738000.0,0.0,156.4,0.0
2022,SOUTH DAKOTA,SANBORN,191.85660521590435,0.1459602219227707,10429.77936,38.20432,5384.51004,19.72348,0.0,0.0,21450.630775663663,10.596663563993044,39250.50948,143.77476,51300.0,0.0,73800.0,5340000.0,0.0,104.1,0.0
2022,SOUTH DAKOTA,SPINK,126.7001009568343,0.0963806816732712,25785.00288,94.45056,11559.90108,42.34396,0.0,0.0,56842.747211235794,28.08045481506049,82928.84964,303.76868,248500.0,0.0,264000.0,40495000.0,0.0,163.0,0.0
2022,SOUTH DAKOTA,SULLY,1.3305291996447652,0.0010205076763858,15700.40472,57.51064,7012.299840000001,25.68608,0.0,0.0,38480.09568491095,19.009260480390047,49751.42718,182.23966,116500.0,0.0,122500.0,15495000.0,0.0,133.0,0.0
2022,SOUTH DAKOTA,TRIPP,0.0294560259129053,2.0803117021314423e-05,6123.62478,22.43086,3526.91976,12.91912,0.0,0.0,60859.39918887707,27.931764299982547,22213.14186,81.36682,48400.0,0.0,88000.0,2580000.0,0.0,53.3,0.0
2022,SOUTH DAKOTA,TURNER,157.0454609529215,0.1194802762308888,17139.1857,62.7809,8080.193940000001,29.59778,0.0,0.0,23211.12079843903,11.466349899757214,54621.58338,200.07906,127500.0,0.0,152500.0,13490000.0,0.0,105.8,0.0
2022,SOUTH DAKOTA,UNION,181.83724194118255,0.1383401414836572,19451.37012,71.25044000000001,10567.08198,38.707260000000005,0.0,0.0,17251.66268450301,8.522363155612867,58495.944780000005,214.27086,111900.0,0.0,116500.0,15084000.0,0.0,134.8,0.0
2022,SOUTH DAKOTA,WALWORTH,0.2804837627075939,0.0002203530584607,5575.391640000001,20.422680000000003,2433.5929800000004,8.914259999999999,0.0,0.0,26766.285094845905,12.28453741607117,20417.124000000003,74.78800000000001,68100.0,0.0,73600.0,10590000.0,0.0,155.5,0.0
2022,SOUTH DAKOTA,YANKTON,135.67315050401734,0.1032202405438872,10575.56682,38.73834,5217.761640000001,19.11268,0.0,0.0,19559.101051163063,8.976759674953797,32842.36956,120.30172,78500.0,0.0,102500.0,8140000.0,0.0,103.7,0.0
2022,SOUTH DAKOTA,ZIEBACH,0.0002871387125774,9.770378784392771e-07,542.93694,1.98878,274.84002,1.00674,0.0,0.0,74037.43610410749,33.97989862201768,1189.2152999999998,4.3561,14000.0,0.0,22500.0,762000.0,0.0,54.4,0.0
2022,TENNESSEE,BEDFORD,937.4369360151844,0.7132001931842766,9298.90416,34.06192,8619.57096,31.573519999999995,0.0,0.0,17627.68966929858,8.708121396968735,35809.85226,131.17162,7900.0,0.0,8300.0,965000.0,0.0,122.2,0.0
2022,TENNESSEE,BLEDSOE,321.245397200808,0.2444001956044155,272.51952000000006,0.99824,1114.8774,4.0838,0.0,0.0,15223.395868547495,7.520394435370094,3468.0828,12.7036,3250.0,0.0,3500.0,567000.0,0.0,174.5,0.0
2022,TENNESSEE,BLOUNT,2.230515959082228,0.0017002583408873,568.25496,2.08152,4314.47562,15.80394,0.0,0.0,19707.232897527607,9.735420789083756,21412.88604,78.43548,1000.0,0.0,1200.0,150200.0,0.0,150.2,0.0
2022,TENNESSEE,CANNON,69.69866774713527,0.0530200930914345,1965.71466,7.20042,2172.57222,7.95814,0.0,0.0,9902.044167261967,4.891633804788582,9905.76132,36.28484,5800.0,0.0,6200.0,990000.0,0.0,170.7,0.0
2022,TENNESSEE,CARROLL,70.43426583964,0.0535802923292033,11338.132259999998,41.53162,5180.35518,18.97566,0.0,0.0,22459.066805605544,10.30771530400497,26394.07134000001,96.68158,26000.0,0.0,27000.0,3250000.0,0.0,125.0,0.0
2022,TENNESSEE,CHEATHAM,10.817202076961465,0.0082401430770207,1268.96952,4.64824,906.27264,3.3196800000000004,0.0,0.0,11565.67874417987,5.713473315681917,4590.55506,16.81522,1600.0,0.0,1700.0,234000.0,0.0,146.3,0.0
2022,TENNESSEE,CHESTER,7.856081240150867,0.0059801404455627,3283.42014,12.02718,1178.35536,4.31632,0.0,0.0,10785.137864290187,4.949899814706486,6445.51362,23.60994,5600.0,0.0,6000.0,725000.0,0.0,129.5,0.0
2022,TENNESSEE,COFFEE,369.6307566409476,0.2812201237610951,4252.60836,15.57732,3162.5412,11.5844,0.0,0.0,15684.88353920664,7.748370462557781,17602.42848,64.47776,21000.0,0.0,22000.0,3835000.0,0.0,182.6,0.0
2022,TENNESSEE,CROCKETT,362.7267287155498,0.2759601014130513,12236.53158,44.82246,4178.9475,15.3075,0.0,0.0,9970.412710955718,4.925408030985454,19690.43622,72.12614,18100.0,0.0,19100.0,1970000.0,0.0,108.8,0.0
2022,TENNESSEE,DE KALB,0.022787192719397,2.0160580507237884e-05,557.0510400000001,2.04048,1085.28966,3.97542,0.0,0.0,12169.600886726666,6.01181231700745,4517.45112,16.547439999999998,3750.0,0.0,4000.0,614000.0,0.0,163.7,0.0
2022,TENNESSEE,DECATUR,0.3069498487830412,0.0002401696188882,2375.03448,8.69976,970.78254,3.55598,0.0,0.0,12853.286330346347,6.3495545822771735,5262.38622,19.27614,3600.0,0.0,3800.0,422000.0,0.0,117.2,0.0
2022,TENNESSEE,DYER,3107.5366567345827,2.364200127717289,28559.43636,104.61332,8291.217480000001,30.37076,0.0,0.0,19000.75793624436,8.72050495518526,35488.4712,129.9944,32500.0,0.0,33500.0,3510000.0,0.0,108.0,0.0
2022,TENNESSEE,FAYETTE,1244.7498065129157,0.9470002238658852,20518.54896,75.15952,6857.82552,25.12024,0.0,0.0,26236.428871995027,12.041356915987386,26355.61656,96.54072,16500.0,0.0,17500.0,2535000.0,0.0,153.6,0.0
2022,TENNESSEE,FENTRESS,306.0188522419069,0.2328202467593934,438.1213200000001,1.6048399999999998,2313.5658000000003,8.474599999999999,0.0,0.0,18698.796871943672,8.581918222680017,11648.02548,42.66676,650.0,0.0,700.0,105400.0,0.0,162.2,0.0
2022,TENNESSEE,FRANKLIN,330.0535092889713,0.2511201655438891,5828.52816,21.34992,3243.47478,11.880859999999998,0.0,0.0,21040.419504494745,9.65661912876249,18549.02868,67.94516,22500.0,0.0,23000.0,3305000.0,0.0,146.9,0.0
2022,TENNESSEE,GIBSON,1142.2186853271346,0.8689802300612166,32932.89636,120.63332,12312.33276,45.10012,0.0,0.0,22145.7109827636,10.16389888283912,54260.50812,198.75644,66500.0,0.0,69000.0,7125000.0,0.0,107.1,0.0
2022,TENNESSEE,GILES,289.49330065948527,0.2202402726975176,8023.0332,29.3884,6529.16082,23.91634,0.0,0.0,22806.60690319966,11.266519055636994,35076.885480000004,128.48676,14500.0,0.0,15100.0,2319000.0,0.0,159.9,0.0
2022,TENNESSEE,GRAINGER,5.097403241576792,0.0038801472132092,656.8653,2.4060999999999995,3612.61992,13.23304,0.0,0.0,11303.599325331355,5.187850624629585,19986.603,73.211,550.0,0.0,600.0,80900.0,0.0,147.1,0.0
2022,TENNESSEE,GREENE,4064.080157262674,3.0919002620102063,2454.60852,8.99124,10600.78656,38.83072,0.0,0.0,23051.59418438156,10.579659084355054,51367.892940000005,188.16078,4100.0,0.0,5100.0,675000.0,0.0,164.6,0.0
2022,TENNESSEE,HARDIN,8.487108848595501e-05,2.887881870430297e-07,4562.20674,16.71138,1641.34152,6.01224,0.0,0.0,21883.631553746556,10.810566997242995,8927.93538,32.70306,5750.0,0.0,6300.0,736000.0,0.0,128.0,0.0
2022,TENNESSEE,HAWKINS,128.81460159418373,0.0980002088939438,1058.64486,3.87782,4722.61062,17.298939999999998,0.0,0.0,18356.954152022277,9.068379817963974,25454.14326,93.23862,900.0,0.0,1000.0,120000.0,0.0,133.3,0.0
2022,TENNESSEE,HAYWOOD,813.1292334749977,0.6186201846962269,23968.01316,87.79492,7843.53024,28.73088,0.0,0.0,19804.088327551224,9.089197966356112,37542.22836,137.51731999999998,17100.0,0.0,18200.0,2465000.0,0.0,144.2,0.0
2022,TENNESSEE,HENRY,53.47303872781936,0.0406802679176547,11121.68148,40.73876,4835.20128,17.71136,0.0,0.0,21319.591072049992,9.784746493280329,25221.5418,92.3866,39000.0,0.0,41000.0,4085000.0,0.0,104.7,0.0
2022,TENNESSEE,JACKSON,74.45884218421612,0.0566401444174674,133.01106,0.4872199999999999,688.1292599999999,2.52062,0.0,0.0,12049.95593366469,5.952707420373553,3096.73182,11.34334,1050.0,0.0,1100.0,171400.0,0.0,163.2,0.0
2022,TENNESSEE,LAKE,2044.0925477522092,1.5551200261698903,10484.06268,38.40316,3075.81456,11.26672,0.0,0.0,6420.945787064667,3.171962772551972,13787.30808,50.50296,6900.0,0.0,7100.0,1035000.0,0.0,150.0,0.0
2022,TENNESSEE,LAUDERDALE,5835.637871830916,4.439660041100418,18559.2498,67.9826,5972.80866,21.87842,0.0,0.0,17872.676964135364,8.20276583445463,27221.86194,99.71378,13400.0,0.0,14300.0,1821000.0,0.0,135.9,0.0
2022,TENNESSEE,LAWRENCE,179.67396250269942,0.1367002101076721,6913.30458,25.32346,5270.46156,19.30572,0.0,0.0,23125.66011417338,10.613652060315658,29412.44124,107.73788,26000.0,0.0,27500.0,3220000.0,0.0,123.8,0.0
2022,TENNESSEE,LEWIS,9.145299644159245,0.0069601346937449,706.70964,2.58868,695.50026,2.54762,0.0,0.0,10631.308639381336,5.2518922205452565,3576.27816,13.09992,950.0,0.0,1000.0,95000.0,0.0,100.0,0.0
2022,TENNESSEE,LINCOLN,370.79441347262434,0.2821001808874337,10647.72072,39.00264000000001,6240.79638,22.86006,0.0,0.0,21359.47272331276,9.803050401925706,30533.58672,111.84464,21500.0,0.0,22500.0,3285000.0,0.0,152.8,0.0
2022,TENNESSEE,MACON,295.91775744642695,0.2251401274116532,1326.18486,4.85782,2803.6008,10.2696,0.0,0.0,11634.047289616796,5.3395115804531,15478.827,56.699,4600.0,0.0,5000.0,613000.0,0.0,133.3,0.0
2022,TENNESSEE,MADISON,563.047682236161,0.4283602161490275,13800.1227,50.5499,5354.65476,19.61412,0.0,0.0,19496.429885577814,8.947996390253936,22395.52224,82.03488,18800.0,0.0,20000.0,2436000.0,0.0,129.6,0.0
2022,TENNESSEE,MARSHALL,330.3175614141376,0.2513001413967632,3776.66016,13.83392,5335.8396,19.5452,0.0,0.0,13924.393525437676,6.390678895229897,23529.70074,86.18938,4100.0,0.0,4700.0,645000.0,0.0,157.3,0.0
2022,TENNESSEE,MAURY,10.078464454783555,0.0076802872110637,4037.81742,14.79054,6355.46184,23.28008,0.0,0.0,22105.82933150083,10.145594974193742,28798.77546,105.49002,7800.0,0.0,8800.0,764000.0,0.0,97.9,0.0
2022,TENNESSEE,MCMINN,216.90227710222936,0.1650201931740376,1152.24018,4.22066,3498.55506,12.81522,0.0,0.0,15838.712764260752,7.824362472361874,16861.39728,61.76336,4800.0,0.0,5600.0,730000.0,0.0,152.1,0.0
2022,TENNESSEE,MCNAIRY,222.3546734184868,0.1691602513478476,4481.12028,16.41436,1752.10308,6.41796,0.0,0.0,20972.05096777371,9.625241003465852,9694.80876,35.51212,6400.0,0.0,6600.0,820000.0,0.0,128.1,0.0
2022,TENNESSEE,MEIGS,5.307930603087107,0.0040401041321632,348.92130000000003,1.2781,1183.65156,4.33572,0.0,0.0,7890.869489554128,3.6215590301856246,5731.64046,20.99502,1750.0,0.0,1900.0,309000.0,0.0,176.6,0.0
2022,TENNESSEE,MONTGOMERY,548.6562290796277,0.4174201016306003,6721.03068,24.61916,4338.55422,15.89214,0.0,0.0,17821.400549973398,8.179232235148541,23315.89806,85.40622,15700.0,0.0,16300.0,2090000.0,0.0,133.1,0.0
2022,TENNESSEE,OBION,1637.0696203907112,1.2454801405382174,29634.36294,108.55078,12350.53092,45.24004,0.0,0.0,20630.208240008007,9.468350356714945,54536.35278,199.76686,67500.0,0.0,70000.0,9000000.0,0.0,133.3,0.0
2022,TENNESSEE,OVERTON,69.19158277694042,0.052640214429552,376.2759,1.3783,1818.86796,6.662520000000001,0.0,0.0,16248.924028166432,8.027007830404234,7095.29184,25.99008,1100.0,0.0,1200.0,216000.0,0.0,196.4,0.0
2022,TENNESSEE,PERRY,2.4009614934234182,0.0018202092417402,733.77486,2.68782,631.39986,2.31282,0.0,0.0,15855.804904542134,7.832806031063927,3696.64932,13.54084,1500.0,0.0,1600.0,150000.0,0.0,100.0,0.0
2022,TENNESSEE,RHEA,216.847067969354,0.1649801632281057,477.1494,1.7477999999999998,1618.1474400000002,5.92728,0.0,0.0,12369.009140716262,5.676826464727228,8129.2575,29.777500000000003,1950.0,0.0,2100.0,225000.0,0.0,115.4,0.0
2022,TENNESSEE,ROBERTSON,720.6635101146284,0.5482800988501412,13285.386659999998,48.66442,6854.38572,25.10764,0.0,0.0,17365.610254808,7.970044710058644,35361.84834,129.53058,37500.0,0.0,39000.0,3960000.0,0.0,105.6,0.0
2022,TENNESSEE,RUTHERFORD,1612.0910176990776,1.2264601273264144,7076.84796,25.92252,7459.32642,27.32354,0.0,0.0,19616.07483791347,9.690388486818158,29992.276859999994,109.86182,6200.0,0.0,6600.0,915000.0,0.0,147.6,0.0
2022,TENNESSEE,SEQUATCHIE,0.0530786239684204,4.013142456418956e-05,209.37462,0.76694,443.66322,1.6251400000000005,0.0,0.0,9959.017954593435,4.570747425614385,1911.06552,7.00024,1050.0,0.0,1100.0,163000.0,0.0,155.2,0.0
2022,TENNESSEE,SEVIER,8.37883800228499e-05,2.8510408896282165e-07,553.0870799999999,2.02596,3392.93682,12.42834,0.0,0.0,21604.460006528367,10.672655576667582,15110.32068,55.34916,190.0,0.0,200.0,26400.0,0.0,138.9,0.0
2022,TENNESSEE,STEWART,44.61570958272009,0.0339402375867406,1030.23648,3.77376,672.8958600000001,2.46482,0.0,0.0,18003.716664262673,8.893879643347882,3647.27454,13.35998,2650.0,0.0,3000.0,275000.0,0.0,103.8,0.0
2022,TENNESSEE,SULLIVAN,5.415752093659137e-05,1.8428009543687377e-07,839.2238400000001,3.07408,4757.96412,17.42844,0.0,0.0,13964.275175247796,6.408982803208572,25562.85732,93.63684,550.0,0.0,1100.0,91500.0,0.0,166.4,0.0
2022,TENNESSEE,SUMNER,230.43971079768244,0.1753401714154716,6970.3998,25.53260000000001,5918.13768,21.67816,0.0,0.0,17969.532396483213,8.247218181069439,29039.9655,106.3735,10100.0,0.0,10600.0,1303000.0,0.0,129.0,0.0
2022,TENNESSEE,TIPTON,4660.594467242143,3.545720092440165,19614.56952,71.84824,5707.87308,20.90796,0.0,0.0,16835.75403566138,7.726864211674947,25856.3214,94.7118,24500.0,0.0,25500.0,3280000.0,0.0,133.9,0.0
2022,TENNESSEE,VAN BUREN,150.53271596869868,0.1145201233181778,274.67076,1.00612,727.17918,2.66366,0.0,0.0,10289.465918007289,5.083021088125678,3479.9583,12.7471,280.0,0.0,300.0,49300.0,0.0,176.1,0.0
2022,TENNESSEE,WARREN,246.7979176183294,0.1877601259805529,1186.49622,4.34614,2107.35798,7.71926,0.0,0.0,15952.6603380521,7.32156338147992,10077.025140000002,36.912180000000006,10000.0,0.0,10600.0,1795000.0,0.0,179.5,0.0
2022,TENNESSEE,WASHINGTON,4.184999781775986e-05,1.4240167309207601e-07,1174.08564,4.300680000000001,6683.356680000001,24.48116,0.0,0.0,10790.835243270283,5.330698749294771,35475.71118,129.94766,2250.0,0.0,3300.0,360000.0,0.0,160.0,0.0
2022,TENNESSEE,WEAKLEY,328.90128123391264,0.2502602095714524,24999.12324,91.57188,10657.74528,39.03936,0.0,0.0,21490.51242678117,10.616365196252184,47296.5402,173.2474,66500.0,0.0,69000.0,8325000.0,0.0,125.2,0.0
2022,TENNESSEE,WHITE,315.54292936655185,0.2400601694810246,273.75348,1.00276,1016.00226,3.72162,0.0,0.0,14146.591293023426,6.492657813111191,3632.4288,13.305599999999998,2400.0,0.0,3100.0,420000.0,0.0,175.0,0.0
2022,TEXAS,BELL,14.016501292066508,0.0106604805627045,4280.792879999999,15.680560000000002,2992.2219600000003,10.96052,0.0,0.0,36873.43489602178,18.21556615879305,11049.21636,40.47332,71700.0,0.0,75800.0,4245000.0,0.0,59.2,0.0
2022,TEXAS,BEXAR,134.89701872684063,0.1026203361016857,2483.0169,9.0953,4671.42858,17.11146,0.0,0.0,29751.71152534659,13.654715704109933,20188.3227,73.9499,6600.0,0.0,7700.0,350000.0,0.0,53.0,0.0
2022,TEXAS,BURLESON,679.6942265871278,0.5171202276526429,7165.39278,26.246860000000005,20238.53832,74.13384,0.0,0.0,25062.768871095806,11.502699043081114,98018.31312,359.04144,8830.0,0.0,10000.0,792000.0,0.0,89.7,0.0
2022,TEXAS,CALDWELL,7.846322190535918e-05,2.669843406963421e-07,5180.120400000001,18.9748,6638.74302,24.31774,0.0,0.0,20231.391741616288,9.994356527756803,32997.1551,120.8687,6980.0,0.0,8000.0,284000.0,0.0,40.7,0.0
2022,TEXAS,CALHOUN,346.4902118614956,0.2636001765907046,7382.59158,27.042460000000005,3329.96664,12.197679999999998,21949.223783400004,0.0,18778.560173888145,9.276654214040695,17753.954400000002,65.0328,23200.0,0.0,26300.0,1768000.0,0.0,76.2,0.0
2022,TEXAS,CAMERON,3025.9426731522226,2.30210018572072,50327.11866,184.34842,43847.1033,160.61210000000003,0.0,0.0,31329.88542715051,14.379027511933815,166562.63442,610.11954,24800.0,0.0,30100.0,2401000.0,0.0,96.8,0.0
2022,TEXAS,COLLIN,8.034751076602966,0.0061203097255223,1142.35758,4.18446,2197.89024,8.050880000000001,0.0,0.0,23843.52982673464,11.778761491647709,7353.446100000001,26.9357,15600.0,0.0,18900.0,953000.0,0.0,61.1,0.0
2022,TEXAS,COLORADO,2503.1522090971234,1.9043802970633776,21972.077399999995,80.4838,32563.44546,119.28002,209287.937243376,0.0,36429.03936302926,16.71931295287725,155223.1044,568.5828,9870.0,0.0,11200.0,667000.0,0.0,67.6,0.0
2022,TEXAS,COOKE,82.86972012437579,0.0630404080716847,539.1913800000001,1.9750600000000005,2367.82728,8.67336,0.0,0.0,32606.098261457908,16.10749152435952,7946.6478,29.1086,580.0,0.0,3200.0,37200.0,0.0,64.1,0.0
2022,TEXAS,CORYELL,0.0001507616341623,5.12991877234928e-07,450.49368,1.65016,768.64788,2.81556,0.0,0.0,38873.21481678627,17.84108105430506,3920.94612,14.36244,3920.0,0.0,9900.0,137200.0,0.0,35.0,0.0
2022,TEXAS,DALLAM,61.32813333536896,0.0466607263051859,47452.60338,173.81906,43214.24562,158.29394000000002,0.0,0.0,56819.95769884535,26.077839859273347,209587.90398,767.72126,76100.0,0.0,97800.0,9794000.0,0.0,128.7,0.0
2022,TEXAS,DE WITT,20.90371150240083,0.0159004475687463,14765.19954,54.08498,26845.6734,98.3358,1505.8140372360003,0.0,33996.25865270596,15.602774533176357,156415.11521999998,572.94914,4120.0,0.0,4700.0,248000.0,0.0,60.2,0.0
2022,TEXAS,DEAF SMITH,49.21634880149156,0.0374407084753321,24535.58562,89.87394,22275.87726,81.59662,0.0,0.0,55925.46924207017,27.627317276329528,106519.16184000002,390.18008,13100.0,0.0,37400.0,2201000.0,0.0,168.0,0.0
2022,TEXAS,ELLIS,119.9492425796404,0.0912604181898116,3122.4921,11.4377,3345.66414,12.25518,0.0,0.0,33682.90282550607,15.458958110010402,11160.13626,40.87962,35900.0,0.0,40800.0,2143000.0,0.0,59.7,0.0
2022,TEXAS,FALLS,606.2447230522206,0.4612201368820217,27826.25118,101.92766,31302.81882,114.66234,0.0,0.0,28760.367637865056,14.207691280620637,155368.47144,569.11528,56800.0,0.0,64600.0,4169000.0,0.0,73.4,0.0
2022,TEXAS,FAYETTE,0.0001387192641711,4.720156831092029e-07,3905.27592,14.30504,15940.63926,58.39062,3845.079317376,0.0,35768.14343591101,16.415991041896916,84973.77252,311.25924000000003,6440.0,0.0,7700.0,358000.0,0.0,55.6,0.0
2022,TEXAS,FORT BEND,927.1193486205754,0.7053402274658911,24101.41188,88.28356,15009.523620000002,54.97994,129366.12098448,0.0,26293.40266324864,12.989004607321354,84413.04144,309.20528,19200.0,0.0,21700.0,1396000.0,0.0,72.7,0.0
2022,TEXAS,GONZALES,0.0001554901978073,5.290816122284692e-07,8292.7845,30.3765,18293.77914,67.01018,798.40264761,0.0,40092.453858387424,18.40065768485392,109686.66618,401.78266,4000.0,0.0,5000.0,224000.0,0.0,56.0,0.0
2022,TEXAS,GRAY,0.0001344768145516,4.57580033041785e-07,5398.28562,19.77394,4890.24354,17.912979999999997,0.0,0.0,34674.24672722355,15.913940981547826,23690.006340000004,86.77658,3800.0,0.0,8200.0,627000.0,0.0,165.0,0.0
2022,TEXAS,GRAYSON,0.0001346756793549,4.582567040618357e-07,1794.2870400000002,6.5724800000000005,7069.193040000001,25.89448,0.0,0.0,34725.52312961906,15.937474575453637,26476.06962,96.98194,17600.0,0.0,19900.0,968000.0,0.0,55.0,0.0
2022,TEXAS,GUADALUPE,9.892420286582592e-05,3.366062779438298e-07,2774.70102,10.16374,3479.15568,12.74416,0.0,0.0,25507.16440525045,11.706656878377013,15311.5326,56.08620000000001,20300.0,0.0,23200.0,680000.0,0.0,33.5,0.0
2022,TEXAS,HALE,275.9679145498726,0.2099604600297527,48377.03052,177.20524,46515.2142,170.3854,0.0,0.0,37357.712084199215,18.454800262838827,219020.97126,802.27462,19800.0,0.0,27600.0,2263000.0,0.0,114.3,0.0
2022,TEXAS,HAYS,9.081493719306708e-05,3.09013134346127e-07,244.1712,0.8944,287.14140000000003,1.0517999999999998,0.0,0.0,23416.226427196045,10.747009107493795,1105.7319,4.0503,2420.0,0.0,2900.0,72800.0,0.0,30.1,0.0
2022,TEXAS,HIDALGO,3974.2891719343606,3.0235801723228253,75024.34758,274.81446,66368.76246,243.10902,0.0,0.0,47305.33528228512,23.368950219262544,262047.49116,959.88092,32500.0,0.0,37200.0,2948000.0,0.0,90.7,0.0
2022,TEXAS,HILL,85.945027640341,0.0653804328063739,4139.66826,15.163620000000002,5170.38522,18.93914,0.0,0.0,36053.01236094719,16.546733240744548,24960.73398,91.43126,64800.0,0.0,97300.0,4218000.0,0.0,65.1,0.0
2022,TEXAS,HUTCHINSON,46.91711251249131,0.0357003829799374,8429.51928,30.87736,7131.562620000001,26.12294,0.0,0.0,33306.87583272094,15.286378402144583,36152.42904,132.42648000000003,17200.0,0.0,23900.0,3053000.0,0.0,177.5,0.0
2022,TEXAS,JACKSON,2085.792122813016,1.5868602143152497,31791.06294,116.45078,18187.04706,66.61922000000001,101782.798425378,0.0,31654.636011584265,15.637466868152694,98576.78922,361.08714,68600.0,0.0,77800.0,3924000.0,0.0,57.2,0.0
2022,TEXAS,JIM WELLS,770.9366566745223,0.5865002592231428,20691.59274,75.79338,14230.33794,52.12578,0.0,0.0,32133.21582194372,15.873886453755384,80452.38474,294.69738,4900.0,0.0,10900.0,569000.0,0.0,116.1,0.0
2022,TEXAS,LAMAR,7797.850295940459,5.932500333273069,5148.01014,18.85718,16484.1495,60.3815,0.0,0.0,34611.57555292242,15.88517769284776,60347.43624,221.05288,9300.0,0.0,12100.0,404000.0,0.0,43.4,0.0
2022,TEXAS,LAVACA,207.31374242444903,0.1577004167207783,14587.49292,53.43404,24489.0282,89.7034,31800.73069404,0.0,36332.18391993182,17.948186865508333,134993.27478,494.48086,1910.0,0.0,2200.0,110200.0,0.0,57.7,0.0
2022,TEXAS,LEE,0.6966322593063683,0.0005203139127529,8201.247599999999,30.0412,16163.77308,59.20796,0.0,0.0,23803.64818302564,10.924818506086991,86460.77622,316.70614,420.0,0.0,600.0,22000.0,0.0,52.4,0.0
2022,TEXAS,LIMESTONE,609.7352406717307,0.4638804077430543,8218.51212,30.10444,24101.46102,88.28374,0.0,0.0,34924.931387821336,16.028994119547225,115054.28844,421.44428,12700.0,0.0,14300.0,1363000.0,0.0,107.3,0.0
2022,TEXAS,MATAGORDA,2004.7800846536247,1.5252402765559847,42059.9634,154.0658,16922.70762,61.98794,194595.1218504,0.0,41066.70560863813,20.28705204837133,88173.58368,322.98016,39500.0,0.0,44900.0,3547000.0,0.0,89.8,0.0
2022,TEXAS,MCLENNAN,28.312698969922067,0.0215404723962914,6130.16586,22.45482,5627.802180000001,20.61466,0.0,0.0,37209.58023304094,18.38162276954029,24724.82376,90.56712,33200.0,0.0,60600.0,2032000.0,0.0,61.2,0.0
2022,TEXAS,MILAM,162.87240814326003,0.1239004349353743,28150.728059999998,103.11622,33178.62366,121.53342,0.0,0.0,38451.60879433935,17.647582593863586,164178.0231,601.3847,33800.0,0.0,38900.0,2366000.0,0.0,70.0,0.0
2022,TEXAS,MOORE,251.11815362800812,0.1910603161007203,26362.52892,96.56604,23291.08782,85.31534,0.0,0.0,33717.08710388986,15.47464717725896,116459.08092,426.59004,29900.0,0.0,50600.0,4359000.0,0.0,145.8,0.0
2022,TEXAS,NAVARRO,123.50413933317051,0.093980475194702,4769.70312,17.471439999999998,13466.6805,49.3285,0.0,0.0,38730.78034794919,19.133099311175524,59131.95834,216.60058,8450.0,0.0,17900.0,544000.0,0.0,64.4,0.0
2022,TEXAS,OCHILTREE,0.0001323997819098,4.505125793098042e-07,14548.486680000002,53.29116,10631.06226,38.94162,0.0,0.0,34138.6931262351,15.66814563765376,57797.44698,211.71226,28600.0,0.0,34400.0,5248000.0,0.0,183.5,0.0
2022,TEXAS,PARMER,303.453416336984,0.2308603985791523,39108.888,143.256,38256.27078,140.13286,0.0,0.0,33261.296801359545,15.265459648788887,171013.23876,626.42212,5270.0,0.0,36800.0,472000.0,0.0,89.6,0.0
2022,TEXAS,ROBERTSON,257.12691703918307,0.1956203283654719,13894.990199999998,50.8974,28734.129060000003,105.25322,0.0,0.0,32326.92670494278,15.969580099191392,139326.59286,510.35382,6100.0,0.0,6800.0,520000.0,0.0,85.2,0.0
2022,TEXAS,SAN PATRICIO,494.52240310189336,0.3762202121900251,14978.29788,54.86556,8323.436940000001,30.48878,0.0,0.0,25472.980139940497,12.583713893461228,64027.77108,234.53396,20500.0,0.0,24000.0,715000.0,0.0,34.9,0.0
2022,TEXAS,SHERMAN,215.3386653513782,0.1638203568928904,32508.05922,119.07714,28344.98394,103.82778,0.0,0.0,34754.01002148352,17.16856513679418,140974.76484000002,516.39108,73300.0,0.0,90400.0,12726000.0,0.0,173.6,0.0
2022,TEXAS,TOM GREEN,26.534800712952567,0.0201807508458839,4043.676,14.812,2567.35752,9.40424,0.0,0.0,57121.91876397405,28.218366238362837,16623.52692,60.89204,5400.0,0.0,7100.0,569000.0,0.0,105.4,0.0
2022,TEXAS,VICTORIA,732.1967084074358,0.5570403009821348,19159.54404,70.18148000000001,13507.75608,49.47896,47073.760271928,0.0,32423.782132351636,16.01742691494857,66178.8309,242.4133,33900.0,0.0,38700.0,2519000.0,0.0,74.3,0.0
2022,TEXAS,WALLER,869.5357000725966,0.6615401325752651,10907.3601,39.9537,21692.66736,79.46032000000001,58415.32047519,0.0,18983.665803516757,9.3779768919137,105490.60158,386.41246,1950.0,0.0,2300.0,117300.0,0.0,60.2,0.0
2022,TEXAS,WHARTON,3889.8082669789433,2.95930014351046,54481.91112,199.56744,32043.28218,117.37466,527607.991558044,0.0,40599.520560306286,18.63337880584973,168958.34592,618.89504,85700.0,0.0,92600.0,6637000.0,0.0,77.4,0.0
2022,TEXAS,WILLIAMSON,41.71639904888588,0.0317404724379007,7016.82618,25.70266,6167.33754,22.59098,0.0,0.0,36787.9742164046,18.17334837604696,29824.52928,109.24736,83200.0,0.0,96700.0,4343000.0,0.0,52.2,0.0
2022,TEXAS,WILSON,730.5410851513889,0.55578035998529,6373.32696,23.34552,11994.4188,43.9356,0.0,0.0,30036.58047144614,14.838143511836694,71119.14264,260.50968,4800.0,0.0,6200.0,245000.0,0.0,51.0,0.0
2022,VIRGINIA,ACCOMACK,293.8523252850509,0.2235401544759768,9013.44444,33.01628,4561.91736,16.710320000000003,0.0,0.0,15639.304509399568,7.725854311424981,20931.9474,76.6738,20000.0,0.0,22500.0,3235000.0,0.0,161.8,0.0
2022,VIRGINIA,AMELIA,5.38481756524849e-05,1.8322749595498777e-07,1530.8202,5.6074,948.13992,3.47304,0.0,0.0,13884.511873739117,6.372374986384511,3996.64902,14.63974,4600.0,0.0,6700.0,681000.0,0.0,148.0,0.0
2022,VIRGINIA,APPOMATTOX,4.976039867367357e-05,1.693181456237202e-07,408.95946,1.49802,1362.1662600000002,4.98962,0.0,0.0,12830.496815442812,6.338296506710775,6093.91146,22.32202,950.0,0.0,1400.0,162800.0,0.0,171.4,0.0
2022,VIRGINIA,AUGUSTA,1468.1555594707847,1.116980277104405,2547.18828,9.33036,12803.8365,46.9005,0.0,0.0,35722.5643981144,16.395072285587734,61554.69684,225.47508,13500.0,0.0,22000.0,2590000.0,0.0,191.9,0.0
2022,VIRGINIA,BEDFORD,14.042446629886705,0.0106803628679999,1217.9895,4.4615,6867.22218,25.15466,0.0,0.0,28788.854529569715,13.212807058624254,30359.73486,111.20782,500.0,0.0,1300.0,72000.0,0.0,144.0,0.0
2022,VIRGINIA,BRUNSWICK,1.177283147593341,0.0009002829237042,1932.39228,7.07836,698.66706,2.55922,0.0,0.0,21439.23601915612,10.591034526676289,3054.08922,11.18714,500.0,0.0,700.0,75900.0,0.0,151.8,0.0
2022,VIRGINIA,CAMPBELL,7.11715115877993e-05,2.421730670268694e-07,725.3610000000001,2.657,2366.5278,8.6686,0.0,0.0,18351.25676476209,8.422412731532136,10460.51916,38.31692,1600.0,0.0,2600.0,254000.0,0.0,158.8,0.0
2022,VIRGINIA,CAROLINE,39.84799635748482,0.0303202599920726,2949.14256,10.80272,1231.96164,4.51268,0.0,0.0,19701.535518983317,9.04213077681107,5915.57694,21.66878,12900.0,0.0,14500.0,2165000.0,0.0,167.8,0.0
2022,VIRGINIA,CHARLES CITY,7.096707509634258,0.0054000936061684,1586.50674,5.81138,651.0777,2.3849,0.0,0.0,7093.236471852566,3.2554808607449437,3245.72976,11.88912,5900.0,0.0,6500.0,1026000.0,0.0,173.9,0.0
2022,VIRGINIA,CHARLOTTE,6.940382423330764e-05,2.361582127877015e-07,1027.22802,3.76274,1859.80704,6.81248,0.0,0.0,17895.46646611033,8.840403783241367,8783.1198,32.1726,1400.0,0.0,1700.0,189500.0,0.0,135.4,0.0
2022,VIRGINIA,CHESTERFIELD,4.191628609698991e-05,1.4262723013773842e-07,754.75218,2.76466,392.33376,1.43712,0.0,0.0,10807.92738035584,4.96035919156101,1734.0141,6.351700000000001,540.0,0.0,600.0,77500.0,0.0,143.5,0.0
2022,VIRGINIA,CULPEPER,5.453315449823776e-05,1.855582519586713e-07,2151.27822,7.88014,3785.77836,13.86732,0.0,0.0,14061.130613406238,6.946232583923586,20503.73598,75.10526,6500.0,0.0,7900.0,1227000.0,0.0,188.8,0.0
2022,VIRGINIA,CUMBERLAND,4.366187734112794e-05,1.485668986362311e-07,494.41392,1.81104,816.5702999999999,2.9911,0.0,0.0,11258.020295524286,5.56148929679134,4076.78544,14.93328,1350.0,0.0,2300.0,211000.0,0.0,156.3,0.0
2022,VIRGINIA,DINWIDDIE,7.346950511753997e-05,2.499923774319696e-07,2361.48822,8.650139999999999,908.96988,3.32956,0.0,0.0,18943.784144990743,9.35827525599474,3962.80794,14.51578,5100.0,0.0,6400.0,757000.0,0.0,148.4,0.0
2022,VIRGINIA,ESSEX,35.46933776222085,0.0269801284923226,3479.92554,12.74698,1411.9887600000002,5.17212,0.0,0.0,9736.820185845572,4.46876850719973,7498.403639999999,27.46668,12900.0,0.0,14500.0,2280000.0,0.0,176.7,0.0
2022,VIRGINIA,FAUQUIER,67.20416287205076,0.0511202795162816,2571.4634400000004,9.41928,7319.41392,26.81104,0.0,0.0,23900.503607819726,11.806906677513858,36220.25316,132.67492,4900.0,0.0,8200.0,931000.0,0.0,190.0,0.0
2022,VIRGINIA,FRANKLIN,345.82563118785214,0.2631003103932506,1183.14924,4.33388,4782.49044,17.51828,0.0,0.0,26994.180245987587,12.389131180249532,25278.99192,92.59704,4900.0,0.0,10500.0,695000.0,0.0,141.8,0.0
2022,VIRGINIA,FREDERICK,5.5834159211429375,0.0042401900883799,981.04188,3.59356,4149.39798,15.19926,0.0,0.0,14630.868480910336,7.22768447057194,20990.44038,76.88806,3100.0,0.0,3600.0,556000.0,0.0,179.4,0.0
2022,VIRGINIA,GLOUCESTER,3.100081675748259e-05,1.0548550546430325e-07,824.80398,3.02126,322.5495,1.1815,0.0,0.0,7993.422305385282,3.6686262230641713,1768.40664,6.47768,3700.0,0.0,4200.0,627000.0,0.0,169.5,0.0
2022,VIRGINIA,GREENSVILLE,36.19246284432195,0.0275401457850284,4125.53232,15.11184,1328.34702,4.86574,0.0,0.0,11047.217284155557,5.070182641699846,7495.8429,27.4573,1700.0,0.0,1900.0,254000.0,0.0,149.4,0.0
2022,VIRGINIA,ISLE OF WIGHT,4.5606333417322326e-05,1.5518323825254116e-07,8344.39788,30.56556,3375.49758,12.36446,0.0,0.0,11759.389620496751,5.809166957816911,19777.031820000004,72.44334,9400.0,0.0,11000.0,1280000.0,0.0,136.2,0.0
2022,VIRGINIA,KING AND QUEEN,10.69918671113801,0.008140158942522,3221.8422599999994,11.80162,1311.37734,4.80358,0.0,0.0,12044.258555265656,5.527780353034007,6834.88806,25.03622,11200.0,0.0,12500.0,1860000.0,0.0,166.1,0.0
2022,VIRGINIA,KING WILLIAM,69.15910196047828,0.0526201427776014,3883.47414,14.22518,1692.9767399999998,6.20138,0.0,0.0,10819.322137153917,4.965588879421578,8374.154879999998,30.67456,11200.0,0.0,12700.0,1960000.0,0.0,175.0,0.0
2022,VIRGINIA,LEE,6.345997556788562e-05,2.1593326562646158e-07,698.37768,2.55816,3616.61118,13.24766,0.0,0.0,16362.871603410427,8.08329820859504,18690.76482,68.46434,500.0,0.0,700.0,62700.0,0.0,125.4,0.0
2022,VIRGINIA,LUNENBURG,6.253193973077745e-05,2.1277546723256237e-07,1494.04164,5.47268,799.82448,2.92976,0.0,0.0,16123.58170280654,7.96508841805417,3397.79622,12.446140000000002,1200.0,0.0,1600.0,142500.0,0.0,118.8,0.0
2022,VIRGINIA,MADISON,0.217606711055312,0.0001601589364668,1829.62416,6.70192,2853.3687,10.4519,0.0,0.0,12049.955934100484,5.952707420588836,15445.253460000002,56.57602000000001,4700.0,0.0,6700.0,900000.0,0.0,191.5,0.0
2022,VIRGINIA,MECKLENBURG,9.54551164800162e-05,3.24802126660682e-07,3201.56382,11.727340000000002,1635.4065,5.990500000000001,0.0,0.0,24612.67595636316,12.158721542821011,6093.65484,22.32108,1700.0,0.0,2400.0,258000.0,0.0,151.8,0.0
2022,VIRGINIA,MIDDLESEX,1.9334080299189527e-05,6.578746776260898e-08,1033.26132,3.78484,407.40882,1.4923400000000002,0.0,0.0,4985.206355259962,2.462704015385085,2211.4911,8.100700000000002,5000.0,0.0,5500.0,947000.0,0.0,189.4,0.0
2022,VIRGINIA,NORTHAMPTON,275.4828201622713,0.2095800686977888,8128.75518,29.77566,2507.87628,9.18636,0.0,0.0,6250.024425215524,2.8684839390619525,9225.94218,33.79466,5500.0,0.0,6100.0,913000.0,0.0,166.0,0.0
2022,VIRGINIA,NORTHUMBERLAND,2.9498282515967463e-05,1.003728793943662e-07,2727.6522,9.9914,985.67742,3.61054,0.0,0.0,7606.0005540589,3.7573826980578953,5278.54236,19.33532,11000.0,0.0,12500.0,2052000.0,0.0,186.5,0.0
2022,VIRGINIA,ORANGE,4.8434633164002e-05,1.648070049654312e-07,2319.38616,8.495920000000002,2969.6230200000005,10.87774,0.0,0.0,12488.654093051911,6.169425373788869,15744.93648,57.67376,6150.0,0.0,6800.0,1167000.0,0.0,189.8,0.0
2022,VIRGINIA,PAGE,22.78072245091884,0.0173601438297965,1335.03552,4.89024,3789.80238,13.88206,0.0,0.0,11571.37612417682,5.310748295819909,18136.23084,66.43308,1650.0,0.0,3100.0,271000.0,0.0,164.2,0.0
2022,VIRGINIA,PITTSYLVANIA,57.0040839254074,0.0433604218282274,1344.1701,4.9237,5290.5489,19.3793,0.0,0.0,36685.42140405981,16.836980935740318,22287.48522,81.63914,3150.0,0.0,10000.0,294000.0,0.0,93.3,0.0
2022,VIRGINIA,POWHATAN,3.80052778534024e-05,1.2931936522962086e-07,807.09174,2.95638,597.6679800000001,2.18926,0.0,0.0,9799.491351866604,4.497531792099601,2817.1088400000003,10.31908,2100.0,0.0,2900.0,374000.0,0.0,178.1,0.0
2022,VIRGINIA,PRINCE GEORGE,3.734239509490464e-05,1.2706379488801592e-07,2109.43824,7.72688,771.88566,2.82742,0.0,0.0,9628.569989726935,4.4190864695241885,3900.624,14.288,5200.0,0.0,5800.0,862000.0,0.0,165.8,0.0
2022,VIRGINIA,ROCKINGHAM,812.1988258296419,0.6179002272325904,4251.09594,15.57178,11441.44092,41.91004,0.0,0.0,31255.81949881133,14.345034536639911,53099.16066,194.50242,10800.0,0.0,21500.0,2065000.0,0.0,191.2,0.0
2022,VIRGINIA,SHENANDOAH,7.331483249041625e-05,2.494660777418269e-07,2521.40616,9.23592,5036.65344,18.44928,0.0,0.0,18903.90249808592,9.338573625816675,23693.10762,86.78794,9100.0,0.0,12700.0,1665000.0,0.0,183.0,0.0
2022,VIRGINIA,SOUTHAMPTON,19.75190679344849,0.015020295329341,18003.71664,65.94768,7116.70596,26.068520000000003,0.0,0.0,22379.30350627584,11.05543014248064,40881.90288,149.75056,11200.0,0.0,12500.0,1840000.0,0.0,164.3,0.0
2022,VIRGINIA,STAFFORD,46.54791260581171,0.0354201118011022,591.00678,2.16486,412.90704,1.51248,0.0,0.0,8472.002116180536,3.8882731248085847,2257.8465,8.270499999999998,1100.0,0.0,1400.0,207000.0,0.0,188.2,0.0
2022,VIRGINIA,SURRY,4.07451932313434e-05,1.3864238922710193e-07,4477.5276,16.4012,1640.82282,6.01034,0.0,0.0,10505.966309227704,4.821772455922273,8623.01076,31.58612,7500.0,0.0,8300.0,1245000.0,0.0,166.0,0.0
2022,VIRGINIA,SUSSEX,7.245308494155218e-05,2.46533836424262e-07,6237.04536,22.84632,2000.71326,7.32862,0.0,0.0,18681.704736891825,8.574073690955835,10270.19994,37.61978,6600.0,0.0,7400.0,1000000.0,0.0,151.5,0.0
2022,VIRGINIA,WASHINGTON,8.1070560732164e-05,2.758562506274192e-07,917.2527,3.359900000000001,5132.7003,18.8011,0.0,0.0,20903.68242669472,10.32646975470512,28378.366380000003,103.95006,400.0,0.0,3100.0,55400.0,0.0,138.5,0.0
2022,VIRGINIA,WESTMORELAND,16.191093298810305,0.0123201133048158,3842.30574,14.07438,1345.39314,4.92818,0.0,0.0,8585.949689971885,3.9405700060810593,6031.54188,22.09356,9700.0,0.0,10700.0,1735000.0,0.0,178.9,0.0
2022,WASHINGTON,ADAMS,240.09758654553377,0.182640908435392,27075.4848,99.1776,11221.30464,41.10368,0.0,0.0,72709.94687402865,33.37063995730014,52906.24248,193.79576,6000.0,0.0,9100.0,1248000.0,0.0,208.0,0.0
2022,WASHINGTON,FRANKLIN,832.5402063500635,0.6334004290020399,49942.46712,182.93944,21928.73592,80.32504,0.0,0.0,46154.46478277981,22.800417404702223,72017.36178,263.79986,9300.0,0.0,11500.0,2000000.0,0.0,215.1,0.0
2022,WASHINGTON,GRANT,2352.915743914423,1.7900808991982156,69004.94328,252.76536,35910.21252,131.53924,0.0,0.0,101248.11674445322,50.01681492956782,155178.66546000002,568.42002,28500.0,0.0,34500.0,6196000.0,0.0,217.4,0.0
2022,WASHINGTON,YAKIMA,5768.331401275493,4.38848135626685,21597.78894,79.11277999999999,19654.42206,71.99422,0.0,0.0,159372.7742077622,78.7305365143806,106683.14202,390.78074,5900.0,0.0,27000.0,1288000.0,0.0,218.3,0.0
2022,WISCONSIN,ADAMS,105.256819481552,0.0800802699609559,31707.4485,116.1445,11481.98688,42.05856,0.0,0.0,24903.242261832067,12.302262001574311,35798.75754,131.13098,25200.0,0.0,25500.0,4365000.0,0.0,173.2,0.0
2022,WISCONSIN,BARRON,20.0647883804154,0.0152604372047144,22437.624300000003,82.1891,12390.90216,45.38792,0.0,0.0,33130.257099445465,15.205318238972392,64781.63874,237.29538,74500.0,16500.0,91300.0,11614000.0,372000.0,155.9,22.5
2022,WISCONSIN,BAYFIELD,0.0002188175968188,7.44563763771274e-07,321.17904,1.17648,678.81996,2.48652,0.0,0.0,56421.1411882078,27.87218041840968,3844.62078,14.08286,1580.0,500.0,2100.0,182600.0,6500.0,115.6,13.0
2022,WISCONSIN,BROWN,2.2629660677364227,0.0017202248406766,8241.6789,30.1893,5206.17006,19.07022,0.0,0.0,17103.53083450684,7.849761882865272,33403.82682,122.35834,33100.0,35000.0,68700.0,5657000.0,805000.0,170.9,23.0
2022,WISCONSIN,BUFFALO,14.951738623293584,0.0113803354782363,9903.33162,36.275940000000006,5750.4174,21.0638,0.0,0.0,26059.81014264171,12.873609336299992,32808.01524,120.17588,45100.0,20700.0,66400.0,7978000.0,549000.0,176.9,26.5
2022,WISCONSIN,BURNETT,0.0001273176807717,4.332198733927084e-07,3514.05054,12.87198,1949.9298,7.1426,0.0,0.0,32828.29601916566,16.21725775490664,12125.31684,44.41508,9800.0,4230.0,14900.0,1326000.0,91000.0,135.3,21.5
2022,WISCONSIN,CALUMET,15.149745327434037,0.0115201543173095,6506.52912,23.83344,3801.91266,13.92642,0.0,0.0,11816.363407682957,5.423186590489059,22374.02076,81.95612,24800.0,21900.0,47100.0,4412000.0,493000.0,177.9,22.5
2022,WISCONSIN,CHIPPEWA,38.56964307261537,0.0293404851203448,20491.1343,75.0591,11767.98168,43.10616,0.0,0.0,38582.64850579731,19.05992182232616,70621.66566,258.68742,63700.0,24400.0,88900.0,10317000.0,451000.0,162.0,18.5
2022,WISCONSIN,CLARK,31.235393381850304,0.0237605895983417,16768.206,61.422,11878.27368,43.51016,0.0,0.0,45675.88497532564,20.96320486773853,76671.41118000001,280.84766,42900.0,35300.0,79000.0,6385000.0,812000.0,148.8,23.0
2022,WISCONSIN,COLUMBIA,166.09383565135215,0.1263603248452348,19005.36456,69.61672,10213.08288,37.41056,0.0,0.0,29444.05308395424,14.5454335471103,62631.85656,229.42072,109600.0,12200.0,123000.0,21048000.0,311000.0,192.0,25.5
2022,WISCONSIN,CRAWFORD,6.635602805154087,0.0050402818605457,4815.94932,17.64084,2847.06786,10.42882,0.0,0.0,21490.512421406373,10.616365193597025,15538.51572,56.91764,30400.0,4500.0,35200.0,5612000.0,106000.0,184.6,23.5
2022,WISCONSIN,DANE,567.2466631189277,0.4315604254345739,31467.317700000003,115.2649,16325.7003,59.801100000000005,0.0,0.0,40126.63812471425,18.416346746568863,95933.07906,351.40322,143700.0,35500.0,181000.0,28360000.0,941000.0,197.4,26.5
2022,WISCONSIN,DODGE,355.7194098911766,0.2706203759047008,24692.942820000004,90.45034,12804.42618,46.90266,0.0,0.0,32691.558938460337,16.14970930581391,77567.49,284.13,124800.0,19800.0,146000.0,24591000.0,455000.0,197.0,23.0
2022,WISCONSIN,DOOR,7.068539755832821e-05,2.405189820873275e-07,1504.0389,5.5093,1881.73986,6.89282,0.0,0.0,18225.91443083157,9.003645878272431,11098.70034,40.65458,22400.0,6880.0,29900.0,3840000.0,141000.0,171.4,20.5
2022,WISCONSIN,DUNN,126.06351795305592,0.0959003296027441,20444.71338,74.88906,12075.97482,44.23434,0.0,0.0,32378.20310254457,14.8601588180405,69413.9355,254.2635,92600.0,13400.0,107000.0,15816000.0,281000.0,170.8,21.0
2022,WISCONSIN,EAU CLAIRE,32.118624928916226,0.0244402875619132,10553.39922,38.65714,6175.3419,22.6203,0.0,0.0,23307.976224685768,11.5141967149403,37762.43016,138.32392,40900.0,1920.0,43200.0,6184000.0,35500.0,151.2,18.5
2022,WISCONSIN,FOND DU LAC,204.08428147719093,0.1552803470677927,18535.02924,67.89388,9980.39952,36.55824,0.0,0.0,26828.956268202808,12.31330070433788,57463.96656,210.49072,71500.0,39900.0,112000.0,13432000.0,918000.0,187.9,23.0
2022,WISCONSIN,GRANT,117.33406014342432,0.0892805480669009,26975.20098,98.81026,16978.4706,62.1922,0.0,0.0,43345.65709535997,21.412859603217267,92169.39186,337.61682,127300.0,19300.0,148000.0,26906000.0,492000.0,211.4,25.5
2022,WISCONSIN,GREEN,210.65263190452796,0.1602602463750088,18110.01192,66.33703999999999,9612.1935,35.209500000000006,0.0,0.0,21729.802332178788,9.973015263327774,54483.964080000005,199.57496000000003,97500.0,12500.0,111000.0,19416000.0,306000.0,199.1,24.5
2022,WISCONSIN,GREEN LAKE,42.89075194823659,0.0326201772577479,9606.19842,35.18754,5427.1854,19.879800000000003,0.0,0.0,13633.827211543412,6.735143668327352,32764.88124,120.01788,46500.0,1440.0,48400.0,8621000.0,31700.0,185.4,22.0
2022,WISCONSIN,IOWA,70.55230683549222,0.0536803636560511,15503.21136,56.78832,8954.782200000001,32.8014,0.0,0.0,28868.617840956405,13.249414879981884,50452.81332,184.80884,65300.0,11400.0,77400.0,12283000.0,279000.0,188.1,24.5
2022,WISCONSIN,JACKSON,0.019645896020818,2.0496434643015496e-05,8522.6232,31.2184,5035.7307,18.4459,0.0,0.0,37619.79150464565,17.265815360107833,28403.4114,104.0418,42300.0,5110.0,47900.0,6823000.0,125000.0,161.3,24.5
2022,WISCONSIN,JEFFERSON,347.03844888987294,0.2640002352813906,18001.723739999998,65.94037999999999,8034.75582,29.43134,0.0,0.0,20328.247177741025,9.329763625143082,44246.02182,162.07334,71200.0,11800.0,83800.0,13558000.0,295000.0,190.4,25.0
2022,WISCONSIN,JUNEAU,3.4266547169025543,0.0026003903373108,14931.84966,54.69542,6283.49358,23.01646,0.0,0.0,29592.18492247449,13.58150007052848,28862.38992,105.72304,31000.0,6720.0,38100.0,5196000.0,161000.0,167.6,24.0
2022,WISCONSIN,KENOSHA,80.42702915001114,0.0611800995048921,5328.00996,19.51652,2347.24854,8.59798,0.0,0.0,8329.567648215027,4.114826595299715,13493.123280000002,49.42536,22100.0,4220.0,26600.0,3993000.0,93000.0,180.7,22.0
2022,WISCONSIN,KEWAUNEE,0.0076094509348695,1.6826554614183418e-07,312.12636,1.14332,4038.86028,14.79436,0.0,0.0,12750.733513934132,5.852021017456709,25784.604300000003,94.4491,22000.0,32200.0,56100.0,3771000.0,757000.0,171.4,23.5
2022,WISCONSIN,LA CROSSE,1.015442494450888,0.0007802126632724,5437.3956,19.9172,3325.20552,12.18024,0.0,0.0,16134.976457280376,7.405238392049241,19073.13408,69.86496,26800.0,3590.0,30700.0,4607000.0,77000.0,171.9,21.5
2022,WISCONSIN,LAFAYETTE,97.5966897713037,0.0742403065413631,20472.9798,74.99260000000001,10755.46836,39.39732,0.0,0.0,23587.14777931245,11.652108139175532,59995.80132,219.76484,112200.0,19000.0,132500.0,24410000.0,504000.0,217.6,26.5
2022,WISCONSIN,LANGLADE,0.0001306320945608,4.44497725089231e-07,29502.96258,108.06946,8597.141280000002,31.49136,0.0,0.0,33682.90282899242,16.639435589113074,16130.65818,59.08666,4900.0,6990.0,12800.0,734000.0,133000.0,149.8,19.0
2022,WISCONSIN,LINCOLN,0.3183712065929217,0.0002404464525526,11732.05488,42.97456,3988.51362,14.60994,0.0,0.0,33831.03466852952,16.71261307667074,11852.098440000002,43.41428,7370.0,2140.0,9600.0,1026000.0,41000.0,139.2,19.0
2022,WISCONSIN,MANITOWOC,29.44975967550097,0.022400271506858,7056.78792,25.84904,6880.8558,25.2046,0.0,0.0,21342.38058186926,10.543187706039358,39805.14174,145.80638,30200.0,46300.0,77100.0,5436000.0,1018000.0,180.0,22.0
2022,WISCONSIN,MARATHON,33.532480601052505,0.0255207497931396,33804.1431,123.8247,17760.46818,65.05666,0.0,0.0,57748.6304212791,26.50405943982392,102534.9234,375.5858,61200.0,49900.0,111500.0,9116000.0,1050000.0,149.0,21.0
2022,WISCONSIN,MARINETTE,0.7979660902479933,0.0006007012568136,5222.36988,19.12956,2665.3809,9.7633,0.0,0.0,53139.45107057072,24.388650596552548,19737.23388,72.29756,21700.0,14200.0,38700.0,2888000.0,249000.0,133.1,17.5
2022,WISCONSIN,MARQUETTE,61.71599621904663,0.0469401889795244,10695.359219999998,39.17714,5302.14594,19.42178,0.0,0.0,17331.425983251658,8.561766418408878,28694.87712,105.10944,26800.0,3710.0,30800.0,3835000.0,70000.0,143.1,19.0
2022,WISCONSIN,MILWAUKEE,6.142713512689622e-06,2.0901618330816147e-08,826.8132600000001,3.0286200000000005,262.23834,0.96058,0.0,0.0,1583.8712764260754,0.7824362472361867,1424.77608,5.21896,990.0,0.0,1000.0,187200.0,0.0,189.1,0.0
2022,WISCONSIN,MONROE,146.28739066056042,0.1113004463021814,13267.77816,48.59992,8109.017280000001,29.70336,0.0,0.0,33819.63992451475,16.70698404552544,47497.56102,173.98374,36100.0,19700.0,56500.0,5866000.0,424000.0,162.5,21.5
2022,WISCONSIN,OCONTO,0.3941677786617908,0.0003005028418108,10161.51864,37.22168,5880.87864,21.54168,0.0,0.0,38104.06869790736,18.82350223794341,44738.78682,163.87834,37100.0,24100.0,61800.0,5608000.0,494000.0,151.2,20.5
2022,WISCONSIN,OUTAGAMIE,70.38067623864794,0.0535402596288441,13373.997,48.989,6954.61494,25.47478,0.0,0.0,22094.43456569634,10.140365282199632,42675.25626,156.31962,69000.0,12000.0,81500.0,12569000.0,282000.0,182.2,23.5
2022,WISCONSIN,OZAUKEE,0.7388092963901646,0.0005600996962082,3969.29442,14.53954,1859.39208,6.81096,0.0,0.0,7554.724145852793,3.4672832299651337,10445.74986,38.26282,9230.0,6420.0,15800.0,1680000.0,141000.0,182.0,22.0
2022,WISCONSIN,PEPIN,26.74352990706158,0.0203401013160825,4879.0014,17.871799999999997,2683.66644,9.83028,0.0,0.0,8876.516002413502,4.073927052992518,16145.14356,59.13972,22900.0,5810.0,29000.0,3939000.0,137000.0,172.0,23.5
2022,WISCONSIN,PIERCE,92.66664795647252,0.0705202313387718,14029.43178,51.38986,7434.10668,27.23116,0.0,0.0,21593.06524740605,10.667026538059128,46459.95354,170.18298,64400.0,16900.0,82100.0,11676000.0,372000.0,181.3,22.0
2022,WISCONSIN,POLK,185.8262351005316,0.1413803910256997,12692.90022,46.49414,7225.851360000001,26.46832000000001,0.0,0.0,35471.87974071243,16.280019149055075,43946.81382,160.97734,56100.0,9450.0,66200.0,8761000.0,213000.0,156.2,22.5
2022,WISCONSIN,PORTAGE,25.46794746707937,0.0193803657492482,66491.1429,243.5573,24693.60348,90.45276,0.0,0.0,30059.369976907463,13.795917284612331,79802.93412,292.31844,37600.0,11800.0,49900.0,6557000.0,254000.0,174.4,21.5
2022,WISCONSIN,PRICE,0.0001875958191613,6.383264015922524e-07,667.24476,2.44412,602.52192,2.20704,0.0,0.0,48370.74510043005,23.89526525021564,3914.14296,14.33752,1950.0,2210.0,4200.0,239000.0,38700.0,122.6,17.5
2022,WISCONSIN,RACINE,27.109418665415465,0.0206201315940786,8046.43476,29.47412,3334.80966,12.215420000000002,0.0,0.0,10488.874171706357,4.8139279230647,19065.59928,69.83735999999999,31800.0,1410.0,33500.0,5702000.0,28200.0,179.3,20.0
2022,WISCONSIN,RICHLAND,13.655484429936314,0.0104002873815053,8302.46508,30.41196,4897.6746,17.940199999999997,0.0,0.0,22026.06603071848,10.880929973892483,28015.33098000001,102.62026,32100.0,13200.0,45700.0,5762000.0,337000.0,179.5,25.5
2022,WISCONSIN,ROCK,459.036316442332,0.3492202639932503,23225.4477,85.0749,11232.9672,41.14640000000001,0.0,0.0,25512.861789605347,12.603415525002756,63577.61592,232.88504,137200.0,7890.0,146500.0,28104000.0,181000.0,204.8,23.0
2022,WISCONSIN,RUSK,0.0001357583878558,4.619408022704823e-07,6326.906039999999,23.17548,3754.5417,13.7529,0.0,0.0,35004.694686569994,16.065601935104556,23116.9302,84.6774,17200.0,6260.0,23700.0,2621000.0,128000.0,152.4,20.5
2022,WISCONSIN,SAUK,138.28623438945553,0.1052003229310119,17245.91778,63.17186,9539.64102,34.943740000000005,0.0,0.0,31204.54309627056,14.321500942667434,54069.6156,198.0572,72200.0,11800.0,84800.0,12982000.0,266000.0,179.8,22.5
2022,WISCONSIN,SAWYER,0.0001936943404589,6.59077648460888e-07,608.76816,2.22992,405.87456,1.4867199999999998,0.0,0.0,49943.22161134216,24.67207245568589,2620.80546,9.60002,7210.0,660.0,7900.0,1095000.0,15900.0,151.9,24.0
2022,WISCONSIN,SHAWANO,0.0001311624007417,4.463021812743334e-07,13093.58232,47.96184,6775.587,24.81900000000001,0.0,0.0,33819.63991202198,16.706984039353987,46784.58876,171.37212,47500.0,32600.0,80600.0,8099000.0,702000.0,170.5,21.5
2022,WISCONSIN,SHEBOYGAN,16.14619113704247,0.012280242173067,9686.46588,35.48156,5468.10264,20.02968,0.0,0.0,18351.256772025325,9.065565298444463,30833.3298,112.9426,29500.0,23600.0,53400.0,5024000.0,495000.0,170.3,21.0
2022,WISCONSIN,ST CROIX,70.67031616486354,0.0537803278236149,18092.5836,66.2732,9891.510720000002,36.23264,0.0,0.0,26589.66635772092,13.135359590043354,59695.44126,218.66462,77800.0,16900.0,95500.0,12915000.0,346000.0,166.0,20.5
2022,WISCONSIN,TAYLOR,1.533982384220323,0.0011604844805655,7577.01126,27.75462,4345.5594,15.9178,0.0,0.0,36731.00043168789,18.145203188386777,28001.04216,102.56792,24900.0,12200.0,37500.0,3464000.0,262000.0,139.1,21.5
2022,WISCONSIN,TREMPEALEAU,17.418704374420248,0.0132603552976972,13637.11986,49.95282,8002.31796,29.31252,0.0,0.0,27404.391515268064,12.577399954497194,45434.58192,166.42704,76400.0,8800.0,86000.0,12759000.0,185000.0,167.0,21.0
2022,WISCONSIN,VERNON,8.530556171072803,0.0065003953099716,12781.68528,46.81936,7377.20802,27.02274,0.0,0.0,29973.909299905044,14.807183801284232,41908.86336,153.51232,48700.0,12400.0,61500.0,8398000.0,260000.0,172.4,21.0
2022,WISCONSIN,WALWORTH,253.3777763881828,0.192780192202199,14763.583380000002,54.07906,6642.96906,24.33322,0.0,0.0,20316.852414841836,10.036574307345402,38116.9425,139.62249999999997,96300.0,5670.0,103000.0,18981000.0,139000.0,197.1,24.5
2022,WISCONSIN,WASHBURN,0.0001233845764538,4.19836822866603e-07,2688.8589,9.8493,1741.0465800000002,6.377460000000001,0.0,0.0,31814.162616490063,14.60128925767518,10129.938,37.106,9580.0,2430.0,12200.0,1522000.0,58000.0,158.9,24.0
2022,WISCONSIN,WASHINGTON,7.246137524990945,0.0055201958381156,9699.77736,35.53032,4655.212380000001,17.052059999999997,0.0,0.0,14847.368871404427,7.33463618791453,26973.86874,98.80538,21600.0,10200.0,32100.0,3786000.0,240000.0,175.3,23.5
2022,WISCONSIN,WAUKESHA,59.100176895587374,0.044940193842584,9304.73544,34.08328,3964.18932,14.52084,0.0,0.0,15827.318007172144,7.264036812213538,23166.157560000003,84.85771999999999,19100.0,450.0,19700.0,3459000.0,8600.0,181.1,19.0
2022,WISCONSIN,WAUPACA,58.89951800664012,0.0448203337181229,15829.102379999998,57.98206,8299.336500000001,30.4005,0.0,0.0,28315.972098771417,13.988158807829336,48762.9051,178.6187,36900.0,18400.0,55800.0,6469000.0,423000.0,175.3,23.0
2022,WISCONSIN,WAUSHARA,102.21019584228608,0.077760258332741,37943.653020000005,138.98773999999997,14347.777080000002,52.55596,0.0,0.0,23911.8983724621,11.81253571884923,51182.73888,187.48256,33200.0,3200.0,36600.0,5800000.0,67000.0,174.7,21.0
2022,WISCONSIN,WINNEBAGO,214.58740924438268,0.1632601687945394,12961.97994,47.47978,5485.1706,20.0922,0.0,0.0,15798.831112997985,7.250962591562069,28633.61592,104.88504,33600.0,15600.0,49500.0,5779000.0,320000.0,172.0,20.5
2022,WISCONSIN,WOOD,76.94428632832414,0.0585403596262475,24501.9411,89.7507,10384.57602,38.03874,0.0,0.0,29700.43511699521,13.631182107470648,43171.26996,158.13652000000002,25300.0,11400.0,37100.0,4248000.0,251000.0,167.9,22.0
2023,ALABAMA,BALDWIN,8390.298966478093,6.383240433294606,4704.6636,17.2332,10736.17818,39.32666,0.0,0.0,58984.96160461429,27.0714806051638,48433.77084,177.41308,8900.0,0.0,9000.0,1648000.0,0.0,185.2,0.0
2023,ALABAMA,BARBOUR,560.2159328706922,0.4262002125502303,1034.8883999999998,3.7908,4264.79508,15.62196,0.0,0.0,33278.38893506044,16.439604745638718,29860.73454,109.37998,2140.0,0.0,2200.0,400000.0,0.0,186.9,0.0
2023,ALABAMA,BLOUNT,288.7171306706619,0.2196402445339809,4093.83702,14.99574,5293.6338000000005,19.3906,0.0,0.0,24470.24147822912,11.230755256264038,30915.38814,113.24318,2130.0,0.0,2200.0,313000.0,0.0,146.9,0.0
2023,ALABAMA,CALHOUN,0.0222646095487693,2.022068723154789e-05,683.1825000000001,2.5025,1840.68066,6.74242,0.0,0.0,21638.64427343624,10.689542687326144,11828.25462,43.32694,2130.0,0.0,2200.0,384000.0,0.0,180.3,0.0
2023,ALABAMA,CHEROKEE,6.568242395805947e-05,2.2435176133925774e-07,1125.89022,4.124140000000001,2353.4238,8.6206,0.0,0.0,21997.579124632608,10.866857373280974,15854.92818,58.07666,4080.0,0.0,4200.0,625000.0,0.0,153.2,0.0
2023,ALABAMA,CHILTON,7.791388290721546e-05,2.409930134851477e-07,606.38214,2.2211799999999995,2854.6081200000003,10.45644,0.0,0.0,26093.99441855599,12.890496451407746,20470.82856,74.98472000000001,740.0,0.0,900.0,122100.0,0.0,165.0,0.0
2023,ALABAMA,COFFEE,2087.0915280567224,1.5878201643367038,2111.18544,7.73328,8130.99378,29.78386,0.0,0.0,25011.492460274945,11.479165445308444,57049.356,208.972,7070.0,0.0,7300.0,785000.0,0.0,111.0,0.0
2023,ALABAMA,COLBERT,326.9240257345201,0.2487201340135083,4593.74916,16.826919999999998,2948.69484,10.80108,0.0,0.0,22385.000881624317,11.058244659703796,23772.49056,87.07872,15700.0,0.0,16200.0,2700000.0,0.0,172.0,0.0
2023,ALABAMA,COVINGTON,242.87027473416768,0.184780359332159,1165.7373,4.2701,4211.61468,15.42716,0.0,0.0,38907.39909604167,19.22034940056465,37055.67138,135.73506,4240.0,0.0,4400.0,594000.0,0.0,140.1,0.0
2023,ALABAMA,CULLMAN,185.58049056681,0.1412002149444784,16615.790100000002,60.8637,13678.29918,50.10366,0.0,0.0,28008.313657379076,12.854573425708008,54346.60686,199.07182,3110.0,0.0,3200.0,544000.0,0.0,174.9,0.0
2023,ALABAMA,DALE,3375.413437010987,2.567980125901187,1184.90736,4.34032,4743.44598,17.37526,0.0,0.0,20806.826978367757,9.549410522220594,35257.83534,129.14958,1940.0,0.0,2000.0,275000.0,0.0,141.8,0.0
2023,ALABAMA,DALLAS,1736.68509844096,1.321260302788561,1350.7494,4.9478,3656.45826,13.393620000000002,0.0,0.0,36936.106068725,18.24652586991961,26370.86088,96.59656,3700.0,0.0,3800.0,492000.0,0.0,133.0,0.0
2023,ALABAMA,DE KALB,61.57640416452059,0.0468402879040287,14695.4535,53.8295,12930.918,47.366,0.0,0.0,29096.5129811306,13.354008639126665,70863.98046,259.57502,12600.0,0.0,13000.0,2211000.0,0.0,175.5,0.0
2023,ALABAMA,ELMORE,75.36330939098872,0.0573402146311138,787.77426,2.88562,2917.36536,10.68632,0.0,0.0,23239.607687964726,11.48042249218797,22552.37712,82.60944,3200.0,0.0,3300.0,428000.0,0.0,133.8,0.0
2023,ALABAMA,ESCAMBIA,608.0535770322488,0.462600265561283,1115.81652,4.08724,3415.49754,12.51098,0.0,0.0,35169.918672053805,16.141432414549737,24997.38696,91.56552,8700.0,0.0,9000.0,1454000.0,0.0,167.1,0.0
2023,ALABAMA,ETOWAH,232.9260540318771,0.1772001675424259,1533.9269399999998,5.61878,2724.49632,9.97984,0.0,0.0,19530.61415829629,8.963685454902365,18457.5573,67.6101,3200.0,0.0,3300.0,451000.0,0.0,140.9,0.0
2023,ALABAMA,FAYETTE,7.049675343068299e-05,2.180513204612265e-07,502.25994,1.83978,861.50064,3.15568,0.0,0.0,23609.93730394873,11.663366219549935,6478.4538,23.7306,1260.0,0.0,1300.0,170900.0,0.0,135.6,0.0
2023,ALABAMA,FRANKLIN,98.9373027366142,0.0752601908207154,3710.92722,13.59314,2848.66218,10.43466,0.0,0.0,24065.727595191976,11.045101329546846,20727.98364,75.92668,4080.0,0.0,4200.0,658000.0,0.0,161.3,0.0
2023,ALABAMA,GENEVA,6950.22544019271,5.287640139437328,2432.42454,8.90998,9321.84708,34.145959999999995,0.0,0.0,21484.81505608116,9.860576972058803,68475.09396,250.82452,10700.0,0.0,10800.0,1451000.0,0.0,135.6,0.0
2023,ALABAMA,HENRY,4048.455221621549,3.080020131038423,1210.9242600000002,4.43562,4891.0407,17.9159,0.0,0.0,20829.616500243985,9.55986990174192,42775.11966,156.68542,2810.0,0.0,2900.0,449000.0,0.0,159.8,0.0
2023,ALABAMA,HOUSTON,12493.815979415054,9.5051200659447,2402.15976,8.799119999999998,8737.46328,32.00536,0.0,0.0,20464.984258446344,9.39251987906987,70493.25738,258.21706000000006,2300.0,0.0,2400.0,383000.0,0.0,166.5,0.0
2023,ALABAMA,JACKSON,51.72168408425552,0.03936038490478,15412.0785,56.4545,7884.4311,28.8807,0.0,0.0,41676.325132344,20.588205569790468,47349.24558,173.44046,23500.0,0.0,23900.0,3860000.0,0.0,164.3,0.0
2023,ALABAMA,LAUDERDALE,368.58503361636747,0.2804001813729243,7080.97026,25.93762,4019.93046,14.72502,0.0,0.0,25450.190615449486,12.5724558131586,29768.75538,109.04306,21400.0,0.0,21800.0,3330000.0,0.0,155.6,0.0
2023,ALABAMA,LAWRENCE,797.4670173147027,0.6067201742981982,11048.40282,40.47034,6650.91882,24.36234,0.0,0.0,26236.42888071091,12.9608594207376,51364.53504,188.14848,29400.0,0.0,30100.0,5054000.0,0.0,171.9,0.0
2023,ALABAMA,LIMESTONE,204.8050630849982,0.1558001476336784,8305.08588,30.42156,3530.07018,12.93066,0.0,0.0,20977.748346318007,9.627855847462808,25528.59582,93.51134,26300.0,0.0,26900.0,4794000.0,0.0,182.3,0.0
2023,ALABAMA,MACON,264.0747081321181,0.2009002107373403,533.03796,1.95252,2328.9193200000004,8.53084,0.0,0.0,22818.00166653465,11.272148096326529,16302.56082,59.71634,2330.0,0.0,2400.0,323000.0,0.0,138.6,0.0
2023,ALABAMA,MADISON,424.0119038570442,0.3225802221285435,11387.72544,41.71328,4849.51194,17.763779999999997,0.0,0.0,25222.295476582676,12.459875062517884,36401.15934,133.33758,32400.0,0.0,33100.0,6520000.0,0.0,201.2,0.0
2023,ALABAMA,MARENGO,122.6862419206422,0.0933403495222942,962.24856,3.52472,1677.93444,6.146280000000001,0.0,0.0,36731.00042631311,16.857899684915814,9889.76898,36.22626,3210.0,0.0,3300.0,370000.0,0.0,115.3,0.0
2023,ALABAMA,MARION,1.7304228529624108,0.0013202829882766,1184.52516,4.33892,1488.61986,5.45282,0.0,0.0,27831.694910884504,13.748924703927075,10425.1329,38.1873,2420.0,0.0,2500.0,342000.0,0.0,141.3,0.0
2023,ALABAMA,MARSHALL,422.5679343511695,0.3215001680224101,8018.7744,29.3728,6769.65744,24.79728,0.0,0.0,21593.065237818584,10.6670265333229,39977.06076,146.43612000000002,6310.0,0.0,6500.0,1099000.0,0.0,174.2,0.0
2023,ALABAMA,MONROE,3322.34806171798,2.5276003546033827,555.7188,2.0356,2505.63222,9.17814,0.0,0.0,38707.99084001837,17.76525057886011,21726.36102,79.58374,6020.0,0.0,6200.0,1106000.0,0.0,183.7,0.0
2023,ALABAMA,MORGAN,449.4407210424847,0.3419201448963742,10561.91682,38.68834,6449.275560000001,23.62372,0.0,0.0,21160.064468451583,9.711530859365531,38237.78868,140.06516,5530.0,0.0,5700.0,979000.0,0.0,177.0,0.0
2023,ALABAMA,PERRY,557.4312720655244,0.4240802477108706,833.11956,3.05172,1303.65144,4.77528,0.0,0.0,27039.75926707877,12.410049928891668,7939.50612,29.08244,5920.0,0.0,6100.0,609000.0,0.0,102.9,0.0
2023,ALABAMA,PIKE,120.48768563485773,0.0916602237473784,1312.5621600000002,4.80792,5288.59422,19.37214,0.0,0.0,24863.36061274828,12.282560370319834,37951.57002,139.01674,4080.0,0.0,4200.0,595000.0,0.0,145.8,0.0
2023,ALABAMA,RANDOLPH,6.472976513023038e-05,2.002136279037303e-07,759.46962,2.78194,3930.74682,14.39834,0.0,0.0,21678.52591859789,9.949481664288374,26649.6594,97.6178,1040.0,0.0,1100.0,155400.0,0.0,149.4,0.0
2023,ALABAMA,TALLADEGA,8.354477705142312e-05,2.584097574310819e-07,1295.59248,4.74576,4449.283020000001,16.297739999999997,0.0,0.0,27979.82676175226,12.84149920438984,30194.19858,110.60146,8400.0,0.0,8400.0,1430000.0,0.0,170.2,0.0
2023,ALABAMA,TUSCALOOSA,0.0001444468951189,4.467842089804226e-07,842.89842,3.08754,2915.51442,10.67954,0.0,0.0,48376.442482024926,22.202640957496367,22086.07674,80.90138,2430.0,0.0,2500.0,408000.0,0.0,167.9,0.0
2023,ARKANSAS,ARKANSAS,20800.21849243929,15.824540009114592,73918.01508,270.76196,41588.75448,152.33976,308698.93416600005,0.0,38508.58258573824,17.673731036566604,172272.02538,631.0330600000001,56400.0,0.0,57400.0,10400000.0,0.0,184.4,0.0
2023,ARKANSAS,ASHLEY,4973.450691369527,3.783740177001734,26141.03856,95.75472,12155.15574,44.52438,29524.8914784,0.0,34605.87818047924,15.882562851650954,59748.09204,218.85748,41400.0,0.0,41900.0,7349000.0,0.0,177.5,0.0
2023,ARKANSAS,CHICOT,10404.62821971376,7.915680042886793,53525.046120000006,196.06244,25473.5481,93.3097,98632.43046,0.0,24874.75537216112,12.28818940907181,124095.27312,454.56144,42500.0,0.0,43200.0,7591000.0,0.0,178.6,0.0
2023,ARKANSAS,CLAY,49013.68207975611,37.28896004349578,57331.90008,210.00696,44744.459760000005,163.89912,284307.85755,0.0,23832.135070227097,11.77313245433096,248877.74184000003,911.64008,40800.0,0.0,41300.0,7465000.0,0.0,183.0,0.0
2023,ARKANSAS,CRITTENDEN,20548.38061381094,15.632940027207264,43489.52244,159.30228,17859.85656,65.42072,146834.05939200002,0.0,22675.56719682596,10.407079378889367,86304.88776,316.13512,21200.0,0.0,21700.0,4011000.0,0.0,189.2,0.0
2023,ARKANSAS,CROSS,38688.9985986173,29.43408006483688,49146.846840000006,180.02508,23450.6454,85.8998,367586.896932,0.0,23330.765738427184,10.707786442672584,99948.85992,366.11304,25800.0,0.0,26300.0,4941000.0,0.0,191.5,0.0
2023,ARKANSAS,DESHA,11504.5813422242,8.752540048791012,47680.0779,174.6523,20749.46874,76.00538,138138.397758,0.0,29341.500259407203,13.46644693139569,92080.1427,337.2899,37600.0,0.0,38100.0,7230000.0,0.0,192.3,0.0
2023,ARKANSAS,DREW,4083.4211243054847,3.1066001256134914,16291.31868,59.67516,7237.68864,26.511680000000005,41400.707310000005,0.0,31147.569315040204,15.386974691769764,30230.31648,110.73376,14500.0,0.0,14800.0,2783000.0,0.0,191.9,0.0
2023,ARKANSAS,GREENE,40346.81358992293,30.69530003461256,43000.3938,157.5106,24716.196959999997,90.53552,300737.05180200003,0.0,21359.472724765412,10.55163126603312,123246.40146,451.45202,27200.0,0.0,27700.0,5201000.0,0.0,191.2,0.0
2023,ARKANSAS,JACKSON,43956.40656631721,33.441460023139946,47799.1332,175.08839999999998,24476.634,89.65799999999999,458415.0471600001,0.0,24020.14856233435,11.024182575504442,121097.49288,443.58056,19500.0,0.0,19900.0,3627000.0,0.0,186.0,0.0
2023,ARKANSAS,JEFFERSON,18564.214150064257,14.12340001762721,41591.1951,152.34869999999998,23238.70458,85.12346,297980.227602,0.0,33016.309515485584,16.310136877522133,107106.43398,392.33126,34200.0,0.0,34600.0,6012000.0,0.0,175.8,0.0
2023,ARKANSAS,LEE,10641.563704600623,8.095940014997964,41503.4802,152.02739999999997,20886.23082,76.50634,101217.116268,0.0,22823.699047984253,11.27496261656365,100604.32746,368.51402,50500.0,0.0,51700.0,9706000.0,0.0,192.2,0.0
2023,ARKANSAS,LINCOLN,9049.350208288295,6.884620099100549,26165.2209,95.8433,11690.77182,42.82334,123427.66824,0.0,21689.920686581358,9.954711357282536,50308.40724,184.27988,19900.0,0.0,20100.0,3616000.0,0.0,181.7,0.0
2023,ARKANSAS,LONOKE,23341.34202,17.7578,47753.15454,174.91997999999998,25725.15582,94.23134,362764.11438,0.0,29404.171429786184,13.495210218295666,101376.34416,371.34192,39400.0,0.0,40600.0,6836000.0,0.0,173.5,0.0
2023,ARKANSAS,MISSISSIPPI,31881.41142724481,24.25496002216,57875.31750000001,211.99750000000003,28398.9615,104.0255,297871.35744600004,0.0,33722.78447429934,15.477262017522396,141860.08745999998,519.63402,29100.0,0.0,29500.0,5593000.0,0.0,192.2,0.0
2023,ARKANSAS,MONROE,12602.042950782352,9.587440039495789,43857.72846,160.65102,25376.45838,92.95406,191428.23312,0.0,23097.17321506021,10.600577837397411,128825.92086,471.88982,30700.0,0.0,31700.0,5053000.0,0.0,164.6,0.0
2023,ARKANSAS,PHILLIPS,19331.269022831308,14.706960009229974,54441.053940000005,199.41778,32179.79856,117.87472,147959.975268,0.0,26259.218388205943,12.051816292908589,162504.41298,595.25426,41200.0,0.0,42100.0,7807000.0,0.0,189.5,0.0
2023,ARKANSAS,POINSETT,58121.07331669773,44.2177600593656,66091.17606,242.09222,32250.84954,118.13498,473076.67707,0.0,28600.841040077223,14.128884754885098,138468.41189999998,507.2103,35400.0,0.0,35900.0,6662000.0,0.0,188.2,0.0
2023,ARKANSAS,PRAIRIE,17912.84508,13.62786,45431.37144,166.41528,22011.71154,80.62898,261425.99869200005,0.0,25216.598089322484,12.457060539410316,89577.84654,328.12398,26200.0,0.0,26800.0,5038000.0,0.0,192.3,0.0
2023,ARKANSAS,SAINT FRANCIS,19239.079941933807,14.636840078395515,42269.4363,154.8331,16740.66576,61.32112,179139.24873,0.0,23980.266912669496,11.00587866759244,73060.74048000001,267.62176,29000.0,0.0,29500.0,5391000.0,0.0,185.9,0.0
2023,ARKANSAS,WHITE,5893.295188593925,4.4835401009292735,20215.03302,74.04774,11744.94048,43.02176,47876.6115288,0.0,38673.80656250616,19.104954123156556,46528.76046,170.43502,8150.0,0.0,8400.0,1522000.0,0.0,186.7,0.0
2023,ARKANSAS,WOODRUFF,22343.28360999781,16.99850001407947,43190.27622,158.20614,23224.12638,85.07006,293926.4938800001,0.0,22253.961166244204,10.21358091471437,125855.30958,461.00846,21600.0,0.0,22000.0,3376000.0,0.0,156.3,0.0
2023,ARKANSAS,YELL,238.5138389319736,0.1814603058041564,1577.1701400000002,5.77718,3569.02182,13.073340000000002,7706.0478978,0.0,35329.44526998689,16.21464804586441,17811.19704,65.24248,2150.0,0.0,2400.0,324000.0,0.0,150.7,0.0
2023,CALIFORNIA,COLUSA,27588.6855122278,20.989140044790464,33846.490860000005,123.97982,29854.17708,109.35596,528510.1348260001,0.0,43613.43389246226,20.01663131797348,151713.50376,555.7271199999999,880.0,0.0,900.0,187000.0,0.0,212.5,0.0
2023,CALIFORNIA,GLENN,17398.720826972934,13.236720051122465,45037.77642,164.97354,40392.8343,147.95909999999998,301793.80194000003,0.0,49493.128701693786,24.44972546803956,187392.27234,686.4185799999999,2450.0,2170.0,4700.0,409000.0,51000.0,166.9,23.5
2023,CALIFORNIA,SACRAMENTO,10556.948113302304,8.031580022919295,19503.644160000003,71.44192,40737.03816,149.21992,54598.994838,0.0,25233.69023512393,12.465504100839292,180245.59098,660.24026,4350.0,8730.0,13300.0,877000.0,231000.0,201.6,26.5
2023,CALIFORNIA,SAN JOAQUIN,97459.53042,74.14594,45303.79308,165.94796,124128.86304,454.68448,74350.790622,0.0,48439.11364165432,23.929039475192592,569940.25998,2087.69326,8950.0,24100.0,33600.0,1851000.0,639000.0,206.8,26.5
2023,CALIFORNIA,YOLO,28357.91173018361,21.57432003730259,19969.61694,73.14878,47426.58648,173.72376,158250.20295600002,0.0,36172.65732069135,17.869380339055187,249665.52156,914.52572,5940.0,0.0,7900.0,1198000.0,0.0,201.7,0.0
2023,COLORADO,BENT,230.06685699802225,0.1750405349019223,7272.80736,26.64032,7004.84148,25.65876,0.0,0.0,57184.589941093305,26.24518988215209,43224.54318,158.33166,3520.0,0.0,5200.0,516000.0,0.0,146.6,0.0
2023,COLORADO,BOULDER,66.17472622466693,0.0503402243733336,2761.40592,10.11504,3167.31324,11.60188,0.0,0.0,24658.25498617023,11.317045115497216,20748.57876,76.00212,1230.0,0.0,2300.0,172300.0,0.0,140.1,0.0
2023,COLORADO,DELTA,719.625486580966,0.5474803952180181,4343.30988,15.90956,7169.24754,26.26098,0.0,0.0,42793.011354627626,21.13985126859719,53625.8814,196.4318,3890.0,0.0,4400.0,899000.0,0.0,231.1,0.0
2023,COLORADO,ELBERT,0.0002080368719888,7.1059251229861e-07,939.64416,3.44192,652.6720200000001,2.39074,0.0,0.0,69673.24402246595,34.418751319690216,2916.89034,10.68458,8480.0,0.0,9200.0,398000.0,0.0,46.9,0.0
2023,COLORADO,KIOWA,17.938878148551098,0.0136406766897721,7715.91912,28.26344,3560.31312,13.04144,0.0,0.0,66807.46254122129,30.66166150260573,37069.47972,135.78564,20200.0,0.0,22200.0,1604000.0,0.0,79.4,0.0
2023,COLORADO,KIT CARSON,0.0971426747925897,8.075060396615261e-05,33113.32206,121.29422,20210.02074,74.02938,0.0,0.0,81278.80442386444,40.15192627064524,158641.67592,581.10504,192200.0,0.0,236000.0,18157000.0,0.0,94.5,0.0
2023,COLORADO,LARIMER,9.43234375835215,0.0071609689744139,7519.68672,27.54464,7516.28514,27.53218,0.0,0.0,95385.5140640272,43.77771933305604,48701.68758,178.39445999999998,1940.0,0.0,12100.0,378000.0,0.0,194.8,0.0
2023,COLORADO,LOGAN,14.067986464353297,0.0107006383007851,20695.62768,75.80816,12013.09746,44.00402,0.0,0.0,69473.83578169542,34.32024316571415,86502.63804,316.85948,79000.0,0.0,94500.0,12008000.0,0.0,152.0,0.0
2023,COLORADO,MORGAN,39.589879394130485,0.0301204288241991,23458.46412,85.92844,14046.28134,51.45158,0.0,0.0,48444.81102353969,23.93185399564499,112396.52424,411.70888,24200.0,0.0,59100.0,4712000.0,0.0,194.7,0.0
2023,COLORADO,PHILLIPS,5.225715614842299,0.0039802329012694,22857.73854,83.72798,13359.78462,48.93694,0.0,0.0,25900.283540394248,12.794802808361384,91343.89992,334.59304000000003,96900.0,0.0,114500.0,11122000.0,0.0,114.8,0.0
2023,COLORADO,PROWERS,198.22870845019747,0.1508205737526279,15348.988199999998,56.2234,10662.35352,39.05624,0.0,0.0,61560.17676924819,30.41087644395768,64850.2764,237.5468,7960.0,0.0,15300.0,1275000.0,0.0,160.2,0.0
2023,COLORADO,PUEBLO,8.221643170294115,0.0062608141143894,931.7763,3.4131,5203.92054,19.06198,0.0,0.0,88149.84313263444,40.456867374254,32126.22504,117.67848,2820.0,0.0,4100.0,538000.0,0.0,190.8,0.0
2023,COLORADO,SEDGWICK,0.0097816675941601,1.9074228685214882e-07,10074.8193,36.9041,5749.00872,21.05864,0.0,0.0,20652.997763395004,10.202630923790474,41459.5545,151.86649999999997,65400.0,0.0,71100.0,7462000.0,0.0,114.1,0.0
2023,COLORADO,WASHINGTON,0.5880431868644895,0.0004409672475215,18362.67342,67.26254,9591.161579999998,35.13246,0.0,0.0,94895.5395073287,46.878626386298485,82743.12228,303.08836,98900.0,0.0,108000.0,8760000.0,0.0,88.6,0.0
2023,COLORADO,WELD,431.0494122271598,0.3279414042370054,55126.9719,201.9303,36287.99538,132.92306,0.0,0.0,147436.76580300208,72.83411944930609,245801.4741,900.3717,35000.0,0.0,108000.0,7392000.0,0.0,211.2,0.0
2023,COLORADO,YUMA,9.813923706465792,0.0074608138242269,41356.62258,151.48945999999998,26095.938960000003,95.58952,0.0,0.0,89397.56906840976,41.02951822545434,181024.78758,663.09446,177000.0,0.0,231500.0,30000000.0,0.0,169.5,0.0
2023,DELAWARE,KENT,391.0289808481488,0.2974801374444824,28364.49798,103.89926,11358.48168,41.60616,0.0,0.0,19963.614937831822,9.862074138039644,63287.26404,231.82148,56100.0,0.0,57000.0,10911000.0,0.0,194.5,0.0
2023,DELAWARE,NEW CASTLE,85.42544857772124,0.0650200885402638,11351.460120000002,41.58044,4306.334760000001,15.774120000000002,0.0,0.0,10095.755043433584,4.987327446851819,25800.684,94.508,16700.0,0.0,17000.0,3200000.0,0.0,191.6,0.0
2023,DELAWARE,SUSSEX,688.6029813609211,0.5239002481209968,35683.33314,130.70818,21549.11304,78.93448,0.0,0.0,33044.79640965975,16.32420947224924,137868.62544,505.01328,99200.0,0.0,101000.0,18397000.0,0.0,185.5,0.0
2023,GEORGIA,BAKER,21216.858185959976,16.141520021831408,2484.2945400000003,9.09998,13405.299179999998,49.10366,0.0,0.0,13098.27361433186,6.0115265054911005,90211.52868,330.44516000000004,9810.0,0.0,10300.0,1876000.0,0.0,191.2,0.0
2023,GEORGIA,BANKS,2.614708252984875e-05,8.087472960649434e-08,311.75508,1.14196,1303.24194,4.77378,0.0,0.0,8756.871049642057,4.019015327523082,8018.64336,29.37232,290.0,0.0,300.0,45100.0,0.0,155.5,0.0
2023,GEORGIA,BERRIEN,17916.102723452335,13.63032001264592,1924.30056,7.04872,9807.377579999998,35.92446,0.0,0.0,17012.372775328502,8.404153360838094,65112.8205,238.5085,8300.0,0.0,8500.0,1384000.0,0.0,166.7,0.0
2023,GEORGIA,BROOKS,16992.174067655167,12.92742002548938,1793.70828,6.57036,8292.648,30.376,0.0,0.0,18641.82307749423,9.20910575719777,55115.1237,201.8869,3840.0,0.0,8400.0,675000.0,0.0,175.8,0.0
2023,GEORGIA,BULLOCH,12009.342131807183,9.136520037843528,2602.1541,9.5317,9079.3521,33.2577,0.0,0.0,25324.848288927475,11.622981869141102,62506.52772,228.96164,3550.0,0.0,4600.0,504000.0,0.0,142.0,0.0
2023,GEORGIA,BURKE,5414.139045213376,4.119000151419107,2294.63052,8.40524,8348.96244,30.58228,0.0,0.0,31329.885427586305,15.477039292999956,55373.44722,202.83314,22900.0,0.0,24300.0,4135000.0,0.0,180.6,0.0
2023,GEORGIA,CALHOUN,8600.1547247882,6.542900017539198,1703.3616599999998,6.239419999999999,7803.595799999999,28.5846,0.0,0.0,10523.058444860617,4.829616987913137,53940.0771,197.5827,12000.0,0.0,12100.0,2529000.0,0.0,210.8,0.0
2023,GEORGIA,CLAY,1579.541109932747,1.2017000346445263,468.69186,1.71682,2164.60062,7.92894,0.0,0.0,7742.737643189583,3.5535730843314,17287.976160000002,63.32592,3030.0,0.0,3100.0,584000.0,0.0,192.7,0.0
2023,GEORGIA,COFFEE,13533.585316996312,10.296180059985842,2107.66374,7.72038,9919.16562,36.333940000000005,0.0,0.0,22219.77689512365,10.976623610143072,70189.94892,257.10604,7520.0,0.0,7700.0,1184000.0,0.0,157.4,0.0
2023,GEORGIA,COLQUITT,33410.31612,25.41812,2404.16904,8.80648,10849.30938,39.74106,0.0,0.0,20618.81348640576,10.185743808151695,71483.04617999999,261.84266,4890.0,0.0,5400.0,947000.0,0.0,193.7,0.0
2023,GEORGIA,COOK,17038.86042,12.96292,1264.4759399999998,4.63178,5865.26304,21.48448,0.0,0.0,8694.199883911551,4.2949558029986505,39046.63854,143.02798,4380.0,0.0,4700.0,795000.0,0.0,181.5,0.0
2023,GEORGIA,EARLY,19939.782068050677,15.169920029489656,3051.82878,11.178859999999998,15035.19108,55.07396,0.0,0.0,19650.25911106773,9.707275600562449,102223.12464,374.44368,10300.0,0.0,10400.0,1787000.0,0.0,173.5,0.0
2023,GEORGIA,EMANUEL,2823.0129403707147,2.147700139112204,1106.07588,4.05156,4572.76092,16.75004,0.0,0.0,25945.862560715526,11.907999869609291,29652.8778,108.6186,3560.0,0.0,3800.0,610000.0,0.0,171.3,0.0
2023,GEORGIA,FLOYD,5.486294153484668e-05,1.873956048494045e-07,652.4427000000001,2.3899000000000004,2878.1407200000003,10.54264,0.0,0.0,18374.046277486646,8.432872106853253,20735.0871,75.9527,3030.0,0.0,3100.0,366000.0,0.0,120.8,0.0
2023,GEORGIA,FRANKLIN,2.9736564908130183e-05,1.0157132321392588e-07,657.03456,2.4067199999999995,1616.2855800000002,5.92046,0.0,0.0,9959.017954012375,4.570747425347708,8776.75344,32.149280000000005,590.0,0.0,600.0,95700.0,0.0,162.2,0.0
2023,GEORGIA,GORDON,3.859969438428005e-05,1.1939151691812186e-07,836.0625000000001,3.0625,2568.61878,9.40886,0.0,0.0,12927.352254037052,5.933081183762399,16541.66514,60.59218,2440.0,0.0,2500.0,412000.0,0.0,168.9,0.0
2023,GEORGIA,GRADY,10598.621115746117,8.063300054029328,2000.44026,7.32762,10473.57402,38.36474,0.0,0.0,17092.13607669192,7.8445321945380195,76456.7622,280.0614,8300.0,0.0,8500.0,1479000.0,0.0,178.2,0.0
2023,GEORGIA,HALL,3.713668260857165e-05,1.2684793969921237e-07,414.37032,1.51784,2281.25898,8.35626,0.0,0.0,12437.377686153188,6.144094704571785,14702.081939999998,53.85378,610.0,0.0,1200.0,78700.0,0.0,129.0,0.0
2023,GEORGIA,IRWIN,24513.76422503728,18.649740018451567,2805.17874,10.27538,14382.68286,52.68382000000001,0.0,0.0,13559.761287126392,6.223328874157931,99733.95978,365.32586,12400.0,0.0,12500.0,2448000.0,0.0,197.4,0.0
2023,GEORGIA,JEFF DAVIS,3939.6516806007503,2.9972200728006904,876.0843,3.2091,3948.51912,14.46344,0.0,0.0,12460.167200039872,6.155352779635856,25907.53074,94.89938,6050.0,0.0,6500.0,919000.0,0.0,151.9,0.0
2023,GEORGIA,JEFFERSON,2593.410692124245,1.973040107630445,1519.26138,5.56506,5776.2159,21.1583,0.0,0.0,19992.10183592813,9.175487825789304,36802.30554,134.80698,15200.0,0.0,15600.0,3000000.0,0.0,197.4,0.0
2023,GEORGIA,JENKINS,3038.2503208209373,2.311460071027088,885.38814,3.24318,3468.86358,12.70646,0.0,0.0,13200.826430409968,6.058593698482988,22627.80702,82.88574,4970.0,0.0,5100.0,904000.0,0.0,181.9,0.0
2023,GEORGIA,JOHNSON,3.429571787992185e-05,1.1714404324767041e-07,433.0053,1.5861,1256.9466000000002,4.6042,0.0,0.0,11485.915443397516,5.674070051881252,7151.14764,26.19468,2970.0,0.0,3200.0,494000.0,0.0,166.3,0.0
2023,GEORGIA,LAURENS,23.699729323953736,0.0180403048806316,1359.5891399999998,4.980180000000001,4815.68724,17.639879999999998,0.0,0.0,30566.436684782177,14.028638408341626,30704.78502,112.47174,7150.0,0.0,7400.0,1216000.0,0.0,170.1,0.0
2023,GEORGIA,LOWNDES,10625.12868826981,8.083480027430214,1046.27796,3.83252,5033.91798,18.43926,0.0,0.0,17998.019283394136,8.260292398387406,34397.0991,125.9967,650.0,0.0,700.0,101400.0,0.0,156.0,0.0
2023,GEORGIA,MACON,3359.9128972996746,2.556160058750622,1240.66488,4.54456,5301.94392,19.42104,0.0,0.0,15046.777133819382,7.433144352583007,32330.445420000004,118.42654,6490.0,0.0,11400.0,1263000.0,0.0,194.6,0.0
2023,GEORGIA,MILLER,25112.836504766565,19.10552001745993,3032.74608,11.10896,16978.989299999997,62.194100000000006,0.0,0.0,10608.519124811912,4.868839648687484,110868.849,406.113,16700.0,0.0,16800.0,3204000.0,0.0,191.9,0.0
2023,GEORGIA,PIERCE,159.88635394539716,0.1216401157190268,842.47254,3.08598,4323.828600000001,15.8382,0.0,0.0,12858.983708600124,5.901703054465552,29515.02372,108.11364,7510.0,0.0,7700.0,1297000.0,0.0,172.7,0.0
2023,GEORGIA,RABUN,4.24953885235684e-05,1.4515169644388257e-07,58.31826,0.21362,320.20716,1.1729199999999995,0.0,0.0,14232.051972931144,6.531880473865541,1842.26952,6.74824,180.0,0.0,200.0,21700.0,0.0,120.6,0.0
2023,GEORGIA,RANDOLPH,3768.2755458666607,2.866860088906584,1177.4708400000002,4.31308,4831.4448,17.697599999999998,0.0,0.0,16117.884319090808,7.962273896697577,34029.3681,124.6497,11900.0,0.0,12200.0,2005000.0,0.0,168.5,0.0
2023,GEORGIA,SCREVEN,6624.127391475146,5.039560036779313,1927.75128,7.0613600000000005,7633.1892,27.9604,0.0,0.0,24612.675954619983,12.158721541959885,51863.56812,189.97644,9360.0,0.0,9600.0,1560000.0,0.0,166.7,0.0
2023,GEORGIA,SUMTER,8262.733512187144,6.286200040900559,2031.05994,7.43978,9425.06838,34.52406,0.0,0.0,18277.190838747152,8.38841975730496,64580.62884,236.55908,21600.0,0.0,22100.0,4098000.0,0.0,189.7,0.0
2023,GEORGIA,TATTNALL,4427.750118935005,3.3685600614947138,1394.33658,5.10746,5901.7959,21.6183,0.0,0.0,18225.914430541045,8.364886160732345,36973.36188,135.43356,4010.0,0.0,5200.0,705000.0,0.0,175.8,0.0
2023,GEORGIA,TAYLOR,13.616440262080555,0.0103601237655383,498.40518,1.82566,1748.81616,6.40592,0.0,0.0,14306.117896331314,7.06725689513215,8656.3386,31.7082,980.0,0.0,1000.0,101900.0,0.0,104.0,0.0
2023,GEORGIA,TERRELL,4372.954389864955,3.3268800347747782,1772.06484,6.49108,7886.5878,28.8886,0.0,0.0,12585.50953135562,5.776190539344944,58109.496900000006,212.8553,18100.0,0.0,18200.0,2939000.0,0.0,162.4,0.0
2023,GEORGIA,THOMAS,13758.55896,10.46734,1478.0165399999998,5.41398,7336.07784,26.87208,0.0,0.0,20328.247180646325,9.32976362647649,50541.69666,185.13442,1810.0,0.0,2900.0,315000.0,0.0,174.0,0.0
2023,GEORGIA,TIFT,22781.86158310274,17.332120010041216,1791.2895,6.5615,8308.6731,30.4347,0.0,0.0,9674.149020986652,4.77905305048805,54295.04262000001,198.88294,4390.0,0.0,4500.0,825000.0,0.0,187.9,0.0
2023,GEORGIA,TURNER,17915.075459999996,13.62954,1745.3599800000002,6.39326,7366.47912,26.98344,0.0,0.0,10910.480196477523,5.0074263845729,49087.89522,179.80914,5430.0,0.0,5600.0,798000.0,0.0,147.0,0.0
2023,GEORGIA,WALKER,4.843249444743399e-05,1.4980504567317476e-07,941.45688,3.4485600000000005,2084.28402,7.63474,0.0,0.0,16220.43713689757,7.444461052670251,12769.9299,46.776300000000006,2730.0,0.0,2800.0,425000.0,0.0,155.7,0.0
2023,GEORGIA,WALTON,3.368329434836563e-05,1.0418475252717941e-07,411.97338,1.50906,1103.78814,4.04318,0.0,0.0,11280.809811154146,5.572747372716549,3841.15368,14.07016,290.0,0.0,400.0,23700.0,0.0,81.7,0.0
2023,GEORGIA,WARE,67.14843668756613,0.0510802983303177,378.41076,1.38612,1996.2033,7.3121,0.0,0.0,33631.626421657915,15.435424515437902,13608.59682,49.84834,1260.0,0.0,2700.0,165000.0,0.0,131.0,0.0
2023,GEORGIA,WASHINGTON,297.8407926145981,0.2266002261658305,824.87496,3.02152,2690.688,9.856000000000002,0.0,0.0,25615.41460035224,12.654076861929951,15604.101240000002,57.15788,6350.0,0.0,6500.0,1285000.0,0.0,202.4,0.0
2023,GEORGIA,WILCOX,11322.98552014538,8.61438006956633,1530.67278,5.60686,6405.56826,23.46362,0.0,0.0,14340.30216846872,7.084144008374107,41740.57524,152.89588,2180.0,0.0,2600.0,406000.0,0.0,186.2,0.0
2023,GEORGIA,WORTH,38681.49066,29.428400000000003,3228.07212,11.82444,13315.01808,48.77296,0.0,0.0,21444.933400750982,9.842273061546663,89494.60884,327.81908,7030.0,0.0,7200.0,1262000.0,0.0,179.5,0.0
2023,IDAHO,BINGHAM,1214.3795342088947,0.9238805976012062,85682.95008,313.85696,27640.46376,101.24712,0.0,0.0,78612.43119090046,38.8347314346868,53005.35786,194.15882,2750.0,0.0,11500.0,506000.0,0.0,184.0,0.0
2023,IDAHO,CANYON,4460.350877434976,3.393360063142852,55875.95286,204.67382,35121.95232,128.65184,0.0,0.0,20185.812708322865,9.971840374901738,137054.16270000002,502.0299,20000.0,0.0,35000.0,4400000.0,0.0,220.0,0.0
2023,IDAHO,FRANKLIN,513.3097253455489,0.3905002234923572,3743.25588,13.71156,2407.1720400000004,8.81748,0.0,0.0,25011.492452721177,11.479165441841602,11529.63084,42.23308,650.0,0.0,5800.0,105000.0,0.0,161.5,0.0
2023,IDAHO,GEM,26.759280394580948,0.0203601862952578,10128.573,37.101,7347.66396,26.91452,0.0,0.0,21029.024760625234,9.651389446835566,29538.11406,108.19822,4200.0,0.0,4800.0,920000.0,0.0,219.0,0.0
2023,IDAHO,GOODING,2314.34056402348,1.760720149658561,34375.49388,125.91756,18435.24774,67.52838,0.0,0.0,27746.234231412574,13.70670692125275,80827.20828,296.07036,9300.0,0.0,37000.0,1815000.0,0.0,195.2,0.0
2023,IDAHO,LINCOLN,1567.1945216687611,1.192300302048997,40477.0002,148.2674,15185.7069,55.6253,0.0,0.0,45123.23924365783,22.29098949039257,27441.73068,100.51916,3690.0,0.0,15600.0,711000.0,0.0,192.7,0.0
2023,IDAHO,OWYHEE,1561.524621239396,1.1879822532643431,25491.2658,93.3746,15835.463280000002,58.00536,0.0,0.0,289996.5754969791,133.09556292931876,66512.80272,243.63664,11000.0,0.0,25000.0,2370000.0,0.0,215.5,0.0
2023,IDAHO,PAYETTE,1543.2441765418273,1.1740600602076403,17573.81808,64.37296,10758.56964,39.40868,0.0,0.0,15257.580137924871,7.537281547248595,44716.854,163.798,1800.0,0.0,7100.0,369000.0,0.0,205.0,0.0
2023,IDAHO,POWER,703.0869734804697,0.5349004542959832,29421.19908,107.76996,10133.2413,37.1181,0.0,0.0,53236.306495364806,26.298864365378787,29740.89846,108.94102,5100.0,0.0,8000.0,955000.0,0.0,187.3,0.0
2023,IDAHO,TWIN FALLS,5197.062637305219,3.9538603248724464,88863.56387999999,325.50756,40841.7828,149.6036,0.0,0.0,71815.45841032435,32.960109434977674,113118.24888,414.35256,8000.0,0.0,51000.0,1575000.0,0.0,196.9,0.0
2023,IDAHO,WASHINGTON,61.52944178804371,0.0468205007382578,3670.74162,13.44594,2144.7589800000005,7.85626,0.0,0.0,54808.78302065812,25.15479990446084,8149.63968,29.85216,2470.0,0.0,3300.0,560000.0,0.0,226.7,0.0
2023,ILLINOIS,ADAMS,272.7637932871598,0.2075402469603434,37592.87532000001,137.70284,16359.1701,59.9237,0.0,0.0,32002.17610975944,15.809152518513049,103787.91696,380.17552,152100.0,0.0,154000.0,28245000.0,0.0,185.7,0.0
2023,ILLINOIS,BOND,84.65139662668106,0.0644001102946328,18762.0615,68.7255,6939.823800000001,25.420600000000004,0.0,0.0,14437.157606336632,7.131990829298084,45480.83904,166.59648,74300.0,0.0,75500.0,14451000.0,0.0,194.5,0.0
2023,ILLINOIS,BOONE,218.5247598448862,0.1662200578322089,12881.78892,47.18604,5567.63298,20.39426,0.0,0.0,10238.189509655918,5.057690418190983,39904.47552000001,146.17024,69700.0,0.0,70500.0,14825000.0,0.0,212.7,0.0
2023,ILLINOIS,BROWN,158.30216972299854,0.1204400909627444,9812.77206,35.944219999999994,4463.97042,16.35154,0.0,0.0,11616.95515418726,5.33166704855558,29155.55916,106.79692,38600.0,0.0,39100.0,7427000.0,0.0,192.4,0.0
2023,ILLINOIS,BUREAU,464.5737753450774,0.3534602266241792,53258.09034,195.08458,25776.1686,94.4182,0.0,0.0,32577.611368881662,14.951678365867622,179465.22594,657.38178,249000.0,0.0,252000.0,55652000.0,0.0,223.5,0.0
2023,ILLINOIS,CALHOUN,160.21484532519892,0.1218800865159836,6581.59866,24.10842,2946.66372,10.79364,0.0,0.0,10118.544556957104,4.998585521736487,17943.17616,65.72592,21100.0,0.0,21300.0,4165000.0,0.0,197.4,0.0
2023,ILLINOIS,CARROLL,106.54491862466894,0.0810601308224136,20344.8882,74.5234,11629.50516,42.59892,0.0,0.0,17080.74132497811,8.437927589977171,81434.38212,298.29444,125500.0,0.0,127000.0,28803000.0,0.0,229.5,0.0
2023,ILLINOIS,CASS,308.63019710763126,0.2347801137469505,19604.342939999995,71.81078,10403.93172,38.10964,0.0,0.0,14385.881197985256,7.1066601593633845,66963.19266,245.28642,79600.0,0.0,80700.0,17178000.0,0.0,215.8,0.0
2023,ILLINOIS,CHAMPAIGN,266.10658259470944,0.2024603180152876,61167.71934,224.05758,26487.1152,97.0224,0.0,0.0,35813.72245772853,16.436909790872402,179317.05245999998,656.83902,264500.0,0.0,267500.0,57714000.0,0.0,218.2,0.0
2023,ILLINOIS,CHRISTIAN,615.7990707043922,0.4684601457184846,53445.2919,195.7703,23878.6275,87.4675,0.0,0.0,26669.429660682246,13.174762854920449,159116.31371999998,582.84364,197800.0,0.0,200000.0,42883000.0,0.0,216.8,0.0
2023,ILLINOIS,CLARK,264.8589398054344,0.2015001341777361,31100.90802,113.92274,13462.82574,49.31438,0.0,0.0,18841.231338601807,8.647289324003937,89750.64462,328.75694,91900.0,0.0,93200.0,18803000.0,0.0,204.6,0.0
2023,ILLINOIS,CLAY,598.881757534073,0.4556201102961899,27505.36698,100.75226,9780.37242,35.82554,0.0,0.0,17468.163076885547,8.017111905804008,60605.84712,221.99944,78900.0,0.0,79800.0,14068000.0,0.0,178.3,0.0
2023,ILLINOIS,CLINTON,315.41134015099794,0.2399401201044916,23711.86818,86.85666,9329.17986,34.17282,0.0,0.0,17644.781815535815,8.716564958613,59653.87428,218.51236,95100.0,0.0,100000.0,14893000.0,0.0,156.6,0.0
2023,ILLINOIS,COLES,304.9449466571592,0.2319801603021235,34756.225139999995,127.31218,14384.63208,52.69096,0.0,0.0,19063.42910633282,9.41738015671903,98323.30872,360.15864,115900.0,0.0,117500.0,25649000.0,0.0,221.3,0.0
2023,ILLINOIS,CRAWFORD,324.1139737216367,0.2466001157622392,28865.47482,105.73434,12629.880899999998,46.2633,0.0,0.0,16767.385491241308,8.283129049055445,80632.53198,295.35726,83500.0,0.0,84700.0,16224000.0,0.0,194.3,0.0
2023,ILLINOIS,CUMBERLAND,109.9243582132634,0.0836201195337222,21216.51714,77.71618,9544.22196,34.960519999999995,0.0,0.0,13081.181477202725,6.0036819728135375,63260.66838,231.72406,68300.0,0.0,69800.0,14111000.0,0.0,206.6,0.0
2023,ILLINOIS,DE KALB,433.8911325467192,0.3301201789610752,38808.48972,142.15564,17793.293700000002,65.1769,0.0,0.0,22516.0405864001,10.33386374184107,126694.63716,464.08292,190800.0,0.0,194000.0,42509000.0,0.0,222.8,0.0
2023,ILLINOIS,DOUGLAS,312.3198962999282,0.2376201116370294,28271.46504,103.55848,12060.49026,44.17762,0.0,0.0,15286.067032970624,7.551354142406265,81046.48734,296.87358,111400.0,0.0,113000.0,23572000.0,0.0,211.6,0.0
2023,ILLINOIS,EDGAR,509.4869925974744,0.3876001555140942,43608.19554,159.73698000000002,18282.5097,66.9689,0.0,0.0,23233.91031087307,10.663334098257884,125948.09682,461.34834,159800.0,0.0,161500.0,33318000.0,0.0,208.5,0.0
2023,ILLINOIS,EDWARDS,189.7960402407976,0.1443800621580566,14585.97504,53.42848,6406.58928,23.46736,0.0,0.0,8192.830559520142,4.047278142260124,40053.670020000005,146.71674000000002,43700.0,0.0,44300.0,8076000.0,0.0,184.8,0.0
2023,ILLINOIS,EFFINGHAM,313.8742671499718,0.2387801631981449,24813.42864,90.89168,10705.91886,39.21582,0.0,0.0,17929.65075015945,8.22891427469085,66948.39060000001,245.2322,85500.0,0.0,86900.0,15903000.0,0.0,186.0,0.0
2023,ILLINOIS,FAYETTE,594.0177033876972,0.4519202172843709,37084.1016,135.8392,14577.33732,53.39684,0.0,0.0,26942.90383996046,13.309859761932533,91182.75348,334.00276,122500.0,0.0,124000.0,21095000.0,0.0,172.2,0.0
2023,ILLINOIS,FORD,155.50402629262447,0.1183201580216304,31014.80928,113.60736,12882.22572,47.18764,0.0,0.0,18077.782586064932,8.29690021574483,88194.24432,323.05584,136600.0,0.0,138000.0,30503000.0,0.0,223.3,0.0
2023,ILLINOIS,FRANKLIN,553.9413961217672,0.4214401090737387,21583.56564,79.06068,7578.2889,27.7593,0.0,0.0,15525.35693706087,7.125450077041497,45199.4907,165.56590000000003,39400.0,0.0,39900.0,6844000.0,0.0,173.7,0.0
2023,ILLINOIS,FULTON,455.0025128413491,0.3461602480988463,35426.64762,129.76794,15623.60982,57.22934,0.0,0.0,32338.321453170243,15.97520913241777,104371.74384,382.31408,132800.0,0.0,134500.0,26719000.0,0.0,201.2,0.0
2023,ILLINOIS,GREENE,662.4666468569794,0.504000162589738,33051.028920000004,121.06604,15760.32276,57.73012,0.0,0.0,20351.036685817115,9.340222998330756,103007.94504,377.31848,107500.0,0.0,109000.0,21887000.0,0.0,203.6,0.0
2023,ILLINOIS,HANCOCK,368.1358897760725,0.2800802073731268,38650.44456,141.57672,16745.54154,61.33898,0.0,0.0,30230.291342824024,13.874362608921178,110608.37424,405.15888,162100.0,0.0,164000.0,33101000.0,0.0,204.2,0.0
2023,ILLINOIS,HENDERSON,290.2645453804715,0.2208400842674306,20556.85086,75.29982,11134.07568,40.78416,0.0,0.0,14414.36809128783,6.615555484034839,73069.25808000001,267.65296,91600.0,0.0,92800.0,21041000.0,0.0,229.7,0.0
2023,ILLINOIS,HENRY,697.8703732536225,0.5309001539154814,47687.45436,174.67932,22218.57456,81.38672,0.0,0.0,30406.910078278463,15.021087234677715,152884.68468,560.01716,225500.0,0.0,228000.0,50399000.0,0.0,223.5,0.0
2023,ILLINOIS,IROQUOIS,370.1509639377632,0.2816203125350287,70619.82018000001,258.68066,30522.0006,111.8022,0.0,0.0,41989.68096215866,20.743004108774645,208362.26502,763.2317400000001,313000.0,0.0,316500.0,67765000.0,0.0,216.5,0.0
2023,ILLINOIS,JACKSON,650.6027203847965,0.494960135942458,18665.07006,68.37022,5824.94094,21.33678,0.0,0.0,21980.486997715583,10.088068403593963,31081.04454,113.84998,34400.0,0.0,35400.0,5683000.0,0.0,165.2,0.0
2023,ILLINOIS,JASPER,416.53036941881135,0.3168801523225947,31061.21928,113.77736,13162.52574,48.214380000000006,0.0,0.0,18590.54668025561,9.1837750927528,84829.25178,310.72986,103600.0,0.0,105000.0,19870000.0,0.0,191.8,0.0
2023,ILLINOIS,JEFFERSON,398.15062784228775,0.3029201460672585,24708.138,90.506,8085.03696,29.61552,0.0,0.0,20989.143105876115,10.368687537235928,47502.42588,174.00155999999998,54700.0,0.0,55400.0,8517000.0,0.0,155.7,0.0
2023,ILLINOIS,JERSEY,500.0624704546575,0.3804401047703106,17343.49344,63.52928000000001,7939.795500000001,29.0835,0.0,0.0,13736.38002795563,6.304389040796967,51181.32474,187.47738,56200.0,0.0,57000.0,11347000.0,0.0,201.9,0.0
2023,ILLINOIS,JO DAVIESS,187.80863251038667,0.1428601558155313,19173.99666,70.23442000000001,10364.05734,37.96358,0.0,0.0,22698.356716377966,10.417538757343976,72344.44854,264.99798,93200.0,0.0,96800.0,19684000.0,0.0,211.2,0.0
2023,ILLINOIS,JOHNSON,137.671354828556,0.1047401192584355,6100.872960000001,22.34752,2053.36404,7.521479999999999,0.0,0.0,13155.247400457632,6.037674945773986,10650.7401,39.0137,9120.0,0.0,9300.0,1456000.0,0.0,159.6,0.0
2023,ILLINOIS,KANE,439.5897302183213,0.3344401032267278,19838.7735,72.6695,8732.221679999999,31.98616,0.0,0.0,13576.85342406668,6.706998479303715,61248.4782,224.3534,72800.0,0.0,73800.0,15222000.0,0.0,209.1,0.0
2023,ILLINOIS,KANKAKEE,283.67063462059343,0.2158001590425849,39772.31076,145.68612000000002,18554.51052,67.96524000000001,0.0,0.0,24538.6100222134,12.122132791937831,129150.1848,473.0776,170600.0,0.0,172500.0,35400000.0,0.0,207.5,0.0
2023,ILLINOIS,KENDALL,211.67606496198687,0.1610400756493656,17728.55994,64.93978,7624.82994,27.92978,0.0,0.0,10352.137083737798,5.113980795807699,54169.69194,198.42378,70600.0,0.0,71600.0,14558000.0,0.0,206.2,0.0
2023,ILLINOIS,KNOX,468.6118204388256,0.3565001845600213,35615.99496,130.46151999999998,15490.5114,56.7418,0.0,0.0,26663.73228664115,13.171948338343144,105369.537,385.969,152100.0,0.0,154000.0,33310000.0,0.0,219.0,0.0
2023,ILLINOIS,LA SALLE,267.62963180533364,0.2036203828279853,66102.64752,242.13424,28606.6872,104.7864,0.0,0.0,41733.29892069232,19.153732775044222,197965.58964,725.14868,277500.0,0.0,280500.0,55403000.0,0.0,199.7,0.0
2023,ILLINOIS,LAKE,86.70374178059664,0.0659600749060156,3012.43488,11.03456,1483.22538,5.43306,0.0,0.0,7759.829779258282,3.56141761652227,10161.18558,37.22046,8970.0,0.0,9100.0,1730000.0,0.0,192.9,0.0
2023,ILLINOIS,LAWRENCE,348.18153318586195,0.2648801002546294,26370.30396,96.59452,12441.06318,45.57166,0.0,0.0,13901.60400893623,6.380219518175363,77374.24422,283.42214,77600.0,0.0,78700.0,14458000.0,0.0,186.3,0.0
2023,ILLINOIS,LEE,515.0298577200947,0.3918401950088174,45801.54306,167.77121999999997,22579.71534,82.70958,0.0,0.0,27233.47014702728,13.453400221475205,158317.23726,579.91662,231500.0,0.0,234000.0,48083000.0,0.0,207.7,0.0
2023,ILLINOIS,LIVINGSTON,422.9597240126021,0.3217603212649897,66311.39424,242.89888,27511.11636,100.77332,0.0,0.0,39055.53093877459,17.92475606614112,189054.45468,692.50716,289500.0,0.0,292500.0,63716000.0,0.0,220.1,0.0
2023,ILLINOIS,LOGAN,423.88685300967046,0.3224801605969404,38531.56944,141.14128,17310.777120000002,63.40944,0.0,0.0,23006.015157189253,10.558740332912793,116433.27696,426.49552,175200.0,0.0,177000.0,36985000.0,0.0,211.1,0.0
2023,ILLINOIS,MACON,403.4611599932555,0.3069401325342171,34201.85496,125.28152,14771.57682,54.10834,0.0,0.0,20652.99776493481,9.47880973763635,99413.31582,364.15134,137000.0,0.0,138500.0,30865000.0,0.0,225.3,0.0
2023,ILLINOIS,MACOUPIN,866.0263870127393,0.6588802319421195,50414.28756,184.66772,23206.46874,85.00538,0.0,0.0,32081.939415480792,15.848555784753591,150804.66491999998,552.39804,175800.0,0.0,178000.0,35037000.0,0.0,199.3,0.0
2023,ILLINOIS,MADISON,142.2735056868136,0.108240202118128,32867.27808,120.39296,13038.98232,47.76184000000001,0.0,0.0,24253.741094998262,11.1313911850465,86576.30436,317.12932,107200.0,0.0,108500.0,20293000.0,0.0,189.3,0.0
2023,ILLINOIS,MARION,575.6584740486263,0.4379601673672046,27198.44946,99.62802,9750.72462,35.716939999999994,0.0,0.0,21308.19631626877,10.52630059602666,60337.0677,221.0149,85000.0,0.0,86100.0,13413000.0,0.0,157.8,0.0
2023,ILLINOIS,MASON,509.59365926461305,0.3877001157771685,36551.68062,133.88894,23981.31372,87.84364,0.0,0.0,20527.6554235958,9.421283163569724,143960.69688,527.32856,124300.0,0.0,126000.0,25867000.0,0.0,208.1,0.0
2023,ILLINOIS,MASSAC,212.2854223007588,0.1614800676139928,10511.46096,38.50352,4791.15546,17.55002,0.0,0.0,8990.463576059588,4.126223934198325,25563.96024,93.64088,24500.0,0.0,24800.0,4285000.0,0.0,174.9,0.0
2023,ILLINOIS,MCDONOUGH,173.86427539091775,0.1322601676296364,30196.3389,110.6093,13032.474000000002,47.738,0.0,0.0,21838.052529314285,10.022697301470012,88454.71908,324.00996000000004,130900.0,0.0,132500.0,29348000.0,0.0,224.2,0.0
2023,ILLINOIS,MCLEAN,508.2650272993682,0.386700324757509,72011.21381999999,263.77734,30976.58928,113.46736,0.0,0.0,42952.53795822606,19.71330940372632,211433.5587,774.4819,315000.0,0.0,318500.0,70336000.0,0.0,223.3,0.0
2023,ILLINOIS,MENARD,211.2306940090621,0.1607201068604762,18084.15882,66.24234000000001,8640.51552,31.65024,0.0,0.0,11901.824088462265,5.462409251643428,56688.6957,207.6509,76500.0,0.0,77500.0,16402000.0,0.0,214.4,0.0
2023,ILLINOIS,MERCER,1197.4364647007906,0.91096006443539,30981.31218,113.48466,14453.29704,52.94248,0.0,0.0,21251.222522255128,9.753368361983387,96315.61758,352.80445999999995,137300.0,0.0,139000.0,31112000.0,0.0,226.6,0.0
2023,ILLINOIS,MONROE,196.17784060376349,0.1492601402809599,18059.80176,66.15312,7732.08618,28.32266,0.0,0.0,14482.736636288966,6.646933613131674,43078.717500000006,157.7975,49900.0,0.0,50500.0,7685000.0,0.0,154.0,0.0
2023,ILLINOIS,MONTGOMERY,700.590708200047,0.5330001411880942,44538.32292,163.14404,20223.68712,74.07944,0.0,0.0,26242.126263467897,12.043971765917984,131651.61828,482.24036,155200.0,0.0,157000.0,31444000.0,0.0,202.6,0.0
2023,ILLINOIS,MORGAN,533.5373796337934,0.4059201347312966,32247.43158,118.12246,14610.5778,53.5186,0.0,0.0,21029.024759463115,10.388389170715008,97224.48372,356.13364,128900.0,0.0,130500.0,25806000.0,0.0,200.2,0.0
2023,ILLINOIS,MOULTRIE,226.255889174387,0.1721400866371923,24243.74862,88.80494,10468.9221,38.3477,0.0,0.0,12608.299046259155,5.78664991566611,69798.87642,255.67354,83900.0,0.0,84900.0,18500000.0,0.0,220.5,0.0
2023,ILLINOIS,OGLE,557.2472380388695,0.423940172707433,40514.373900000006,148.40429999999998,19914.6948,72.9476,0.0,0.0,28458.40656673692,13.061146103467449,140981.90652,516.41724,215000.0,0.0,218000.0,46612000.0,0.0,216.8,0.0
2023,ILLINOIS,PEORIA,410.81878932635937,0.3125601473531221,26273.034059999994,96.23822,12067.16238,44.20206,0.0,0.0,21308.1963120561,10.526300593945589,81547.23486000001,298.70782,102800.0,0.0,104000.0,22616000.0,0.0,220.0,0.0
2023,ILLINOIS,PERRY,409.4120696885554,0.311480099758578,22134.75264,81.07968,8276.1042,30.3154,0.0,0.0,16533.792964242715,8.167733774876595,48689.32068,178.34916,50900.0,0.0,51600.0,8409000.0,0.0,165.2,0.0
2023,ILLINOIS,PIATT,220.2000372137817,0.167540110430489,27310.93092,100.04004,11668.78986,42.74282,0.0,0.0,16465.424415174173,8.133959546024562,79001.14404,289.38148,123800.0,0.0,125000.0,27632000.0,0.0,223.2,0.0
2023,ILLINOIS,PIKE,719.6476344056159,0.5475002533016728,37451.78892,137.18604000000002,18282.52062,66.96894,0.0,0.0,31648.93863347576,15.634652349566087,119809.06392000002,438.86104,153600.0,0.0,155500.0,29153000.0,0.0,189.8,0.0
2023,ILLINOIS,POPE,11.779421018603625,0.0089401266038481,3984.5169,14.5953,1360.28256,4.98272,0.0,0.0,13981.367311200289,6.906829319419663,6890.30706,25.23922,7590.0,0.0,7700.0,1224000.0,0.0,161.3,0.0
2023,ILLINOIS,PULASKI,719.9127694846501,0.5477000312444095,9839.6298,36.0426,3195.06096,11.70352,0.0,0.0,7526.237252550222,3.717979433898424,17684.18106,64.77722,16000.0,0.0,16200.0,2587000.0,0.0,161.7,0.0
2023,ILLINOIS,PUTNAM,15.523097569136116,0.0117800601159117,7553.41314,27.66818,3472.5599999999995,12.72,0.0,0.0,6096.195200887732,2.797883149477453,23868.07332,87.42884,30800.0,0.0,31200.0,6582000.0,0.0,213.7,0.0
2023,ILLINOIS,RANDOLPH,834.6096937129613,0.6349401126467183,25196.93904,92.29648,10240.95072,37.51264,0.0,0.0,21843.749899723756,10.79086536354864,55784.59614,204.33918,63800.0,0.0,64600.0,10316000.0,0.0,161.7,0.0
2023,ILLINOIS,RICHLAND,493.8524168344067,0.3757401139512087,24197.8737,88.6369,9599.7174,35.163799999999995,0.0,0.0,13588.248181155288,6.236403094742729,60946.81866000001,223.24842,73200.0,0.0,75300.0,14091000.0,0.0,192.5,0.0
2023,ILLINOIS,ROCK ISLAND,450.3353578605599,0.3426000470307271,17472.988260000002,64.00362,8312.757179999999,30.449660000000005,0.0,0.0,14910.040038297053,6.843046918036794,55710.13812,204.06644,66900.0,0.0,67800.0,14644000.0,0.0,218.9,0.0
2023,ILLINOIS,SALINE,501.6899654217859,0.381680087052016,18943.73754,69.39098000000001,7679.44086,28.12982,0.0,0.0,14357.394304682686,6.589407043531942,47511.88806,174.03622,51000.0,0.0,51700.0,8685000.0,0.0,170.3,0.0
2023,ILLINOIS,SANGAMON,415.8615142132498,0.3164002232715786,50559.20688,185.19856,23276.94642,85.26354,0.0,0.0,30543.64717641555,15.08863569238178,156298.03644,572.52028,198700.0,0.0,201000.0,43933000.0,0.0,221.1,0.0
2023,ILLINOIS,SCHUYLER,155.81302499389568,0.1185401553519095,14199.822,52.014,6086.11458,22.29346,0.0,0.0,16345.779467980889,8.074854652289812,40055.93592,146.72503999999998,62100.0,0.0,62800.0,11724000.0,0.0,188.8,0.0
2023,ILLINOIS,SCOTT,294.2783005306887,0.2238800708169188,14312.56554,52.42698,6823.9353,24.9961,0.0,0.0,9526.017173343776,4.372019276392299,44916.70092,164.53004,49700.0,0.0,50400.0,9756000.0,0.0,196.3,0.0
2023,ILLINOIS,SHELBY,431.5107669628756,0.3283002006762464,48189.83988,176.51955999999998,21652.13778,79.31186000000001,0.0,0.0,28566.656756318647,13.110828138142836,140608.6227,515.0499,165600.0,0.0,167500.0,32557000.0,0.0,196.6,0.0
2023,ILLINOIS,ST CLAIR,380.8927114904385,0.2897601583485782,33765.19692,123.68204,13783.96656,50.49072,0.0,0.0,21530.39407383125,9.881495719167516,91028.00616,333.43592,93300.0,0.0,94400.0,16234000.0,0.0,174.0,0.0
2023,ILLINOIS,STARK,234.61742608087624,0.178500089674279,18303.35598,67.04526,8504.61066,31.15242,0.0,0.0,10819.322136790754,5.344771343698953,59118.745140000006,216.55218,85300.0,0.0,86400.0,19969000.0,0.0,234.1,0.0
2023,ILLINOIS,STEPHENSON,208.57043204262948,0.1586601555750672,20744.57658,75.98746,10139.50392,37.14104,0.0,0.0,20863.800770202422,10.306768119790824,72525.68778,265.66186,157700.0,0.0,163500.0,34221000.0,0.0,217.0,0.0
2023,ILLINOIS,TAZEWELL,568.0492104714328,0.4321601504490132,35645.62092,130.57004,18704.01624,68.51288,0.0,0.0,22675.56719609964,11.20178512290629,119720.1096,438.5352,140000.0,0.0,141500.0,31079000.0,0.0,222.0,0.0
2023,ILLINOIS,UNION,324.22760313146864,0.2466800757324244,6612.85716,24.22292,2155.10568,7.89416,0.0,0.0,15736.159941021097,7.773701129263231,10421.42556,38.17372,12300.0,0.0,12500.0,1750000.0,0.0,142.3,0.0
2023,ILLINOIS,VERMILION,281.51606825812587,0.2141802694244192,50966.59932,186.69084,21233.97822,77.78014,0.0,0.0,33164.44137361659,16.383314374265222,145745.72922,533.86714,215000.0,0.0,217500.0,43903000.0,0.0,204.2,0.0
2023,ILLINOIS,WABASH,116.42834172918472,0.0885600745390715,16152.54732,59.16684,7316.60202,26.80074,0.0,0.0,8358.054541372336,3.8359762430694215,46524.68184,170.42007999999998,49500.0,0.0,50200.0,9113000.0,0.0,184.1,0.0
2023,ILLINOIS,WASHINGTON,581.034505733215,0.4420400636347159,30162.3777,110.4849,10956.134279999998,40.13236,0.0,0.0,21330.985817953213,10.537558665062797,70102.40874,256.78538000000003,101300.0,0.0,104500.0,18092000.0,0.0,178.6,0.0
2023,ILLINOIS,WAYNE,1017.2528340497686,0.7739001618587168,43110.795000000006,157.915,16002.621180000002,58.61766000000001,0.0,0.0,26885.930045946807,13.281714569679638,98808.69180000002,361.9366,125100.0,0.0,126500.0,23156000.0,0.0,185.1,0.0
2023,ILLINOIS,WHITE,606.4574215461049,0.4613801311128769,34854.78906,127.67322,16421.446860000004,60.15182,0.0,0.0,18721.58638132715,8.592377596467724,96419.6142,353.1854,94100.0,0.0,95300.0,16091000.0,0.0,171.0,0.0
2023,ILLINOIS,WHITESIDE,358.8671359670601,0.2730001654074397,41911.63158,153.52246000000002,23605.63842,86.46754,0.0,0.0,25626.80935715032,11.761568603446438,157323.23333999998,576.27558,210500.0,0.0,213000.0,42374000.0,0.0,201.3,0.0
2023,ILLINOIS,WILL,526.1391463877142,0.4002601333273597,28834.2327,105.6199,12402.750359999998,45.43132,0.0,0.0,22937.6466164008,11.33125299138168,86427.16446,316.58302000000003,89700.0,0.0,91000.0,17509000.0,0.0,195.2,0.0
2023,ILLINOIS,WILLIAMSON,213.9221796100604,0.1627401196045498,11742.36882,43.01234,4261.5846,15.6102,0.0,0.0,15764.646843184815,7.235273528247053,23989.53648,87.87376,20600.0,0.0,20800.0,3508000.0,0.0,170.3,0.0
2023,ILLINOIS,WINNEBAGO,374.9066097047928,0.2852001020392234,18380.21094,67.32678000000001,8358.2499,30.6163,0.0,0.0,15605.120238133752,7.7089671986135935,60261.03174,220.73638,88100.0,0.0,89200.0,16774000.0,0.0,190.4,0.0
2023,ILLINOIS,WOODFORD,186.2320033919765,0.1416601454007314,29006.42472,106.25064,12504.74316,45.80492,0.0,0.0,19342.60066401006,9.555291582461246,85293.35178000001,312.42986,118400.0,0.0,120000.0,26427000.0,0.0,223.2,0.0
2023,INDIANA,ADAMS,28.043615666326936,0.0213401219439995,16628.255279999998,60.90936,6055.61502,22.18174,0.0,0.0,12517.140986645016,5.744812410381449,39041.9484,143.01080000000002,60700.0,0.0,62000.0,12310000.0,0.0,202.8,0.0
2023,INDIANA,ALLEN,302.9224038138858,0.2304601518913928,27190.27584,99.59808,9159.52128,33.55136,0.0,0.0,20145.93105270216,9.952138740418006,62949.98892,230.58604,71600.0,0.0,73400.0,13633000.0,0.0,190.4,0.0
2023,INDIANA,BARTHOLOMEW,157.85618741558605,0.1201000762690192,14876.8893,54.4941,6700.8123000000005,24.5451,0.0,0.0,14619.473723821731,6.709689870191953,43556.85516,159.54891999999998,53300.0,0.0,54600.0,10394000.0,0.0,195.0,0.0
2023,INDIANA,BENTON,139.86171440109138,0.1064001006780535,26227.94538,96.07306,11163.4068,40.8916,0.0,0.0,15177.816839321493,6.96594459022717,75853.71066,277.85242,122300.0,0.0,125500.0,27179000.0,0.0,222.2,0.0
2023,INDIANA,BLACKFORD,20.89495739626367,0.0159000536575072,9547.56348,34.972759999999994,2866.3580400000005,10.499479999999998,0.0,0.0,6153.168987928672,3.0396803851311645,20495.46408,75.07496,29100.0,0.0,29800.0,5829000.0,0.0,200.3,0.0
2023,INDIANA,BOONE,56.93626057388387,0.0432801230567181,24959.40174,91.42638,10179.04524,37.28588,0.0,0.0,15268.974894868214,7.007782093645067,68695.45409999999,251.6317,79200.0,0.0,80900.0,16410000.0,0.0,207.2,0.0
2023,INDIANA,BROWN,0.0156955885857871,1.1007803145094944e-07,442.7787,1.6219,190.12266,0.69642,0.0,0.0,11918.916223949906,5.470253783567619,1213.62696,4.44552,2730.0,0.0,2800.0,501000.0,0.0,183.5,0.0
2023,INDIANA,CLARK,51.3724528433502,0.0390801111895276,2827.52106,10.35722,2522.53092,9.24004,0.0,0.0,12636.785939561729,5.7997241359175575,14750.57766,54.03142,16200.0,0.0,16600.0,3060000.0,0.0,188.9,0.0
2023,INDIANA,CLAY,222.61550703595256,0.169360093440266,16624.43874,60.89538,6635.89836,24.30732,0.0,0.0,13303.379247112707,6.5719015734398125,44571.22488,163.26456000000002,61800.0,0.0,62100.0,12008000.0,0.0,194.3,0.0
2023,INDIANA,CLINTON,4.746103437897249,0.0036001483736489,25718.74578,94.20786,10981.33218,40.22466,0.0,0.0,14699.237026637791,7.26145869777347,74802.13104,274.00048,105200.0,0.0,106500.0,24664000.0,0.0,234.4,0.0
2023,INDIANA,DAVIESS,235.5612875362483,0.1792000779641389,26509.55034,97.10458,13026.88842,47.71754,0.0,0.0,16305.89781360946,7.483683711957854,81300.30636,297.80332,85400.0,0.0,86500.0,18271000.0,0.0,213.9,0.0
2023,INDIANA,DEARBORN,20.0895906773668,0.0152800935648853,2692.26594,9.86178,1459.5672,5.3464,0.0,0.0,11052.914662118796,5.072797485430122,9008.33388,32.99756,7790.0,0.0,8000.0,1473000.0,0.0,189.1,0.0
2023,INDIANA,DECATUR,83.30535263904346,0.0633801105964943,16384.91946,60.01802,7916.85258,28.99946,0.0,0.0,13816.14332888325,6.825208271925658,52777.9434,193.3258,75900.0,0.0,77800.0,16842000.0,0.0,221.9,0.0
2023,INDIANA,DELAWARE,40.65009699566529,0.0309401128107816,21715.57752,79.54424,7133.90496,26.13152,0.0,0.0,13650.919346595265,6.743587224446007,50039.32752,183.29424,65600.0,0.0,67200.0,12556000.0,0.0,191.4,0.0
2023,INDIANA,ELKHART,761.1803566605024,0.5791000561017472,15487.67766,56.73142,8714.61864,31.92168,0.0,0.0,14710.631783435869,7.267087735233746,57637.18506,211.12522,39900.0,0.0,45000.0,7250000.0,0.0,181.7,0.0
2023,INDIANA,FAYETTE,2.0556235609250018,0.0015600805060741,8237.39826,30.17362,3751.6479,13.7423,0.0,0.0,7919.356382420906,3.9121812363244617,24979.3362,91.4994,33600.0,0.0,34500.0,6989000.0,0.0,208.0,0.0
2023,INDIANA,FRANKLIN,1.65574308932407,0.0012801471757903,6850.46544,25.09328,3442.51908,12.60996,0.0,0.0,14471.3418786193,6.641703924871087,21817.24272,79.91664,36300.0,0.0,37100.0,7202000.0,0.0,198.4,0.0
2023,INDIANA,GIBSON,233.95108047129472,0.177960138370597,31309.98234,114.68858,14493.040380000002,53.08806,0.0,0.0,18322.769875381666,9.051492702497423,91677.11826,335.81362,96200.0,0.0,97200.0,19481000.0,0.0,202.5,0.0
2023,INDIANA,GRANT,120.7058175833338,0.0918401276080815,22777.32912,83.43344,7352.01558,26.930460000000004,0.0,0.0,14972.711203737032,7.396555603709134,51641.34066,189.16242,71600.0,0.0,73300.0,15695000.0,0.0,219.2,0.0
2023,INDIANA,GREENE,137.2004907581118,0.1043801566155156,15059.71194,55.16378,6576.41166,24.089420000000004,0.0,0.0,19992.101824742746,9.876146729178688,39040.76904,143.00647999999998,50000.0,0.0,51200.0,9480000.0,0.0,189.6,0.0
2023,INDIANA,HAMILTON,19.890989924896065,0.0151400923794129,18024.1152,66.02239999999999,7319.00988,26.80956,0.0,0.0,10443.295143351934,4.793009171089074,49167.63306,180.10121999999998,49900.0,0.0,51200.0,10269000.0,0.0,205.8,0.0
2023,INDIANA,HANCOCK,14.288131453709688,0.010880097502195,17380.77978,63.66586,6834.28746,25.03402,0.0,0.0,10557.242717143285,5.215303475546489,46279.93188,169.52356,53700.0,0.0,55000.0,11111000.0,0.0,206.9,0.0
2023,INDIANA,HARRISON,73.34717427849738,0.0558001689055836,8430.256379999999,30.88006,4461.46974,16.342380000000002,0.0,0.0,18288.58560368005,9.03460558947075,24686.16696,90.42552,24300.0,0.0,24800.0,4576000.0,0.0,188.3,0.0
2023,INDIANA,HENDRICKS,271.0821319830192,0.2062601098841081,20310.09162,74.39594,8198.697779999999,30.03186,0.0,0.0,13143.852643078497,6.032445257646739,54449.4405,199.4485,58700.0,0.0,60200.0,13031000.0,0.0,222.0,0.0
2023,INDIANA,HENRY,38.38876162491575,0.0292001288700186,20842.4034,76.3458,7813.55484,28.62108,0.0,0.0,14345.999546431964,6.584177355004675,54818.13792,200.79904,72800.0,0.0,74700.0,14371000.0,0.0,197.4,0.0
2023,INDIANA,HOWARD,32.926588462169754,0.0250400875632353,16745.082899999998,61.337300000000006,6714.86634,24.59658,0.0,0.0,10084.36028634498,4.628273995280789,45599.463,167.031,59300.0,0.0,60800.0,12785000.0,0.0,215.6,0.0
2023,INDIANA,HUNTINGTON,99.86115708517964,0.0759601271654292,19969.131,73.147,6236.33556,22.84372,0.0,0.0,14163.683429382656,6.500502345435406,46195.85334,169.21558000000002,63200.0,0.0,64800.0,13379000.0,0.0,211.7,0.0
2023,INDIANA,JASPER,101.27111669858954,0.0770401742704503,32881.91634,120.44658,15720.46476,57.58412,0.0,0.0,20658.69514057382,10.20544544191782,112305.33132,411.37484,135800.0,0.0,149500.0,27174000.0,0.0,200.1,0.0
2023,INDIANA,JAY,15.423100503309216,0.0117401244586672,19468.11594,71.31178,6391.890960000001,23.41352,0.0,0.0,14209.262458608668,6.521421097811056,44024.18202,161.26074,75700.0,0.0,77500.0,15042000.0,0.0,198.7,0.0
2023,INDIANA,JEFFERSON,85.64997978895907,0.0651601358982706,2941.61322,10.77514,2167.22142,7.93854,0.0,0.0,13348.958275612393,6.126579643803854,11326.67172,41.48964,21500.0,0.0,22000.0,3932000.0,0.0,182.9,0.0
2023,INDIANA,JENNINGS,49.88571504322569,0.0379601047249381,7899.92112,28.93744,4052.7942,14.8454,0.0,0.0,13958.577796558233,6.895571243982434,26484.8766,97.0142,33000.0,0.0,33800.0,6333000.0,0.0,191.9,0.0
2023,INDIANA,JOHNSON,53.80040878623941,0.0409200981455084,13345.70328,48.885360000000006,5820.360000000001,21.32,0.0,0.0,10169.82096596217,5.023916191994112,38237.4993,140.0641,34000.0,0.0,34800.0,7630000.0,0.0,224.4,0.0
2023,INDIANA,KNOX,358.0109130200689,0.2723600933140397,40661.9304,148.9448,18927.401220000003,69.33114,0.0,0.0,19621.7722196536,9.005522960987063,117291.40332,429.63884,116700.0,0.0,118500.0,23573000.0,0.0,202.0,0.0
2023,INDIANA,KOSCIUSKO,85.48492828733104,0.0650401450467174,26180.47068,95.89916,12293.2173,45.0301,0.0,0.0,19621.77221355248,9.005522958186923,83945.33238,307.49206,98600.0,0.0,101000.0,19523000.0,0.0,198.0,0.0
2023,INDIANA,LA PORTE,24.670682675799565,0.0187802139434548,25242.7266,92.4642,13481.91936,49.38432,0.0,0.0,21507.604565464637,10.624808754164867,94683.46524,346.82588,106200.0,0.0,108500.0,18838000.0,0.0,177.4,0.0
2023,INDIANA,LAGRANGE,556.6914156641218,0.4235400370587522,16798.301519999997,61.53224,9613.56942,35.21454,0.0,0.0,14351.696926428913,7.089773046408471,61113.28314,223.85818,39800.0,0.0,42900.0,7260000.0,0.0,182.4,0.0
2023,INDIANA,LAKE,42.43665435760646,0.0322801061094925,13206.4296,48.3752,6356.51562,23.28394,0.0,0.0,11924.61360409212,5.472868628297944,46287.67416,169.55192,50000.0,0.0,51200.0,10375000.0,0.0,207.5,0.0
2023,INDIANA,MADISON,38.171200932795486,0.0290401390753804,25771.23822,94.40014,9766.23648,35.77376,0.0,0.0,15251.882758218451,6.999937561187517,66373.04856,243.12472,83300.0,0.0,85200.0,17293000.0,0.0,207.6,0.0
2023,INDIANA,MARION,11.971090853777277,0.0091200336543714,4174.66686,15.29182,1665.85146,6.10202,0.0,0.0,3646.322362775816,1.673500201385882,10761.52896,39.41952,3610.0,0.0,3700.0,671000.0,0.0,185.9,0.0
2023,INDIANA,MARSHALL,58.49236344163437,0.0444801323594336,21629.86098,79.23026,10151.63604,37.18548,0.0,0.0,16567.977244079153,8.184620891921893,70547.97750000001,258.4175,83100.0,0.0,93500.0,16362000.0,0.0,196.9,0.0
2023,INDIANA,MIAMI,36.44518073689717,0.0277201253237426,19601.52012,71.80044,7474.1394,27.3778,0.0,0.0,14106.70964176066,6.968748734338779,51971.556,190.372,65800.0,0.0,67500.0,13292000.0,0.0,202.0,0.0
2023,INDIANA,MONROE,0.0065210323767512,1.2691597125940648e-07,3457.26654,12.66398,1333.10268,4.88316,0.0,0.0,13742.0774062094,6.30700388466058,7843.98342,28.73254,4590.0,0.0,4700.0,838000.0,0.0,182.6,0.0
2023,INDIANA,MONTGOMERY,294.76809231364655,0.224240108833563,29008.80528,106.25936,12103.44408,44.33496,0.0,0.0,18698.796874848973,8.581918224013425,81753.44268,299.46316,112500.0,0.0,114000.0,25650000.0,0.0,228.0,0.0
2023,INDIANA,MORGAN,68.13892151655888,0.0518601280159686,11970.37842,43.84754,5074.40388,18.58756,0.0,0.0,14642.26323945159,6.720149246846469,33433.59474,122.46738,33800.0,0.0,34600.0,6760000.0,0.0,200.0,0.0
2023,INDIANA,NEWTON,85.98501718175352,0.0654201112102789,22883.01288,83.82055999999999,10949.14002,40.10674,0.0,0.0,15035.382369758068,7.427515311534675,76055.5614,278.5918,101700.0,0.0,104000.0,22303000.0,0.0,219.3,0.0
2023,INDIANA,NOBLE,135.10587205294306,0.1027801091201198,16457.985180000003,60.28566,7452.37584,27.29808000000001,0.0,0.0,15303.159168022472,7.559797698524916,51948.14898,190.28626,62100.0,0.0,62500.0,12128000.0,0.0,195.3,0.0
2023,INDIANA,OHIO,11.927768442310512,0.0090800284925726,596.40672,2.1846400000000004,570.71742,2.09054,0.0,0.0,3293.0848840226345,1.6267919096928871,3395.07168,12.43616,2440.0,0.0,2500.0,403000.0,0.0,165.2,0.0
2023,INDIANA,OWEN,16.815642274420867,0.0127801305681695,6062.63658,22.20746,2429.3833200000004,8.898840000000002,0.0,0.0,14448.5523635705,7.137619866973641,14690.27196,53.81052,21500.0,0.0,22000.0,4124000.0,0.0,191.8,0.0
2023,INDIANA,PIKE,31.014515358338617,0.0236201079215061,12242.39016,44.84392,5423.32518,19.865660000000005,0.0,0.0,12876.075844087767,6.360812657269489,33712.103879999995,123.48756,32400.0,0.0,33200.0,6451000.0,0.0,199.1,0.0
2023,INDIANA,PORTER,47.33920072982354,0.0360201400082647,12756.92418,46.72866,6404.77656,23.46072000000001,0.0,0.0,13804.74857164938,6.8195792342501,47406.3954,173.64979999999997,52700.0,0.0,54000.0,10630000.0,0.0,201.7,0.0
2023,INDIANA,POSEY,347.704237927476,0.2645401316998297,27255.35904,99.83648,13083.65058,47.92546,0.0,0.0,15263.277517195498,7.0051672500481335,77538.49194,284.02378,78600.0,0.0,79400.0,15626000.0,0.0,198.8,0.0
2023,INDIANA,PULASKI,155.75235768181523,0.1184801281534346,25136.12556,92.07372,11957.29626,43.79962,0.0,0.0,16260.31878249501,7.462764958715494,84595.90776,309.87512,100800.0,0.0,103000.0,19868000.0,0.0,197.1,0.0
2023,INDIANA,PUTNAM,212.3402131672956,0.1615601111270966,17106.25098,62.66026,7178.15826,26.29362,0.0,0.0,17895.466467562987,8.840403783958983,47021.48178,172.23986,68500.0,0.0,70000.0,13858000.0,0.0,202.3,0.0
2023,INDIANA,RANDOLPH,9.380149777533584,0.0071201701189315,26061.61194,95.46378,8361.18192,30.62704,0.0,0.0,16830.056653049665,8.314088754799913,62517.349440000005,229.00128,102000.0,0.0,103500.0,19706000.0,0.0,193.2,0.0
2023,INDIANA,RIPLEY,44.77858909437885,0.0340601676775407,7340.14554,26.88698,4414.3827,16.1699,0.0,0.0,16573.674616522338,7.606581385014939,29018.54592,106.29504,42800.0,0.0,43700.0,7743000.0,0.0,180.9,0.0
2023,INDIANA,RUSH,45.66892323679352,0.034740133169745,22062.90996,80.81652,9520.36722,34.87314,0.0,0.0,15337.343438271437,7.039160222008532,64344.50022,235.69414,103400.0,0.0,106000.0,22903000.0,0.0,221.5,0.0
2023,INDIANA,SCOTT,43.18789915439234,0.0328600588757981,3147.8701799999994,11.53066,1757.28462,6.43694,0.0,0.0,7007.775792090114,3.2162582000572697,10335.84006,37.86022,12900.0,0.0,14300.0,2485000.0,0.0,192.6,0.0
2023,INDIANA,SHELBY,173.7982510996078,0.1322200901195709,24288.2913,88.9681,10377.4398,38.0126,0.0,0.0,15086.658777528375,6.9241070839424586,69823.3536,255.7632,82800.0,0.0,84800.0,16610000.0,0.0,200.6,0.0
2023,INDIANA,ST. JOSEPH,137.03487393758488,0.1042601043474333,18116.1981,66.35969999999999,9104.04222,33.34814,0.0,0.0,13576.85342406668,6.2311734067488205,65394.26166,239.53942,62800.0,0.0,64100.0,11561000.0,0.0,184.1,0.0
2023,INDIANA,STARKE,52.21785003773511,0.0397201022250978,15317.79522,56.10914,8183.0658,29.9746,0.0,0.0,11611.257775439586,5.329052204465288,59720.2242,218.7554,52900.0,0.0,54200.0,9998000.0,0.0,189.0,0.0
2023,INDIANA,STEUBEN,102.84339181768893,0.0782401093344148,10795.89966,39.54542,4441.47522,16.26914,0.0,0.0,11981.587390987794,5.918933194679013,31604.800499999998,115.7685,39800.0,0.0,40700.0,7275000.0,0.0,182.8,0.0
2023,INDIANA,SULLIVAN,419.2008312575289,0.3189200919413764,24639.78972,90.25564,10715.80692,39.25204,0.0,0.0,16892.727818925436,7.753012650644437,71578.15392000001,262.19104,68500.0,0.0,70200.0,13645000.0,0.0,199.2,0.0
2023,INDIANA,SWITZERLAND,3.492624905223698,0.0026600850688884,683.19888,2.5025599999999995,946.48008,3.46696,0.0,0.0,8340.9624050131,4.120455632759991,5391.9138,19.7506,5850.0,0.0,6000.0,1059000.0,0.0,181.0,0.0
2023,INDIANA,TIPPECANOE,131.01310031958283,0.0996801198223737,25265.84424,92.54888,11030.54862,40.40494,0.0,0.0,17194.688894120984,7.891599388149936,73648.97358,269.77646000000004,84200.0,0.0,85300.0,18726000.0,0.0,222.4,0.0
2023,INDIANA,TIPTON,24.740427084312028,0.0188200835498739,16446.44274,60.24338,6606.747420000001,24.20054,0.0,0.0,9594.385717589532,4.403397405142449,45027.38058,164.93545999999998,67100.0,0.0,67800.0,14010000.0,0.0,208.8,0.0
2023,INDIANA,UNION,0.1732382621018848,0.0001400564854503,7065.6986400000005,25.88168,3165.06918,11.593660000000002,0.0,0.0,6118.984716227064,2.8083425259986288,21126.41076,77.38612,32200.0,0.0,33000.0,7142000.0,0.0,221.8,0.0
2023,INDIANA,VANDERBURGH,89.3985133383143,0.068000039392086,10595.8671,38.8127,4565.55372,16.72364,0.0,0.0,6569.077631540773,3.0149152064915423,28439.19624,104.17288,27100.0,0.0,27800.0,5051000.0,0.0,186.4,0.0
2023,INDIANA,VIGO,255.1048381584412,0.1941000612688985,17170.40598,62.89526,6921.822180000001,25.35466,0.0,0.0,14277.631002447682,6.55279922637453,46886.5215,171.7455,46800.0,0.0,48000.0,9304000.0,0.0,198.8,0.0
2023,INDIANA,WABASH,114.62661904380722,0.0872001323155447,21470.25972,78.64564,7736.47056,28.33872,0.0,0.0,15365.830333026654,7.590757405848127,55833.4413,204.5181,77700.0,0.0,78600.0,16068000.0,0.0,206.8,0.0
2023,INDIANA,WARRICK,76.80446806049285,0.0584000950847747,9574.40484,35.071079999999995,3608.66688,13.21856,0.0,0.0,13827.53808582659,6.346226545281585,21515.80158,78.81246,34700.0,0.0,35600.0,6760000.0,0.0,194.8,0.0
2023,INDIANA,WAYNE,13.816662109130537,0.0105001439971066,17024.705879999998,62.36156,6500.52312,23.81144,0.0,0.0,14374.486440606124,7.101031121616066,45319.90554,166.00698,63700.0,0.0,65100.0,12371000.0,0.0,194.2,0.0
2023,INDIANA,WELLS,99.35559563576058,0.0755601094020675,21272.77152,77.92224,7145.26722,26.17314,0.0,0.0,13616.735075329443,6.249477315394199,50045.1588,183.3156,80600.0,0.0,82300.0,16573000.0,0.0,205.6,0.0
2023,INDIANA,WHITE,238.90779916653892,0.1817601135963177,29945.069700000004,109.6889,13492.37526,49.42262,0.0,0.0,19017.85007027936,9.3948640025005,91720.77642,335.97354,122900.0,0.0,126000.0,24297000.0,0.0,197.7,0.0
2023,INDIANA,WHITLEY,82.71914835033164,0.0629200980790408,16351.35138,59.89506,5805.46512,21.26544,0.0,0.0,12517.140987226076,5.74481241064813,41260.88148,151.13876,58100.0,0.0,59300.0,10568000.0,0.0,181.9,0.0
2023,IOWA,ALLAMAKEE,111.85067842094044,0.085100196798053,13833.16116,50.67092,7491.2838,27.440600000000003,0.0,0.0,23809.345558809917,11.761874380486828,51650.191320000005,189.19484,78000.0,10000.0,93200.0,14344000.0,175000.0,183.9,17.5
2023,IOWA,APPANOOSE,1157.8656936398354,0.880860095962266,14456.04342,52.95254,6579.551159999999,24.10092,0.0,0.0,18932.389397925406,9.352646223342466,39729.98484,145.53108,36000.0,0.0,38500.0,6221000.0,0.0,172.8,0.0
2023,IOWA,AUDUBON,159.22126100914272,0.1211601234969957,24224.71506,88.73522,9303.9765,34.080499999999994,0.0,0.0,16613.55626066713,8.20713703652443,67860.80028,248.57436,104000.0,0.0,107500.0,20550000.0,0.0,197.6,0.0
2023,IOWA,BENTON,606.5467669388568,0.4614601633874723,39948.363,146.33100000000002,16212.36708,59.38596,0.0,0.0,26817.561509225765,13.2479403469273,111403.95084,408.07308,183500.0,0.0,192000.0,36645000.0,0.0,199.7,0.0
2023,IOWA,BOONE,171.6410299688961,0.130620170401082,31763.99226,116.35162,12710.55786,46.55882000000001,0.0,0.0,21325.288451756416,10.534744152360592,91583.29908,335.46996,148700.0,0.0,150000.0,33681000.0,0.0,226.5,0.0
2023,IOWA,BREMER,179.10069810590323,0.1362401141121966,23139.90588,84.76156,10069.8234,36.8858,0.0,0.0,16191.950239963377,7.998862641021793,69479.19342,254.50254,117300.0,2980.0,121000.0,23448000.0,55000.0,199.9,18.5
2023,IOWA,BUCHANAN,363.3399521872053,0.2764201557560905,33114.76896,121.29952,14729.26182,53.95334,0.0,0.0,21325.28845233748,10.534744152647637,101658.45144,372.37528,182000.0,0.0,185500.0,34707000.0,0.0,190.7,0.0
2023,IOWA,BUENA VISTA,151.53136988151678,0.1153001704657218,29950.0656,109.7072,10896.31452,39.91324,0.0,0.0,21536.09145005132,9.88411056209775,90803.2944,332.6128,155100.0,0.0,162000.0,32881000.0,0.0,212.0,0.0
2023,IOWA,BUTLER,269.8242526644946,0.2052801588769378,34377.524999999994,125.925,14136.09834,51.78058,0.0,0.0,21803.868260517967,10.00700823862168,99883.6566,365.8742,156800.0,0.0,160500.0,28710000.0,0.0,183.1,0.0
2023,IOWA,CALHOUN,161.5425576026253,0.1229001773585993,35647.69572,130.57764,13486.07988,49.39956,0.0,0.0,21313.89368784037,9.782131646683249,101647.98462,372.33694,158000.0,0.0,168000.0,31853000.0,0.0,201.6,0.0
2023,IOWA,CARROLL,168.65549410507236,0.1283201639942233,33005.12669999999,120.8979,12877.885020000002,47.17174,0.0,0.0,21336.683201145992,9.792591022271042,95802.28476,350.92412,165100.0,0.0,173500.0,32475000.0,0.0,196.7,0.0
2023,IOWA,CEDAR,254.4472074823193,0.1935801625099444,31820.98374,116.56038,14250.8457,52.2009,0.0,0.0,21707.01281582261,10.723316912877166,96030.44178,351.75986,149800.0,0.0,152000.0,30814000.0,0.0,205.7,0.0
2023,IOWA,CHEROKEE,78.08789718402464,0.0594201941852915,26009.91666,95.27442,9409.458240000002,34.46688,0.0,0.0,21655.736415315536,10.697986246817573,81673.18614,299.16918000000004,141100.0,2380.0,148500.0,29871000.0,51000.0,211.7,21.5
2023,IOWA,CHICKASAW,183.2942274504408,0.1394401428895484,23631.1257,86.5609,9874.70484,36.17108,0.0,0.0,18892.507747679498,8.670822920976569,69546.55344,254.74928,136100.0,7370.0,147000.0,27070000.0,129000.0,198.9,17.5
2023,IOWA,CLAY,356.2941469576059,0.271060159332306,28114.85586,102.98482,9998.73966,36.62542,0.0,0.0,21234.1303879296,9.745523830592555,83786.80128000001,306.91136,140800.0,4130.0,145000.0,28709000.0,85000.0,203.9,20.5
2023,IOWA,CLAYTON,223.95409288021187,0.1704002459435466,22782.952920000003,83.45404,12723.90756,46.60772,0.0,0.0,29227.552684599,14.438481825390287,86576.5173,317.1301,124900.0,0.0,140500.0,25117000.0,0.0,201.1,0.0
2023,IOWA,CLINTON,245.62829122569028,0.186860174946125,36147.07278,132.40686000000002,17486.8239,64.0543,0.0,0.0,25894.586151928368,11.884466272770002,115067.57808,421.49296,182000.0,0.0,187500.0,36036000.0,0.0,198.0,0.0
2023,IOWA,CRAWFORD,210.07398948488975,0.1598002109770568,37429.08078,137.10286,14490.76356,53.07972,0.0,0.0,26743.495580305527,12.274078039916684,110723.5038,405.5806,189900.0,0.0,197500.0,35682000.0,0.0,187.9,0.0
2023,IOWA,DALLAS,412.49656933838537,0.3138201679405837,32068.79676,117.46812,13157.12034,48.19458,0.0,0.0,21330.985830591257,10.537558671306016,90333.51054,330.89198000000005,121300.0,0.0,122500.0,25582000.0,0.0,210.9,0.0
2023,IOWA,DAVIS,820.0976258894035,0.6239201569454034,15471.161159999998,56.67092,6911.1315,25.315500000000004,0.0,0.0,18881.11299208712,8.665593233669362,41451.3645,151.8365,47700.0,2950.0,50900.0,8577000.0,50000.0,179.8,17.0
2023,IOWA,DECATUR,1532.214458011557,1.165700112325364,15891.87054,58.21198,6946.68702,25.44574,0.0,0.0,20031.98348355928,9.19379173276793,42635.19624,156.17288000000002,40700.0,0.0,43100.0,8356000.0,0.0,205.3,0.0
2023,IOWA,DELAWARE,213.24299442142572,0.162240163138544,24603.47526,90.12262,13277.18028,48.63436,0.0,0.0,21667.13116499564,9.944251977894549,87386.73216,320.09792,171700.0,8170.0,187500.0,34151000.0,163000.0,198.9,20.0
2023,IOWA,DES MOINES,439.846292583311,0.3346401115119537,19207.74492,70.35804,8631.883259999999,31.61862,0.0,0.0,15525.356939820898,7.669563936032864,56525.70378,207.05386,73200.0,0.0,74200.0,15218000.0,0.0,207.9,0.0
2023,IOWA,DICKINSON,223.33209717523343,0.1699001113049251,17563.30758,64.33446,6226.92798,22.809259999999995,0.0,0.0,14727.723919214044,7.275531291711203,51701.75556,189.38372,90900.0,0.0,92500.0,18298000.0,0.0,201.3,0.0
2023,IOWA,DUBUQUE,195.503455489116,0.1487401662544462,21644.45556,79.28372,14174.13816,51.91992,0.0,0.0,22031.763400256365,10.883744488245195,93690.77172,343.18964000000005,122200.0,12300.0,148500.0,24379000.0,258000.0,199.5,21.0
2023,IOWA,FAYETTE,355.82922616090457,0.270700196630275,30237.55644,110.76028,13443.89592,49.24504,0.0,0.0,27677.86569338416,13.672932697854565,94103.19828,344.70036000000005,180200.0,6120.0,189000.0,37103000.0,129000.0,205.9,21.0
2023,IOWA,FLOYD,241.35256616004185,0.1836201573837747,26712.11088,97.84656,10940.1201,40.0737,0.0,0.0,18710.19162714384,8.587147909807218,78776.09376,288.55712,127300.0,11000.0,139500.0,24416000.0,226000.0,191.8,20.5
2023,IOWA,FRANKLIN,375.2812111748135,0.2855001729018352,35409.92364,129.70667999999998,14381.37246,52.67902,0.0,0.0,21803.86824889679,10.771163731433024,104287.53426,382.00562,188500.0,0.0,191000.0,39679000.0,0.0,210.5,0.0
2023,IOWA,FREMONT,897.2047639100235,0.6826001493636915,29278.485600000004,107.2472,12924.75912,47.34344,0.0,0.0,19405.27182494683,9.586251287775148,83281.05786,305.05882,117400.0,0.0,119000.0,24771000.0,0.0,211.0,0.0
2023,IOWA,GREENE,214.04675021425683,0.1628601502233783,35089.7547,128.5339,13903.518719999998,50.92864,0.0,0.0,21507.604563430927,9.871036344913124,100044.36624,366.46288,161200.0,0.0,163500.0,33530000.0,0.0,208.0,0.0
2023,IOWA,GRUNDY,142.15606307649807,0.108160146544685,31891.068300000003,116.8171,12960.45114,47.47418,0.0,0.0,18590.546679020863,8.532236186471222,91487.6508,335.11960000000005,156500.0,0.0,158500.0,33319000.0,0.0,212.9,0.0
2023,IOWA,HAMILTON,262.92298862211595,0.2000401652079698,36617.39172,134.12964,14616.84588,53.54156,0.0,0.0,21564.57834408022,10.65295393881108,107116.01628,392.36636,179400.0,0.0,181000.0,38661000.0,0.0,215.5,0.0
2023,IOWA,HANCOCK,382.9380490276475,0.2913201660398428,32722.893840000004,119.86408000000002,12806.14608,46.90896,0.0,0.0,21724.10495900929,10.731760473014443,99232.2786,363.4882,182100.0,0.0,184000.0,37312000.0,0.0,204.9,0.0
2023,IOWA,HARDIN,262.519724313939,0.1997201293275491,35399.800800000005,129.6696,14801.37204,54.21748,0.0,0.0,21023.327378739843,9.648774601305202,105861.07896,387.76952,178400.0,0.0,180500.0,38053000.0,0.0,213.3,0.0
2023,IOWA,HARRISON,431.9832602119053,0.3286602039646289,38348.09706,140.46922,19009.13742,69.63054,0.0,0.0,26116.783931861617,11.98644519631825,126587.0697,463.6889,172100.0,0.0,175000.0,32751000.0,0.0,190.3,0.0
2023,IOWA,HENRY,723.581252797755,0.5504801116816962,21047.30628,77.09636,9496.97658,34.78746,0.0,0.0,16340.082095189076,8.072040136329658,60432.63954,221.36498,76000.0,0.0,77300.0,14828000.0,0.0,195.1,0.0
2023,IOWA,HOWARD,155.55490292892014,0.1183601280104191,21732.95124,79.60788,8573.15004,31.403480000000005,0.0,0.0,17838.492684879988,8.812258597303462,62383.64496,228.51152,125900.0,0.0,133000.0,23153000.0,0.0,183.9,0.0
2023,IOWA,HUMBOLDT,230.99440054898352,0.1757401377249077,27271.32408,99.89496,10493.87976,38.43912,0.0,0.0,16476.81917400595,8.13958858448949,78291.03282,286.78034,128200.0,0.0,129500.0,26384000.0,0.0,205.8,0.0
2023,IOWA,IDA,66.31648638261366,0.0504401589603367,20740.80372,75.97364,7665.67074,28.07938,0.0,0.0,16129.279077719224,7.967902935062042,64151.33634,234.98658,116800.0,0.0,126500.0,23126000.0,0.0,198.0,0.0
2023,IOWA,IOWA,740.8753468641339,0.5636400691672391,27908.94288000001,102.23056,12609.38952,46.18824,0.0,0.0,22031.763396334223,10.88374448630765,83312.60028000001,305.17436,116700.0,0.0,119000.0,24915000.0,0.0,213.5,0.0
2023,IOWA,JACKSON,218.66669191013293,0.1663601733898595,23398.9119,85.7103,13907.91948,50.94476,0.0,0.0,23940.385260099345,11.826608310347092,92415.7416,338.5192,106400.0,0.0,118500.0,20173000.0,0.0,189.6,0.0
2023,IOWA,JASPER,802.9907779950767,0.6109001308124035,39723.71676,145.50812000000002,16648.92138,60.98506,0.0,0.0,26994.180237416967,12.389131176316006,113120.81508,414.36196,167200.0,0.0,169500.0,36450000.0,0.0,218.0,0.0
2023,IOWA,JEFFERSON,588.5820954901951,0.4478001050088046,18474.89826,67.67362,8052.3261,29.4957,0.0,0.0,16528.095590637415,7.585662634172703,49701.60468,182.05716,70500.0,0.0,72500.0,13755000.0,0.0,195.1,0.0
2023,IOWA,JOHNSON,515.9716020985104,0.3925601242436753,25208.12112,92.33744,11459.43162,41.97594,0.0,0.0,22094.43457295958,10.91470419937175,72820.78986,266.74282,104300.0,1470.0,106000.0,21183000.0,25700.0,203.1,17.5
2023,IOWA,JONES,257.9788091931198,0.1962801669889054,25576.867680000003,93.68816,13130.73216,48.09792,0.0,0.0,21473.420298411493,9.855347283798215,86563.66992,317.08304,138600.0,0.0,147000.0,26431000.0,0.0,190.7,0.0
2023,IOWA,KEOKUK,925.8474394485884,0.7043801354672747,28789.91934,105.45758,12791.021879999998,46.85356,0.0,0.0,21712.71020192068,10.726131435410643,82222.94808,301.18296,119100.0,0.0,121000.0,25202000.0,0.0,211.6,0.0
2023,IOWA,LEE,398.27014217356185,0.3029801437518747,18487.0959,67.7183,8395.58538,30.75306,0.0,0.0,19581.89056708345,8.987219051741658,52541.0613,192.4581,74000.0,1470.0,75600.0,15074000.0,22800.0,203.7,15.5
2023,IOWA,LINN,399.9951452229762,0.3043201342168447,31911.767160000003,116.89292,13939.75128,51.06136,0.0,0.0,24327.807014621547,12.017995595549976,92645.02884,339.35907999999995,143600.0,0.0,147000.0,25776000.0,0.0,179.5,0.0
2023,IOWA,LUCAS,722.1351393296251,0.5494001197226066,13078.90584,47.90808,5665.56354,20.75298,0.0,0.0,16197.64761842052,7.434001674709,35223.50832,129.02384,34800.0,0.0,36100.0,6052000.0,0.0,173.9,0.0
2023,IOWA,LYON,124.30337732146646,0.0945601737978864,21977.05692,80.50204,9551.27628,34.98636,0.0,0.0,21969.092239029065,10.082838714866686,79234.2369,290.2353,151800.0,19100.0,185500.0,30390000.0,400000.0,200.2,21.0
2023,IOWA,MADISON,750.4244214313148,0.5709201413870915,20945.379,76.72300000000001,8864.501100000001,32.4707,0.0,0.0,21085.998544325084,10.416534358446947,55407.40842000001,202.95754,64000.0,0.0,64800.0,12928000.0,0.0,202.0,0.0
2023,IOWA,MAHASKA,617.4775118294287,0.4697601569462379,29374.51062,107.59894,13014.19938,47.67106,0.0,0.0,21575.97311002997,9.902414474743331,85619.85432,313.62584000000004,125100.0,0.0,128000.0,26884000.0,0.0,214.9,0.0
2023,IOWA,MARION,364.2524767992731,0.277120124073904,21569.85012,79.01044,9327.045000000002,34.165,0.0,0.0,20516.260674206223,9.416053479109328,59254.79742,217.05054,74000.0,0.0,75300.0,15074000.0,0.0,203.7,0.0
2023,IOWA,MARSHALL,428.8461329897957,0.3262401093572299,34047.2223,124.7151,13560.98562,49.67394,0.0,0.0,21125.88019631417,9.695841794983789,95097.13122,348.34114,134700.0,12700.0,147500.0,29136000.0,318000.0,216.3,25.0
2023,IOWA,MILLS,488.8264579988368,0.3719001291888247,24269.1813,88.8981,10473.9726,38.3662,0.0,0.0,16191.950242432877,7.998862642241732,69943.93770000001,256.20489999999995,94500.0,0.0,95500.0,19306000.0,0.0,204.3,0.0
2023,IOWA,MITCHELL,210.9957446786496,0.1605201349463038,23446.33746,85.88402,9603.9762,35.1794,0.0,0.0,17912.55860581066,8.848847341656379,72132.48588,264.22156,143600.0,0.0,151500.0,24670000.0,0.0,171.8,0.0
2023,IOWA,MONONA,437.3604030582092,0.3327402142658277,37788.7146,138.4202,20135.21328,73.75536,0.0,0.0,26287.705292984432,12.98619009260985,136502.76822,500.01014,165800.0,0.0,170000.0,27423000.0,0.0,165.4,0.0
2023,IOWA,MONROE,452.6892952751634,0.3444201052206211,12670.31766,46.41142000000001,5483.10126,20.08462,0.0,0.0,16106.489568524596,7.39216417388457,33754.22232,123.64184,28300.0,1370.0,29700.0,5125000.0,25300.0,181.1,18.5
2023,IOWA,MONTGOMERY,391.55505502340566,0.2978801202331803,21845.9241,80.02170000000001,9114.55272,33.38664,0.0,0.0,15525.356943670417,7.125450080074985,59951.91384,219.60408000000004,93400.0,0.0,94500.0,19259000.0,0.0,206.2,0.0
2023,IOWA,MUSCATINE,343.65945136869993,0.2614201066102292,21625.8315,79.2155,10247.48634,37.53658,0.0,0.0,16436.93752230739,7.543825124887839,66291.4434,242.8258,87300.0,0.0,88700.0,18499000.0,0.0,211.9,0.0
2023,IOWA,O BRIEN,218.2845498458657,0.1660601690157709,26701.2564,97.8068,9694.68864,35.51168,0.0,0.0,21348.07796477151,10.546002226994098,85274.42196,312.36051999999995,163700.0,5020.0,170500.0,34819000.0,128000.0,212.7,25.5
2023,IOWA,OSCEOLA,144.05626175745155,0.1095801439538081,18678.69822,68.42014,6963.07794,25.50578,0.0,0.0,15365.830339127771,7.052234445726825,59448.04866000001,217.75842,110300.0,0.0,118000.0,22468000.0,0.0,203.7,0.0
2023,IOWA,PAGE,765.6526027575674,0.5825001283440593,26764.49412,98.03844,11001.28848,40.29776,0.0,0.0,19957.91756582444,9.859259622466997,70696.26564,258.96068,110800.0,0.0,112000.0,22891000.0,0.0,206.6,0.0
2023,IOWA,PALO ALTO,397.4215656042564,0.3023601552138276,31163.119260000003,114.15062,11674.70304,42.764480000000006,0.0,0.0,21667.1311655767,9.944251978161228,94200.08598,345.05526,157900.0,0.0,160000.0,33427000.0,0.0,211.7,0.0
2023,IOWA,PLYMOUTH,171.9321160491432,0.130800258818328,38135.94876000001,139.69212,15471.38502,56.67174,0.0,0.0,32514.940193563685,16.062459218003546,127374.12324,466.57188,212000.0,0.0,234000.0,43608000.0,0.0,205.7,0.0
2023,IOWA,POCAHONTAS,147.86117275108768,0.1124801594737797,33046.660919999995,121.05004,12242.40108,44.84396,0.0,0.0,21518.9993256038,9.876266035240484,94912.45764,347.66468000000003,176200.0,0.0,178500.0,38429000.0,0.0,218.1,0.0
2023,IOWA,POLK,297.92138984775244,0.2266601035255145,24007.64184,87.94008,10145.96856,37.16472,0.0,0.0,16647.74053934145,7.64057435777538,68495.79282,250.90034,72700.0,0.0,73500.0,15005000.0,0.0,206.4,0.0
2023,IOWA,POTTAWATTAMIE,532.1583678191054,0.4048802295461839,51512.8887,188.6919,22489.49430000001,82.3791,0.0,0.0,34793.89167883287,17.188266772131882,151515.06551999995,555.00024,237500.0,0.0,240500.0,47144000.0,0.0,198.5,0.0
2023,IOWA,POWESHIEK,631.4636308692484,0.4804201737325319,28829.30232,105.60184,11862.3414,43.4518,0.0,0.0,21906.421069812208,10.821825073383492,78837.18024,288.78088,138500.0,0.0,140500.0,28379000.0,0.0,204.9,0.0
2023,IOWA,SAC,130.00205493463176,0.0989001656318782,30710.65998,112.49326,11258.94588,41.24156,0.0,0.0,21507.60455747507,9.87103634217965,89459.24988,327.68956,159000.0,0.0,166500.0,31657000.0,0.0,199.1,0.0
2023,IOWA,SCOTT,265.44020809632343,0.2019400943382305,22186.70454,81.26998,10897.3137,39.9169,0.0,0.0,15690.580919203583,7.201280554953253,73152.60498,267.95826,102900.0,0.0,104500.0,21619000.0,0.0,210.1,0.0
2023,IOWA,SHELBY,198.40175433455127,0.1509401846785872,33515.46744,122.76728,14034.54234,51.40858,0.0,0.0,22145.710982908862,10.940034870095822,101338.1187,371.2019,162900.0,0.0,170500.0,31928000.0,0.0,196.0,0.0
2023,IOWA,SIOUX,145.99183121115595,0.1110802132266824,30021.02376,109.96712,13617.57852,49.88124,0.0,0.0,28338.761608881214,13.999416881027624,112384.56683999998,411.66508,191400.0,31200.0,245500.0,40462000.0,723000.0,211.4,23.0
2023,IOWA,STORY,352.9595809066669,0.2685201203083303,34563.89664,126.60768,14062.31736,51.51032,0.0,0.0,20573.234454564983,9.442201916745413,100691.82942,368.83454,150600.0,0.0,152500.0,31837000.0,0.0,211.4,0.0
2023,IOWA,TAMA,499.1618270426146,0.3797401368463622,39746.55048,145.59176000000002,16417.91424,60.13888,0.0,0.0,26982.785488463192,13.32956139289997,113749.07544,416.66328,162200.0,0.0,165500.0,32018000.0,0.0,197.4,0.0
2023,IOWA,TAYLOR,1258.6129624028952,0.957540123728445,21450.09048,78.57176000000001,8507.307900000002,31.1623,0.0,0.0,20037.68086166779,9.898662883827786,52981.45398,194.07126,81900.0,0.0,84500.0,15799000.0,0.0,192.9,0.0
2023,IOWA,UNION,1050.4068330050895,0.7991601135091078,15447.4866,56.5842,6685.27314,24.48818,0.0,0.0,15992.541994980198,7.339867292725437,42320.0232,155.0184,58000.0,0.0,59300.0,12586000.0,0.0,217.0,0.0
2023,IOWA,VAN BUREN,639.969098929167,0.4868801154852082,13632.34782,49.93534,5969.609100000001,21.8667,0.0,0.0,18180.33541409833,8.343967414223663,35789.08242,131.09554,49500.0,0.0,51500.0,9370000.0,0.0,189.3,0.0
2023,IOWA,WAPELLO,479.1183357070986,0.3645201070275109,14007.34608,51.30896,6181.05306,22.64122,0.0,0.0,16089.397428635428,7.3843196399402755,37422.8127,137.0799,57100.0,0.0,58400.0,11586000.0,0.0,202.9,0.0
2023,IOWA,WARREN,570.3332113474967,0.4339001048590779,19959.34122,73.11114,8511.998039999999,31.17948,0.0,0.0,21029.024748713528,10.388389165404682,52491.46266,192.27642000000003,58800.0,0.0,61900.0,11713000.0,0.0,199.2,0.0
2023,IOWA,WASHINGTON,916.8239182268144,0.6975001292138258,29177.89602,106.87874,13190.1588,48.3156,0.0,0.0,21120.18280556763,10.43342146630682,84469.14294,309.41078,113400.0,0.0,115500.0,21353000.0,0.0,188.3,0.0
2023,IOWA,WEBSTER,237.0914431073859,0.1803802150834772,43430.84928,159.08736000000002,16504.41702,60.45574,0.0,0.0,26378.863346933253,12.1067280211115,122603.52468,449.09716,192700.0,0.0,195000.0,41007000.0,0.0,212.8,0.0
2023,IOWA,WINNEBAGO,244.65627103283632,0.1861400894164654,22617.24738,82.84706,9077.56668,33.25116,0.0,0.0,15183.514211764672,7.500692800312273,71479.84662000001,261.83094,118200.0,0.0,120000.0,24976000.0,0.0,211.3,0.0
2023,IOWA,WINNESHIEK,209.30279949277036,0.1592401758218352,22835.09592,83.64504,11319.03318,41.46166,0.0,0.0,25774.941211504425,11.82955455296752,79693.24818,291.91666,143000.0,18200.0,165500.0,27928000.0,418000.0,195.3,23.0
2023,IOWA,WOODBURY,413.3609396016773,0.314480202405725,42767.49204,156.65748,18445.0539,67.5643,0.0,0.0,31888.228534951235,14.635282228435528,140654.51946,515.21802,190600.0,7450.0,211000.0,32078000.0,104000.0,168.3,14.0
2023,IOWA,WORTH,347.6338541050015,0.2644801012780395,23124.74892,84.70604,8763.96066,32.10242,0.0,0.0,15325.948681182828,7.033930534014624,66518.62308,243.65796,110100.0,0.0,111500.0,20655000.0,0.0,187.6,0.0
2023,IOWA,WRIGHT,540.836990344442,0.4114601723007547,36772.77786,134.69881999999998,14182.0224,51.9488,0.0,0.0,21678.5259206316,9.949481665221755,104770.36752,383.77424,169400.0,0.0,171000.0,34304000.0,0.0,202.5,0.0
2023,KANSAS,ALLEN,3694.21341692224,2.8105001269659,19361.82066,70.92241999999999,6847.17852,25.08124,0.0,0.0,18812.744449221376,9.293541328861403,26425.64106,96.79722,33700.0,0.0,34600.0,3259000.0,0.0,96.7,0.0
2023,KANSAS,ATCHISON,683.7425166268094,0.5201601274404644,18869.64534,69.11958,8140.35222,29.81814,0.0,0.0,16271.713543215232,7.467994648376152,45685.24506,167.34522,68800.0,0.0,69700.0,12604000.0,0.0,183.2,0.0
2023,KANSAS,BARTON,488.31282860227793,0.3715002010741271,22238.94582,81.46134,12324.86346,45.14602,0.0,0.0,33090.37543975735,15.187014326460162,74519.9091,272.9667,24600.0,0.0,31400.0,3095000.0,0.0,125.8,0.0
2023,KANSAS,BOURBON,4978.613007961546,3.78768007172252,17680.81224,64.76488,6300.58338,23.07906,0.0,0.0,23951.78002808281,11.832237353332976,23471.18592,85.97504,14400.0,0.0,18400.0,1670000.0,0.0,116.0,0.0
2023,KANSAS,BROWN,1609.185106184594,1.224240137599217,30455.80356,111.55972,12940.822440000002,47.40228,0.0,0.0,21393.656993125936,10.568518377409289,76424.82666,279.94442000000004,124200.0,0.0,126000.0,23427000.0,0.0,188.6,0.0
2023,KANSAS,BUTLER,344.999709872256,0.2624604405325324,8101.0293,29.6741,4471.77822,16.380139999999997,0.0,0.0,53162.240581261576,26.262275624398647,19739.66904,72.30648,59700.0,0.0,69200.0,5791000.0,0.0,97.0,0.0
2023,KANSAS,CHASE,15.403107219149584,0.0117202978713808,2194.04094,8.03678,1133.97648,4.15376,0.0,0.0,29466.84260369509,14.556691625066357,5147.3058,18.8546,6240.0,0.0,9600.0,687000.0,0.0,110.1,0.0
2023,KANSAS,CHAUTAUQUA,48.001151731809394,0.0365202219526986,460.65474,1.68738,1227.73014,4.49718,0.0,0.0,24276.53061125276,11.141850561987695,3854.29044,14.11828,1900.0,0.0,2200.0,175200.0,0.0,92.2,0.0
2023,KANSAS,CHEROKEE,3238.256248044213,2.4636200772119783,14788.99422,54.17214,8816.63328,32.295359999999995,0.0,0.0,21912.11845765345,10.824639596778104,29085.354480000005,106.53976,56500.0,0.0,57600.0,6695000.0,0.0,118.5,0.0
2023,KANSAS,CHEYENNE,1.0669131203672464,0.0008203863556378,12505.05984,45.80608,7946.52768,29.10816,0.0,0.0,37927.44995232796,17.407016938830154,57070.60632,209.04984,82200.0,0.0,89900.0,9264000.0,0.0,112.7,0.0
2023,KANSAS,CLOUD,637.3960830190672,0.4849202139289655,15677.0523,57.4251,8207.81598,30.06526,0.0,0.0,26857.44315424215,13.267641976172472,37261.0875,136.4875,66500.0,0.0,75300.0,4622000.0,0.0,69.5,0.0
2023,KANSAS,COFFEY,1831.4050132946213,1.393320180034844,14324.93244,52.47228,4279.35144,15.67528,0.0,0.0,23985.9642981865,11.849124465570275,17693.72514,64.81218,30900.0,0.0,34000.0,2837000.0,0.0,91.8,0.0
2023,KANSAS,COWLEY,779.2361114653509,0.5928603112755885,5277.39576,19.33112,3741.66702,13.70574,0.0,0.0,42149.20756488548,19.34461639162209,12607.02534,46.17958,28300.0,0.0,30400.0,3138000.0,0.0,110.9,0.0
2023,KANSAS,CRAWFORD,4829.44849451667,3.674180051159905,18640.13424,68.27888,10169.57214,37.25118,0.0,0.0,21758.289229694044,10.748647585538787,41397.34872,151.63864,41100.0,0.0,42700.0,4632000.0,0.0,112.7,0.0
2023,KANSAS,DECATUR,0.4839397305146587,0.0003603406560854,10433.33382,38.21734,5774.09742,21.150540000000003,0.0,0.0,33403.73127193981,15.330830751912895,40901.8428,149.8236,110500.0,0.0,114500.0,11437000.0,0.0,103.5,0.0
2023,KANSAS,DICKINSON,1287.7075602116906,0.9796601340463568,10458.73374,38.31038,5356.36374,19.62038,0.0,0.0,31717.30718603065,14.556836911927087,18845.33196,69.03052,20100.0,0.0,30600.0,2109000.0,0.0,104.9,0.0
2023,KANSAS,DOUGLAS,1875.2346787557376,1.4266400634928864,14260.591800000002,52.2366,6656.81562,24.38394,0.0,0.0,16379.963737154896,8.091741764067844,34539.29388,126.51756,29100.0,0.0,30400.0,3835000.0,0.0,131.8,0.0
2023,KANSAS,EDWARDS,168.14076595140995,0.1279202280818346,21931.00728,80.33336,18289.340160000003,66.99391999999999,0.0,0.0,23347.85788021932,11.533898349380983,101108.35098,370.36026,55500.0,0.0,69700.0,8731000.0,0.0,157.3,0.0
2023,KANSAS,ELK,179.90292960773525,0.1368802153864237,805.3336200000001,2.94994,1388.10126,5.08462,0.0,0.0,24418.96506877373,12.063027895117358,5094.8352,18.6624,4570.0,0.0,4900.0,452000.0,0.0,98.9,0.0
2023,KANSAS,ELLSWORTH,168.57311682023922,0.1282201705804214,6126.99906,22.44322,2614.04598,9.57526,0.0,0.0,27159.4042314714,13.416811479777444,15428.57316,56.51492,4050.0,0.0,4200.0,394000.0,0.0,97.3,0.0
2023,KANSAS,FRANKLIN,3530.822588443364,2.6862000279788343,19291.50678,70.66486,7186.89426,26.32562,0.0,0.0,21547.48621106208,10.644510383697083,33339.4971,122.1227,35500.0,0.0,38700.0,4161000.0,0.0,117.2,0.0
2023,KANSAS,GEARY,213.14337000181612,0.1621601003980002,2465.91618,9.032660000000002,1198.3062,4.3894,0.0,0.0,13981.367310880703,6.90682931926179,5122.68666,18.76442,11800.0,0.0,13200.0,1468000.0,0.0,124.4,0.0
2023,KANSAS,GOVE,1.6249204362375789,0.001240372539418,9609.58362,35.19994,4789.41372,17.54364,0.0,0.0,40337.441141937146,19.926793635291357,40905.49554,149.83698,86800.0,0.0,102000.0,5000000.0,0.0,57.6,0.0
2023,KANSAS,GRAHAM,2.5617397980374705,0.0019403408452258,9938.073600000002,36.4032,5292.4326,19.3862,0.0,0.0,33506.284086332846,16.552185502407834,36625.74552,134.16024,51300.0,0.0,55500.0,3258000.0,0.0,63.5,0.0
2023,KANSAS,GRANT,485.13850127812185,0.3691001391712892,23794.80558,87.16046,19184.13042,70.27154,0.0,0.0,21479.117672917444,10.61073616024149,120057.20454,439.76998,45300.0,0.0,56300.0,6813000.0,0.0,150.4,0.0
2023,KANSAS,GRAY,118.1213621889538,0.089840282319892,34498.666020000004,126.36874,28066.23456,102.80672,0.0,0.0,32731.440591611543,16.169410939077714,181895.84322,666.28514,74200.0,0.0,80600.0,15115000.0,0.0,203.7,0.0
2023,KANSAS,GREELEY,5.982927132735878,0.0045602976982472,11216.85474,41.08738,6172.73202,22.61074,0.0,0.0,29199.06580338246,14.424409237064282,55422.74556,203.01372,48700.0,0.0,53600.0,3448000.0,0.0,70.8,0.0
2023,KANSAS,GREENWOOD,150.0538231121396,0.1141604205339447,2285.69796,8.37252,1737.1536,6.363199999999999,0.0,0.0,43254.49902601309,21.36782729614368,7341.41772,26.89164,6080.0,0.0,8000.0,403000.0,0.0,66.3,0.0
2023,KANSAS,HARPER,2172.600272110493,1.6529000799153624,15259.58616,55.89592,6844.50312,25.07144,0.0,0.0,29991.00143103474,14.815627355465338,46106.74068,168.88916,2520.0,0.0,2800.0,256000.0,0.0,101.6,0.0
2023,KANSAS,HASKELL,351.7607926445629,0.2676201809067911,32774.66556,120.05372,30068.56398,110.14126,0.0,0.0,21786.776122313877,9.99916370545076,187761.19908,687.76996,78300.0,0.0,84100.0,14446000.0,0.0,184.5,0.0
2023,KANSAS,JACKSON,514.6259989506772,0.391500199612075,16556.085000000003,60.645,6670.13802,24.43274,0.0,0.0,24538.610021341807,11.26213338449416,34909.65114,127.87418,43700.0,0.0,45200.0,7460000.0,0.0,170.7,0.0
2023,KANSAS,JEFFERSON,1050.3667045172613,0.7991001511727545,19991.1075,73.2275,9279.19356,33.98972,0.0,0.0,20613.116113962576,10.182929292363768,50495.67978,184.96586,44800.0,0.0,49500.0,8301000.0,0.0,185.3,0.0
2023,KANSAS,JOHNSON,567.0332600629098,0.4313800685309099,8892.13962,32.57194,4387.47036,16.07132,0.0,0.0,11138.375343188633,5.112020146717828,21538.02378,78.89386,11400.0,0.0,11800.0,1546000.0,0.0,135.6,0.0
2023,KANSAS,KINGMAN,1333.413811416137,1.014440072980142,13711.17384,50.22408,6717.350640000001,24.60568,0.0,0.0,32475.058542155653,16.042757585600885,41717.70876,152.81212,12000.0,0.0,13000.0,1632000.0,0.0,136.0,0.0
2023,KANSAS,KIOWA,111.11569548689582,0.0845402592717147,12615.3846,46.2102,9561.70488,35.024559999999994,0.0,0.0,26937.20646451029,12.3629827421001,54303.93696,198.91552,30800.0,0.0,31200.0,4306000.0,0.0,139.8,0.0
2023,KANSAS,LABETTE,2796.013407937768,2.127160093649782,6281.58804,23.00948,11476.27026,42.03762,0.0,0.0,24498.72837734229,12.102431162764422,36009.933959999995,131.90452000000002,38100.0,0.0,39100.0,3612000.0,0.0,94.8,0.0
2023,KANSAS,LANE,11.270240704315722,0.0085802758293318,9906.5967,36.28790000000001,5199.27954,19.04498,0.0,0.0,27045.456648702693,12.412664774302025,40196.92404,147.24148,19100.0,0.0,31400.0,1259000.0,0.0,65.9,0.0
2023,KANSAS,LEAVENWORTH,674.4441926073222,0.5131201119164723,17936.465819999998,65.70134,7529.1216,27.579200000000004,0.0,0.0,16904.12257383507,7.758242337638293,39873.9705,146.05849999999998,24400.0,0.0,25000.0,3938000.0,0.0,161.4,0.0
2023,KANSAS,LINCOLN,216.05303607113345,0.1643601670636768,7438.2945,27.2465,3168.09402,11.60474,0.0,0.0,26863.140529053144,12.328989763539363,17838.032939999997,65.34078000000001,5280.0,0.0,8600.0,359000.0,0.0,68.0,0.0
2023,KANSAS,LOGAN,0.0450607493200419,4.037348655220504e-05,13031.99352,47.73624,6404.69466,23.46042,0.0,0.0,40439.993955444064,18.56016317135491,43386.91812,158.92644,103000.0,0.0,109000.0,8714000.0,0.0,84.6,0.0
2023,KANSAS,LYON,854.205730145427,0.6498602072392962,8146.074300000001,29.8391,3019.69668,11.06116,0.0,0.0,31620.451743514277,15.620579756920057,14021.73864,51.36168000000001,26100.0,0.0,31600.0,2446000.0,0.0,93.7,0.0
2023,KANSAS,MARION,1140.656134931078,0.8678000817333729,11328.71376,41.49712,5983.6413,21.9181,0.0,0.0,35551.64304076846,17.562597780462823,21784.20972,79.79564,59300.0,0.0,76800.0,5373000.0,0.0,90.6,0.0
2023,KANSAS,MARSHALL,1372.5997969442926,1.0442402624333698,20663.5611,75.6907,7939.78458,29.08346,0.0,0.0,34229.851183190905,16.909629400984418,36883.86156,135.10572000000002,151000.0,0.0,156000.0,20502000.0,0.0,135.8,0.0
2023,KANSAS,MCPHERSON,4001.635632006317,3.044400037009946,23080.00968,84.54216000000001,11915.54364,43.64668,0.0,0.0,33665.81068638681,15.451113576419468,58458.8277,214.1349,53100.0,0.0,55500.0,4975000.0,0.0,93.7,0.0
2023,KANSAS,MEADE,2.069809645725716,0.0015803391227944,25260.24228,92.52836,21135.47436,77.41932,0.0,0.0,36765.184708836925,18.162090304104503,128610.58392,471.10104,66600.0,0.0,73400.0,14059000.0,0.0,211.1,0.0
2023,KANSAS,MIAMI,3395.5289775142387,2.5832801286359386,17835.21558,65.33046,8320.341120000001,30.47744,0.0,0.0,21769.68398416788,9.991319172306506,39255.44532,143.79283999999998,19800.0,0.0,21600.0,2713000.0,0.0,137.0,0.0
2023,KANSAS,MITCHELL,349.4031631637628,0.2658202145756226,13775.65098,50.46026,6119.797320000001,22.41684,0.0,0.0,26544.087324718024,13.112843437331817,34479.99828000001,126.30036,23500.0,0.0,46100.0,1445000.0,0.0,61.5,0.0
2023,KANSAS,MONTGOMERY,2075.95186192818,1.5793601408986382,3860.77146,14.14202,9734.9616,35.6592,0.0,0.0,23758.06914246898,10.903899748511082,38552.19732000001,141.21684,24500.0,0.0,25000.0,2901000.0,0.0,118.4,0.0
2023,KANSAS,MORRIS,81.20209565719469,0.0617602584355017,3607.92432,13.215839999999998,1593.8231400000002,5.83818,0.0,0.0,26526.99518617982,13.104399879490902,6258.350280000001,22.92436,17300.0,0.0,23400.0,1450000.0,0.0,83.8,0.0
2023,KANSAS,NEMAHA,1727.71458005902,1.3144201812191894,21081.51864,77.22167999999999,8715.9345,31.9265,0.0,0.0,27182.193738821166,12.475421032549033,43982.71332,161.10884,119700.0,0.0,132000.0,20286000.0,0.0,169.5,0.0
2023,KANSAS,NEOSHO,3799.733250451865,2.8908000992194625,15343.79028,56.20436,8723.054339999999,31.95258,0.0,0.0,21581.67048668584,10.66139749866131,31408.16406,115.04822,34700.0,0.0,35100.0,3008000.0,0.0,86.7,0.0
2023,KANSAS,OSAGE,1005.954056818176,0.7653201921078853,15192.46092,55.65004,4832.6187,17.701900000000002,0.0,0.0,26846.04840180201,13.262012940865032,21757.51032,79.69784,35900.0,0.0,37600.0,3629000.0,0.0,101.1,0.0
2023,KANSAS,OTTAWA,744.8989563148749,0.5667201224036597,9338.13426,34.20562,4542.13578,16.63786,0.0,0.0,27222.075396185057,13.447771186957135,19428.59646,71.16702,23400.0,0.0,26200.0,2190000.0,0.0,93.6,0.0
2023,KANSAS,PRATT,600.5914689737178,0.45690013862617,23961.5922,87.77140000000001,17215.30902,63.05974,0.0,0.0,27364.50985819471,12.559096043185022,100237.6557,367.1709,58800.0,0.0,61200.0,10655000.0,0.0,181.2,0.0
2023,KANSAS,RAWLINS,0.3740992408644703,0.0002803688040428,10204.49976,37.37912,5576.45634,20.42658,0.0,0.0,39950.0193858025,18.33528658080988,38479.03332,140.94884000000002,110400.0,0.0,116000.0,11493000.0,0.0,104.1,0.0
2023,KANSAS,RENO,2655.636985630605,2.020360052766432,29322.43314,107.40818,15401.8683,56.4171,0.0,0.0,47071.74275920868,21.60384166559313,77066.47494,282.29477999999995,46300.0,0.0,48300.0,8644000.0,0.0,186.7,0.0
2023,KANSAS,RICE,1132.1354621417454,0.8613200724079114,17130.5316,62.7492,9039.60876,33.11212,0.0,0.0,27370.20723150948,12.561710884781853,49139.22468000001,179.99715999999998,33200.0,0.0,35900.0,3733000.0,0.0,112.4,0.0
2023,KANSAS,RILEY,550.4065737349176,0.418740183091131,4643.62626,17.00962,2167.72374,7.940380000000001,0.0,0.0,22624.290788329323,10.383545782183417,9996.937859999998,36.61882,26200.0,0.0,27200.0,3760000.0,0.0,143.5,0.0
2023,KANSAS,ROOKS,13.04877899217068,0.0099403058339837,8252.67534,30.22958,3702.6717,13.5629,0.0,0.0,33449.31030184857,16.524040314862475,24439.15656,89.52072000000001,12200.0,0.0,24300.0,870000.0,0.0,71.3,0.0
2023,KANSAS,RUSSELL,43.63281627630401,0.0331803281007977,7261.526999999999,26.599,3051.05346,11.17602,0.0,0.0,33625.92904514731,16.611290401883476,19122.07752,70.04424,3050.0,0.0,6800.0,167800.0,0.0,55.0,0.0
2023,KANSAS,SALINE,1366.6424124527657,1.0397200833036222,9367.438079999998,34.31296,4714.37148,17.26876,0.0,0.0,26156.66557949276,12.921456156721646,18854.919719999994,69.06564,11400.0,0.0,15500.0,1176000.0,0.0,103.2,0.0
2023,KANSAS,SEDGWICK,1693.937655191802,1.2887200481157763,24354.36822,89.21014,13750.51314,50.36818,0.0,0.0,31677.42553578474,14.538533003748404,57153.101460000005,209.35202,52100.0,0.0,53200.0,6882000.0,0.0,132.1,0.0
2023,KANSAS,SEWARD,7.071790634419943e-05,2.41551481971442e-07,22060.038,80.806,18374.35782,67.30534,0.0,0.0,23684.00321718037,10.869906774617254,112062.72714,410.48618,52300.0,0.0,61300.0,9474000.0,0.0,181.1,0.0
2023,KANSAS,SHAWNEE,848.5228040297784,0.6455601520769024,14501.78184,53.12008,7348.37376,26.917120000000004,0.0,0.0,18431.02007019292,8.459020550156296,38755.86078,141.96286,35500.0,0.0,36000.0,4895000.0,0.0,137.9,0.0
2023,KANSAS,SHERIDAN,0.000100522518352,3.433552339807276e-07,17609.493720000002,64.50363999999999,11959.68228,43.80836,0.0,0.0,33665.81069950422,16.630992035742885,78054.45648,285.91376,127400.0,0.0,145000.0,12269000.0,0.0,96.3,0.0
2023,KANSAS,SHERMAN,1.4960979908839167,0.0011404030040276,23042.90898,84.40626,14687.43276,53.80012,0.0,0.0,39585.38716044883,18.167936565684883,103085.58078000002,377.60286,173400.0,0.0,203000.0,16976000.0,0.0,97.9,0.0
2023,KANSAS,SMITH,61.10559815200633,0.0465003355487103,14112.7623,51.6951,6537.6129,23.9473,0.0,0.0,33534.770986913194,16.56625810029961,40328.68476,147.72412,102900.0,0.0,106500.0,9354000.0,0.0,90.9,0.0
2023,KANSAS,STEVENS,140.3256137697908,0.1067602253342294,32034.267720000003,117.34164,26043.7905,95.3985,0.0,0.0,27581.010247584796,13.62508587301243,162066.74484,593.6510800000001,109500.0,0.0,114500.0,16425000.0,0.0,150.0,0.0
2023,KANSAS,SUMNER,4332.643283181669,3.296240074009103,31816.217160000004,116.54292,16971.77664,62.16768,0.0,0.0,43972.36874177019,21.72245667465536,70303.07466,257.52041999999994,49500.0,0.0,51000.0,5965000.0,0.0,120.5,0.0
2023,KANSAS,THOMAS,0.0001209026126112,3.739601193552318e-07,25075.92906,91.85322,15723.87726,57.59662,0.0,0.0,40491.27037377513,20.002785648446693,110603.66226,405.14162,225500.0,0.0,247000.0,24512000.0,0.0,108.7,0.0
2023,KANSAS,WABAUNSEE,594.8501551633709,0.4525602568353134,7642.14906,27.99322,3826.24242,14.01554,0.0,0.0,30047.97522824422,13.7906876004853,19481.91882,71.36234,26700.0,0.0,29200.0,2611000.0,0.0,97.8,0.0
2023,KANSAS,WALLACE,0.0001029552007207,3.184475365605824e-07,11087.14698,40.612260000000006,7314.3525,26.7925,0.0,0.0,34480.5358522431,17.033468234740806,49196.53284,180.20708,87000.0,0.0,96200.0,7743000.0,0.0,89.0,0.0
2023,KANSAS,WICHITA,4.014440968294726,0.0030602507274472,15504.80022,56.794140000000006,10370.82774,37.98838,0.0,0.0,27148.00946961811,12.459731969514024,71977.42734000001,263.65358,64900.0,0.0,86300.0,4913000.0,0.0,75.7,0.0
2023,KANSAS,WILSON,2301.0218028209656,1.7505800772420026,8486.95848,31.08776,5075.53956,18.59172,0.0,0.0,21439.236020027703,9.83965821654966,17377.946040000003,63.65548,42300.0,0.0,43200.0,4285000.0,0.0,101.3,0.0
2023,KENTUCKY,ADAIR,50.44803884571323,0.0383801161720568,1240.6212,4.5444,5387.42022,19.73414,0.0,0.0,15348.738194633715,7.044389909669089,38634.52866,141.51842,10600.0,0.0,13400.0,2162000.0,0.0,204.0,0.0
2023,KENTUCKY,BALLARD,1040.344034628057,0.7914600477957366,11558.6289,42.3393,4370.26044,16.00828,0.0,0.0,9970.412711246248,4.925408031128979,22903.06746,83.89402,35300.0,0.0,36300.0,6139000.0,0.0,173.9,0.0
2023,KENTUCKY,BARREN,19.71887304214613,0.0150001627540269,3538.84986,12.96282,9011.64264,33.00968,0.0,0.0,18533.572882537715,9.155629898669996,62434.33014,228.69717999999995,29000.0,0.0,33000.0,5597000.0,0.0,193.0,0.0
2023,KENTUCKY,BATH,3.162487080461343e-05,9.7817906538662e-08,780.40872,2.85864,4828.95504,17.688480000000002,0.0,0.0,10591.42698928069,5.232190588788448,28044.95148,102.72876,1800.0,0.0,2000.0,352000.0,0.0,195.6,0.0
2023,KENTUCKY,BOURBON,0.4248922787179321,0.0003200998366164,1961.76162,7.18594,7303.05576,26.75112,0.0,0.0,10819.322136572857,5.344771343591312,39561.1398,144.91260000000003,6500.0,0.0,7200.0,1240000.0,0.0,190.8,0.0
2023,KENTUCKY,BRECKINRIDGE,10.92222443564802,0.0083201991770989,2991.2992200000003,10.95714,1772.87292,6.49404,0.0,0.0,21775.381358354247,10.757091138499948,8510.11434,31.172580000000004,24700.0,0.0,25500.0,4320000.0,0.0,174.9,0.0
2023,KENTUCKY,BULLITT,0.7512909000050552,0.0005801055184153,1767.4620599999998,6.47422,1091.56866,3.99842,0.0,0.0,10386.321355003614,5.130867908619089,6733.10274,24.66338,2500.0,0.0,2600.0,471000.0,0.0,188.4,0.0
2023,KENTUCKY,BUTLER,56.91364042608665,0.0433001362643408,2249.43264,8.23968,924.63462,3.38694,0.0,0.0,16214.73975355953,8.010120715942342,4587.74862,16.80494,19500.0,0.0,20400.0,3699000.0,0.0,189.7,0.0
2023,KENTUCKY,CALDWELL,210.4145029234252,0.1601000653377679,6415.35804,23.49948,2744.27244,10.05228,0.0,0.0,13018.51031219854,6.431175629541547,17363.32416,63.60192,34400.0,0.0,36300.0,6663000.0,0.0,193.7,0.0
2023,KENTUCKY,CALLOWAY,194.41173467659263,0.1479001189540144,15272.979539999998,55.94498000000001,6717.62364,24.60668,0.0,0.0,14408.670713179325,7.117918235073306,37258.07358,136.47645999999995,39100.0,0.0,40200.0,6342000.0,0.0,162.2,0.0
2023,KENTUCKY,CARLISLE,1077.2909499454263,0.8195800250126172,9791.50536,35.86632,4406.03982,16.13934,0.0,0.0,7463.5660865872915,3.687019726101588,24000.17256,87.91272000000001,25400.0,0.0,26300.0,4483000.0,0.0,176.5,0.0
2023,KENTUCKY,CASEY,30.894824507797196,0.0235001509924768,1261.60944,4.62128,5183.97516,18.98892,0.0,0.0,16733.201217941783,7.679797017929695,36645.2814,134.2318,6500.0,0.0,8900.0,1279000.0,0.0,196.8,0.0
2023,KENTUCKY,CHRISTIAN,832.8534454586211,0.6336201566115157,20438.40162,74.86594,9019.2375,33.0375,0.0,0.0,26407.350244012705,13.045294988239087,60705.81426,222.36562,79000.0,0.0,82500.0,15610000.0,0.0,197.6,0.0
2023,KENTUCKY,CLARK,2.743997665915568e-05,8.487374031823076e-08,1483.0725,5.4325,7515.31326,27.52862,0.0,0.0,9189.8718312113,4.217743476891845,43646.57388,159.87756,3100.0,0.0,3300.0,542000.0,0.0,174.8,0.0
2023,KENTUCKY,CLINTON,2.2727717800137503e-05,7.763117151307238e-08,346.72092,1.27004,1428.06846,5.23102,0.0,0.0,7611.697932312674,3.493431670401363,7856.525039999999,28.77848,2550.0,0.0,2900.0,497000.0,0.0,194.9,0.0
2023,KENTUCKY,CRITTENDEN,116.97891115971804,0.089020105958897,6333.99858,23.20146,2927.50458,10.72346,0.0,0.0,13838.932843786786,6.351456233675513,15835.23396,58.00452,21200.0,0.0,22000.0,3610000.0,0.0,170.3,0.0
2023,KENTUCKY,CUMBERLAND,0.0065147210120015,1.1859672235978025e-07,96.06324,0.35188,335.4897,1.2289,0.0,0.0,11628.349911130596,5.336896736482816,695.6258400000002,2.548080000000001,2850.0,0.0,3000.0,540000.0,0.0,189.5,0.0
2023,KENTUCKY,DAVIESS,500.64590210845233,0.3808800759482326,26238.58146,96.11202,11275.9101,41.303700000000006,0.0,0.0,16607.858888078685,8.204322520664737,63115.73814,231.19318,66300.0,0.0,68500.0,12352000.0,0.0,186.3,0.0
2023,KENTUCKY,EDMONSON,11.458533099337036,0.0087201016197594,463.49394,1.6977799999999998,818.1264,2.9968000000000004,0.0,0.0,11531.49447320458,5.292444387307875,4328.84634,15.85658,4400.0,0.0,5100.0,822000.0,0.0,186.8,0.0
2023,KENTUCKY,ESTILL,2.863080019741202e-05,8.85570396521273e-08,316.44522000000006,1.15914,1274.17836,4.66732,0.0,0.0,9588.688339916816,4.400782561545516,8061.40608,29.52896,650.0,0.0,700.0,114900.0,0.0,176.8,0.0
2023,KENTUCKY,FAYETTE,77.20292046867404,0.0587400629583494,1491.7812,5.4644,5944.31292,21.77404,0.0,0.0,7680.066477313809,3.5248097994981986,32798.51484,120.14108,3250.0,0.0,3500.0,625000.0,0.0,192.3,0.0
2023,KENTUCKY,FLEMING,3.94162590936e-05,1.219172078818104e-07,1465.17462,5.36694,5284.83774,19.35838,0.0,0.0,13200.82643055523,6.0585936985496565,29729.24136,108.89832,3800.0,0.0,4100.0,631000.0,0.0,166.1,0.0
2023,KENTUCKY,FULTON,1896.7098105320297,1.4429800271627735,14709.97164,53.88268,6327.95436,23.17932,0.0,0.0,8027.606577232157,3.965657094780472,34623.50892,126.82604,24900.0,0.0,25700.0,4507000.0,0.0,181.0,0.0
2023,KENTUCKY,GARRARD,7.849585967590273,0.005980080453781,1214.36406,4.44822,4399.84818,16.116660000000003,0.0,0.0,8711.292019980252,3.9980965749474215,23924.22396,87.63452,1400.0,0.0,2700.0,255000.0,0.0,182.1,0.0
2023,KENTUCKY,GRAYSON,9.003476086180141,0.0068401914093074,1381.39638,5.06006,1445.54592,5.29504,0.0,0.0,19097.613371642776,8.764957303200147,2689.79256,9.85272,11400.0,0.0,15000.0,1917000.0,0.0,168.2,0.0
2023,KENTUCKY,GREEN,3.213522375075774e-05,1.0976443339114929e-07,1534.87152,5.622240000000001,4307.49774,15.77838,0.0,0.0,10762.348350548771,4.939440438918682,31170.59946,114.17802,14000.0,0.0,15200.0,2801000.0,0.0,200.1,0.0
2023,KENTUCKY,HANCOCK,66.67807463685337,0.0507400499428869,3774.75462,13.82694,1494.82242,5.47554,0.0,0.0,7269.855211810216,3.591326084727261,7808.80464,28.60368,5900.0,0.0,10100.0,1254000.0,0.0,212.5,0.0
2023,KENTUCKY,HARDIN,200.5120792571593,0.1525602010711019,9963.12954,36.49498,5754.23394,21.07778,0.0,0.0,22402.09301870987,10.281566863368742,37804.91988,138.47956000000002,33100.0,0.0,34200.0,6365000.0,0.0,192.3,0.0
2023,KENTUCKY,HARRISON,0.6094544275765308,0.0004601064815345,1580.09124,5.78788,5928.03666,21.71442,0.0,0.0,11542.889230147925,5.702215240546087,33838.994280000006,123.95236,4950.0,0.0,5700.0,969000.0,0.0,195.8,0.0
2023,KENTUCKY,HART,20.85922429587127,0.0158601506488462,2217.85746,8.12402,5319.89094,19.48678,0.0,0.0,15719.067813232485,7.765257576732638,38890.64088,142.45656,6500.0,0.0,8700.0,1284000.0,0.0,197.5,0.0
2023,KENTUCKY,HICKMAN,1732.2316941025233,1.3178600373120344,15895.68708,58.22596,7941.01308,29.08796,0.0,0.0,9241.148239170458,4.24127707335112,43863.37956,160.67172,43100.0,0.0,45000.0,8491000.0,0.0,197.0,0.0
2023,KENTUCKY,KENTON,1.2180423612641793e-05,4.1604729647300994e-08,517.48788,1.89556,452.49204,1.65748,0.0,0.0,4079.323143764002,1.872228350487965,2330.55732,8.53684,120.0,0.0,200.0,16400.0,0.0,136.7,0.0
2023,KENTUCKY,KNOX,4.300574146711023e-05,1.4689491136940657e-07,101.23386,0.37082,468.39156,1.71572,0.0,0.0,14402.973333327636,7.115103715625557,1439.35974,5.27238,220.0,0.0,300.0,32100.0,0.0,145.9,0.0
2023,KENTUCKY,LARUE,72.74474657392962,0.0553400900833392,4620.20286,16.92382,2928.02874,10.72538,0.0,0.0,9827.978244442857,4.855045059502771,19727.73348,72.26276,22200.0,0.0,23000.0,4583000.0,0.0,206.4,0.0
2023,KENTUCKY,LAUREL,4.860261209557043e-05,1.503312312917278e-07,454.20648000000006,1.6637600000000003,2125.45242,7.785540000000001,0.0,0.0,16277.410923793244,7.470609493306488,8693.55396,31.84452,360.0,0.0,500.0,53500.0,0.0,148.6,0.0
2023,KENTUCKY,LEWIS,1.360735322259195,0.0010401889644982,422.64768,1.54816,1313.03172,4.809640000000001,0.0,0.0,18527.87550544606,9.15281538058571,7574.67438,27.74606,2000.0,0.0,2000.0,325000.0,0.0,162.5,0.0
2023,KENTUCKY,LINCOLN,101.12445700825252,0.0769401280100828,1630.25772,5.97164,6876.56424,25.18888,0.0,0.0,12551.32525936348,5.760501475029872,42413.87514,155.36218000000002,9600.0,0.0,10900.0,1671000.0,0.0,174.1,0.0
2023,KENTUCKY,LIVINGSTON,38.26371291538618,0.0291001131250482,6021.50094,22.056780000000003,2176.96752,7.97424,0.0,0.0,12203.785159445131,6.028699430536456,10938.8097,40.0689,20600.0,0.0,21600.0,3391000.0,0.0,164.6,0.0
2023,KENTUCKY,MADISON,4.702051796920274e-05,1.606082021609136e-07,2128.04592,7.79504,8166.249,29.913,0.0,0.0,15747.55470609926,7.779330170813891,45046.490580000005,165.00546,1300.0,0.0,1600.0,216000.0,0.0,166.2,0.0
2023,KENTUCKY,MARION,3.899096497282514e-05,1.3318162060456736e-07,2125.6326000000004,7.7862,3990.91056,14.61872,0.0,0.0,13058.391963170778,5.993222596892393,24039.87222,88.05814,14700.0,0.0,16200.0,2954000.0,0.0,201.0,0.0
2023,KENTUCKY,MASON,2.718480018521604e-05,8.40844618850347e-08,1242.76698,4.55226,4855.73634,17.78658,0.0,0.0,9104.41115028673,4.178520815670809,27416.66382,100.42734,7600.0,0.0,8300.0,1506000.0,0.0,198.2,0.0
2023,KENTUCKY,MCCRACKEN,316.47325764195745,0.240760059413819,9441.15354,34.58298,3173.7505800000004,11.62546,0.0,0.0,8848.0291088204,4.370947812730984,16529.24364,60.54668,14900.0,0.0,15400.0,2260000.0,0.0,151.7,0.0
2023,KENTUCKY,MCLEAN,474.5784127501146,0.361060035647415,16412.6235,60.1195,6530.64594,23.92178,0.0,0.0,9605.78047540446,4.745278823358284,38713.55124,141.80788,47600.0,0.0,49000.0,9015000.0,0.0,189.4,0.0
2023,LOUISIANA,AVOYELLES,16039.362367206437,12.202540019394402,42878.18262,157.06294,17349.477600000002,63.5512,84083.169258,0.0,32184.492237848863,14.771254124810884,62864.79108,230.27396,22400.0,0.0,22900.0,3568000.0,0.0,159.3,0.0
2023,LOUISIANA,CADDO,143.29700624739323,0.1090202659506263,3602.49708,13.19596,8708.96754,31.90098,1251.55005606,0.0,31375.464452599637,14.399946262576051,44655.8658,163.57459999999998,16400.0,0.0,16800.0,2332000.0,0.0,142.2,0.0
2023,LOUISIANA,CATAHOULA,7750.348757214338,5.896380031196717,31122.97734,114.00358,11383.7451,41.6987,24193.468011600005,0.0,27780.418504421577,12.749979660696264,67238.12004,246.29348,40300.0,0.0,40800.0,7564000.0,0.0,187.7,0.0
2023,LOUISIANA,CONCORDIA,2900.312237046839,2.206540030753419,8687.10024,31.82088,15138.31956,55.45172,23112.613926,0.0,26623.850627824617,13.152246702280664,90457.14678,331.34486,18600.0,0.0,21300.0,3400000.0,0.0,182.8,0.0
2023,LOUISIANA,EAST CARROLL,7932.357441379346,6.0348200743583496,40788.60786,149.40882,25048.3506,91.7522,20255.444226,0.0,15736.15994581483,7.222199306128842,135442.3161,496.1257,62700.0,0.0,63100.0,11161000.0,0.0,178.0,0.0
2023,LOUISIANA,FRANKLIN,8851.481609919463,6.734080081103789,45362.13318,166.16166,29552.01522,108.24914,12473.68761,0.0,23758.069144938483,11.736543707825206,169795.5441,621.9617,105700.0,0.0,107000.0,19009000.0,0.0,179.8,0.0
2023,LOUISIANA,MADISON,6749.883393309886,5.13522009361344,45525.62196,166.76052,26692.42758,97.77446,27236.82129840001,0.0,23382.04215360601,11.550785463240087,156748.19160000002,574.1692,82200.0,0.0,85100.0,14393000.0,0.0,175.1,0.0
2023,LOUISIANA,MOREHOUSE,13139.292198464129,9.996220033938664,60571.722120000006,221.87444,36666.93576,134.31112,136390.54595399997,0.0,29381.381921564825,14.5144738410788,187117.5852,685.4124,80500.0,0.0,83400.0,14917000.0,0.0,185.3,0.0
2023,LOUISIANA,NATCHITOCHES,1834.8413164250785,1.3959203342251112,12129.31902,44.42974,10661.419859999998,39.05282,19223.2064862,0.0,48148.54733022954,23.785499013497084,55161.07506,202.05522,18200.0,0.0,18700.0,2302000.0,0.0,126.5,0.0
2023,LOUISIANA,OUACHITA,670.2722729805141,0.5099201117142221,10351.81602,37.91874,6113.74218,22.39466,4615.557552,0.0,21365.17009168853,10.554445779094126,31214.94012,114.34044,8270.0,0.0,8400.0,1507000.0,0.0,182.2,0.0
2023,LOUISIANA,RAPIDES,3784.220945659792,2.8790002218456454,25384.29348,92.98276,10938.00162,40.06594,39829.619478600005,0.0,49772.30025152673,24.58763688990668,41217.90036,150.98131999999998,7330.0,0.0,7700.0,1206000.0,0.0,164.5,0.0
2023,LOUISIANA,RED RIVER,294.6528348566393,0.2241601034809514,2180.50014,7.98718,2450.73738,8.97706,4461.96289608,0.0,14932.829553055322,6.853506294291289,10670.93118,39.08766,6200.0,0.0,6300.0,805000.0,0.0,129.8,0.0
2023,LOUISIANA,RICHLAND,8983.525760442824,6.834560069610733,39920.17848,146.22776,27268.0863,99.8831,34208.879256,0.0,20977.74833876424,10.363058494680612,151792.05132,556.01484,68300.0,0.0,69800.0,11777000.0,0.0,172.4,0.0
2023,LOUISIANA,SAINT LANDRY,40955.88630095937,31.1587,40123.7928,146.97359999999998,21537.13926,78.89062000000001,121697.038008,0.0,34372.28564970377,15.775354242975617,77000.17416,282.05192,8470.0,0.0,9000.0,1338000.0,0.0,158.0,0.0
2023,LOUISIANA,TENSAS,7060.216344953818,5.371320087160832,37178.59236,136.18532,21315.74718,78.07966,20653.515270000004,0.0,23137.05486922828,11.429761151313915,130778.94648,479.04376,61400.0,0.0,62600.0,11138000.0,0.0,181.4,0.0
2023,LOUISIANA,WASHINGTON,7.474969463713029e-05,2.312059609344454e-07,143.88738,0.52706,8043.16422,29.46214,0.0,0.0,25034.281977357445,11.48962482262966,50198.37186,183.87682,1290.0,0.0,2300.0,168900.0,0.0,130.9,0.0
2023,LOUISIANA,WEST CARROLL,6378.561913130711,4.852740031731401,50883.80388000001,186.38756,19897.605,72.885,6210.921936600001,0.0,13474.300607654468,6.184106213603596,78259.35936,286.66432,43600.0,0.0,44000.0,8230000.0,0.0,188.8,0.0
2023,MARYLAND,ANNE ARUNDEL,2.8954023724967565e-05,8.95567923153038e-08,1848.76692,6.77204,882.16128,3.23136,0.0,0.0,9696.938533711218,4.450464598154337,5999.30058,21.97546,3930.0,0.0,4000.0,629000.0,0.0,160.1,0.0
2023,MARYLAND,BALTIMORE,4.4430471373184135,0.0033801610730594,5785.24674,21.19138,2963.25666,10.85442,0.0,0.0,15793.13373590633,7.248347748231821,22763.85384,83.38408,15100.0,0.0,17300.0,2442000.0,0.0,161.7,0.0
2023,MARYLAND,CALVERT,2.13157413232075e-05,7.28082768864806e-08,1194.05832,4.37384,517.31862,1.89494,0.0,0.0,7138.815501950165,3.276399613520616,3371.4844800000005,12.34976,2850.0,0.0,2900.0,411000.0,0.0,144.2,0.0
2023,MARYLAND,CAROLINE,144.4292068348194,0.1098800912725242,16746.01656,61.34072,6930.95676,25.38812,0.0,0.0,11873.3371942881,5.865457335290108,45254.42376,165.76711999999998,42900.0,0.0,43700.0,7649000.0,0.0,178.3,0.0
2023,MARYLAND,CARROLL,4.792126080302936,0.0036401424896492,11752.44798,43.04926,5769.27624,21.13288,0.0,0.0,15525.35693560822,7.669563933951792,39192.50244,143.56228000000002,27200.0,0.0,30200.0,3454000.0,0.0,127.0,0.0
2023,MARYLAND,CECIL,23.2071360670653,0.0176601116716463,7477.420860000001,27.38982,3438.56604,12.59548,0.0,0.0,12215.179915662147,6.034328467709686,23495.52114,86.06418,19800.0,0.0,22400.0,3556000.0,0.0,179.6,0.0
2023,MARYLAND,CHARLES,1.605886520193498,0.0012201439117666,1775.18796,6.5025200000000005,732.54636,2.68332,0.0,0.0,15582.330723956542,7.1515985176777335,4646.5692,17.020400000000002,5100.0,0.0,5200.0,776000.0,0.0,152.2,0.0
2023,MARYLAND,DORCHESTER,123.01199357023737,0.0935801817533706,14565.72936,53.35432,5365.80954,19.65498,0.0,0.0,20151.62843124646,9.248703455903918,33565.53018,122.95066,30500.0,0.0,31100.0,5810000.0,0.0,190.5,0.0
2023,MARYLAND,FREDERICK,79.58058318393049,0.0605402167707327,14737.56648,53.98376,7890.89574,28.90438,0.0,0.0,22373.60612744101,11.052615623535225,45372.96036,166.20131999999998,32000.0,0.0,45100.0,3830000.0,0.0,119.7,0.0
2023,MARYLAND,GARRETT,4.03879418777252,0.0030802534634506,1703.55276,6.24012,2119.93236,7.76532,0.0,0.0,24851.96585522388,11.40594981072694,15680.06622,57.43614,4740.0,0.0,6500.0,559000.0,0.0,117.9,0.0
2023,MARYLAND,HOWARD,1.7743270708004735e-05,6.060577237225528e-08,3173.71236,11.62532,1695.92514,6.21218,0.0,0.0,5942.3659756883535,2.935543186446952,12690.96192,46.48704,4700.0,0.0,5100.0,887000.0,0.0,188.7,0.0
2023,MARYLAND,KENT,76.55558553998678,0.058240076879831,11309.92044,41.42828,4822.09182,17.66334,0.0,0.0,10175.518344651731,4.67011149996542,32532.54186,119.16682,40500.0,0.0,41700.0,7497000.0,0.0,185.1,0.0
2023,MARYLAND,MONTGOMERY,0.1088109438380018,8.010568645852226e-05,4994.57322,18.29514,2695.27986,9.87282,0.0,0.0,10374.926599367653,5.125238871732902,18683.15904,68.43648,10400.0,0.0,10600.0,1622000.0,0.0,156.0,0.0
2023,MARYLAND,PRINCE GEORGES,2.8001364898005944e-05,9.564439246003275e-08,1835.20428,6.72236,975.60918,3.57366,0.0,0.0,9377.885327967026,4.632698068483659,6806.6544,24.9328,1650.0,0.0,1900.0,232000.0,0.0,140.6,0.0
2023,MARYLAND,QUEEN ANNES,60.39267933481667,0.0459401209861724,17149.17204,62.81748,6889.79382,25.23734,0.0,0.0,14123.801778846217,6.482198437123381,47778.003,175.011,54700.0,0.0,55700.0,9891000.0,0.0,180.8,0.0
2023,MARYLAND,SOMERSET,96.4937033110015,0.0734400686571882,5866.75908,21.489960000000004,2056.1541,7.5317,0.0,0.0,11497.310200631386,5.679699089556809,12180.23898,44.61626,13900.0,0.0,14200.0,2628000.0,0.0,189.1,0.0
2023,MARYLAND,TALBOT,54.38282598485824,0.0413800789664826,9342.43128,34.221360000000004,3362.25162,12.31594,0.0,0.0,9964.71533255668,4.573362269344663,23607.85518,86.47566,33600.0,0.0,34200.0,5719000.0,0.0,170.2,0.0
2023,MARYLAND,WASHINGTON,170.0707640516986,0.1293801529916626,6768.63096,24.79352,4887.94488,17.90456,0.0,0.0,15844.410142805058,7.271881344204404,30287.42262,110.94294,8950.0,0.0,18200.0,1156000.0,0.0,129.2,0.0
2023,MARYLAND,WICOMICO,120.47517488319652,0.0916401069090548,10375.38684,38.00508,4355.7532200000005,15.95514,0.0,0.0,12716.549240634611,6.282006128735258,30068.97894,110.14278,25000.0,0.0,25500.0,3895000.0,0.0,155.8,0.0
2023,MARYLAND,WORCESTER,55.82194322361316,0.0424601316561778,9973.18686,36.53182,5281.69278,19.34686,0.0,0.0,16830.056662491876,7.724249370144792,35230.54626,129.04962,34200.0,0.0,35000.0,5462000.0,0.0,159.7,0.0
2023,MICHIGAN,ALLEGAN,34.18940902099051,0.0260203040186996,19126.01964,70.05868000000001,8963.6001,32.8337,0.0,0.0,31124.77979955561,14.28489312804349,64694.65002,236.97674,68000.0,0.0,74300.0,11975000.0,0.0,176.1,0.0
2023,MICHIGAN,ALPENA,6.501896516546069e-05,2.2208558205222963e-07,4787.83032,17.53784,1984.28412,7.26844,0.0,0.0,21775.38136750592,10.757091143020896,12785.8458,46.8346,8160.0,0.0,9400.0,1309000.0,0.0,160.4,0.0
2023,MICHIGAN,ANTRIM,5.681929448624706e-05,1.7574599662357e-07,6574.95384,24.08408,2642.44344,9.67928,0.0,0.0,19029.24482606058,9.400493039458448,10854.31074,39.75938,1130.0,0.0,2100.0,159400.0,0.0,141.1,0.0
2023,MICHIGAN,ARENAC,28.26819486597424,0.0215001175416832,24416.57946,89.43802,8243.22408,30.19496,0.0,0.0,13776.261677620483,6.322692948708973,14351.49534,52.56958,16400.0,0.0,18700.0,2599000.0,0.0,158.5,0.0
2023,MICHIGAN,BARRY,77.16186149416963,0.0587201899728101,11090.11722,40.62314,4512.0075,16.5275,0.0,0.0,21308.196303340213,9.77951679995282,32254.03272,118.14664,37400.0,0.0,41800.0,5933000.0,0.0,158.6,0.0
2023,MICHIGAN,BAY,143.60109909648142,0.1092401186731628,59721.43086000001,218.75982,20216.73654,74.05398000000001,0.0,0.0,15679.186162114978,7.196050866959346,37690.16706,138.05922,49200.0,0.0,51300.0,8733000.0,0.0,177.5,0.0
2023,MICHIGAN,BENZIE,3.74258826073674e-05,1.157608361353478e-07,905.99418,3.31866,571.24158,2.09246,0.0,0.0,12534.233122858985,5.752656942638991,4606.776720000001,16.87464,590.0,0.0,1100.0,71600.0,0.0,121.4,0.0
2023,MICHIGAN,BRANCH,272.79718523821754,0.2075201331998715,23640.77898,86.59626000000002,12613.34256,46.20272,0.0,0.0,19228.65308092177,8.825098716396813,87047.85726,318.85662,79900.0,0.0,83400.0,13495000.0,0.0,168.9,0.0
2023,MICHIGAN,CALHOUN,83.50344604965662,0.063520199383597,20953.023,76.751,8910.29412,32.63844,0.0,0.0,25034.281981715387,11.489624824629765,62947.69026,230.57762,72900.0,0.0,80100.0,10811000.0,0.0,148.3,0.0
2023,MICHIGAN,CASS,691.5038662173765,0.5260800881113029,17314.899419999998,63.42454,10075.79118,36.90766,0.0,0.0,18590.546676696627,9.183775090994653,66746.74734,244.49358,67600.0,0.0,71200.0,10563000.0,0.0,156.3,0.0
2023,MICHIGAN,CHARLEVOIX,4.865364738871012e-05,1.5048908697326893e-07,3337.4523,12.2251,1678.90086,6.14982,0.0,0.0,16294.50305942615,7.478454025297348,9621.84678,35.24486,1390.0,0.0,1900.0,165700.0,0.0,119.2,0.0
2023,MICHIGAN,DICKINSON,8.541607115489928e-05,2.6419779915466986e-07,3203.46936,11.73432,1273.68696,4.665519999999999,0.0,0.0,28606.53840888879,14.131699268879,2252.6868,8.2516,400.0,0.0,1200.0,58500.0,0.0,146.3,0.0
2023,MICHIGAN,EATON,85.9709295224872,0.0654001713718275,19303.92282,70.71033999999999,6835.00272,25.03664,0.0,0.0,20550.44494968472,10.15196958539936,50429.09508000001,184.72196,52800.0,0.0,55300.0,8696000.0,0.0,164.7,0.0
2023,MICHIGAN,EMMET,5.3740165055411176e-05,1.6622203692910034e-07,1090.9298399999998,3.99608,734.32632,2.68984,0.0,0.0,17998.01928339414,8.891065123397812,4948.38708,18.12596,490.0,0.0,800.0,60300.0,0.0,123.1,0.0
2023,MICHIGAN,GENESEE,25.10849027406842,0.0191001534443119,20063.08668,73.49116,6550.50942,23.99454,0.0,0.0,18374.04628329724,8.432872109520059,33106.46976,121.26912,29400.0,0.0,30600.0,4625000.0,0.0,157.3,0.0
2023,MICHIGAN,GLADWIN,7.129197261151597,0.0054201953556863,13824.80736,50.64032,5381.82372,19.71364,0.0,0.0,19490.732504128227,8.945381544923585,15532.50972,56.89564,7870.0,0.0,8700.0,1201000.0,0.0,152.6,0.0
2023,MICHIGAN,GRAND TRAVERSE,5.19028944720199e-05,1.7728495831455174e-07,4466.66766,16.36142,1972.65978,7.225859999999999,0.0,0.0,17382.702390440914,8.587097087769493,15309.35406,56.07822,5470.0,0.0,6600.0,694000.0,0.0,126.9,0.0
2023,MICHIGAN,GRATIOT,425.1343568343057,0.3234201208336149,52177.73652,191.12724,18153.58272,66.49664,0.0,0.0,21011.932611192173,9.643544908511048,53112.06264,194.54968,86200.0,0.0,100500.0,14533000.0,0.0,168.6,0.0
2023,MICHIGAN,HILLSDALE,196.66006789225284,0.1496201403357839,19078.89438,69.88606,6929.204100000001,25.3817,0.0,0.0,22612.89602920701,11.170825414650183,50878.73154000001,186.36898,69600.0,0.0,73700.0,11185000.0,0.0,160.7,0.0
2023,MICHIGAN,HURON,698.1599997559191,0.5311401978266912,146174.87430000002,535.4391,59436.4134,217.7158,0.0,0.0,31403.95135200333,14.413020485627642,98459.02248,360.65576,73600.0,0.0,102000.0,14225000.0,0.0,193.3,0.0
2023,MICHIGAN,INGHAM,15.71321174788277,0.0119601763917675,13885.36422,50.86214,4972.5585,18.2145,0.0,0.0,18100.572105907475,8.941726466137654,37254.56826,136.46362,40600.0,0.0,52700.0,7316000.0,0.0,180.2,0.0
2023,MICHIGAN,IONIA,34.548779160255336,0.0263001811571528,14814.97836,54.26732,5945.56872,21.77864,0.0,0.0,21103.090675745312,10.42497791277157,43976.84928,161.08736,68000.0,0.0,75300.0,11900000.0,0.0,175.0,0.0
2023,MICHIGAN,ISABELLA,30.20478017294508,0.0229801841134105,19237.15794,70.46578000000001,6906.37584,25.29808,0.0,0.0,21330.985824780662,9.789976179274142,35120.66376,128.64712,37200.0,0.0,49500.0,5643000.0,0.0,151.7,0.0
2023,MICHIGAN,JACKSON,13.490894250060268,0.0102602286313236,15427.32828,56.51036,6467.3973000000005,23.6901,0.0,0.0,25495.76964235126,12.594971962856178,48615.3486,178.0782,49400.0,0.0,56000.0,8141000.0,0.0,164.8,0.0
2023,MICHIGAN,KALAMAZOO,79.12756532918769,0.0602001538523531,14846.25324,54.38188,7913.8332,28.9884,0.0,0.0,18072.08521173332,8.29428537368131,51080.5932,187.1084,49900.0,0.0,56000.0,7235000.0,0.0,145.0,0.0
2023,MICHIGAN,KENT,28.028533543903897,0.0213402254182636,18142.19316,66.45491999999999,7582.86438,27.77606,0.0,0.0,25951.55994477989,11.910614716139708,51232.550460000006,187.66502,32300.0,0.0,34800.0,5762000.0,0.0,178.4,0.0
2023,MICHIGAN,LAPEER,28.86678848345569,0.0219402337411027,22653.96042,82.98154,7910.79198,28.97726,0.0,0.0,24441.75458260231,12.074285970152724,39936.44382,146.28734,34700.0,0.0,36900.0,5902000.0,0.0,170.1,0.0
2023,MICHIGAN,LEELANAU,4.108341204880711e-05,1.2707382695436366e-07,1279.2234,4.6858,1153.1793,4.2241,0.0,0.0,13759.169543294956,6.314848417318141,8026.1454,29.3998,1660.0,0.0,2600.0,164000.0,0.0,98.8,0.0
2023,MICHIGAN,LENAWEE,172.8679320609157,0.1315202213028015,34136.44962,125.04194,11614.73586,42.54482,0.0,0.0,27740.536852723017,13.70389240237909,76019.27424,278.45888,97800.0,0.0,106500.0,18732000.0,0.0,191.5,0.0
2023,MICHIGAN,LIVINGSTON,3.312417723530657,0.002520178587399,9812.78844,35.94428,3867.30708,14.16596,0.0,0.0,19336.903281979405,9.55247706193708,29265.40344000001,107.19928000000002,19100.0,0.0,20600.0,3073000.0,0.0,160.9,0.0
2023,MICHIGAN,MACOMB,3.178167251030438,0.0024200843475546,7264.72656,26.61072,2133.62604,7.81548,0.0,0.0,9132.89804475142,4.191595036455618,12441.60918,45.57366,10700.0,0.0,11800.0,1868000.0,0.0,174.6,0.0
2023,MICHIGAN,MANISTEE,6.154856514087479e-05,1.9037395693204105e-07,1567.2984600000002,5.74102,999.69324,3.66188,0.0,0.0,20613.116113962576,10.182929292363768,8713.319160000001,31.91692,4360.0,0.0,5100.0,575000.0,0.0,131.9,0.0
2023,MICHIGAN,MASON,0.594896339962671,0.0004601742487066,1697.43756,6.21772,2410.93398,8.831259999999999,0.0,0.0,18909.599885346117,9.341388148924246,19709.17494,72.19478,14400.0,0.0,16700.0,2203000.0,0.0,153.0,0.0
2023,MICHIGAN,MECOSTA,25.07171537530128,0.0190801665784061,24692.76264,90.44968,9557.38056,35.00872,0.0,0.0,21308.196306245507,9.779516801286224,49936.02432000001,182.91584,19800.0,0.0,22700.0,2598000.0,0.0,131.2,0.0
2023,MICHIGAN,MENOMINEE,0.000117568306706,3.636468812262245e-07,2389.9512,8.7544,1373.0207400000002,5.02938,0.0,0.0,39374.58415003885,19.45113994892236,12173.21742,44.59054,7360.0,0.0,16400.0,983000.0,0.0,133.6,0.0
2023,MICHIGAN,MIDLAND,28.108013028851616,0.0213801807129246,16543.47786,60.59882,5667.3981,20.7597,0.0,0.0,19023.54744896893,8.730964330506378,17170.85916,62.89692,22800.0,0.0,23800.0,4056000.0,0.0,177.9,0.0
2023,MICHIGAN,MISSAUKEE,6.418538868959212e-05,1.985298340276638e-07,8439.74586,30.91482,3335.67234,12.21858,0.0,0.0,21496.209811717115,10.619179718211576,20116.70934,73.68758,6730.0,0.0,24300.0,1083000.0,0.0,160.9,0.0
2023,MICHIGAN,MONROE,88.06067186277816,0.0670001592298516,27021.16872,98.97864,8310.48036,30.44132,0.0,0.0,19046.33696750408,8.741423708494295,57047.78898,208.96626,56400.0,0.0,59500.0,10857000.0,0.0,192.5,0.0
2023,MICHIGAN,MONTCALM,50.87454768374009,0.0387002282412695,45206.5887,165.5919,15866.759999999998,58.12,0.0,0.0,26658.034897347257,12.234855377762267,76997.59158,282.04246,42800.0,0.0,62300.0,6578000.0,0.0,153.7,0.0
2023,MICHIGAN,MONTMORENCY,6.260329455932073e-05,2.1383436471516795e-07,962.92014,3.52718,454.14096000000006,1.66352,0.0,0.0,20966.353592715757,10.357429462530662,3038.71932,11.13084,1540.0,0.0,1700.0,230000.0,0.0,149.4,0.0
2023,MICHIGAN,MUSKEGON,2.2840699259634163,0.0017401543722619,4284.462,15.694,2416.47042,8.85154,0.0,0.0,16875.635686924146,8.336604907942023,20154.8256,73.8272,12800.0,0.0,14500.0,1774000.0,0.0,138.6,0.0
2023,MICHIGAN,NEWAYGO,20.82735099211901,0.0158402808511795,9604.40208,35.18096,5209.2222,19.0814,0.0,0.0,31916.71543755076,14.64835645295386,44428.31484,162.74108,11000.0,0.0,21900.0,1730000.0,0.0,157.3,0.0
2023,MICHIGAN,OAKLAND,0.0086908311058809,1.572242628934319e-07,3848.55744,14.09728,1689.3185399999998,6.18798,0.0,0.0,17023.76753198131,8.409782398226605,11744.09964,43.01868,2160.0,0.0,2300.0,346000.0,0.0,160.2,0.0
2023,MICHIGAN,OCEANA,42.1146523087965,0.0320401804666557,2305.6324200000004,8.44554,3800.88618,13.92266,0.0,0.0,20373.826199413263,9.35068237405189,26535.37068,97.19916,16400.0,0.0,17400.0,2485000.0,0.0,151.5,0.0
2023,MICHIGAN,OGEMAW,13.00433980333269,0.0099002032120856,20418.36342,74.79254,7561.5267,27.6979,0.0,0.0,21462.0255379818,9.850117594270898,18914.03514,69.28218,11800.0,0.0,14100.0,1900000.0,0.0,161.0,0.0
2023,MICHIGAN,OTSEGO,5.840138862562712e-05,1.806395229123372e-07,3861.37752,14.14424,1880.97,6.890000000000001,0.0,0.0,19559.10104811251,9.662243296646349,5914.41942,21.66454,1360.0,0.0,1500.0,210000.0,0.0,154.4,0.0
2023,MICHIGAN,OTTAWA,3.755153046398362,0.0028601811629222,9546.20394,34.967780000000005,5051.548320000001,18.50384,0.0,0.0,17946.742880853355,8.23675880441493,41125.41342,150.64254,29500.0,0.0,38300.0,5325000.0,0.0,180.5,0.0
2023,MICHIGAN,PRESQUE ISLE,7.69782358181753e-05,2.380989925079758e-07,12795.50454,46.86998,3776.17422,13.83214,0.0,0.0,25780.63858249495,12.73569790933784,11260.966079999998,41.24896,6680.0,0.0,7300.0,788000.0,0.0,118.0,0.0
2023,MICHIGAN,SAGINAW,165.20454258160115,0.1256801835168947,73838.51202,270.47074000000003,23984.61156,87.85572,0.0,0.0,28304.577343135457,12.990545314216297,70886.97798000001,259.65926,89300.0,0.0,93000.0,15938000.0,0.0,178.5,0.0
2023,MICHIGAN,SANILAC,719.984226983581,0.5477402289064484,53049.40368,194.32016,25032.4347,91.6939,0.0,0.0,35996.0385802979,17.78213025346941,69939.36222,256.18814,97300.0,0.0,114500.0,17959000.0,0.0,184.6,0.0
2023,MICHIGAN,SHIAWASSEE,57.723891167239,0.0439201540770699,35595.28518,130.38566,11204.875500000002,41.0435,0.0,0.0,19900.94376658125,9.133650316037752,40476.175740000006,148.26438,48900.0,0.0,58200.0,8059000.0,0.0,164.8,0.0
2023,MICHIGAN,ST CLAIR,148.93446741154818,0.1133002055030102,18145.60566,66.46742,4466.329140000001,16.36018,0.0,0.0,25626.80935468081,11.761568602313044,23490.1212,86.0444,26200.0,0.0,27600.0,4383000.0,0.0,167.3,0.0
2023,MICHIGAN,ST JOSEPH,811.9217665597981,0.6177200876414289,28174.53912,103.20344,18855.55308,69.06796,0.0,0.0,19160.28453693749,8.79372058776667,118484.61534000002,434.00958,82900.0,0.0,86200.0,10197000.0,0.0,123.0,0.0
2023,MICHIGAN,TUSCOLA,131.31457666776015,0.0999002293407149,90278.17344,330.68928,31187.378040000003,114.23948,0.0,0.0,30321.449394303338,14.978869449778792,68375.29608,250.45896,79000.0,0.0,83100.0,14357000.0,0.0,181.7,0.0
2023,MICHIGAN,VAN BUREN,88.49693211735999,0.0673401520908546,14961.01152,54.80224,8008.5642,29.3354,0.0,0.0,22892.067583688437,11.308736838813656,54012.40572,197.84764,48200.0,0.0,51400.0,8906000.0,0.0,184.8,0.0
2023,MICHIGAN,WASHTENAW,30.65886803393376,0.023320210331409,17286.15798,63.31926,6807.81738,24.93706,0.0,0.0,23245.30506650903,11.483237010989866,47609.27808,174.39296,35200.0,0.0,37600.0,6575000.0,0.0,186.8,0.0
2023,MICHIGAN,WAYNE,4.364539057787141,0.0033200650924873,3357.9600600000003,12.30022,1049.37924,3.84388,0.0,0.0,6529.195981730653,3.225438630936224,7565.4306,27.7122,910.0,0.0,1000.0,144800.0,0.0,159.1,0.0
2023,MINNESOTA,AITKIN,0.000214042025001,6.62046745621728e-07,2945.0694,10.7878,1913.29866,7.00842,0.0,0.0,71684.41871092338,35.412276487545924,14799.72858,54.21146,700.0,1230.0,2300.0,90900.0,11100.0,129.9,9.0
2023,MINNESOTA,BECKER,894.0244728723837,0.6801603282922906,29535.946440000003,108.19028,8652.254519999999,31.69324,0.0,0.0,53019.80610458018,26.19191264789268,28249.37934,103.47758,77500.0,5180.0,83200.0,12997000.0,96000.0,167.7,18.5
2023,MINNESOTA,BENTON,71.49669851473386,0.0544001300990048,20386.59714,74.67618,8782.2735,32.1695,0.0,0.0,15098.053534616984,6.929336771936366,68229.14826,249.92362,47700.0,0.0,60100.0,7851000.0,0.0,164.6,0.0
2023,MINNESOTA,BIG STONE,593.6659040368556,0.4516601319422351,16265.067,59.579,6463.65174,23.676380000000005,0.0,0.0,19667.351242197423,9.71571915474355,51684.32178,189.31986,112900.0,0.0,113500.0,20390000.0,0.0,180.6,0.0
2023,MINNESOTA,BLUE EARTH,53.09905948741866,0.0404002436380611,37684.281180000005,138.03766000000002,13442.9841,49.2417,0.0,0.0,28127.95859794827,12.909485145577156,110576.04558,405.04046000000005,185000.0,400.0,185500.0,36852000.0,10400.0,199.2,26.0
2023,MINNESOTA,BROWN,110.96951763209373,0.0844201725308725,32796.445499999994,120.1335,12068.9751,44.2087,0.0,0.0,22806.60689942277,11.266519053771212,82479.9885,302.1245,153800.0,4070.0,159000.0,29714000.0,69000.0,193.2,17.0
2023,MINNESOTA,CARLTON,9.75284477447211e-05,3.016622153271283e-07,692.8630800000001,2.5379600000000004,558.49248,2.04576,0.0,0.0,32663.072050096773,16.135636713957265,4088.27328,14.975359999999998,120.0,300.0,500.0,17300.0,4500.0,144.2,15.0
2023,MINNESOTA,CARVER,30.25893595336104,0.0230401110054265,11267.62728,41.27336,4574.256960000001,16.75552,0.0,0.0,12488.654094068766,6.1694253742912,35063.4375,128.43749999999997,51200.0,2060.0,53400.0,9841000.0,46400.0,192.2,22.5
2023,MINNESOTA,CASS,0.0002480145193486,7.671260136923982e-07,14205.79524,52.03588,5236.369320000001,19.18084,0.0,0.0,83062.08395892859,38.12181162363794,28244.8257,103.4609,2590.0,3480.0,7300.0,375000.0,40000.0,144.8,11.5
2023,MINNESOTA,CHIPPEWA,1927.4239034173709,1.4663601285784855,74872.96362,274.25994,27433.67718,100.48966,0.0,0.0,21838.05252611846,10.78805084718662,89206.11882,326.76234,145500.0,4920.0,150500.0,28358000.0,108000.0,194.9,22.0
2023,MINNESOTA,CHISAGO,265.6940844918571,0.2021401544287967,9214.09944,33.751279999999994,3918.7785,14.354500000000002,0.0,0.0,15901.383931153376,7.855322180617984,31648.737120000005,115.92944,25900.0,420.0,26400.0,4025000.0,5200.0,155.4,12.5
2023,MINNESOTA,CLAY,1864.3229570687377,1.41836022102248,80601.97782,295.24534,26117.145600000003,95.6672,0.0,0.0,38935.88597728726,19.234421988905016,46736.7537,171.19690000000003,166600.0,370.0,167000.0,26823000.0,7800.0,161.0,21.0
2023,MINNESOTA,COTTONWOOD,226.6288128962316,0.1724201541386918,33340.9713,122.1281,12281.55474,44.98738,0.0,0.0,24322.10963723937,11.162769312876604,96271.96488,352.64456,172900.0,400.0,173500.0,35030000.0,8000.0,202.6,20.0
2023,MINNESOTA,CROW WING,0.0001267716714728,4.330145885147322e-07,6836.345880000001,25.04156,2931.6651,10.7387,0.0,0.0,42456.86602196642,19.485817974657948,20528.74824,75.19688,8000.0,0.0,10900.0,1026000.0,0.0,128.3,0.0
2023,MINNESOTA,DAKOTA,85.75876615778891,0.0652401589053209,20168.0388,73.8756,9591.44004,35.13348,0.0,0.0,16602.161509534377,7.619655605133048,72023.99022,263.82414,83000.0,990.0,84200.0,15197000.0,25900.0,183.1,26.0
2023,MINNESOTA,DODGE,94.54623770843044,0.0719201263876345,18823.56294,68.95078,7208.65236,26.40532,0.0,0.0,16049.515776210546,7.366015730761539,56158.85184,205.71008,116500.0,0.0,118000.0,22088000.0,0.0,189.6,0.0
2023,MINNESOTA,FILLMORE,79.2450287981563,0.0602802710358194,25956.190260000003,95.07762,11803.16592,43.23504,0.0,0.0,32589.006125098687,14.956908053461513,85145.7516,311.8892,168300.0,10100.0,181500.0,30795000.0,242000.0,183.0,24.0
2023,MINNESOTA,FREEBORN,172.07664745263446,0.130920206053499,39879.55062,146.07894,14734.874699999998,53.9739,0.0,0.0,26213.639365226325,12.030897543399751,109744.25826,401.99362,194000.0,0.0,194500.0,35444000.0,0.0,182.7,0.0
2023,MINNESOTA,GOODHUE,71.69911529043267,0.054540228751159,22913.45238,83.93206,9605.87082,35.186339999999994,0.0,0.0,28418.524918669988,14.038820149277482,73426.21650000001,268.9605,151100.0,10300.0,162500.0,29600000.0,211000.0,195.9,20.5
2023,MINNESOTA,GRANT,612.431627102532,0.4659401588012196,28313.27226,103.71162,10201.44762,37.36794,0.0,0.0,21604.460008271548,10.672655577528722,54150.11238,198.35206,136100.0,2340.0,138500.0,25505000.0,43300.0,187.4,18.5
2023,MINNESOTA,HOUSTON,9.6454212914168,0.0073401889675515,10283.24388,37.66756,5092.673040000001,18.65448,0.0,0.0,20892.28766786294,10.320840716240191,36394.45446,133.31302000000002,50300.0,9410.0,62000.0,8903000.0,183000.0,177.0,19.5
2023,MINNESOTA,ISANTI,6.416929636324581,0.0048801536462006,11600.50164,42.49268,4478.854380000001,16.40606,0.0,0.0,16636.345786610786,8.218395117544675,39639.62730000001,145.2001,28500.0,0.0,31100.0,4412000.0,0.0,154.8,0.0
2023,MINNESOTA,JACKSON,411.80111775950127,0.313300193936827,35620.74516,130.47892000000002,12775.6902,46.7974,0.0,0.0,26384.560727220727,13.034036911739795,108243.2442,396.4954,191000.0,400.0,191500.0,39098000.0,7600.0,204.7,19.0
2023,MINNESOTA,KANDIYOHI,1539.9470943611611,1.1715801880873342,59542.375620000006,218.10394,22706.3655,83.1735,0.0,0.0,31517.89893073368,14.4653173691669,97777.87656,358.16072,152800.0,13800.0,167000.0,31125000.0,311000.0,203.7,22.5
2023,MINNESOTA,LAC QUI PARLE,1077.9983918871812,0.8201201769816324,32709.1947,119.8139,13402.39446,49.09302,0.0,0.0,29011.05230805032,14.33153011493677,93751.66164,343.41268,181100.0,300.0,181500.0,33304000.0,6300.0,183.9,21.0
2023,MINNESOTA,LE SUEUR,112.44172752613754,0.0855601458438695,18852.015,69.055,6895.286580000001,25.257460000000005,0.0,0.0,17422.584037055214,8.606798717804038,54809.35824,200.76688,85200.0,2040.0,87300.0,16469000.0,47500.0,193.3,23.5
2023,MINNESOTA,LINCOLN,299.41353467766555,0.227780094225269,14965.99104,54.82048,6535.68552,23.94024,0.0,0.0,20652.997756872617,9.47880973393616,56832.40836,208.17732,118200.0,1060.0,119500.0,21453000.0,19100.0,181.5,18.0
2023,MINNESOTA,MAHNOMEN,750.5228876400098,0.5709801597122754,12916.22514,47.31218,3524.71938,12.91106,0.0,0.0,22350.81661704068,10.25803326979628,12365.0436,45.2932,48800.0,840.0,49700.0,8930000.0,16800.0,183.0,20.0
2023,MINNESOTA,MARSHALL,19116.13843269115,14.5433202539581,108990.34146,399.23202,36071.09688,132.12856,0.0,0.0,67092.33147405816,30.792403705033543,71064.9303,260.3111,61500.0,0.0,61700.0,10074000.0,0.0,163.8,0.0
2023,MINNESOTA,MCLEOD,161.88297979187894,0.123160115061609,18654.7998,68.3326,6831.65028,25.02436,0.0,0.0,18573.45454266163,9.17533153537833,53026.43346,194.23602,115900.0,0.0,116500.0,20561000.0,0.0,177.4,0.0
2023,MINNESOTA,MEEKER,312.7176517344535,0.2379001510001658,27792.1098,101.8026,10505.46588,38.48156,0.0,0.0,24179.675174939184,11.097398213552792,73887.61926,270.65062,113300.0,0.0,123500.0,21856000.0,0.0,192.9,0.0
2023,MINNESOTA,MILLE LACS,2.47782616252062,0.0018802045798671,13482.30702,49.385740000000006,4692.62976,17.18912,0.0,0.0,22208.38214762252,10.192662167205636,31292.7888,114.6256,16900.0,3340.0,22000.0,2322000.0,53000.0,137.4,16.0
2023,MINNESOTA,MORRISON,277.9612716890405,0.2114803774532033,32302.89972,118.32564,15187.63428,55.63236,0.0,0.0,43003.81437529332,21.24398847144355,119179.7061,436.5557,80000.0,27300.0,107500.0,11600000.0,341000.0,145.0,12.5
2023,MINNESOTA,MOWER,95.56651068912242,0.072700214794973,35349.5415,129.4855,13515.476519999998,49.50724,0.0,0.0,26430.139751071936,12.13026161581735,103614.75852,379.54124,208500.0,300.0,209000.0,35456000.0,4300.0,170.1,14.5
2023,MINNESOTA,NICOLLET,51.22030611165844,0.0389401563598425,22450.87572,82.23764,8097.28374,29.660380000000004,0.0,0.0,17325.728609646358,7.951740804213416,57572.60418,210.88866,110300.0,0.0,117000.0,21630000.0,0.0,196.1,0.0
2023,MINNESOTA,NOBLES,82.0794717942369,0.0624402181397132,30304.35408,111.00496,11192.39394,40.997780000000006,0.0,0.0,26897.324800856444,13.287343606207015,99877.1592,365.8504,193800.0,0.0,207500.0,38508000.0,0.0,198.7,0.0
2023,MINNESOTA,NORMAN,3911.394411638003,2.975740139535941,71509.05216,261.93792,22535.99712,82.54944,0.0,0.0,32748.532720562267,16.177854492182398,32952.95094,120.70678,121800.0,0.0,122500.0,20231000.0,0.0,166.1,0.0
2023,MINNESOTA,OLMSTED,100.74503960522914,0.0766401804349191,19482.93438,71.36605999999999,8579.5437,31.426900000000003,0.0,0.0,22983.225637491985,10.548280954391515,63853.55886,233.89582,107500.0,7290.0,117000.0,18791000.0,142000.0,174.8,19.5
2023,MINNESOTA,OTTER TAIL,438.24816817323216,0.3334205593704955,76225.10532,279.21284,27333.89568,100.12416,0.0,0.0,81768.77899015039,40.39397489327765,172537.75811999998,632.00644,195000.0,0.0,215000.0,30791000.0,0.0,157.9,0.0
2023,MINNESOTA,PINE,0.0001613906128837,4.991922966205106e-07,9101.3013,33.3381,4281.03312,15.68144,0.0,0.0,54051.031660320456,24.80702564646567,38669.27064,141.64568,14300.0,5110.0,21200.0,2172000.0,84000.0,151.9,16.5
2023,MINNESOTA,PIPESTONE,153.39099962372302,0.1167001338340668,13735.49814,50.31318,6167.11368,22.59016,0.0,0.0,17200.38627339161,7.894214232480241,54094.42038,198.14806,107700.0,0.0,123000.0,17426000.0,0.0,161.8,0.0
2023,MINNESOTA,POLK,17258.662681333346,13.13016020782481,195206.37864,715.04168,64693.50888,236.97256,0.0,0.0,74755.30582736025,34.30936897787449,92967.62202,340.54074,130100.0,0.0,130500.0,19112000.0,0.0,146.9,0.0
2023,MINNESOTA,POPE,560.6597213530632,0.4265401158198337,27439.08258,100.50946,11375.52234,41.66858,0.0,0.0,26601.061119603262,13.14098863001528,82780.47414,303.22518,129000.0,900.0,130000.0,23156000.0,18500.0,179.5,20.5
2023,MINNESOTA,RED LAKE,1996.3231366902216,1.518780055156849,16404.38436,60.08932,3927.03948,14.384760000000002,0.0,0.0,15946.962962166144,7.8778383323464,17105.437439999998,62.65728,27200.0,0.0,30100.0,4646000.0,0.0,170.8,0.0
2023,MINNESOTA,REDWOOD,505.25130985433697,0.3843802057870247,52249.2516,191.3892,19296.91218,70.68466000000001,0.0,0.0,32879.572426645434,15.090265095372713,130893.3444,479.4628,238000.0,850.0,239000.0,41888000.0,14900.0,176.0,17.5
2023,MINNESOTA,RENVILLE,2786.51425623932,2.119940223330188,144545.94882,529.47234,50899.1574,186.4438,0.0,0.0,37169.69858715297,18.361921139864556,148222.29786,542.9388200000001,262000.0,210.0,262500.0,54578000.0,3200.0,208.3,15.0
2023,MINNESOTA,RICE,102.27725106523124,0.077800175068925,17801.598359999996,65.20732,6960.61548,25.49676,0.0,0.0,18721.586376533407,9.248509020137304,53817.87138,197.13506,86000.0,3070.0,89500.0,16736000.0,57000.0,194.6,18.5
2023,MINNESOTA,SCOTT,33.730894359015004,0.0256601179242705,9506.56434,34.822579999999995,3703.33782,13.56534,0.0,0.0,11645.44204815805,5.344741269113711,27901.697460000003,102.20402,33400.0,2870.0,36400.0,6409000.0,52000.0,191.9,18.0
2023,MINNESOTA,SHERBURNE,15.139546063606884,0.0115401571322595,19965.7458,73.1346,7928.74446,29.04302,0.0,0.0,15810.225871539238,7.256192280222682,54412.02858,199.31146,25300.0,0.0,28400.0,4382000.0,0.0,173.2,0.0
2023,MINNESOTA,SIBLEY,206.2198728798651,0.1568801577202239,36763.44672,134.66464,13086.81738,47.93706,0.0,0.0,21815.26300714751,10.776792769610909,73247.87652,268.30724,153700.0,730.0,154500.0,28081000.0,11700.0,182.7,16.0
2023,MINNESOTA,STEARNS,344.7015006065763,0.2622403607860372,51578.05926,188.93062,24995.14836,91.55732,0.0,0.0,50752.2493916524,23.293030930227367,186144.11634,681.8465799999999,201000.0,0.0,234000.0,37647000.0,0.0,187.3,0.0
2023,MINNESOTA,STEELE,43.26316462064649,0.0329201379852063,20088.90702,73.58573999999999,7672.19544,28.10328,0.0,0.0,15468.383146969369,7.64141874435406,59055.54564,216.32068,108000.0,400.0,108500.0,20509000.0,7400.0,189.9,18.5
2023,MINNESOTA,STEVENS,702.7193766095411,0.534620122604426,24343.5192,89.1704,9519.02952,34.86824,0.0,0.0,21536.09146312515,10.63888135061424,76676.45076,280.86612,130000.0,0.0,153500.0,25389000.0,0.0,195.3,0.0
2023,MINNESOTA,SWIFT,1020.790891606284,0.7766001077665097,37462.61064,137.22568,15977.80548,58.52676,0.0,0.0,28070.984820785343,12.883336709407816,113427.94554,415.48698,197000.0,6920.0,204000.0,38808000.0,164000.0,197.0,23.5
2023,MINNESOTA,TODD,65.26498146741831,0.0496603096638637,31972.19844,117.11428,13628.443919999998,49.92104,0.0,0.0,36639.84236960426,16.816062180964554,101492.31456,371.76672,64200.0,19800.0,90500.0,9521000.0,386000.0,148.3,19.5
2023,MINNESOTA,TRAVERSE,480.9373686435055,0.3658801644105136,18719.92668,68.57116,6640.76322,24.32514,0.0,0.0,21735.4997087475,10.737389506987126,35553.90384,130.23408,157900.0,3540.0,161500.0,29606000.0,76000.0,187.5,21.5
2023,MINNESOTA,WADENA,6.044280041974675e-05,1.869537503859554e-07,20375.50242,74.63554,8468.5146,31.0202,0.0,0.0,20242.78649638066,9.999985564212428,57297.98802,209.88274,15900.0,0.0,22200.0,2423000.0,0.0,152.4,0.0
2023,MINNESOTA,WASECA,63.047926661499446,0.0479401443357775,21823.32516,79.93892,8143.33338,29.82906,0.0,0.0,16209.042376613132,7.4392313632096,64320.68370000001,235.6069,111200.0,150.0,111500.0,22418000.0,3500.0,201.6,23.5
2023,MINNESOTA,WASHINGTON,42.052417756696,0.0320001297562129,6872.60574,25.17438,3100.26444,11.35628,0.0,0.0,12853.28633005582,6.349554582133656,24513.903960000003,89.79452,14700.0,660.0,15400.0,2860000.0,11200.0,194.6,17.0
2023,MINNESOTA,WATONWAN,21.54232751301617,0.0164001461658711,23000.18448,84.24976000000001,8324.98212,30.49444,0.0,0.0,16425.54277625891,8.114257919793358,69500.98428,254.58236,124900.0,0.0,125500.0,26142000.0,0.0,209.3,0.0
2023,MINNESOTA,WILKIN,1057.2561485909123,0.8043601656619823,53065.33596,194.37852,17714.522279999997,64.88836,0.0,0.0,28298.87996735119,13.979715253504722,40624.79148,148.80876,132300.0,0.0,140500.0,18847000.0,0.0,142.5,0.0
2023,MINNESOTA,WINONA,43.880705516427525,0.03338022341147,12486.19554,45.73698,6617.9349600000005,24.24152,0.0,0.0,23387.739527501835,11.553599979745629,48202.38696,176.56552,62500.0,15800.0,82700.0,12363000.0,384000.0,197.8,24.5
2023,MINNESOTA,WRIGHT,55.05559000615556,0.0418802161982525,21802.00932,79.86084,8244.81294,30.20078,0.0,0.0,24128.39875830772,11.073864613113315,64373.58564,235.80068,77600.0,1260.0,78900.0,14015000.0,25800.0,180.6,20.5
2023,MINNESOTA,YELLOW MEDICINE,683.0595454193569,0.5196601506290629,31128.825,114.025,12992.54502,47.59174,0.0,0.0,28988.26278225193,14.320272033988289,102725.42826,376.28362,199900.0,0.0,200500.0,35802000.0,0.0,179.1,0.0
2023,MISSISSIPPI,BOLIVAR,16538.959329835117,12.582620003618418,73252.30458000001,268.32345999999995,34278.82458,125.56346,110641.62033,0.0,33175.83612358722,16.388943408352723,161308.29624,590.87288,42100.0,0.0,42800.0,7582000.0,0.0,180.1,0.0
2023,MISSISSIPPI,CALHOUN,2562.8758016451884,1.9498001406607228,21432.8751,78.5087,8427.30252,30.86924,0.0,0.0,22265.35593626137,10.999139766873242,19645.57686,71.96182,10400.0,0.0,10600.0,1579000.0,0.0,151.8,0.0
2023,MISSISSIPPI,CARROLL,702.5776090396041,0.5345201686139449,7325.720220000001,26.83414,4927.27872,18.04864,699.34100058,0.0,23980.266912669496,11.00587866759244,28001.27694,102.56878,12800.0,0.0,13200.0,2358000.0,0.0,184.2,0.0
2023,MISSISSIPPI,CHICKASAW,1733.0716536485695,1.318480095079838,5843.79432,21.40584,4713.350460000001,17.26502,0.0,0.0,19126.100267850645,9.448339862319973,17715.53238,64.89206,6910.0,0.0,7100.0,1051000.0,0.0,152.1,0.0
2023,MISSISSIPPI,CLAIBORNE,191.9307430647378,0.1460201507488535,2806.86588,10.28156,2477.98824,9.07688,469.6867995300001,0.0,18556.362396569657,9.166887973805828,13884.67626,50.85962,2810.0,0.0,3000.0,432000.0,0.0,153.7,0.0
2023,MISSISSIPPI,CLAY,1518.4757140417307,1.155240116111101,3456.1254,12.6598,2285.1028200000005,8.37034,0.0,0.0,15428.501506165663,7.621717117189964,10765.44924,39.43388,3900.0,0.0,4000.0,640000.0,0.0,164.1,0.0
2023,MISSISSIPPI,COAHOMA,15616.336686136425,11.880720020808186,46095.98994,168.84978,27443.5434,100.5258,35861.7223746,0.0,21268.314660648062,10.506598961542924,136641.68154,500.51898,43500.0,0.0,44300.0,8126000.0,0.0,186.8,0.0
2023,MISSISSIPPI,HINDS,42.21854291636301,0.0321002541030008,6391.95102,23.41374,10192.182,37.334,41.904868374,0.0,29592.184931916705,13.58150007486204,56359.43586,206.44482,8410.0,0.0,9400.0,1150000.0,0.0,136.7,0.0
2023,MISSISSIPPI,HOLMES,1807.5029257549584,1.3751201325181452,21898.19268,80.21316,15727.19148,57.60876,3326.9400567,0.0,28845.82832619813,13.238955503727391,82584.42738,302.50706,34100.0,0.0,34400.0,6274000.0,0.0,184.0,0.0
2023,MISSISSIPPI,HUMPHREYS,3755.5489446353,2.857180087290309,33233.13084,121.73308,15108.617160000002,55.34292,21203.587571400003,0.0,16072.30529372884,7.376475108282763,82122.76800000001,300.816,36600.0,0.0,37500.0,6822000.0,0.0,186.4,0.0
2023,MISSISSIPPI,ISSAQUENA,2752.174463955712,2.093820067368328,23383.55838,85.65406,9520.40544,34.87328,10619.6783724,0.0,15656.396646775653,7.185591490438172,54623.30874,200.08538,21900.0,0.0,23500.0,4242000.0,0.0,193.7,0.0
2023,MISSISSIPPI,LAFAYETTE,15.251531648229465,0.0116002450379118,2461.56456,9.01672,1410.45996,5.16652,279.532099764,0.0,24025.845953226155,11.868826099766968,9561.240779999998,35.02286,1860.0,0.0,2000.0,293000.0,0.0,157.5,0.0
2023,MISSISSIPPI,LEE,1386.9712567848671,1.055200126391023,2134.07922,7.81714,1728.9909000000002,6.3333,0.0,0.0,16049.515776210546,7.366015730761539,10887.9225,39.8825,2340.0,0.0,2400.0,342000.0,0.0,146.2,0.0
2023,MISSISSIPPI,LEFLORE,8609.013681968814,6.549640078187662,53862.2175,197.2975,31431.92052,115.13524,30757.3443648,0.0,22208.382147622524,10.192662167205638,163491.41172,598.86964,67300.0,0.0,68500.0,13130000.0,0.0,195.1,0.0
2023,MISSISSIPPI,LOWNDES,1213.6802262623155,0.9233801590349452,7738.87296,28.34752,4252.684799999999,15.5776,0.0,0.0,18869.71822246216,8.660363539921827,29775.74964,109.06868,12100.0,0.0,12800.0,2092000.0,0.0,172.9,0.0
2023,MISSISSIPPI,MADISON,564.0479297253057,0.4291401677859517,8601.34548,31.50676,8579.90406,31.42822,30.156864138,0.0,25820.520232450344,12.755399541022896,46391.26674000001,169.93138,13400.0,0.0,13800.0,2446000.0,0.0,182.5,0.0
2023,MISSISSIPPI,MONROE,2381.9614163414617,1.8121601932747968,5648.468280000001,20.69036,5123.45106,18.76722,0.0,0.0,28954.078511712443,14.3033849215357,30076.97238,110.17206,11500.0,0.0,11700.0,1817000.0,0.0,158.0,0.0
2023,MISSISSIPPI,MONTGOMERY,110.11761878202992,0.0837801307969684,2791.425,10.225,1845.85128,6.761360000000001,0.0,0.0,15297.46179354558,7.556983181732329,11417.31864,41.82168,4000.0,0.0,4100.0,670000.0,0.0,167.5,0.0
2023,MISSISSIPPI,NOXUBEE,1312.4101589528293,0.9984801359268796,9385.01928,34.37736,5787.63822,21.20014,0.0,0.0,26891.627429865905,13.284529091136696,35129.869320000005,128.68084,38000.0,0.0,38300.0,6247000.0,0.0,164.4,0.0
2023,MISSISSIPPI,PRENTISS,4.651016502435966e-05,1.588649872309449e-07,2156.71092,7.90004,926.62206,3.39422,0.0,0.0,15576.633345266977,7.148983673614112,5730.084360000001,20.98932,3020.0,0.0,3100.0,358000.0,0.0,118.5,0.0
2023,MISSISSIPPI,RANKIN,285.07950835926243,0.2168802304293835,828.46764,3.03468,2780.46678,10.18486,0.0,0.0,27347.41772735554,12.551251513394272,18272.72538,66.93306000000001,2030.0,0.0,2500.0,321000.0,0.0,158.1,0.0
2023,MISSISSIPPI,SHARKEY,3132.093497530964,2.382860045574668,31218.48366,114.35342,13877.53458,50.83346,3716.357669820001,0.0,16254.621412811855,7.460150118785414,77870.45994,285.23978,42200.0,0.0,42700.0,8022000.0,0.0,190.1,0.0
2023,MISSISSIPPI,STONE,5.040585916972042e-05,1.7217152786210073e-07,0.0,0.0,1303.97904,4.77648,0.0,0.0,16881.33306619477,7.747782964650631,8606.7891,31.5267,780.0,0.0,800.0,130100.0,0.0,166.8,0.0
2023,MISSISSIPPI,SUNFLOWER,11319.248304749764,8.611540088714438,68199.72978,249.81586,37090.22772,135.86164,53959.8328398,0.0,26093.99440882325,11.97598581626356,181525.99374,664.93038,53900.0,0.0,54500.0,10715000.0,0.0,198.8,0.0
2023,MISSISSIPPI,TALLAHATCHIE,7295.851269220589,5.550600010102712,44555.16156,163.20572,25438.980840000004,93.18308,34718.572328400005,0.0,24572.79429696557,12.139019906471493,127687.833,467.721,41900.0,0.0,42600.0,7752000.0,0.0,185.0,0.0
2023,MISSISSIPPI,TIPPAH,181.68299078863677,0.1382201590808918,1956.87492,7.16804,1115.35788,4.08556,0.0,0.0,17228.87316059306,7.907288449931545,7573.99188,27.74356,1460.0,0.0,1500.0,213000.0,0.0,145.9,0.0
2023,MISSISSIPPI,TUNICA,11466.830649372872,8.723800031781932,33561.40788,122.93556,14172.89328,51.91536,143962.45138800002,0.0,17114.92559885869,8.454814704080263,70118.31372,256.84364,14200.0,0.0,14400.0,2505000.0,0.0,176.4,0.0
2023,MISSISSIPPI,WALTHALL,4.564256500888766e-05,1.5590152181844124e-07,0.0,0.0,4441.04388,16.26756,0.0,0.0,15286.067028757943,7.551354140325193,26175.50754000001,95.88098,1300.0,0.0,1900.0,188200.0,0.0,144.8,0.0
2023,MISSISSIPPI,WARREN,1075.1282770887824,0.8179601288383798,10707.97182,39.22334,4029.3708,14.7596,1676.5874991,0.0,21541.78883382516,9.886725408494824,23153.45214,84.81118,11500.0,0.0,11800.0,2130000.0,0.0,185.2,0.0
2023,MISSISSIPPI,WASHINGTON,9081.923977049571,6.909420129512837,63764.9922,233.5714,34425.027,126.09900000000002,23901.9843924,0.0,27011.27237944153,12.396975711240351,179471.52132,657.40484,70600.0,0.0,71300.0,14207000.0,0.0,201.2,0.0
2023,MISSISSIPPI,WEBSTER,946.326149454624,0.719960084547121,5473.4589000000005,20.0493,2349.77106,8.60722,0.0,0.0,15542.449070224277,7.133294607898967,8335.21962,30.53194,4330.0,0.0,4800.0,741000.0,0.0,171.1,0.0
2023,MISSISSIPPI,YAZOO,2159.3627969877443,1.6428401993725767,34243.36734,125.43358,17880.713760000002,65.49712,3292.30367208,0.0,34662.85196505067,17.123532836100157,101505.8226,371.8162,50200.0,0.0,50800.0,9146000.0,0.0,182.2,0.0
2023,MISSOURI,ANDREW,963.0378272342442,0.7326600776362878,18111.40422,66.34214,6736.70088,24.67656,0.0,0.0,16163.46334506289,7.984790045935882,39192.19122,143.56114,64100.0,0.0,65700.0,11265000.0,0.0,175.7,0.0
2023,MISSOURI,AUDRAIN,1288.337570023176,0.9801401716153976,40397.24052,147.97524,15475.36536,56.68632,0.0,0.0,26122.481302271088,11.98906003658168,84099.52278,308.05686,108000.0,0.0,112000.0,12452000.0,0.0,115.3,0.0
2023,MISSOURI,BARTON,3648.690607650184,2.7758600265236644,16046.21928,58.77736,9626.2803,35.2611,0.0,0.0,22105.82932220389,10.145594969926863,38006.825220000006,139.21914,64400.0,0.0,69500.0,9596000.0,0.0,149.0,0.0
2023,MISSOURI,BATES,5163.676558785032,3.9284801767974,23250.46542,85.16654,13774.597199999998,50.4564,0.0,0.0,31888.228536403883,14.635282229102229,63770.98182,233.59334,78700.0,0.0,81400.0,11301000.0,0.0,143.6,0.0
2023,MISSOURI,BOLLINGER,1755.300217061201,1.3354001016730368,8648.842020000002,31.680740000000004,6067.25028,22.22436,10622.5193286,0.0,23262.397200979824,11.491680566821474,31308.459,114.683,15200.0,0.0,15400.0,1812000.0,0.0,119.2,0.0
2023,MISSOURI,BOONE,801.6788887832543,0.6099201420628098,17673.04266,64.73642000000001,7051.44258,25.82946,0.0,0.0,24025.845941604977,11.868826094026076,35955.18654,131.70398,22300.0,0.0,23100.0,2738000.0,0.0,122.8,0.0
2023,MISSOURI,BUCHANAN,799.12412109624,0.6079400762690549,18555.69534,67.96958000000001,7167.68598,26.25526,0.0,0.0,14516.920907990574,7.171394093529318,39746.28294,145.59078,53900.0,0.0,55200.0,9443000.0,0.0,175.2,0.0
2023,MISSOURI,CALDWELL,1917.6096857475916,1.4589000742822449,15580.03902,57.06974,5306.55216,19.43792,0.0,0.0,16174.858107816824,7.423542300361271,28714.221900000004,105.1803,28900.0,0.0,29400.0,4297000.0,0.0,148.7,0.0
2023,MISSOURI,CALLAWAY,1825.5531176995576,1.3888402384889815,22249.46724,81.49988,8673.87066,31.772420000000004,0.0,0.0,31534.9910576507,14.473161897157558,44211.19248,161.94575999999998,34700.0,0.0,36200.0,4907000.0,0.0,141.4,0.0
2023,MISSOURI,CAPE GIRARDEAU,2573.5376054361864,1.957920087235271,23332.90596,85.46852000000001,11638.84722,42.63314,6905.7083196,0.0,21108.78805428962,10.42779243157347,58978.62516,216.03892,30800.0,0.0,33000.0,4312000.0,0.0,140.0,0.0
2023,MISSOURI,CARROLL,4915.903822472283,3.7399600744519015,35896.6335,131.4895,12598.1856,46.147200000000005,0.0,0.0,26293.40267225506,12.98900461177055,69495.05472,254.56064,97500.0,0.0,99500.0,15093000.0,0.0,154.8,0.0
2023,MISSOURI,CLARK,730.6260390530133,0.5558601307924991,15269.50152,55.93224,6069.07392,22.23104,0.0,0.0,19262.837365697203,8.840787786578852,35403.2133,129.68210000000002,63600.0,0.0,64700.0,10596000.0,0.0,166.6,0.0
2023,MISSOURI,CLAY,462.808765686565,0.3521200902732428,12897.1479,47.2423,4423.94862,16.20494,0.0,0.0,12084.140206237891,5.546084261546048,22346.51328,81.85536,17400.0,0.0,17500.0,3316000.0,0.0,190.6,0.0
2023,MISSOURI,CLINTON,1158.317668298767,0.8812200986790395,18537.15864,67.90168,7531.633200000001,27.5884,0.0,0.0,15656.396640529269,7.734297865606084,42156.25596,154.41852,50100.0,0.0,51200.0,9474000.0,0.0,189.1,0.0
2023,MISSOURI,COLE,915.5531147190596,0.6965401050322291,5229.02016,19.15392,4144.94262,15.18294,0.0,0.0,13844.630222912148,6.354071077939148,21577.12284,79.03708,4710.0,0.0,5700.0,616000.0,0.0,130.8,0.0
2023,MISSOURI,COOPER,1728.7245331764582,1.315200116243349,20004.58278,73.27686,10003.73556,36.64372,0.0,0.0,21382.262227176176,10.56288933542806,52825.04682,193.49834,57800.0,0.0,61400.0,6069000.0,0.0,105.0,0.0
2023,MISSOURI,DADE,2045.747660368804,1.5563800711818665,3709.07082,13.58634,5206.623240000001,19.07188,0.0,0.0,18875.4156145742,8.662978390145767,21383.07444,78.32628,16400.0,0.0,20300.0,1561000.0,0.0,95.2,0.0
2023,MISSOURI,DALLAS,1366.835148771774,1.039880166340746,671.80386,2.46082,2544.73128,9.32136,0.0,0.0,20464.98426353061,9.392519881403324,8813.6139,32.2843,290.0,0.0,800.0,36000.0,0.0,124.1,0.0
2023,MISSOURI,DAVIESS,2826.5429719728745,2.150420109981756,18042.37344,66.08928,5681.95446,20.81302,0.0,0.0,21325.28843926365,9.787361332077024,30695.08806,112.43622,50200.0,0.0,52300.0,7330000.0,0.0,146.0,0.0
2023,MISSOURI,DE KALB,1215.1706655653306,0.9244800709567096,14934.64518,54.70566,5499.27378,20.143860000000004,0.0,0.0,15827.31800847953,7.264036812813574,30854.37264,113.01968,47600.0,0.0,48700.0,9065000.0,0.0,190.4,0.0
2023,MISSOURI,DUNKLIN,21156.3577894121,16.095480032830693,41622.72114,152.46418,25488.6723,93.3651,123999.07545000002,0.0,20259.87862533139,10.008429117317108,130595.2011,478.37070000000006,36400.0,0.0,37100.0,5971000.0,0.0,164.0,0.0
2023,MISSOURI,FRANKLIN,363.2367296553425,0.2763803072268097,8447.17146,30.94202,5935.17288,21.74056,0.0,0.0,34070.324576687184,15.63676750647016,32847.57294,120.32077999999998,18000.0,0.0,19900.0,2367000.0,0.0,131.5,0.0
2023,MISSOURI,GASCONADE,325.9589910297664,0.247980174102834,3139.4454,11.4998,2552.50086,9.34982,0.0,0.0,19416.666583778617,9.591880326240076,14829.87324,54.32188,8500.0,0.0,9100.0,965000.0,0.0,113.5,0.0
2023,MISSOURI,GENTRY,1425.444860250542,1.084440052225492,16800.955080000003,61.54196,6111.95676,22.38812,0.0,0.0,18613.33619508652,8.542695563325749,34979.184239999995,128.12887999999998,44400.0,0.0,45400.0,7104000.0,0.0,160.0,0.0
2023,MISSOURI,GRUNDY,2088.0830783132706,1.5885801144080327,12521.61456,45.86672,3945.84372,14.45364,0.0,0.0,16317.292572150713,8.060782056744634,20213.40048,74.04176,41600.0,0.0,43100.0,6494000.0,0.0,156.1,0.0
2023,MISSOURI,HENRY,3925.687845562576,2.9866001572028384,9218.86602,33.76874,9360.35646,34.28702,0.0,0.0,26737.79820611917,12.271463197919834,42954.04932,157.34084,28600.0,0.0,30300.0,3535000.0,0.0,123.6,0.0
2023,MISSOURI,HICKORY,28.917701914509397,0.022000127584666,729.9965400000001,2.67398,1996.7493,7.3141,0.0,0.0,15354.43557404961,7.047004754066063,13300.7784,48.7208,600.0,0.0,2500.0,60700.0,0.0,101.2,0.0
2023,MISSOURI,HOLT,1153.6326895151662,0.8776400844260532,27962.49456,102.42672,13135.11654,48.11398,0.0,0.0,17428.281420741885,8.609613239146281,81394.2948,298.14759999999995,101200.0,0.0,103500.0,22163000.0,0.0,219.0,0.0
2023,MISSOURI,HOWARD,1517.7450162389114,1.1546800390247194,18695.9955,68.4835,9109.92264,33.36968,0.0,0.0,17525.136858261165,8.65746005989803,49504.897260000005,181.33662,42000.0,0.0,43000.0,6262000.0,0.0,149.1,0.0
2023,MISSOURI,JACKSON,495.1892664757957,0.3767600784018075,6994.871520000001,25.62224,3645.00864,13.35168,0.0,0.0,14249.14410972617,6.539725006389762,17695.28124,64.81788,20500.0,0.0,21200.0,3827000.0,0.0,186.7,0.0
2023,MISSOURI,JASPER,2181.2730204415675,1.6595000709304186,13263.8415,48.5855,8939.88732,32.74684,0.0,0.0,22516.04058669063,11.122978591429852,35373.194220000005,129.57214,36200.0,0.0,37000.0,5122000.0,0.0,141.5,0.0
2023,MISSOURI,JEFFERSON,66.66834244526505,0.0507201917074441,3556.0979999999995,13.026,1888.70682,6.918340000000001,0.0,0.0,22202.684763848687,10.19004732080856,9812.821199999998,35.944399999999995,3420.0,0.0,3600.0,404000.0,0.0,118.1,0.0
2023,MISSOURI,JOHNSON,3356.644904875689,2.553660127943268,21503.87694,78.76878,13760.27016,50.40392,0.0,0.0,30794.331833817523,14.133232171553274,71088.82872,260.39864,48300.0,0.0,51300.0,6245000.0,0.0,129.3,0.0
2023,MISSOURI,KNOX,848.8528484733383,0.6457800962222652,15670.75692,57.40204,5527.53474,20.24738,0.0,0.0,19240.047841409563,8.8303284059508,30379.3854,111.2798,62300.0,0.0,64600.0,8155000.0,0.0,130.9,0.0
2023,MISSOURI,LACLEDE,8.502480056982414e-05,2.904196071926261e-07,1635.6794999999995,5.9915,7941.96858,29.09146,0.0,0.0,28475.498700917185,13.068990634791604,47843.28822,175.25014000000002,570.0,0.0,2600.0,82100.0,0.0,144.0,0.0
2023,MISSOURI,LAFAYETTE,2855.2295184325326,2.172240132535637,27987.99822,102.52014,14194.6896,51.9952,0.0,0.0,23541.56875923812,10.804535677293543,80212.03008,293.81696,103500.0,0.0,107500.0,18288000.0,0.0,176.7,0.0
2023,MISSOURI,LAWRENCE,1827.7170235351284,1.3905200669947877,2794.0239600000004,10.23452,4853.26296,17.77752,0.0,0.0,22704.054089111683,10.420153598674128,22803.61356,83.52972000000001,10900.0,0.0,17000.0,964000.0,0.0,88.4,0.0
2023,MISSOURI,LEWIS,561.3514526936339,0.4270801097171978,17663.07816,64.69992,7105.4256,26.0272,0.0,0.0,18875.415604783357,8.662978385652202,40857.34926,149.66062,69600.0,0.0,73200.0,10280000.0,0.0,147.7,0.0
2023,MISSOURI,LINCOLN,731.4421766504308,0.5564601698355348,22836.02958,83.64846,9385.99662,34.380939999999995,0.0,0.0,23678.30584313927,10.867291932687072,53383.68672,195.54464,44600.0,0.0,46200.0,7100000.0,0.0,159.2,0.0
2023,MISSOURI,LINN,3096.2723944946074,2.355600187957016,17330.97366,63.48342,6362.062980000001,23.30426,0.0,0.0,23342.16050800856,10.713016136400118,32656.189020000005,119.61974,43100.0,0.0,45000.0,6775000.0,0.0,157.2,0.0
2023,MISSOURI,LIVINGSTON,4301.264020959317,3.272340142398417,18173.36976,66.56912,4361.00028,15.97436,0.0,0.0,20088.9572719076,9.21994017407087,21124.29774,77.37838,45800.0,0.0,47300.0,6536000.0,0.0,142.7,0.0
2023,MISSOURI,MACON,2107.823574624951,1.603600187466525,19366.76742,70.94054,7035.54852,25.77124,0.0,0.0,30634.805233269675,15.133667993283924,35612.35314,130.44818,46700.0,0.0,48700.0,6389000.0,0.0,136.8,0.0
2023,MISSOURI,MARIES,582.7897738068259,0.4433801824644567,1317.7163999999998,4.8268,3126.90924,11.45388,0.0,0.0,19906.64115500356,9.136265164568272,22539.82458,82.56346,1800.0,0.0,2200.0,136600.0,0.0,75.9,0.0
2023,MISSOURI,MARION,126.5532342963326,0.0962601140337573,19294.1931,70.6747,7911.49086,28.97982,0.0,0.0,16402.753259321667,8.102999843222301,45198.76998,165.56326,59100.0,0.0,61200.0,7382000.0,0.0,124.9,0.0
2023,MISSOURI,MILLER,915.7003165963469,0.6966401929559748,2064.699,7.563,3933.42768,14.40816,0.0,0.0,22567.31700346736,11.1483092655267,26974.98258,98.80946,1110.0,0.0,2000.0,124400.0,0.0,112.1,0.0
2023,MISSOURI,MISSISSIPPI,6743.108714570404,5.130060046667981,36689.40912,134.39344,21056.75754,77.13098,36447.898941,0.0,15348.7381934716,7.5823138475048815,104284.5258,381.9946,57400.0,0.0,58700.0,10177000.0,0.0,177.3,0.0
2023,MISSOURI,MONITEAU,1218.8673331320967,0.9273001155319424,9866.394719999998,36.14064,7081.41798,25.93926,0.0,0.0,15576.633346864885,7.14898367434748,38024.68488,139.28456,13800.0,0.0,17100.0,1572000.0,0.0,113.9,0.0
2023,MISSOURI,MONROE,1058.1453513404315,0.805020153051626,32343.52758,118.47446,11330.13336,41.50232,0.0,0.0,24527.215276092284,11.256903701933863,56471.34402,206.85474,68500.0,0.0,71000.0,5619000.0,0.0,82.0,0.0
2023,MISSOURI,MONTGOMERY,511.0457302093437,0.388780171050029,19306.0959,70.7183,7742.48202,28.36074,0.0,0.0,20225.69435377504,9.282696428531017,42954.37146,157.34202000000002,52700.0,0.0,53700.0,7357000.0,0.0,139.6,0.0
2023,MISSOURI,NEW MADRID,17203.752131820707,13.088380041232243,62140.23816,227.61992,44854.75722,164.30314,134204.42151,0.0,25444.49323966521,12.56964129572016,235254.29382,861.7373400000001,66300.0,0.0,67900.0,12358000.0,0.0,186.4,0.0
2023,MISSOURI,OSAGE,507.4925442435576,0.3860802202780863,5379.42132,19.70484,5134.94436,18.809320000000003,0.0,0.0,22778.120006556,11.252446459689958,30005.369940000004,109.90978,9920.0,0.0,10700.0,1124000.0,0.0,113.3,0.0
2023,MISSOURI,PEMISCOT,16043.506511864656,12.205660041959275,37284.11232,136.57184,19336.25694,70.82878,189048.559662,0.0,18476.59910464846,8.479939304932067,98645.96742000002,361.34054,29400.0,0.0,29900.0,5551000.0,0.0,188.8,0.0
2023,MISSOURI,PERRY,1080.6195239232136,0.8221000621516483,14387.72244,52.70228,6732.60042,24.66154,0.0,0.0,17770.12414641577,8.77848437368999,33934.29858,124.30146,29800.0,0.0,31000.0,3966000.0,0.0,133.1,0.0
2023,MISSOURI,PETTIS,1452.807162275205,1.1053001468966552,24907.60818,91.23666,12430.74378,45.53386,0.0,0.0,25176.71643544496,11.55499592002004,64667.27904,236.87648,64300.0,0.0,69800.0,7800000.0,0.0,121.3,0.0
2023,MISSOURI,PLATTE,1009.7588693783024,0.7682000880218322,16622.78436,60.88932,6257.356559999999,22.92072,0.0,0.0,14556.802558381753,7.19109572542965,34129.10046,125.01502,42000.0,0.0,43700.0,7001000.0,0.0,166.7,0.0
2023,MISSOURI,POLK,1601.777805487539,1.2186201588521377,1715.78316,6.2849200000000005,6584.6781,24.1197,0.0,0.0,23946.082639079446,10.990189602543996,46104.889740000006,168.88238,2670.0,0.0,3500.0,380000.0,0.0,142.3,0.0
2023,MISSOURI,PUTNAM,978.4175730245698,0.744360093723,10886.43738,39.87706,5744.8755,21.0435,0.0,0.0,19485.035134154543,9.62565455573796,33773.74182,123.71334,22600.0,0.0,23600.0,3254000.0,0.0,144.0,0.0
2023,MISSOURI,RALLS,344.4383807365084,0.2620401389345815,20196.24516,73.97892,6939.1303800000005,25.41806,0.0,0.0,18060.69045290153,8.289055684887362,38054.98242,139.39553999999998,56600.0,0.0,57900.0,5502000.0,0.0,97.2,0.0
2023,MISSOURI,RANDOLPH,1418.8802678681432,1.0794600772572118,17356.1661,63.5757,6061.659240000001,22.20388,0.0,0.0,18174.638030324502,8.978315212212841,29898.97092,109.52004,27000.0,0.0,27900.0,2840000.0,0.0,105.2,0.0
2023,MISSOURI,RAY,2296.72173795392,1.7473201316303284,22522.62558,82.50046,7839.37518,28.715660000000003,0.0,0.0,21330.9858212943,9.789976177674056,40563.57396,148.58452,44700.0,0.0,46200.0,7733000.0,0.0,173.0,0.0
2023,MISSOURI,SALINE,2360.6275361819885,1.7959400471254732,43051.51578,157.69786,18783.56298,68.80426,0.0,0.0,28481.19608309311,13.071605480455313,111624.22908,408.87996,148100.0,0.0,152500.0,26016000.0,0.0,175.7,0.0
2023,MISSOURI,SCOTLAND,775.8743053727056,0.5902600853655883,13944.7035,51.0795,5643.63618,20.67266,0.0,0.0,16442.634910206747,8.122701475366625,32785.43814,120.09318,49700.0,0.0,55700.0,8330000.0,0.0,167.6,0.0
2023,MISSOURI,SCOTT,5839.84219111199,4.442860036152926,33037.08954,121.01498,21361.01058,78.24546,43491.4250562,0.0,15439.896255845766,7.08622741568712,110981.1885,406.5245000000001,69100.0,0.0,71100.0,12355000.0,0.0,178.8,0.0
2023,MISSOURI,SHELBY,775.3136196423451,0.5898401170761693,21354.68244,78.22228000000001,6743.07816,24.69992000000001,0.0,0.0,18943.784152399254,9.358275259654569,35269.372319999995,129.19183999999998,55300.0,0.0,57500.0,5829000.0,0.0,105.4,0.0
2023,MISSOURI,ST CHARLES,747.5146626785104,0.5686801296337234,15065.28114,55.18418,6330.711660000001,23.189420000000005,0.0,0.0,17462.465691513797,8.626500351713684,37248.46398,136.44126,35500.0,0.0,38600.0,5889000.0,0.0,165.9,0.0
2023,MISSOURI,ST CLAIR,1593.12780483783,1.2120402026901924,4104.32568,15.03416,4892.602260000001,17.92162,0.0,0.0,26196.547228867086,12.02305301107554,24443.7375,89.5375,13100.0,0.0,17800.0,1046000.0,0.0,79.8,0.0
2023,MISSOURI,ST FRANCOIS,23.254247319025957,0.0177001459465128,3125.60976,11.44912,2489.3778,9.1186,0.0,0.0,16288.805680881847,8.046709463452752,14111.7522,51.6914,1780.0,0.0,1800.0,248000.0,0.0,139.3,0.0
2023,MISSOURI,STE GENEVIEVE,115.10945060448148,0.0875801541772718,7436.574599999999,27.240200000000005,3700.875360000001,13.55632,0.0,0.0,18995.060563510648,9.383605930952724,19534.63512,71.55544,10900.0,0.0,11100.0,1621000.0,0.0,148.7,0.0
2023,MISSOURI,STODDARD,19322.5903396263,14.70036006800365,65009.85582,238.13134,51536.52504,188.77848,199008.07002,0.0,30942.463678293632,14.201218116540794,283487.52432,1038.41584,86000.0,0.0,88700.0,14912000.0,0.0,173.4,0.0
2023,MISSOURI,SULLIVAN,1432.891321267278,1.0901402095574433,13200.24888,48.35256,6906.91638,25.30006,0.0,0.0,24652.55759963637,12.178423171205056,37676.63172,138.00964,21700.0,0.0,22800.0,3194000.0,0.0,147.2,0.0
2023,MISSOURI,VERNON,5483.117290824614,4.1714800375296175,22384.61316,81.99492,13243.8579,48.5123,0.0,0.0,31278.6090243192,15.451708625576892,59716.63698,218.74226,54300.0,0.0,61600.0,5685000.0,0.0,104.7,0.0
2023,MISSOURI,WARREN,263.39703484776044,0.2003801165841972,8007.05178,29.32986,3443.73666,12.61442,0.0,0.0,16374.266367762271,8.088927249786899,19576.9938,71.7106,17800.0,0.0,17900.0,2554000.0,0.0,143.5,0.0
2023,MISSOURI,WAYNE,315.86820711598966,0.2403002006017283,1122.34122,4.111140000000001,902.74548,3.30676,434.545606386,0.0,29102.210355171697,13.356623481056848,5301.05394,19.41778,770.0,0.0,900.0,69200.0,0.0,89.9,0.0
2023,MISSOURI,WORTH,768.6179535829807,0.5847400366702264,8973.14418,32.868660000000006,3186.69624,11.67288,0.0,0.0,10118.544557959432,4.998585522231641,18696.66708,68.48596,16600.0,0.0,17200.0,2829000.0,0.0,170.4,0.0
2023,NEBRASKA,ADAMS,30.024000398443675,0.0228401856819836,38326.17516,140.38891999999998,31253.65698,114.48226,0.0,0.0,21023.32737815879,10.385574650549652,203212.29474,744.36738,177500.0,0.0,180500.0,36299000.0,0.0,204.5,0.0
2023,NEBRASKA,BOX BUTTE,0.0001209876714007,4.132581525375025e-07,28417.410840000004,104.09308,15006.94104,54.97048,0.0,0.0,40519.75725564536,20.016858237095622,92182.55592,337.66504000000003,84600.0,0.0,94700.0,13561000.0,0.0,160.3,0.0
2023,NEBRASKA,BOYD,6.250800063441488,0.0047601855144847,4933.99998,18.07326,2816.43726,10.31662,0.0,0.0,20316.852422017902,9.32453393777588,22813.829220000003,83.56714000000001,39900.0,0.0,41800.0,6842000.0,0.0,171.5,0.0
2023,NEBRASKA,BROWN,0.0001376251774219,4.25684165655514e-07,7769.35614,28.45918,6524.54712,23.89944,0.0,0.0,46091.79362524224,22.769457701067548,54347.78076,199.07612,36000.0,0.0,39400.0,7629000.0,0.0,211.9,0.0
2023,NEBRASKA,BUFFALO,76.49776307212369,0.0582003161977282,47964.0252,175.6924,38803.77228,142.13836,0.0,0.0,36178.35469255348,17.872194854556074,259112.76846000005,949.13102,210000.0,0.0,213500.0,41244000.0,0.0,196.4,0.0
2023,NEBRASKA,BURT,304.875703471203,0.2319401295183293,28397.60742,104.02054,16028.785499999998,58.7135,0.0,0.0,18812.74444602555,8.634215104085834,102984.46158,377.23246,125100.0,0.0,126500.0,21805000.0,0.0,174.3,0.0
2023,NEBRASKA,BUTLER,185.9300897412568,0.1414601674940393,31134.388739999995,114.04538,22620.99294,82.86078,0.0,0.0,22026.066018225705,10.108987151969409,143491.54092,525.61004,150600.0,0.0,155500.0,28169000.0,0.0,187.0,0.0
2023,NEBRASKA,CASS,763.9779988074736,0.5812201314176118,29568.72828,108.31036,13180.625640000002,48.28068,0.0,0.0,20954.95882400597,10.351800419185976,84872.82804,310.88948,127800.0,0.0,129000.0,25010000.0,0.0,195.7,0.0
2023,NEBRASKA,CEDAR,403.370888246317,0.3069002306132947,32106.54174,117.60638,21859.61778,80.07186,0.0,0.0,27723.44471433008,13.695448844609937,148506.22332000002,543.97884,180300.0,0.0,189000.0,35494000.0,0.0,196.9,0.0
2023,NEBRASKA,CHASE,0.0001006926359745,3.439363055361456e-07,28280.59416,103.59192,21964.651800000003,80.4566,0.0,0.0,33722.78447782928,16.65913722024558,144911.7579,530.8123,143700.0,0.0,150000.0,23682000.0,0.0,164.8,0.0
2023,NEBRASKA,CHEYENNE,1.3586529559167522,0.001040454165596,13865.23866,50.78842,7052.572800000001,25.8336,0.0,0.0,44530.71185378359,20.437621208683385,53839.56942,197.21454,65900.0,0.0,68400.0,6550000.0,0.0,99.4,0.0
2023,NEBRASKA,CLAY,19.28646253515825,0.0146801922926583,38471.95716,140.92292,31084.053000000004,113.861,0.0,0.0,21627.249510391783,10.68391364678014,201002.90574,736.27438,175100.0,0.0,178000.0,33917000.0,0.0,193.7,0.0
2023,NEBRASKA,COLFAX,62.38065975623262,0.0474601194928078,22933.29948,84.00476,15977.77272,58.52664,0.0,0.0,15610.81762234338,7.164672740262635,98977.74978,362.55586000000005,103400.0,0.0,116500.0,17971000.0,0.0,173.8,0.0
2023,NEBRASKA,CUMING,148.6146537017254,0.1130801610548513,27367.58934,100.24758,15789.51738,57.83706,0.0,0.0,21558.880968731744,9.89456994015234,107013.2427,391.9899,145000.0,0.0,161500.0,23896000.0,0.0,164.8,0.0
2023,NEBRASKA,CUSTER,128.1653825279776,0.0975208714189825,55146.31122,202.00114,37564.82184,137.60008,0.0,0.0,96918.10893921983,44.48111238970432,304419.4335,1115.0895,236500.0,0.0,247000.0,45680000.0,0.0,193.2,0.0
2023,NEBRASKA,DAKOTA,124.08631649483024,0.0944000554969617,11795.6202,43.2074,6248.980920000001,22.89004,0.0,0.0,9771.00445740192,4.484457571314795,44281.0095,162.2015,62500.0,0.0,63400.0,12294000.0,0.0,196.7,0.0
2023,NEBRASKA,DAWSON,62.750387735902365,0.0477403664611136,45018.748320000006,164.90384,36264.501,132.83700000000002,0.0,0.0,38200.92413664685,18.87134905929796,251429.18346,920.98602,192400.0,0.0,200500.0,45118000.0,0.0,234.5,0.0
2023,NEBRASKA,DEUEL,0.0303487045464169,2.0166360811492035e-05,6807.32052,24.93524,3827.71116,14.02092,0.0,0.0,16311.595202946935,8.057967542556977,30118.63764,110.32468,50000.0,0.0,51600.0,5925000.0,0.0,118.5,0.0
2023,NEBRASKA,DIXON,112.87462851330176,0.0858601660924625,16992.246180000002,62.24266,9314.24676,34.118120000000005,0.0,0.0,17895.466470323016,8.213225206775594,68205.23346,249.83602,110600.0,0.0,116000.0,19775000.0,0.0,178.8,0.0
2023,NEBRASKA,DODGE,226.1237888980797,0.1720201465529212,33228.26598,121.71526,24198.9657,88.6409,0.0,0.0,20083.25989031274,9.217325328673844,143013.90558,523.8604600000001,141800.0,0.0,143000.0,28105000.0,0.0,198.2,0.0
2023,NEBRASKA,DOUGLAS,126.62209983787032,0.0963600607376404,10782.68646,39.49702,6174.353640000001,22.61668,0.0,0.0,7526.237253131282,3.717979434185468,37838.68452,138.60324,24900.0,0.0,25200.0,4123000.0,0.0,165.6,0.0
2023,NEBRASKA,DUNDY,0.0001034825654143,3.534658805138025e-07,16596.9258,60.7946,12572.39256,46.05272000000001,0.0,0.0,34657.15458637563,15.906096447163511,82249.69116,301.28092,84300.0,0.0,91000.0,13092000.0,0.0,155.3,0.0
2023,NEBRASKA,FILLMORE,176.60944757853983,0.1343601391069805,41590.33788,152.34556,32323.86612000001,118.40244,0.0,0.0,21798.170875872547,10.004393391824586,213208.86132,780.98484,187600.0,0.0,190500.0,35006000.0,0.0,186.6,0.0
2023,NEBRASKA,FRANKLIN,49.44401832653164,0.0376001769280477,20966.93508,76.80196,16621.10268,60.88316,0.0,0.0,21587.367869007023,10.664212019328998,107631.8607,394.2559,100900.0,0.0,102500.0,19857000.0,0.0,196.8,0.0
2023,NEBRASKA,FURNAS,8.95645985519094,0.0068202467237858,16192.56912,59.31344,11958.86874,43.80538,0.0,0.0,26988.482859744254,13.332375908113807,78468.4173,287.43010000000004,112900.0,0.0,129500.0,13187000.0,0.0,116.8,0.0
2023,NEBRASKA,GAGE,936.6321063028564,0.7125801989115705,29857.85712,109.36944,16727.255999999998,61.272,0.0,0.0,32230.07125806846,15.921733273818235,100911.87834,369.64058,191600.0,0.0,193500.0,31537000.0,0.0,164.6,0.0
2023,NEBRASKA,GARDEN,0.0023536278953361,5.989044712803797e-07,6630.40014,24.28718,4341.4917,15.9029,0.0,0.0,64847.56427099322,32.03485383300441,31621.3443,115.8291,36900.0,0.0,42100.0,5210000.0,0.0,141.2,0.0
2023,NEBRASKA,GARFIELD,15.85986183743497,0.0120602107833041,3088.9403999999995,11.314799999999998,1883.79828,6.90036,0.0,0.0,21319.591065977933,9.784746490493523,16523.23764,60.52468,11000.0,0.0,12800.0,2122000.0,0.0,192.9,0.0
2023,NEBRASKA,GOSPER,42.97084625637088,0.0326801565848936,15968.33784,58.49208,13136.91288,48.12056,0.0,0.0,17405.49189886564,8.598355160135345,85764.48426000001,314.15562000000006,87200.0,0.0,89400.0,18016000.0,0.0,206.6,0.0
2023,NEBRASKA,GREELEY,22.91598154361392,0.0174401890550029,16326.52476,59.80412,11256.16128,41.23136,0.0,0.0,21393.656995493748,9.818739466327456,87631.49304,320.99448,76400.0,0.0,80600.0,14776000.0,0.0,193.4,0.0
2023,NEBRASKA,HALL,101.660809692094,0.0773401676542863,37389.19548,136.95676,31113.88098,113.97026,0.0,0.0,20020.588720514817,9.18856204204055,203766.7359,746.3983,182400.0,0.0,184500.0,39195000.0,0.0,214.9,0.0
2023,NEBRASKA,HAMILTON,96.54833277497318,0.0734601589462927,44346.92808,162.44296000000003,37108.97736,135.93032,0.0,0.0,20430.79998877844,9.37683081582152,241247.43006,883.69022,204500.0,0.0,210500.0,44765000.0,0.0,218.9,0.0
2023,NEBRASKA,HARLAN,60.09773855974984,0.0457201796670167,20533.78782,75.21534,16164.31362,59.20994,0.0,0.0,20880.892906416386,9.583403497381154,104570.37318,383.04166,99600.0,0.0,114500.0,19093000.0,0.0,191.7,0.0
2023,NEBRASKA,HAYES,0.8861002902917224,0.000680248359612,11546.76978,42.29586,8080.800000000001,29.6,0.0,0.0,26891.62742786125,13.284529090146393,57224.39268,209.61316,72300.0,0.0,73400.0,9580000.0,0.0,132.5,0.0
2023,NEBRASKA,HITCHCOCK,8.60677914548146,0.006540244477237,9695.63322,35.515139999999995,6657.20874,24.38538,0.0,0.0,26828.95626079431,13.253569381804176,44422.33068,162.71916,63900.0,0.0,68700.0,7003000.0,0.0,109.6,0.0
2023,NEBRASKA,HOLT,17.79770833712674,0.013540917063872,48267.492,176.804,34562.673599999995,126.6032,0.0,0.0,90816.21635746358,44.86343086873954,262927.54488,963.10456,167600.0,0.0,174000.0,37492000.0,0.0,223.7,0.0
2023,NEBRASKA,HOWARD,143.37815199970686,0.109080175682049,22918.25172,83.94964,17186.97708,62.95596,0.0,0.0,21604.460005656783,10.67265557623702,123246.07386,451.45082,93700.0,0.0,104000.0,20295000.0,0.0,216.6,0.0
2023,NEBRASKA,JEFFERSON,411.4184855764612,0.313020133518333,20519.1168,75.1616,13744.81836,50.34732,0.0,0.0,21604.459997086164,9.915488692127964,86904.23196,318.33052000000004,110300.0,0.0,114500.0,15530000.0,0.0,140.8,0.0
2023,NEBRASKA,JOHNSON,552.9887686157103,0.4207000869061305,9400.49292,34.43404,5051.19888,18.50256,0.0,0.0,14317.512654364142,6.571103135319922,28179.22926,103.22062,67000.0,0.0,67600.0,11631000.0,0.0,173.6,0.0
2023,NEBRASKA,KEARNEY,80.01250739724283,0.060880159286675,36422.26224,133.41488,30030.753480000003,110.00276,0.0,0.0,19410.969204566096,8.908773728992905,195500.6508,716.1196,165600.0,0.0,172000.0,33584000.0,0.0,202.8,0.0
2023,NEBRASKA,KEYA PAHA,8.674298880953943e-05,2.68302046976835e-07,3909.02148,14.31876,2928.81498,10.72826,0.0,0.0,29050.933946399047,14.351231740888108,21770.668920000004,79.74604,17700.0,0.0,20600.0,3806000.0,0.0,215.0,0.0
2023,NEBRASKA,KNOX,266.84049596356755,0.2030202849094727,24972.87156,91.47572,15728.294400000002,57.61280000000001,0.0,0.0,42137.81280372947,20.81618159733696,119888.31036,439.15132,142000.0,0.0,156000.0,23714000.0,0.0,167.0,0.0
2023,NEBRASKA,LANCASTER,812.0250562418468,0.6177601645769165,28421.8389,104.1093,14680.181880000002,53.77356,0.0,0.0,28880.012596447097,13.254644567242426,86306.12718000001,316.13966,138200.0,0.0,139500.0,19293000.0,0.0,139.6,0.0
2023,NEBRASKA,LINCOLN,39.3767852642979,0.0299609741144689,53351.298,195.426,33670.85904,123.33648,0.0,0.0,96564.87146380774,44.318992059293066,290439.26184,1063.88008,187800.0,0.0,199000.0,35626000.0,0.0,189.7,0.0
2023,NEBRASKA,LOGAN,0.6430840626296531,0.0005001981119858,3719.85978,13.62586,2494.87602,9.13874,0.0,0.0,21484.81505072089,10.613550678677408,24206.15652,88.66724,21500.0,0.0,22500.0,4356000.0,0.0,202.6,0.0
2023,NEBRASKA,LOUP,6.53334287773006,0.0049801943525942,2235.5533199999995,8.18884,1415.69064,5.1856800000000005,0.0,0.0,21171.45922323048,9.716760546299383,13363.52472,48.95064,5480.0,0.0,8800.0,978000.0,0.0,178.5,0.0
2023,NEBRASKA,MADISON,92.6876912795301,0.070520153221332,28119.18564,103.00068,18508.537320000003,67.79684,0.0,0.0,21097.39329066409,10.422163390740424,129321.70524,473.70588,139200.0,0.0,151000.0,24360000.0,0.0,175.0,0.0
2023,NEBRASKA,MERRICK,107.55964820582716,0.0818001643517063,31842.6381,116.6397,26083.21716,95.54292,0.0,0.0,18539.270260791487,9.158444417328374,171366.36425999997,627.71562,123900.0,0.0,127500.0,24644000.0,0.0,198.9,0.0
2023,NEBRASKA,MORRILL,5.658760863729994,0.00430054957756,23557.27374,86.29038000000001,14799.82686,54.21182,0.0,0.0,53885.80766832878,24.73119516403369,106023.50304,388.36448,65700.0,0.0,72800.0,11373000.0,0.0,173.1,0.0
2023,NEBRASKA,NEMAHA,976.9772653455022,0.7432400840622508,20147.73852,73.80124,9301.33386,34.07082,0.0,0.0,15542.449066737918,7.6780074881328915,57874.908,211.996,94700.0,0.0,95300.0,17984000.0,0.0,189.9,0.0
2023,NEBRASKA,PAWNEE,568.3847701373775,0.4324201043344118,7861.89222,28.79814,3940.92426,14.43562,0.0,0.0,16112.18694040124,7.959459377823917,21291.30822,77.99014000000001,69200.0,0.0,69600.0,12027000.0,0.0,173.8,0.0
2023,NEBRASKA,PHELPS,108.05657408060934,0.0822001834603307,39477.372480000005,144.60576,33471.29058,122.60546,0.0,0.0,20185.812702367013,9.26439251981897,216895.26222,794.48814,185300.0,0.0,190500.0,42100000.0,0.0,227.2,0.0
2023,NEBRASKA,PLATTE,170.20068195596198,0.1294802093244475,43634.79666,159.83442000000002,33453.39816,122.53992,0.0,0.0,25655.296252196065,12.673778494547898,212174.52984,777.19608,189700.0,0.0,202000.0,39344000.0,0.0,207.4,0.0
2023,NEBRASKA,POLK,71.93506101085174,0.0547201383500247,29159.94354,106.81298,22879.86246,83.80902,0.0,0.0,16505.3060690517,7.5752032547847135,151819.54788,556.11556,128400.0,0.0,137000.0,24435000.0,0.0,190.3,0.0
2023,NEBRASKA,RICHARDSON,1452.0796573452617,1.1047201282636503,27770.74482,101.72434,11871.17568,43.48416,0.0,0.0,20453.58950092195,9.387290190875952,72927.60384000001,267.13408,113000.0,0.0,114000.0,22007000.0,0.0,194.8,0.0
2023,NEBRASKA,ROCK,0.0001145402125268,3.91235537241688e-07,6066.3166200000005,22.22094,5270.368740000001,19.30538,0.0,0.0,38360.45072910348,18.95015558239988,41542.77036,152.17132,26200.0,0.0,27300.0,6087000.0,0.0,232.3,0.0
2023,NEBRASKA,SALINE,493.3295866027015,0.3753401599618196,28769.45526,105.38262,19487.28054,71.38198,0.0,0.0,21604.459998829338,9.915488692928006,125123.33106,458.32722,148600.0,0.0,150000.0,23419000.0,0.0,157.6,0.0
2023,NEBRASKA,SARPY,166.2712332232981,0.1264800371384553,10293.7926,37.7062,5293.81944,19.39128,0.0,0.0,7235.670939237018,3.57443897127002,33000.76962,120.88194,29100.0,0.0,29300.0,5308000.0,0.0,182.4,0.0
2023,NEBRASKA,SAUNDERS,377.509498864903,0.2872001968254519,42142.99362,154.36994,27104.19348,99.28276,0.0,0.0,28395.73540652648,13.032382821234378,160443.42678,587.70486,184000.0,0.0,187000.0,35199000.0,0.0,191.3,0.0
2023,NEBRASKA,SCOTTS BLUFF,96.54505201146884,0.0734402435369265,30894.208800000004,113.1656,19626.707100000003,71.8927,0.0,0.0,27620.89189573889,13.644787503807642,137499.5349,503.6613,62900.0,0.0,75000.0,11731000.0,0.0,186.5,0.0
2023,NEBRASKA,SHERMAN,63.83225708494998,0.0485601731654395,16462.01466,60.30042,12000.31014,43.95718,0.0,0.0,21325.28844673026,9.787361335503864,88388.24358,323.76646,73900.0,0.0,77900.0,14647000.0,0.0,198.2,0.0
2023,NEBRASKA,SIOUX,6.920452476827155,0.0052607186077753,4884.52146,17.89202,4125.53232,15.11184,0.0,0.0,78128.15401217977,38.59549733531266,28928.96916,105.96692000000002,12000.0,0.0,15800.0,1938000.0,0.0,161.5,0.0
2023,NEBRASKA,STANTON,56.12068446626349,0.0426801516991141,16031.95776,58.72512,9419.16066,34.50242,0.0,0.0,16197.647625538491,7.434001677975836,67696.61262,247.97294,98800.0,0.0,102500.0,16124000.0,0.0,163.2,0.0
2023,NEBRASKA,THAYER,161.73251739219396,0.1230401961618539,29159.13,106.81,21576.01992,79.03304,0.0,0.0,21587.36786842596,9.907644163337268,138928.36229999998,508.8951,155200.0,0.0,166500.0,25856000.0,0.0,166.6,0.0
2023,NEBRASKA,VALLEY,74.98661558415141,0.0570601877909719,17799.7365,65.2005,12201.4074,44.6938,0.0,0.0,21462.02553090741,9.850117591024064,95088.83748,348.31076,68500.0,0.0,77600.0,14392000.0,0.0,210.1,0.0
2023,NEBRASKA,WASHINGTON,218.5367748819552,0.1662601197352899,19211.8836,70.37320000000001,10390.4346,38.0602,0.0,0.0,14534.013044785605,7.179837650509104,63660.6243,233.1891,80900.0,0.0,82800.0,12564000.0,0.0,155.3,0.0
2023,NEBRASKA,WAYNE,65.67298699640526,0.0499601605429391,19743.9606,72.32220000000001,11640.24498,42.63826,0.0,0.0,16801.56976788192,8.300016164522,84355.98444,308.99628,122100.0,0.0,128500.0,19573000.0,0.0,160.3,0.0
2023,NEBRASKA,WEBSTER,31.176302574604996,0.0237201927510449,16614.96564,60.86068,12266.74722,44.93314,0.0,0.0,21672.82854519596,10.706429800381525,79648.42704000001,291.75248,92200.0,0.0,98200.0,13581000.0,0.0,147.3,0.0
2023,NEBRASKA,WHEELER,5.78970337679266,0.0044201958002033,9566.88096,35.043519999999994,5469.83892,20.03604,0.0,0.0,21524.696700385743,10.633252310218936,49225.34526,180.31262,32800.0,0.0,39100.0,7406000.0,0.0,225.8,0.0
2023,NEW YORK,ALLEGANY,0.9451147387560294,0.0007203549121998,13901.31834,50.92058000000001,5760.452880000001,21.10056,0.0,0.0,38428.81927638526,17.637123216142363,28115.975160000005,102.98892,13700.0,0.0,19600.0,1917000.0,0.0,139.9,0.0
2023,NEW YORK,BROOME,7.481774170766223e-05,2.3141643521674837e-07,856.45014,3.13718,1876.7658,6.8746,0.0,0.0,25057.0714958926,11.50008420061758,15954.90078,58.44286,1160.0,5340.0,6600.0,191700.0,123000.0,165.3,23.0
2023,NEW YORK,CATTARAUGUS,0.0001469306127531,5.018715781084885e-07,6173.622,22.614,4218.27588,15.45156,0.0,0.0,49208.25976111429,24.308999521342617,34847.66376,127.64712,10600.0,13100.0,24200.0,1484000.0,275000.0,140.0,21.0
2023,NEW YORK,CAYUGA,14.896516776232414,0.0113402619869441,13861.98996,50.77652,7771.75308,28.46796,0.0,0.0,26293.402661795997,12.06750535795703,55480.698,203.226,33300.0,30100.0,63600.0,5191000.0,632000.0,155.9,21.0
2023,NEW YORK,CHAUTAUQUA,0.0017368197890155,3.6133166438518804e-07,8299.7733,30.4021,6147.07548,22.51676,0.0,0.0,39123.89947476931,17.95613419110441,50327.36436000001,184.34932,12700.0,12400.0,25200.0,2198000.0,242000.0,173.1,19.5
2023,NEW YORK,CHENANGO,0.0001008457418551,3.444592700053579e-07,3575.27352,13.096240000000002,3881.44848,14.217760000000002,0.0,0.0,33774.06088512021,15.500795615295068,35339.47872,129.44864,3760.0,9070.0,12900.0,481000.0,177000.0,127.9,19.5
2023,NEW YORK,COLUMBIA,7.129630636824938e-05,2.20524392841594e-07,529.3743000000001,1.9391,3159.58188,11.57356,0.0,0.0,23877.714099453104,11.795648605176714,24880.10616,91.13592,7220.0,3890.0,11300.0,1047000.0,102000.0,145.0,26.0
2023,NEW YORK,CORTLAND,0.0038352882356862,1.8884828406314837e-07,5129.38608,18.78896,4068.8193,14.9041,0.0,0.0,18516.480755184897,8.498243213244091,34329.3678,125.7486,3470.0,12200.0,15800.0,579000.0,256000.0,166.9,21.0
2023,NEW YORK,ERIE,0.0390905093557911,4.0279946318879424e-05,10284.28674,37.67138,5318.41674,19.48138,0.0,0.0,30315.752028832856,14.9760549374354,32780.87904,120.07648,13000.0,11000.0,24100.0,2093000.0,220000.0,161.0,20.0
2023,NEW YORK,FRANKLIN,49.20114007090984,0.0374205544355525,4170.932220000001,15.27814,2682.5034600000004,9.82602,0.0,0.0,62745.23154118145,28.79727768782216,8589.67746,31.46402,14700.0,4740.0,19500.0,2042000.0,97000.0,138.9,20.5
2023,NEW YORK,GENESEE,5.396131803572437e-05,1.843159252653788e-07,12057.30708,44.16596,6963.886020000001,25.50874,0.0,0.0,18072.085218996548,8.294285377014813,46783.818900000006,171.3693,33000.0,16300.0,49800.0,5676000.0,367000.0,172.0,22.5
2023,NEW YORK,HERKIMER,2.031401065267046,0.0015405501888134,6015.2001,22.0337,4595.616480000001,16.83376,0.0,0.0,53954.17621635142,26.65349374647388,39215.53818,143.64666,6730.0,10500.0,17300.0,1026000.0,205000.0,152.5,19.5
2023,NEW YORK,JEFFERSON,0.473180789353915,0.0003604354457229,15189.23952,55.63824,9067.24728,33.213359999999994,0.0,0.0,47174.29556995557,23.30421628394845,65384.87592,239.50504,20400.0,18500.0,39300.0,3260000.0,379000.0,159.8,20.5
2023,NEW YORK,LEWIS,0.0006854335722386,4.967581477641904e-07,2421.74478,8.87086,1748.08452,6.40324,0.0,0.0,48706.89044747248,22.35430191385324,13093.72974,47.96238,8690.0,17000.0,25700.0,1152000.0,315000.0,132.6,18.5
2023,NEW YORK,LIVINGSTON,26.785269283305823,0.0203802147889696,14331.134999999998,52.495,7992.38076,29.27612,0.0,0.0,23256.69982359764,11.488866048593666,53629.79622,196.44614,37300.0,24000.0,61500.0,6363000.0,504000.0,170.6,21.0
2023,NEW YORK,MADISON,1.4673731596603776,0.0011202499083357,9252.6798,33.8926,6273.79116,22.98092,0.0,0.0,24532.912649479684,12.11931827600638,52411.46274000001,191.98338,14800.0,12000.0,26900.0,2210000.0,240000.0,149.3,20.0
2023,NEW YORK,MONROE,4.907894151121996e-05,1.518045510263597e-07,7346.04234,26.90858,4015.3113,14.708100000000002,0.0,0.0,16436.93752739166,7.543825127221291,27298.01802,99.99274,26200.0,0.0,26700.0,4561000.0,0.0,174.1,0.0
2023,NEW YORK,MONTGOMERY,74.61148297868803,0.0567601473509835,3880.09986,14.21282,4329.46878,15.85886,0.0,0.0,15137.93518587975,6.947640680581743,34723.04472,127.19064,8760.0,10800.0,19800.0,1307000.0,184000.0,149.2,17.0
2023,NEW YORK,NIAGARA,0.1505328416749521,0.0001201804859198,6769.63014,24.79718,3697.15164,13.54268,0.0,0.0,17707.452976182052,8.747524663783377,25977.238560000005,95.15472,28400.0,4520.0,33100.0,4768000.0,102000.0,167.9,22.5
2023,NEW YORK,ONEIDA,20.406310075464315,0.0155204021479603,10977.89784,40.21208,7338.58944,26.88128,0.0,0.0,43995.1582637917,20.19182586983625,57692.72418,211.32866,27500.0,6570.0,34300.0,4326000.0,135000.0,157.3,20.5
2023,NEW YORK,ONONDAGA,1.6118539443458912,0.0012202286023335,9240.504,33.848,5854.7853,21.4461,0.0,0.0,24834.87371523303,12.268487773942224,43141.32732,158.02684,21700.0,0.0,35800.0,3244000.0,0.0,149.5,0.0
2023,NEW YORK,ONTARIO,2.7133308841372474,0.0020802421706537,14422.05492,52.82804,6863.09442,25.13954,0.0,0.0,23906.20099362727,10.971885696565424,45241.40166,165.71942,19600.0,19600.0,41100.0,2991000.0,372000.0,152.6,19.0
2023,NEW YORK,ORLEANS,4.353310618023692e-05,1.34650899856162e-07,8036.48664,29.43768,3487.61322,12.77514,0.0,0.0,14579.59207401161,6.691385962213277,22897.98966,83.87542,40600.0,3250.0,44000.0,7531000.0,70000.0,185.5,21.5
2023,NEW YORK,OSWEGO,0.0001068849183922,3.650873134220893e-07,7917.606060000001,29.00222,3129.42084,11.46308,0.0,0.0,35796.630329358864,16.429065262215044,17651.21904,64.65647999999999,7150.0,1300.0,8500.0,982000.0,22800.0,137.3,17.5
2023,NEW YORK,OTSEGO,3.4791521209238705,0.0026403468615598,5227.95546,19.15002,4460.74902,16.33974,0.0,0.0,37557.12034458048,18.553308426502657,39875.59758,146.06446,9560.0,0.0,16200.0,1529000.0,0.0,159.9,0.0
2023,NEW YORK,RENSSELAER,6.956110633643789e-05,2.3760019479872295e-07,444.5805,1.6285,2083.73256,7.63272,0.0,0.0,23296.58146614452,10.69209737822417,16033.21356,58.72972,5490.0,4840.0,10600.0,845000.0,90000.0,153.9,18.5
2023,NEW YORK,SENECA,12.382956613563524,0.0094201122580741,7489.21992,27.43304,3519.82722,12.89314,0.0,0.0,12876.075845685678,5.9095475871231145,23164.13736,84.85032000000001,18400.0,2440.0,21000.0,3200000.0,52000.0,173.9,21.5
2023,NEW YORK,ST LAWRENCE,22.76892263449659,0.0173009349187965,5936.985599999999,21.7472,4761.64962,17.44194,0.0,0.0,102530.02694597428,47.05673379124031,39024.24708,142.94596,17600.0,15900.0,34200.0,2798000.0,318000.0,159.0,20.0
2023,NEW YORK,STEUBEN,4.450775886394998,0.0034004821605146,46155.34014,169.06717999999998,16007.80818,58.63666,0.0,0.0,52262.054752377335,25.817581644369728,69323.81274000001,253.93338,29100.0,16000.0,45300.0,4391000.0,296000.0,150.9,18.5
2023,NEW YORK,SUFFOLK,4.911296503997976e-05,1.5190978814738713e-07,0.0,0.0,5386.99434,19.73258,0.0,0.0,16448.332284480264,7.549054815215199,16548.697620000003,60.61794,350.0,0.0,500.0,49200.0,0.0,140.6,0.0
2023,NEW YORK,TOMPKINS,13.747970444265384,0.0104601717653007,4849.98696,17.765520000000002,3619.5159,13.258300000000002,0.0,0.0,17621.99229511222,8.087712692588367,27481.94904,100.66648,6070.0,7580.0,13800.0,908000.0,163000.0,149.6,21.5
2023,NEW YORK,ULSTER,0.0001253086596624,3.8758832676574564e-07,300.97704,1.10248,1598.7153,5.8561,0.0,0.0,41966.89144246138,19.260941379586026,11623.6302,42.5774,930.0,0.0,1100.0,123900.0,0.0,133.2,0.0
2023,NEW YORK,WASHINGTON,9.441529475910072e-05,3.224947619182726e-07,1305.53514,4.78218,5169.77916,18.93692,0.0,0.0,31620.45174162583,14.512384559778663,36639.05154,134.20898,6270.0,21700.0,28200.0,841000.0,380000.0,134.1,17.5
2023,NEW YORK,WAYNE,11.08398434965936,0.0084201980881362,12033.9219,44.0803,4773.7599,17.4863,0.0,0.0,22134.316215506464,10.934405827396985,30010.4532,109.9284,22600.0,1070.0,23800.0,3645000.0,21400.0,161.3,20.0
2023,NEW YORK,WYOMING,8.25552673926754,0.006280206580474,29749.15944,108.97128,10899.37212,39.92444,0.0,0.0,22367.908753399908,10.265877802120492,49100.26758,179.85446000000002,18800.0,35900.0,55500.0,2677000.0,731000.0,142.4,20.5
2023,NEW YORK,YATES,10.6812985003051,0.0081201187245694,5490.91998,20.11326,3407.5259400000004,12.48178,0.0,0.0,13240.70808065588,6.54094186539899,24373.34172,89.27963999999999,7430.0,4710.0,12200.0,1235000.0,94000.0,166.2,20.0
2023,NORTH CAROLINA,ALAMANCE,1.350402284377651,0.0010201443955907,992.56794,3.63578,3676.764,13.467999999999998,0.0,0.0,14209.262459916052,6.521421098411087,21140.617680000003,77.43816,3440.0,0.0,3600.0,493000.0,0.0,143.3,0.0
2023,NORTH CAROLINA,ALEXANDER,8.251708732371572,0.0062800982163677,561.4518,2.0566,1961.2866,7.1842,0.0,0.0,9771.004457692448,4.484457571448135,9974.715660000002,36.53742,1500.0,0.0,2800.0,202000.0,0.0,134.7,0.0
2023,NORTH CAROLINA,ANSON,5.952416509421898e-05,1.84112347966614e-07,6607.8285,24.2045,2956.93398,10.83126,0.0,0.0,19935.128038573395,9.848001540800896,18542.85342,67.92254,9400.0,0.0,10200.0,1049000.0,0.0,111.6,0.0
2023,NORTH CAROLINA,BEAUFORT,339.7831992661829,0.2584802410026307,26234.21892,96.09604,9147.918780000002,33.50886,0.0,0.0,30629.1078516748,15.130853472975035,53315.63874,195.29538,42800.0,0.0,44000.0,6660000.0,0.0,155.6,0.0
2023,NORTH CAROLINA,BERTIE,2551.8925028832314,1.9414401184992107,18503.13192,67.77704,9124.55544,33.42328,0.0,0.0,26367.468593476264,13.025593356266995,65516.17254,239.98598,12700.0,0.0,13100.0,1824000.0,0.0,143.6,0.0
2023,NORTH CAROLINA,BLADEN,247.7597673562921,0.1885003002698354,15394.13694,56.38878,7588.54278,27.79686,0.0,0.0,32777.019619530176,16.19192708927762,44317.2366,162.3342,24800.0,0.0,25500.0,3612000.0,0.0,145.6,0.0
2023,NORTH CAROLINA,BRUNSWICK,9.02644241506439e-05,3.083166138539856e-07,2759.3584200000005,10.107539999999998,1437.02286,5.26382,0.0,0.0,30230.29134340508,14.933837151818862,9085.718459999998,33.28102,6600.0,0.0,6800.0,951000.0,0.0,144.1,0.0
2023,NORTH CAROLINA,BUNCOMBE,6.268835337081035e-05,2.141249004936177e-07,161.67606,0.59222,843.5154,3.0898,0.0,0.0,20994.84048195092,9.635700379453672,4589.4303,16.811099999999996,350.0,0.0,700.0,51700.0,0.0,147.7,0.0
2023,NORTH CAROLINA,BURKE,5.622388273728803e-05,1.7390434701900626e-07,330.53202000000005,1.21074,1468.45062,5.37894,0.0,0.0,18829.836578462637,8.642059634609954,9062.91204,33.19748,1200.0,0.0,1400.0,170900.0,0.0,142.4,0.0
2023,NORTH CAROLINA,CALDWELL,4.958929445562929e-05,1.5338310788201904e-07,271.65138,0.99506,1189.3681800000002,4.35666,0.0,0.0,16607.858888078685,8.204322520664737,7278.36564,26.66068,1640.0,0.0,1800.0,288000.0,0.0,175.6,0.0
2023,NORTH CAROLINA,CAMDEN,176.88601524553798,0.1345800504432213,17613.66516,64.51892000000001,5245.9134,19.2158,0.0,0.0,8979.06881926151,4.4356817471122,19308.64026,70.72762,17900.0,0.0,18400.0,3134000.0,0.0,175.1,0.0
2023,NORTH CAROLINA,CASWELL,58.84588365464108,0.044780148068633,556.60332,2.03884,1971.15828,7.22036,0.0,0.0,16032.423640577634,7.358171198770676,10712.01768,39.23816,670.0,0.0,800.0,83100.0,0.0,124.0,0.0
2023,NORTH CAROLINA,CATAWBA,4.014776497755049e-05,1.241798060321975e-07,808.1346000000001,2.9602,2175.07836,7.96732,0.0,0.0,13445.813713189778,6.642264544707215,10349.57742,37.91054,4900.0,0.0,5200.0,767000.0,0.0,156.5,0.0
2023,NORTH CAROLINA,CHATHAM,7.616167111969899e-05,2.355733015778274e-07,846.39282,3.10034,2495.3565,9.1405,0.0,0.0,25507.164409608395,12.600601005483254,14792.270220000002,54.18414,3100.0,0.0,4100.0,364000.0,0.0,117.4,0.0
2023,NORTH CAROLINA,CHOWAN,1425.8649105200386,1.08478003013106,9355.34418,34.26866,3832.93092,14.04004,0.0,0.0,6210.142774533817,2.850180030683258,23996.99484,87.90108,4460.0,0.0,4600.0,677000.0,0.0,151.8,0.0
2023,NORTH CAROLINA,CLEVELAND,5.086517681882133e-05,1.5732950002787538e-07,1226.9712,4.494400000000001,2696.39916,9.876919999999998,0.0,0.0,17035.162290522567,8.415411436548014,11808.20004,43.25348,6000.0,0.0,6900.0,851000.0,0.0,141.8,0.0
2023,NORTH CAROLINA,COLUMBUS,544.7030743502643,0.4144003243072882,30317.223300000005,111.0521,9606.58062,35.18894,0.0,0.0,35409.20857381981,16.25125586375519,56834.33574,208.18438,40400.0,0.0,41500.0,5178000.0,0.0,128.2,0.0
2023,NORTH CAROLINA,CRAVEN,226.4588413779919,0.1722802078433998,9655.86804,35.36948,3959.91414,14.50518,0.0,0.0,24703.834015977303,11.337963868139548,26697.22692,97.79204,17100.0,0.0,17600.0,2360000.0,0.0,138.0,0.0
2023,NORTH CAROLINA,CURRITUCK,7.510227160079374,0.0057200836783644,10636.56594,38.96178,3194.59686,11.70182,0.0,0.0,9320.911541071351,4.277884890355192,13500.88194,49.45378,9700.0,0.0,10000.0,1555000.0,0.0,160.3,0.0
2023,NORTH CAROLINA,DAVIDSON,2.336039015291667,0.0017802014613349,1585.98804,5.80948,3952.5213,14.4781,0.0,0.0,19952.22018074322,9.856445100435844,23963.26296,87.77752,6100.0,0.0,6800.0,784000.0,0.0,128.5,0.0
2023,NORTH CAROLINA,DAVIE,10.734327077846167,0.0081600829948677,767.39208,2.81096,2457.2293199999995,9.00084,0.0,0.0,9611.477854094026,4.748093342231944,15427.55214,56.51118,7550.0,0.0,7800.0,974000.0,0.0,129.0,0.0
2023,NORTH CAROLINA,DUPLIN,2677.013072350948,2.036620111969172,23596.4001,86.4337,14186.53236,51.96532,0.0,0.0,30600.62095604799,14.044327472323348,85448.16462,312.99694,50500.0,0.0,51900.0,7007000.0,0.0,138.8,0.0
2023,NORTH CAROLINA,DURHAM,2.2131204508362043,0.0016800639841712,339.92322,1.24514,412.83606,1.51222,0.0,0.0,6928.012490000375,3.179650382966527,1669.72806,6.11622,750.0,0.0,900.0,92200.0,0.0,122.9,0.0
2023,NORTH CAROLINA,EDGECOMBE,2687.5883050043926,2.044680086578235,25354.97874,92.87538,10136.85036,37.13132,0.0,0.0,18715.889000313346,9.245694502483586,58685.01912,214.96344,9020.0,0.0,9300.0,1114000.0,0.0,123.5,0.0
2023,NORTH CAROLINA,FORSYTH,2.7780211956729805e-05,9.488899932879965e-08,636.85986,2.33282,1720.33134,6.30158,0.0,0.0,9303.819405438444,4.596109323341367,9809.348639999998,35.93168,1790.0,0.0,1900.0,207000.0,0.0,115.6,0.0
2023,NORTH CAROLINA,FRANKLIN,152.31125027808972,0.1158801547218286,2823.09846,10.34102,1699.70892,6.226040000000001,0.0,0.0,18191.730165521607,8.986758768403252,7549.525619999999,27.65394,2250.0,0.0,2500.0,232000.0,0.0,103.1,0.0
2023,NORTH CAROLINA,GATES,717.0285285044228,0.5455000840676015,8859.396,32.452000000000005,3663.81834,13.42058,0.0,0.0,13058.391963170778,5.993222596892393,26712.40026,97.84762,3690.0,0.0,3800.0,480000.0,0.0,130.1,0.0
2023,NORTH CAROLINA,GRANVILLE,5.845242391009191e-05,1.9965621651161575e-07,1696.68408,6.21496,1828.83792,6.69904,0.0,0.0,19576.19318084012,9.670686851616818,8833.13886,32.35582,2000.0,0.0,2600.0,253000.0,0.0,126.5,0.0
2023,NORTH CAROLINA,GREENE,1974.693729659317,1.5023200332731372,13889.18622,50.87614000000001,5406.50838,19.80406,0.0,0.0,9879.254652939491,4.880375729509231,33743.0184,123.6008,10700.0,0.0,11000.0,1631000.0,0.0,152.4,0.0
2023,NORTH CAROLINA,GUILFORD,5.433557683906981e-05,1.680636866409923e-07,987.5502,3.6174,3539.02458,12.96346,0.0,0.0,18197.427542613263,8.98957328648754,19474.18746,71.33402000000001,4600.0,0.0,5400.0,652000.0,0.0,141.7,0.0
2023,NORTH CAROLINA,HALIFAX,1628.5581437645149,1.2390001473489751,19256.07138,70.53506,7321.00278,26.81686,0.0,0.0,27227.772773567245,12.496339787458146,44693.72544,163.71328000000003,7860.0,0.0,8100.0,1010000.0,0.0,128.5,0.0
2023,NORTH CAROLINA,HARNETT,637.3918190104886,0.4849402049625489,8925.4347,32.6939,4716.36438,17.27606,0.0,0.0,21564.57835090766,10.652953942183856,19465.61526,71.30261999999999,6990.0,0.0,7200.0,1100000.0,0.0,157.4,0.0
2023,NORTH CAROLINA,HENDERSON,3.700058848919501e-05,1.2638308238198606e-07,339.02232,1.24184,2027.3526,7.4262,0.0,0.0,12391.798656346122,6.121578553438986,13148.37342,48.16254000000001,1990.0,0.0,2100.0,360000.0,0.0,180.9,0.0
2023,NORTH CAROLINA,HERTFORD,802.5723855285501,0.610580087093548,10405.74444,38.11628,5063.4948,18.5476,0.0,0.0,13269.19497395845,6.08997182691312,36484.53354,133.64298,9310.0,0.0,9600.0,1209000.0,0.0,129.9,0.0
2023,NORTH CAROLINA,IREDELL,153.43270476872067,0.1167401335955149,1561.16688,5.71856,4857.8985,17.7945,0.0,0.0,19638.864353543337,9.013367492177885,27830.06772,101.94164,13500.0,0.0,21600.0,2111000.0,0.0,156.4,0.0
2023,NORTH CAROLINA,JOHNSTON,1395.306827958811,1.0615401637811968,34882.946280000004,127.77636,12445.3602,45.5874,0.0,0.0,27985.52414029656,12.84411404838679,38684.6187,141.7019,7080.0,0.0,7300.0,977000.0,0.0,138.0,0.0
2023,NORTH CAROLINA,JONES,167.83930548136192,0.127700142210621,8422.099139999998,30.85018,4072.1226,14.9162,0.0,0.0,17627.689680338706,8.090327539652144,27635.52792,101.22904,17500.0,0.0,18000.0,2798000.0,0.0,159.9,0.0
2023,NORTH CAROLINA,LEE,2.698065900484983e-05,9.215796258824305e-08,570.00762,2.08794,845.0169,3.0953,0.0,0.0,9036.042605140332,4.463826935346469,4557.2436,16.6932,1600.0,0.0,1700.0,140600.0,0.0,87.9,0.0
2023,NORTH CAROLINA,LENOIR,1659.6054797246968,1.2626000690991217,15986.67798,58.55926,7350.97818,26.92666,0.0,0.0,14767.605570331543,7.295232923970342,51088.783200000005,187.1384,23200.0,0.0,23900.0,3536000.0,0.0,152.4,0.0
2023,NORTH CAROLINA,MARTIN,1167.009443430758,0.8878600780043258,13911.0699,50.956300000000006,5591.11644,20.48028,0.0,0.0,17462.46569165906,8.626500351785445,37479.50388,137.28755999999998,6600.0,0.0,6800.0,842000.0,0.0,127.6,0.0
2023,NORTH CAROLINA,MOORE,9.432736104518602,0.007180235091014,841.32048,3.08176,2041.80522,7.47914,0.0,0.0,25820.520233902986,11.850473302209672,10317.09588,37.79156,2800.0,0.0,2900.0,279000.0,0.0,99.6,0.0
2023,NORTH CAROLINA,NASH,2216.576134994654,1.6863401189638076,29882.99496,109.46152,8966.70138,32.845060000000004,0.0,0.0,19462.24561285936,9.61439647701407,22639.54056,82.92872,3690.0,0.0,3800.0,439000.0,0.0,119.0,0.0
2023,NORTH CAROLINA,NORTHAMPTON,385.6891649124368,0.2934201311394818,15974.45304,58.51448,6229.95828,22.82036,0.0,0.0,20590.326600947483,9.45004645366986,42450.92124,155.49788,15600.0,0.0,16000.0,1923000.0,0.0,123.3,0.0
2023,NORTH CAROLINA,ONSLOW,275.3140288343766,0.2094602377635188,7382.138400000001,27.0408,4421.57898,16.19626,0.0,0.0,26504.20567374579,12.16425458851112,27052.73298,99.09426,10400.0,0.0,10700.0,1349000.0,0.0,129.7,0.0
2023,NORTH CAROLINA,ORANGE,22.99443842646025,0.0175001264424042,774.57744,2.83728,1738.01628,6.36636,0.0,0.0,13690.80099785803,6.763288856776907,9579.52632,35.08984,2200.0,0.0,2500.0,312000.0,0.0,141.8,0.0
2023,NORTH CAROLINA,PAMLICO,160.23597413416812,0.1219001049481077,6477.5802,23.7274,1767.58218,6.47466,0.0,0.0,12613.996425093988,5.789264759796403,8253.73458,30.23346,15500.0,0.0,15900.0,2261000.0,0.0,145.9,0.0
2023,NORTH CAROLINA,PASQUOTANK,801.7437128618794,0.60994003472017,20745.25908,75.98996,6046.791660000001,22.14942,0.0,0.0,7919.356381404052,3.912181235822133,24873.843539999994,91.11298,22500.0,0.0,23200.0,4005000.0,0.0,178.0,0.0
2023,NORTH CAROLINA,PENDER,18.519515038329644,0.0140803242033151,6143.4282,22.5034,3170.97144,11.61528,0.0,0.0,32463.663782161755,16.037128546561863,21469.2933,78.6421,14700.0,0.0,15100.0,2447000.0,0.0,166.5,0.0
2023,NORTH CAROLINA,PERQUIMANS,1662.4383149197254,1.2647600491229636,14138.00934,51.787580000000005,4790.66952,17.548239999999996,0.0,0.0,9189.871831356566,4.539818945724652,29344.24038,107.48806,14700.0,0.0,15100.0,2492000.0,0.0,169.5,0.0
2023,NORTH CAROLINA,PERSON,215.8463212035276,0.1642201397549003,1424.36658,5.21746,2190.24078,8.022860000000001,0.0,0.0,15132.237807335448,6.945025836584788,10975.56096,40.20352,3840.0,0.0,4100.0,414000.0,0.0,107.8,0.0
2023,NORTH CAROLINA,PITT,1629.3650699917291,1.239600099467496,26329.71432,96.44584,8915.295479999999,32.65676,0.0,0.0,22504.64582814937,11.117349553108442,56672.555940000006,207.59178,17500.0,0.0,18000.0,2177000.0,0.0,124.4,0.0
2023,NORTH CAROLINA,RANDOLPH,8.456548294024177e-05,2.888507138266204e-07,1488.28134,5.45158,3945.84918,14.45366,0.0,0.0,28321.66948312631,13.990973329501683,23384.279100000003,85.6567,10500.0,0.0,11100.0,1208000.0,0.0,115.0,0.0
2023,NORTH CAROLINA,ROBESON,2802.1051072602686,2.131820127333401,46497.40368,170.32016000000002,15849.79032,58.05784,0.0,0.0,34799.589047789705,17.191081286197548,93167.02668,341.27116,61700.0,0.0,63300.0,9715000.0,0.0,157.5,0.0
2023,NORTH CAROLINA,ROCKINGHAM,6.200788279995181e-05,1.9179465813030814e-07,715.89336,2.62232,2572.06404,9.42148,0.0,0.0,20766.945341631457,10.25892130345956,13080.8496,47.9152,3010.0,0.0,3100.0,413000.0,0.0,137.2,0.0
2023,NORTH CAROLINA,ROWAN,188.6151412304108,0.1435001395340017,2123.46498,7.77826,3507.4712400000003,12.847880000000002,0.0,0.0,17861.282199783524,8.197536143127223,20164.4625,73.8625,9900.0,0.0,10600.0,1346000.0,0.0,136.0,0.0
2023,NORTH CAROLINA,RUTHERFORD,6.238214160329726e-05,2.130789715335624e-07,529.0467,1.9379,1712.19048,6.27176,0.0,0.0,20892.28766524817,10.320840714948494,9131.93736,33.450320000000005,570.0,0.0,600.0,55300.0,0.0,97.0,0.0
2023,NORTH CAROLINA,SAMPSON,3719.5042762911817,2.829740197064035,33161.648519999995,121.47124,16620.27822,60.88014000000001,0.0,0.0,35916.27527878922,17.742726989309936,84485.84508,309.47196,33000.0,0.0,33900.0,5243000.0,0.0,158.9,0.0
2023,NORTH CAROLINA,SCOTLAND,946.3602246624108,0.719980073919629,6108.20574,22.37438,1842.24222,6.74814,0.0,0.0,11520.09971582545,5.690957165266732,10478.859300000002,38.3841,6500.0,0.0,6700.0,774000.0,0.0,119.1,0.0
2023,NORTH CAROLINA,STANLY,4.443472971405884e-05,1.517759131780598e-07,9101.312220000002,33.33814,4682.8782,17.1534,0.0,0.0,14881.553144122892,7.351523301443536,28053.037740000003,102.75838,12700.0,0.0,13100.0,1529000.0,0.0,120.4,0.0
2023,NORTH CAROLINA,STOKES,4.969136504624613e-05,1.6973102695777418e-07,511.96782,1.87534,1962.16566,7.18742,0.0,0.0,16642.043160797148,7.637959513778426,12461.12322,45.64514,1900.0,0.0,2100.0,253000.0,0.0,133.2,0.0
2023,NORTH CAROLINA,SURRY,216.4719520877572,0.1646801791292693,1084.02294,3.97078,3892.3521,14.2577,0.0,0.0,19730.022411704824,9.74667886429136,24003.96726,87.92662,12100.0,0.0,12500.0,2109000.0,0.0,174.3,0.0
2023,NORTH CAROLINA,TRANSYLVANIA,4.207009440452852e-05,1.3012570353123886e-07,72.26856,0.26472,415.98102000000006,1.52374,0.0,0.0,14089.61750612775,6.960305177933083,2529.60162,9.26594,1590.0,0.0,1700.0,264000.0,0.0,166.0,0.0
2023,NORTH CAROLINA,TYRRELL,1204.2409425776725,0.9161600765094984,12791.813579999998,46.85646,4380.07206,16.04422,0.0,0.0,14351.69692570259,7.0897730460496655,20610.12954,75.49498,24800.0,0.0,25500.0,4409000.0,0.0,177.8,0.0
2023,NORTH CAROLINA,UNION,6.263731807767064e-05,2.139505790052136e-07,14065.70802,51.52274,8739.94758,32.01446,0.0,0.0,20977.748346318007,10.363058498412192,50070.10554,183.40698,31400.0,0.0,32300.0,4288000.0,0.0,136.6,0.0
2023,NORTH CAROLINA,WAKE,55.26719081689761,0.0420401570310569,5649.35826,20.69362,2671.80186,9.78682,0.0,0.0,17576.413265305153,8.066793939946036,9731.31432,35.64584,900.0,0.0,1300.0,98100.0,0.0,109.0,0.0
2023,NORTH CAROLINA,WARREN,2.6526492427576898,0.002020168165862,1217.3616,4.4592,747.62688,2.73856,0.0,0.0,16562.27985681897,7.601351695820973,3173.06262,11.62294,2040.0,0.0,2100.0,221000.0,0.0,108.3,0.0
2023,NORTH CAROLINA,WASHINGTON,1719.2793850367093,1.308000085154987,23084.475960000003,84.55852,7922.1324,29.0188,0.0,0.0,12915.95749535053,5.92785149503512,37575.5562,137.6394,33300.0,0.0,34300.0,5751000.0,0.0,172.7,0.0
2023,NORTH CAROLINA,WAYNE,3842.614751887869,2.923420039331012,20901.25128,76.56136,9151.63704,33.52248,0.0,0.0,19741.41717024608,9.060434685456451,58275.47544,213.46328,20100.0,0.0,20700.0,2711000.0,0.0,134.9,0.0
2023,NORTH CAROLINA,WILKES,439.36296954859074,0.3342602400684334,803.51544,2.94328,3922.10364,14.36668,0.0,0.0,28230.511419154227,12.9565523409225,25701.21372,94.14364,6100.0,0.0,7400.0,1100000.0,0.0,180.3,0.0
2023,NORTH CAROLINA,WILSON,2058.9883397406093,1.5664200536318638,26234.90142,96.09854,7693.50582,28.18134,0.0,0.0,13200.826429974168,6.521240233355133,28801.36896,105.49952,6020.0,0.0,6200.0,769000.0,0.0,127.7,0.0
2023,NORTH CAROLINA,YADKIN,241.8710705143564,0.1840200933975006,1157.45448,4.23976,3566.82144,13.06528,0.0,0.0,12386.10127634917,5.684670996718094,21538.597080000003,78.89596,14500.0,0.0,14900.0,2248000.0,0.0,155.0,0.0
2023,NORTH DAKOTA,ADAMS,10.389110229931166,0.0079003762573287,3086.87652,11.30724,1187.72472,4.35064,0.0,0.0,37340.61995411544,18.446356709174427,11511.771180000002,42.16766,44100.0,0.0,47300.0,4273000.0,0.0,96.9,0.0
2023,NORTH DAKOTA,BARNES,1957.6340151187464,1.4893202707248872,34939.83948,127.98476,7071.45894,25.90278,0.0,0.0,56478.114970455004,27.90032560484993,74127.42792,271.52904,184000.0,480.0,185000.0,26330000.0,7700.0,143.1,16.0
2023,NORTH DAKOTA,BENSON,2415.423349896168,1.837620382300076,23020.53936,84.32432,6385.69386,23.39082,0.0,0.0,50985.841914147786,25.18712941085732,65854.10832,241.22384,66100.0,1900.0,69400.0,6709000.0,30400.0,101.5,16.0
2023,NORTH DAKOTA,BILLINGS,0.0282696606087379,2.0401047459838024e-05,1594.54932,5.84084,713.64384,2.6140800000000004,0.0,0.0,43425.42039893142,21.452262868395763,5657.95776,20.72512,5350.0,1990.0,7400.0,561000.0,29900.0,104.9,15.0
2023,NORTH DAKOTA,BOTTINEAU,6080.889130379051,4.626300246970512,30640.44984,112.23608,8680.14966,31.79542,0.0,0.0,63850.52300129221,29.30455743356503,86239.7991,315.8967,43700.0,0.0,45500.0,4951000.0,0.0,113.3,0.0
2023,NORTH DAKOTA,BOWMAN,3.08731157960154,0.0023404068145973,2963.04918,10.85366,1182.41214,4.331180000000001,0.0,0.0,44211.65865345779,21.840666470671614,10355.6817,37.9329,27000.0,3180.0,30400.0,3024000.0,52000.0,112.0,16.5
2023,NORTH DAKOTA,BURLEIGH,46.579438919992654,0.0354405519154931,5536.47276,20.28012,1788.40662,6.550940000000001,0.0,0.0,60996.13628304844,30.132239077474686,20642.50734,75.61358,78200.0,10700.0,89600.0,10846000.0,176000.0,138.7,16.5
2023,NORTH DAKOTA,CASS,2183.765989870469,1.6613803705814665,88421.06364,323.88668,27056.55498,99.10826,0.0,0.0,65149.52535413476,29.90074188540484,72374.38026,265.10762,339000.0,0.0,344500.0,54696000.0,0.0,161.3,0.0
2023,NORTH DAKOTA,CAVALIER,17737.58719807058,13.494520263316303,53012.259300000005,194.1841,15744.357719999998,57.67164,0.0,0.0,57076.339740602205,28.19585009040907,140344.72452000002,514.08324,8060.0,0.0,8200.0,745000.0,0.0,92.4,0.0
2023,NORTH DAKOTA,DICKEY,1223.709738122838,0.9309602238601292,22777.73862,83.43494000000001,9805.37922,35.91714,0.0,0.0,42696.15591797994,21.09200444827601,89619.98136,328.27832,168300.0,1000.0,170500.0,28190000.0,20300.0,167.5,20.5
2023,NORTH DAKOTA,DUNN,1.744067669316158,0.0013207041360627,6103.42278,22.35686,2740.99644,10.04028,0.0,0.0,76293.59807412451,37.68922225798707,14897.49534,54.56958,24400.0,8500.0,33900.0,2672000.0,153000.0,109.5,18.0
2023,NORTH DAKOTA,EDDY,462.4741733884936,0.351820159705716,8456.415239999998,30.97588,2282.38374,8.36038,0.0,0.0,24008.75381092559,11.018952890117337,24011.19084,87.95308,40800.0,0.0,45400.0,5977000.0,0.0,146.5,0.0
2023,NORTH DAKOTA,EMMONS,1.1021292505170763,0.0008405234925816,9078.1509,33.2533,3114.4331400000005,11.40818,0.0,0.0,56706.01012113185,28.01290636132483,34445.10888,126.17256,165000.0,7920.0,174000.0,23892000.0,174000.0,144.8,22.0
2023,NORTH DAKOTA,FOSTER,798.1748912146898,0.6072401521682494,13138.1796,48.1252,2964.22308,10.85796,0.0,0.0,24014.451189615163,11.863197058941092,33802.0956,123.8172,60200.0,4690.0,65300.0,9307000.0,80000.0,154.6,17.0
2023,NORTH DAKOTA,GOLDEN VALLEY,0.0001112059066579,3.439675390681893e-07,1407.52794,5.15578,603.6466800000001,2.21116,0.0,0.0,37243.76451752585,18.398509888881943,5675.71914,20.79018,17100.0,0.0,17700.0,1789000.0,0.0,104.6,0.0
2023,NORTH DAKOTA,GRAND FORKS,3847.4854534493184,2.927140321821657,83106.13038,304.41806,23474.32542,85.98654,0.0,0.0,53401.5304886929,24.50893342274588,89443.2903,327.6311,165200.0,0.0,166500.0,22186000.0,0.0,134.3,0.0
2023,NORTH DAKOTA,GRANT,0.7308665843383172,0.0005605770693509,4148.06574,15.19438,1526.52318,5.59166,0.0,0.0,62517.33638810775,30.88371561424453,16840.80762,61.68794,67300.0,12700.0,81100.0,8473000.0,216000.0,125.9,17.0
2023,NORTH DAKOTA,GRIGGS,861.4372125920437,0.6553801819611408,14081.09976,51.57912,3090.37092,11.32004,0.0,0.0,26914.41693611166,12.352523359585282,31575.9171,115.6627,46800.0,1400.0,48700.0,6903000.0,25900.0,147.5,18.5
2023,NORTH DAKOTA,HETTINGER,48.96354215248674,0.037260374818202,7001.07954,25.64498,2553.0414,9.3518,0.0,0.0,42998.11698749565,21.241173948070468,27023.183460000004,98.98602,48800.0,0.0,50600.0,5705000.0,0.0,116.9,0.0
2023,NORTH DAKOTA,KIDDER,120.1933418005036,0.0914404843662825,8594.121900000002,31.480300000000003,2698.07538,9.88306,0.0,0.0,51236.52657364156,23.51529267259523,25065.17286000001,91.81382,42800.0,9500.0,53900.0,5436000.0,176000.0,127.0,18.5
2023,NORTH DAKOTA,LA MOURE,1551.6252669566816,1.1804402243501029,20938.42842,76.69754,6613.24482,24.224340000000005,0.0,0.0,42992.419613265694,19.731613314105115,60283.177500000005,220.8175,182900.0,350.0,184000.0,29612000.0,6100.0,161.9,17.5
2023,NORTH DAKOTA,LOGAN,159.67588587818304,0.1214803270631254,8352.09648,30.59376,2258.04306,8.27122,0.0,0.0,37614.094124837546,17.26320051553086,24776.99406,90.75822,64000.0,7680.0,72300.0,8915000.0,154000.0,139.3,20.0
2023,NORTH DAKOTA,MCHENRY,1332.977189801583,1.0141205132892273,17390.17644,63.70028,4975.96008,18.22696,0.0,0.0,71291.29958206952,32.71954378625789,54045.24762000001,197.96794,78800.0,13000.0,95100.0,8503000.0,208000.0,107.9,16.0
2023,NORTH DAKOTA,MCINTOSH,126.9023851626762,0.0965203241362379,8736.45318,32.00166,2540.06298,9.30426,0.0,0.0,36206.84158777354,17.88626744979986,27533.6607,100.8559,73600.0,6510.0,80600.0,10348000.0,111000.0,140.6,17.0
2023,NORTH DAKOTA,MCLEAN,1179.1602537001872,0.8970805937235794,23296.39494,85.33478,7070.383320000001,25.89884,0.0,0.0,80042.47324517774,39.54117567355412,80258.997,293.989,90800.0,0.0,94900.0,10748000.0,0.0,118.4,0.0
2023,NORTH DAKOTA,MORTON,0.0002160324014886,6.682031173722154e-07,4770.675,17.474999999999998,1700.34774,6.22838,0.0,0.0,72351.0120190554,35.74157519648171,19831.05306,72.64122,61500.0,0.0,89600.0,8272000.0,0.0,134.5,0.0
2023,NORTH DAKOTA,MOUNTRAIL,1742.8042815637714,1.3259003472645927,12660.5661,46.3757,4328.589720000001,15.85564,0.0,0.0,69929.62607453659,34.545404674458744,46752.02532,171.25284,6730.0,0.0,11500.0,434000.0,0.0,64.5,0.0
2023,NORTH DAKOTA,NELSON,5651.196845977436,4.299340191786557,24158.05938000001,88.49106,6065.57406,22.21822,0.0,0.0,36936.106058701735,16.952034071006256,54916.510740000005,201.15938,32700.0,0.0,34500.0,3927000.0,0.0,120.1,0.0
2023,NORTH DAKOTA,OLIVER,12.609260808655282,0.0096002758766683,2860.69602,10.478739999999998,973.76916,3.56692,0.0,0.0,27712.049954249014,13.689819805527858,11386.62252,41.70924,22300.0,0.0,27400.0,2899000.0,0.0,130.0,0.0
2023,NORTH DAKOTA,PEMBINA,10315.8717650514,7.848200180730658,114774.31602,420.41874,37570.37466,137.62042,0.0,0.0,42308.73416746705,20.90061716505373,71829.31938,263.11105999999995,34600.0,0.0,37200.0,4225000.0,0.0,122.1,0.0
2023,NORTH DAKOTA,PIERCE,911.8191750421488,0.693700221419244,11405.104619999998,41.77694,3289.2568799999995,12.04856,0.0,0.0,38901.701712311406,17.854155275576574,33836.10048,123.94176,29000.0,0.0,33900.0,3074000.0,0.0,106.0,0.0
2023,NORTH DAKOTA,RAMSEY,12686.949327670596,9.652060050608425,27381.92184,100.30008,7378.03794,27.02578,0.0,0.0,44251.54030583909,21.86036810355508,82395.75162,301.81594,51300.0,0.0,53500.0,5371000.0,0.0,104.7,0.0
2023,NORTH DAKOTA,RANSOM,1435.3777138451053,1.092020180075381,23070.03972,84.50564,7792.50108,28.54396,0.0,0.0,32184.49222884245,14.771254120677344,69611.96424,254.98888,103200.0,5290.0,110000.0,18184000.0,98000.0,176.2,18.5
2023,NORTH DAKOTA,RENVILLE,4257.660995174944,3.239160119048272,18681.72306,68.43122,6040.93854,22.12798,0.0,0.0,33494.88932864866,15.372668255864156,58589.28348,214.61276,16500.0,0.0,17900.0,1624000.0,0.0,98.4,0.0
2023,NORTH DAKOTA,RICHLAND,1266.6703695825277,0.9636603196184736,71251.60224,260.99488,25015.66704,91.63248,0.0,0.0,54051.03165015192,26.70134056538853,87560.97168,320.73616,309500.0,0.0,317000.0,51098000.0,0.0,165.1,0.0
2023,NORTH DAKOTA,ROLETTE,2373.9695947074897,1.8061001902443332,12015.99672,44.01464,3645.28164,13.35268,0.0,0.0,35209.800315036475,17.393726645890414,30789.857280000004,112.78336,10100.0,940.0,12400.0,588000.0,13600.0,58.2,14.5
2023,NORTH DAKOTA,SARGENT,1068.7753246922657,0.8131401889063234,17960.921159999998,65.79091999999999,7068.88728,25.89336,0.0,0.0,32218.676498858997,15.916104235166728,62600.68542,229.30654,145700.0,0.0,148500.0,23356000.0,0.0,160.3,0.0
2023,NORTH DAKOTA,SHERIDAN,196.26447370357388,0.1493203185726329,7074.94788,25.91556,2141.685,7.845,0.0,0.0,37386.19897565694,17.158606752252542,23586.4356,86.3972,27800.0,4840.0,32800.0,3400000.0,90000.0,122.3,18.5
2023,NORTH DAKOTA,SIOUX,0.1495244567066955,0.000120384942704,586.61694,2.14878,245.62902,0.89974,0.0,0.0,41687.71989444424,20.593834609870022,1611.80838,5.90406,23300.0,0.0,27200.0,2840000.0,0.0,121.9,0.0
2023,NORTH DAKOTA,SLOPE,21.539714646613938,0.0164004152394601,4234.76508,15.51196,1554.74046,5.69502,0.0,0.0,46080.3988648997,22.763828661856294,16943.663099999998,62.0647,17300.0,0.0,19000.0,1837000.0,0.0,106.2,0.0
2023,NORTH DAKOTA,STARK,7.949787372125611,0.0060405032400971,6189.7836,22.6732,2483.0169,9.095300000000002,0.0,0.0,49703.93171814678,22.811899624987397,23485.032480000005,86.02575999999999,42700.0,0.0,47100.0,4804000.0,0.0,112.5,0.0
2023,NORTH DAKOTA,STEELE,788.0727017812261,0.5995401862753407,26914.58406,98.58822,6594.36414,24.15518,0.0,0.0,27073.943549573552,12.425738998026985,41710.75272,152.78664,101000.0,230.0,102000.0,15271000.0,5200.0,151.2,22.5
2023,NORTH DAKOTA,STUTSMAN,2937.947632971136,2.235140511747027,34036.12757999999,124.67446,7723.443,28.291,0.0,0.0,85289.75902030306,39.144215649648,82243.04088,301.25656000000004,210000.0,0.0,220500.0,32319000.0,0.0,153.9,0.0
2023,NORTH DAKOTA,TRAILL,2147.374908161096,1.6337001303335033,56686.71918,207.64366,17549.08974,64.28238,0.0,0.0,32389.59787212593,16.00053980759103,48195.63294,176.54077999999998,122200.0,0.0,123000.0,18709000.0,0.0,153.1,0.0
2023,NORTH DAKOTA,WALSH,14089.294303788178,10.718940142381346,89029.74444,326.11628,28005.77052,102.58524,0.0,0.0,48416.32412646024,22.22094486300825,86305.37916,316.13692,65400.0,0.0,65800.0,8168000.0,0.0,124.9,0.0
2023,NORTH DAKOTA,WARD,4187.507343531422,3.185820418601029,27278.38932,99.92084,8438.31534,30.90958,0.0,0.0,76179.6504916173,37.63293187620822,90637.2285,332.0045,52800.0,0.0,54000.0,6415000.0,0.0,121.5,0.0
2023,NORTH DAKOTA,WELLS,824.6916596795418,0.6274003666345761,19709.6445,72.1965,5309.00916,19.44692,0.0,0.0,48228.31063762146,23.82490228056288,64089.38172,234.75964,125700.0,0.0,126500.0,19571000.0,0.0,155.7,0.0
2023,NORTH DAKOTA,WILLIAMS,985.5993319644888,0.7498204507655178,16132.56918,59.09366,5841.51204,21.397479999999995,0.0,0.0,78783.35256451607,36.15806373252322,61027.9488,223.5456,7480.0,770.0,8900.0,637000.0,11500.0,85.2,15.0
2023,OHIO,ALLEN,21.085000896892847,0.0160601258961309,19809.84096,72.56352,6453.59442,23.63954,0.0,0.0,14049.735856317631,6.448205464496282,46917.39234,171.85858000000002,65400.0,0.0,66900.0,12446000.0,0.0,190.3,0.0
2023,OHIO,ASHTABULA,7.638282403495041e-05,2.3625734279742545e-07,6097.32942,22.33454,3393.95238,12.43206,0.0,0.0,25581.23032342109,12.637189746319876,19797.9327,72.5199,22000.0,0.0,22700.0,3953000.0,0.0,179.7,0.0
2023,OHIO,ATHENS,5.603675331175936e-05,1.7332554279969138e-07,546.7644,2.0028,1280.94876,4.69212,0.0,0.0,18767.16540866472,8.613296347976664,7610.2026,27.8762,2410.0,0.0,2600.0,472000.0,0.0,195.9,0.0
2023,OHIO,AUGLAIZE,14.435862627576146,0.0109801312089659,17628.81666,64.57442,5720.0052000000005,20.9524,0.0,0.0,14665.052754790917,7.244571584675035,39821.6637,145.8669,73900.0,0.0,75700.0,14366000.0,0.0,194.4,0.0
2023,OHIO,BELMONT,5.85204710023111e-05,1.810078529164293e-07,861.33684,3.15508,3427.0072199999995,12.55314,0.0,0.0,19598.98270663851,9.681944932565305,23475.8433,85.9921,120.0,0.0,400.0,19800.0,0.0,165.0,0.0
2023,OHIO,BROWN,35.731310819743506,0.0271801725559065,7585.3596,27.785200000000003,3779.66862,13.84494,0.0,0.0,18413.927936012653,8.451176018832134,20191.21650000001,73.9605,24800.0,0.0,25400.0,5226000.0,0.0,210.7,0.0
2023,OHIO,BUTLER,19.417956881703628,0.0147801263534512,9007.40568,32.99416,3945.123,14.451,0.0,0.0,12403.193413434728,6.127207591042783,23556.897,86.289,27300.0,0.0,28600.0,5307000.0,0.0,194.4,0.0
2023,OHIO,CARROLL,19.41034126618699,0.0147601258914734,4262.01048,15.61176,2968.23072,10.87264,0.0,0.0,14847.36887140443,7.334636187914532,20559.5754,75.30980000000001,12000.0,0.0,12700.0,1844000.0,0.0,153.7,0.0
2023,OHIO,CHAMPAIGN,147.4807004911456,0.1122001396446863,22007.24526,80.61262,8147.48844,29.84428,0.0,0.0,15952.6603380521,7.880652849835071,58425.150420000005,214.01154,85100.0,0.0,89000.0,17301000.0,0.0,203.3,0.0
2023,OHIO,CLARK,81.84783733955106,0.0622801151525943,18520.134360000004,67.83932,7246.98156,26.54572,0.0,0.0,13645.221968050962,6.740772705644108,49506.0384,181.3408,63100.0,0.0,64900.0,12286000.0,0.0,194.7,0.0
2023,OHIO,CLINTON,38.454817053783664,0.0292601245842444,21374.43126,78.29462,6711.721379999999,24.58506,0.0,0.0,15092.356156072685,7.455660499984226,45293.22798,165.90926,71800.0,0.0,73500.0,15947000.0,0.0,222.1,0.0
2023,OHIO,COLUMBIANA,5.738068274114589e-05,1.7748240921443457e-07,9526.34046,34.89502,5152.62384,18.87408,0.0,0.0,19217.258328191103,8.819869030403009,35317.993619999994,129.36994,20800.0,0.0,25700.0,3766000.0,0.0,181.1,0.0
2023,OHIO,COSHOCTON,0.4492827043336467,0.0003401939191538,7000.69734,25.64358,4961.22354,18.17298,0.0,0.0,21017.629998742894,10.382760131317184,34590.94002,126.70674,23700.0,0.0,26000.0,4330000.0,0.0,182.7,0.0
2023,OHIO,CRAWFORD,50.4702390165729,0.0384001321325851,21365.105580000003,78.26046000000001,7506.8448,27.497599999999995,0.0,0.0,14653.65799668546,6.725378934907046,51032.33772,186.93164,73800.0,0.0,77200.0,15136000.0,0.0,205.1,0.0
2023,OHIO,DARKE,72.91962633908093,0.0554802280706198,28697.69994,105.11978,9861.36606,36.12222,0.0,0.0,22362.211367447104,11.046986584496205,69524.7735,254.6695,127000.0,0.0,134500.0,26715000.0,0.0,210.4,0.0
2023,OHIO,DEFIANCE,130.14003677785124,0.0990001252831818,20130.67056,73.73871999999999,5279.88552,19.34024,0.0,0.0,15183.514214669967,7.500692801747498,37416.30438,137.05606,47100.0,0.0,53100.0,8106000.0,0.0,172.1,0.0
2023,OHIO,DELAWARE,13.83244194730066,0.010540143204199,17584.07196,64.41052,5000.06598,18.31526,0.0,0.0,14340.30216788766,7.084144008087062,32787.835080000004,120.10196,34500.0,0.0,35500.0,6683000.0,0.0,193.7,0.0
2023,OHIO,ERIE,0.8882064497509345,0.000680090322626,2909.47566,10.657420000000002,3649.30566,13.36742,0.0,0.0,8887.910760083168,4.079156741253108,21129.37008,77.39695999999999,25200.0,0.0,26800.0,4798000.0,0.0,190.4,0.0
2023,OHIO,FAIRFIELD,186.62331483983547,0.1419601184727479,18276.37266,66.94642,8125.61022,29.76414,0.0,0.0,17422.58404170368,7.996193150694886,49784.76594,182.36178,58800.0,0.0,60200.0,11384000.0,0.0,193.6,0.0
2023,OHIO,FAYETTE,123.76485101522904,0.0941601029789726,22886.48544,83.83328,7908.9192,28.9704,0.0,0.0,14989.803339951,6.879654734927526,53014.60164000001,194.19268,86400.0,0.0,91800.0,18127000.0,0.0,209.8,0.0
2023,OHIO,FULTON,138.26571160274958,0.105220108870767,21578.44962,79.04194,7570.10436,27.72932,0.0,0.0,14881.553144122889,7.351523301443534,56914.82706,208.47922,80600.0,0.0,83100.0,16160000.0,0.0,200.5,0.0
2023,OHIO,GALLIA,5.283854152158927e-05,1.8048085229825738e-07,852.42066,3.12242,2589.56334,9.48558,0.0,0.0,17696.05821328286,8.12170566321536,15821.0871,57.9527,3310.0,0.0,3800.0,596000.0,0.0,180.1,0.0
2023,OHIO,GEAUGA,4.496209442284805e-05,1.3907085904664174e-07,1740.9646800000005,6.37716,1571.43714,5.7561800000000005,0.0,0.0,15058.171883354218,7.438773386455223,10724.52108,39.28396,2930.0,0.0,3300.0,526000.0,0.0,179.5,0.0
2023,OHIO,GREENE,65.72109179370541,0.0499801067887863,17359.68234,63.58858,6622.54866,24.25842,0.0,0.0,13348.958275031337,6.126579643537172,44354.56116,162.47092,56500.0,0.0,58900.0,12114000.0,0.0,214.4,0.0
2023,OHIO,GUERNSEY,5.869058865044755e-05,1.8153403853498248e-07,2111.0271,7.7327,3218.80104,11.79048,0.0,0.0,19655.956493534188,9.021212026168849,22033.89006,80.71022,3020.0,0.0,3300.0,515000.0,0.0,170.5,0.0
2023,OHIO,HARDIN,58.80634300907855,0.044740128277764,25689.2454,94.0998,7974.39552,29.21024,0.0,0.0,17382.702393346208,7.97788924338291,57190.32774,209.48838,83600.0,0.0,87900.0,15784000.0,0.0,188.8,0.0
2023,OHIO,HARRISON,0.1093659321563342,8.014206185487461e-05,867.0480000000001,3.176,2497.25658,9.14746,0.0,0.0,15388.619846477546,7.602015480696918,17367.337259999997,63.61662,3720.0,0.0,3900.0,657000.0,0.0,176.6,0.0
2023,OHIO,HENRY,24.40000150551584,0.0185601408146828,22424.28006,82.14022,7518.693,27.541,0.0,0.0,15456.988397870322,7.635789710697126,53993.95092,197.78004,78900.0,0.0,80700.0,15733000.0,0.0,199.4,0.0
2023,OHIO,HIGHLAND,37.55369707237268,0.028580173793431,17457.6129,63.9473,5615.22234,20.56858,0.0,0.0,20721.366306013795,10.236405149456315,33088.075020000004,121.20174,45200.0,0.0,47300.0,9280000.0,0.0,205.3,0.0
2023,OHIO,HOLMES,6.990646222837617,0.005320157682089,7537.53546,27.61002,5801.84514,21.25218,0.0,0.0,15753.252084643564,7.782144689615789,39636.66252,145.18924,17500.0,0.0,20800.0,3071000.0,0.0,175.5,0.0
2023,OHIO,HURON,3.11861392058849,0.0023601666072836,21043.83918,77.08366,7989.8091,29.2667,0.0,0.0,18168.94065424969,8.975500694630881,53171.37462,194.76694,59200.0,0.0,62600.0,11802000.0,0.0,199.4,0.0
2023,OHIO,JACKSON,232.3956935045689,0.1768201126106259,1932.7035,7.0795,2395.0017,8.7729,0.0,0.0,15565.238586870984,7.143753985020171,15217.50594,55.741780000000006,3750.0,0.0,4000.0,542000.0,0.0,144.5,0.0
2023,OHIO,JEFFERSON,4.394138853402941e-05,1.3591374533532304e-07,1022.52696,3.74552,2182.4166,7.9942,0.0,0.0,14716.32916198017,6.754142219473566,14962.13082,54.806340000000006,2470.0,0.0,2700.0,400000.0,0.0,161.9,0.0
2023,OHIO,KNOX,14.82341682710222,0.0112801936774151,15538.46658,56.91746,6587.8995,24.1315,0.0,0.0,19610.377462274468,9.68757396945149,42599.6025,156.0425,50800.0,0.0,52300.0,9322000.0,0.0,183.5,0.0
2023,OHIO,LICKING,48.31182239932235,0.0367601905701826,19703.15802,72.17274,7444.31688,27.26856,0.0,0.0,23820.74030819948,11.767503414287283,46205.93796,169.25252,52700.0,0.0,55900.0,9772000.0,0.0,185.4,0.0
2023,OHIO,LOGAN,94.90563676840362,0.0722001243222226,20460.8313,74.94810000000001,6476.8158,23.7246,0.0,0.0,16932.609469461877,8.364750094525785,45599.69778,167.03186,69400.0,0.0,72700.0,12714000.0,0.0,183.2,0.0
2023,OHIO,LORAIN,0.0964038393179434,8.014974216242075e-05,5539.5249,20.2913,2479.50612,9.08244,0.0,0.0,14682.144889261705,7.253015140506641,14553.30786,53.30882,22900.0,0.0,23400.0,4413000.0,0.0,192.7,0.0
2023,OHIO,LUCAS,2.005823525502449,0.0015200727371179,8678.52258,31.789460000000005,2921.98998,10.70326,0.0,0.0,7913.659002859749,3.9093667170202338,21098.67942,77.28454,19500.0,0.0,20000.0,3908000.0,0.0,200.4,0.0
2023,OHIO,MADISON,183.6790564802695,0.1397401232476041,25643.47422,93.93214,8369.961599999999,30.6592,0.0,0.0,16812.96451567358,7.716404833020334,57954.49842,212.28754,86600.0,0.0,93400.0,17588000.0,0.0,203.1,0.0
2023,OHIO,MAHONING,3.905901203121224e-05,1.2081221807882402e-07,6555.084900000001,24.0113,3143.99904,11.51648,0.0,0.0,13081.181477638518,6.003681973013547,21202.25016,77.66392,15600.0,0.0,16400.0,2958000.0,0.0,189.6,0.0
2023,OHIO,MEDINA,0.0163016788238106,2.014236255255238e-05,7219.315740000001,26.44438,2748.837,10.069,0.0,0.0,13958.577795250849,6.895571243336583,17066.74788,62.51556,15600.0,0.0,17400.0,2931000.0,0.0,187.9,0.0
2023,OHIO,MEIGS,4.880675326075555e-05,1.667094543632091e-07,378.8694,1.3878,1525.58952,5.58824,0.0,0.0,16345.779463855371,8.074854650251797,9439.70664,34.57768,2410.0,0.0,2500.0,410000.0,0.0,170.1,0.0
2023,OHIO,MERCER,54.94409076248985,0.0418001574873556,19241.81532,70.48284,6876.66252,25.18924,0.0,0.0,17052.254426736534,7.8262282864926735,45230.92938,165.68106,96600.0,0.0,107000.0,19774000.0,0.0,204.7,0.0
2023,OHIO,MIAMI,24.15160038384237,0.018380137808521,18837.41496,69.00152,7208.06268,26.40316,0.0,0.0,14328.907410799056,6.576332823013813,48326.64018,177.02066000000002,71000.0,0.0,72800.0,14250000.0,0.0,200.7,0.0
2023,OHIO,MONROE,5.125644739175161e-05,1.5853972689554178e-07,175.28784000000002,0.64208,638.9128199999999,2.3403400000000003,0.0,0.0,17166.20199442676,8.480145367699983,4224.713220000001,15.47514,330.0,0.0,900.0,49000.0,0.0,148.5,0.0
2023,OHIO,MONTGOMERY,7.151311592288781,0.005420097378388,11079.85788,40.58556,4406.08896,16.13952,0.0,0.0,10859.203787254562,4.983892787533596,28254.29334,103.49558,34100.0,0.0,34900.0,6772000.0,0.0,198.6,0.0
2023,OHIO,MORGAN,4.736075324378837e-05,1.617703453724944e-07,1331.7158399999998,4.878080000000001,1615.51026,5.91762,0.0,0.0,15861.502272627373,7.279725873528461,10898.46576,39.92112,4840.0,0.0,5400.0,841000.0,0.0,173.8,0.0
2023,OHIO,MUSKINGUM,2.1330731277025903,0.0016202498737993,7378.2345,27.0265,4407.372060000001,16.14422,0.0,0.0,24635.46546618243,12.169979615875777,29414.368619999997,107.74494,15700.0,0.0,17500.0,2854000.0,0.0,181.8,0.0
2023,OHIO,NOBLE,4.4945082645022056e-05,1.53519128060619e-07,848.71332,3.10884,1140.4575000000002,4.1775,0.0,0.0,15052.474500306707,7.435958865428729,7519.47378,27.54386,760.0,0.0,800.0,123100.0,0.0,162.0,0.0
2023,OHIO,OTTAWA,8.641407300241097,0.0065800839517589,9795.83514,35.882180000000005,2394.17178,8.76986,0.0,0.0,9657.056882448447,4.770609492647131,14626.04598,53.57526,16800.0,0.0,17200.0,3252000.0,0.0,193.6,0.0
2023,OHIO,PAULDING,141.88114296205185,0.1079601472221168,22129.65846,81.06102,5961.81222,21.83814,0.0,0.0,15872.89704206348,7.841249588402521,41044.85112000001,150.34744,61100.0,0.0,66300.0,11242000.0,0.0,184.0,0.0
2023,OHIO,PERRY,88.21869779276585,0.0671201304108719,6469.37928,23.69736,3303.03792,12.09904,0.0,0.0,15286.067032389565,7.01562662650264,20896.39188,76.54356,16900.0,0.0,17300.0,3243000.0,0.0,191.9,0.0
2023,OHIO,PICKAWAY,278.2663627325086,0.2116801253087868,25893.3129,94.8473,10191.70698,37.33226,0.0,0.0,18413.92793310736,8.451176017498733,64908.5346,237.7602,87000.0,0.0,92100.0,17532000.0,0.0,201.5,0.0
2023,OHIO,PIKE,435.2311509071538,0.3311200884077976,3105.61524,11.37588,1689.9792,6.1904,0.0,0.0,16567.97723245797,7.603966538484524,10404.7398,38.1126,12500.0,0.0,12900.0,2236000.0,0.0,178.9,0.0
2023,OHIO,PORTAGE,5.0797129761301735e-05,1.571190257858205e-07,5504.89212,20.16444,2903.3004,10.6348,0.0,0.0,17012.37277634535,7.807924378247318,19042.42158,69.75246,14500.0,0.0,14900.0,2623000.0,0.0,180.9,0.0
2023,OHIO,PREBLE,0.6338269997461441,0.0004801453850864,19638.51162,71.93594,7643.44854,27.99798,0.0,0.0,15741.85732755496,7.776515652011993,50613.28272,185.39664,73100.0,0.0,74800.0,15419000.0,0.0,210.9,0.0
2023,OHIO,PUTNAM,42.30352794797365,0.0321801623941974,24148.04028,88.45436000000001,7064.86326,25.87862,0.0,0.0,17929.650738247743,8.228914269223903,48058.8381,176.0397,73500.0,0.0,78800.0,14693000.0,0.0,199.9,0.0
2023,OHIO,RICHLAND,7.128111416418313,0.0054201587544773,12529.94652,45.89724,4947.62814,18.12318,0.0,0.0,17422.58404170368,7.996193150694886,31682.6874,116.0538,34900.0,0.0,37300.0,6261000.0,0.0,179.4,0.0
2023,OHIO,ROSS,380.9517544560805,0.2898201574339864,15685.6791,57.4567,6515.97492,23.86804,0.0,0.0,25564.138195051422,11.732805320346657,39166.56744,143.46728,48600.0,0.0,50300.0,10007000.0,0.0,205.9,0.0
2023,OHIO,SCIOTO,741.8891426536172,0.5644202133563692,1175.36328,4.30536,1456.92456,5.336720000000001,0.0,0.0,22584.40913793815,10.36524187393806,9225.60366,33.793420000000005,8790.0,0.0,9000.0,1673000.0,0.0,190.3,0.0
2023,OHIO,SENECA,68.06147315704833,0.0517801803264983,30556.42044,111.92828,9746.05632,35.69984,0.0,0.0,20288.36552400876,9.311459715364318,62990.69868,230.73516,91100.0,0.0,93200.0,18138000.0,0.0,199.1,0.0
2023,OHIO,SHELBY,30.528944477941224,0.0232201519393164,17028.94284,62.37708,5466.45372,20.02364,0.0,0.0,14949.921688542963,6.861350826215479,37904.2209,138.8433,70600.0,0.0,76500.0,14275000.0,0.0,202.2,0.0
2023,OHIO,STARK,68.34832542986577,0.052000137817455,11297.61906,41.38322,6093.8841600000005,22.32192,0.0,0.0,16801.569764395565,7.71117514769323,40946.9424,149.9888,27800.0,0.0,32400.0,5418000.0,0.0,194.9,0.0
2023,OHIO,TRUMBULL,6.318169454650232e-05,2.1581000824448801e-07,7925.675940000001,29.03178,2945.08032,10.78784,0.0,0.0,21160.06446264099,9.711530856698728,19231.1028,70.4436,18400.0,0.0,19500.0,3808000.0,0.0,207.0,0.0
2023,OHIO,TUSCARAWAS,39.77273550485126,0.0302601881566792,4938.03492,18.08804,4375.10892,16.026040000000002,0.0,0.0,20527.65543260221,9.421283167703267,30461.49834,111.58058,17300.0,0.0,23500.0,3171000.0,0.0,183.3,0.0
2023,OHIO,UNION,175.67421349842402,0.1336600976261323,21856.00872,80.05864,5298.80988,19.40956,0.0,0.0,16072.305291840405,7.939757746827775,35351.659980000004,129.49326,58600.0,0.0,61100.0,12013000.0,0.0,205.0,0.0
2023,OHIO,VAN WERT,68.36404455671574,0.0520201532246077,23113.00992,84.66304,7300.90998,26.74326,0.0,0.0,15075.264020439776,7.447216943578531,51531.40902000001,188.75974,77900.0,0.0,82200.0,15268000.0,0.0,196.0,0.0
2023,OHIO,WARREN,3.572195617664246,0.002720109602714,9628.19676,35.26812,3496.52394,12.80778,0.0,0.0,12260.758945469215,5.627144427451713,21699.69438,79.48606000000001,20800.0,0.0,21300.0,4356000.0,0.0,209.4,0.0
2023,OHIO,WASHINGTON,7.020755342624855e-05,2.3980826713332906e-07,1200.2445,4.3965000000000005,2683.95036,9.83132,0.0,0.0,23513.081865354496,10.791461456775416,16718.9022,61.2414,8790.0,0.0,10200.0,1529000.0,0.0,173.9,0.0
2023,OHIO,WAYNE,4.735859568281463,0.0036002033313214,17217.11082,63.06634,9919.68978,36.33586,0.0,0.0,20134.53629851885,9.240858925246458,62685.15708,229.61596,48100.0,0.0,60800.0,9312000.0,0.0,193.6,0.0
2023,OHIO,WOOD,58.75163386560149,0.0446801603308962,32421.4527,118.7599,10341.44748,37.88076,0.0,0.0,21729.802331597737,9.9730152630611,69222.42054,253.56198,91500.0,0.0,95200.0,20002000.0,0.0,218.6,0.0
2023,OHIO,WYANDOT,32.9109413146884,0.0250401254680073,22500.25596,82.41852,7485.949380000001,27.42106,0.0,0.0,15200.606356113463,6.976403967415045,52156.07124,191.04788,71500.0,0.0,73100.0,14250000.0,0.0,199.3,0.0
2023,OKLAHOMA,ALFALFA,744.3133118277044,0.566260172558328,10667.71524,39.07588,5030.063220000001,18.42514,0.0,0.0,32748.5327291329,15.030123687576326,28221.20574,103.37438,3240.0,0.0,3400.0,318000.0,0.0,98.1,0.0
2023,OKLAHOMA,CHOCTAW,320.7648033345523,0.2440401867137872,2958.03144,10.83528,8650.387200000001,31.6864,0.0,0.0,29233.250074328687,13.416764898787076,45294.9315,165.9155,2620.0,0.0,2700.0,456000.0,0.0,174.0,0.0
2023,OKLAHOMA,CRAIG,2664.070565647165,2.0267801959086977,4648.55118,17.02766,10861.56708,39.78596,0.0,0.0,28213.41927858231,13.937497466237678,34084.11552,124.85024,2740.0,0.0,3800.0,324000.0,0.0,118.2,0.0
2023,OKLAHOMA,DELAWARE,1473.3989449126666,1.1209401886532735,1128.0087,4.1319,3455.1699,12.656300000000002,0.0,0.0,28936.986386248063,14.294941370153284,13511.18496,49.49152,1170.0,0.0,1200.0,176600.0,0.0,150.9,0.0
2023,OKLAHOMA,GARFIELD,3860.914933045013,2.937320045195255,23554.7676,86.2812,14641.2084,53.6308,0.0,0.0,39494.22910164817,19.51024484483864,59210.77344,216.88928,24200.0,0.0,25500.0,1989000.0,0.0,82.2,0.0
2023,OKLAHOMA,GARVIN,494.6853774968925,0.3763602650126583,646.81344,2.36928,2301.87594,8.43178,0.0,0.0,30144.83065884889,13.83513994630007,8984.02596,32.90852,4700.0,0.0,5000.0,517000.0,0.0,110.0,0.0
2023,OKLAHOMA,GRADY,273.16642899670865,0.2078203367091461,3844.5498,14.0826,4633.01748,16.97076,0.0,0.0,41146.468919007966,20.32645531690824,20049.10908,73.43996,4440.0,0.0,5700.0,683000.0,0.0,153.8,0.0
2023,OKLAHOMA,KAY,2979.137682572124,2.2664801091353115,14171.937779999998,51.91186000000001,9064.7193,33.204100000000004,0.0,0.0,34537.509639109725,17.06161342346305,33082.380240000006,121.18088,22200.0,0.0,24900.0,2471000.0,0.0,111.3,0.0
2023,OKLAHOMA,MAJOR,549.1569088802695,0.4178002297095143,7687.0794,28.157799999999995,4372.471740000001,16.016379999999998,0.0,0.0,36024.52547171203,17.79620284683305,19556.52972,71.63564000000001,6190.0,0.0,7700.0,1255000.0,0.0,202.7,0.0
2023,OKLAHOMA,MAYES,352.010272849581,0.2678001503652462,2613.69108,9.57396,7106.4903,26.0311,0.0,0.0,25398.914215814,12.54712514752957,22776.34086,83.42982,720.0,0.0,1300.0,65300.0,0.0,90.7,0.0
2023,OKLAHOMA,MUSKOGEE,1134.280973002619,0.862960144186586,4498.23192,16.47704,12785.19606,46.83222,0.0,0.0,30594.923574598397,15.1139663572932,59057.56038,216.32806,7380.0,0.0,7600.0,1261000.0,0.0,170.9,0.0
2023,OKLAHOMA,NOBLE,875.4893245602722,0.6660801460865785,5164.5594,18.9178,5404.60284,19.79708,0.0,0.0,27746.234228797817,12.73429059471444,18791.01042,68.83154,9800.0,0.0,10500.0,890000.0,0.0,90.8,0.0
2023,OKLAHOMA,OKLAHOMA,72.68957340222453,0.055300166185551,1029.27552,3.77024,2050.07166,7.50942,0.0,0.0,18220.217058243124,8.362271319602206,8134.1715,29.7955,1460.0,0.0,1500.0,216000.0,0.0,147.9,0.0
2023,OKLAHOMA,OTTAWA,1456.454492507054,1.1080601122282208,3317.2939799999995,12.15126,4715.11404,17.271479999999997,0.0,0.0,17992.321903251923,8.257677553657084,14448.73794,52.92578,7320.0,0.0,9200.0,776000.0,0.0,106.0,0.0
2023,OKLAHOMA,PAYNE,28.2033116504908,0.0214602197469142,447.02112,1.63744,1615.60854,5.91798,0.0,0.0,25096.95313698683,11.518388104596047,5761.19544,21.10328,870.0,0.0,1000.0,63900.0,0.0,73.4,0.0
2023,OKLAHOMA,POTTAWATOMIE,418.2964930844851,0.31824022023317,487.40328,1.7853599999999998,2155.52064,7.89568,0.0,0.0,29028.144444409558,14.339973671701271,9448.7757,34.6109,3880.0,0.0,4000.0,632000.0,0.0,162.9,0.0
2023,OKLAHOMA,TEXAS,8.04406775001907,0.0061207043635913,33147.61632,121.41984,25378.47312,92.96144,0.0,0.0,76401.84826443256,35.06505891032832,159898.09290000002,585.7073,97400.0,0.0,102000.0,21859000.0,0.0,224.4,0.0
2023,OKLAHOMA,TILLMAN,375.3537670289569,0.2855601964556125,10307.37708,37.75596,5886.13662,21.56094,0.0,0.0,33175.83612896202,16.388943411007887,40704.87876,149.10212,19100.0,0.0,25800.0,909000.0,0.0,47.6,0.0
2023,OKLAHOMA,WAGONER,1615.5273443139824,1.2290801260801458,3241.9296,11.8752,6509.03526,23.84262,0.0,0.0,21296.80155642014,10.5206715570594,23511.7428,86.1236,4700.0,0.0,5400.0,515000.0,0.0,109.6,0.0
2023,PENNSYLVANIA,ADAMS,26.57843279695615,0.0202001619013814,11248.40808,41.20296,5245.43292,19.21404,0.0,0.0,18596.244050882982,8.53485102740135,36856.86186,135.00682,15200.0,11600.0,27500.0,2253000.0,209000.0,148.2,18.0
2023,PENNSYLVANIA,ARMSTRONG,7.323564754225748e-05,2.501513423045719e-07,4361.57358,15.97646,2491.59456,9.12672,0.0,0.0,24527.215265124792,11.256903696900276,20437.45704,74.86248,11400.0,0.0,14500.0,1803000.0,0.0,158.2,0.0
2023,PENNSYLVANIA,BEAVER,4.339701206086027e-05,1.342299513586363e-07,2615.3946,9.5802,1888.76688,6.91856,0.0,0.0,14534.01304420454,6.670467209570947,14100.9414,51.6518,3840.0,0.0,5000.0,622000.0,0.0,162.0,0.0
2023,PENNSYLVANIA,BEDFORD,4.065353671963126,0.003100351649849,7870.27332,28.82884,5685.0612,20.8244,0.0,0.0,38075.5818008279,17.47500288566443,39428.4072,144.42639999999997,18700.0,8100.0,27100.0,2934000.0,174000.0,156.9,21.5
2023,PENNSYLVANIA,BERKS,1016.105388121076,0.7730201348926709,16000.08774,58.60838,9330.20634,34.17658,0.0,0.0,28948.38113026284,13.286022691205664,59643.45114,218.47418,27100.0,14400.0,41900.0,4550000.0,288000.0,167.9,20.0
2023,PENNSYLVANIA,BLAIR,7.300255273521882,0.0055601710629446,4193.32368,15.36016,2589.23574,9.48438,0.0,0.0,18522.178122543817,9.150000859630977,18074.49462,66.20693999999999,13100.0,11700.0,24900.0,2528000.0,269000.0,193.0,23.0
2023,PENNSYLVANIA,BUCKS,65.34022317461765,0.0497401335412269,4268.23488,15.63456,3447.2201399999994,12.62718,0.0,0.0,15200.606351319728,6.976403965214933,21536.4786,78.8882,7660.0,0.0,10100.0,1223000.0,0.0,159.7,0.0
2023,PENNSYLVANIA,BUTLER,8.38339770545563e-05,2.863521057669001e-07,7157.36658,26.21746,4028.25696,14.75552,0.0,0.0,28076.682199910698,13.869949018149605,34325.14722,125.73314,14700.0,0.0,18700.0,2345000.0,0.0,159.5,0.0
2023,PENNSYLVANIA,CAMBRIA,0.0298337458671611,2.0251894557233057e-05,8318.59938,30.47106,3013.6251600000005,11.03892,0.0,0.0,24698.136625811818,12.200939320543826,15215.94984,55.73608,9920.0,4680.0,14800.0,1509000.0,80000.0,152.1,17.0
2023,PENNSYLVANIA,CENTRE,134.578798036403,0.1023803666077719,5933.6004,21.7348,3724.2933,13.6421,0.0,0.0,40502.66511880675,18.58892645503472,26099.5644,95.6028,16100.0,6250.0,22500.0,2661000.0,138000.0,165.3,22.0
2023,PENNSYLVANIA,CHESTER,36.62873755569864,0.0278801749420391,12630.02832,46.26384,7082.36802,25.94274,0.0,0.0,21319.59106623941,10.531929630114163,51735.67854,189.50798,16100.0,9720.0,25900.0,2824000.0,233000.0,175.4,24.0
2023,PENNSYLVANIA,CLARION,6.709440047532778e-05,2.291746561036332e-07,4975.878180000001,18.22666,2478.15204,9.07748,0.0,0.0,22470.46156850474,10.312944994665688,20254.39962,74.19194,7960.0,0.0,9800.0,1308000.0,0.0,164.3,0.0
2023,PENNSYLVANIA,CLEARFIELD,0.0001279114597079,3.956389668194957e-07,2170.94514,7.95218,1391.9451,5.098700000000001,0.0,0.0,42838.59039169794,21.16236742331805,12052.518660000002,44.14842,3780.0,0.0,6000.0,575000.0,0.0,152.1,0.0
2023,PENNSYLVANIA,CLINTON,23.37171846132248,0.0177803365416273,1992.85632,7.29984,1358.8848,4.9776,0.0,0.0,33255.599433230724,15.262844809572188,9479.30256,34.722719999999995,4340.0,4090.0,8500.0,743000.0,88000.0,171.2,21.5
2023,PENNSYLVANIA,COLUMBIA,0.0097738251883583,1.6648512983899716e-07,8479.13976,31.05912,3907.09956,14.31172,0.0,0.0,18026.506187736835,8.905137723148197,26851.44462000001,98.35694,15400.0,0.0,19400.0,2193000.0,0.0,142.4,0.0
2023,PENNSYLVANIA,CRAWFORD,0.0071336383647952,3.881558575431388e-07,9026.52114,33.06418,5459.04996,19.99652,0.0,0.0,38058.48965938441,18.80098608250496,41425.36398,151.74126,22400.0,0.0,33700.0,3559000.0,0.0,158.9,0.0
2023,PENNSYLVANIA,CUMBERLAND,117.6867403753238,0.0895201347089506,10477.74546,38.38002,6333.9003,23.2011,0.0,0.0,17918.255988131845,8.22368458443016,38712.868740000005,141.80538,14400.0,11500.0,26200.0,2278000.0,219000.0,158.2,19.0
2023,PENNSYLVANIA,DAUPHIN,149.45242730368074,0.1137001607565634,6600.064380000001,24.17606,3476.1089999999995,12.733,0.0,0.0,17547.926372583635,8.053719719961267,21498.34596,78.74852000000001,11900.0,0.0,14800.0,1814000.0,0.0,152.4,0.0
2023,PENNSYLVANIA,ELK,9.319044771420556e-05,3.183110461639807e-07,368.88852,1.3512400000000002,290.95794,1.06578,0.0,0.0,31210.240483240217,14.32411579053126,2222.03982,8.13934,630.0,460.0,1100.0,94800.0,8300.0,150.5,18.0
2023,PENNSYLVANIA,ERIE,0.2387623268432244,0.0001802545992664,15059.499,55.163,6817.44336,24.97232,0.0,0.0,27598.102392020737,13.63352943376685,34474.80036,126.28132,15100.0,0.0,18500.0,2048000.0,0.0,135.6,0.0
2023,PENNSYLVANIA,FAYETTE,15.031825792854075,0.0114402653961341,2066.94852,7.57124,3809.17446,13.95302,0.0,0.0,28902.8021135296,13.26510394456364,30355.20852,111.19124,6870.0,2640.0,9700.0,965000.0,51000.0,140.5,19.5
2023,PENNSYLVANIA,FRANKLIN,443.3713780209778,0.3373201704374839,14802.17466,54.22042,9078.069,33.253,0.0,0.0,27432.87840406743,12.590474172681876,54745.45986,200.53282,20200.0,24000.0,46200.0,3107000.0,468000.0,153.8,19.5
2023,PENNSYLVANIA,FULTON,6.730849214976627,0.0051201681801859,2314.51038,8.478060000000001,1768.48854,6.47798,0.0,0.0,16624.951023856855,7.630114981187533,11558.26308,42.33796,5500.0,4850.0,11700.0,727000.0,85000.0,132.2,17.5
2023,PENNSYLVANIA,GREENE,6.408331807295059e-05,1.9821412257066939e-07,416.2758600000001,1.52482,1942.1493,7.1141000000000005,0.0,0.0,21462.02553028277,10.602292600376908,12858.71496,47.10152,690.0,0.0,1100.0,93700.0,0.0,135.8,0.0
2023,PENNSYLVANIA,HUNTINGDON,7.859917641549207,0.0059803015325757,5007.4206,18.3422,3259.28694,11.93878,0.0,0.0,33130.25709944547,16.36642726001861,23204.28474,84.99738,11400.0,13000.0,25500.0,1809000.0,286000.0,158.7,22.0
2023,PENNSYLVANIA,INDIANA,9.233985944402868e-05,2.856135538606382e-07,7117.69422,26.07214,4108.74828,15.05036,0.0,0.0,30925.37153888383,14.193373582816507,32819.56314,120.21818,19900.0,7360.0,27400.0,3005000.0,151000.0,151.0,20.5
2023,PENNSYLVANIA,JEFFERSON,7.265724756635327e-05,2.24733877830267e-07,3656.02146,13.39202,2162.4603,7.9211,0.0,0.0,24333.50439897645,12.020810117222322,18949.92918,69.41366,6710.0,2610.0,9400.0,1028000.0,57000.0,153.2,22.0
2023,PENNSYLVANIA,JUNIATA,7.225002394268955,0.0055001307078057,4170.74658,15.27746,2359.6482,8.643400000000002,0.0,0.0,14625.171103818682,7.224869952487658,16379.803440000002,59.999280000000006,10400.0,6850.0,17400.0,1718000.0,134000.0,165.2,19.5
2023,PENNSYLVANIA,LANCASTER,473.73306487788864,0.3604202220743364,25478.31468,93.32716,15897.641760000002,58.23312,0.0,0.0,30771.542316735024,14.122772794232064,110359.4856,404.2472,38200.0,30600.0,69000.0,6960000.0,732000.0,182.2,24.0
2023,PENNSYLVANIA,LAWRENCE,3.892291791183558e-05,1.3294919194150956e-07,4745.34606,17.38222,2567.19918,9.40366,0.0,0.0,13035.602447831448,5.982763220371218,20426.14938,74.82106,11500.0,0.0,16200.0,1912000.0,0.0,166.3,0.0
2023,PENNSYLVANIA,LEBANON,512.2326872383092,0.38970008254827,8013.72936,29.35432,4688.66034,17.17458,0.0,0.0,12255.06156837756,6.054030100758199,29156.8368,106.8016,12900.0,5740.0,18700.0,2258000.0,129000.0,175.0,22.5
2023,PENNSYLVANIA,LEHIGH,329.2826631351707,0.2505000786401757,7599.79038,27.838059999999995,3999.46092,14.65004,0.0,0.0,9315.2141610744,4.275270045691536,25047.03474,91.74738,11500.0,0.0,14400.0,1850000.0,0.0,160.9,0.0
2023,PENNSYLVANIA,LUZERNE,9.269710650901891e-05,2.867185436716742e-07,3817.29348,13.98276,1972.37586,7.22482,0.0,0.0,31045.016492672137,14.248285308752637,12263.03442,44.91954000000001,6730.0,0.0,8700.0,969000.0,0.0,144.0,0.0
2023,PENNSYLVANIA,LYCOMING,92.31163071581923,0.0702404475322391,7082.59188,25.94356,4022.0544,14.7328,0.0,0.0,45732.85876774138,22.592143011998285,31855.2507,116.6859,12700.0,0.0,17000.0,1779000.0,0.0,140.1,0.0
2023,PENNSYLVANIA,MERCER,7.289541227634676e-05,2.48989199122622e-07,7729.50906,28.31322,3792.87636,13.89332,0.0,0.0,24413.267701501973,11.204606820294709,30504.04266,111.73642,25200.0,0.0,32700.0,3969000.0,0.0,157.5,0.0
2023,PENNSYLVANIA,MIFFLIN,85.26735387838504,0.0648801017413564,4238.52702,15.52574,2739.9372000000003,10.0364,0.0,0.0,15166.422078601265,6.960714900566511,19639.5654,71.9398,8310.0,6760.0,15200.0,1290000.0,139000.0,155.2,20.5
2023,PENNSYLVANIA,MONTGOMERY,0.544462467202,0.0004000694156616,3841.36662,14.07094,2829.49758,10.36446,0.0,0.0,7571.816282066761,3.7404955848877,15915.9273,58.3001,2650.0,0.0,3700.0,429000.0,0.0,161.9,0.0
2023,PENNSYLVANIA,MONTOUR,10.296493723712777,0.0078400469927584,3378.49512,12.37544,1446.22842,5.29754,0.0,0.0,4814.284994718203,2.378268449247058,9397.6155,34.4235,6530.0,0.0,8000.0,983000.0,0.0,150.5,0.0
2023,PENNSYLVANIA,NORTHAMPTON,37.99310820423722,0.0289000950833468,7106.53398,26.03126,4465.31358,16.356460000000002,0.0,0.0,11144.072721732937,5.505198919318151,28772.36544,105.39328,19000.0,0.0,23100.0,2930000.0,0.0,154.2,0.0
2023,PENNSYLVANIA,NORTHUMBERLAND,91.2977847486516,0.0694601538145672,8762.661180000001,32.09766,4185.0354,15.3298,0.0,0.0,16790.175007306963,8.294387125195936,28240.3212,103.4444,23100.0,6960.0,30200.0,3807000.0,143000.0,164.8,20.5
2023,PENNSYLVANIA,PERRY,7.041540530446016,0.0053601866954941,5121.38172,18.75964,2780.00268,10.18316,0.0,0.0,20590.326590778943,10.17167121270698,18071.2077,66.1949,11400.0,9070.0,20600.0,1790000.0,181000.0,157.0,20.0
2023,PENNSYLVANIA,SCHUYLKILL,276.97014758665205,0.2107002024663751,7535.61354,27.60298,3348.3177,12.2649,0.0,0.0,28127.958599546186,13.895279683778636,19151.78538,70.15306000000001,17200.0,4030.0,21400.0,2108000.0,77000.0,122.6,19.0
2023,PENNSYLVANIA,SNYDER,87.34346997157795,0.0664400902223652,5513.30052,20.19524,2879.74596,10.54852,0.0,0.0,12363.31176217196,6.107505958711882,19828.79808,72.63296000000001,10700.0,0.0,14300.0,1678000.0,0.0,156.8,0.0
2023,PENNSYLVANIA,SOMERSET,57.04415995715674,0.0434003718027582,9169.86252,33.589240000000004,6422.598,23.526,0.0,0.0,40257.67784721233,19.88739037448312,45051.35544,165.02328,16500.0,10400.0,27400.0,2381000.0,156000.0,144.3,15.0
2023,PENNSYLVANIA,SULLIVAN,5.06440238775452e-05,1.7298502816354298e-07,769.4450400000001,2.81848,563.93064,2.06568,0.0,0.0,16961.096367993985,7.784390781608035,4606.8204000000005,16.8748,960.0,0.0,1500.0,133300.0,0.0,138.9,0.0
2023,PENNSYLVANIA,TIOGA,0.0001270608714412,4.340024101934626e-07,8216.48646,30.09702,5473.61724,20.04988,0.0,0.0,42553.72144850368,21.0216414753294,48104.54376,176.20712,7140.0,5240.0,12700.0,1101000.0,84000.0,154.2,16.0
2023,PENNSYLVANIA,UNION,258.325166802751,0.1965400805788152,4762.501380000001,17.44506,2222.94072,8.142639999999998,0.0,0.0,11246.62553988833,5.161702184660049,14813.7717,54.2629,5770.0,4200.0,10100.0,1028000.0,99000.0,178.2,23.5
2023,PENNSYLVANIA,VENANGO,7.639983580366777e-05,2.609592748819336e-07,1960.0035,7.179500000000001,1071.25746,3.92402,0.0,0.0,25586.927703418045,12.640004265839387,9379.01328,34.35536,3620.0,0.0,8000.0,514000.0,0.0,142.0,0.0
2023,PENNSYLVANIA,WARREN,0.0006395528304944,3.079238241355877e-07,2140.32,7.84,1230.53658,4.50746,0.0,0.0,33341.06010848996,15.302067468193083,8235.28524,30.16588,2600.0,2360.0,5000.0,360000.0,40100.0,138.5,17.0
2023,PENNSYLVANIA,WASHINGTON,8.961797710420774e-05,2.771945840577008e-07,2045.3433,7.4921,6357.42198,23.28726,0.0,0.0,30013.790958721584,13.77499853730362,50292.6879,184.2223,2310.0,1750.0,4100.0,310000.0,29800.0,134.2,17.0
2023,PENNSYLVANIA,WESTMORELAND,26.651082174012974,0.0202803493451548,6249.346740000001,22.89138,5331.68454,19.529979999999995,0.0,0.0,34520.41750057153,17.053169865622127,42782.63262,156.71294,9870.0,5740.0,15900.0,1417000.0,121000.0,143.6,21.0
2023,PENNSYLVANIA,WYOMING,4.554049442911444e-05,1.4085989015777188e-07,1162.98546,4.260020000000001,1605.6331200000002,5.88144,0.0,0.0,15251.882759671098,7.534467028590218,12566.35926,46.03062,2350.0,0.0,3400.0,313000.0,0.0,133.2,0.0
2023,PENNSYLVANIA,YORK,81.22327944287478,0.0618002700618679,19350.38742,70.88054000000001,9751.4781,35.7197,0.0,0.0,29011.05229860812,14.331530110272295,68507.82666,250.94442,53500.0,0.0,72600.0,8258000.0,0.0,154.4,0.0
2023,SOUTH CAROLINA,BAMBERG,373.5611795005072,0.2842001206900981,1022.81634,3.74658,4365.30276,15.99012,0.0,0.0,14710.631783435869,7.267087735233746,29202.405960000004,106.96852,6240.0,0.0,7400.0,1038000.0,0.0,166.3,0.0
2023,SOUTH CAROLINA,BERKELEY,0.000121327906702,3.752755833103856e-07,425.09922,1.55714,971.0337,3.5569,0.0,0.0,40633.7048311363,18.64906786963145,6609.1334400000005,24.20928,3230.0,0.0,3400.0,398000.0,0.0,123.2,0.0
2023,SOUTH CAROLINA,CALHOUN,1027.0854905720284,0.7814001037609742,2287.97478,8.38086,5999.448,21.976,0.0,0.0,14704.934405182095,6.748912531613,40165.33248,147.12576,9830.0,0.0,10200.0,1706000.0,0.0,173.6,0.0
2023,SOUTH CAROLINA,CHESTER,84.81053503863676,0.0645201855486374,281.6814,1.0317999999999998,1227.42438,4.496059999999999,0.0,0.0,21746.89446868329,10.74301854599744,5089.1841,18.6417,580.0,0.0,1200.0,50500.0,0.0,87.1,0.0
2023,SOUTH CAROLINA,CHESTERFIELD,2.7084292777417778,0.0020602761422126,8254.51536,30.23632,3330.04854,12.19798,0.0,0.0,29899.843374761687,14.770595054850244,17380.31568,63.66416,8900.0,0.0,9300.0,946000.0,0.0,106.3,0.0
2023,SOUTH CAROLINA,CLARENDON,78.65292160357833,0.0598401997974791,8781.25248,32.16576,9961.19124,36.48788,0.0,0.0,23518.779246804097,10.794076302105772,68507.05134,250.94158,40000.0,0.0,40700.0,6935000.0,0.0,173.4,0.0
2023,SOUTH CAROLINA,DARLINGTON,301.10441591503115,0.2290801695831717,14852.13366,54.40342,5875.16202,21.52074,0.0,0.0,20704.27417328618,10.22796159448584,38408.10246,140.68902,19300.0,0.0,20100.0,2837000.0,0.0,147.0,0.0
2023,SOUTH CAROLINA,DILLON,766.1256919611607,0.5828800954632888,17765.83536,65.07632000000001,4075.28394,14.92778,0.0,0.0,15166.422080053911,7.492249245844129,21179.454660000003,77.58042,23700.0,0.0,24000.0,3842000.0,0.0,162.1,0.0
2023,SOUTH CAROLINA,DORCHESTER,104.58785486040324,0.0795801879677673,590.97402,2.16474,2290.18062,8.38894,0.0,0.0,19684.443383350404,9.724162713876172,15958.400640000002,58.45568,7330.0,0.0,7600.0,1163000.0,0.0,158.7,0.0
2023,SOUTH CAROLINA,EDGEFIELD,56.9293737965473,0.0433201666603234,506.96646,1.85702,1553.61024,5.69088,0.0,0.0,18676.007357766463,9.225992874458353,7782.97884,28.50908,770.0,0.0,800.0,59300.0,0.0,77.0,0.0
2023,SOUTH CAROLINA,FLORENCE,74.63371693071852,0.0567802333517891,24143.7651,88.4387,6836.034659999999,25.04042,0.0,0.0,28475.498706727783,13.068990637458413,45983.6559,168.4383,20000.0,0.0,20700.0,2629000.0,0.0,131.5,0.0
2023,SOUTH CAROLINA,GEORGETOWN,9.157433005560808e-05,3.127908655526601e-07,1326.44694,4.85878,1014.69732,3.71684,0.0,0.0,30668.989507295504,15.150555107458771,6496.26978,23.79586,1890.0,0.0,2000.0,286000.0,0.0,151.3,0.0
2023,SOUTH CAROLINA,GREENVILLE,6.63799063366724e-05,2.053176284640676e-07,760.7691000000001,2.7867,2486.83344,9.10928,0.0,0.0,22231.17165802285,10.982252650617314,11062.2876,40.5212,770.0,0.0,800.0,79900.0,0.0,103.8,0.0
2023,SOUTH CAROLINA,HAMPTON,1151.6816384284648,0.8761802008203494,965.61738,3.53706,3527.5968,12.9216,0.0,0.0,21023.32737365557,10.385574648325052,25649.29458,93.95346,7210.0,0.0,7500.0,1120000.0,0.0,155.3,0.0
2023,SOUTH CAROLINA,HORRY,177.25792391929312,0.1348603569615432,23686.30446,86.76302,7352.5998,26.9326,0.0,0.0,38559.858994525406,19.048663748553807,48259.078140000005,176.77318,19200.0,0.0,19500.0,2828000.0,0.0,147.3,0.0
2023,SOUTH CAROLINA,LANCASTER,5.879265920636478e-05,2.0081835979727378e-07,1480.0149,5.4213,2264.24562,8.293940000000001,0.0,0.0,19690.140754631462,9.036901085483665,11923.1385,43.6745,2130.0,0.0,2300.0,208000.0,0.0,97.7,0.0
2023,SOUTH CAROLINA,LEE,875.1715548371728,0.6658201013045424,5619.2409,20.5833,5343.93678,19.57486,0.0,0.0,15456.988392495528,7.094071948144671,34890.91787999999,127.80556,25500.0,0.0,25900.0,3991000.0,0.0,156.5,0.0
2023,SOUTH CAROLINA,MARION,132.71854820341866,0.1009801467331236,12845.447160000002,47.05292,3221.3181,11.7997,0.0,0.0,18260.0987066006,8.38057522691418,16664.03466,61.04042,9290.0,0.0,9600.0,1494000.0,0.0,160.8,0.0
2023,SOUTH CAROLINA,MARLBORO,729.7475849424482,0.5551801546350569,10789.69164,39.52268,2287.2486,8.3782,0.0,0.0,17941.04549737005,8.862919935091782,13808.54202,50.58074,16400.0,0.0,16800.0,2787000.0,0.0,169.9,0.0
2023,SOUTH CAROLINA,NEWBERRY,0.0725513113339203,4.0220571634319535e-05,543.72864,1.99168,1381.44006,5.06022,0.0,0.0,23883.411472186817,10.961426317244104,6515.2542,23.8654,2700.0,0.0,3400.0,303000.0,0.0,112.2,0.0
2023,SOUTH CAROLINA,OCONEE,7.245310637644467e-05,2.47478412800894e-07,458.65092,1.68004,1250.7495,4.5815,0.0,0.0,24265.135850634226,11.136620872373706,5714.5725,20.9325,730.0,0.0,800.0,79400.0,0.0,108.8,0.0
2023,SOUTH CAROLINA,ORANGEBURG,2379.884173999156,1.8105802513349167,4986.618,18.266,16163.79492,59.20804,0.0,0.0,40941.36328269717,20.225132635734223,107495.4699,393.7563,34700.0,0.0,35400.0,5378000.0,0.0,155.0,0.0
2023,SOUTH CAROLINA,SUMTER,391.338590841452,0.2977201578379288,6816.35136,24.96832,8754.58584,32.06808,0.0,0.0,24082.81973576389,11.052945863804492,58788.21858,215.34146,27200.0,0.0,28400.0,4347000.0,0.0,159.8,0.0
2023,SOUTH CAROLINA,WILLIAMSBURG,0.0001046053418785,3.235515369703917e-07,13233.88794,48.47578,6602.59782,24.18534,0.0,0.0,35033.18157536935,17.306476560663437,47102.1369,172.5353,21600.0,0.0,22400.0,2668000.0,0.0,123.5,0.0
2023,SOUTH DAKOTA,AURORA,71.77975848426573,0.054600268920535,11621.46804,42.56948,5339.3776800000005,19.55816,0.0,0.0,26743.49558630497,12.27407804267016,47295.00048,173.24176000000003,87800.0,0.0,100500.0,10940000.0,0.0,124.6,0.0
2023,SOUTH DAKOTA,BON HOMME,155.78483190922375,0.1185001552019342,11329.876740000002,41.50138,5235.92706,19.17922,0.0,0.0,21382.26223487521,9.813509776713463,46643.86272,170.85664,99100.0,0.0,110500.0,15648000.0,0.0,157.9,0.0
2023,SOUTH DAKOTA,BROOKINGS,290.41231092475635,0.2209402136643128,18722.21988,68.57956,8328.405540000002,30.50698,0.0,0.0,29928.330276053828,13.735775875282542,72378.31146,265.12202,125800.0,0.0,165000.0,20719000.0,0.0,164.7,0.0
2023,SOUTH DAKOTA,BROWN,617.029464358278,0.469420434687669,31821.6717,116.5629,13670.94456,50.07672,0.0,0.0,64727.91931992139,29.70724341956309,124918.91958,457.57846000000006,302000.0,0.0,315000.0,53037000.0,0.0,175.6,0.0
2023,SOUTH DAKOTA,BRULE,35.48403014255992,0.0270002772270418,10663.61478,39.060860000000005,5234.57298,19.17426,0.0,0.0,31153.26669111501,14.297967347494902,46118.33772,168.93164,82500.0,0.0,98000.0,10758000.0,0.0,130.4,0.0
2023,SOUTH DAKOTA,BUTTE,0.0002530500017086,7.827011079250986e-07,4441.58442,16.26954,7397.90142,27.09854,0.0,0.0,84748.50804276044,41.86596826319698,51052.32132,187.00484,2370.0,0.0,6400.0,333000.0,0.0,140.5,0.0
2023,SOUTH DAKOTA,CAMPBELL,0.5045036022433234,0.0003802585436329,3908.62836,14.31732,1737.66138,6.36506,0.0,0.0,28025.405781143847,12.86241795225192,18178.26738,66.58706,71900.0,0.0,78000.0,11605000.0,0.0,161.4,0.0
2023,SOUTH DAKOTA,CHARLES MIX,173.4941929125103,0.1320003438791523,19378.92138,70.98506,8902.43718,32.609660000000005,0.0,0.0,41795.97008511544,20.64731046628084,77002.83318,282.06166,144300.0,0.0,161000.0,19278000.0,0.0,133.6,0.0
2023,SOUTH DAKOTA,CLARK,200.6013339006672,0.1526002867828358,15936.102,58.374,6753.086340000001,24.73658,0.0,0.0,35443.39284120705,16.26694492595682,60011.66808,219.82296,138400.0,0.0,165500.0,22794000.0,0.0,164.7,0.0
2023,SOUTH DAKOTA,CLAY,154.91025431461105,0.1178601161386959,13568.64054,49.701980000000006,7073.75214,25.91118,0.0,0.0,15570.935964311271,7.146368828510432,51403.47576,188.29112,105900.0,0.0,107500.0,18596000.0,0.0,175.6,0.0
2023,SOUTH DAKOTA,CORSON,0.0408388537285241,2.0862512247469825e-05,1749.6024,6.4088,771.83652,2.82724,0.0,0.0,93391.43152384069,42.86252391132109,6091.43262,22.31294,52200.0,0.0,63500.0,6541000.0,0.0,125.3,0.0
2023,SOUTH DAKOTA,CUSTER,0.0001745747305818,5.399716819577562e-07,331.98438,1.21606,331.76598,1.21526,0.0,0.0,58466.50013384037,26.8335297907738,2204.49138,8.075059999999999,1400.0,0.0,1600.0,88200.0,0.0,63.0,0.0
2023,SOUTH DAKOTA,DAVISON,152.5840052903208,0.1160801560541799,9612.4938,35.2106,4365.44472,15.99064,0.0,0.0,16362.871609947344,8.083298211824296,38849.93658,142.30746000000002,77500.0,0.0,79900.0,12292000.0,0.0,158.6,0.0
2023,SOUTH DAKOTA,DOUGLAS,102.8829455731096,0.0782801399691288,11711.53074,42.89938,5385.52014,19.72718,0.0,0.0,16431.240147249442,7.541210282490967,48202.26684,176.56508000000002,82200.0,0.0,84400.0,12346000.0,0.0,150.2,0.0
2023,SOUTH DAKOTA,EDMUNDS,23.75928723914918,0.018080393089742,12523.97874,45.87538,5009.27154,18.34898,0.0,0.0,43237.40689793395,21.35938374346957,48394.14762,177.26793999999998,150000.0,0.0,156000.0,22410000.0,0.0,149.4,0.0
2023,SOUTH DAKOTA,FALL RIVER,0.0001953631071949,6.673026748811786e-07,1002.0192,3.6704,1075.9694399999998,3.94128,0.0,0.0,65428.69689612341,32.32193475752207,7130.497920000001,26.11904,2400.0,0.0,2900.0,339000.0,0.0,141.3,0.0
2023,SOUTH DAKOTA,GRANT,232.7133572578813,0.1770401734830121,11893.20678,43.56486,5002.6485600000005,18.32472,0.0,0.0,25831.914994913743,12.76102858128185,42048.89052,154.02524000000005,100700.0,0.0,129000.0,14410000.0,0.0,143.1,0.0
2023,SOUTH DAKOTA,HAAKON,0.000205434071991,6.354217532789362e-07,1423.28004,5.213480000000001,673.82952,2.46824,0.0,0.0,68801.54508923754,31.5768569279342,3661.6398,13.4126,29900.0,0.0,33600.0,2479000.0,0.0,82.9,0.0
2023,SOUTH DAKOTA,HAMLIN,165.42220868529134,0.1258801657508548,12453.53382,45.61734,5546.63382,20.31734,0.0,0.0,19416.66658944394,8.911388575896671,47457.65934,173.83758,102800.0,0.0,115000.0,18072000.0,0.0,175.8,0.0
2023,SOUTH DAKOTA,HAND,29.62305756426792,0.0225405387387184,14309.45334,52.41558,6301.4952,23.0824,0.0,0.0,54199.16350235612,24.87501159033313,58808.22402,215.41474,188500.0,0.0,207500.0,28595000.0,0.0,151.7,0.0
2023,SOUTH DAKOTA,HANSON,268.5024989335287,0.2042601318122836,11408.08578,41.78786,5179.85286,18.97382,0.0,0.0,16248.924035574935,8.027007834064058,46553.87646000001,170.52702,91400.0,0.0,93100.0,15355000.0,0.0,168.0,0.0
2023,SOUTH DAKOTA,HUGHES,2.4085440304283434,0.0018202870160914,8282.47602,30.33874,3839.24268,14.06316,0.0,0.0,28190.629766729344,13.926239392178264,32745.32352,119.94624,61000.0,0.0,67100.0,8284000.0,0.0,135.8,0.0
2023,SOUTH DAKOTA,HUTCHINSON,176.10878290669223,0.133960254218995,21196.48986,77.64282,9351.041700000002,34.252900000000004,0.0,0.0,30520.857651779283,15.077377612007384,84178.4307,308.3459,166700.0,0.0,176500.0,25255000.0,0.0,151.5,0.0
2023,SOUTH DAKOTA,JERAULD,28.940458909880384,0.0220201821566767,5150.10132,18.86484,2391.79668,8.76116,0.0,0.0,20009.19396579403,9.183332355133366,21634.39824,79.24688,56400.0,0.0,60700.0,7964000.0,0.0,141.2,0.0
2023,SOUTH DAKOTA,LINCOLN,90.16277670530371,0.0685801928986446,19258.10796,70.54252,8046.46752,29.47424,0.0,0.0,21131.57757238897,10.439050508718616,70124.51082,256.86634,130700.0,0.0,146500.0,19932000.0,0.0,152.5,0.0
2023,SOUTH DAKOTA,LYMAN,2.7691259196925118,0.0021006349645129,7693.3857,28.1809,3650.98188,13.37356,0.0,0.0,62386.2966829252,28.632542511440505,27537.1005,100.8685,56200.0,0.0,57900.0,7368000.0,0.0,131.1,0.0
2023,SOUTH DAKOTA,MARSHALL,452.466800386916,0.344220245756424,17604.16476,64.48411999999999,6825.7371,25.0027,0.0,0.0,32828.296019891975,15.066731499466796,64513.6674,236.3138,92600.0,0.0,111000.0,14936000.0,0.0,161.3,0.0
2023,SOUTH DAKOTA,MCCOOK,229.268453296729,0.1744401601636443,14406.71778,52.77186,6251.3942400000005,22.89888,0.0,0.0,21524.696703712303,9.878880879037428,56443.96758,206.75446,116300.0,0.0,124000.0,17282000.0,0.0,148.6,0.0
2023,SOUTH DAKOTA,MCPHERSON,50.09634653590786,0.0381203910660864,6013.223580000001,22.02646,2487.3576,9.1112,0.0,0.0,43089.27505755432,21.28620625549569,25104.49578,91.95786,82000.0,0.0,88100.0,13013000.0,0.0,158.7,0.0
2023,SOUTH DAKOTA,MEADE,0.0003913726614956,1.2105426346402925e-06,1779.8835600000002,6.51972,1359.1141200000002,4.97844,0.0,0.0,131073.8941968316,64.75082123934757,8344.34328,30.56536,6130.0,0.0,10900.0,479000.0,0.0,78.1,0.0
2023,SOUTH DAKOTA,MINER,119.4392947707762,0.0908601640393065,7786.29306,28.52122,2876.7921,10.5377,0.0,0.0,21741.19708655095,10.740204025423042,19809.66078,72.56286,87900.0,0.0,91300.0,12192000.0,0.0,138.7,0.0
2023,SOUTH DAKOTA,MOODY,171.11045265717,0.1301601620846562,15097.12386,55.30082,6766.6872,24.7864,0.0,0.0,19593.28532635103,8.992448740735615,57199.9428,209.5236,114000.0,0.0,138500.0,19904000.0,0.0,174.6,0.0
2023,SOUTH DAKOTA,PERKINS,0.1757042398100187,0.0001410028838759,1939.30464,7.103680000000001,982.94742,3.60054,0.0,0.0,108597.73525954437,53.64754427933008,7881.49908,28.86996,11200.0,0.0,33500.0,995000.0,0.0,88.8,0.0
2023,SOUTH DAKOTA,ROBERTS,342.8234218863552,0.2608203478868136,20149.2291,73.8067,7598.39808,27.83296,0.0,0.0,42228.97086958999,20.86121390268829,61917.47016,226.80392,162200.0,0.0,182000.0,24346000.0,0.0,150.1,0.0
2023,SOUTH DAKOTA,SPINK,134.49717850763588,0.1023404854629899,27180.39324,99.56188,11828.544,43.328,0.0,0.0,56842.747211235794,28.080454815060502,106633.94195999998,390.60052,257500.0,0.0,280500.0,44110000.0,0.0,171.3,0.0
2023,SOUTH DAKOTA,SULLY,1.3618747159624656,0.001040391826536,15787.10952,57.82824,6936.1219200000005,25.40704,0.0,0.0,38480.09568491095,17.660656812861653,60811.88022000001,222.75414,123000.0,0.0,128500.0,16482000.0,0.0,134.0,0.0
2023,SOUTH DAKOTA,TURNER,168.0081572147478,0.1278201934231842,18202.6572,66.6764,8313.36324,30.45188,0.0,0.0,23211.120798439035,10.652874723070113,71390.78856,261.50472,132900.0,0.0,155000.0,20998000.0,0.0,158.0,0.0
2023,SOUTH DAKOTA,UNION,192.91306210802003,0.1467601453163695,20508.0603,75.1211,10947.06522,40.09914,0.0,0.0,17251.66268450301,8.522363155612872,76735.14576,281.08112,115700.0,0.0,119500.0,20583000.0,0.0,177.9,0.0
2023,SOUTH DAKOTA,YANKTON,144.62842700743997,0.1100401582823309,11204.44416,41.04192,5370.05742,19.67054,0.0,0.0,19559.101051163063,9.66224329815333,42893.9238,157.1206,99300.0,0.0,104500.0,17517000.0,0.0,176.4,0.0
2023,TENNESSEE,BEDFORD,975.5306044015888,0.742160083821312,9644.56584,35.32808,8851.850279999999,32.42436,0.0,0.0,17627.68966929858,8.090327534585219,46492.16754,170.30098,7840.0,0.0,8400.0,1396000.0,0.0,178.1,0.0
2023,TENNESSEE,BENTON,4.59892533813044,0.0035001548276257,2372.62116,8.690919999999998,1146.33246,4.19902,0.0,0.0,15405.71198370836,7.070538351305377,8188.01802,29.99274,7010.0,0.0,7400.0,1112000.0,0.0,158.6,0.0
2023,TENNESSEE,BLEDSOE,336.42003311800755,0.2559600970224863,286.27325999999994,1.04862,1113.92736,4.08032,0.0,0.0,15223.395868547495,7.520394435370098,4388.0928,16.073600000000003,3090.0,0.0,3400.0,530000.0,0.0,171.5,0.0
2023,TENNESSEE,BLOUNT,2.280838091454662,0.0017401982372238,598.09386,2.19082,4445.4228,16.2836,0.0,0.0,19707.23289752761,9.735420789083763,27843.29184,101.99008,1000.0,0.0,1200.0,151600.0,0.0,151.6,0.0
2023,TENNESSEE,CAMPBELL,5.467581213534269e-05,1.867564260882204e-07,0.0,0.0,1523.90784,5.58208,0.0,0.0,18311.37511640461,9.045863663960732,10124.58174,37.086380000000005,270.0,0.0,300.0,44600.0,0.0,165.2,0.0
2023,TENNESSEE,CANNON,72.43304840275178,0.0551200982348089,2031.78066,7.44242,2234.36304,8.184479999999999,0.0,0.0,9902.044167261967,4.54459898477814,12916.80936,47.31432,5710.0,0.0,6100.0,991000.0,0.0,173.6,0.0
2023,TENNESSEE,CARROLL,73.61237820041407,0.0560001985804657,11814.57732,43.27684000000001,5322.8175,19.4975,0.0,0.0,22459.066805605544,10.307715304004978,34097.650859999994,124.89982,37200.0,0.0,39700.0,6183000.0,0.0,166.2,0.0
2023,TENNESSEE,CHESTER,7.929691504251032,0.006040097299742,3380.8156200000003,12.38394,1207.51176,4.423120000000001,0.0,0.0,10785.13786429019,4.949899814706488,8324.60538,30.49306,3650.0,0.0,3900.0,593000.0,0.0,162.5,0.0
2023,TENNESSEE,COFFEE,388.8813916837442,0.2958600935517229,4432.122240000001,16.23488,3250.38714,11.90618,0.0,0.0,15684.88353920664,7.748370462557785,22936.5318,84.0166,21600.0,0.0,22000.0,4069000.0,0.0,188.4,0.0
2023,TENNESSEE,CROCKETT,366.27344135038834,0.2786600740101613,12334.09086,45.17982000000001,4127.58528,15.11936,0.0,0.0,9970.412710955718,4.575977113274946,22581.50622,82.71614,19700.0,0.0,21100.0,3268000.0,0.0,165.9,0.0
2023,TENNESSEE,CUMBERLAND,557.3971774082133,0.4240601692754848,297.34068,1.08916,1461.1942800000002,5.352360000000001,0.0,0.0,25227.99285367433,12.462689580602168,5069.9594400000005,18.57128,840.0,0.0,1100.0,149300.0,0.0,177.7,0.0
2023,TENNESSEE,DYER,3178.786943072504,2.418380057860664,28891.54632,105.82984,8539.83312,31.28144,0.0,0.0,19000.757936244365,8.720504955185266,45088.87656,165.16072000000003,47800.0,0.0,48900.0,7696000.0,0.0,161.0,0.0
2023,TENNESSEE,FENTRESS,330.95242741642784,0.2517801598791994,470.9796,1.7251999999999998,2377.19118,8.70766,0.0,0.0,18698.79687194368,8.581918222680022,15194.18628,55.65636,1100.0,0.0,1200.0,175000.0,0.0,159.1,0.0
2023,TENNESSEE,FRANKLIN,348.1214848287264,0.264840152975933,6123.90324,22.43188,3330.09768,12.19816,0.0,0.0,21040.41950449475,9.656619128762497,24009.71118,87.94766000000001,23400.0,0.0,23700.0,4544000.0,0.0,194.2,0.0
2023,TENNESSEE,GIBSON,1173.8673967602242,0.8930601247912244,33694.790219999995,123.42414,12644.77032,46.31784,0.0,0.0,22145.7109827636,10.94003487002406,69468.90132,254.46484,80200.0,0.0,83000.0,13016000.0,0.0,162.3,0.0
2023,TENNESSEE,GILES,304.6305574779549,0.231760193967144,8407.93044,30.79828,6719.802180000001,24.61466,0.0,0.0,22806.60690319966,11.266519055637,45561.67434,166.89257999999998,15400.0,0.0,16400.0,2965000.0,0.0,192.5,0.0
2023,TENNESSEE,GREENE,4286.148947593342,3.260840140027147,2584.41456,9.46672,10878.32382,39.84734,0.0,0.0,23051.59418438156,11.387543365984424,66122.6748,242.2076,4490.0,0.0,5200.0,762000.0,0.0,169.7,0.0
2023,TENNESSEE,HARDEMAN,30.68377201202337,0.0233402248144675,6497.12154,23.79898,2594.14428,9.50236,0.0,0.0,24920.334395431277,12.31070555697536,13413.860459999998,49.13502,9860.0,0.0,10600.0,1673000.0,0.0,169.7,0.0
2023,TENNESSEE,HARDIN,6.534218867046148e-05,2.0210789615198716e-07,4667.6994,17.0978,1680.30954,6.15498,0.0,0.0,21883.63155374655,10.043616051645548,11573.73126,42.39462,8020.0,0.0,8200.0,1288000.0,0.0,160.6,0.0
2023,TENNESSEE,HAWKINS,137.15229807383173,0.104340112144129,1124.6398799999995,4.11956,4835.31048,17.711759999999998,0.0,0.0,18356.95415202228,8.4250275795293,32645.70582,119.58134,1060.0,0.0,1200.0,188900.0,0.0,178.2,0.0
2023,TENNESSEE,HENDERSON,5.863955332260824e-05,2.002953953172461e-07,7402.96284,27.11708,3115.92372,11.41364,0.0,0.0,19638.864346280097,9.701646559155312,23026.44708,84.34596,10200.0,0.0,10900.0,1632000.0,0.0,160.0,0.0
2023,TENNESSEE,HENRY,55.83329943323408,0.0424602031532496,11593.11426,42.46562,4967.51346,18.19602,0.0,0.0,21319.59107205,9.784746493280334,32688.25014,119.73718,39600.0,0.0,42300.0,7120000.0,0.0,179.8,0.0
2023,TENNESSEE,HICKMAN,1.2297685668855791,0.0009402120154664,1247.48988,4.56956,1922.3022,7.0414,0.0,0.0,23023.107298923285,10.566584867703796,13264.75878,48.58886,3000.0,0.0,3200.0,531000.0,0.0,177.0,0.0
2023,TENNESSEE,HUMPHREYS,37.4259548884444,0.0284801872058866,1493.34276,5.4701200000000005,1720.10748,6.30076,0.0,0.0,20185.81270875866,9.264392522752454,12652.82382,46.34734,6000.0,0.0,6400.0,898000.0,0.0,149.7,0.0
2023,TENNESSEE,LAKE,2092.1931705632846,1.5917000366373038,10648.9656,39.0072,3193.83246,11.69902,0.0,0.0,6420.945787064668,2.946929261504027,17696.80458,64.82346,11400.0,0.0,11700.0,1929000.0,0.0,169.2,0.0
2023,TENNESSEE,LAUDERDALE,5961.820984059992,4.535680011744536,18773.833260000003,68.76862000000001,6150.43884,22.52908,0.0,0.0,17872.676964135368,8.202765834454633,34137.2031,125.0447,15800.0,0.0,16300.0,2634000.0,0.0,166.7,0.0
2023,TENNESSEE,LAWRENCE,188.7953447968776,0.1436202021343524,7225.82406,26.46822,5407.18542,19.80654,0.0,0.0,23125.660114173384,10.613652060315664,37957.52688,139.03856,28800.0,0.0,30400.0,5518000.0,0.0,191.6,0.0
2023,TENNESSEE,LINCOLN,385.94301824344143,0.2936201125579764,11106.098639999998,40.68168,6389.4012,23.4044,0.0,0.0,21359.472723312763,9.803050401925711,39068.52768,143.10816,18800.0,0.0,19300.0,3446000.0,0.0,183.3,0.0
2023,TENNESSEE,MACON,307.81406772604737,0.234180094562306,1390.84764,5.09468,2874.78282,10.53034,0.0,0.0,11634.047289616798,5.339511580453103,19969.53504,73.14848,6650.0,0.0,7100.0,1052000.0,0.0,158.2,0.0
2023,TENNESSEE,MADISON,577.5771336850423,0.4394200981092067,14135.961839999998,51.78008,5443.0467,19.9379,0.0,0.0,19496.42988557782,9.631283590543074,28080.62712,102.85944,24900.0,0.0,26600.0,4427000.0,0.0,177.8,0.0
2023,TENNESSEE,MARSHALL,345.0949399006112,0.2625600683514852,3934.84728,14.41336,5484.66828,20.09036,0.0,0.0,13924.393525437676,6.390678895229901,30570.447180000003,111.97966,5060.0,0.0,5400.0,896000.0,0.0,177.1,0.0
2023,TENNESSEE,MAURY,10.477865549770964,0.0079802027386652,4183.86696,15.32552,6522.7344,23.8928,0.0,0.0,22105.82933150084,10.92033323769316,37380.78708,136.92596,9660.0,0.0,10300.0,1889000.0,0.0,195.5,0.0
2023,TENNESSEE,MCMINN,223.7965000857768,0.1702601198805932,1190.23086,4.35982,3593.38434,13.16258,0.0,0.0,15838.712764260754,7.26926650020745,21792.6345,79.82650000000001,6060.0,0.0,6600.0,958000.0,0.0,158.1,0.0
2023,TENNESSEE,MEIGS,5.548222763463573,0.0042200777123374,362.97534,1.32958,1216.04028,4.45436,0.0,0.0,7890.869489554128,3.621559030185627,7395.4881,27.0897,1480.0,0.0,1600.0,270000.0,0.0,182.4,0.0
2023,TENNESSEE,MONTGOMERY,574.5684353061356,0.4371401248704696,7006.40304,25.66448,4455.20712,16.31944,0.0,0.0,17821.4005499734,8.179232235148545,30203.31678,110.63486,18500.0,0.0,19000.0,3571000.0,0.0,193.0,0.0
2023,TENNESSEE,MORGAN,5.865656509566305e-05,2.003535025096784e-07,28.37016,0.10392,394.57782,1.44534,0.0,0.0,19644.56172772969,9.015982334174735,849.76164,3.112680000000001,750.0,0.0,800.0,138000.0,0.0,184.0,0.0
2023,TENNESSEE,OBION,1693.0024418533783,1.2880200692523385,30501.80952,111.72824,12757.09344,46.72928,0.0,0.0,20630.208240008003,9.468350356714948,70817.52132,259.40484000000004,79300.0,0.0,81400.0,13911000.0,0.0,175.4,0.0
2023,TENNESSEE,ROBERTSON,752.8859653379434,0.5728000680771228,13820.37384,50.624080000000006,7027.6260600000005,25.74222,0.0,0.0,17365.610254808005,7.970044710058648,45612.72534,167.07958,37800.0,0.0,40300.0,6963000.0,0.0,184.2,0.0
2023,TENNESSEE,RUTHERFORD,1665.618081253025,1.2671800742508277,7296.38364,26.72668,7643.47038,27.99806,0.0,0.0,19616.07483791347,9.690388486818163,38792.14794,142.09578000000002,6940.0,0.0,7400.0,1244000.0,0.0,179.3,0.0
2023,TENNESSEE,SEQUATCHIE,0.0546897289824281,4.010154510440446e-05,216.6801,0.7937,449.71836,1.64732,0.0,0.0,9959.017954593435,4.919778993740465,2459.60988,9.00956,1220.0,0.0,1300.0,199400.0,0.0,163.4,0.0
2023,TENNESSEE,STEWART,46.97063355299925,0.0357401836186391,1077.19794,3.94578,690.78828,2.5303599999999995,0.0,0.0,18003.71666426268,8.262907243451084,4721.79708,17.29596,3160.0,0.0,3200.0,578000.0,0.0,182.9,0.0
2023,TENNESSEE,SULLIVAN,4.169583557949584e-05,1.289680951731052e-07,911.00646,3.33702,4895.53974,17.93238,0.0,0.0,13964.275175247796,6.408982803208576,33211.42734,121.65358,380.0,0.0,1100.0,61100.0,0.0,160.8,0.0
2023,TENNESSEE,SUMNER,240.62894925448012,0.1830800790565989,7246.10796,26.54252,6064.05072,22.21264,0.0,0.0,17969.532396483213,8.247218181069444,37465.73376,137.23712,13400.0,0.0,14200.0,2633000.0,0.0,196.5,0.0
2023,TENNESSEE,TIPTON,4728.462065734031,3.5973400194471115,19778.5497,72.4489,5796.61992,21.23304,0.0,0.0,16835.754035661383,8.316903275611123,31645.3137,115.9169,22900.0,0.0,24500.0,3852000.0,0.0,168.2,0.0
2023,TENNESSEE,WARREN,260.1166069735355,0.1978801624754338,1242.1008599999998,4.54982,2147.24328,7.86536,0.0,0.0,15952.6603380521,7.3215633814799235,13007.3034,47.6458,13200.0,0.0,13500.0,2650000.0,0.0,200.8,0.0
2023,TENNESSEE,WASHINGTON,3.222028257265724e-05,9.965955620225629e-08,1274.26572,4.66764,6866.86182,25.15334,0.0,0.0,10790.835243270289,4.952514658903452,45992.57754,168.47098,2420.0,0.0,3200.0,406000.0,0.0,167.8,0.0
2023,TENNESSEE,WAYNE,13.671140800233248,0.0104002757455416,2356.17564,8.63068,1947.6639,7.1343,0.0,0.0,27563.91811857595,12.650615588278669,13337.8518,48.8566,4770.0,0.0,5100.0,700000.0,0.0,146.8,0.0
2023,TENNESSEE,WEAKLEY,341.1059872779506,0.2595001633612068,25820.78772,94.58164,10968.479340000002,40.17758,0.0,0.0,21490.51242678117,10.61636519625219,61235.28684,224.30508,72800.0,0.0,77600.0,11530000.0,0.0,158.4,0.0
2023,TENNESSEE,WHITE,331.67769318945216,0.2523401131239199,284.37318000000005,1.04166,1017.82044,3.72828,0.0,0.0,14146.591293023426,6.492657813111196,4581.2403,16.7811,3950.0,0.0,4600.0,766000.0,0.0,193.9,0.0
2023,TENNESSEE,WILSON,1481.1164282128912,1.1268201654852286,4851.07896,17.76952,9087.64584,33.28808,0.0,0.0,20419.405231544577,10.087235647214804,48278.958,176.846,3500.0,0.0,4000.0,568000.0,0.0,162.3,0.0
2023,TEXAS,ATASCOSA,761.3227725533327,0.5792003841339171,9962.75826,36.49362000000001,16854.19554,61.73698,0.0,0.0,45630.30595103865,22.54148167212889,105129.59184,385.09008,1800.0,0.0,1800.0,235000.0,0.0,130.6,0.0
2023,TEXAS,BEE,195.14846833638063,0.1484803030077232,31066.04592,113.79504,25863.206459999998,94.73702,0.0,0.0,33341.060111104736,15.302067469393153,160698.3378,588.6386,24700.0,0.0,24700.0,2319000.0,0.0,93.9,0.0
2023,TEXAS,BELL,15.326268393734567,0.0116603700143982,4651.27572,17.03764,2995.4542800000004,10.97236,0.0,0.0,36873.43489602178,16.923270787639794,12324.918059999998,45.14622,73000.0,0.0,73000.0,7468000.0,0.0,102.3,0.0
2023,TEXAS,BEXAR,148.52102310855838,0.1130002564782953,2733.7128,10.0136,4832.8098,17.7026,0.0,0.0,29751.71152534659,14.697417562412827,25651.27656,93.96072,6400.0,0.0,6400.0,597000.0,0.0,93.3,0.0
2023,TEXAS,BRAZOS,295.11886564228485,0.2245201546017763,3668.50302,13.43774,18497.6337,67.7569,0.0,0.0,20464.98426280429,9.392519881069973,106886.55432,391.52584,5200.0,0.0,5400.0,768000.0,0.0,147.7,0.0
2023,TEXAS,CALHOUN,413.9232460090976,0.3149001504548946,8743.338240000001,32.02688,3748.08798,13.72926,4352.93653266,0.0,18778.56017388815,9.276654214040702,18940.66902,69.37974,32500.0,0.0,32500.0,4267000.0,0.0,131.3,0.0
2023,TEXAS,COOKE,88.76265520886813,0.0675202947579128,593.0652,2.1724,2441.3461799999995,8.94266,0.0,0.0,32606.098261457915,14.96475258578572,8963.310720000001,32.83264,4690.0,0.0,4800.0,393000.0,0.0,83.8,0.0
2023,TEXAS,DALLAM,67.47112287394334,0.0513405571595482,52158.2061,191.0557,44906.59446,164.49302,0.0,0.0,56819.95769884536,26.07783985927336,272496.5334,998.1558,93100.0,0.0,112000.0,11861000.0,0.0,127.4,0.0
2023,TEXAS,DE WITT,23.100039252692543,0.0175803384598517,16425.41082,60.16634,28055.08524,102.76588,15.794852472,0.0,33996.25865270596,16.794234125083296,202694.51748,742.47076,4700.0,0.0,4700.0,522000.0,0.0,111.1,0.0
2023,TEXAS,DEAF SMITH,55.17963882891499,0.0419805406170963,27540.11442,100.87954,23300.89944,85.35128,0.0,0.0,55925.469242070176,25.667309340131045,132083.59709999998,483.8227,15400.0,0.0,48500.0,2667000.0,0.0,173.2,0.0
2023,TEXAS,DELTA,502.8125015100096,0.3825400622251533,1510.4980799999998,5.53296,4271.0304,15.6448,0.0,0.0,9936.228440183802,4.560288049519901,16411.91916,60.11692,11400.0,0.0,11500.0,1317000.0,0.0,115.5,0.0
2023,TEXAS,ELLIS,128.6614451932914,0.0978802921380262,3274.4002200000004,11.99414,3302.73216,12.09792,0.0,0.0,33682.90282550607,15.45895811001041,12550.28502,45.97174,55900.0,0.0,56400.0,5165000.0,0.0,92.4,0.0
2023,TEXAS,FALLS,670.0282261018324,0.5097402270139203,30713.13336,112.50232,32632.00122,119.53114,0.0,0.0,28760.36763786506,13.199732839106185,200813.2581,735.5797,68400.0,0.0,74300.0,7928000.0,0.0,115.9,0.0
2023,TEXAS,FAYETTE,0.0001067998595681,3.6479677760067473e-07,4316.22828,15.81036,16544.02932,60.60084,0.0,0.0,35768.14343591102,17.669549500101766,109157.0571,399.8427,5600.0,0.0,7300.0,524000.0,0.0,93.6,0.0
2023,TEXAS,FORT BEND,1088.3869139074231,0.8280401728173117,28079.16384,102.85408,16653.25662,61.00094,19583.1142398,0.0,26293.40266324865,12.98900460732136,95839.81680000002,351.0616,25100.0,0.0,25100.0,2874000.0,0.0,114.5,0.0
2023,TEXAS,GONZALES,0.000119711789053,3.702768199596215e-07,9195.00582,33.68134,19042.85292,69.75404,0.0,0.0,40092.45385838743,19.805769323774214,140750.50626,515.56962,4650.0,0.0,4700.0,576000.0,0.0,123.9,0.0
2023,TEXAS,GRAYSON,0.000103686706589,3.541631664746784e-07,1967.43456,7.20672,7347.1671,26.912699999999997,0.0,0.0,34725.52312961907,17.154492543208086,32408.5125,118.7125,24600.0,0.0,24600.0,2517000.0,0.0,102.3,0.0
2023,TEXAS,GUADALUPE,7.616167110668663e-05,2.6014577461753004e-07,3186.4778400000005,11.67208,3667.44924,13.433879999999998,0.0,0.0,25507.164405250453,11.706656878377016,18047.50038,66.10806,22700.0,0.0,22700.0,1952000.0,0.0,86.0,0.0
2023,TEXAS,HALE,306.66398660660514,0.2333002827258203,53713.67274,196.75338,48441.15276,177.44011999999998,0.0,0.0,37357.71208419922,18.45480026283884,274918.31094,1007.02678,28900.0,0.0,52100.0,3439000.0,0.0,119.0,0.0
2023,TEXAS,HIDALGO,4580.748705794787,3.484960151042818,82671.02298,302.82426,66524.93484,243.68108,0.0,0.0,47305.33528228512,23.36895021926256,303105.26064000005,1110.2756800000002,33600.0,0.0,34100.0,3246000.0,0.0,96.6,0.0
2023,TEXAS,HILL,96.2035653365496,0.0731803609610922,4662.71988,17.079559999999997,5389.7844,19.7428,0.0,0.0,36053.01236094719,17.81027543912028,28625.311259999995,104.85462,96100.0,0.0,111000.0,11599000.0,0.0,120.7,0.0
2023,TEXAS,JACKSON,2463.71993945092,1.8743801986553417,37343.98122,136.79114,20089.9335,73.5895,32423.474151,0.0,31654.63601158427,14.528073623160354,118422.57882,433.78234,89600.0,0.0,89600.0,10223000.0,0.0,114.1,0.0
2023,TEXAS,JOHNSON,20.961555558276743,0.015940258278972,908.18364,3.32668,2023.92918,7.41366,0.0,0.0,25569.835576501024,11.735420165677011,9378.55464,34.35368,14900.0,0.0,15100.0,1433000.0,0.0,96.2,0.0
2023,TEXAS,KARNES,513.5165515587718,0.3906802428897766,15216.40848,55.73776,21850.03002,80.03674,0.0,0.0,28247.60355101025,13.954384579623158,164421.30978,602.27586,12600.0,0.0,12600.0,1011000.0,0.0,80.2,0.0
2023,TEXAS,LAVACA,228.4143990465763,0.1737803347630769,16073.79228,58.87836,25555.38804,93.60948,12294.4369806,0.0,36332.18391993182,16.674860601328863,174653.5245,639.7565,2300.0,0.0,2300.0,234000.0,0.0,101.7,0.0
2023,TEXAS,MATAGORDA,2410.790306184784,1.834080297109,50101.25484,183.52108,20164.78464,73.86368,22065.588756,0.0,41066.70560863813,18.84779601713345,98434.83468,360.56716,65700.0,0.0,67900.0,8462000.0,0.0,128.8,0.0
2023,TEXAS,MCLENNAN,31.247749708506333,0.0237603746969017,6665.74272,24.416639999999997,5723.38494,20.96478,0.0,0.0,37209.58023304094,18.381622769540293,29868.72798,109.40926,44800.0,0.0,66900.0,4829000.0,0.0,107.8,0.0
2023,TEXAS,MEDINA,812.6162450762054,0.618240429889303,9203.09208,33.71096,9867.10998,36.14326,0.0,0.0,49823.5766627834,24.6129675612766,66434.65374,243.35038,22800.0,0.0,24600.0,2875000.0,0.0,126.1,0.0
2023,TEXAS,MILAM,183.05884662399689,0.1392603379896304,31703.33712,116.12944,34958.56728,128.05336,0.0,0.0,38451.60879433935,18.995187887442636,208705.26768,764.48816,41400.0,0.0,41600.0,3941000.0,0.0,95.2,0.0
2023,TEXAS,NAVARRO,137.7764795882257,0.1048403144266451,5340.3441,19.5617,14246.5596,52.1852,0.0,0.0,38730.78034794919,17.77570995198111,70076.69214,256.69118000000003,21200.0,0.0,25600.0,2366000.0,0.0,111.6,0.0
2023,TEXAS,NUECES,2395.515022913066,1.8224800787211808,21606.95082,79.14634000000001,9565.19928,35.03736,0.0,0.0,28224.81404787317,12.95393750025905,66818.9886,244.7582,35000.0,0.0,36400.0,3129000.0,0.0,89.4,0.0
2023,TEXAS,OCHILTREE,0.0001019344948181,3.152904228064665e-07,16494.70914,60.42018,11187.50178,40.97986,0.0,0.0,34138.6931262351,15.668145637653769,70484.8053,258.1861,34600.0,0.0,35100.0,6159000.0,0.0,178.0,0.0
2023,TEXAS,PARMER,335.7099212888243,0.255400245483397,43282.08066,158.54242000000002,39844.62846,145.95102,0.0,0.0,33261.29680135954,16.431161190187446,217880.87412,798.0984400000001,7950.0,0.0,51200.0,1340000.0,0.0,168.6,0.0
2023,TEXAS,SAN PATRICIO,652.1035543362476,0.4961001143645854,19862.08224,72.75487999999999,9766.94628,35.776360000000004,0.0,0.0,25472.980139940497,12.583713893461235,63443.0979,232.3923,37300.0,0.0,37300.0,3883000.0,0.0,104.1,0.0
2023,TEXAS,SHERMAN,237.7609499628965,0.1808802720800317,35901.66216,131.50792,29493.01992000001,108.03304,0.0,0.0,34754.010021483526,17.168565136794193,181125.00588,663.46156,68100.0,0.0,73100.0,13245000.0,0.0,194.5,0.0
2023,TEXAS,TOM GREEN,31.22182722955612,0.0237405704277521,4733.3559,17.3383,2724.66012,9.980440000000002,0.0,0.0,57121.91876397405,28.21836623836285,17198.63964,62.99868000000001,3090.0,0.0,6100.0,352000.0,0.0,113.9,0.0
2023,TEXAS,TRAVIS,1.681698241575921,0.001280267220477,2826.8931600000005,10.35492,2643.8521200000005,9.68444,0.0,0.0,26264.91577343243,12.054431139972362,14750.29374,54.03038000000001,15500.0,0.0,15500.0,1445000.0,0.0,93.2,0.0
2023,TEXAS,UVALDE,164.33380652337763,0.1250205687660473,3029.62842,11.09754,6762.57582,24.77134,0.0,0.0,58608.93461095755,26.89890089689796,45856.56894,167.97278,10500.0,0.0,14900.0,1203000.0,0.0,114.6,0.0
2023,TEXAS,VICTORIA,837.8312573428743,0.6374202619992704,21626.20278,79.21686,14456.31096,52.95352000000001,6445.8156132,0.0,32423.78213235164,14.881077570682836,80046.3846,293.2102,48200.0,0.0,49700.0,5659000.0,0.0,117.4,0.0
2023,TEXAS,WHARTON,4534.242598690788,3.4496001949371764,63382.44276,232.17012,35441.4879,129.82229999999998,106656.56375400002,0.0,40599.52056030629,20.05626150281232,204136.33422,747.7521399999999,117100.0,0.0,118500.0,15389000.0,0.0,131.4,0.0
2023,TEXAS,WILLACY,1460.5727242263038,1.1111801527454728,23211.6612,85.02439999999999,14858.7894,54.4278,0.0,0.0,23211.120787689448,11.466349894446894,59855.82876,219.25212,15800.0,0.0,16000.0,1239000.0,0.0,78.4,0.0
2023,TEXAS,WILLIAMSON,47.0686041065628,0.0358003263574093,7885.79064,28.88568,6413.22864,23.49168,0.0,0.0,36787.97421640461,18.17334837604697,35997.79092,131.86004,103300.0,0.0,103500.0,10495000.0,0.0,101.6,0.0
2023,VIRGINIA,APPOMATTOX,3.831049437984563e-05,1.18497001358532e-07,426.02196,1.56052,1388.48892,5.086040000000001,0.0,0.0,12830.496815442815,6.338296506710779,7789.70556,28.53372,1460.0,0.0,2000.0,208000.0,0.0,142.5,0.0
2023,VIRGINIA,AUGUSTA,1571.695270527644,1.1956802378838245,2714.71746,9.94402,13179.09684,48.27508,0.0,0.0,35722.5643981144,16.395072285587744,80238.93696,293.91552,19000.0,0.0,27400.0,2755000.0,0.0,145.0,0.0
2023,VIRGINIA,BOTETOURT,0.5461808510827658,0.0004201882165958,555.59868,2.03516,2937.93864,10.76168,0.0,0.0,20379.52358173445,9.353297219782265,21072.60246,77.18902,2160.0,0.0,3500.0,359000.0,0.0,166.2,0.0
2023,VIRGINIA,CAMPBELL,5.4794894481664536e-05,1.871631762130145e-07,753.0978,2.7585999999999995,2407.10652,8.817240000000002,0.0,0.0,18351.25676476209,9.06556529485641,13355.766060000002,48.92222,2680.0,0.0,3300.0,391000.0,0.0,145.9,0.0
2023,VIRGINIA,CAROLINE,41.319054247163166,0.0314401662630258,3046.30326,11.15862,1263.10548,4.626760000000001,0.0,0.0,19701.535518983317,9.042130776811076,7650.92874,28.02538,12900.0,0.0,16000.0,2307000.0,0.0,178.8,0.0
2023,VIRGINIA,CHARLES CITY,7.392740391944594,0.0056200655101094,1643.49276,6.02012,669.51066,2.45242,0.0,0.0,7093.236471852566,3.255480860744945,4175.9445,15.296499999999998,6390.0,0.0,7800.0,1038000.0,0.0,162.4,0.0
2023,VIRGINIA,CHARLOTTE,5.3433953286163103e-05,1.825146030348251e-07,1077.59652,3.94724,1896.48186,6.94682,0.0,0.0,17895.466466110334,8.84040378324137,11167.97136,40.90832,1580.0,0.0,1800.0,217000.0,0.0,137.3,0.0
2023,VIRGINIA,CRAIG,3.6915529662090576e-05,1.2609254655020074e-07,122.3313,0.4480999999999999,587.9328,2.1536,0.0,0.0,12363.311761881432,5.674211620596939,4629.8616,16.9592,320.0,0.0,500.0,42200.0,0.0,131.9,0.0
2023,VIRGINIA,CULPEPER,4.198503558262903e-05,1.434084815272478e-07,2265.20112,8.29744,3900.55848,14.28776,0.0,0.0,14061.130613406236,6.453435152490189,26778.438960000003,98.08952,6860.0,0.0,8800.0,1016000.0,0.0,148.1,0.0
2023,VIRGINIA,DINWIDDIE,5.656411801187366e-05,1.749567181890323e-07,2408.93016,8.82392,919.76976,3.36912,0.0,0.0,18943.784144990743,9.358275255994744,4949.24976,18.12912,5410.0,0.0,6600.0,900000.0,0.0,166.4,0.0
2023,VIRGINIA,ESSEX,37.04324567544448,0.028180078242405,3612.7182,13.2334,1454.5931400000002,5.328180000000001,0.0,0.0,9736.820185845572,4.8100127577395,9727.3449,35.6313,13800.0,0.0,16800.0,2357000.0,0.0,170.8,0.0
2023,VIRGINIA,FAUQUIER,70.76279945358927,0.0538402005494348,2698.4685,9.8845,7530.61764,27.58468,0.0,0.0,23900.503607819726,10.969270849234965,47265.0633,173.13209999999998,6030.0,0.0,8600.0,1003000.0,0.0,166.3,0.0
2023,VIRGINIA,FRANKLIN,372.63356060174175,0.283500249306746,1260.04788,4.61556,4915.3923,18.0051,0.0,0.0,26994.18024598759,13.335190430719049,32706.3828,119.8036,6990.0,0.0,10500.0,1159000.0,0.0,165.8,0.0
2023,VIRGINIA,FREDERICK,5.931463424325268,0.0045201342705246,1048.4565,3.8405,4274.2791,15.6567,0.0,0.0,14630.868480910338,6.714919558185861,27378.82602,100.28874,2050.0,0.0,3800.0,214000.0,0.0,104.4,0.0
2023,VIRGINIA,GLOUCESTER,2.3867506045254156e-05,7.382384231922428e-08,855.3363,3.1331,332.86344,1.21928,0.0,0.0,7993.422305385283,3.948769981682037,2310.33894,8.462779999999999,4010.0,0.0,4900.0,523000.0,0.0,130.4,0.0
2023,VIRGINIA,HALIFAX,261.41673042460394,0.1988802846664197,1553.56656,5.690720000000001,3455.92338,12.65906,0.0,0.0,30822.81872334321,15.226547112813678,18582.26916,68.06692,3420.0,0.0,4200.0,461000.0,0.0,134.8,0.0
2023,VIRGINIA,ISLE OF WIGHT,3.5112282590976774e-05,1.0860471171765913e-07,8669.333400000001,31.7558,3449.5679400000004,12.63578,0.0,0.0,11759.389620496751,5.397038149719484,24696.49728,90.46336,10900.0,0.0,13300.0,1518000.0,0.0,139.3,0.0
2023,VIRGINIA,KING AND QUEEN,11.154874697982022,0.0084801182632223,3340.701,12.237,1351.0606200000002,4.94894,0.0,0.0,12044.258555265653,5.527780353034011,8887.405799999999,32.5546,13300.0,0.0,16300.0,2181000.0,0.0,164.0,0.0
2023,VIRGINIA,LANCASTER,1.5582776577105645e-05,4.819860268361352e-08,1212.07086,4.43982,471.1434,1.7258,0.0,0.0,5218.798882258552,2.578099289563938,3226.3795199999995,11.81824,5150.0,0.0,6300.0,837000.0,0.0,162.5,0.0
2023,VIRGINIA,LUNENBURG,4.814329445644566e-05,1.644432750361793e-07,1523.54202,5.58074,800.58342,2.93254,0.0,0.0,16123.58170280654,7.965088418054174,4151.06328,15.20536,980.0,0.0,1200.0,147000.0,0.0,150.0,0.0
2023,VIRGINIA,MADISON,0.2251559301004311,0.0001601227175271,1928.61396,7.06452,2942.3557800000003,10.77786,0.0,0.0,12049.955934100484,5.530395197164304,20183.34318,73.93166,5170.0,0.0,6400.0,758000.0,0.0,146.6,0.0
2023,VIRGINIA,MECKLENBURG,7.349082404699304e-05,2.510229498799313e-07,3242.6448600000003,11.87782,1638.7370999999998,6.0027,0.0,0.0,24612.67595636316,11.296126362854888,7388.84874,27.06538,2400.0,0.0,3900.0,298000.0,0.0,124.2,0.0
2023,VIRGINIA,MIDDLESEX,1.4885294217577502e-05,5.0843768766801226e-08,1073.14116,3.93092,419.75934,1.53758,0.0,0.0,4985.206355259962,2.287988556537468,2869.5630599999995,10.51122,6160.0,0.0,7500.0,1141000.0,0.0,185.2,0.0
2023,VIRGINIA,NEW KENT,42.53732142397275,0.0323600726662338,1342.79418,4.91866,579.58446,2.1230200000000004,0.0,0.0,7868.079974505328,3.886850566605046,3597.2663999999995,13.1768,3770.0,0.0,4600.0,636000.0,0.0,168.7,0.0
2023,VIRGINIA,NORTHAMPTON,285.9091899431248,0.2175200326139852,8531.47932,31.25084,2559.21666,9.37442,0.0,0.0,6250.024425215524,2.868483939061954,11633.39814,42.61318,6250.0,0.0,7600.0,1120000.0,0.0,179.2,0.0
2023,VIRGINIA,NORTHUMBERLAND,2.27107060366251e-05,7.75730643532341e-08,2830.4094,10.3678,1015.1232,3.7184,0.0,0.0,7606.000554058902,3.49081682653775,6825.12558,25.00046,10600.0,0.0,13000.0,1815000.0,0.0,171.2,0.0
2023,VIRGINIA,NOTTOWAY,3.3853411995634585e-05,1.0471093814304932e-07,1353.8233799999998,4.95906,890.6625,3.2625,0.0,0.0,11337.78359775929,5.203539689144669,4855.2504,17.7848,2900.0,0.0,3200.0,496000.0,0.0,171.0,0.0
2023,VIRGINIA,ORANGE,3.728978848799076e-05,1.1533988763782214e-07,2439.7464,8.9368,3059.13972,11.20564,0.0,0.0,12488.654093051917,5.731738189996661,20566.51506,75.33522,5300.0,0.0,5600.0,975000.0,0.0,184.0,0.0
2023,VIRGINIA,PAGE,24.48554883542113,0.0186400862760603,1434.83886,5.25582,3907.56366,14.31342,0.0,0.0,11571.376124176822,5.716287835201428,23738.24544,86.95328,1130.0,0.0,3700.0,79000.0,0.0,69.9,0.0
2023,VIRGINIA,PRINCE GEORGE,2.874988254807132e-05,9.820110768255437e-08,2178.31068,7.97916,792.28968,2.90216,0.0,0.0,9628.569989726935,4.419086469524191,5018.20956,18.38172,4100.0,0.0,5000.0,728000.0,0.0,177.6,0.0
2023,VIRGINIA,ROCKINGHAM,863.2405023464976,0.6567201238482498,4497.44022,16.47414,11783.95218,43.16466,0.0,0.0,31255.81949881133,15.440450544771927,69325.6746,253.9402,12300.0,0.0,25500.0,1390000.0,0.0,113.0,0.0
2023,VIRGINIA,SHENANDOAH,5.644503566988928e-05,1.745883882922684e-07,2649.0828,9.7036,5174.31642,18.95354,0.0,0.0,18903.90249808592,8.676052605903651,30899.32482,113.18434,7360.0,0.0,13600.0,671000.0,0.0,91.2,0.0
2023,VIRGINIA,SOUTHAMPTON,20.573523861691022,0.0156601964210447,18615.25848,68.18776,7189.53144,26.33528,0.0,0.0,22379.30350627584,11.055430142480647,49989.150120000006,183.11044,14800.0,0.0,18100.0,2295000.0,0.0,155.1,0.0
2023,VIRGINIA,SPOTSYLVANIA,5.825922555133289,0.0044401454422322,1064.74368,3.90016,815.26536,2.9863200000000005,0.0,0.0,14260.538866814775,6.544954694383669,5438.580420000001,19.92154,2860.0,0.0,3500.0,492000.0,0.0,172.0,0.0
2023,VIRGINIA,WESTMORELAND,17.071103182682496,0.012980070788167,4022.1909,14.7333,1377.70542,5.04654,0.0,0.0,8585.949689971889,3.9405700060810607,7761.783120000001,28.43144,10800.0,0.0,13200.0,1718000.0,0.0,159.1,0.0
2023,WASHINGTON,ADAMS,259.3941806581026,0.1973206859634154,29252.64888,107.15256,11344.78254,41.55598,0.0,0.0,72709.94687402865,33.37063995730016,63116.81376,231.19712,6100.0,0.0,13300.0,1428000.0,0.0,234.1,0.0
2023,WASHINGTON,FRANKLIN,900.4526548601926,0.6850402048904302,54033.91266,197.92642,22294.36482000001,81.66434,0.0,0.0,46154.46478277982,22.80041740470224,90264.01566,330.63742,6100.0,0.0,12800.0,1368000.0,0.0,224.3,0.0
2023,WASHINGTON,GRANT,2551.836352446119,1.9414005899674407,74757.0096,273.8352,36678.05778,134.35186000000002,0.0,0.0,101248.11674445323,46.46839387859171,195763.09662,717.08094,19700.0,0.0,39500.0,4642000.0,0.0,235.6,0.0
2023,WASHINGTON,YAKIMA,6290.774819464575,4.785940814367216,23506.457520000004,86.10424,20222.75892,74.07604,0.0,0.0,159372.77420776224,73.14503304888262,137383.06764,503.23468,9300.0,0.0,34800.0,2166000.0,0.0,232.9,0.0
2023,WISCONSIN,BARRON,21.600278829524665,0.0164403378931604,24102.14352,88.28623999999999,12766.58292,46.76404,0.0,0.0,33130.25709944547,16.366427260018607,84595.25802,309.87274,92400.0,1580.0,94100.0,13897000.0,33200.0,150.4,21.0
2023,WISCONSIN,BAYFIELD,0.0001684675070254,5.754352481528702e-07,326.92842,1.1975399999999998,669.97476,2.45412,0.0,0.0,56421.14118820781,27.87218041840969,4865.30226,17.82162,1260.0,0.0,2400.0,154800.0,0.0,122.9,0.0
2023,WISCONSIN,BROWN,2.412350579926829,0.0018401563917217,8716.00548,31.92676,5350.01376,19.59712,0.0,0.0,17103.530834506844,7.849761882865277,43454.18532,159.17284,34800.0,30100.0,65900.0,6111000.0,617000.0,175.6,20.5
2023,WISCONSIN,BUFFALO,16.000036047191816,0.0121602597527848,10549.46802,38.64274,5935.50594,21.74178,0.0,0.0,26059.81014264171,12.8736093363,42951.15552,157.33024,55100.0,12900.0,68500.0,10260000.0,316000.0,186.2,24.5
2023,WISCONSIN,BURNETT,9.802178888571348e-05,3.031881535015296e-07,3745.80024,13.72088,2008.99062,7.35894,0.0,0.0,32828.29601916567,15.066731499133454,15838.67376,58.01712,11400.0,1180.0,14100.0,1417000.0,22400.0,124.3,19.0
2023,WISCONSIN,CALUMET,15.97893318781421,0.0121601020245234,6815.86542,24.966539999999995,3913.28028,14.33436,0.0,0.0,11816.363407682957,5.423186590489062,29118.39294,106.66078,15900.0,29200.0,46000.0,2749000.0,569000.0,172.9,19.5
2023,WISCONSIN,CHIPPEWA,41.54206863859554,0.0316003694538198,21956.77848,80.42776,12135.10662,44.45094,0.0,0.0,38582.64850579732,17.707724008060314,92330.5929,338.2073,73800.0,13600.0,88100.0,12332000.0,302000.0,167.1,22.0
2023,WISCONSIN,CLARK,33.532334851698906,0.0255004167082107,17909.29686,65.60181999999999,12233.05356,44.80972,0.0,0.0,45675.88497532564,22.56399782053476,100158.26184,366.88008,55200.0,26100.0,81800.0,8247000.0,561000.0,149.4,21.5
2023,WISCONSIN,COLUMBIA,177.7011141122075,0.135180224851821,20220.14358,74.06646,10562.43552,38.69024,0.0,0.0,29444.05308395424,13.513514128274442,82036.49454000001,300.49998,113800.0,9000.0,124000.0,21064000.0,180000.0,185.1,20.0
2023,WISCONSIN,CRAWFORD,7.088103611094485,0.0054001966691779,5114.72598,18.73526,2937.51276,10.76012,0.0,0.0,21490.51242140637,9.86319180998878,20330.07522,74.46914000000001,31500.0,3330.0,36900.0,4867000.0,65000.0,154.5,19.5
2023,WISCONSIN,DANE,602.9930527323227,0.4587602526526796,33267.3432,121.8584,16869.69648,61.79376,0.0,0.0,40126.63812471424,19.82265643414573,125642.44602,460.22874,152400.0,27900.0,183500.0,30004000.0,656000.0,196.9,23.5
2023,WISCONSIN,DODGE,378.58387501538897,0.2880202208643787,26128.99926,95.71062,13220.09052,48.42524,0.0,0.0,32691.558938460337,15.003975245206664,101462.91792,371.65904,113400.0,0.0,148500.0,22669000.0,0.0,199.9,0.0
2023,WISCONSIN,DOOR,5.4420635647523215e-05,1.858848185706413e-07,1584.48108,5.80396,1912.10292,7.004040000000001,0.0,0.0,18225.914430831574,9.003645878272437,14174.53128,51.92136,29700.0,0.0,31300.0,4903000.0,0.0,165.1,0.0
2023,WISCONSIN,DUNN,135.42847501040734,0.1030202521222391,21850.13376,80.03712,12464.92884,45.65908,0.0,0.0,32378.20310254457,15.994910763815778,90812.07954,332.64498000000003,92200.0,15800.0,108500.0,16863000.0,308000.0,182.9,19.5
2023,WISCONSIN,EAU CLAIRE,34.43508415193408,0.0262002177779628,11222.36934,41.10758,6368.08536,23.32632,0.0,0.0,23307.97622468577,11.514196714940306,49382.29842,180.88754,43500.0,4500.0,48100.0,7352000.0,92000.0,169.0,20.5
2023,WISCONSIN,FOND DU LAC,216.55043692213908,0.1647401654481241,19564.87806,71.66622,10283.39676,37.66812,0.0,0.0,26828.95626820281,13.253569385463992,74988.72108,274.68396,70500.0,36300.0,107500.0,13571000.0,817000.0,192.5,22.5
2023,WISCONSIN,GRANT,125.19270029519852,0.09524040893367,28629.87036,104.87132,17531.80338,64.21906,0.0,0.0,43345.65709535998,21.41285960321728,120675.89898,442.03626,127500.0,23200.0,159500.0,26497000.0,545000.0,207.8,23.5
2023,WISCONSIN,GREEN,223.53568869879115,0.1700801642368719,19090.61154,69.92898,9922.29966,36.34542,0.0,0.0,21729.802332178788,9.97301526332778,71306.54076,261.19611999999995,91800.0,14300.0,114000.0,17001000.0,272000.0,185.2,19.0
2023,WISCONSIN,IOWA,75.1868619705197,0.0572002519114631,16430.67426,60.18562000000001,9249.48024,33.880880000000005,0.0,0.0,28868.617840956405,13.24941487998189,66081.50094,242.05678,61800.0,13600.0,79300.0,12082000.0,286000.0,195.5,21.0
2023,WISCONSIN,JACKSON,0.0206923245280052,2.0383666385749907e-05,9015.59022,33.02414,5195.78514,19.03218,0.0,0.0,37619.791504645655,17.265815360107844,37153.65108,136.09395999999998,44800.0,4550.0,50600.0,7190000.0,93000.0,160.5,20.5
2023,WISCONSIN,JEFFERSON,367.1394498092941,0.2793201516826169,18992.46804,69.56948,8281.291200000001,30.3344,0.0,0.0,20328.247177741025,10.04220334781965,57809.78658,211.75746,71700.0,7060.0,79600.0,12963000.0,148000.0,180.8,21.0
2023,WISCONSIN,JUNEAU,3.62852788080557,0.0027602716490248,15889.997759999998,58.20512,6460.1628,23.6636,0.0,0.0,29592.18492247449,13.581500070528486,37590.83874,137.69538,32500.0,6260.0,41200.0,4626000.0,122000.0,142.3,19.5
2023,WISCONSIN,KENOSHA,84.26984094911404,0.064120063195465,5549.33106,20.32722,2419.2168,8.8616,0.0,0.0,8329.567648215027,4.114826595299717,17616.77736,64.53032,25300.0,2360.0,27700.0,4617000.0,54000.0,182.5,23.0
2023,WISCONSIN,KEWAUNEE,0.0075980720882279,1.3004383373329058e-07,330.3027,1.2099,4133.5749,15.1413,0.0,0.0,12750.733513934134,5.852021017456712,33438.98922,122.48714,24400.0,29700.0,55800.0,4075000.0,594000.0,167.0,20.0
2023,WISCONSIN,LA CROSSE,1.0841281091433408,0.000820164339031,5802.25464,21.25368,3435.46476,12.58412,0.0,0.0,16134.976457280376,7.4052383920492435,24980.74488,91.50456,29000.0,2570.0,32000.0,4718000.0,55000.0,162.7,21.5
2023,WISCONSIN,LAFAYETTE,103.20875950521884,0.0785201780616289,21520.61184,78.83008,11105.1759,40.6783,0.0,0.0,23587.147779312458,11.65210813917554,78581.14992,287.84304,124700.0,14200.0,139500.0,26191000.0,341000.0,210.0,24.0
2023,WISCONSIN,LANGLADE,0.0001005735536268,3.110809378388567e-07,31914.21324,116.90188,8651.189820000001,31.68934,0.0,0.0,33682.902828992424,16.639435589113084,19629.72102,71.90374,6540.0,9100.0,16200.0,975000.0,204000.0,149.1,22.5
2023,WISCONSIN,LINCOLN,0.3410809667123222,0.000260312278598,12662.0403,46.3811,4033.6296,14.7752,0.0,0.0,33831.03466852952,15.526944054331224,15017.11302,55.007740000000005,6480.0,3930.0,10500.0,951000.0,71000.0,146.8,18.0
2023,WISCONSIN,MANITOWOC,31.392237558379115,0.0238801977815406,7475.94666,27.38442,7055.34648,25.843760000000003,0.0,0.0,21342.380581869264,10.543187706039369,51656.13726,189.21662,55200.0,20600.0,75900.0,9483000.0,443000.0,171.8,21.5
2023,WISCONSIN,MARATHON,36.06268701465935,0.027440569477765,36264.94872,132.83864,18242.08386,66.82082,0.0,0.0,57748.63042127912,28.527963315183023,133522.86948,489.09476,61300.0,61000.0,124000.0,9428000.0,1311000.0,153.8,21.5
2023,WISCONSIN,MARINETTE,0.865058543978767,0.000660541532911,5628.37002,20.61674,2740.3685400000004,10.03798,0.0,0.0,53139.45107057073,26.25101755091332,25729.33818,94.24666,26400.0,12300.0,38800.0,4266000.0,277000.0,161.6,22.5
2023,WISCONSIN,MARQUETTE,66.50380077744312,0.0506001202049368,11501.8176,42.1312,5467.74228,20.02836,0.0,0.0,17331.42598325166,7.954355645943585,37485.20958,137.30846,20800.0,12600.0,33700.0,3309000.0,233000.0,159.1,18.5
2023,WISCONSIN,MILWAUKEE,4.729270620361857e-06,1.46279602024844e-08,848.35842,3.10754,268.89408,0.98496,0.0,0.0,1583.8712764260754,0.7269266500207445,1849.37844,6.774280000000001,1100.0,0.0,1100.0,217000.0,0.0,197.3,0.0
2023,WISCONSIN,MONROE,157.26140507165394,0.1196402541997791,14184.03714,51.95618,8377.551000000001,30.687,0.0,0.0,33819.63992451475,16.706984045525452,62164.6662,227.7094,35000.0,21900.0,60500.0,5513000.0,449000.0,157.5,20.5
2023,WISCONSIN,OCONTO,0.4260537141334059,0.0003203517031912,10961.81268,40.15316,6070.60272,22.23664,0.0,0.0,38104.068697907365,17.488077107649303,58470.25548,214.17676,40100.0,24000.0,64400.0,6765000.0,516000.0,168.7,21.5
2023,WISCONSIN,OUTAGAMIE,74.76197841160936,0.056880178248188,14146.06284,51.81708,7162.853880000001,26.23756000000001,0.0,0.0,22094.434565696345,10.914704195783694,55687.648380000006,203.98406,73800.0,10700.0,85400.0,12037000.0,230000.0,163.1,21.5
2023,WISCONSIN,OZAUKEE,0.7810424657175836,0.0006000767135335,4161.6666,15.2442,1907.54928,6.987360000000001,0.0,0.0,7554.724145852793,3.73205202819496,13554.67932,49.65084,8610.0,8790.0,17500.0,1570000.0,180000.0,182.3,20.5
2023,WISCONSIN,PEPIN,28.59080542750647,0.0217600871654076,5182.83948,18.98476,2769.18096,10.14352,0.0,0.0,8876.516002413502,4.07392705299252,21128.60022,77.39414,28000.0,2970.0,31200.0,5121000.0,61000.0,182.9,20.5
2023,WISCONSIN,PIERCE,99.06347593614647,0.0753801713998186,14919.13878,54.64886,7667.23776,28.08512,0.0,0.0,21593.06524740606,10.667026538059137,60788.0637,222.6669,76500.0,0.0,84600.0,15300000.0,0.0,200.0,0.0
2023,WISCONSIN,POLK,199.01014012235856,0.1514003452032018,13539.77898,49.59626,7460.587680000001,27.32816,0.0,0.0,35471.87974071244,17.52319451702096,57530.78604,210.73548,55200.0,9860.0,69500.0,8021000.0,187000.0,145.3,19.0
2023,WISCONSIN,PORTAGE,27.61934975407119,0.0210202776155324,72060.90528,263.95936,25208.09382,92.33734,0.0,0.0,30059.369976907463,13.795917284612338,102621.06582,375.90134000000006,39000.0,9210.0,49400.0,5834000.0,170000.0,149.6,18.5
2023,WISCONSIN,PRICE,0.0001444298833454,4.467315903917353e-07,718.1537999999999,2.6306,615.48396,2.25452,0.0,0.0,48370.74510043005,23.89526525021565,5070.7293,18.5741,2430.0,1940.0,4400.0,327000.0,29100.0,134.6,15.0
2023,WISCONSIN,RACINE,28.37858931135627,0.0215800998603438,8378.63208,30.69096,3440.47704,12.60248,0.0,0.0,10488.874171706357,4.813927923064703,24891.65406,91.17822,32900.0,800.0,33800.0,6300000.0,16000.0,191.5,20.0
2023,WISCONSIN,RICHLAND,14.617203615383753,0.0111201963836939,8847.040019999999,32.40674,5059.82568,18.53416,0.0,0.0,22026.06603071848,10.108987157703035,36689.305380000005,134.39306,31200.0,11700.0,46400.0,4643000.0,205000.0,148.8,17.5
2023,WISCONSIN,ROCK,485.142823895625,0.3691001241406451,24388.88088,89.33656,11610.34056,42.52872,0.0,0.0,25512.86178960535,11.709271725040775,83280.89952,305.05824,128000.0,16200.0,145500.0,23962000.0,340000.0,187.2,21.0
2023,WISCONSIN,RUSK,0.0001045202830683,3.570104175363932e-07,6830.37264,25.01968,3866.24238,14.16206,0.0,0.0,35004.69468656999,17.2924039685915,30191.36484,110.59108,18600.0,6250.0,25000.0,2894000.0,125000.0,155.6,20.0
2023,WISCONSIN,SAUK,148.122630645168,0.1126803099175824,18358.93332,67.24884,9855.71496,36.10152,0.0,0.0,31204.543096270565,15.41511987770768,70798.12740000001,259.3338,76700.0,6090.0,86300.0,12165000.0,104000.0,158.6,17.0
2023,WISCONSIN,SAWYER,0.0001491251304119,5.093674022935755e-07,658.65072,2.41264,417.99576,1.5311199999999998,0.0,0.0,49943.221611342175,22.92172307025931,3420.56442,12.52954,5180.0,0.0,8300.0,689000.0,0.0,133.0,0.0
2023,WISCONSIN,SHAWANO,0.0001009818359658,3.4492412729295337e-07,14063.95536,51.51632,6964.2027,25.5099,0.0,0.0,33819.63991202199,16.706984039353994,61004.0067,223.4579,53700.0,28100.0,83200.0,8866000.0,548000.0,165.1,19.5
2023,WISCONSIN,SHEBOYGAN,17.019772587587784,0.0129601793072807,10166.98956,37.24172,5616.772980000001,20.57426,0.0,0.0,18351.25677202533,8.422412734865645,40055.91408,146.72496,39400.0,14700.0,54300.0,7210000.0,287000.0,183.0,19.5
2023,WISCONSIN,ST CROIX,75.41796769011918,0.0573802077613149,19199.69142,70.32854,10209.72498,37.39826,0.0,0.0,26589.66635772092,13.135359590043365,78105.20718000001,286.09966,89600.0,8010.0,98300.0,16334000.0,176000.0,182.3,22.0
2023,WISCONSIN,TAYLOR,1.6498095011277636,0.001260338632741,8087.96898,29.62626,4470.93738,16.37706,0.0,0.0,36731.00043168789,18.145203188386787,36551.70792,133.88904,28000.0,11500.0,39700.0,4679000.0,242000.0,167.1,21.0
2023,WISCONSIN,TREMPEALEAU,18.60404009035829,0.0141802736406116,14472.43434,53.01258,8265.31524,30.27588,0.0,0.0,27404.391515268067,12.5773999544972,59489.24436,217.90932,80900.0,7360.0,89500.0,11904000.0,144000.0,147.1,19.5
2023,WISCONSIN,VERNON,9.103648170603872,0.0069202722408745,13583.95584,49.75808,7617.1914,27.9018,0.0,0.0,29973.909299905044,14.80718380128424,54841.51764,200.88468,43300.0,14200.0,61500.0,6061000.0,277000.0,140.0,19.5
2023,WISCONSIN,WALWORTH,266.85063767624024,0.2030001305506205,15452.67906,56.60322,6857.3232,25.1184,0.0,0.0,20316.852414841836,9.324533934482377,49886.69868000001,182.73516,94500.0,3700.0,99300.0,18182000.0,81000.0,192.4,22.0
2023,WISCONSIN,WASHBURN,9.499369476102962e-05,3.244704054979651e-07,2902.93458,10.63346,1794.06864,6.57168,0.0,0.0,31814.162616490063,15.716273397404542,13221.0624,48.4288,9450.0,2800.0,12600.0,1253000.0,48700.0,132.6,17.5
2023,WISCONSIN,WASHINGTON,7.628203452249912,0.0058001482036724,10159.59126,37.21462,4791.532200000001,17.5514,0.0,0.0,14847.36887140443,7.334636187914532,35160.26514,128.79218,25400.0,6220.0,31900.0,4176000.0,134000.0,164.4,21.5
2023,WISCONSIN,WAUKESHA,62.16574257479565,0.0472801450695887,9727.07736,35.63032,4087.1376,14.9712,0.0,0.0,15827.318007172147,7.818733434758081,30285.052980000004,110.93426,19200.0,440.0,19700.0,3310000.0,8600.0,172.4,19.5
2023,WISCONSIN,WAUPACA,63.35977949095778,0.048200271783896,17013.13614,62.31918,8555.4651,31.3387,0.0,0.0,28315.972098771417,13.988158807829343,63707.73318,233.36166,41100.0,15600.0,58900.0,6675000.0,320000.0,162.4,20.5
2023,WISCONSIN,WAUSHARA,109.85946145618549,0.0835802104265837,40973.95302,150.08774,14668.01154,53.72898,0.0,0.0,23911.898372462096,11.81253571884924,66009.59274000001,241.79338,30600.0,3770.0,35000.0,5499000.0,75000.0,179.7,20.0
2023,WISCONSIN,WINNEBAGO,226.03286884979144,0.1719600985743561,13670.535060000002,50.07522,5632.42134,20.63158,0.0,0.0,15798.831112997988,7.804660840030977,37229.02092,136.37004,35600.0,14100.0,49900.0,6269000.0,296000.0,176.1,21.0
2023,WISCONSIN,WOOD,82.73552028268352,0.0629602435326272,26410.09644,96.74028,10619.06118,38.89766,0.0,0.0,29700.435116995217,14.672086892478127,55866.76368,204.64016,28800.0,10400.0,40800.0,4522000.0,213000.0,157.0,20.5
