Year,State,County,Crop Fire CO2,Crop Fire N2O,Crop Residue CO2,Crop Residue N2O,Manure Fertilizer CO2,Manure Fertilizer N2O,Rice CO2,Rice N2O,Soil CO2,Soil N2O,Synthetic Fertilizer CO2,Synthetic Fertilizer N2O,Corn Grain Harvested,Corn Silage Harvested,Corn Planted,Corn Grain Production,Corn Silage Production,Corn Grain Yield,Corn Silage Yield,Wheat Harvested,Wheat Planted,Wheat Production,Wheat Yield
2021,IOWA,CARROLL,171.94725297793403,0.1308201088206698,33797.90232,123.80184,12643.181459999998,46.31202,292.6555575005317,0.0,21349.19387392927,10.544159380435987,86483.81196,316.79052,163700.0,0.0,171000.0,35738000.0,0.0,218.3,0.0,0.0,0.0,0.0,0.0
2022,VIRGINIA,PAGE,22.78072245091884,0.0173601438297965,1335.03552,4.89024,3789.80238,13.88206,0.0,0.0,11571.37612417682,5.310748295819909,18136.23084,66.43308,1650.0,0.0,3100.0,271000.0,0.0,164.2,0.0,0.0,0.0,0.0,0.0
2023,MARYLAND,ANNE ARUNDEL,2.8954023724967565e-05,8.95567923153038e-08,1848.76692,6.77204,882.16128,3.23136,0.0,0.0,9696.938533711218,4.450464598154337,5999.30058,21.97546,3930.0,0.0,4000.0,629000.0,0.0,160.1,0.0,0.0,0.0,0.0,0.0
2022,TEXAS,HUTCHINSON,46.91711251249131,0.0357003829799374,8429.51928,30.87736,7131.562620000001,26.12294,0.0,0.0,33306.87583272094,15.286378402144583,36152.42904,132.42648000000003,17200.0,0.0,23900.0,3053000.0,0.0,177.5,0.0,0.0,0.0,0.0,0.0
2023,MINNESOTA,OLMSTED,100.74503960522914,0.0766401804349191,19482.93438,71.36605999999999,8579.5437,31.426900000000003,0.0,0.0,22983.225637491985,10.548280954391515,63853.55886,233.89582,107500.0,7290.0,117000.0,18791000.0,142000.0,174.8,19.5,0.0,0.0,0.0,0.0
2022,VIRGINIA,DINWIDDIE,7.346950511753997e-05,2.499923774319696e-07,2361.48822,8.650139999999999,908.96988,3.32956,0.0,0.0,18943.784144990743,9.35827525599474,3962.80794,14.51578,5100.0,0.0,6400.0,757000.0,0.0,148.4,0.0,0.0,0.0,0.0,0.0
2022,ILLINOIS,KNOX,448.4210428974257,0.3411402131035363,34311.46446,125.68302,14935.29492,54.70804,0.0,0.0,26663.732286641145,13.171948338343135,80255.68824,293.97688,148200.0,0.0,151000.0,33938000.0,0.0,229.0,0.0,0.0,0.0,0.0,0.0
2021,PENNSYLVANIA,NORTHAMPTON,37.88809422060451,0.0288200441649054,7099.2558,26.0046,4363.86678,15.98486,362.3888909969652,0.0,11150.60700102932,5.507176434939522,26160.79284,95.82708,22200.0,0.0,25200.0,3945000.0,0.0,177.7,0.0,0.0,0.0,0.0,0.0
2021,GEORGIA,RANDOLPH,3844.181046357216,2.9246000187953127,1206.80196,4.42052,4844.51604,17.745479999999997,73.5099992749169,0.0,16127.33497150824,7.965134015149809,32932.41042,120.63154,11100.0,0.0,11800.0,2129000.0,0.0,191.8,0.0,0.0,0.0,0.0,0.0
2023,COLORADO,KIOWA,17.938878148551098,0.0136406766897721,7715.91912,28.26344,3560.31312,13.04144,0.0,0.0,66807.46254122129,30.66166150260573,37069.47972,135.78564,20200.0,0.0,22200.0,1604000.0,0.0,79.4,0.0,0.0,0.0,0.0,0.0
2021,MARYLAND,GARRETT,3.939699610451436,0.0030001274707076,1663.56372,6.09364,2031.44214,7.44118,259.9693528203284,0.0,24866.537698931017,12.281341313656446,14146.150200000002,51.817400000000006,6150.0,0.0,6800.0,898000.0,0.0,146.0,0.0,0.0,0.0,0.0,0.0
2021,IOWA,O BRIEN,221.90000888311627,0.1688200934798401,27269.21106,99.88722,9523.96536,34.88632,314.8931427255732,0.0,21360.59531882562,9.801340176194566,76986.36036,282.00132,161600.0,0.0,171500.0,34502000.0,0.0,213.5,0.0,0.0,0.0,0.0,0.0
2022,NORTH CAROLINA,CAMDEN,170.5541021882945,0.1297600766918474,16694.654339999997,61.15258,5133.219,18.803,0.0,0.0,8979.068819261513,4.120994246337756,15126.64608,55.40896,14100.0,0.0,14300.0,2312000.0,0.0,164.0,0.0,0.0,0.0,0.0,0.0
2021,INDIANA,PORTER,48.00331790479753,0.0365400560362609,12974.50518,47.52566,6281.31504,23.00848000000001,350.7737069913983,0.0,13812.842926831354,6.8220288867812,42838.1499,156.9163,55300.0,0.0,56600.0,9843000.0,0.0,178.0,0.0,0.0,0.0,0.0,0.0
2022,NEW YORK,ALLEGANY,0.869368887617703,0.0006605065961009,12822.70626,46.96962,5689.2381,20.8397,0.0,0.0,38428.81927638526,18.98392981036924,21996.78936,80.57432,10500.0,6800.0,18600.0,1029000.0,88000.0,98.0,13.0,0.0,0.0,0.0,0.0
2021,ILLINOIS,IROQUOIS,377.3405947715602,0.2870601784100148,72339.43626,264.97962,29951.23404,109.71148,432.6817291894991,0.0,42014.30143169647,20.750455177348268,188088.63528,688.96936,314000.0,0.0,317000.0,60979000.0,0.0,194.2,0.0,0.0,0.0,0.0,0.0
2022,NEBRASKA,HOLT,16.271510717291694,0.0123811935771525,44164.90806,161.77622000000002,33326.26206,122.07422,0.0,0.0,90816.21635746358,41.68061439516318,200373.7008,733.9696,172800.0,0.0,185000.0,36485000.0,0.0,211.1,0.0,0.0,0.0,0.0,0.0
2023,NEBRASKA,SIOUX,6.920452476827155,0.0052607186077753,4884.52146,17.89202,4125.53232,15.11184,0.0,0.0,78128.15401217977,38.59549733531266,28928.96916,105.96692000000002,12000.0,0.0,15800.0,1938000.0,0.0,161.5,0.0,0.0,0.0,0.0,0.0
2021,IOWA,GREENE,218.5140923803296,0.1662601079828838,35994.49854,131.84797999999998,13649.11548,49.99676,213.34382550222432,0.0,21520.215455222708,10.628625277429611,90296.67738,330.75706,156600.0,0.0,159000.0,34530000.0,0.0,220.5,0.0,0.0,0.0,0.0,0.0
2023,NEW YORK,GENESEE,5.396131803572437e-05,1.843159252653788e-07,12057.30708,44.16596,6963.886020000001,25.50874,0.0,0.0,18072.085218996548,8.294285377014813,46783.818900000006,171.3693,33000.0,16300.0,49800.0,5676000.0,367000.0,172.0,22.5,0.0,0.0,0.0,0.0
2022,MINNESOTA,NORMAN,3684.948625202327,2.803460288543947,67343.75466,246.68042,22643.11686,82.94182,0.0,0.0,32748.53272056227,15.03012368364278,33100.5129,121.2473,0.0,0.0,0.0,0.0,0.0,0.0,0.0,89100.0,92100.0,5658000.0,63.5
2021,IOWA,VAN BUREN,653.486963384006,0.4971600788653863,13928.11056,51.01872,5860.2453,21.4661,462.6122006625504,0.0,18190.995375879265,8.346964640327146,32385.373020000003,118.62774,47100.0,1660.0,49700.0,7654000.0,25700.0,162.5,15.5,0.0,0.0,0.0,0.0
2023,NORTH CAROLINA,TRANSYLVANIA,4.207009440452852e-05,1.3012570353123886e-07,72.26856,0.26472,415.98102000000006,1.52374,0.0,0.0,14089.61750612775,6.960305177933083,2529.60162,9.26594,1590.0,0.0,1700.0,264000.0,0.0,166.0,0.0,0.0,0.0,0.0,0.0
2023,NORTH CAROLINA,WILSON,2058.9883397406093,1.5664200536318638,26234.90142,96.09854,7693.50582,28.18134,0.0,0.0,13200.826429974168,6.521240233355133,28801.36896,105.49952,6020.0,0.0,6200.0,769000.0,0.0,127.7,0.0,0.0,0.0,0.0,0.0
2023,CALIFORNIA,MERCED,289915.8011831011,220.5641201493709,38937.744300000006,142.62910000000002,125996.66898,461.52626,0.0,0.0,70647.495781142,32.42406640293487,437216.10660000006,1601.5242,0.0,63700.0,0.0,0.0,1752000.0,0.0,27.5,0.0,0.0,0.0,0.0
2021,OKLAHOMA,WASHITA,299.44659847618016,0.2278201211801136,11520.7365,42.200500000000005,5064.83796,18.55252,265.1990992986936,0.0,38046.60078510753,17.457738011358582,37290.87726,136.59662,2390.0,0.0,2800.0,302000.0,0.0,126.4,0.0,0.0,0.0,0.0,0.0
2022,ILLINOIS,JERSEY,477.8134057508258,0.3635201585307962,16671.95166,61.06942,7664.04912,28.07344,0.0,0.0,13736.380027955627,6.304389040796964,39070.44414,143.11518,52800.0,0.0,53800.0,10882000.0,0.0,206.1,0.0,0.0,0.0,0.0,0.0
2023,KANSAS,MORRIS,81.20209565719469,0.0617602584355017,3607.92432,13.215839999999998,1593.8231400000002,5.83818,0.0,0.0,26526.99518617982,13.104399879490902,6258.350280000001,22.92436,17300.0,0.0,23400.0,1450000.0,0.0,83.8,0.0,0.0,0.0,0.0,0.0
2021,KENTUCKY,ADAIR,50.18281958604731,0.0381800608283512,1231.01706,4.50922,5263.0578,19.2786,222.00349758518945,0.0,15357.737861516289,7.046920316161852,35116.492320000005,128.63184,9300.0,0.0,10900.0,1710000.0,0.0,183.9,0.0,0.0,0.0,0.0,0.0
2022,KENTUCKY,HARRISON,0.5726847206049624,0.0004401521780681,1519.29414,5.56518,5769.66936,21.13432,0.0,0.0,11542.889230147925,5.702215240546083,26190.4188,95.9356,2600.0,0.0,4600.0,419000.0,0.0,161.2,0.0,0.0,0.0,0.0,0.0
2021,WISCONSIN,DANE,605.2364893744202,0.4604801617816789,33461.162280000004,122.56836,16550.59224,60.62488,1790.4748709588446,0.0,40150.16620706608,18.42296205946013,113632.49898,416.23626,134600.0,45000.0,182500.0,25900000.0,1058000.0,192.4,23.5,0.0,0.0,0.0,0.0
2022,IDAHO,ADA,348.0236213312721,0.264780342395954,16223.28162,59.42594,13613.86572,49.86764,0.0,0.0,34514.72011476397,15.840725343566142,39009.24846,142.89102,2350.0,0.0,11500.0,511000.0,0.0,217.4,0.0,1710.0,1800.0,181000.0,105.8
2022,TEXAS,OCHILTREE,0.0001323997819098,4.505125793098042e-07,14548.486680000002,53.29116,10631.06226,38.94162,0.0,0.0,34138.6931262351,15.66814563765376,57797.44698,211.71226,28600.0,0.0,34400.0,5248000.0,0.0,183.5,0.0,0.0,0.0,0.0,0.0
2021,WISCONSIN,JACKSON,0.0206399785212402,2.0192949300662803e-05,9032.652719999998,33.08664,5089.52262,18.64294,270.018841630232,0.0,37641.849708221765,17.27201739205813,33563.08955999999,122.94172,40800.0,5390.0,47000.0,7271000.0,129000.0,178.2,24.0,0.0,0.0,0.0,0.0
2021,ILLINOIS,WILL,535.7207061827788,0.4075800852876335,29487.47802,108.01274,12159.40362,44.53994,1232.36228859553,0.0,22951.096007223685,11.335323276602717,78110.79276000001,286.12012,88000.0,0.0,89200.0,16509000.0,0.0,187.6,0.0,0.0,0.0,0.0,0.0
2021,OHIO,HIGHLAND,38.97171146331516,0.0296601022379128,18072.39252,66.19923999999999,5481.5124000000005,20.0788,425.0028583880667,0.0,20733.516190371785,9.513604007626698,30125.823,110.351,43500.0,0.0,45100.0,8369000.0,0.0,192.4,0.0,0.0,0.0,0.0,0.0
2022,ILLINOIS,GRUNDY,291.03795946383974,0.2214201348827978,22931.8362,83.9994,9857.83344,36.10928,0.0,0.0,15474.080534229555,7.101916482935672,54553.10952,199.82824,92800.0,0.0,94500.0,19989000.0,0.0,215.4,0.0,0.0,0.0,0.0,0.0
2021,TENNESSEE,OBION,1735.1570541951792,1.3200800440037035,31303.85076,114.66612,12420.55542,45.49654,324.10625716038857,0.0,20642.30467422453,9.471751471009531,64857.99684,237.57508,76000.0,0.0,80000.0,12310000.0,0.0,162.0,0.0,0.0,0.0,0.0,0.0
2022,SOUTH DAKOTA,HAAKON,0.0002668324042514,9.079422409064696e-07,1354.8171,4.9627,686.96082,2.51634,0.0,0.0,68801.54508923754,33.988129935120355,3244.69236,11.88532,25500.0,0.0,49600.0,1316000.0,0.0,51.6,0.0,0.0,0.0,0.0,0.0
2022,NORTH DAKOTA,TRAILL,2028.456261790356,1.543200280299174,53684.7675,196.6475,17628.8385,64.5745,0.0,0.0,32389.59787212593,14.86538851176803,44038.449,161.313,79600.0,0.0,82300.0,13602000.0,0.0,170.9,0.0,73300.0,73900.0,4354000.0,59.4
2021,ILLINOIS,FULTON,463.189177206209,0.352380124299059,36202.85214,132.61118,15325.16076,56.13612,257.3863017904623,0.0,32357.28288940881,14.847186234409303,94299.01572,345.41764,129300.0,0.0,131000.0,24968000.0,0.0,193.1,0.0,0.0,0.0,0.0,0.0
2023,IOWA,CALHOUN,161.5425576026253,0.1229001773585993,35647.69572,130.57764,13486.07988,49.39956,0.0,0.0,21313.89368784037,9.782131646683249,101647.98462,372.33694,158000.0,0.0,168000.0,31853000.0,0.0,201.6,0.0,0.0,0.0,0.0,0.0
2023,OKLAHOMA,DELAWARE,1473.3989449126666,1.1209401886532735,1128.0087,4.1319,3455.1699,12.656300000000002,0.0,0.0,28936.986386248063,14.294941370153284,13511.18496,49.49152,1170.0,0.0,1200.0,176600.0,0.0,150.9,0.0,0.0,0.0,0.0,0.0
2022,MINNESOTA,KANABEC,7.780033912770653e-05,2.647287702895595e-07,6457.536540000001,23.65398,2795.44902,10.23974,0.0,0.0,20060.470374537617,9.909920958389524,20764.41276,76.06012000000001,13390.0,0.0,14000.0,2329000.0,0.0,173.9,0.0,0.0,0.0,0.0,0.0
2022,MISSOURI,GRUNDY,2059.2584941314844,1.5666401894137427,12370.43262,45.31294,3846.3243,14.0891,0.0,0.0,16317.292572150713,8.060782056744628,15661.737,57.369,33900.0,0.0,35600.0,6027000.0,0.0,177.8,0.0,0.0,0.0,0.0,0.0
2022,TEXAS,DE WITT,20.90371150240083,0.0159004475687463,14765.19954,54.08498,26845.6734,98.3358,1505.8140372360003,0.0,33996.25865270596,15.602774533176357,156415.11521999998,572.94914,4120.0,0.0,4700.0,248000.0,0.0,60.2,0.0,0.0,0.0,0.0,0.0
2023,MICHIGAN,MONROE,88.06067186277816,0.0670001592298516,27021.16872,98.97864,8310.48036,30.44132,0.0,0.0,19046.33696750408,8.741423708494295,57047.78898,208.96626,56400.0,0.0,59500.0,10857000.0,0.0,192.5,0.0,0.0,0.0,0.0,0.0
2022,IOWA,CASS,347.36971296031373,0.2642602497450038,27758.76558,101.68046,11493.96612,42.10244,0.0,0.0,21125.88019369941,10.436235989844947,61566.179220000005,225.51714,123000.0,0.0,127500.0,22042000.0,0.0,179.2,0.0,0.0,0.0,0.0,0.0
2022,KENTUCKY,BOYLE,9.122544490709023,0.006940083307809,860.10288,3.15056,4106.122020000001,15.04074,0.0,0.0,6534.893360565485,3.2282531498816427,18533.83896,67.88952,4700.0,0.0,5200.0,935000.0,0.0,198.9,0.0,0.0,0.0,0.0,0.0
2022,ILLINOIS,PIATT,211.2025182954301,0.1606802003943975,26380.54146,96.63202,11229.40728,41.13336,0.0,0.0,16465.42441517417,7.556899344939273,60113.08212,220.19444000000004,121200.0,0.0,123500.0,26676000.0,0.0,220.1,0.0,0.0,0.0,0.0,0.0
2021,KENTUCKY,MADISON,2.510819071688297e-05,8.077236041810561e-08,2151.31644,7.88028,7988.80992,29.26304,399.4315997386642,0.0,15756.7882173347,7.78212457427906,40898.026260000006,149.80962,1500.0,0.0,1800.0,225000.0,0.0,150.0,0.0,0.0,0.0,0.0,0.0
2023,INDIANA,CLINTON,4.746103437897249,0.0036001483736489,25718.74578,94.20786,10981.33218,40.22466,0.0,0.0,14699.237026637791,7.26145869777347,74802.13104,274.00048,105200.0,0.0,106500.0,24664000.0,0.0,234.4,0.0,0.0,0.0,0.0,0.0
2021,IOWA,POTTAWATTAMIE,542.0861764262213,0.41242011688711,52705.11792,193.05904,22082.42946,80.88802,555.1512160309408,0.0,34814.29292815298,15.974588858100818,136793.71524,501.07588,231000.0,0.0,233500.0,49965000.0,0.0,216.3,0.0,0.0,0.0,0.0,0.0
2023,LOUISIANA,CADDO,143.29700624739323,0.1090202659506263,3602.49708,13.19596,8708.96754,31.90098,1251.55005606,0.0,31375.46445259964,14.399946262576051,44655.8658,163.57459999999998,16400.0,0.0,16800.0,2332000.0,0.0,142.2,0.0,0.0,0.0,0.0,0.0
2023,MARYLAND,SOMERSET,96.4937033110015,0.0734400686571882,5866.75908,21.489960000000004,2056.1541,7.5317,0.0,0.0,11497.310200631386,5.679699089556809,12180.23898,44.61626,13900.0,0.0,14200.0,2628000.0,0.0,189.1,0.0,0.0,0.0,0.0,0.0
2023,NORTH CAROLINA,RUTHERFORD,6.238214160329726e-05,2.130789715335624e-07,529.0467,1.9379,1712.19048,6.27176,0.0,0.0,20892.28766524817,10.320840714948494,9131.93736,33.450320000000005,570.0,0.0,600.0,55300.0,0.0,97.0,0.0,0.0,0.0,0.0,0.0
2023,NEW YORK,NIAGARA,0.1505328416749521,0.0001201804859198,6769.63014,24.79718,3697.15164,13.54268,0.0,0.0,17707.452976182052,8.747524663783377,25977.238560000005,95.15472,28400.0,4520.0,33100.0,4768000.0,102000.0,167.9,22.5,0.0,0.0,0.0,0.0
2021,PENNSYLVANIA,ADAMS,26.62826928125628,0.0202600947371991,11296.516140000002,41.37918,5067.322260000001,18.56162,476.05549784620734,0.0,18607.14787891124,9.189889511011874,33674.79024,123.35088,26100.0,5410.0,32000.0,4280000.0,111000.0,164.0,20.5,0.0,0.0,0.0,0.0
2021,SOUTH DAKOTA,CHARLES MIX,173.46324332555457,0.1319602044866771,19444.5888,71.2256,8786.37396,32.18452,245.57202361259425,0.0,41820.47697311042,19.18938657963876,70456.55526,258.08262,139200.0,0.0,149000.0,16843000.0,0.0,121.0,0.0,0.0,0.0,0.0,0.0
2022,NORTH CAROLINA,HYDE,481.0921971793597,0.3660002649281625,13465.18992,49.323040000000006,5762.41848,21.10776,0.0,0.0,22464.764188507783,10.310330150002024,26389.99272,96.66664,29100.0,0.0,30000.0,4571000.0,0.0,157.1,0.0,0.0,0.0,0.0,0.0
2023,NEBRASKA,ROCK,0.0001145402125268,3.91235537241688e-07,6066.3166200000005,22.22094,5270.368740000001,19.30538,0.0,0.0,38360.45072910348,18.95015558239988,41542.77036,152.17132,26200.0,0.0,27300.0,6087000.0,0.0,232.3,0.0,0.0,0.0,0.0,0.0
2021,PENNSYLVANIA,FAYETTE,14.83798577987551,0.0112801472338259,2039.70312,7.47144,3701.37222,13.558140000000002,577.2761245530945,0.0,28919.749147722,14.2831830586438,27445.81476,100.53412,7700.0,2530.0,10400.0,1158000.0,49300.0,150.4,19.5,0.0,0.0,0.0,0.0
2022,WISCONSIN,LA CROSSE,1.015442494450888,0.0007802126632724,5437.3956,19.9172,3325.20552,12.18024,0.0,0.0,16134.976457280376,7.405238392049241,19073.13408,69.86496,26800.0,3590.0,30700.0,4607000.0,77000.0,171.9,21.5,0.0,0.0,0.0,0.0
2022,SOUTH DAKOTA,MELLETTE,0.0001908439446488,6.493786961670081e-07,890.50962,3.2619400000000005,528.9648000000001,1.9376,0.0,0.0,49208.259767404255,24.308999524449856,3487.70604,12.77548,10500.0,0.0,15100.0,692000.0,0.0,65.9,0.0,3350.0,3600.0,110000.0,32.8
2022,KENTUCKY,BRACKEN,3.027164573158574e-05,1.0300437811729268e-07,531.2034,1.9458,2178.1851,7.9787,0.0,0.0,7805.408809210617,3.5823363692312693,10454.26746,38.29402,770.0,0.0,900.0,108600.0,0.0,141.0,0.0,0.0,0.0,0.0,0.0
2022,NORTH CAROLINA,JONES,161.14361685271666,0.1225801945902924,8146.94244,29.84228,3988.69926,14.61062,0.0,0.0,17627.689680338703,8.09032753965214,21949.96986,80.40282,11800.0,0.0,12000.0,1195000.0,0.0,101.3,0.0,0.0,0.0,0.0,0.0
2021,IOWA,HARDIN,267.4356854561795,0.2034400828757883,36234.78768,132.72816,14530.94916,53.22692,353.1781478075277,0.0,21035.65431667916,10.38930524012328,95539.63146,349.96202000000005,175400.0,0.0,178500.0,33887000.0,0.0,193.2,0.0,0.0,0.0,0.0,0.0
2023,ARKANSAS,CROSS,38688.9985986173,29.43408006483688,49146.846840000006,180.02508,23450.6454,85.8998,367586.896932,0.0,23330.765738427184,10.707786442672584,99948.85992,366.11304,25800.0,0.0,26300.0,4941000.0,0.0,191.5,0.0,0.0,0.0,0.0,0.0
2023,TEXAS,MCLENNAN,31.247749708506333,0.0237603746969017,6665.74272,24.41664,5723.38494,20.96478,0.0,0.0,37209.58023304094,18.381622769540293,29868.72798,109.40926,44800.0,0.0,66900.0,4829000.0,0.0,107.8,0.0,0.0,0.0,0.0,0.0
2023,ILLINOIS,EDGAR,509.4869925974744,0.3876001555140942,43608.19554,159.73698000000002,18282.5097,66.9689,0.0,0.0,23233.91031087307,10.663334098257884,125948.09682,461.34834,159800.0,0.0,161500.0,33318000.0,0.0,208.5,0.0,0.0,0.0,0.0,0.0
2022,INDIANA,ELKHART,720.1308220097397,0.5478400726094275,14744.72454,54.009980000000006,8423.40408,30.854960000000005,0.0,0.0,14710.631783435863,6.751527375476609,43980.6549,161.1013,40500.0,0.0,47700.0,8116000.0,0.0,200.4,0.0,0.0,0.0,0.0,0.0
2021,NORTH CAROLINA,ROWAN,191.6931204048477,0.1458400620407988,2161.92522,7.91914,3308.6125800000004,12.11946,384.72783730168624,0.0,17871.755086079145,8.200480769836876,18635.97372,68.26364,10700.0,0.0,11200.0,1610000.0,0.0,150.5,0.0,0.0,0.0,0.0,0.0
2023,ILLINOIS,UNION,324.22760313146864,0.2466800757324244,6612.85716,24.22292,2155.10568,7.89416,0.0,0.0,15736.159941021097,7.773701129263231,10421.42556,38.17372,12300.0,0.0,12500.0,1750000.0,0.0,142.3,0.0,0.0,0.0,0.0,0.0
2023,KANSAS,DECATUR,0.4839397305146587,0.0003603406560854,10433.33382,38.21734,5774.09742,21.150540000000003,0.0,0.0,33403.73127193981,15.330830751912895,40901.8428,149.8236,110500.0,0.0,114500.0,11437000.0,0.0,103.5,0.0,0.0,0.0,0.0,0.0
2021,PENNSYLVANIA,WAYNE,4.498399436632161e-05,1.4471227524806826e-07,259.48104,0.95048,1062.69618,3.89266,332.736153019541,0.0,28229.96210249833,13.942503940436904,8039.56608,29.44896,0.0,550.0,0.0,0.0,8800.0,0.0,16.0,0.0,0.0,0.0,0.0
2023,MARYLAND,TALBOT,54.38282598485824,0.0413800789664826,9342.43128,34.221360000000004,3362.25162,12.31594,0.0,0.0,9964.71533255668,4.573362269344663,23607.85518,86.47566,33600.0,0.0,34200.0,5719000.0,0.0,170.2,0.0,0.0,0.0,0.0,0.0
2021,NEW YORK,SUFFOLK,2.622552337052289e-05,8.436678889861086e-08,0.0,0.0,5177.04096,18.96352,995.9219043387056,0.0,16457.97669364648,8.128434748499972,15238.89822,55.82014,400.0,0.0,500.0,51300.0,0.0,128.3,0.0,0.0,0.0,0.0,0.0
2021,WISCONSIN,CRAWFORD,7.0745140229679775,0.0053801093837802,5109.82836,18.71732,2871.9982199999995,10.52014,310.3706359663243,0.0,21503.113291293907,9.866734754788176,18362.12742,67.26054,30800.0,5140.0,36400.0,5498000.0,110000.0,178.5,21.5,0.0,0.0,0.0,0.0
2022,COLORADO,OTERO,534.4532422300646,0.4066006253192792,5663.89278,20.74686,10023.96486,36.71782,0.0,0.0,47385.09857870953,23.40835348091037,44871.7815,164.36550000000005,4860.0,0.0,6100.0,741000.0,0.0,152.5,0.0,0.0,0.0,0.0,0.0
2023,SOUTH DAKOTA,YANKTON,144.62842700743997,0.1100401582823309,11204.44416,41.04192,5370.05742,19.67054,0.0,0.0,19559.101051163063,9.66224329815333,42893.9238,157.1206,99300.0,0.0,104500.0,17517000.0,0.0,176.4,0.0,0.0,0.0,0.0,0.0
2021,NEW YORK,GREENE,3.914297893712392e-05,1.259218889245474e-07,155.56632,0.56984,502.20534,1.83958,318.49748121155733,0.0,24564.39957233296,12.132118229142389,3346.55958,12.25846,0.0,380.0,0.0,0.0,7400.0,0.0,19.5,0.0,0.0,0.0,0.0
2023,NEW YORK,ORANGE,8.225188291517625e-05,2.544107466978799e-07,614.69772,2.25164,2650.25124,9.70788,0.0,0.0,27546.82597785878,12.642771053954354,20278.4127,74.2799,0.0,2040.0,0.0,0.0,37300.0,0.0,18.5,0.0,0.0,0.0,0.0
2022,ILLINOIS,BOND,81.49433105110332,0.0619801741703423,18182.89746,66.60402,6709.23162,24.57594,0.0,0.0,14437.157606336632,6.626014860422671,34959.560999999994,128.057,69500.0,0.0,70800.0,13747000.0,0.0,197.8,0.0,0.0,0.0,0.0,0.0
2022,LOUISIANA,WASHINGTON,9.709022726252668e-05,3.303658667625172e-07,131.89721999999998,0.48314,7800.46722,28.57314,0.0,0.0,25034.28197735745,12.366995938467166,38312.9292,140.34040000000002,3150.0,0.0,3700.0,435000.0,0.0,138.1,0.0,0.0,0.0,0.0,0.0
2023,WISCONSIN,RACINE,28.37858931135627,0.0215800998603438,8378.63208,30.69096,3440.47704,12.60248,0.0,0.0,10488.874171706357,4.813927923064703,24891.65406,91.17822,32900.0,800.0,33800.0,6300000.0,16000.0,191.5,20.0,0.0,0.0,0.0,0.0
2021,IOWA,WASHINGTON,933.609326101569,0.7103000908800314,29800.68546,109.16002,12943.0119,47.4103,225.75939630983532,0.0,21132.566534271504,9.696708837319411,76299.3504,279.48479999999995,0.0,2130.0,0.0,0.0,34100.0,0.0,16.0,0.0,0.0,0.0,0.0
2021,INDIANA,MONTGOMERY,300.94471388558003,0.2289600415673749,29746.29294,108.96078,11869.26468,43.47716,275.6190764814342,0.0,18709.7608342862,9.240569052467176,73856.49726,270.53662,108500.0,0.0,110000.0,23642000.0,0.0,217.9,0.0,0.0,0.0,0.0,0.0
2023,KANSAS,HASKELL,351.7607926445629,0.2676201809067911,32774.66556,120.05372,30068.56398,110.14126,0.0,0.0,21786.77612231388,9.99916370545076,187761.19908,687.76996,78300.0,0.0,84100.0,14446000.0,0.0,184.5,0.0,0.0,0.0,0.0,0.0
2021,TEXAS,GONZALES,6.392414546712654e-05,2.0564222150894786e-07,9339.71766,34.21142,19217.6712,70.3944,307.75098355619303,0.0,40115.96189694114,18.407267362096945,130795.5831,479.1047,4330.0,0.0,4700.0,414000.0,0.0,95.6,0.0,0.0,0.0,0.0,0.0
2021,MISSOURI,ST CLAIR,1655.002277163941,1.2591000490685784,4248.005579999999,15.56046,4842.2283,17.7371,129.49836409007744,0.0,26211.90746210214,12.027371796916782,23440.14582,85.86134,14400.0,0.0,15000.0,1974000.0,0.0,137.1,0.0,0.0,0.0,0.0,0.0
2021,MICHIGAN,ALPENA,3.47190683577329e-05,1.1169029000906801e-07,4610.30934,16.88758,1895.3844,6.9428,247.75877300319132,0.0,21788.14926907956,9.997523927048237,11709.5433,42.8921,6240.0,0.0,7200.0,1021000.0,0.0,163.6,0.0,0.0,0.0,0.0,0.0
2021,NORTH CAROLINA,GRANVILLE,3.121264228437344e-05,1.0041021356825969e-07,1708.52682,6.25834,1752.28872,6.41864,607.3506016067803,0.0,19587.67159784237,9.67416064695078,8417.42538,30.83306,2040.0,0.0,2400.0,264000.0,0.0,129.4,0.0,0.0,0.0,0.0,0.0
2022,ILLINOIS,CUMBERLAND,105.12849636515811,0.0799801219712674,20422.66044,74.80828000000001,9199.6086,33.6982,0.0,0.0,13081.181477202725,6.462135336864754,48206.3127,176.5799,60200.0,0.0,61400.0,13388000.0,0.0,222.4,0.0,0.0,0.0,0.0,0.0
2021,SOUTH DAKOTA,SANBORN,205.2201851080452,0.1561200799769574,11117.138760000002,40.72212,5455.9596,19.9852,290.9364756268346,0.0,21463.20826111908,9.84842427375303,46455.09414,170.16518,67500.0,0.0,74100.0,9160000.0,0.0,135.7,0.0,0.0,0.0,0.0,0.0
2021,SOUTH DAKOTA,HAMLIN,165.1601080474593,0.1256400920779221,12483.028740000002,45.72538,5457.19356,19.98972,246.7612949424208,0.0,19428.05146871278,9.59532581638027,43244.93628,158.40636,103500.0,0.0,111000.0,18454000.0,0.0,178.3,0.0,2630.0,2700.0,169000.0,64.3
2023,KANSAS,NEOSHO,3799.733250451865,2.8908000992194625,15343.79028,56.20436,8723.054339999999,31.95258,0.0,0.0,21581.67048668584,10.66139749866131,31408.16406,115.04822,34700.0,0.0,35100.0,3008000.0,0.0,86.7,0.0,0.0,0.0,0.0,0.0
2021,IOWA,WAPELLO,489.0948821679882,0.3721000735361478,14304.28818,52.39666,6068.06382,22.22734,274.34119678595727,0.0,16098.831377886683,7.951056367261294,33858.28446,124.02302000000002,57100.0,0.0,58800.0,10164000.0,0.0,178.0,0.0,0.0,0.0,0.0,0.0
2022,NEBRASKA,JOHNSON,517.0355773500768,0.3933401304720784,8840.62998,32.38326,4817.41806,17.64622,0.0,0.0,14317.51265436414,6.571103135319918,21781.042920000004,79.78404,61800.0,0.0,63200.0,7739000.0,0.0,125.2,0.0,0.0,0.0,0.0,0.0
2023,ILLINOIS,MASSAC,212.2854223007588,0.1614800676139928,10511.46096,38.50352,4791.15546,17.55002,0.0,0.0,8990.463576059588,4.126223934198325,25563.96024,93.64088,24500.0,0.0,24800.0,4285000.0,0.0,174.9,0.0,0.0,0.0,0.0,0.0
2021,ALABAMA,CHILTON,4.16047443970857e-05,1.3384132084375666e-07,595.28196,2.18052,2796.1861200000003,10.24244,380.9816646457394,0.0,26109.29452039008,12.895126830522738,19408.394460000003,71.09302000000001,900.0,0.0,1000.0,136600.0,0.0,151.8,0.0,0.0,0.0,0.0,0.0
2021,KANSAS,SALINE,1368.219624244338,1.0409400823245856,9418.61466,34.500420000000005,4632.8919000000005,16.970299999999998,300.63144678043074,0.0,26172.002428293566,12.009061314214284,20738.10648,75.96376,7320.0,0.0,7800.0,851000.0,0.0,116.3,0.0,0.0,0.0,0.0,0.0
2021,INDIANA,VANDERBURGH,91.201446299979,0.0694000192495331,10853.37162,39.75594,4460.1102,16.3374,327.4466951616681,0.0,6572.929382066448,3.2463059453262453,25828.38804,94.60948,27800.0,0.0,28100.0,6038000.0,0.0,217.2,0.0,0.0,0.0,0.0,0.0
2021,NORTH DAKOTA,KIDDER,108.78241804982038,0.0827602508221749,7903.82502,28.95174,2481.25332,9.08884,222.2979679255816,0.0,51266.568891487856,25.32006016115025,24860.8542,91.0654,37400.0,14100.0,56000.0,3583000.0,118000.0,95.8,8.4,31000.0,41000.0,899000.0,29.0
2022,MINNESOTA,DODGE,90.38525591320062,0.0687601896662269,18117.1263,66.3631,6961.30344,25.49928,0.0,0.0,16049.515776210545,7.366015730761535,42806.54742,156.80053999999998,117600.0,2060.0,120000.0,26048000.0,54000.0,221.5,26.0,0.0,0.0,0.0,0.0
2023,MARYLAND,CHARLES,1.605886520193498,0.0012201439117666,1775.18796,6.5025200000000005,732.54636,2.68332,0.0,0.0,15582.330723956542,7.1515985176777335,4646.5692,17.020400000000002,5100.0,0.0,5200.0,776000.0,0.0,152.2,0.0,0.0,0.0,0.0,0.0
2021,PENNSYLVANIA,CAMBRIA,0.0292593790566326,2.012668168680329e-05,7963.7922,29.1714,2881.29114,10.55418,459.13542941615896,0.0,24712.618272409338,11.339420775358912,13893.28668,50.89116,12500.0,3110.0,15900.0,1640000.0,48100.0,131.2,15.5,0.0,0.0,0.0,0.0
2022,OHIO,FAIRFIELD,179.17702882718677,0.1363001677579851,17629.30806,64.57622,7875.70602,28.84874,0.0,0.0,17422.584041703678,8.60679872010039,38138.43306,139.70122,54200.0,0.0,56300.0,10320000.0,0.0,190.4,0.0,0.0,0.0,0.0,0.0
2021,KANSAS,PHILLIPS,10.337152914889591,0.0078801704622212,12249.8376,44.8712,6337.70592,23.215039999999995,183.1170717604484,0.0,33263.69726411575,15.263095786296448,44011.76052,161.21524,80000.0,0.0,83500.0,7976000.0,0.0,99.7,0.0,0.0,0.0,0.0,0.0
2021,KENTUCKY,BATH,1.6887165898068093e-05,5.4325549209801145e-08,785.59572,2.87764,4724.82738,17.30706,114.99804347960468,0.0,10597.63722711952,4.862741228722104,25477.54482,93.32434,1600.0,0.0,1700.0,248000.0,0.0,155.0,0.0,0.0,0.0,0.0,0.0
2021,KANSAS,LABETTE,2922.2479472577334,2.2232200958206083,6522.96372,23.89364,11539.42608,42.26896,235.85127085220367,0.0,24513.09310176763,12.106778461932295,38330.93082,140.40634,40900.0,0.0,43100.0,5256000.0,0.0,128.5,0.0,0.0,0.0,0.0,0.0
2021,MINNESOTA,MCLEOD,164.72126552304238,0.1253400847122589,19038.59958,69.73846,6709.5756,24.5772,363.9108243808284,0.0,18584.345008159376,8.527453690216152,47991.92034,175.79458,112200.0,0.0,116500.0,21677000.0,0.0,193.2,0.0,860.0,900.0,51000.0,59.3
2021,MISSISSIPPI,SHARKEY,3231.8198415162324,2.45872,32379.9294,118.6078,13768.05066,50.43242,169.6881057477626,0.0,16264.152240438374,8.0327067346686,72570.29598000001,265.82526,30900.0,0.0,31100.0,6068000.0,0.0,196.4,0.0,0.0,0.0,0.0,0.0
2021,COLORADO,KIT CARSON,0.0888695920663816,6.041689525820376e-05,32204.97462,117.96694,19707.00732,72.18684,236.41892417130268,0.0,81326.46190261953,37.31676512458388,149954.87052,549.28524,193600.0,0.0,226500.0,20618000.0,0.0,106.5,0.0,0.0,0.0,0.0,0.0
2023,GEORGIA,GORDON,3.859969438428005e-05,1.1939151691812186e-07,836.0625000000001,3.0625,2568.61878,9.40886,0.0,0.0,12927.352254037052,5.933081183762399,16541.66514,60.59218,2440.0,0.0,2500.0,412000.0,0.0,168.9,0.0,0.0,0.0,0.0,0.0
2022,MISSOURI,VERNON,5285.02686,4.0208,21642.36984,79.27608,12748.5813,46.6981,0.0,0.0,31278.6090243192,15.451708625576885,47077.39218,172.44466,49500.0,0.0,56900.0,3975000.0,0.0,80.3,0.0,0.0,0.0,0.0,0.0
2022,MINNESOTA,SHERBURNE,14.112781030976237,0.010740207927247,18603.21372,68.14363999999999,7715.01276,28.26012,0.0,0.0,15810.225871539238,7.810289878352382,41919.0408,153.5496,28300.0,0.0,29600.0,5023000.0,0.0,177.5,0.0,0.0,0.0,0.0,0.0
2023,IDAHO,POWER,703.0869734804697,0.5349004542959832,29421.19908,107.76996,10133.2413,37.1181,0.0,0.0,53236.306495364806,26.298864365378787,29740.89846,108.94102,5100.0,0.0,8000.0,955000.0,0.0,187.3,0.0,31000.0,31800.0,2821000.0,91.0
2022,MICHIGAN,OTSEGO,7.585588304587837e-05,2.581124306540795e-07,3567.48756,13.06772,1871.94462,6.856940000000001,0.0,0.0,19559.10104811251,9.66224329664634,4819.61298,17.65426,1050.0,0.0,1200.0,85500.0,0.0,81.4,0.0,0.0,0.0,0.0,0.0
2023,PENNSYLVANIA,ARMSTRONG,7.323564754225748e-05,2.501513423045719e-07,4361.57358,15.97646,2491.59456,9.12672,0.0,0.0,24527.215265124792,11.256903696900276,20437.45704,74.86248,11400.0,0.0,14500.0,1803000.0,0.0,158.2,0.0,0.0,0.0,0.0,0.0
2022,NEW YORK,NIAGARA,0.1429886518185443,0.0001202335959574,6329.37396,23.18452,3590.45778,13.15186,0.0,0.0,17707.452976182052,8.126935353876068,19971.65898,73.15626,28400.0,3600.0,32100.0,4440000.0,65000.0,156.3,18.0,0.0,0.0,0.0,0.0
2023,ARKANSAS,MISSISSIPPI,31881.41142724481,24.25496002216,57875.31750000001,211.99750000000003,28398.9615,104.0255,297871.35744600004,0.0,33722.78447429934,15.477262017522396,141860.08745999998,519.63402,29100.0,0.0,29500.0,5593000.0,0.0,192.2,0.0,0.0,0.0,0.0,0.0
2022,ILLINOIS,MARSHALL,91.38760788938237,0.0695201612953845,20322.49128,74.44136,9254.05026,33.89762,0.0,0.0,14796.092463343584,6.790750036230954,49712.67756,182.09772,89900.0,0.0,91600.0,19931000.0,0.0,221.7,0.0,0.0,0.0,0.0,0.0
2022,INDIANA,HENDRICKS,260.8170373072034,0.1984401268074564,19671.37536,72.05632,7908.37866,28.96842,0.0,0.0,13143.852643078497,6.493095044618533,41509.98852,152.05124,59600.0,0.0,59900.0,12027000.0,0.0,201.8,0.0,0.0,0.0,0.0,0.0
2021,NORTH CAROLINA,HALIFAX,1771.608679562592,1.3478000610515388,20692.65744,75.79728,7888.09476,28.89412,724.1882639475147,0.0,27243.7376614824,13.45541727326058,46252.10772,169.42164,7150.0,0.0,7300.0,1122000.0,0.0,156.9,0.0,0.0,0.0,0.0,0.0
2023,ILLINOIS,WINNEBAGO,374.9066097047928,0.2852001020392234,18380.21094,67.32678000000001,8358.2499,30.6163,0.0,0.0,15605.120238133752,7.7089671986135935,60261.03174,220.73638,88100.0,0.0,89200.0,16774000.0,0.0,190.4,0.0,0.0,0.0,0.0,0.0
2022,MINNESOTA,GRANT,573.3674578306488,0.4362202652047407,26606.6619,97.4603,10027.83054,36.73198,0.0,0.0,21604.460008271544,9.91548869726156,42786.9351,156.7287,117500.0,0.0,122500.0,21937000.0,0.0,186.7,0.0,0.0,0.0,0.0,0.0
2021,OHIO,HARDIN,60.44624335186264,0.0459800758050665,26524.82742,97.16054,7765.2666,28.4442,239.53639413795705,0.0,17392.894666422682,7.980754971004303,52002.67254000001,190.48598,85100.0,0.0,90400.0,16300000.0,0.0,191.5,0.0,0.0,0.0,0.0,0.0
2021,MARYLAND,CARROLL,4.847364610130397,0.0037000791398366,11815.4946,43.2802,5555.353440000001,20.34928,536.5556867881311,0.0,15534.460162132886,7.672318908424245,35667.160619999995,130.64894,27000.0,0.0,29900.0,4693000.0,0.0,173.8,0.0,0.0,0.0,0.0,0.0
2022,NORTH DAKOTA,BENSON,2332.496898930761,1.774540272301607,22332.59028,81.80436,6577.02318,24.09166,0.0,0.0,50985.84191414778,23.400239535102507,53957.35254,197.64598,37300.0,4070.0,41400.0,4795000.0,63000.0,128.6,15.5,142100.0,143000.0,8157000.0,57.4
2023,ILLINOIS,KANE,439.5897302183213,0.3344401032267278,19838.7735,72.6695,8732.221679999999,31.98616,0.0,0.0,13576.85342406668,6.706998479303715,61248.4782,224.3534,72800.0,0.0,73800.0,15222000.0,0.0,209.1,0.0,0.0,0.0,0.0,0.0
2022,MISSOURI,CALLAWAY,1766.6158982998795,1.3440202773128285,21595.48482,79.10434,8375.492580000002,30.67946000000001,0.0,0.0,31534.99105765069,15.57836197108823,34386.11904,125.95648,30100.0,0.0,31800.0,4741000.0,0.0,157.5,0.0,0.0,0.0,0.0,0.0
2023,ILLINOIS,MENARD,211.2306940090621,0.1607201068604762,18084.15882,66.24234000000001,8640.51552,31.65024,0.0,0.0,11901.824088462265,5.462409251643428,56688.6957,207.6509,76500.0,0.0,77500.0,16402000.0,0.0,214.4,0.0,0.0,0.0,0.0,0.0
2023,KENTUCKY,BOURBON,0.4248922787179321,0.0003200998366164,1961.76162,7.18594,7303.05576,26.75112,0.0,0.0,10819.322136572857,5.344771343591312,39561.1398,144.91260000000003,6500.0,0.0,7200.0,1240000.0,0.0,190.8,0.0,0.0,0.0,0.0,0.0
2023,MISSOURI,DE KALB,1215.1706655653306,0.9244800709567096,14934.64518,54.70566,5499.27378,20.143860000000004,0.0,0.0,15827.31800847953,7.264036812813574,30854.37264,113.01968,47600.0,0.0,48700.0,9065000.0,0.0,190.4,0.0,0.0,0.0,0.0,0.0
2023,NEBRASKA,SCOTTS BLUFF,96.54505201146884,0.0734402435369265,30894.208800000004,113.1656,19626.707100000003,71.8927,0.0,0.0,27620.89189573889,13.644787503807642,137499.5349,503.6613,62900.0,0.0,75000.0,11731000.0,0.0,186.5,0.0,0.0,0.0,0.0,0.0
2023,SOUTH DAKOTA,HAAKON,0.000205434071991,6.354217532789362e-07,1423.28004,5.213480000000001,673.82952,2.46824,0.0,0.0,68801.54508923754,31.5768569279342,3661.6398,13.4126,29900.0,0.0,33600.0,2479000.0,0.0,82.9,0.0,0.0,0.0,0.0,0.0
2021,PENNSYLVANIA,MONTOUR,10.403107287090206,0.0079200232689101,3409.27314,12.488179999999998,1401.12336,5.13232,130.55368983646355,0.0,4817.107830099249,2.3791227440834715,8532.60954,31.254980000000003,7930.0,0.0,9100.0,1278000.0,0.0,161.2,0.0,0.0,0.0,0.0,0.0
2023,MARYLAND,WASHINGTON,170.0707640516986,0.1293801529916626,6768.63096,24.79352,4887.94488,17.90456,0.0,0.0,15844.410142805058,7.271881344204404,30287.42262,110.94294,8950.0,0.0,18200.0,1156000.0,0.0,129.2,0.0,0.0,0.0,0.0,0.0
2021,TENNESSEE,WASHINGTON,1.72051060840293e-05,5.53483540618684e-08,1244.0883,4.5571,6717.61272,24.60664,305.2054958532323,0.0,10797.162403284525,5.332613582928226,41687.08362,152.69994,2220.0,0.0,3100.0,302000.0,0.0,136.0,0.0,0.0,0.0,0.0,0.0
2023,MICHIGAN,OCEANA,42.1146523087965,0.0320401804666557,2305.6324200000004,8.44554,3800.88618,13.92266,0.0,0.0,20373.826199413263,9.35068237405189,26535.37068,97.19916,16400.0,0.0,17400.0,2485000.0,0.0,151.5,0.0,0.0,0.0,0.0,0.0
2021,MISSOURI,MONROE,1093.2005704865144,0.831680103650428,33149.063220000004,121.42514,11168.2662,40.9094,181.245602912571,0.0,24541.596703688665,11.26094728023959,52296.28404,191.56148,59900.0,0.0,62500.0,8889000.0,0.0,148.4,0.0,0.0,0.0,0.0,0.0
2023,ALABAMA,ETOWAH,232.9260540318771,0.1772001675424259,1533.9269399999998,5.61878,2724.49632,9.97984,0.0,0.0,19530.61415829629,8.963685454902365,18457.5573,67.6101,3200.0,0.0,3300.0,451000.0,0.0,140.9,0.0,0.0,0.0,0.0,0.0
2023,WISCONSIN,LANGLADE,0.0001005735536268,3.110809378388567e-07,31914.21324,116.90188,8651.189820000001,31.68934,0.0,0.0,33682.902828992424,16.639435589113084,19629.72102,71.90374,6540.0,9100.0,16200.0,975000.0,204000.0,149.1,22.5,0.0,0.0,0.0,0.0
2023,OKLAHOMA,MAJOR,549.1569088802695,0.4178002297095143,7687.0794,28.157799999999995,4372.471740000001,16.016379999999998,0.0,0.0,36024.52547171203,17.79620284683305,19556.52972,71.63564000000001,6190.0,0.0,7700.0,1255000.0,0.0,202.7,0.0,0.0,0.0,0.0,0.0
2022,TEXAS,GONZALES,0.0001554901978073,5.290816122284692e-07,8292.7845,30.3765,18293.77914,67.01018,798.40264761,0.0,40092.453858387424,18.40065768485392,109686.66618,401.78266,4000.0,0.0,5000.0,224000.0,0.0,56.0,0.0,0.0,0.0,0.0,0.0
2023,NORTH DAKOTA,CASS,2183.765989870469,1.6613803705814665,88421.06364,323.88668,27056.55498,99.10826,0.0,0.0,65149.52535413476,29.90074188540484,72374.38026,265.10762,339000.0,0.0,344500.0,54696000.0,0.0,161.3,0.0,79800.0,79900.0,5304000.0,66.5
2022,SOUTH CAROLINA,GREENVILLE,8.621895009978305e-05,2.93374513420907e-07,736.57038,2.69806,2454.82146,8.99202,0.0,0.0,22231.17165802284,10.20312154146002,8834.13804,32.359480000000005,510.0,0.0,600.0,42300.0,0.0,82.9,0.0,0.0,0.0,0.0,0.0
2021,NORTH DAKOTA,MCINTOSH,117.43018929600086,0.0893201574021082,8048.16012,29.48044,2295.36762,8.40794,110.5247487665466,0.0,36228.07131421932,16.62330312325873,27308.3265,100.0305,55900.0,12600.0,75300.0,2666000.0,63000.0,47.7,5.0,40000.0,48900.0,1088000.0,27.2
2021,SOUTH DAKOTA,CLAY,155.76373932226832,0.1185000622240558,13696.284419999998,50.16954,6969.66816,25.52992,181.89972360985976,0.0,15580.065915904144,7.14893586672314,46499.71326,170.32862,95000.0,0.0,100500.0,14839000.0,0.0,156.2,0.0,0.0,0.0,0.0,0.0
2023,CALIFORNIA,YOLO,28357.91173018361,21.57432003730259,19969.61694,73.14878,47426.58648,173.72376,158250.20295600002,0.0,36172.65732069135,17.869380339055187,249665.52156,914.52572,5940.0,0.0,7900.0,1198000.0,0.0,201.7,0.0,0.0,0.0,0.0,0.0
2021,OHIO,LICKING,49.44459526457011,0.0376201151133063,20174.25774,73.89838,7277.6886,26.6582,491.00267337681896,0.0,23834.70749722516,11.771730404477344,41958.19992,153.69304,51700.0,0.0,55600.0,9294000.0,0.0,179.8,0.0,0.0,0.0,0.0,0.0
2022,WISCONSIN,BURNETT,0.0001273176807717,4.332198733927084e-07,3514.05054,12.87198,1949.9298,7.1426,0.0,0.0,32828.29601916566,16.21725775490664,12125.31684,44.41508,9800.0,4230.0,14900.0,1326000.0,91000.0,135.3,21.5,0.0,0.0,0.0,0.0
2022,NEBRASKA,BURT,287.9811036995752,0.2191002180973121,26990.22144,98.86528,15439.94634,56.55658,0.0,0.0,18812.74444602555,9.293541327282654,78405.67098000001,287.20026,125100.0,0.0,127000.0,19503000.0,0.0,155.9,0.0,0.0,0.0,0.0,0.0
2023,NORTH DAKOTA,SHERIDAN,196.26447370357388,0.1493203185726329,7074.94788,25.91556,2141.685,7.845,0.0,0.0,37386.19897565694,17.158606752252542,23586.4356,86.3972,27800.0,4840.0,32800.0,3400000.0,90000.0,122.3,18.5,84200.0,85600.0,4428000.0,52.6
2023,IOWA,MONTGOMERY,391.55505502340566,0.2978801202331803,21845.9241,80.02170000000001,9114.55272,33.38664,0.0,0.0,15525.356943670417,7.125450080074985,59951.91384,219.60408000000004,93400.0,0.0,94500.0,19259000.0,0.0,206.2,0.0,0.0,0.0,0.0,0.0
2021,ARKANSAS,LAFAYETTE,2589.675549035328,1.970180023784807,1874.54904,6.86648,8043.9177,29.464900000000004,16260.948336275998,0.0,20408.575183283418,9.364504354731656,35986.96374,131.82038,13100.0,0.0,13500.0,1977000.0,0.0,150.9,0.0,0.0,0.0,0.0,0.0
2021,OHIO,WYANDOT,33.75686324948264,0.0256800757055858,23183.30742,84.92054,7276.69488,26.654560000000004,239.54446301585992,0.0,15209.519166527154,6.978909952762486,47520.13812,174.06644,69700.0,0.0,74400.0,13752000.0,0.0,197.3,0.0,0.0,0.0,0.0,0.0
2021,MINNESOTA,STEVENS,707.9547112308132,0.5386000310169717,24636.00048,90.24176,9366.9303,34.3111,228.22611874297164,0.0,21548.71905808853,9.8876610270984,69755.92806,255.51622,134200.0,10500.0,146500.0,23324000.0,236000.0,173.8,22.5,3940.0,4100.0,230000.0,58.4
2022,PENNSYLVANIA,BUCKS,61.96391486836452,0.047140186858184,4056.02106,14.85722,3346.42308,12.25796,0.0,0.0,15200.606351319726,7.509136358655515,16525.10496,60.53152,7430.0,2530.0,10300.0,723000.0,51000.0,97.3,20.0,0.0,0.0,0.0,0.0
2023,COLORADO,LARIMER,9.43234375835215,0.0071609689744139,7519.68672,27.54464,7516.28514,27.53218,0.0,0.0,95385.5140640272,43.77771933305604,48701.68758,178.39445999999998,1940.0,0.0,12100.0,378000.0,0.0,194.8,0.0,0.0,0.0,0.0,0.0
2021,NORTH CAROLINA,FRANKLIN,156.7406681887851,0.1192400927949515,2897.7585,10.6145,1624.98336,5.95232,413.7711481477349,0.0,18202.39680856622,8.98998689078547,7245.10332,26.53884,2260.0,0.0,2400.0,291000.0,0.0,128.8,0.0,0.0,0.0,0.0,0.0
2023,NEBRASKA,MORRILL,5.658760863729994,0.00430054957756,23557.27374,86.29038000000001,14799.82686,54.21182,0.0,0.0,53885.80766832878,24.73119516403369,106023.50304,388.36448,65700.0,0.0,72800.0,11373000.0,0.0,173.1,0.0,0.0,0.0,0.0,0.0
2022,MISSOURI,CALDWELL,1879.077435331744,1.429560053401618,15301.98306,56.05122,5172.78762,18.94794,0.0,0.0,16174.858107816824,7.423542300361267,22089.75132,80.91484,22600.0,0.0,23800.0,3675000.0,0.0,162.6,0.0,0.0,0.0,0.0,0.0
2023,NORTH DAKOTA,HETTINGER,48.96354215248674,0.037260374818202,7001.07954,25.64498,2553.0414,9.3518,0.0,0.0,42998.11698749565,21.241173948070468,27023.183460000004,98.98602,48800.0,0.0,50600.0,5705000.0,0.0,116.9,0.0,240000.0,240500.0,12839000.0,53.5
2022,IOWA,HARDIN,251.2419718746009,0.1911202457428681,34117.328700000005,124.9719,14250.09768,52.19816,0.0,0.0,21023.32737873984,9.648774601305195,80558.27598,295.08526,172200.0,0.0,174000.0,37126000.0,0.0,215.6,0.0,0.0,0.0,0.0,0.0
2023,IOWA,CLINTON,245.62829122569028,0.186860174946125,36147.07278,132.40686000000002,17486.8239,64.0543,0.0,0.0,25894.586151928368,11.884466272770002,115067.57808,421.49296,182000.0,0.0,187500.0,36036000.0,0.0,198.0,0.0,0.0,0.0,0.0,0.0
2022,TENNESSEE,CROCKETT,362.7267287155498,0.2759601014130513,12236.53158,44.82246,4178.9475,15.3075,0.0,0.0,9970.412710955718,4.925408030985454,19690.43622,72.12614,18100.0,0.0,19100.0,1970000.0,0.0,108.8,0.0,0.0,0.0,0.0,0.0
2021,NORTH CAROLINA,GATES,744.1623140150688,0.5661600435027976,9231.62058,33.81546,3694.05582,13.53134,254.39524670316604,0.0,13066.04869535295,6.453194473285415,25536.69846,93.54102,5300.0,0.0,5400.0,897000.0,0.0,169.2,0.0,0.0,0.0,0.0,0.0
2021,INDIANA,HENDRICKS,277.0513329837234,0.2107800409991534,20836.51206,76.32422,8035.03974,29.43238,399.4518244284275,0.0,13151.559484764197,6.495427421172039,49231.4004,180.3348,58800.0,0.0,59600.0,12248000.0,0.0,208.3,0.0,0.0,0.0,0.0,0.0
2023,MISSISSIPPI,BOLIVAR,16538.959329835117,12.582620003618418,73252.30458000001,268.32345999999995,34278.82458,125.56346,110641.62033,0.0,33175.83612358722,16.388943408352723,161308.29624,590.87288,42100.0,0.0,42800.0,7582000.0,0.0,180.1,0.0,0.0,0.0,0.0,0.0
2023,KENTUCKY,HART,20.85922429587127,0.0158601506488462,2217.85746,8.12402,5319.89094,19.48678,0.0,0.0,15719.067813232485,7.765257576732638,38890.64088,142.45656,6500.0,0.0,8700.0,1284000.0,0.0,197.5,0.0,0.0,0.0,0.0,0.0
2023,MICHIGAN,MIDLAND,28.108013028851616,0.0213801807129246,16543.47786,60.59882,5667.3981,20.7597,0.0,0.0,19023.54744896893,8.730964330506378,17170.85916,62.89692,22800.0,0.0,23800.0,4056000.0,0.0,177.9,0.0,0.0,0.0,0.0,0.0
2023,NEBRASKA,WHEELER,5.78970337679266,0.0044201958002033,9566.88096,35.043519999999994,5469.83892,20.03604,0.0,0.0,21524.696700385743,10.633252310218936,49225.34526,180.31262,32800.0,0.0,39100.0,7406000.0,0.0,225.8,0.0,0.0,0.0,0.0,0.0
2021,WISCONSIN,COLUMBIA,177.59775596195794,0.1351201144924945,20255.3442,74.1954,10361.79144,37.95528,335.6155715970158,0.0,29461.31747833429,14.550658394110494,74195.4486,271.7782,109200.0,12800.0,124000.0,20934000.0,301000.0,191.7,23.5,0.0,0.0,0.0,0.0
2021,OHIO,COSHOCTON,0.4530335068690269,0.0003401078036314,7024.115280000001,25.72936,4847.480820000001,17.75634,251.6712303392813,0.0,21029.95359604785,9.649624741628385,31337.51712,114.78943999999998,24100.0,0.0,25000.0,4405000.0,0.0,182.8,0.0,0.0,0.0,0.0,0.0
2022,TENNESSEE,PERRY,2.4009614934234182,0.0018202092417402,733.77486,2.68782,631.39986,2.31282,0.0,0.0,15855.804904542134,7.832806031063927,3696.64932,13.54084,1500.0,0.0,1600.0,150000.0,0.0,100.0,0.0,0.0,0.0,0.0,0.0
2022,OHIO,ROSS,366.8103745928653,0.279060251338999,15193.28538,55.65306,6324.71658,23.16746,0.0,0.0,25564.138195051422,12.62874619350223,30074.116800000003,110.1616,46500.0,0.0,49500.0,8379000.0,0.0,180.2,0.0,0.0,0.0,0.0,0.0
2022,VIRGINIA,ESSEX,35.46933776222085,0.0269801284923226,3479.92554,12.74698,1411.9887600000002,5.17212,0.0,0.0,9736.820185845572,4.46876850719973,7498.403639999999,27.46668,12900.0,0.0,14500.0,2280000.0,0.0,176.7,0.0,0.0,0.0,0.0,0.0
2023,CALIFORNIA,COLUSA,27588.6855122278,20.989140044790464,33846.490860000005,123.97982,29854.17708,109.35596,528510.1348260001,0.0,43613.43389246226,20.01663131797348,151713.50376,555.7271199999999,880.0,0.0,900.0,187000.0,0.0,212.5,0.0,0.0,0.0,0.0,0.0
2023,IDAHO,PAYETTE,1543.2441765418273,1.1740600602076403,17573.81808,64.37296,10758.56964,39.40868,0.0,0.0,15257.580137924871,7.537281547248595,44716.854,163.798,1800.0,0.0,7100.0,369000.0,0.0,205.0,0.0,0.0,0.0,0.0,0.0
2021,TENNESSEE,DECATUR,0.322040492262679,0.0002400659270784,2499.60984,9.15608,973.76916,3.5669200000000005,247.43276960391808,0.0,12860.82279971944,5.901207214703203,6231.66726,22.82662,3630.0,0.0,3900.0,597000.0,0.0,164.5,0.0,0.0,0.0,0.0,0.0
2021,IOWA,LYON,125.9454892663806,0.0958200941272533,22351.07784,81.87208,9393.3021,34.4077,256.1498786570658,0.0,21981.973722142306,10.086460558756183,71597.59698,262.26226,163500.0,20100.0,185500.0,35430000.0,492000.0,216.7,24.5,0.0,0.0,0.0,0.0
2023,IOWA,FLOYD,241.35256616004185,0.1836201573837747,26712.11088,97.84656,10940.1201,40.0737,0.0,0.0,18710.19162714384,8.587147909807218,78776.09376,288.55712,127300.0,11000.0,139500.0,24416000.0,226000.0,191.8,20.5,0.0,0.0,0.0,0.0
2021,GEORGIA,DECATUR,28428.31836518859,21.62790001586724,3458.83356,12.669720000000002,16440.10368,60.22016,318.08040130982465,0.0,23059.409669131,10.58084360739666,103092.20922,377.62714000000005,12000.0,0.0,13000.0,2358000.0,0.0,196.5,0.0,0.0,0.0,0.0,0.0
2023,OHIO,MEDINA,0.0163016788238106,2.014236255255238e-05,7219.315740000001,26.44438,2748.837,10.069,0.0,0.0,13958.577795250849,6.895571243336583,17066.74788,62.51556,15600.0,0.0,17400.0,2931000.0,0.0,187.9,0.0,0.0,0.0,0.0,0.0
2023,GEORGIA,WASHINGTON,297.8407926145981,0.2266002261658305,824.87496,3.02152,2690.688,9.856000000000002,0.0,0.0,25615.41460035224,12.654076861929951,15604.101240000002,57.15788,6350.0,0.0,6500.0,1285000.0,0.0,202.4,0.0,0.0,0.0,0.0,0.0
2022,PENNSYLVANIA,MERCER,9.468175326552469e-05,3.221706279415895e-07,7289.373,26.701,3691.77354,13.52298,0.0,0.0,24413.267701501973,12.060213381884116,23416.02354,85.77298,0.0,6970.0,0.0,0.0,132000.0,0.0,19.0,0.0,0.0,0.0,0.0
2023,TENNESSEE,HARDEMAN,30.68377201202337,0.0233402248144675,6497.12154,23.79898,2594.14428,9.50236,0.0,0.0,24920.33439543128,12.31070555697536,13413.860459999998,49.13502,9860.0,0.0,10600.0,1673000.0,0.0,169.7,0.0,0.0,0.0,0.0,0.0
2022,ARKANSAS,LAFAYETTE,2402.9889846023843,1.8281800842361964,1753.18416,6.42192,7887.54876,28.89212,45083.897987742006,0.0,20396.615715043125,9.361141750706402,30161.30208,110.48096,10400.0,0.0,10600.0,1557000.0,0.0,149.7,0.0,0.0,0.0,0.0,0.0
2022,TENNESSEE,GRAINGER,5.097403241576792,0.0038801472132092,656.8653,2.4060999999999995,3612.61992,13.23304,0.0,0.0,11303.599325331355,5.187850624629585,19986.603,73.211,550.0,0.0,600.0,80900.0,0.0,147.1,0.0,0.0,0.0,0.0,0.0
2021,MISSOURI,OSAGE,519.6183899335686,0.3953200975892542,5491.8864,20.1168,5040.44268,18.46316,285.7469292271832,0.0,22791.47585963465,10.457901789887345,27522.63696,100.81552,9280.0,0.0,9600.0,1277000.0,0.0,137.6,0.0,0.0,0.0,0.0,0.0
2023,MICHIGAN,MENOMINEE,0.000117568306706,3.636468812262245e-07,2389.9512,8.7544,1373.0207400000002,5.02938,0.0,0.0,39374.58415003885,19.45113994892236,12173.21742,44.59054,7360.0,0.0,16400.0,983000.0,0.0,133.6,0.0,0.0,0.0,0.0,0.0
2022,MINNESOTA,BELTRAMI,801.8262987359785,0.6100011541042637,9323.96556,34.15371999999999,3738.63126,13.69462,0.0,0.0,97880.96593761149,48.35343427458913,11612.86854,42.53798,3030.0,0.0,4800.0,390000.0,0.0,128.7,0.0,9110.0,9400.0,553000.0,60.7
2021,MINNESOTA,SCOTT,34.25533565948823,0.026060049343523,9667.12656,35.410720000000005,3638.32014,13.327179999999998,512.141436745894,0.0,11652.270303210986,5.754943064665939,25248.738060000003,92.48622,33400.0,1530.0,35400.0,6673000.0,38300.0,199.8,25.0,100.0,100.0,4300.0,43.0
2021,MICHIGAN,BERRIEN,14.727570359135854,0.0112000978435279,16326.07704,59.80248,7248.73968,26.55216,314.5983929959282,0.0,19502.160814535822,8.948594805578965,46080.33612,168.79244,50000.0,0.0,52900.0,8545000.0,0.0,170.9,0.0,0.0,0.0,0.0,0.0
2021,OHIO,CLARK,83.64085587409485,0.0636200490563645,18991.31052,69.56524,7097.5795800000005,25.99846,356.7640521236354,0.0,13653.222785492366,6.264801098686733,44801.22738,164.10706,59800.0,0.0,61500.0,12540000.0,0.0,209.7,0.0,0.0,0.0,0.0,0.0
2021,VIRGINIA,ACCOMACK,310.8146556284759,0.2364600495810347,9478.70196,34.72052,4535.52918,16.61366,350.7573753697222,0.0,15648.47454859594,7.180325267158517,24833.27574,90.96438,20500.0,0.0,25000.0,3640000.0,0.0,177.6,0.0,0.0,0.0,0.0,0.0
2021,TENNESSEE,BLEDSOE,341.11844287154565,0.2595200750765221,284.31312,1.04144,1092.3712799999998,4.00136,130.17007520162772,0.0,15232.322041494168,6.989373085049345,4071.68034,14.91458,2920.0,0.0,3100.0,448000.0,0.0,153.4,0.0,0.0,0.0,0.0,0.0
2022,MINNESOTA,YELLOW MEDICINE,638.9581380275338,0.4861202679645666,29272.16838,107.22406,12608.49408,46.18496,0.0,0.0,28988.262782251928,13.304326600184384,78809.05032,288.67783999999995,180900.0,0.0,189500.0,34552000.0,0.0,191.0,0.0,0.0,0.0,0.0,0.0
2022,TENNESSEE,FRANKLIN,330.0535092889713,0.2511201655438891,5828.52816,21.34992,3243.47478,11.880859999999998,0.0,0.0,21040.419504494745,9.65661912876249,18549.02868,67.94516,22500.0,0.0,23000.0,3305000.0,0.0,146.9,0.0,0.0,0.0,0.0,0.0
2022,KANSAS,CHAUTAUQUA,45.87573036309152,0.0349003081408488,439.87944,1.61128,1203.58056,4.40872,0.0,0.0,24276.53061125276,11.14185056198769,3226.12836,11.81732,2690.0,0.0,3100.0,78800.0,0.0,29.3,0.0,0.0,0.0,0.0,0.0
2021,OHIO,COLUMBIANA,3.0640349956869586e-05,9.856916485778549e-08,9604.948079999998,35.18296,5001.4146,18.3202,423.8900299133118,0.0,19228.52628528028,8.823037204531078,32129.33724,117.68988,21000.0,0.0,25700.0,3751000.0,0.0,178.6,0.0,0.0,0.0,0.0,0.0
2022,GEORGIA,TAYLOR,12.949613625607592,0.0098401822812388,478.03938,1.7510599999999998,1733.09136,6.34832,0.0,0.0,14306.117896331316,7.067256895132146,7355.55366,26.94342,880.0,0.0,1000.0,92300.0,0.0,104.9,0.0,0.0,0.0,0.0,0.0
2022,NORTH DAKOTA,SHERIDAN,191.022138094913,0.1453404711040849,6940.9704,25.4248,2226.2877000000003,8.1549,0.0,0.0,37386.19897565694,18.468872856224003,19878.9864,72.8168,23100.0,0.0,27700.0,2590000.0,0.0,112.1,0.0,86800.0,87500.0,4054000.0,46.7
2022,MISSOURI,JACKSON,487.2893238952082,0.3707201528845911,6893.9106600000005,25.25242,3561.78732,13.04684,0.0,0.0,14249.14410972617,6.539725006389759,13724.21778,50.27186,18600.0,0.0,19600.0,2522000.0,0.0,135.6,0.0,0.0,0.0,0.0,0.0
2022,MICHIGAN,GENESEE,23.732710217493,0.0180602386554838,19062.42702,69.82574,6442.49424,23.59888,0.0,0.0,18374.04628329724,8.432872109520053,25715.928420000004,94.19754,24200.0,0.0,27800.0,3550000.0,0.0,146.7,0.0,0.0,0.0,0.0,0.0
2023,NORTH DAKOTA,FOSTER,798.1748912146898,0.6072401521682494,13138.1796,48.1252,2964.22308,10.85796,0.0,0.0,24014.451189615163,11.863197058941092,33802.0956,123.8172,60200.0,4690.0,65300.0,9307000.0,80000.0,154.6,17.0,26000.0,26100.0,1321000.0,50.8
2021,IOWA,MAHASKA,628.6745688600174,0.4782800951203917,29994.48816,109.86992,12773.418839999998,46.789080000000006,294.8490761179253,0.0,21588.624089426143,9.905971508667095,77334.08592,283.27504,126800.0,2700.0,130500.0,25423000.0,43200.0,200.5,16.0,0.0,0.0,0.0,0.0
2022,MISSISSIPPI,BENTON,246.16791947041787,0.1872801311878763,2718.47394,9.95778,1265.48058,4.63546,0.0,0.0,15343.040815653616,7.579499329061784,5812.7706,21.2922,3310.0,0.0,3400.0,418000.0,0.0,126.3,0.0,0.0,0.0,0.0,0.0
2022,OHIO,ERIE,0.8497542434484086,0.000640116501075,2797.4528399999995,10.24708,3550.33224,13.00488,0.0,0.0,8887.910760083167,4.390649445061883,16249.14018,59.52066,25100.0,0.0,26400.0,4699000.0,0.0,187.2,0.0,0.0,0.0,0.0,0.0
2022,GEORGIA,CHATTOOGA,4.4832970210154736e-05,1.5255173955836953e-07,574.3374,2.1038,1570.66728,5.75336,0.0,0.0,11559.981367524008,5.305518608026012,9247.86408,33.87496,1680.0,0.0,1800.0,265000.0,0.0,157.7,0.0,0.0,0.0,0.0,0.0
2023,MINNESOTA,BENTON,71.49669851473386,0.0544001300990048,20386.59714,74.67618,8782.2735,32.1695,0.0,0.0,15098.053534616984,6.929336771936366,68229.14826,249.92362,47700.0,0.0,60100.0,7851000.0,0.0,164.6,0.0,0.0,0.0,0.0,0.0
2021,SOUTH CAROLINA,DILLON,803.5980179609834,0.6113600583183658,18734.58132,68.62484,4053.04536,14.84632,285.4450265898398,0.0,15175.314846663789,7.494940527329139,20968.44204,76.80748,21500.0,0.0,22400.0,3025000.0,0.0,140.7,0.0,0.0,0.0,0.0,0.0
2021,OHIO,PIKE,444.85320519431184,0.3384400114630326,3178.50624,11.64288,1651.6991400000002,6.05018,280.45359015719686,0.0,16577.691794926846,8.187560873617354,9451.6422,34.6214,14000.0,0.0,14500.0,2731000.0,0.0,195.1,0.0,0.0,0.0,0.0,0.0
2021,MICHIGAN,WASHTENAW,31.10859563816259,0.0236601143118487,17568.40176,64.35312,6633.32124,24.29788,903.0847154326028,0.0,23258.934851546044,11.487361890200582,43340.9613,158.7581,34900.0,0.0,40400.0,6230000.0,0.0,178.5,0.0,0.0,0.0,0.0,0.0
2023,COLORADO,PUEBLO,8.221643170294115,0.0062608141143894,931.7763,3.4131,5203.92054,19.06198,0.0,0.0,88149.84313263444,40.456867374254,32126.22504,117.67848,2820.0,0.0,4100.0,538000.0,0.0,190.8,0.0,0.0,0.0,0.0,0.0
2023,KENTUCKY,CLARK,2.743997665915568e-05,8.487374031823076e-08,1483.0725,5.4325,7515.31326,27.52862,0.0,0.0,9189.8718312113,4.217743476891845,43646.57388,159.87756,3100.0,0.0,3300.0,542000.0,0.0,174.8,0.0,0.0,0.0,0.0,0.0
2022,NEBRASKA,BUFFALO,69.84384963138564,0.0531404416800966,43841.801640000005,160.59268,37358.84334,136.84557999999998,0.0,0.0,36178.35469255346,16.60425981034428,197340.38142,722.85854,196900.0,0.0,201000.0,32646000.0,0.0,165.8,0.0,0.0,0.0,0.0,0.0
2023,SOUTH DAKOTA,SPINK,134.49717850763588,0.1023404854629899,27180.39324,99.56188,11828.544,43.328,0.0,0.0,56842.747211235794,28.080454815060502,106633.94195999998,390.60052,257500.0,0.0,280500.0,44110000.0,0.0,171.3,0.0,0.0,0.0,0.0,0.0
2022,SOUTH DAKOTA,BROWN,585.8051364768071,0.4456805932862883,30391.56666,111.32442,13428.373140000002,49.18818,0.0,0.0,64727.91931992138,29.70724341956307,97455.84576,356.98112,243000.0,0.0,248000.0,37432000.0,0.0,154.0,0.0,8120.0,8200.0,462000.0,56.9
2022,IOWA,SHELBY,189.6213168904437,0.1442602631804599,32258.96856,118.16472,13529.71074,49.55938,0.0,0.0,22145.710982908862,10.163898882905787,77166.63864,282.66168,164200.0,0.0,167000.0,34318000.0,0.0,209.0,0.0,0.0,0.0,0.0,0.0
2023,ILLINOIS,SHELBY,431.5107669628756,0.3283002006762464,48189.83988,176.51955999999998,21652.13778,79.31186000000001,0.0,0.0,28566.656756318647,13.110828138142836,140608.6227,515.0499,165600.0,0.0,167500.0,32557000.0,0.0,196.6,0.0,0.0,0.0,0.0,0.0
2022,PENNSYLVANIA,BRADFORD,0.0001675546639206,5.701329921351266e-07,9180.92994,33.62978,8664.56682,31.73834,0.0,0.0,43203.22262579656,21.3424966302276,57180.608940000006,209.45278,15800.0,9420.0,26000.0,1708000.0,127000.0,108.1,13.5,0.0,0.0,0.0,0.0
2023,NORTH DAKOTA,TRAILL,2147.374908161096,1.6337001303335033,56686.71918,207.64366,17549.08974,64.28238,0.0,0.0,32389.59787212593,16.00053980759103,48195.63294,176.54077999999998,122200.0,0.0,123000.0,18709000.0,0.0,153.1,0.0,75600.0,75600.0,4745000.0,62.8
2021,INDIANA,WHITLEY,84.70009682861519,0.0644400546154428,16798.95672,61.53464,5676.23784,20.79208,262.5538546028005,0.0,12524.480359217358,5.746875997532163,37411.81626,137.03962,58000.0,0.0,59400.0,11623000.0,0.0,200.4,0.0,0.0,0.0,0.0,0.0
2022,MISSOURI,BUTLER,20601.57320147721,15.673400076291411,32593.3062,119.3894,24216.20838,88.70406,230096.155266036,0.0,26002.83635894185,11.93414831544579,115713.67626,423.85962,26300.0,0.0,27600.0,4634000.0,0.0,176.2,0.0,0.0,0.0,0.0,0.0
2021,KANSAS,MORTON,3.222043757665394,0.0024601407848809,12265.546020000002,44.92874,8584.68156,31.44572,135.3538475767295,0.0,27562.977938826025,12.647312446825232,57246.99708,209.69596,24700.0,0.0,26000.0,4337000.0,0.0,175.6,0.0,0.0,0.0,0.0,0.0
2023,MICHIGAN,VAN BUREN,88.49693211735999,0.0673401520908546,14961.01152,54.80224,8008.5642,29.3354,0.0,0.0,22892.06758368844,11.308736838813656,54012.40572,197.84764,48200.0,0.0,51400.0,8906000.0,0.0,184.8,0.0,0.0,0.0,0.0,0.0
2021,VIRGINIA,SURRY,1.67509058187344e-05,5.388720427437176e-08,4781.34384,17.51408,1659.08652,6.077240000000001,96.73306631848892,0.0,10512.126437562923,5.191837089470306,10157.77854,37.20798,8400.0,0.0,10200.0,1497000.0,0.0,178.2,0.0,0.0,0.0,0.0,0.0
2023,WASHINGTON,YAKIMA,6290.774819464575,4.785940814367216,23506.457520000004,86.10424,20222.75892,74.07604,0.0,0.0,159372.77420776224,73.14503304888262,137383.06764,503.23468,9300.0,0.0,34800.0,2166000.0,0.0,232.9,0.0,0.0,0.0,0.0,0.0
2021,NORTH DAKOTA,SLOPE,18.855673373482578,0.01436023635559,3754.80378,13.75386,1416.5260200000002,5.18874,79.5120271193847,0.0,46107.41790935413,22.772005628291257,17560.08072,64.32264,9280.0,1710.0,12900.0,404000.0,12000.0,43.5,7.0,94000.0,111500.0,1589000.0,16.9
2023,PENNSYLVANIA,BUTLER,8.38339770545563e-05,2.863521057669001e-07,7157.36658,26.21746,4028.25696,14.75552,0.0,0.0,28076.682199910698,13.869949018149605,34325.14722,125.73314,14700.0,0.0,18700.0,2345000.0,0.0,159.5,0.0,0.0,0.0,0.0,0.0
2022,INDIANA,VIGO,244.97613974665768,0.1863801350827338,16591.454879999998,60.77456,6673.0482,24.4434,0.0,0.0,14277.63100244768,6.552799226374526,35760.4065,130.9905,41100.0,0.0,42000.0,7645000.0,0.0,186.0,0.0,0.0,0.0,0.0,0.0
2023,OKLAHOMA,POTTAWATOMIE,418.2964930844851,0.31824022023317,487.40328,1.7853599999999998,2155.52064,7.89568,0.0,0.0,29028.14444440956,14.339973671701271,9448.7757,34.6109,3880.0,0.0,4000.0,632000.0,0.0,162.9,0.0,0.0,0.0,0.0,0.0
2021,ARKANSAS,MONROE,12409.611660273173,9.44106,43316.89362,158.66994,24405.83418,89.39866,143127.18039645,0.0,23110.71614362077,10.604385657709852,120191.50962,440.26194,31900.0,0.0,32200.0,5544000.0,0.0,173.8,0.0,0.0,0.0,0.0,0.0
2023,INDIANA,LAGRANGE,556.6914156641218,0.4235400370587522,16798.301519999997,61.53224,9613.56942,35.21454,0.0,0.0,14351.696926428913,7.089773046408471,61113.28314,223.85818,39800.0,0.0,42900.0,7260000.0,0.0,182.4,0.0,0.0,0.0,0.0,0.0
2022,MISSOURI,ST FRANCOIS,22.268099334450124,0.0169402012388453,3003.32214,11.00118,2419.25502,8.861740000000001,1130.6099918880002,0.0,16288.805680881847,7.47583918130039,10896.92604,39.91548,1380.0,0.0,1400.0,225000.0,0.0,163.0,0.0,0.0,0.0,0.0,0.0
2023,NEBRASKA,CHASE,0.0001006926359745,3.439363055361456e-07,28280.59416,103.59192,21964.651800000003,80.4566,0.0,0.0,33722.78447782928,16.65913722024558,144911.7579,530.8123,143700.0,0.0,150000.0,23682000.0,0.0,164.8,0.0,0.0,0.0,0.0,0.0
2022,MICHIGAN,MONTCALM,47.00265521128203,0.0357803225636351,41781.30684,153.04508,15563.44062,57.00894,0.0,0.0,26658.03489734725,13.169133814230914,59921.59446,219.49302,59000.0,0.0,62800.0,9292000.0,0.0,157.5,0.0,0.0,0.0,0.0,0.0
2023,KANSAS,SUMNER,4332.643283181669,3.296240074009103,31816.217160000004,116.54292,16971.77664,62.16768,0.0,0.0,43972.36874177019,21.72245667465536,70303.07466,257.52041999999994,49500.0,0.0,51000.0,5965000.0,0.0,120.5,0.0,0.0,0.0,0.0,0.0
2023,IOWA,POLK,297.92138984775244,0.2266601035255145,24007.64184,87.94008,10145.96856,37.16472,0.0,0.0,16647.74053934145,7.64057435777538,68495.79282,250.90034,72700.0,0.0,73500.0,15005000.0,0.0,206.4,0.0,0.0,0.0,0.0,0.0
2022,NORTH CAROLINA,BEAUFORT,326.31628308047834,0.2482603516794108,25091.93778,91.91186,8902.300679999998,32.60916,0.0,0.0,30629.10785167479,14.057401693641507,41621.42712,152.45944,37300.0,0.0,37700.0,5370000.0,0.0,144.0,0.0,0.0,0.0,0.0,0.0
2023,TEXAS,HILL,96.2035653365496,0.0731803609610922,4662.71988,17.079559999999997,5389.7844,19.7428,0.0,0.0,36053.01236094719,17.81027543912028,28625.311259999995,104.85462,96100.0,0.0,111000.0,11599000.0,0.0,120.7,0.0,0.0,0.0,0.0,0.0
2022,MICHIGAN,MONROE,84.96318174744655,0.064640208198222,26124.36918,95.69366,8059.484159999999,29.52192,0.0,0.0,19046.33696750408,8.741423708494292,43834.64904,160.56647999999998,51700.0,0.0,54800.0,9361000.0,0.0,181.1,0.0,0.0,0.0,0.0,0.0
2021,OKLAHOMA,CHOCTAW,327.37168532853474,0.2490801499431914,2999.10156,10.98572,8363.86824,30.63688,215.888256301903,0.0,29250.39086526717,13.421584318133124,41843.41434,153.27257999999998,1420.0,0.0,1600.0,190000.0,0.0,133.8,0.0,0.0,0.0,0.0,0.0
2023,TENNESSEE,GILES,304.6305574779549,0.231760193967144,8407.93044,30.79828,6719.802180000001,24.61466,0.0,0.0,22806.60690319966,11.266519055637,45561.67434,166.89257999999998,15400.0,0.0,16400.0,2965000.0,0.0,192.5,0.0,0.0,0.0,0.0,0.0
2021,OHIO,MADISON,188.84521393486523,0.143700041054168,26483.69724,97.00988,8183.7756,29.9772,448.9282119966245,0.0,16822.82272538638,8.308628657961018,52506.29748,192.33076,90900.0,0.0,97300.0,19098000.0,0.0,210.1,0.0,0.0,0.0,0.0,0.0
2021,TENNESSEE,MACON,313.0694537327596,0.2381800436138962,1398.6063,5.1231,2800.60326,10.25862,169.05461414930306,0.0,11640.868863401882,5.749312004344714,18231.64434,66.78258000000001,4750.0,0.0,5300.0,710000.0,0.0,149.5,0.0,0.0,0.0,0.0,0.0
2023,NEW YORK,ERIE,0.0390905093557911,4.0279946318879424e-05,10284.28674,37.67138,5318.41674,19.48138,0.0,0.0,30315.752028832856,14.9760549374354,32780.87904,120.07648,13000.0,11000.0,24100.0,2093000.0,220000.0,161.0,20.0,0.0,0.0,0.0,0.0
2022,TENNESSEE,RHEA,216.847067969354,0.1649801632281057,477.1494,1.7477999999999998,1618.1474400000002,5.92728,0.0,0.0,12369.009140716262,5.676826464727228,8129.2575,29.777500000000003,1950.0,0.0,2100.0,225000.0,0.0,115.4,0.0,0.0,0.0,0.0,0.0
2021,DELAWARE,KENT,394.0571574142344,0.2997800552001092,28341.00906,103.81322,10884.52638,39.87006,490.43355983981854,0.0,19975.32051792148,9.865616681361493,57734.78802000001,211.48274,53900.0,0.0,54500.0,10160000.0,0.0,188.5,0.0,0.0,0.0,0.0,0.0
2022,MICHIGAN,OSCEOLA,0.3659636665620935,0.0002802846693741,5783.11734,21.18358,3218.03118,11.78766,0.0,0.0,21593.065251182943,9.910259009267651,23537.41572,86.21764,8750.0,0.0,15100.0,1365000.0,0.0,156.0,0.0,0.0,0.0,0.0,0.0
2023,SOUTH DAKOTA,CUSTER,0.0001745747305818,5.399716819577562e-07,331.98438,1.21606,331.76598,1.21526,0.0,0.0,58466.50013384037,26.8335297907738,2204.49138,8.075059999999999,1400.0,0.0,1600.0,88200.0,0.0,63.0,0.0,0.0,0.0,0.0,0.0
2021,WASHINGTON,FRANKLIN,874.6611374751556,0.6654201169053028,51871.65438,190.00606,21386.77632,78.33984000000001,416.5957602703968,0.0,46181.527255467874,22.80860751413377,85404.49008,312.83696000000003,0.0,0.0,0.0,0.0,0.0,0.0,0.0,2340.0,2600.0,165000.0,70.5
2022,NORTH CAROLINA,STANLY,5.771499170973128e-05,1.963849894986914e-07,8819.4834,32.3058,4581.49146,16.782020000000003,0.0,0.0,14881.55314412289,7.351523301443531,21937.2972,80.35640000000001,11700.0,0.0,12000.0,1264000.0,0.0,108.0,0.0,0.0,0.0,0.0,0.0
2023,KANSAS,THOMAS,0.0001209026126112,3.739601193552318e-07,25075.92906,91.85322,15723.87726,57.59662,0.0,0.0,40491.27037377513,20.002785648446693,110603.66226,405.14162,225500.0,0.0,247000.0,24512000.0,0.0,108.7,0.0,0.0,0.0,0.0,0.0
2021,KENTUCKY,MEADE,59.9715740385905,0.0260100217442903,5087.23488,11.64621,2605.82322,5.56777,550.1988576063652,0.0,11766.28468822055,3.325393775533514,15404.93682,32.91514,17600.0,0.0,19000.0,3460000.0,0.0,196.6,0.0,0.0,0.0,0.0,0.0
2021,IOWA,CALHOUN,164.93661066812072,0.1254800993276183,36577.13514,133.98218,13239.801120000002,48.49744000000001,266.6411099383941,0.0,21326.39099809016,9.78564547396272,91733.00682,336.01834,160300.0,0.0,163000.0,34921000.0,0.0,217.8,0.0,0.0,0.0,0.0,0.0
2021,INDIANA,FAYETTE,2.098932494411969,0.0016000401400409,8412.882660000001,30.81642,3675.7266,13.4642,185.3570981011564,0.0,7923.999863107226,3.913586526055468,22598.24112,82.77744,33600.0,0.0,34100.0,6649000.0,0.0,197.9,0.0,0.0,0.0,0.0,0.0
2021,MINNESOTA,ROCK,65.5977262773187,0.0499000848310981,17483.88096,64.04352,7187.882520000001,26.32924000000001,202.2984205168804,0.0,18362.016942928407,9.068821723940308,57800.25342,211.72254,127100.0,9660.0,138500.0,26233000.0,232000.0,206.4,24.0,0.0,0.0,0.0,0.0
2021,NEBRASKA,KEYA PAHA,4.631934313885846e-05,1.490080555994058e-07,3849.77502,14.10174,2874.24774,10.52838,43.499148177321885,0.0,29067.967837057025,13.337879246772893,19677.65982,72.07934,20900.0,0.0,21600.0,3419000.0,0.0,163.6,0.0,0.0,0.0,0.0,0.0
2021,NORTH CAROLINA,ALAMANCE,1.3607026555092805,0.0010400728821514,995.40168,3.64616,3517.6268399999994,12.88508,528.593426690179,0.0,14217.59400008337,7.021931508443341,19565.98098,71.67026,3850.0,0.0,4100.0,631000.0,0.0,163.9,0.0,0.0,0.0,0.0,0.0
2022,NEW YORK,OSWEGO,0.0001388297446299,4.723916114962754e-07,7316.69484,26.80108,3062.60136,11.21832,0.0,0.0,35796.63032935886,16.429065262215037,13638.0153,49.9561,4910.0,0.0,9200.0,721000.0,0.0,146.8,0.0,0.0,0.0,0.0,0.0
2022,PENNSYLVANIA,JUNIATA,6.782275740230006,0.0051601895541279,3952.17732,14.47684,2296.3777200000004,8.41164,0.0,0.0,14625.171103818682,6.712304714855604,12575.43924,46.06388,10800.0,6320.0,17700.0,968000.0,79000.0,89.6,12.5,0.0,0.0,0.0,0.0
2023,KENTUCKY,KNOX,4.300574146711023e-05,1.4689491136940657e-07,101.23386,0.37082,468.39156,1.71572,0.0,0.0,14402.973333327636,7.115103715625557,1439.35974,5.27238,220.0,0.0,300.0,32100.0,0.0,145.9,0.0,0.0,0.0,0.0,0.0
2021,OHIO,HARRISON,0.1093445225248754,8.007889074903745e-05,856.82688,3.13856,2430.5681400000003,8.90318,136.91341946608128,0.0,15397.642897795811,7.0652307999981465,15721.86252,57.58924,3660.0,0.0,3800.0,635000.0,0.0,173.5,0.0,0.0,0.0,0.0,0.0
2021,INDIANA,HANCOCK,14.607916255596638,0.0111000521915531,17862.313560000002,65.42972,6699.64932,24.54084,324.70269027796564,0.0,10563.432911180598,5.217176858187922,41821.40508,153.19196,53200.0,0.0,54100.0,10119000.0,0.0,190.2,0.0,0.0,0.0,0.0,0.0
2021,TENNESSEE,STEWART,47.344048537418765,0.0360200923446666,1085.98854,3.97798,671.70012,2.46044,245.6016819671716,0.0,18014.273066396323,8.26587535203196,4317.080040000001,15.81348,2830.0,0.0,3000.0,425000.0,0.0,150.2,0.0,0.0,0.0,0.0,0.0
2021,COLORADO,WELD,427.9344502564834,0.3255807443579743,54733.98294,200.49078,35783.38218,131.07466,1695.7221878874009,0.0,147523.2147189745,67.69124126761265,224849.60316,823.62492,78300.0,0.0,107500.0,13209000.0,0.0,168.7,0.0,0.0,0.0,0.0,0.0
2021,INDIANA,DELAWARE,41.81911677148818,0.0318200526815973,22448.2167,82.2279,6992.867700000001,25.6149,388.24456785460507,0.0,13658.92350467017,6.267416881958529,45223.96242,165.65554,63700.0,0.0,64700.0,12753000.0,0.0,200.2,0.0,0.0,0.0,0.0,0.0
2021,WISCONSIN,VERNON,9.086267745906625,0.0069001537421808,13567.05714,49.696180000000005,7457.73756,27.31772,238.05247984036737,0.0,29991.484373207284,14.812502671265998,49535.01462,181.44694,52100.0,10300.0,63200.0,8821000.0,211000.0,169.3,20.5,0.0,0.0,0.0,0.0
2022,MINNESOTA,TRAVERSE,451.5461541399123,0.3435202525794171,17636.48796,64.60252,6547.83402,23.98474,0.0,0.0,21735.4997087475,9.975630106418016,28724.00076,105.21612,118100.0,6810.0,126500.0,19640000.0,146000.0,166.3,21.5,0.0,0.0,0.0,0.0
2021,KANSAS,MITCHELL,356.8337205747302,0.2714601349592391,14169.82476,51.90412,6466.79124,23.68788,146.7817444574351,0.0,26559.65133659933,13.117553685429652,38974.4901,142.76369999999997,30500.0,0.0,32200.0,3700000.0,0.0,121.3,0.0,0.0,0.0,0.0,0.0
2023,MISSOURI,PETTIS,1452.807162275205,1.1053001468966552,24907.60818,91.23666,12430.74378,45.53386,0.0,0.0,25176.71643544496,11.55499592002004,64667.27904,236.87648,64300.0,0.0,69800.0,7800000.0,0.0,121.3,0.0,0.0,0.0,0.0,0.0
2023,NEW YORK,SULLIVAN,0.0001101171537111,3.4059995111347425e-07,123.4233,0.4520999999999999,521.09694,1.90878,0.0,0.0,36879.13228182933,18.218380681183007,4995.8181,18.2997,0.0,240.0,0.0,0.0,5200.0,0.0,21.5,0.0,0.0,0.0,0.0
2022,PENNSYLVANIA,CAMBRIA,0.0282357864032374,2.0325929911678126e-05,7689.76572,28.16764,2977.14144,10.90528,0.0,0.0,24698.13662581181,11.33534901880898,11978.64486,43.87782,8660.0,4950.0,14100.0,1360000.0,74000.0,157.0,15.0,0.0,0.0,0.0,0.0
2021,VIRGINIA,FRANKLIN,368.11311891652537,0.2800601247135824,1260.987,4.619000000000001,4768.86228,17.468359999999997,371.7129394750344,0.0,27010.00816792497,13.339980547802408,29894.25348,109.50276,3300.0,0.0,11000.0,451000.0,0.0,136.7,0.0,0.0,0.0,0.0,0.0
2023,NORTH CAROLINA,PITT,1629.3650699917291,1.239600099467496,26329.71432,96.44584,8915.295479999999,32.65676,0.0,0.0,22504.64582814937,11.117349553108442,56672.555940000006,207.59178,17500.0,0.0,18000.0,2177000.0,0.0,124.4,0.0,0.0,0.0,0.0,0.0
2021,COLORADO,KIOWA,17.385646332173675,0.0132203423518364,7539.26082,27.61634,3464.38092,12.69004,80.38249795026417,0.0,66846.63481066238,30.67267543970178,39480.28266,144.61642,25900.0,0.0,29900.0,1015000.0,0.0,39.2,0.0,0.0,0.0,0.0,0.0
2023,TEXAS,COOKE,88.76265520886813,0.0675202947579128,593.0652,2.1724,2441.3461799999995,8.94266,0.0,0.0,32606.098261457915,14.96475258578572,8963.310720000001,32.83264,4690.0,0.0,4800.0,393000.0,0.0,83.8,0.0,0.0,0.0,0.0,0.0
2023,WISCONSIN,MONROE,157.26140507165394,0.1196402541997791,14184.03714,51.95618,8377.551000000001,30.687,0.0,0.0,33819.63992451475,16.706984045525452,62164.6662,227.7094,35000.0,21900.0,60500.0,5513000.0,449000.0,157.5,20.5,0.0,0.0,0.0,0.0
2022,NORTH DAKOTA,BOWMAN,2.9065714641318903,0.002200583440857,2795.8530600000004,10.241219999999998,1198.56828,4.39036,0.0,0.0,44211.65865345778,21.840666470671604,8890.52892,32.56604,24200.0,2950.0,30300.0,1477000.0,33900.0,61.0,11.5,79000.0,79500.0,3105000.0,39.3
2022,MICHIGAN,MISSAUKEE,8.336855428049614e-05,2.836755610957802e-07,7819.801079999999,28.64396,3285.62598,12.03526,0.0,0.0,21496.20981171711,10.61917971821157,15693.2139,57.4843,3100.0,0.0,22700.0,497000.0,0.0,160.3,0.0,0.0,0.0,0.0,0.0
2023,MISSOURI,NEW MADRID,17203.752131820707,13.088380041232243,62140.23816,227.61992,44854.75722,164.30314,134204.42151,0.0,25444.49323966521,12.56964129572016,235254.29382,861.7373400000001,66300.0,0.0,67900.0,12358000.0,0.0,186.4,0.0,0.0,0.0,0.0,0.0
2021,ALABAMA,COVINGTON,260.1496596473139,0.1979201188886726,1216.34058,4.45546,4344.15072,15.91264,350.77091425657625,0.0,38930.21228281255,19.22725351824412,36973.1271,135.4327,4000.0,0.0,4400.0,434000.0,0.0,108.5,0.0,0.0,0.0,0.0,0.0
2022,WISCONSIN,IOWA,70.55230683549222,0.0536803636560511,15503.21136,56.78832,8954.782200000001,32.8014,0.0,0.0,28868.617840956405,13.249414879981884,50452.81332,184.80884,65300.0,11400.0,77400.0,12283000.0,279000.0,188.1,24.5,0.0,0.0,0.0,0.0
2022,KANSAS,DONIPHAN,897.8806633532712,0.6830801481601139,23393.49012,85.69044,10334.92278,37.85686,0.0,0.0,14807.487221739571,6.7959797248248925,49797.44406,182.40822,86600.0,0.0,88300.0,16915000.0,0.0,195.3,0.0,0.0,0.0,0.0,0.0
2022,IDAHO,ELMORE,886.4973020247215,0.6744414500568824,44887.89942,164.42453999999998,26205.9252,95.9924,0.0,0.0,116329.07814794053,53.389886120603975,41270.05974,151.17238000000003,17300.0,0.0,19000.0,4278000.0,0.0,247.3,0.0,0.0,0.0,0.0,0.0
2021,SOUTH DAKOTA,GREGORY,13.008661075497796,0.0099001966671644,5156.626020000001,18.88874,2797.158,10.246,158.12672172018077,0.0,38365.84105891915,17.604221874512504,21350.3199,78.20630000000001,54400.0,0.0,61500.0,5407000.0,0.0,99.4,0.0,0.0,0.0,0.0,0.0
2022,IOWA,CHEROKEE,74.38856152092426,0.0566002782690167,24955.82544,91.41328,9078.342,33.254000000000005,0.0,0.0,21655.73641531553,9.939022293300807,62213.90994,227.88978,135000.0,0.0,147500.0,26830000.0,0.0,198.7,0.0,0.0,0.0,0.0,0.0
2023,SOUTH CAROLINA,HAMPTON,1151.6816384284648,0.8761802008203494,965.61738,3.53706,3527.5968,12.9216,0.0,0.0,21023.32737365557,10.385574648325052,25649.29458,93.95346,7210.0,0.0,7500.0,1120000.0,0.0,155.3,0.0,0.0,0.0,0.0,0.0
2023,ILLINOIS,BROWN,158.30216972299854,0.1204400909627444,9812.77206,35.944219999999994,4463.97042,16.35154,0.0,0.0,11616.95515418726,5.33166704855558,29155.55916,106.79692,38600.0,0.0,39100.0,7427000.0,0.0,192.4,0.0,0.0,0.0,0.0,0.0
2022,MICHIGAN,DICKINSON,0.0001109444767709,3.775072864113104e-07,2958.20616,10.83592,1269.83766,4.65142,0.0,0.0,28606.53840888879,14.131699268878991,1899.21186,6.95682,350.0,0.0,1200.0,38100.0,0.0,108.9,0.0,0.0,0.0,0.0,0.0
2023,MINNESOTA,MORRISON,277.9612716890405,0.2114803774532033,32302.89972,118.32564,15187.63428,55.63236,0.0,0.0,43003.81437529332,21.24398847144355,119179.7061,436.5557,80000.0,27300.0,107500.0,11600000.0,341000.0,145.0,12.5,630.0,700.0,19100.0,30.3
2023,NORTH CAROLINA,WASHINGTON,1719.2793850367093,1.308000085154987,23084.475960000003,84.55852,7922.1324,29.0188,0.0,0.0,12915.95749535053,5.92785149503512,37575.5562,137.6394,33300.0,0.0,34300.0,5751000.0,0.0,172.7,0.0,0.0,0.0,0.0,0.0
2022,MISSISSIPPI,JACKSON,9.901258724188852e-05,3.369070206841598e-07,0.0,0.0,1238.82486,4.53782,0.0,0.0,25529.95392233296,11.71711625569823,6717.481680000001,24.606160000000003,440.0,0.0,500.0,28700.0,0.0,65.2,0.0,0.0,0.0,0.0,0.0
2022,NEBRASKA,FRANKLIN,45.03896048655344,0.0342602736425212,19119.64782,70.03534,15970.08504,58.49848,0.0,0.0,21587.367869007016,10.664212019328993,82349.37984,301.64608,95100.0,0.0,100000.0,14579000.0,0.0,153.3,0.0,0.0,0.0,0.0,0.0
2022,KANSAS,BARBER,225.0662593025297,0.1712004709894828,7361.00274,26.96338,4321.38798,15.82926,0.0,0.0,42639.182126668224,19.56949297856025,22854.62088,83.71656,3350.0,0.0,4500.0,599000.0,0.0,178.8,0.0,0.0,0.0,0.0,0.0
2023,ILLINOIS,JEFFERSON,398.15062784228775,0.3029201460672585,24708.138,90.506,8085.03696,29.61552,0.0,0.0,20989.143105876115,10.368687537235928,47502.42588,174.00155999999998,54700.0,0.0,55400.0,8517000.0,0.0,155.7,0.0,0.0,0.0,0.0,0.0
2022,MINNESOTA,DAKOTA,80.4682147317251,0.0612201860791474,18995.10522,69.57914,9270.53946,33.95802,0.0,0.0,16602.161509534377,7.619655605133044,54955.4733,201.3021,75500.0,5690.0,81700.0,14398000.0,142000.0,190.7,25.0,680.0,700.0,25900.0,38.1
2022,TEXAS,HILL,85.945027640341,0.0653804328063739,4139.66826,15.163620000000002,5170.38522,18.93914,0.0,0.0,36053.01236094719,16.546733240744548,24960.73398,91.43126,64800.0,0.0,97300.0,4218000.0,0.0,65.1,0.0,0.0,0.0,0.0,0.0
2023,ILLINOIS,WOODFORD,186.2320033919765,0.1416601454007314,29006.42472,106.25064,12504.74316,45.80492,0.0,0.0,19342.60066401006,9.555291582461246,85293.35178000001,312.42986,118400.0,0.0,120000.0,26427000.0,0.0,223.2,0.0,0.0,0.0,0.0,0.0
2022,IOWA,RINGGOLD,1864.792244045242,1.4187401538278257,18293.82282,67.01034000000001,8022.62916,29.38692,0.0,0.0,20299.76028066157,9.316689403158213,39046.48566,143.02742,52000.0,0.0,53000.0,7894000.0,0.0,151.8,0.0,0.0,0.0,0.0,0.0
2023,MINNESOTA,TRAVERSE,480.9373686435055,0.3658801644105136,18719.92668,68.57116,6640.76322,24.32514,0.0,0.0,21735.4997087475,10.737389506987126,35553.90384,130.23408,157900.0,3540.0,161500.0,29606000.0,76000.0,187.5,21.5,7280.0,7500.0,333000.0,45.7
2023,PENNSYLVANIA,NORTHUMBERLAND,91.2977847486516,0.0694601538145672,8762.661180000001,32.09766,4185.0354,15.3298,0.0,0.0,16790.175007306963,8.294387125195936,28240.3212,103.4444,23100.0,6960.0,30200.0,3807000.0,143000.0,164.8,20.5,0.0,0.0,0.0,0.0
2022,NORTH CAROLINA,JOHNSTON,1365.8181427375785,1.039100138843577,33222.05796,121.69252,12334.23282,45.18034,0.0,0.0,27985.52414029656,12.844114048386784,31647.75978,115.92586,6000.0,0.0,7500.0,584000.0,0.0,97.3,0.0,0.0,0.0,0.0,0.0
2022,IOWA,TAYLOR,1215.5398814012715,0.9247802124758682,20829.72528,76.29936,8255.165099999998,30.2387,0.0,0.0,20037.68086166779,9.19640657656487,40482.274560000005,148.28672,79400.0,0.0,80900.0,13665000.0,0.0,172.1,0.0,0.0,0.0,0.0,0.0
2021,WISCONSIN,BUFFALO,15.965920236503283,0.0121401290938916,10528.75278,38.56686,5819.3881200000005,21.31644,170.992004630857,0.0,26075.090200672068,12.878233649415488,38810.160480000006,142.16176000000002,55800.0,9330.0,66300.0,9503000.0,210000.0,170.3,22.5,0.0,0.0,0.0,0.0
2021,ALABAMA,COLBERT,332.1756281719735,0.2527200905172098,4675.0431,17.1247,2942.13192,10.77704,405.7405624802197,0.0,22398.126230988284,11.062216877943316,23708.48844,86.84428000000001,20600.0,0.0,20900.0,3599000.0,0.0,174.7,0.0,0.0,0.0,0.0,0.0
2022,OHIO,LAWRENCE,2.2077633992617405,0.001680215733121,139.04981999999998,0.5093399999999999,570.04584,2.08808,0.0,0.0,16550.885102635653,7.596122009160463,2873.79456,10.52672,1160.0,0.0,1300.0,188300.0,0.0,162.3,0.0,0.0,0.0,0.0,0.0
2021,SOUTH DAKOTA,TRIPP,0.0358570321471895,4.031214990055778e-05,6431.78718,23.55966,3583.49628,13.12636,235.91019206068697,0.0,60895.08383685452,27.94179763411729,26355.92778,96.54186,66800.0,0.0,95500.0,4716000.0,0.0,70.6,0.0,0.0,0.0,0.0,0.0
2022,LOUISIANA,EAST CARROLL,7458.647718273159,5.674420059682403,38561.70864,141.25168,24057.05484,88.12107999999999,26429.963494518,0.0,15736.15994581483,7.773701131631343,104207.85648,381.71376,23100.0,0.0,23900.0,3839000.0,0.0,166.2,0.0,0.0,0.0,0.0,0.0
2022,OHIO,MIAMI,23.2818525329502,0.0177201784493163,18281.78352,66.96624,6958.85736,25.49032,0.0,0.0,14328.907410799056,6.57633282301381,36910.65924,135.20388,70000.0,0.0,73400.0,12383000.0,0.0,176.9,0.0,0.0,0.0,0.0,0.0
2021,NORTH DAKOTA,GRIGGS,798.5845922796315,0.6075600326931418,13092.40296,47.95752,2661.5316000000003,9.7492,126.5904938240793,0.0,26930.19808917402,12.356960494058516,31286.00202,114.60074,49800.0,1120.0,53100.0,5164000.0,14000.0,103.7,12.5,56200.0,58100.0,2591000.0,46.1
2021,GEORGIA,WORTH,42214.61718,32.116319999999995,3557.45754,13.03098,14458.9263,52.9631,163.66176663238417,0.0,21457.507545575027,9.845808492148583,90823.15787999998,332.68556,6350.0,0.0,6900.0,1163000.0,0.0,183.1,0.0,0.0,0.0,0.0,0.0
2021,OHIO,WASHINGTON,3.748968997633288e-05,1.2060330371376613e-07,1205.31684,4.41508,2621.22588,9.60156,332.5373528236326,0.0,23526.868660170298,11.619691794468826,15176.6979,55.5923,7200.0,0.0,9600.0,1249000.0,0.0,173.5,0.0,0.0,0.0,0.0,0.0
2022,NEBRASKA,WAYNE,61.171018494728486,0.0465401987746797,18469.32906,67.65321999999999,11242.72968,41.18216,0.0,0.0,16801.56976788192,8.300016164521994,64344.178080000005,235.69296,114500.0,0.0,129500.0,13305000.0,0.0,116.2,0.0,0.0,0.0,0.0,0.0
2023,KENTUCKY,HARRISON,0.6094544275765308,0.0004601064815345,1580.09124,5.78788,5928.03666,21.71442,0.0,0.0,11542.889230147925,5.702215240546087,33838.994280000006,123.95236,4950.0,0.0,5700.0,969000.0,0.0,195.8,0.0,0.0,0.0,0.0,0.0
2023,IOWA,BREMER,179.10069810590323,0.1362401141121966,23139.90588,84.76156,10069.8234,36.8858,0.0,0.0,16191.950239963377,7.998862641021793,69479.19342,254.50254,117300.0,2980.0,121000.0,23448000.0,55000.0,199.9,18.5,0.0,0.0,0.0,0.0
2023,WISCONSIN,ST CROIX,75.41796769011918,0.0573802077613149,19199.69142,70.32854,10209.72498,37.39826,0.0,0.0,26589.66635772092,13.135359590043365,78105.20718000001,286.09966,89600.0,8010.0,98300.0,16334000.0,176000.0,182.3,22.0,0.0,0.0,0.0,0.0
2021,KANSAS,POTTAWATOMIE,1306.21996602135,0.9937401532846662,9807.05544,35.92328,5271.45528,19.30936,203.92864842815325,0.0,31901.22535518456,15.755705183184194,26036.77986,95.37282,39100.0,0.0,41000.0,6240000.0,0.0,159.6,0.0,0.0,0.0,0.0,0.0
2022,NEW YORK,CLINTON,146.49632289778586,0.1114604883703609,1733.41896,6.34952,2219.07504,8.12848,0.0,0.0,39915.83511712239,19.71851923775786,12338.38242,45.19554,0.0,9580.0,0.0,0.0,177000.0,0.0,18.5,0.0,0.0,0.0,0.0
2023,NEBRASKA,POLK,71.93506101085174,0.0547201383500247,29159.94354,106.81298,22879.86246,83.80902,0.0,0.0,16505.3060690517,7.5752032547847135,151819.54788,556.11556,128400.0,0.0,137000.0,24435000.0,0.0,190.3,0.0,0.0,0.0,0.0,0.0
2023,OKLAHOMA,MAYES,352.010272849581,0.2678001503652462,2613.69108,9.57396,7106.4903,26.0311,0.0,0.0,25398.914215814,12.54712514752957,22776.34086,83.42982,720.0,0.0,1300.0,65300.0,0.0,90.7,0.0,0.0,0.0,0.0,0.0
2022,PENNSYLVANIA,CLARION,8.714698597520102e-05,2.965323119451618e-07,4604.68008,16.86696,2422.29624,8.872879999999999,0.0,0.0,22470.46156850474,10.31294499466568,15605.471699999998,57.1629,6730.0,2180.0,9200.0,927000.0,32700.0,137.7,15.0,0.0,0.0,0.0,0.0
2021,MICHIGAN,MANISTEE,3.2865931271105104e-05,1.0572879886249121e-07,1534.51662,5.62094,970.68426,3.55562,194.25784619440267,0.0,20625.202526284225,10.186587089664478,7913.09064,28.98568,4440.0,0.0,5200.0,624000.0,0.0,140.5,0.0,0.0,0.0,0.0,0.0
2022,KANSAS,CHASE,14.407254210789564,0.0109603888603238,2081.03532,7.62284,1102.89816,4.03992,0.0,0.0,29466.84260369509,14.556691625066346,4148.99394,15.19778,5110.0,0.0,7600.0,548000.0,0.0,107.2,0.0,0.0,0.0,0.0,0.0
2023,GEORGIA,LOWNDES,10625.12868826981,8.083480027430214,1046.27796,3.83252,5033.91798,18.43926,0.0,0.0,17998.019283394136,8.260292398387406,34397.0991,125.9967,650.0,0.0,700.0,101400.0,0.0,156.0,0.0,0.0,0.0,0.0,0.0
2023,SOUTH CAROLINA,NEWBERRY,0.0725513113339203,4.0220571634319535e-05,543.72864,1.99168,1381.44006,5.06022,0.0,0.0,23883.411472186817,10.961426317244104,6515.2542,23.8654,2700.0,0.0,3400.0,303000.0,0.0,112.2,0.0,0.0,0.0,0.0,0.0
2023,SOUTH DAKOTA,JERAULD,28.940458909880384,0.0220201821566767,5150.10132,18.86484,2391.79668,8.76116,0.0,0.0,20009.19396579403,9.183332355133366,21634.39824,79.24688,56400.0,0.0,60700.0,7964000.0,0.0,141.2,0.0,0.0,0.0,0.0,0.0
2023,ALABAMA,HENRY,4048.455221621549,3.080020131038423,1210.9242600000002,4.43562,4891.0407,17.9159,0.0,0.0,20829.616500243985,9.55986990174192,42775.11966,156.68542,2810.0,0.0,2900.0,449000.0,0.0,159.8,0.0,0.0,0.0,0.0,0.0
2022,MINNESOTA,CASS,0.0003221389219696,1.09613199160302e-06,13085.98746,47.93402,5146.93998,18.85326,0.0,0.0,83062.08395892856,38.12181162363792,21991.50954,80.55498000000001,2630.0,2080.0,5600.0,360000.0,33300.0,136.9,16.0,0.0,0.0,0.0,0.0
2023,DELAWARE,SUSSEX,688.6029813609211,0.5239002481209968,35683.33314,130.70818,21549.11304,78.93448,0.0,0.0,33044.79640965975,16.32420947224924,137868.62544,505.01328,99200.0,0.0,101000.0,18397000.0,0.0,185.5,0.0,0.0,0.0,0.0,0.0
2021,KENTUCKY,BOYLE,9.69786994177884,0.0073800318566036,909.12276,3.33012,4128.12582,15.12134,292.51662151712765,0.0,6538.725067290328,3.0003034909163144,21873.7428,80.12360000000001,4400.0,0.0,4900.0,800000.0,0.0,181.8,0.0,0.0,0.0,0.0,0.0
2023,NEBRASKA,SALINE,493.3295866027015,0.3753401599618196,28769.45526,105.38262,19487.28054,71.38198,0.0,0.0,21604.459998829338,9.915488692928006,125123.33106,458.32722,148600.0,0.0,150000.0,23419000.0,0.0,157.6,0.0,0.0,0.0,0.0,0.0
2022,COLORADO,ADAMS,3.2843755306176026,0.0025005292117627,6401.62614,23.44918,3516.08166,12.87942,0.0,0.0,40120.94075343317,19.81984191893188,28425.6609,104.1233,9690.0,0.0,24100.0,475000.0,0.0,49.0,0.0,0.0,0.0,0.0,0.0
2021,MICHIGAN,CALHOUN,84.77211894148215,0.0645001272951793,21316.07478,78.08086,8710.16874,31.90538,394.98353223207687,0.0,25048.96072570221,12.371438273770986,57110.25138,209.19506,73400.0,0.0,81000.0,11685000.0,0.0,159.2,0.0,0.0,0.0,0.0,0.0
2023,OKLAHOMA,OKLAHOMA,72.68957340222453,0.055300166185551,1029.27552,3.77024,2050.07166,7.50942,0.0,0.0,18220.217058243124,8.362271319602206,8134.1715,29.7955,1460.0,0.0,1500.0,216000.0,0.0,147.9,0.0,0.0,0.0,0.0,0.0
2021,NEBRASKA,KEITH,0.7026042032628287,0.0005402065481342,18064.36086,66.16982,12129.43914,44.43018,203.2525694613768,0.0,40292.684194360045,18.488356644856527,82901.59878,303.66886,121800.0,0.0,126000.0,14925000.0,0.0,122.5,0.0,0.0,0.0,0.0,0.0
2022,TEXAS,COOKE,82.86972012437579,0.0630404080716847,539.1913800000001,1.9750600000000005,2367.82728,8.67336,0.0,0.0,32606.098261457908,16.10749152435952,7946.6478,29.1086,580.0,0.0,3200.0,37200.0,0.0,64.1,0.0,0.0,0.0,0.0,0.0
2021,NEBRASKA,SHERMAN,62.9153729607145,0.0478601071929007,16236.90432,59.47584,11794.44084,43.20308,157.04371641342618,0.0,21337.792438248103,10.538528322153509,79869.99384,292.56408,73900.0,0.0,76100.0,16406000.0,0.0,222.0,0.0,0.0,0.0,0.0,0.0
2021,SOUTH CAROLINA,NEWBERRY,0.0735980767712403,4.0122490633224674e-05,543.94158,1.99246,1277.98398,4.68126,274.75938532914023,0.0,23897.415408181,10.965363757487868,6251.35056,22.89872,1350.0,0.0,3100.0,147000.0,0.0,108.9,0.0,0.0,0.0,0.0,0.0
2022,SOUTH DAKOTA,BON HOMME,145.2995517069641,0.1105402441711274,10631.02404,38.94148,5074.94442,18.589540000000003,0.0,0.0,21382.26223487521,10.562889339231392,35694.48792,130.74904,75500.0,0.0,103000.0,6112000.0,0.0,81.0,0.0,0.0,0.0,0.0,0.0
2021,MISSISSIPPI,YALOBUSHA,30.697825098174167,0.0233600797695205,3200.97414,11.72518,1268.88216,4.64792,200.0272301455093,0.0,17592.419834157397,8.072307383916536,8932.139580000001,32.71846,3050.0,0.0,3100.0,545000.0,0.0,178.7,0.0,0.0,0.0,0.0,0.0
2022,ILLINOIS,WOODFORD,178.36902896388156,0.1357002350135189,27979.2513,102.4881,12040.37016,44.10392,0.0,0.0,19342.600664010057,9.55529158246124,64930.00332,237.83884,122700.0,0.0,125000.0,28920000.0,0.0,235.7,0.0,0.0,0.0,0.0,0.0
2023,LOUISIANA,NATCHITOCHES,1834.8413164250785,1.3959203342251112,12129.31902,44.42974,10661.419859999998,39.05282,19223.2064862,0.0,48148.54733022954,23.785499013497084,55161.07506,202.05522,18200.0,0.0,18700.0,2302000.0,0.0,126.5,0.0,0.0,0.0,0.0,0.0
2022,KANSAS,LABETTE,2654.196296355688,2.019280198609547,5986.4532,21.9284,10828.643279999998,39.66536,0.0,0.0,24498.72837734228,12.102431162764416,30978.00888,113.47256000000002,25000.0,0.0,38000.0,693000.0,0.0,27.7,0.0,0.0,0.0,0.0,0.0
2022,IOWA,MITCHELL,201.47003564380776,0.1532801889077201,22540.56714,82.56618,9262.63338,33.92906,0.0,0.0,17912.558605810656,8.221069738699779,54944.71164,201.26268,139700.0,7630.0,148000.0,30441000.0,168000.0,217.9,22.0,0.0,0.0,0.0,0.0
2023,MISSOURI,LAWRENCE,1827.7170235351284,1.3905200669947877,2794.0239600000004,10.23452,4853.26296,17.77752,0.0,0.0,22704.054089111683,10.420153598674128,22803.61356,83.52972000000001,10900.0,0.0,17000.0,964000.0,0.0,88.4,0.0,0.0,0.0,0.0,0.0
2022,IOWA,STORY,338.3522435287246,0.257420217536466,33364.06710000001,122.2127,13540.98564,49.60068,0.0,0.0,20573.23445456498,9.442201916745407,76630.26461999999,280.69694,156100.0,0.0,158000.0,32328000.0,0.0,207.1,0.0,0.0,0.0,0.0,0.0
2021,MISSISSIPPI,MONROE,2461.633394569538,1.872780039967768,5770.11162,21.13594,5042.77956,18.47172,294.4038805495858,0.0,28971.05561160123,13.293410931412456,28279.3602,103.5874,17300.0,0.0,17500.0,2581000.0,0.0,149.2,0.0,0.0,0.0,0.0,0.0
2021,MISSISSIPPI,LEFLORE,8801.025011209429,6.695720037205661,55320.55074,202.63938,31138.06332,114.05884,12296.462845464,0.0,22221.40393734849,10.196323460640151,153485.98356,562.21972,65200.0,0.0,67800.0,12656000.0,0.0,194.1,0.0,0.0,0.0,0.0,0.0
2021,TENNESSEE,LAWRENCE,191.0761418064998,0.14538006461835,7299.648720000001,26.73864,5278.2093,19.3341,286.91191916868974,0.0,23139.219745905182,10.617464577003377,35035.99554,128.33698,27500.0,0.0,30000.0,4810000.0,0.0,174.9,0.0,0.0,0.0,0.0,0.0
2023,NEW YORK,ORLEANS,4.353310618023692e-05,1.34650899856162e-07,8036.48664,29.43768,3487.61322,12.77514,0.0,0.0,14579.59207401161,6.691385962213277,22897.98966,83.87542,40600.0,3250.0,44000.0,7531000.0,70000.0,185.5,21.5,0.0,0.0,0.0,0.0
2023,ALABAMA,BLOUNT,288.7171306706619,0.2196402445339809,4093.83702,14.99574,5293.6338000000005,19.3906,0.0,0.0,24470.24147822912,11.230755256264038,30915.38814,113.24318,2130.0,0.0,2200.0,313000.0,0.0,146.9,0.0,0.0,0.0,0.0,0.0
2023,MISSOURI,MACON,2107.823574624951,1.603600187466525,19366.76742,70.94054,7035.54852,25.77124,0.0,0.0,30634.805233269675,15.133667993283924,35612.35314,130.44818,46700.0,0.0,48700.0,6389000.0,0.0,136.8,0.0,0.0,0.0,0.0,0.0
2023,OHIO,MADISON,183.6790564802695,0.1397401232476041,25643.47422,93.93214,8369.961599999999,30.6592,0.0,0.0,16812.96451567358,7.716404833020334,57954.49842,212.28754,86600.0,0.0,93400.0,17588000.0,0.0,203.1,0.0,0.0,0.0,0.0,0.0
2021,NORTH DAKOTA,OLIVER,10.45078401562109,0.0079601416617904,2472.9541200000003,9.05844,848.88804,3.10948,319.1579158830162,0.0,27728.298796014304,12.723170162180867,11577.31848,42.40776,0.0,0.0,0.0,0.0,0.0,0.0,0.0,44000.0,50000.0,766000.0,17.4
2021,PENNSYLVANIA,VENANGO,4.079626790486333e-05,1.3124047415768138e-07,1934.44524,7.08588,1046.26158,3.83246,321.9269730067517,0.0,25601.93048885612,11.747482977097196,8471.6541,31.0317,6690.0,1280.0,8100.0,1112000.0,23700.0,166.2,18.5,0.0,0.0,0.0,0.0
2023,OHIO,HARDIN,58.80634300907855,0.044740128277764,25689.2454,94.0998,7974.39552,29.21024,0.0,0.0,17382.702393346208,7.97788924338291,57190.32774,209.48838,83600.0,0.0,87900.0,15784000.0,0.0,188.8,0.0,0.0,0.0,0.0,0.0
2022,NEBRASKA,NEMAHA,933.2439348991114,0.7100001212379395,19363.06008,70.92696,8962.83024,32.83088,0.0,0.0,15542.449066737918,7.678007488132887,44206.8627,161.9299,83000.0,0.0,84300.0,12699000.0,0.0,153.0,0.0,0.0,0.0,0.0,0.0
2021,VIRGINIA,BOTETOURT,0.5255724400115002,0.0004001043523952,542.2326,1.9862,2863.83552,10.49024,255.97896140676,0.0,20391.4730280756,10.071150361909122,19068.60228,69.84836,1700.0,0.0,3600.0,265000.0,0.0,155.9,0.0,0.0,0.0,0.0,0.0
2023,ILLINOIS,WHITE,606.4574215461049,0.4613801311128769,34854.78906,127.67322,16421.446860000004,60.15182,0.0,0.0,18721.58638132715,8.592377596467724,96419.6142,353.1854,94100.0,0.0,95300.0,16091000.0,0.0,171.0,0.0,0.0,0.0,0.0,0.0
2022,MISSISSIPPI,LOWNDES,1166.114744784272,0.8871601506051727,7459.46292,27.324040000000004,4137.713580000001,15.15646,0.0,0.0,18869.71822246216,8.660363539921823,22943.52606,84.04222,11300.0,0.0,11500.0,1140000.0,0.0,100.9,0.0,0.0,0.0,0.0,0.0
2022,SOUTH CAROLINA,SUMTER,372.1004062494291,0.2830802929256372,6531.04998,23.92326,8481.460260000002,31.067620000000005,0.0,0.0,24082.819735763893,11.052945863804483,45587.16162,166.98594,24900.0,0.0,26000.0,3357000.0,0.0,134.8,0.0,0.0,0.0,0.0,0.0
2021,NEW YORK,SENECA,12.485779101497132,0.0095000616514848,7548.8595,27.6515,3416.00532,12.51284,280.4605139561089,0.0,12883.625677593447,6.363097517621663,21084.663600000003,77.2332,22300.0,3250.0,25900.0,3951000.0,70000.0,177.2,21.5,0.0,0.0,0.0,0.0
2021,MISSOURI,MISSISSIPPI,6826.261921473376,5.193320000000001,37139.85912,136.04344,20553.58578,75.28786,14845.513426416,0.0,15357.737860353487,7.0469203156283,95601.5424,350.1888,53100.0,0.0,55300.0,9951000.0,0.0,187.4,0.0,0.0,0.0,0.0,0.0
2023,MICHIGAN,GRATIOT,425.1343568343057,0.3234201208336149,52177.73652,191.12724,18153.58272,66.49664,0.0,0.0,21011.932611192173,9.643544908511048,53112.06264,194.54968,86200.0,0.0,100500.0,14533000.0,0.0,168.6,0.0,0.0,0.0,0.0,0.0
2021,OKLAHOMA,OKFUSKEE,3.747152196175588e-05,1.2054485770951025e-07,985.6665,3.6105,4506.06702,16.50574,170.49498210495943,0.0,23515.46721905304,11.614060733501516,21511.78848,78.79776,1330.0,0.0,1400.0,104700.0,0.0,78.7,0.0,0.0,0.0,0.0,0.0
2021,MICHIGAN,TUSCOLA,135.9962182701741,0.1034601186499576,93577.77156,342.77572000000004,32164.85454,117.81998,432.2642564808661,0.0,30339.22824625097,13.921198931316372,62802.74364,230.04668,72500.0,0.0,78900.0,14884000.0,0.0,205.3,0.0,0.0,0.0,0.0,0.0
2023,MISSOURI,LINCOLN,731.4421766504308,0.5564601698355348,22836.02958,83.64846,9385.99662,34.380939999999995,0.0,0.0,23678.30584313927,10.867291932687072,53383.68672,195.54464,44600.0,0.0,46200.0,7100000.0,0.0,159.2,0.0,0.0,0.0,0.0,0.0
2022,ILLINOIS,WAYNE,980.4044907024409,0.7458801747416468,41798.42394,153.10778000000002,15386.13258,56.35946,0.0,0.0,26885.930045946807,12.339449140773905,75906.6672,278.0464,114500.0,0.0,118500.0,21641000.0,0.0,189.0,0.0,0.0,0.0,0.0,0.0
2021,MICHIGAN,CHARLEVOIX,2.59802552261936e-05,8.357776800992037e-08,3262.72674,11.95138,1640.0966400000002,6.007680000000001,210.30745075529788,0.0,16304.057271485295,8.05241544170104,8757.69804,32.07948,1570.0,0.0,1900.0,234000.0,0.0,149.0,0.0,0.0,0.0,0.0,0.0
2022,MISSISSIPPI,WEBSTER,896.9357119028681,0.6823801062267609,5097.5652,18.6724,2340.76206,8.57422,0.0,0.0,15542.449070224277,7.678007489855156,7241.008319999999,26.52384,2720.0,0.0,2800.0,312000.0,0.0,114.7,0.0,0.0,0.0,0.0,0.0
2021,NORTH DAKOTA,PEMBINA,10486.532297278934,7.978000049336864,116675.41704,427.38248,38459.56842,140.87754,268.8273607584487,0.0,42333.54171248489,20.908124849616257,72813.3861,266.7157,36800.0,0.0,38300.0,3846000.0,0.0,104.5,0.0,193500.0,195500.0,6773000.0,35.0
2021,NORTH CAROLINA,YADKIN,244.6616569698692,0.1861400549611116,1173.52872,4.29864,3416.05446,12.51302,282.670083016192,0.0,12393.363813767386,5.686712980280017,19685.94264,72.10968,13800.0,0.0,14200.0,2296000.0,0.0,166.4,0.0,0.0,0.0,0.0,0.0
2022,NORTH DAKOTA,DICKEY,1179.6516754745544,0.897480250315954,22193.71518,81.29566,9770.71368,35.79016,0.0,0.0,42696.15591797995,19.59564142122326,71148.92693999999,260.61878,105300.0,2860.0,110000.0,16020000.0,51000.0,152.1,18.0,7540.0,7600.0,405000.0,53.7
2022,KANSAS,MEADE,1.869022437117792,0.0014204846951718,22893.1521,83.8577,20317.95402,74.42474000000001,0.0,0.0,36765.184708836925,18.16209030410449,99799.50708,365.56596,68800.0,0.0,76700.0,13684000.0,0.0,198.9,0.0,0.0,0.0,0.0,0.0
2021,TENNESSEE,CHESTER,8.288476943072732,0.0063000544809657,3467.13822,12.70014,1186.5453599999998,4.34632,136.26881616070511,0.0,10791.461683670674,4.95167786203071,7676.86374,28.12038,5340.0,0.0,5700.0,898000.0,0.0,168.2,0.0,0.0,0.0,0.0,0.0
2021,ILLINOIS,BOND,86.53490113765405,0.0658400693212497,19237.764,70.468,6768.068579999999,24.79146,188.05075117818885,0.0,14445.622771846696,6.628394982937039,41536.54596,152.14852,71300.0,0.0,72200.0,14738000.0,0.0,206.7,0.0,0.0,0.0,0.0,0.0
2023,KENTUCKY,ADAIR,50.44803884571323,0.0383801161720568,1240.6212,4.5444,5387.42022,19.73414,0.0,0.0,15348.738194633715,7.044389909669089,38634.52866,141.51842,10600.0,0.0,13400.0,2162000.0,0.0,204.0,0.0,0.0,0.0,0.0,0.0
2021,VIRGINIA,SHENANDOAH,3.0140729660806683e-05,9.6961900077904e-08,2646.09072,9.69264,4931.057040000001,18.06248,388.2472929552837,0.0,18914.986720326608,8.679169119913674,27959.72088,102.41656,7300.0,0.0,14000.0,958000.0,0.0,131.2,0.0,0.0,0.0,0.0,0.0
2023,NEW YORK,YATES,10.6812985003051,0.0081201187245694,5490.91998,20.11326,3407.5259400000004,12.48178,0.0,0.0,13240.70808065588,6.54094186539899,24373.34172,89.27963999999999,7430.0,4710.0,12200.0,1235000.0,94000.0,166.2,20.0,0.0,0.0,0.0,0.0
2022,ALABAMA,JACKSON,49.64985309964023,0.0377805198605117,14701.08276,53.85012,7684.16922,28.14714,0.0,0.0,41676.325132344005,20.588205569790457,36508.18626,133.72962,23000.0,0.0,23900.0,2546000.0,0.0,110.7,0.0,0.0,0.0,0.0,0.0
2023,SOUTH DAKOTA,ZIEBACH,0.0002210678838522,6.837782116161852e-07,558.32868,2.04516,264.35682,0.96834,0.0,0.0,74037.4361041075,33.97989862201771,1308.90396,4.79452,0.0,0.0,0.0,0.0,0.0,0.0,0.0,14400.0,16800.0,498000.0,34.6
2022,NEW YORK,ORLEANS,5.65438988480284e-05,1.9240014860147384e-07,7594.324919999999,27.818040000000003,3393.35178,12.42986,0.0,0.0,14579.592074011607,6.691385962213273,17658.51906,64.68322,39500.0,4040.0,43700.0,6543000.0,75000.0,165.6,18.5,0.0,0.0,0.0,0.0
2021,IOWA,CEDAR,258.7743926654347,0.1968801098287581,32480.70462,118.97694,13985.484240000002,51.22888,274.69419298040793,0.0,21719.740629788863,9.966134523584952,86711.36292,317.62404000000004,146600.0,0.0,149000.0,30368000.0,0.0,207.1,0.0,0.0,0.0,0.0,0.0
2023,TENNESSEE,ROBERTSON,752.8859653379434,0.5728000680771228,13820.37384,50.624080000000006,7027.6260600000005,25.74222,0.0,0.0,17365.610254808005,7.970044710058648,45612.72534,167.07958,37800.0,0.0,40300.0,6963000.0,0.0,184.2,0.0,0.0,0.0,0.0,0.0
2023,MISSOURI,MARION,126.5532342963326,0.0962601140337573,19294.1931,70.6747,7911.49086,28.97982,0.0,0.0,16402.753259321667,8.102999843222301,45198.76998,165.56326,59100.0,0.0,61200.0,7382000.0,0.0,124.9,0.0,0.0,0.0,0.0,0.0
2022,KENTUCKY,MADISON,6.107359766208238e-05,2.0781321248103145e-07,2044.14756,7.48772,7954.73406,29.13822,0.0,0.0,15747.55470609926,7.7793301708138864,34784.85738,127.41706,1700.0,0.0,2100.0,245000.0,0.0,144.1,0.0,0.0,0.0,0.0,0.0
2021,TENNESSEE,GREENE,4319.360728692705,3.286100091355423,2588.86992,9.48304,10620.07128,38.90136,391.8603891139495,0.0,23065.110387872748,11.39163387120055,60281.22828,220.81036,3500.0,0.0,5500.0,529000.0,0.0,151.1,0.0,0.0,0.0,0.0,0.0
2022,INDIANA,GIBSON,223.47171728183093,0.1700001242819719,30106.80582,110.28134,13976.2623,51.1951,0.0,0.0,18322.769875381666,9.05149270249742,70148.26728,256.95336,90500.0,0.0,91500.0,17847000.0,0.0,197.2,0.0,0.0,0.0,0.0,0.0
2022,KENTUCKY,ADAIR,46.971175335757486,0.03574018719815,1160.4847800000002,4.25086,5239.37232,19.19184,0.0,0.0,15348.738194633715,7.582313848078966,29728.143899999995,108.8943,8200.0,0.0,11700.0,1450000.0,0.0,176.8,0.0,0.0,0.0,0.0,0.0
2023,KENTUCKY,EDMONSON,11.458533099337036,0.0087201016197594,463.49394,1.6977799999999998,818.1264,2.9968000000000004,0.0,0.0,11531.49447320458,5.292444387307875,4328.84634,15.85658,4400.0,0.0,5100.0,822000.0,0.0,186.8,0.0,0.0,0.0,0.0,0.0
2021,SOUTH DAKOTA,BENNETT,7.189081813731143e-05,2.312707888360456e-07,2533.31442,9.27954,1353.44118,4.95766,137.09925267795833,0.0,45115.49274631153,22.28210342990624,11545.94532,42.292840000000005,30500.0,0.0,35500.0,2507000.0,0.0,82.2,0.0,0.0,0.0,0.0,0.0
2023,IOWA,MILLS,488.8264579988368,0.3719001291888247,24269.1813,88.8981,10473.9726,38.3662,0.0,0.0,16191.950242432877,7.998862642241732,69943.93770000001,256.20489999999995,94500.0,0.0,95500.0,19306000.0,0.0,204.3,0.0,0.0,0.0,0.0,0.0
2021,LOUISIANA,RICHLAND,9148.65552142556,6.96018,40742.64558,149.24045999999998,27122.3043,99.3491,33454.905725178,0.0,20990.048551628726,10.366780995966897,142449.53814,521.79318,58800.0,0.0,60600.0,11401000.0,0.0,193.9,0.0,0.0,0.0,0.0,0.0
2022,KANSAS,BROWN,1535.6101605065555,1.1682801405935588,29251.78074,107.14938,12417.678,45.486,0.0,0.0,21393.656993125933,10.568518377409283,58873.26354,215.65298,119200.0,0.0,122000.0,23456000.0,0.0,196.8,0.0,0.0,0.0,0.0,0.0
2022,NORTH CAROLINA,BUNCOMBE,8.142409818571027e-05,2.770592214162094e-07,150.67962,0.55194,832.83564,3.05068,0.0,0.0,20994.840481950912,9.635700379453668,3594.06684,13.16508,140.0,0.0,800.0,19400.0,0.0,138.6,0.0,0.0,0.0,0.0,0.0
2023,GEORGIA,MILLER,25112.836504766565,19.10552001745993,3032.74608,11.10896,16978.989299999997,62.194100000000006,0.0,0.0,10608.519124811912,4.868839648687484,110868.849,406.113,16700.0,0.0,16800.0,3204000.0,0.0,191.9,0.0,0.0,0.0,0.0,0.0
2023,KANSAS,OTTAWA,744.8989563148749,0.5667201224036597,9338.13426,34.20562,4542.13578,16.63786,0.0,0.0,27222.075396185057,13.447771186957135,19428.59646,71.16702,23400.0,0.0,26200.0,2190000.0,0.0,93.6,0.0,0.0,0.0,0.0,0.0
2023,KANSAS,GRAY,118.1213621889538,0.089840282319892,34498.666020000004,126.36874,28066.23456,102.80672,0.0,0.0,32731.440591611543,16.169410939077714,181895.84322,666.28514,74200.0,0.0,80600.0,15115000.0,0.0,203.7,0.0,0.0,0.0,0.0,0.0
2023,ILLINOIS,HENDERSON,290.2645453804715,0.2208400842674306,20556.85086,75.29982,11134.07568,40.78416,0.0,0.0,14414.36809128783,6.615555484034839,73069.25808000001,267.65296,91600.0,0.0,92800.0,21041000.0,0.0,229.7,0.0,0.0,0.0,0.0,0.0
2021,MISSISSIPPI,ISSAQUENA,2834.714464073204,2.1566200093502514,24219.58812,88.71644,9407.5254,34.4598,1665.9448054200002,0.0,15665.576707873552,7.188172617774237,50595.379380000006,185.33106,20200.0,0.0,20400.0,3870000.0,0.0,191.6,0.0,0.0,0.0,0.0,0.0
2022,NEBRASKA,THAYER,147.17551637626048,0.1119802606134669,26574.00564,97.34068,20645.34654,75.62398,0.0,0.0,21587.36786842596,10.664212019041946,106703.57334,390.85558,152400.0,0.0,155000.0,28026000.0,0.0,183.9,0.0,0.0,0.0,0.0,0.0
2023,VIRGINIA,BOTETOURT,0.5461808510827658,0.0004201882165958,555.59868,2.03516,2937.93864,10.76168,0.0,0.0,20379.52358173445,9.353297219782265,21072.60246,77.18902,2160.0,0.0,3500.0,359000.0,0.0,166.2,0.0,0.0,0.0,0.0,0.0
2022,KENTUCKY,GARRARD,7.545932789699297,0.0057401114813447,1170.80964,4.28868,4290.6318,15.7166,0.0,0.0,8711.29201998025,4.303399359619627,18538.11414,67.90517999999999,1900.0,0.0,2400.0,296000.0,0.0,155.8,0.0,0.0,0.0,0.0,0.0
2021,INDIANA,MORGAN,69.47840116335217,0.0528600682878655,12221.98068,44.76916,4971.564780000001,18.21086,444.2408601038758,0.0,14650.848667770904,6.722563183256096,30241.92444,110.77628,35900.0,0.0,36300.0,7026000.0,0.0,195.7,0.0,0.0,0.0,0.0,0.0
2022,NORTH CAROLINA,ROWAN,183.1031995234076,0.13930020220917,2070.77598,7.58526,3434.4765,12.5805,0.0,0.0,17861.282199783524,8.823516672869856,15750.00882,57.69234,9400.0,0.0,10600.0,1085000.0,0.0,115.4,0.0,0.0,0.0,0.0,0.0
2022,MISSOURI,JASPER,2106.2085308625537,1.6023801090215346,12842.684399999998,47.0428,8636.1912,31.6344,0.0,0.0,22516.040586690626,10.333863741974405,28548.456300000005,104.5731,19900.0,0.0,31300.0,1799000.0,0.0,90.4,0.0,0.0,0.0,0.0,0.0
2023,INDIANA,JEFFERSON,85.64997978895907,0.0651601358982706,2941.61322,10.77514,2167.22142,7.93854,0.0,0.0,13348.958275612393,6.126579643803854,11326.67172,41.48964,21500.0,0.0,22000.0,3932000.0,0.0,182.9,0.0,0.0,0.0,0.0,0.0
2022,ALABAMA,TUSCALOOSA,0.0001876179152643,6.384015873080066e-07,794.47368,2.91016,2837.3872800000004,10.39336,0.0,0.0,48376.44248202491,23.89807977052453,17193.742019999998,62.98074,2120.0,0.0,2200.0,256000.0,0.0,120.8,0.0,0.0,0.0,0.0,0.0
2022,GEORGIA,EMANUEL,2694.1231053865736,2.0496201573434725,1062.30306,3.89122,4586.55834,16.80058,0.0,0.0,25945.862560715526,12.817318954808174,24662.89644,90.34028,1860.0,0.0,2300.0,300000.0,0.0,161.3,0.0,0.0,0.0,0.0,0.0
2022,INDIANA,SWITZERLAND,3.445531116750043,0.0026201058903243,666.49674,2.4413800000000005,923.11128,3.3813600000000004,0.0,0.0,8340.9624050131,3.828131710745208,4146.53694,15.18878,6250.0,0.0,6400.0,1120000.0,0.0,179.2,0.0,0.0,0.0,0.0,0.0
2023,GEORGIA,WORTH,38681.49066,29.428400000000003,3228.07212,11.82444,13315.01808,48.77296,0.0,0.0,21444.933400750982,9.842273061546663,89494.60884,327.81908,7030.0,0.0,7200.0,1262000.0,0.0,179.5,0.0,0.0,0.0,0.0,0.0
2022,MICHIGAN,IOSCO,8.124732947358499e-05,2.764577360716561e-07,8685.46224,31.81488,3379.55436,12.37932,0.0,0.0,20949.2614580997,10.348985906627291,8059.8609,29.5233,3140.0,0.0,5600.0,431000.0,0.0,137.3,0.0,0.0,0.0,0.0,0.0
2022,OHIO,KNOX,14.246475996424085,0.0108402587891018,15022.7532,55.0284,6393.58356,23.41972,0.0,0.0,19610.377462274468,9.687573969451485,32621.720040000004,119.49348,51700.0,0.0,53900.0,9528000.0,0.0,184.3,0.0,0.0,0.0,0.0,0.0
2022,LOUISIANA,CONCORDIA,2806.260698778733,2.13498012992156,8448.596520000001,30.94724,14521.2249,53.191300000000005,135434.66396774398,0.0,26623.850627824613,12.21916631458058,70560.38262,258.46294,13300.0,0.0,14000.0,2557000.0,0.0,192.3,0.0,0.0,0.0,0.0,0.0
2021,KANSAS,ALLEN,3854.334076623906,2.932320055497,20107.72764,73.65468,6765.8791200000005,24.78344,263.9395599632004,0.0,18823.77522133065,8.637316591166401,25916.25582,94.93134,33100.0,0.0,34500.0,3893000.0,0.0,117.6,0.0,0.0,0.0,0.0,0.0
2023,MICHIGAN,MECOSTA,25.07171537530128,0.0190801665784061,24692.76264,90.44968,9557.38056,35.00872,0.0,0.0,21308.196306245507,9.779516801286224,49936.02432000001,182.91584,19800.0,0.0,22700.0,2598000.0,0.0,131.2,0.0,0.0,0.0,0.0,0.0
2023,KANSAS,MCPHERSON,4001.635632006317,3.044400037009946,23080.00968,84.54216000000001,11915.54364,43.64668,0.0,0.0,33665.81068638681,15.451113576419468,58458.8277,214.1349,53100.0,0.0,55500.0,4975000.0,0.0,93.7,0.0,0.0,0.0,0.0,0.0
2021,MINNESOTA,CARVER,30.63067748963407,0.0233000556575868,11432.0115,41.8755,4491.67446,16.453020000000002,365.2609207830963,0.0,12495.976762892293,6.171641485867065,31737.069000000003,116.253,48600.0,4250.0,53500.0,9030000.0,100000.0,185.8,23.5,0.0,0.0,0.0,0.0
2023,LOUISIANA,CONCORDIA,2900.312237046839,2.206540030753419,8687.10024,31.82088,15138.31956,55.45172,23112.613926,0.0,26623.850627824617,13.152246702280664,90457.14678,331.34486,18600.0,0.0,21300.0,3400000.0,0.0,182.8,0.0,0.0,0.0,0.0,0.0
2021,IOWA,PLYMOUTH,174.24748502039117,0.1325601464759281,38808.9702,142.1574,15204.39648,55.69376,326.83961928145743,0.0,32534.005189444008,16.068228993898437,115056.40146,421.45202,219500.0,0.0,232500.0,41903000.0,0.0,190.9,0.0,0.0,0.0,0.0,0.0
2021,GEORGIA,TWIGGS,167.46685112705168,0.1274000333561016,294.4305,1.0785,1186.5945,4.3465,241.2868161774188,0.0,13664.624224574723,6.74882511014288,7027.76802,25.74274,680.0,0.0,700.0,112000.0,0.0,164.7,0.0,0.0,0.0,0.0,0.0
2022,IDAHO,PAYETTE,1422.3722610209295,1.082100070687847,16214.60568,59.39416,10561.7694,38.6878,0.0,0.0,15257.580137924871,7.537281547248591,36220.4115,132.6755,3230.0,0.0,8600.0,654000.0,0.0,202.5,0.0,0.0,0.0,0.0,0.0
2023,NEBRASKA,DUNDY,0.0001034825654143,3.534658805138025e-07,16596.9258,60.7946,12572.39256,46.05272000000001,0.0,0.0,34657.15458637563,15.906096447163511,82249.69116,301.28092,84300.0,0.0,91000.0,13092000.0,0.0,155.3,0.0,0.0,0.0,0.0,0.0
2021,SOUTH CAROLINA,CHESTERFIELD,2.902127378610308,0.0022001523818479,8481.92436,31.06932,3218.9976,11.791200000000002,328.4821106185849,0.0,29917.37501982604,13.727630965868704,16155.08622,59.17614,7470.0,0.0,7800.0,993000.0,0.0,132.9,0.0,0.0,0.0,0.0,0.0
2022,ILLINOIS,UNION,318.04066246141264,0.2419401444020912,6507.32628,23.83636,2108.58102,7.72374,0.0,0.0,15736.159941021093,7.773701129263226,8061.00204,29.52748,11000.0,0.0,11200.0,1833000.0,0.0,166.6,0.0,0.0,0.0,0.0,0.0
2022,ILLINOIS,VERMILION,270.18257129425,0.205540382828654,49256.28708,180.42596,20439.1278,74.86859999999999,0.0,0.0,33164.44137361658,15.22100730428752,110925.61116,406.32092000000006,212500.0,0.0,215500.0,46410000.0,0.0,218.4,0.0,0.0,0.0,0.0,0.0
2022,TENNESSEE,GREENE,4064.080157262674,3.0919002620102063,2454.60852,8.99124,10600.78656,38.83072,0.0,0.0,23051.59418438156,10.579659084355054,51367.892940000005,188.16078,4100.0,0.0,5100.0,675000.0,0.0,164.6,0.0,0.0,0.0,0.0,0.0
2021,MICHIGAN,IOSCO,3.340188758728912e-05,1.074529556218258e-07,9581.14248,35.09576,3460.31322,12.67514,196.74319516473489,0.0,20961.54496780376,10.352703352916818,9263.41962,33.93194,4480.0,0.0,5800.0,724000.0,0.0,161.6,0.0,0.0,0.0,0.0,0.0
2021,OHIO,GALLIA,2.8214920528841173e-05,9.0766624956029e-08,864.8913,3.1681,2535.34554,9.28698,289.88114660526435,0.0,17706.434221201856,8.124623050953128,14342.53002,52.53674,2350.0,0.0,3100.0,392000.0,0.0,166.8,0.0,0.0,0.0,0.0,0.0
2023,INDIANA,MIAMI,36.44518073689717,0.0277201253237426,19601.52012,71.80044,7474.1394,27.3778,0.0,0.0,14106.70964176066,6.968748734338779,51971.556,190.372,65800.0,0.0,67500.0,13292000.0,0.0,202.0,0.0,0.0,0.0,0.0,0.0
2021,KANSAS,GRAY,117.2754474510577,0.0892201555443487,34294.0143,125.6191,27700.55652000001,101.46724,378.91904910013545,0.0,32750.63253157272,16.17521913296662,169593.70427999998,621.22236,82800.0,0.0,87100.0,17703000.0,0.0,213.8,0.0,0.0,0.0,0.0,0.0
2023,OHIO,GALLIA,5.283854152158927e-05,1.8048085229825738e-07,852.42066,3.12242,2589.56334,9.48558,0.0,0.0,17696.05821328286,8.12170566321536,15821.0871,57.9527,3310.0,0.0,3800.0,596000.0,0.0,180.1,0.0,0.0,0.0,0.0,0.0
2021,VIRGINIA,CRAIG,1.971229155275588e-05,6.341390090267877e-08,119.84154,0.43898,577.35678,2.11486,76.28027081336309,0.0,12370.560936765476,6.109699828148313,4190.76294,15.35078,490.0,0.0,600.0,49000.0,0.0,100.0,0.0,0.0,0.0,0.0,0.0
2021,LOUISIANA,RED RIVER,305.4359027632447,0.232380076593472,2253.0144,8.252799999999999,2419.05846,8.86102,2031.32577924,0.0,14941.585353687762,7.379503802158116,10130.51676,37.10812000000001,7400.0,0.0,7400.0,998000.0,0.0,134.9,0.0,0.0,0.0,0.0,0.0
2021,IOWA,UNION,1071.7990885477386,0.8154200269585368,15778.4445,57.7965,6562.82718,24.03966,229.0919253857237,0.0,16001.919153462886,7.903192361422413,38280.6879,140.2223,54100.0,0.0,55500.0,10019000.0,0.0,185.2,0.0,0.0,0.0,0.0,0.0
2023,ALABAMA,FAYETTE,7.049675343068299e-05,2.180513204612265e-07,502.25994,1.83978,861.50064,3.15568,0.0,0.0,23609.93730394873,11.663366219549935,6478.4538,23.7306,1260.0,0.0,1300.0,170900.0,0.0,135.6,0.0,0.0,0.0,0.0,0.0
2021,IOWA,FAYETTE,360.9038224891013,0.2745601403031412,30757.55592,112.66504,13196.70534,48.33958,255.54738081003865,0.0,27694.094491354543,12.70747546732538,85014.20382000001,311.40734000000003,176400.0,12100.0,190000.0,36268000.0,278000.0,205.6,23.0,0.0,0.0,0.0,0.0
2021,MISSISSIPPI,RANKIN,295.4447225570537,0.2247801399897923,846.4911,3.1007,2767.1880599999995,10.13622,587.4782734400926,0.0,27363.45276857676,13.51454340124944,17720.41362,64.90994,1600.0,0.0,1700.0,244000.0,0.0,152.5,0.0,0.0,0.0,0.0,0.0
2022,VIRGINIA,NORTHAMPTON,275.4828201622713,0.2095800686977888,8128.75518,29.77566,2507.87628,9.18636,0.0,0.0,6250.024425215524,2.8684839390619525,9225.94218,33.79466,5500.0,0.0,6100.0,913000.0,0.0,166.0,0.0,0.0,0.0,0.0,0.0
2021,IOWA,CASS,369.2773472334089,0.280960091637329,29415.71724,107.74988,11686.10898,42.80626,411.06943284344425,0.0,21138.2672630424,10.439984777127792,72965.86752,267.27424,127400.0,0.0,130000.0,27060000.0,0.0,212.4,0.0,0.0,0.0,0.0,0.0
2023,WISCONSIN,MILWAUKEE,4.729270620361857e-06,1.46279602024844e-08,848.35842,3.10754,268.89408,0.98496,0.0,0.0,1583.8712764260754,0.7269266500207445,1849.37844,6.774280000000001,1100.0,0.0,1100.0,217000.0,0.0,197.3,0.0,0.0,0.0,0.0,0.0
2023,VIRGINIA,CRAIG,3.6915529662090576e-05,1.2609254655020074e-07,122.3313,0.4480999999999999,587.9328,2.1536,0.0,0.0,12363.311761881432,5.674211620596939,4629.8616,16.9592,320.0,0.0,500.0,42200.0,0.0,131.9,0.0,0.0,0.0,0.0,0.0
2022,PENNSYLVANIA,CRAWFORD,0.0066276017914331,5.022403253013939e-07,8484.72534,31.07958,5312.53086,19.45982,0.0,0.0,38058.48965938441,18.800986082504945,31771.69086,116.37982,21700.0,0.0,32400.0,2979000.0,0.0,137.3,0.0,0.0,0.0,0.0,0.0
2021,ILLINOIS,MONROE,200.5493545411584,0.1525800459654218,18483.56874,67.70538,7520.4948,27.5476,368.5142654389461,0.0,14491.228526867968,7.1570769420107565,39709.640880000006,145.45656,50700.0,0.0,51400.0,9380000.0,0.0,185.0,0.0,0.0,0.0,0.0,0.0
2021,MISSISSIPPI,HUMPHREYS,3912.106086614804,2.976280018742162,34784.96658,127.41746,15195.02712,55.65944,88.96259050855514,0.0,16081.729221080026,7.379124802684558,79675.596,291.85200000000003,30100.0,0.0,30500.0,5963000.0,0.0,198.1,0.0,0.0,0.0,0.0,0.0
2022,NEBRASKA,SALINE,449.96189611305647,0.3423001927134994,26295.57294,96.32078,18572.14632,68.02984,0.0,0.0,21604.459998829338,9.915488692928,96316.68228,352.80836000000005,132700.0,0.0,140500.0,20914000.0,0.0,157.6,0.0,0.0,0.0,0.0,0.0
2021,KENTUCKY,CALLOWAY,197.9389957368797,0.1506000490956994,15529.129980000002,56.88326,6514.46796,23.862520000000004,290.70161894967896,0.0,14417.119175521628,6.615316066377972,34127.975699999995,125.0109,36500.0,0.0,39000.0,7285000.0,0.0,199.6,0.0,0.0,0.0,0.0,0.0
2021,SOUTH DAKOTA,CORSON,0.0374689046930783,2.047902334729371e-05,1675.82688,6.13856,747.0808800000001,2.7365600000000003,200.2656684305566,0.0,93446.19118960232,42.87792050494981,6080.64912,22.27344,42800.0,0.0,57000.0,3454000.0,0.0,80.7,0.0,57500.0,67000.0,1637000.0,28.5
2022,NORTH CAROLINA,CURRITUCK,7.2537350275360275,0.0055401192322645,10068.58944,36.88128,3125.44596,11.448519999999998,0.0,0.0,9320.911541071351,4.60455287974706,10564.9089,38.6993,9330.0,0.0,9500.0,1533000.0,0.0,164.3,0.0,0.0,0.0,0.0,0.0
2021,NORTH CAROLINA,JONES,174.1749243769089,0.1325000787768255,8822.49186,32.31682,4136.348580000001,15.15146,352.7112164730973,0.0,17638.025600661316,8.711249435824918,26643.06918,97.59366,15800.0,0.0,16100.0,2371000.0,0.0,150.1,0.0,0.0,0.0,0.0,0.0
2021,IOWA,MONTGOMERY,399.90686080151926,0.3042400684858655,22390.9686,82.0182,8950.517940000002,32.78578,225.6308154221149,0.0,15534.460170199804,7.12800960409022,54151.258980000006,198.35626,90500.0,0.0,92000.0,18543000.0,0.0,204.9,0.0,0.0,0.0,0.0,0.0
2022,ILLINOIS,STARK,223.449030476706,0.1700001025932873,17550.7605,64.2885,8186.38002,29.98674,0.0,0.0,10819.322136790754,5.34477134369895,44989.01862,164.79494,84700.0,0.0,86200.0,20379000.0,0.0,240.6,0.0,0.0,0.0,0.0,0.0
2022,INDIANA,CARROLL,23.26991346917285,0.0177001820256883,21273.4158,77.9246,9635.96634,35.29658,0.0,0.0,14015.551583744433,6.923716432862548,51454.88166,188.47942,87100.0,0.0,89100.0,17734000.0,0.0,203.6,0.0,0.0,0.0,0.0,0.0
2022,TEXAS,HIDALGO,3974.2891719343606,3.0235801723228253,75024.34758,274.81446,66368.76246,243.10902,0.0,0.0,47305.33528228512,23.368950219262544,262047.49116,959.88092,32500.0,0.0,37200.0,2948000.0,0.0,90.7,0.0,0.0,0.0,0.0,0.0
2023,COLORADO,LOGAN,14.067986464353297,0.0107006383007851,20695.62768,75.80816,12013.09746,44.00402,0.0,0.0,69473.83578169542,34.32024316571415,86502.63804,316.85948,79000.0,0.0,94500.0,12008000.0,0.0,152.0,0.0,0.0,0.0,0.0,0.0
2021,ILLINOIS,BROWN,160.88173144588313,0.1224200367079272,10004.21604,36.64548,4372.90854,16.01798,128.88848153874957,0.0,11623.76670607196,5.740865415040178,26393.17044,96.67828,37600.0,0.0,38100.0,6730000.0,0.0,179.0,0.0,0.0,0.0,0.0,0.0
2021,NORTH CAROLINA,WILSON,2140.010766183621,1.6280800182150248,26166.42756,95.84772,7578.11964,27.75868,358.00145346383425,0.0,13208.566677995725,6.06076999815106,28104.3126,102.9462,10600.0,0.0,10800.0,1359000.0,0.0,128.2,0.0,0.0,0.0,0.0,0.0
2023,TEXAS,BEE,195.14846833638063,0.1484803030077232,31066.04592,113.79504,25863.20646,94.73702,0.0,0.0,33341.060111104736,15.302067469393153,160698.3378,588.6386,24700.0,0.0,24700.0,2319000.0,0.0,93.9,0.0,0.0,0.0,0.0,0.0
2023,INDIANA,CLARK,51.3724528433502,0.0390801111895276,2827.52106,10.35722,2522.53092,9.24004,0.0,0.0,12636.785939561729,5.7997241359175575,14750.57766,54.03142,16200.0,0.0,16600.0,3060000.0,0.0,188.9,0.0,0.0,0.0,0.0,0.0
2023,OHIO,MERCER,54.94409076248985,0.0418001574873556,19241.81532,70.48284,6876.66252,25.18924,0.0,0.0,17052.254426736534,7.8262282864926735,45230.92938,165.68106,96600.0,0.0,107000.0,19774000.0,0.0,204.7,0.0,0.0,0.0,0.0,0.0
2022,KANSAS,KINGMAN,1215.9950429613266,0.9251202132444832,12514.66944,45.84128,6504.01752,23.82424,0.0,0.0,32475.05854215565,14.904611167988811,35565.23333999999,130.27558000000002,5840.0,0.0,10800.0,758000.0,0.0,129.8,0.0,0.0,0.0,0.0,0.0
2023,OKLAHOMA,ALFALFA,744.3133118277044,0.566260172558328,10667.71524,39.07588,5030.063220000001,18.42514,0.0,0.0,32748.5327291329,15.030123687576326,28221.20574,103.37438,3240.0,0.0,3400.0,318000.0,0.0,98.1,0.0,0.0,0.0,0.0,0.0
2021,ILLINOIS,MOULTRIE,230.77513478388008,0.1755600480018906,24835.95114,90.97418,10268.32716,37.61292,190.0972810254443,0.0,12615.691868387808,5.788728530948016,63022.88538,230.85306,81000.0,0.0,82100.0,17966000.0,0.0,221.8,0.0,0.0,0.0,0.0,0.0
2021,MISSOURI,BUCHANAN,820.8769302507786,0.6245000343151561,19022.48166,69.67942,7019.58348,25.71276,428.8583533734296,0.0,14525.432842370838,7.173970121036189,36115.4157,132.29090000000002,46200.0,0.0,50100.0,7914000.0,0.0,171.3,0.0,0.0,0.0,0.0,0.0
2023,MISSISSIPPI,SUNFLOWER,11319.248304749764,8.611540088714438,68199.72978,249.81586,37090.22772,135.86164,53959.8328398,0.0,26093.99440882325,11.97598581626356,181525.99374,664.93038,53900.0,0.0,54500.0,10715000.0,0.0,198.8,0.0,0.0,0.0,0.0,0.0
2021,OHIO,HENRY,24.98072192100789,0.0190000694653356,23004.41052,84.26524,7304.57364,26.75668,436.5646333971858,0.0,15466.051536795792,7.638532553173068,49238.64582,180.36134,77000.0,0.0,78600.0,15150000.0,0.0,196.8,0.0,0.0,0.0,0.0,0.0
2021,ARKANSAS,YELL,242.352761025264,0.1843801272254655,1619.86734,5.93358,3449.20212,12.63444,4271.450881824,0.0,35350.16053886073,17.459100753256916,16568.64846,60.69102,3740.0,0.0,3900.0,588000.0,0.0,157.2,0.0,0.0,0.0,0.0,0.0
2021,MINNESOTA,CLAY,1927.341648828956,1.4663001607417423,83366.69796,305.37252,26955.02082,98.73634,396.3881619950564,0.0,38958.71586721892,17.8762633411153,46000.49454,168.49998,152900.0,0.0,160500.0,23796000.0,0.0,155.6,0.0,55400.0,57700.0,3263000.0,58.9
2022,SOUTH DAKOTA,BEADLE,244.52157898151864,0.1860205413958367,20976.369960000004,76.83652,9870.6972,36.1564,0.0,0.0,47499.0461581662,23.464643861182257,70329.67577999999,257.61786,176600.0,0.0,197500.0,22605000.0,0.0,128.0,0.0,0.0,0.0,0.0,0.0
2021,IOWA,WINNEBAGO,248.61098183844263,0.1891200718646186,23094.85542,84.59654,8911.76286,32.64382,255.27917813956944,0.0,15192.41700027275,7.503387114795928,64505.46102,236.28374,115200.0,1150.0,117500.0,22764000.0,26500.0,197.6,23.0,0.0,0.0,0.0,0.0
2021,KANSAS,LYON,889.1592376790384,0.6764601267595284,8442.63966,30.92542,3012.17826,11.03362,388.1867384115784,0.0,31638.99225992412,14.517597536160446,13486.29282,49.40034,29500.0,0.0,31300.0,3233000.0,0.0,109.6,0.0,0.0,0.0,0.0,0.0
2023,MICHIGAN,MONTCALM,50.87454768374009,0.0387002282412695,45206.5887,165.5919,15866.759999999998,58.12,0.0,0.0,26658.034897347257,12.234855377762267,76997.59158,282.04246,42800.0,0.0,62300.0,6578000.0,0.0,153.7,0.0,0.0,0.0,0.0,0.0
2021,MICHIGAN,ST CLAIR,153.74439793385395,0.1169601221006911,18787.70166,68.81942,4474.69932,16.390839999999997,436.00962444045786,0.0,25641.83552455424,11.765793460666714,21490.89306,78.72122,25800.0,0.0,29200.0,4502000.0,0.0,174.5,0.0,0.0,0.0,0.0,0.0
2023,NORTH CAROLINA,STOKES,4.969136504624613e-05,1.6973102695777418e-07,511.96782,1.87534,1962.16566,7.18742,0.0,0.0,16642.043160797148,7.637959513778426,12461.12322,45.64514,1900.0,0.0,2100.0,253000.0,0.0,133.2,0.0,0.0,0.0,0.0,0.0
2023,NEBRASKA,BOX BUTTE,0.0001209876714007,4.132581525375025e-07,28417.410840000004,104.09308,15006.94104,54.97048,0.0,0.0,40519.75725564536,20.016858237095622,92182.55592,337.66504000000003,84600.0,0.0,94700.0,13561000.0,0.0,160.3,0.0,0.0,0.0,0.0,0.0
2023,ALABAMA,CALHOUN,0.0222646095487693,2.022068723154789e-05,683.1825000000001,2.5025,1840.68066,6.74242,0.0,0.0,21638.64427343624,10.689542687326144,11828.25462,43.32694,2130.0,0.0,2200.0,384000.0,0.0,180.3,0.0,0.0,0.0,0.0,0.0
2022,ILLINOIS,CHRISTIAN,589.1628213106728,0.4482202790139141,51489.83658,188.60746,22983.32946,84.18802,0.0,0.0,26669.429660682243,12.240085068622983,121162.52694,443.81878000000006,182100.0,0.0,185000.0,41145000.0,0.0,225.9,0.0,0.0,0.0,0.0,0.0
2023,IOWA,WAPELLO,479.1183357070986,0.3645201070275109,14007.34608,51.30896,6181.05306,22.64122,0.0,0.0,16089.397428635428,7.3843196399402755,37422.8127,137.0799,57100.0,0.0,58400.0,11586000.0,0.0,202.9,0.0,0.0,0.0,0.0,0.0
2021,ILLINOIS,FAYETTE,608.1076524363544,0.462640106734455,38068.86174000001,139.44638,14262.28986,52.24282,211.24311169022965,0.0,26958.701696196844,13.31464078001802,83025.42066,304.12242000000003,113000.0,0.0,114500.0,23414000.0,0.0,207.2,0.0,0.0,0.0,0.0,0.0
2022,KENTUCKY,BUTLER,55.03499955428259,0.0418602028106278,2195.10564,8.04068,928.65864,3.40168,0.0,0.0,16214.739753559528,7.44184620647318,3605.05236,13.20532,19000.0,0.0,19800.0,3470000.0,0.0,182.6,0.0,0.0,0.0,0.0,0.0
2023,IOWA,WINNEBAGO,244.65627103283632,0.1861400894164654,22617.24738,82.84706,9077.56668,33.25116,0.0,0.0,15183.514211764672,7.500692800312273,71479.84662000001,261.83094,118200.0,0.0,120000.0,24976000.0,0.0,211.3,0.0,0.0,0.0,0.0,0.0
2022,ILLINOIS,FULTON,435.3312425010285,0.3311603506510526,34126.468740000004,125.00538,15068.4807,55.1959,0.0,0.0,32338.32145317024,15.975209132417763,79531.46292,291.32404,130100.0,0.0,132500.0,27646000.0,0.0,212.5,0.0,0.0,0.0,0.0,0.0
2021,WASHINGTON,WALLA WALLA,3473.471672687422,2.6425601070572027,19782.12054,72.46198,9207.547439999998,33.72728,740.6985155164649,0.0,47578.20349996022,23.49841233822972,55906.17942,204.78454,6400.0,0.0,6600.0,1437000.0,0.0,224.5,0.0,24700.0,26000.0,1205000.0,48.8
2022,INDIANA,WABASH,110.56414943812165,0.0841201697973227,20840.48694,76.33878000000001,7462.10556,27.33372,0.0,0.0,15365.830333026652,7.590757405848122,42586.83156,155.99572,73800.0,0.0,75400.0,14369000.0,0.0,194.7,0.0,0.0,0.0,0.0,0.0
2021,NORTH CAROLINA,DAVIDSON,2.366311426191121,0.0018001009250281,1606.8834599999998,5.88602,3761.81988,13.77956,543.9734539448261,0.0,19963.91907956588,9.160473255930029,21854.23968,80.05216,5650.0,0.0,7000.0,742000.0,0.0,131.3,0.0,0.0,0.0,0.0,0.0
2023,INDIANA,SULLIVAN,419.2008312575289,0.3189200919413764,24639.78972,90.25564,10715.80692,39.25204,0.0,0.0,16892.727818925436,7.753012650644437,71578.15392000001,262.19104,68500.0,0.0,70200.0,13645000.0,0.0,199.2,0.0,0.0,0.0,0.0,0.0
2023,MICHIGAN,SAGINAW,165.20454258160115,0.1256801835168947,73838.51202,270.47074000000003,23984.61156,87.85572,0.0,0.0,28304.577343135457,12.990545314216297,70886.97798000001,259.65926,89300.0,0.0,93000.0,15938000.0,0.0,178.5,0.0,0.0,0.0,0.0,0.0
2022,NORTH DAKOTA,STUTSMAN,2943.156550348613,2.239140447527676,34453.04772,126.20164,8102.91846,29.68102,0.0,0.0,85289.75902030306,39.14421564964797,69640.6347,255.0939,158500.0,6420.0,166000.0,21052000.0,100000.0,132.8,15.5,87200.0,87700.0,4133000.0,47.4
2023,MARYLAND,HOWARD,1.7743270708004735e-05,6.060577237225528e-08,3173.71236,11.62532,1695.92514,6.21218,0.0,0.0,5942.3659756883535,2.935543186446952,12690.96192,46.48704,4700.0,0.0,5100.0,887000.0,0.0,188.7,0.0,0.0,0.0,0.0,0.0
2023,NORTH CAROLINA,CHOWAN,1425.8649105200386,1.08478003013106,9355.34418,34.26866,3832.93092,14.04004,0.0,0.0,6210.142774533817,2.850180030683258,23996.99484,87.90108,4460.0,0.0,4600.0,677000.0,0.0,151.8,0.0,0.0,0.0,0.0,0.0
2022,SOUTH DAKOTA,MEADE,0.0005083426873302,1.729721695451064e-06,1683.38352,6.16624,1350.17064,4.94568,0.0,0.0,131073.8941968316,64.75082123934753,6815.81628,24.96636,0.0,0.0,0.0,0.0,0.0,0.0,0.0,5350.0,9000.0,129000.0,24.1
2023,PENNSYLVANIA,FULTON,6.730849214976627,0.0051201681801859,2314.51038,8.478060000000001,1768.48854,6.47798,0.0,0.0,16624.951023856855,7.630114981187533,11558.26308,42.33796,5500.0,4850.0,11700.0,727000.0,85000.0,132.2,17.5,0.0,0.0,0.0,0.0
2022,MICHIGAN,CHARLEVOIX,6.31948224678668e-05,2.1503103750132165e-07,3073.63056,11.25872,1654.41276,6.06012,0.0,0.0,16294.503059426148,8.049523982254646,7479.124380000001,27.39606,1880.0,0.0,2400.0,211000.0,0.0,112.2,0.0,0.0,0.0,0.0,0.0
2023,OKLAHOMA,PAYNE,28.2033116504908,0.0214602197469142,447.02112,1.63744,1615.60854,5.91798,0.0,0.0,25096.95313698683,11.518388104596047,5761.19544,21.10328,870.0,0.0,1000.0,63900.0,0.0,73.4,0.0,0.0,0.0,0.0,0.0
2021,TEXAS,GOLIAD,5.1506310185772105e-05,1.6569438622809702e-07,24291.1851,88.9787,21303.7188,78.0356,273.29908438516645,0.0,32323.0785764205,14.83149153573225,127223.96778,466.02186,2800.0,0.0,3100.0,186200.0,0.0,66.5,0.0,0.0,0.0,0.0,0.0
2021,SOUTH DAKOTA,CODINGTON,260.888431491938,0.1984801012375346,11991.29022,43.92414,4890.99702,17.91574,298.55975666184503,0.0,25715.94488040642,12.700855265951413,38255.45724,140.12988,102100.0,0.0,110500.0,19940000.0,0.0,195.3,0.0,0.0,0.0,0.0,0.0
2023,PENNSYLVANIA,DAUPHIN,149.45242730368074,0.1137001607565634,6600.064380000001,24.17606,3476.1089999999995,12.733,0.0,0.0,17547.926372583635,8.053719719961267,21498.34596,78.74852000000001,11900.0,0.0,14800.0,1814000.0,0.0,152.4,0.0,0.0,0.0,0.0,0.0
2023,VIRGINIA,ORANGE,3.728978848799076e-05,1.1533988763782215e-07,2439.7464,8.9368,3059.13972,11.20564,0.0,0.0,12488.654093051917,5.731738189996661,20566.51506,75.33522,5300.0,0.0,5600.0,975000.0,0.0,184.0,0.0,0.0,0.0,0.0,0.0
2023,MISSISSIPPI,TIPPAH,181.6829907886368,0.1382201590808918,1956.87492,7.16804,1115.35788,4.08556,0.0,0.0,17228.87316059306,7.907288449931545,7573.99188,27.74356,1460.0,0.0,1500.0,213000.0,0.0,145.9,0.0,0.0,0.0,0.0,0.0
2022,PENNSYLVANIA,BEDFORD,3.786087647736706,0.0028805024658824,7349.8425,26.9225,5538.49296,20.28752,0.0,0.0,38075.581800827895,18.80942964178108,30260.75598,110.84526,15500.0,0.0,25000.0,2438000.0,0.0,157.3,0.0,0.0,0.0,0.0,0.0
2023,IOWA,APPANOOSE,1157.8656936398354,0.880860095962266,14456.04342,52.95254,6579.551159999999,24.10092,0.0,0.0,18932.389397925406,9.352646223342466,39729.98484,145.53108,36000.0,0.0,38500.0,6221000.0,0.0,172.8,0.0,0.0,0.0,0.0,0.0
2023,ILLINOIS,LAWRENCE,348.18153318586195,0.2648801002546294,26370.30396,96.59452,12441.06318,45.57166,0.0,0.0,13901.60400893623,6.380219518175363,77374.24422,283.42214,77600.0,0.0,78700.0,14458000.0,0.0,186.3,0.0,0.0,0.0,0.0,0.0
2022,WISCONSIN,PORTAGE,25.46794746707937,0.0193803657492482,66491.1429,243.5573,24693.60348,90.45276,0.0,0.0,30059.369976907463,13.795917284612331,79802.93412,292.31844,37600.0,11800.0,49900.0,6557000.0,254000.0,174.4,21.5,0.0,0.0,0.0,0.0
2022,NORTH CAROLINA,LEE,3.504440154826263e-05,1.192444844254059e-07,561.28254,2.05598,833.36526,3.05262,0.0,0.0,9036.04260514033,4.463826935346466,3653.70642,13.38354,1300.0,0.0,1400.0,144800.0,0.0,111.4,0.0,0.0,0.0,0.0,0.0
2022,NORTH DAKOTA,EDDY,468.9619654277139,0.3567601516768233,8706.59244,31.89228,2447.7726,8.966199999999999,0.0,0.0,24008.75381092559,11.860382540067429,20740.78734,75.97358,28000.0,2750.0,31800.0,3507000.0,46800.0,125.3,17.0,29400.0,29600.0,1229000.0,41.8
2021,SOUTH DAKOTA,HUTCHINSON,176.67171842254868,0.13442012153063,21345.90822,78.19014,9229.26186,33.806819999999995,263.8018869868546,0.0,30538.753425904382,14.012751349697512,76347.999,279.66299999999995,151800.0,0.0,168500.0,18717000.0,0.0,123.3,0.0,0.0,0.0,0.0,0.0
2022,WISCONSIN,PEPIN,26.74352990706158,0.0203401013160825,4879.0014,17.871799999999997,2683.66644,9.83028,0.0,0.0,8876.516002413502,4.073927052992518,16145.14356,59.13972,22900.0,5810.0,29000.0,3939000.0,137000.0,172.0,23.5,0.0,0.0,0.0,0.0
2022,ALABAMA,LAWRENCE,756.7465837627279,0.5757202143996609,10538.2368,38.6016,6507.05328,23.83536,0.0,0.0,26236.42888071091,12.960859420737592,41333.93628,151.40636,33400.0,0.0,33600.0,3216000.0,0.0,96.3,0.0,0.0,0.0,0.0,0.0
2023,NEBRASKA,FRANKLIN,49.44401832653164,0.0376001769280477,20966.93508,76.80196,16621.10268,60.88316,0.0,0.0,21587.367869007023,10.664212019328998,107631.8607,394.2559,100900.0,0.0,102500.0,19857000.0,0.0,196.8,0.0,0.0,0.0,0.0,0.0
2023,OHIO,ROSS,380.9517544560805,0.2898201574339864,15685.6791,57.4567,6515.97492,23.86804,0.0,0.0,25564.138195051422,11.732805320346657,39166.56744,143.46728,48600.0,0.0,50300.0,10007000.0,0.0,205.9,0.0,0.0,0.0,0.0,0.0
2023,ILLINOIS,LEE,515.0298577200947,0.3918401950088174,45801.54306,167.77121999999997,22579.71534,82.70958,0.0,0.0,27233.47014702728,13.453400221475205,158317.23726,579.91662,231500.0,0.0,234000.0,48083000.0,0.0,207.7,0.0,0.0,0.0,0.0,0.0
2021,PENNSYLVANIA,CRAWFORD,0.0070806810363726,1.9520961197524277e-07,8973.17148,32.868759999999995,5320.34958,19.48846,931.4182814587934,0.0,38080.805091744056,18.807739561211218,37463.89374,137.23038000000005,27700.0,0.0,33700.0,4410000.0,0.0,159.2,0.0,0.0,0.0,0.0,0.0
2022,OHIO,MERCER,53.12339325244861,0.0404201807165645,18713.29824,68.54688,6672.2838,24.4406,0.0,0.0,17052.25442673653,8.42385499324075,34714.630860000005,127.15982,96500.0,0.0,105000.0,18364000.0,0.0,190.3,0.0,0.0,0.0,0.0,0.0
2023,MISSOURI,COOPER,1728.7245331764582,1.315200116243349,20004.58278,73.27686,10003.73556,36.64372,0.0,0.0,21382.262227176176,10.56288933542806,52825.04682,193.49834,57800.0,0.0,61400.0,6069000.0,0.0,105.0,0.0,0.0,0.0,0.0,0.0
2022,KENTUCKY,GRAYSON,8.765893755888422,0.0066602510618356,1343.7824400000002,4.92228,1487.3859,5.4483,0.0,0.0,19097.61337164277,8.764957303200141,2326.1511,8.5207,13000.0,0.0,13600.0,2130000.0,0.0,163.8,0.0,0.0,0.0,0.0,0.0
2023,NORTH CAROLINA,WILKES,439.36296954859074,0.3342602400684334,803.51544,2.94328,3922.10364,14.36668,0.0,0.0,28230.511419154227,12.9565523409225,25701.21372,94.14364,6100.0,0.0,7400.0,1100000.0,0.0,180.3,0.0,0.0,0.0,0.0,0.0
2021,KANSAS,HASKELL,346.4512474214268,0.2635800875179119,32315.523239999995,118.37188,29535.72258,108.18946,112.16126218241308,0.0,21799.550705153168,10.002755492544736,172588.24128,632.19136,91200.0,0.0,96000.0,21478000.0,0.0,235.5,0.0,0.0,0.0,0.0,0.0
2022,NEBRASKA,HAYES,0.8092641522130536,0.0006203543773037,10585.1382,38.7734,7820.40168,28.64616,0.0,0.0,26891.62742786125,13.284529090146384,44234.9544,162.0328,50700.0,0.0,74300.0,7975000.0,0.0,157.3,0.0,0.0,0.0,0.0,0.0
2022,KENTUCKY,LIVINGSTON,37.31332355580418,0.0283801483910549,5905.2084,21.6308,2120.60394,7.76778,0.0,0.0,12203.785159445131,6.028699430536452,8446.27056,30.938720000000004,19000.0,0.0,20000.0,2615000.0,0.0,137.6,0.0,0.0,0.0,0.0,0.0
2022,MICHIGAN,GRATIOT,397.6938099895649,0.3025602371886217,48873.65028,179.02435999999997,17987.96454,65.88998000000001,0.0,0.0,21011.932611192173,10.379945608066086,42030.0972,153.9564,82000.0,0.0,98000.0,14015000.0,0.0,170.9,0.0,0.0,0.0,0.0,0.0
2021,OHIO,CHAMPAIGN,150.76928024118706,0.1147200640573457,22582.2324,82.7188,7977.13644,29.22028,248.0231140361944,0.0,15962.014112096109,7.8834836492931,52885.49448,193.71976,82000.0,0.0,84400.0,16531000.0,0.0,201.6,0.0,0.0,0.0,0.0,0.0
2023,WISCONSIN,WAUSHARA,109.85946145618549,0.0835802104265837,40973.95302,150.08774,14668.01154,53.72898,0.0,0.0,23911.898372462096,11.81253571884924,66009.59274000001,241.79338,30600.0,3770.0,35000.0,5499000.0,75000.0,179.7,20.0,0.0,0.0,0.0,0.0
2022,KANSAS,OSBORNE,57.06690880196042,0.0434204389766303,10471.79952,38.35824,4937.10126,18.08462,0.0,0.0,33637.32380252645,16.616919439630784,30363.9063,111.2231,31500.0,0.0,33800.0,2378000.0,0.0,75.5,0.0,0.0,0.0,0.0,0.0
2023,PENNSYLVANIA,LEBANON,512.2326872383092,0.38970008254827,8013.72936,29.35432,4688.66034,17.17458,0.0,0.0,12255.06156837756,6.054030100758199,29156.8368,106.8016,12900.0,5740.0,18700.0,2258000.0,129000.0,175.0,22.5,0.0,0.0,0.0,0.0
2021,MISSOURI,MARIES,594.0062672420771,0.4519000883993076,1348.0739999999998,4.938000000000001,3055.12662,11.19094,147.82219348610454,0.0,19918.313328759745,9.837461384636873,20617.46778,75.52186,1760.0,0.0,1900.0,233000.0,0.0,132.4,0.0,0.0,0.0,0.0,0.0
2023,PENNSYLVANIA,CAMBRIA,0.0298337458671611,2.0251894557233057e-05,8318.59938,30.47106,3013.6251600000005,11.03892,0.0,0.0,24698.136625811818,12.200939320543826,15215.94984,55.73608,9920.0,4680.0,14800.0,1509000.0,80000.0,152.1,17.0,0.0,0.0,0.0,0.0
2022,LOUISIANA,RED RIVER,287.1805682512589,0.2184801627217832,2137.9722,7.8314,2412.05328,8.83536,9693.397011186,0.0,14932.829553055324,6.853506294291285,8444.3541,30.9317,4190.0,0.0,4300.0,541000.0,0.0,129.1,0.0,0.0,0.0,0.0,0.0
2022,NEBRASKA,SCOTTS BLUFF,88.31560566031433,0.0671803605235144,28293.04842,103.63754,19025.00964,69.68867999999999,0.0,0.0,27620.89189573889,13.644787503807631,105780.65316,387.47492,74400.0,0.0,76700.0,12306000.0,0.0,165.4,0.0,0.0,0.0,0.0,0.0
2021,ARKANSAS,LOGAN,1529.1180344500797,1.1633401113438542,1505.49672,5.51464,3358.67532,12.30284,207.67521090140207,0.0,26981.504567820808,13.325902896712194,14956.463339999998,54.78558,2050.0,0.0,2200.0,331000.0,0.0,161.5,0.0,0.0,0.0,0.0,0.0
2022,ARKANSAS,LEE,9826.232954429874,7.4757000524859025,38436.3525,140.79250000000002,19720.90302,72.23774,126406.54457683202,0.0,22823.69904798425,11.27496261656364,80990.60424,296.66888000000006,38800.0,0.0,39500.0,7000000.0,0.0,180.4,0.0,0.0,0.0,0.0,0.0
2021,TEXAS,MILAM,187.01411509073543,0.1422601766400419,32469.3642,118.9354,35428.54224,129.77488,317.9183063913936,0.0,38474.15473041956,17.65392175994465,198203.90226,726.02162,35500.0,0.0,39200.0,3972000.0,0.0,111.9,0.0,0.0,0.0,0.0,0.0
2022,MISSOURI,RANDOLPH,1388.8574286807236,1.0566201678093945,17014.2609,62.3233,5898.63456,21.60672,0.0,0.0,18174.63803032449,8.341352567826585,23222.87604,85.06548,21400.0,0.0,22500.0,3749000.0,0.0,175.2,0.0,0.0,0.0,0.0,0.0
2023,WISCONSIN,CALUMET,15.97893318781421,0.0121601020245234,6815.86542,24.966539999999995,3913.28028,14.33436,0.0,0.0,11816.363407682957,5.423186590489062,29118.39294,106.66078,15900.0,29200.0,46000.0,2749000.0,569000.0,172.9,19.5,0.0,0.0,0.0,0.0
2022,INDIANA,JAY,14.96843302172935,0.0113801802684127,19021.26954,69.67498,6174.184380000001,22.61606,0.0,0.0,14209.262458608668,6.521421097811053,33622.5162,123.1594,75200.0,0.0,76500.0,13912000.0,0.0,185.0,0.0,0.0,0.0,0.0,0.0
2022,MINNESOTA,BROWN,105.3174253148135,0.0801202919107904,31340.2089,114.7993,11717.2965,42.9205,0.0,0.0,22806.60689942277,10.467220789019208,63075.03384,231.04408,151800.0,3600.0,156000.0,31665000.0,72000.0,208.6,20.0,0.0,0.0,0.0,0.0
2022,KANSAS,LEAVENWORTH,651.6256585387152,0.4957401335660563,17404.219559999998,63.75172,7293.3588,26.7156,0.0,0.0,16904.12257383507,8.350677499081065,30791.54442,112.78954,20000.0,0.0,21000.0,2584000.0,0.0,129.2,0.0,0.0,0.0,0.0,0.0
2022,MISSOURI,CASS,1389.3137309556218,1.0569801766244045,11714.81766,42.91142,10315.09206,37.78422,0.0,0.0,25250.782362040947,11.588988894513896,40231.55136,147.36831999999998,29200.0,0.0,31300.0,3265000.0,0.0,111.8,0.0,0.0,0.0,0.0,0.0
2021,SOUTH DAKOTA,FALL RIVER,0.0001043207171325,3.35596883834528e-07,980.9982,3.5934,1045.93944,3.83128,227.04033060981348,0.0,65467.06073223548,30.039655870766584,6640.703160000001,24.32492,2850.0,0.0,5100.0,315000.0,0.0,110.5,0.0,0.0,0.0,0.0,0.0
2022,IOWA,KEOKUK,887.1085757711897,0.6749201911129057,27760.87314,101.68818,12356.3349,45.261300000000006,0.0,0.0,21712.71020192068,9.965170733803706,62680.70718,229.59966,114600.0,2350.0,118500.0,19528000.0,44700.0,170.4,19.0,0.0,0.0,0.0,0.0
2021,MICHIGAN,INGHAM,15.996747759521678,0.0121600895500146,14173.37922,51.91714,4847.12046,17.75502,435.6741918270054,0.0,18111.185298814373,8.310343670587043,33921.15635999999,124.25332,44300.0,0.0,52100.0,7726000.0,0.0,174.4,0.0,0.0,0.0,0.0,0.0
2023,COLORADO,SEDGWICK,0.0097816675941601,1.9074228685214882e-07,10074.8193,36.9041,5749.00872,21.05864,0.0,0.0,20652.997763395004,10.202630923790474,41459.5545,151.86649999999997,65400.0,0.0,71100.0,7462000.0,0.0,114.1,0.0,0.0,0.0,0.0,0.0
2021,NORTH DAKOTA,NELSON,4991.603175149878,3.7975600388708415,21252.52584,77.84808,5220.43158,19.12246,144.80380380056943,0.0,36957.76338624569,18.25308017671278,54355.78512,199.10544,37500.0,1400.0,39400.0,3960000.0,18200.0,105.6,13.0,104300.0,106000.0,4120000.0,39.5
2022,KENTUCKY,MARION,5.064424234472224e-05,1.723255727222172e-07,2064.0438,7.5606,3888.54102,14.24374,0.0,0.0,13058.391963170776,6.450877261728921,18507.12318000001,67.79166000000001,14300.0,0.0,15400.0,2080000.0,0.0,145.5,0.0,0.0,0.0,0.0,0.0
2023,PENNSYLVANIA,CLINTON,23.37171846132248,0.0177803365416273,1992.85632,7.29984,1358.8848,4.9776,0.0,0.0,33255.599433230724,15.262844809572188,9479.30256,34.722719999999995,4340.0,4090.0,8500.0,743000.0,88000.0,171.2,21.5,0.0,0.0,0.0,0.0
2022,WISCONSIN,DANE,567.2466631189277,0.4315604254345739,31467.317700000003,115.2649,16325.7003,59.801100000000005,0.0,0.0,40126.63812471425,18.416346746568863,95933.07906,351.40322,143700.0,35500.0,181000.0,28360000.0,941000.0,197.4,26.5,0.0,0.0,0.0,0.0
2021,MISSOURI,BATES,5347.851790981908,4.068580027977744,23977.513560000003,87.82972,13427.33574,49.18438,242.2735714043825,0.0,31906.926062589017,15.758520707171131,59287.28988,217.16956,71700.0,0.0,74800.0,10974000.0,0.0,153.1,0.0,0.0,0.0,0.0,0.0
2022,INDIANA,MADISON,36.93503413297417,0.0281001834073029,25047.81552,91.75024,9405.45606,34.452220000000004,0.0,0.0,15251.882758218451,7.534467027872603,50546.5779,185.1523,82700.0,0.0,83600.0,15903000.0,0.0,192.3,0.0,0.0,0.0,0.0,0.0
2022,IOWA,WRIGHT,519.2244002936338,0.3950202032998096,35557.19622,130.24614,13647.3519,49.9903,0.0,0.0,21678.5259206316,9.94948166522175,79710.7584,291.9808,171500.0,0.0,173500.0,35964000.0,0.0,209.7,0.0,0.0,0.0,0.0,0.0
2022,OHIO,OTTAWA,8.489316204525698,0.0064601230627493,9645.46674,35.33138,2325.70338,8.51906,0.0,0.0,9657.056882448447,4.432160689508958,11280.15252,41.31924,16800.0,0.0,17600.0,3123000.0,0.0,185.9,0.0,0.0,0.0,0.0,0.0
2023,OHIO,GREENE,65.72109179370541,0.0499801067887863,17359.68234,63.58858,6622.54866,24.25842,0.0,0.0,13348.958275031337,6.126579643537172,44354.56116,162.47092,56500.0,0.0,58900.0,12114000.0,0.0,214.4,0.0,0.0,0.0,0.0,0.0
2022,KANSAS,OSAGE,963.8400275627376,0.7332803001254483,14613.51528,53.52936,4546.6402800000005,16.654359999999997,0.0,0.0,26846.04840180201,13.262012940865024,17489.00244,64.06228,26200.0,0.0,27200.0,2141000.0,0.0,81.7,0.0,0.0,0.0,0.0,0.0
2021,NORTH CAROLINA,CATAWBA,2.14382525639801e-05,6.896627010515024e-08,820.61616,3.00592,2024.66082,7.41634,451.5213880816021,0.0,13453.69760845526,6.6446505042503565,9675.78066,35.44242,4050.0,0.0,4200.0,557000.0,0.0,137.5,0.0,0.0,0.0,0.0,0.0
2021,KENTUCKY,CHRISTIAN,838.0817643310513,0.6376000760659781,20561.90682,75.31834,8742.066060000001,32.022220000000004,322.4586453732018,0.0,26422.834080692555,13.049980972342974,55744.50882,204.19234,77500.0,0.0,82500.0,15800000.0,0.0,203.9,0.0,0.0,0.0,0.0,0.0
2023,IOWA,IOWA,740.8753468641339,0.5636400691672391,27908.94288000001,102.23056,12609.38952,46.18824,0.0,0.0,22031.763396334223,10.88374448630765,83312.60028000001,305.17436,116700.0,0.0,119000.0,24915000.0,0.0,213.5,0.0,0.0,0.0,0.0,0.0
2022,GEORGIA,BEN HILL,9060.726427173337,6.893280026157442,1132.09824,4.14688,6362.7018,23.306600000000003,0.0,0.0,9383.582706656594,4.635512587357316,35678.14614,130.68918000000002,3810.0,0.0,4100.0,716000.0,0.0,187.9,0.0,0.0,0.0,0.0,0.0
2022,NEBRASKA,SARPY,158.13866110005725,0.1203000713456197,9844.3254,36.0598,5104.22094,18.69678,0.0,0.0,7235.670939237017,3.574438971270018,25147.59702,92.11574,27900.0,0.0,28500.0,4375000.0,0.0,156.8,0.0,0.0,0.0,0.0,0.0
2021,SOUTH CAROLINA,CLARENDON,79.6173965766254,0.0605801186969771,8927.12184,32.70008000000001,9772.258860000002,35.795820000000006,288.3753075754489,0.0,23532.569382255097,10.797953628759815,63026.66916,230.86692,40000.0,0.0,41400.0,6340000.0,0.0,158.5,0.0,0.0,0.0,0.0,0.0
2023,MISSOURI,OSAGE,507.4925442435576,0.3860802202780863,5379.42132,19.70484,5134.94436,18.809320000000003,0.0,0.0,22778.120006556,11.252446459689958,30005.369940000004,109.90978,9920.0,0.0,10700.0,1124000.0,0.0,113.3,0.0,0.0,0.0,0.0,0.0
2023,MISSISSIPPI,CARROLL,702.5776090396041,0.5345201686139449,7325.720220000001,26.83414,4927.27872,18.04864,699.34100058,0.0,23980.266912669496,11.00587866759244,28001.27694,102.56878,12800.0,0.0,13200.0,2358000.0,0.0,184.2,0.0,0.0,0.0,0.0,0.0
2021,OKLAHOMA,CADDO,541.7603807369256,0.4121801203369177,13195.455,48.335,8567.575379999998,31.38306,552.3532640388984,0.0,47675.11572525613,23.54627634449933,44989.6356,164.7972,6510.0,0.0,7300.0,504000.0,0.0,77.4,0.0,0.0,0.0,0.0,0.0
2021,GEORGIA,SCREVEN,6882.429244531366,5.236080012532352,2012.10828,7.37036,7783.00068,28.50916,202.2376050544557,0.0,24627.107491719085,12.163089061124497,49315.35336000001,180.64232,7380.0,0.0,7900.0,1325000.0,0.0,179.5,0.0,0.0,0.0,0.0,0.0
2021,MINNESOTA,JACKSON,419.23492083324265,0.3189401350832244,36438.30918,133.47366,12544.55748,45.95076,237.59769655648856,0.0,26400.031201365044,12.113692647820614,97702.62684,357.88508,185600.0,1990.0,190000.0,35190000.0,36800.0,189.6,18.5,0.0,0.0,0.0,0.0
2022,NEBRASKA,BUTLER,171.83095948394237,0.1307402715269738,28875.55398,105.77126,21773.75382,79.75734,0.0,0.0,22026.066018225705,10.1089871519694,109381.88898,400.66626,146300.0,0.0,151500.0,24886000.0,0.0,170.1,0.0,0.0,0.0,0.0,0.0
2022,NORTH DAKOTA,HETTINGER,46.090666645213375,0.0350605674263076,6622.346640000001,24.25768,2605.44102,9.54374,0.0,0.0,42998.11698749564,19.73422815612196,23156.94108,84.82396,28400.0,0.0,35000.0,2002000.0,0.0,70.5,0.0,218500.0,219500.0,10591000.0,48.5
2022,NORTH DAKOTA,GRANT,0.7011624575549077,0.0005408250124386,4034.49228,14.77836,1565.17452,5.73324,0.0,0.0,62517.33638810773,30.883715614244508,14444.82858,52.911460000000005,50000.0,0.0,75400.0,3668000.0,0.0,73.4,0.0,93400.0,93900.0,3301000.0,35.3
2021,ILLINOIS,WOODFORD,189.8220856126012,0.1444200857574898,29704.6113,108.8081,12269.7393,44.944100000000006,362.58418603028406,0.0,19353.94211504084,8.880584440112084,77005.06632000001,282.06984000000006,116000.0,0.0,117500.0,25543000.0,0.0,220.2,0.0,0.0,0.0,0.0,0.0
2022,INDIANA,CLAY,213.96441525781395,0.1627801190332228,16075.9599,58.886300000000006,6407.70858,23.47146,0.0,0.0,13303.379247112707,6.105660891761551,33990.90786,124.50882,51100.0,0.0,52300.0,9878000.0,0.0,193.3,0.0,0.0,0.0,0.0,0.0
2022,VIRGINIA,AUGUSTA,1468.1555594707847,1.116980277104405,2547.18828,9.33036,12803.8365,46.9005,0.0,0.0,35722.5643981144,16.395072285587734,61554.69684,225.47508,13500.0,0.0,22000.0,2590000.0,0.0,191.9,0.0,0.0,0.0,0.0,0.0
2021,VIRGINIA,FREDERICK,5.9232832829156274,0.0045000750446532,1038.7486199999998,3.80494,4140.711120000001,15.16744,323.85794481959374,0.0,14639.447227961802,6.717331616045562,24846.88752,91.01424,3300.0,0.0,4300.0,516000.0,0.0,156.4,0.0,0.0,0.0,0.0,0.0
2022,NEW YORK,TOMPKINS,12.777546169258608,0.0097202245861015,4522.07574,16.56438,3514.52556,12.87372,0.0,0.0,17621.992295112217,8.087712692588362,21081.34392,77.22104,5410.0,8140.0,13600.0,777000.0,130000.0,143.6,16.0,0.0,0.0,0.0,0.0
2022,OHIO,COSHOCTON,0.4271015107274328,0.000320277359964,6631.69962,24.29194,4816.0203,17.641099999999998,0.0,0.0,21017.629998742894,9.64615975664154,26479.37292,96.99404,22300.0,0.0,24700.0,3693000.0,0.0,165.6,0.0,0.0,0.0,0.0,0.0
2021,OKLAHOMA,GRADY,269.07521597438927,0.2047201828324188,3799.20996,13.916519999999998,4531.7181,16.5997,390.2884033367744,0.0,41170.59497477681,18.89118728111832,19797.403080000004,72.51796,3580.0,0.0,4100.0,441000.0,0.0,123.2,0.0,0.0,0.0,0.0,0.0
2022,SOUTH CAROLINA,OCONEE,9.410725486055436e-05,3.202158002636348e-07,448.52808,1.6429599999999998,1232.56224,4.51488,0.0,0.0,24265.13585063422,11.987035888729087,4542.98208,16.64096,860.0,0.0,900.0,80400.0,0.0,93.5,0.0,0.0,0.0,0.0,0.0
2023,NEW YORK,BROOME,7.481774170766223e-05,2.3141643521674843e-07,856.45014,3.13718,1876.7658,6.8746,0.0,0.0,25057.0714958926,11.50008420061758,15954.90078,58.44286,1160.0,5340.0,6600.0,191700.0,123000.0,165.3,23.0,0.0,0.0,0.0,0.0
2023,NORTH CAROLINA,DUPLIN,2677.013072350948,2.036620111969172,23596.4001,86.4337,14186.53236,51.96532,0.0,0.0,30600.62095604799,14.044327472323348,85448.16462,312.99694,50500.0,0.0,51900.0,7007000.0,0.0,138.8,0.0,0.0,0.0,0.0,0.0
2023,ALABAMA,COLBERT,326.9240257345201,0.2487201340135083,4593.74916,16.826919999999998,2948.69484,10.80108,0.0,0.0,22385.00088162432,11.058244659703796,23772.49056,87.07872,15700.0,0.0,16200.0,2700000.0,0.0,172.0,0.0,0.0,0.0,0.0,0.0
2021,ALABAMA,WILCOX,29.31119341812319,0.0223001713562352,402.25458,1.4734600000000002,1384.40484,5.07108,201.07068041969487,0.0,34210.0166765557,15.697315822686823,9676.79076,35.44611999999999,1930.0,0.0,2000.0,267000.0,0.0,138.3,0.0,0.0,0.0,0.0,0.0
2022,MISSISSIPPI,CLAIBORNE,181.8594441845784,0.1383601480075648,2679.09096,9.81352,2414.61402,8.844739999999998,978.07779936,0.0,18556.362396569657,8.516547117355898,10808.02086,39.58982,2340.0,0.0,2400.0,375000.0,0.0,160.3,0.0,0.0,0.0,0.0,0.0
2022,TEXAS,JACKSON,2085.792122813016,1.5868602143152497,31791.06294,116.45078,18187.04706,66.61922000000001,101782.798425378,0.0,31654.636011584265,15.637466868152694,98576.78922,361.08714,68600.0,0.0,77800.0,3924000.0,0.0,57.2,0.0,0.0,0.0,0.0,0.0
2023,MICHIGAN,OTTAWA,3.755153046398362,0.0028601811629222,9546.20394,34.967780000000005,5051.548320000001,18.50384,0.0,0.0,17946.742880853355,8.23675880441493,41125.41342,150.64254,29500.0,0.0,38300.0,5325000.0,0.0,180.5,0.0,0.0,0.0,0.0,0.0
2021,PENNSYLVANIA,COLUMBIA,0.0097487417638251,9.246155876576468e-08,8466.09036,31.01132,3800.76606,13.92222,462.7069459086448,0.0,18037.07595240993,8.90833652653679,24380.94204,89.30748,19900.0,0.0,22400.0,3351000.0,0.0,168.4,0.0,0.0,0.0,0.0,0.0
2021,GEORGIA,CHATTOOGA,1.843144680405449e-05,5.929345850010531e-08,611.4381,2.2397,1590.15948,5.82476,207.953919679258,0.0,11566.759513072991,5.71271011642038,11160.567599999998,40.8812,1340.0,0.0,1500.0,226000.0,0.0,168.7,0.0,0.0,0.0,0.0,0.0
2022,NEW YORK,CHAUTAUQUA,0.0017717338621827,5.163000469836564e-07,7658.08134,28.05158,5958.51984,21.82608,0.0,0.0,39123.89947476931,17.956134191104404,38486.721000000005,140.977,11500.0,12600.0,24200.0,1617000.0,221000.0,140.6,17.5,0.0,0.0,0.0,0.0
2023,KANSAS,WILSON,2301.0218028209656,1.7505800772420026,8486.95848,31.08776,5075.53956,18.59172,0.0,0.0,21439.236020027703,9.83965821654966,17377.946040000003,63.65548,42300.0,0.0,43200.0,4285000.0,0.0,101.3,0.0,0.0,0.0,0.0,0.0
2022,TEXAS,MOORE,251.1181536280081,0.1910603161007203,26362.52892,96.56604,23291.08782,85.31534,0.0,0.0,33717.08710388986,15.47464717725896,116459.08092,426.59004,29900.0,0.0,50600.0,4359000.0,0.0,145.8,0.0,0.0,0.0,0.0,0.0
2022,OHIO,BUTLER,18.708404909386186,0.0142401524093623,8721.73302,31.94774,3834.74364,14.04668,0.0,0.0,12403.193413434728,5.692515529375652,18060.51156,66.15572,22800.0,0.0,24200.0,3837000.0,0.0,168.3,0.0,0.0,0.0,0.0,0.0
2021,NEBRASKA,ROCK,6.116260783770294e-05,1.9675843074811146e-07,5981.16246,21.90902,5176.48404,18.96148,49.81950560659469,0.0,38382.943215042666,17.612069223680965,37512.19836,137.40732,23600.0,0.0,24300.0,4609000.0,0.0,195.3,0.0,0.0,0.0,0.0,0.0
2021,INDIANA,ST. JOSEPH,138.24775322151137,0.1051800400426081,18343.43784,67.19207999999999,8932.18872,32.71864,371.4634446607938,0.0,13584.814153905229,6.23341169875823,59086.47654,216.43398,66500.0,0.0,68100.0,10840000.0,0.0,163.0,0.0,0.0,0.0,0.0,0.0
2022,ARKANSAS,PRAIRIE,15892.38984,12.0907,40465.96008,148.22696,19866.2919,72.7703,284136.304522752,0.0,25216.598089322484,12.457060539410309,72296.5152,264.8224,27600.0,0.0,27900.0,5200000.0,0.0,188.4,0.0,0.0,0.0,0.0,0.0
2023,GEORGIA,SCREVEN,6624.127391475146,5.039560036779313,1927.75128,7.0613600000000005,7633.1892,27.9604,0.0,0.0,24612.675954619983,12.158721541959885,51863.56812,189.97644,9360.0,0.0,9600.0,1560000.0,0.0,166.7,0.0,0.0,0.0,0.0,0.0
2023,NORTH CAROLINA,STANLY,4.443472971405884e-05,1.517759131780598e-07,9101.312220000002,33.33814,4682.8782,17.1534,0.0,0.0,14881.553144122892,7.351523301443536,28053.037740000003,102.75838,12700.0,0.0,13100.0,1529000.0,0.0,120.4,0.0,0.0,0.0,0.0,0.0
2021,NEBRASKA,FRANKLIN,48.904951968806856,0.037200103982393,20762.07588,76.05156,16373.344260000002,59.97562,151.61950111765657,0.0,21600.025529671304,10.66804269759638,97872.2199,358.5063,95000.0,0.0,97800.0,19846000.0,0.0,208.9,0.0,0.0,0.0,0.0,0.0
2021,GEORGIA,TIFT,24471.61614330505,18.61770001161925,1944.7428,7.1236,8834.6895,32.3615,198.911680140654,0.0,9679.821416818622,4.780769728159685,53640.896400000005,196.4868,3370.0,0.0,3600.0,650000.0,0.0,192.9,0.0,0.0,0.0,0.0,0.0
2021,INDIANA,HARRISON,74.99090830641973,0.0570600916038664,8587.77738,31.45706,4347.65058,15.92546,340.5264422493314,0.0,18299.30903749588,9.037850898849747,22465.5522,82.2914,23000.0,0.0,23500.0,4333000.0,0.0,188.4,0.0,0.0,0.0,0.0,0.0
2022,INDIANA,WASHINGTON,16.283652894218314,0.0123802477589826,10832.60724,39.67988,5208.39774,19.07838,0.0,0.0,19422.36396246818,9.594694845113732,23235.15012,85.11044,38300.0,0.0,38800.0,6894000.0,0.0,180.0,0.0,0.0,0.0,0.0,0.0
2021,ARKANSAS,WHITE,5795.347323425394,4.409040006741312,20188.48104,73.95048,11054.9712,40.4944,33951.369135618,0.0,38696.48278329578,19.11181678984268,44197.16028,161.89436,6650.0,0.0,6800.0,1232000.0,0.0,185.3,0.0,0.0,0.0,0.0,0.0
2021,INDIANA,POSEY,354.0101518313693,0.2693400364175919,27865.01718,102.06966,12773.04756,46.78772,239.5601142636048,0.0,15272.227074575989,7.542804534890907,70680.67734000001,258.90358,79100.0,0.0,80100.0,17404000.0,0.0,220.0,0.0,0.0,0.0,0.0,0.0
2021,NORTH DAKOTA,BURLEIGH,40.8644168702272,0.0310803118296478,4856.653620000001,17.789939999999998,1587.20562,5.8139400000000006,267.44781223697777,0.0,61031.90110623524,30.14306284140327,21131.73972,77.40564,44700.0,24500.0,84100.0,2414000.0,125000.0,54.0,5.1,39600.0,44900.0,693000.0,17.5
2022,NEBRASKA,BOYD,5.7706987103776655,0.0043802678924846,4572.12756,16.747719999999997,2720.9091,9.9667,0.0,0.0,20316.852422017902,10.036574310890405,17495.74008,64.08696,25500.0,0.0,40200.0,2315000.0,0.0,90.8,0.0,0.0,0.0,0.0,0.0
2023,NORTH CAROLINA,CRAVEN,226.4588413779919,0.1722802078433998,9655.86804,35.36948,3959.91414,14.50518,0.0,0.0,24703.834015977303,11.337963868139548,26697.22692,97.79204,17100.0,0.0,17600.0,2360000.0,0.0,138.0,0.0,0.0,0.0,0.0,0.0
2023,SOUTH DAKOTA,CLAY,154.91025431461105,0.1178601161386959,13568.64054,49.701980000000006,7073.75214,25.91118,0.0,0.0,15570.935964311271,7.146368828510432,51403.47576,188.29112,105900.0,0.0,107500.0,18596000.0,0.0,175.6,0.0,0.0,0.0,0.0,0.0
2021,NORTH DAKOTA,BOTTINEAU,4640.330655673673,3.530320036779416,23339.92206,85.49422,6804.9345,24.9265,249.79396050616103,0.0,63887.96148190232,31.553643305425226,85755.63906,314.12322,39100.0,0.0,45800.0,2940000.0,0.0,75.2,0.0,237000.0,240000.0,9859000.0,41.6
2022,MINNESOTA,MILLE LACS,2.317646119559014,0.0017602930737706,12585.316379999998,46.10006,4587.1644,16.8028,0.0,0.0,22208.38214762252,10.19266216720563,24112.26636,88.32332000000001,19600.0,1020.0,20800.0,2973000.0,15400.0,151.7,15.0,0.0,0.0,0.0,0.0
2023,OHIO,PIKE,435.2311509071538,0.3311200884077976,3105.61524,11.37588,1689.9792,6.1904,0.0,0.0,16567.97723245797,7.603966538484524,10404.7398,38.1126,12500.0,0.0,12900.0,2236000.0,0.0,178.9,0.0,0.0,0.0,0.0,0.0
2022,LOUISIANA,BEAUREGARD,0.0001689246215862,5.747945040543118e-07,2007.17244,7.35228,2586.42384,9.47408,5532.44056092,0.0,43556.46009844861,19.9904828740704,13678.30464,50.10368,880.0,0.0,900.0,112500.0,0.0,127.8,0.0,0.0,0.0,0.0,0.0
2022,MICHIGAN,CLINTON,172.9204239621267,0.1315602160672183,30141.20382,110.40734,10658.21484,39.04108,0.0,0.0,21017.62999031753,10.382760127155027,30792.31974,112.79238,47700.0,0.0,75700.0,7706000.0,0.0,161.6,0.0,0.0,0.0,0.0,0.0
2021,KENTUCKY,ALLEN,28.30489834072061,0.0215000580245832,4063.65414,14.88518,5248.27758,19.22446,195.21291675650684,0.0,13105.95373105107,6.013685898458391,35561.43318,130.26166,7300.0,0.0,8000.0,1244000.0,0.0,170.4,0.0,0.0,0.0,0.0,0.0
2023,MISSOURI,CALLAWAY,1825.5531176995576,1.3888402384889815,22249.46724,81.49988,8673.87066,31.772420000000004,0.0,0.0,31534.9910576507,14.473161897157558,44211.19248,161.94575999999998,34700.0,0.0,36200.0,4907000.0,0.0,141.4,0.0,0.0,0.0,0.0,0.0
2023,ILLINOIS,JERSEY,500.0624704546575,0.3804401047703106,17343.49344,63.52928000000001,7939.795500000001,29.0835,0.0,0.0,13736.38002795563,6.304389040796967,51181.32474,187.47738,56200.0,0.0,57000.0,11347000.0,0.0,201.9,0.0,0.0,0.0,0.0,0.0
2021,NEBRASKA,DAKOTA,124.900392358419,0.095040040877736,11904.62364,43.60668,6139.8191400000005,22.49018,223.1597330473816,0.0,9776.733644004076,4.828633735362519,39992.72004,146.49348,60500.0,0.0,62200.0,11531000.0,0.0,190.6,0.0,0.0,0.0,0.0,0.0
2023,OHIO,WOOD,58.75163386560149,0.0446801603308962,32421.4527,118.7599,10341.44748,37.88076,0.0,0.0,21729.802331597737,9.9730152630611,69222.42054,253.56198,91500.0,0.0,95200.0,20002000.0,0.0,218.6,0.0,0.0,0.0,0.0,0.0
2022,MICHIGAN,WASHTENAW,29.340987648082542,0.0223202980475742,16638.05598,60.94526,6607.45722,24.20314,0.0,0.0,23245.305066509023,11.48323701098986,36563.04834,133.93058,28900.0,0.0,33300.0,4792000.0,0.0,165.8,0.0,0.0,0.0,0.0,0.0
2023,PENNSYLVANIA,LYCOMING,92.31163071581923,0.0702404475322391,7082.59188,25.94356,4022.0544,14.7328,0.0,0.0,45732.85876774138,22.592143011998285,31855.2507,116.6859,12700.0,0.0,17000.0,1779000.0,0.0,140.1,0.0,0.0,0.0,0.0,0.0
2023,CALIFORNIA,FRESNO,406801.05966,309.48888,92989.00884,340.61908,155133.5604,568.2548,0.0,0.0,218374.82794510416,100.22435818470387,546289.1015400001,2001.05898,0.0,22700.0,0.0,0.0,488000.0,0.0,21.5,0.0,0.0,0.0,0.0
2021,VIRGINIA,CAROLINE,41.886211253948105,0.0318601010531194,3086.7018,11.3066,1203.3130199999998,4.40774,225.4334383716811,0.0,19713.08742992853,9.045378789303207,7001.94768,25.64816,11100.0,0.0,13600.0,1740000.0,0.0,156.8,0.0,0.0,0.0,0.0,0.0
2022,IOWA,APPANOOSE,1120.8934772085006,0.8527601957085428,14062.21362,51.50994,6397.0179,23.4323,0.0,0.0,18932.389397925406,9.35264622334246,30394.5915,111.3355,28300.0,1350.0,30000.0,4135000.0,23600.0,146.1,17.5,0.0,0.0,0.0,0.0
2023,GEORGIA,BURKE,5414.139045213376,4.119000151419107,2294.63052,8.40524,8348.96244,30.58228,0.0,0.0,31329.885427586305,15.477039292999956,55373.44722,202.83314,22900.0,0.0,24300.0,4135000.0,0.0,180.6,0.0,0.0,0.0,0.0,0.0
2021,WISCONSIN,LAFAYETTE,103.94643606153168,0.0790801183594585,21718.60236,79.55532,10883.46714,39.86618,252.7978853398533,0.0,23600.978002359585,11.65629367837309,71010.77802,260.11274000000003,108200.0,22900.0,134000.0,22819000.0,538000.0,210.9,23.5,0.0,0.0,0.0,0.0
2023,LOUISIANA,WEST CARROLL,6378.561913130711,4.852740031731401,50883.80388000001,186.38756,19897.605,72.885,6210.921936600001,0.0,13474.300607654468,6.184106213603596,78259.35936,286.66432,43600.0,0.0,44000.0,8230000.0,0.0,188.8,0.0,0.0,0.0,0.0,0.0
2022,NEBRASKA,RED WILLOW,19.37248279320948,0.0147203498257351,13339.058459999998,48.86102,9908.59506,36.29522,0.0,0.0,26817.561503705703,13.24794034420037,55387.87254,202.88598,79000.0,0.0,104000.0,9930000.0,0.0,125.7,0.0,0.0,0.0,0.0,0.0
2023,INDIANA,STARKE,52.21785003773511,0.0397201022250978,15317.79522,56.10914,8183.0658,29.9746,0.0,0.0,11611.257775439586,5.329052204465288,59720.2242,218.7554,52900.0,0.0,54200.0,9998000.0,0.0,189.0,0.0,0.0,0.0,0.0,0.0
2023,MISSISSIPPI,MONROE,2381.9614163414617,1.8121601932747968,5648.468280000001,20.69036,5123.45106,18.76722,0.0,0.0,28954.078511712443,14.3033849215357,30076.97238,110.17206,11500.0,0.0,11700.0,1817000.0,0.0,158.0,0.0,0.0,0.0,0.0,0.0
2021,ARKANSAS,CROSS,36836.26464099473,28.02454,46911.60474,171.83738,21697.29744,79.47728,269688.979455336,0.0,23344.44563296305,10.711632773254095,95669.56308,350.43796,23800.0,0.0,24400.0,4620000.0,0.0,194.1,0.0,0.0,0.0,0.0,0.0
2023,TENNESSEE,BLEDSOE,336.42003311800755,0.2559600970224863,286.27325999999994,1.04862,1113.92736,4.08032,0.0,0.0,15223.395868547495,7.520394435370098,4388.0928,16.073600000000003,3090.0,0.0,3400.0,530000.0,0.0,171.5,0.0,0.0,0.0,0.0,0.0
2023,SOUTH DAKOTA,BRULE,35.48403014255992,0.0270002772270418,10663.61478,39.060860000000005,5234.57298,19.17426,0.0,0.0,31153.26669111501,14.297967347494902,46118.33772,168.93164,82500.0,0.0,98000.0,10758000.0,0.0,130.4,0.0,0.0,0.0,0.0,0.0
2022,MICHIGAN,MACOMB,3.082354886364424,0.0023401186389648,7073.09148,25.90876,2085.6381,7.6397,0.0,0.0,9132.89804475142,4.511673757131574,9607.519740000002,35.19238,8500.0,0.0,10200.0,1340000.0,0.0,157.6,0.0,0.0,0.0,0.0,0.0
2021,GEORGIA,LAURENS,24.54184607694804,0.0186801480444759,1412.30544,5.17328,4878.056820000001,17.868340000000003,473.222066225376,0.0,30584.359183978,14.033677618006095,29657.31678,108.63486,5330.0,0.0,5700.0,896000.0,0.0,168.1,0.0,0.0,0.0,0.0,0.0
2023,NORTH CAROLINA,CHATHAM,7.616167111969899e-05,2.355733015778274e-07,846.39282,3.10034,2495.3565,9.1405,0.0,0.0,25507.164409608395,12.600601005483254,14792.270220000002,54.18414,3100.0,0.0,4100.0,364000.0,0.0,117.4,0.0,0.0,0.0,0.0,0.0
2023,MINNESOTA,WILKIN,1057.2561485909123,0.8043601656619823,53065.33596,194.37852,17714.522279999997,64.88836,0.0,0.0,28298.87996735119,13.979715253504722,40624.79148,148.80876,132300.0,0.0,140500.0,18847000.0,0.0,142.5,0.0,62300.0,64200.0,2764000.0,44.4
2022,KANSAS,ELK,170.6970238464433,0.1298602881228958,766.12536,2.80632,1337.73822,4.90014,0.0,0.0,24418.96506877373,12.063027895117347,4256.98182,15.59334,4510.0,0.0,4600.0,369000.0,0.0,81.8,0.0,0.0,0.0,0.0,0.0
2023,ILLINOIS,FRANKLIN,553.9413961217672,0.4214401090737387,21583.56564,79.06068,7578.2889,27.7593,0.0,0.0,15525.35693706087,7.125450077041497,45199.4907,165.56590000000003,39400.0,0.0,39900.0,6844000.0,0.0,173.7,0.0,0.0,0.0,0.0,0.0
2022,TENNESSEE,LAUDERDALE,5835.637871830916,4.439660041100418,18559.2498,67.9826,5972.80866,21.87842,0.0,0.0,17872.676964135364,8.20276583445463,27221.86194,99.71378,13400.0,0.0,14300.0,1821000.0,0.0,135.9,0.0,0.0,0.0,0.0,0.0
2021,PENNSYLVANIA,GREENE,3.421944805032097e-05,1.10083025192677e-07,405.99468,1.48716,1872.00468,6.85716,346.43316744464994,0.0,21474.609697003743,9.853655839162824,11679.79176,42.78312,760.0,0.0,900.0,113900.0,0.0,149.9,0.0,0.0,0.0,0.0,0.0
2023,ILLINOIS,MACOUPIN,866.0263870127393,0.6588802319421195,50414.28756,184.66772,23206.46874,85.00538,0.0,0.0,32081.939415480792,15.848555784753591,150804.66491999998,552.39804,175800.0,0.0,178000.0,35037000.0,0.0,199.3,0.0,0.0,0.0,0.0,0.0
2021,MINNESOTA,TRAVERSE,490.3889693026298,0.3730800955789436,19168.5585,70.2145,6688.871279999999,24.50136,156.0061635274367,0.0,21748.244225881383,9.979213440037308,33146.09844,121.41428,146200.0,3390.0,151500.0,26243000.0,68000.0,179.5,20.0,6530.0,6800.0,343000.0,52.5
2021,ALABAMA,BALDWIN,8564.807217461075,6.5160001725483605,4668.087060000001,17.09922,10456.16208,38.30096,575.8990585672859,0.0,59019.54718414474,29.1491807955674,45922.7769,168.21529999999998,7650.0,0.0,7800.0,1180000.0,0.0,154.2,0.0,0.0,0.0,0.0,0.0
2021,MISSISSIPPI,WALTHALL,2.437238628042089e-05,7.840529774085772e-08,0.0,0.0,4324.44012,15.84044,138.018623204514,0.0,15295.029948670905,7.018146699305065,23974.314,87.818,1100.0,0.0,1700.0,155800.0,0.0,141.6,0.0,0.0,0.0,0.0,0.0
2021,IOWA,DAVIS,839.3098474560006,0.6385400921069599,15837.598139999998,58.01318,6783.2037,24.8469,150.4845093406436,0.0,18892.1838517986,8.66870599058136,37511.77794,137.40578,46300.0,3450.0,50300.0,7061000.0,61000.0,152.5,17.5,0.0,0.0,0.0,0.0
2022,ILLINOIS,STEPHENSON,197.2851795742405,0.1500802719815939,19732.92594,72.28178,9817.22196,35.960519999999995,0.0,0.0,20863.800770202422,9.575558965123609,55361.86656,202.79072,150800.0,0.0,156500.0,31623000.0,0.0,209.7,0.0,0.0,0.0,0.0,0.0
2022,KENTUCKY,KNOX,5.5858919998331904e-05,1.900693925843714e-07,95.51178,0.34986,473.109,1.733,0.0,0.0,14402.973333327634,7.115103715625553,1153.8126599999998,4.22642,190.0,0.0,200.0,27600.0,0.0,145.3,0.0,0.0,0.0,0.0,0.0
2021,PENNSYLVANIA,SULLIVAN,2.7043083851620544e-05,8.699685852757924e-08,754.53924,2.76388,552.06606,2.0222200000000004,74.96243450918062,0.0,16971.04143418376,7.787187002888879,4161.175200000001,15.2424,0.0,830.0,0.0,0.0,11600.0,0.0,14.0,0.0,0.0,0.0,0.0
2021,GEORGIA,BULLOCH,12655.502464662482,9.628140012894976,2760.3576,10.1112,9439.673880000002,34.57756,497.5071531130965,0.0,25339.69740522368,11.627156945927606,60658.30134,222.19158,3700.0,0.0,4000.0,588000.0,0.0,158.9,0.0,0.0,0.0,0.0,0.0
2021,MINNESOTA,FILLMORE,80.07635008323953,0.0609201621036399,26273.39988,96.23956,11587.0755,42.4435,267.9961361862204,0.0,32608.11454922065,14.962280705704709,76965.66696,281.92552,161700.0,12600.0,176500.0,32841000.0,328000.0,203.1,26.0,0.0,0.0,0.0,0.0
2022,CALIFORNIA,KERN,138518.40749953495,105.38302040221744,27766.69896,101.70952,100078.6059,366.5883,0.0,0.0,297944.41866753093,147.18526454575235,306824.85834,1123.90058,0.0,29800.0,0.0,0.0,790000.0,0.0,26.5,0.0,0.0,0.0,0.0
2022,IOWA,BUENA VISTA,144.79999887242275,0.1101602703822484,28829.66814,105.60318,10492.11072,38.43264,0.0,0.0,21536.09145005132,10.63888134415573,69105.80586000001,253.13482,158500.0,0.0,162000.0,31210000.0,0.0,196.9,0.0,0.0,0.0,0.0,0.0
2021,SOUTH DAKOTA,ROBERTS,343.3169914937233,0.2612001639184698,20277.9759,74.2783,7461.94176,27.33312,195.8741334478891,0.0,42253.73164573984,20.8687074332542,57367.79412,210.13844,0.0,0.0,0.0,0.0,0.0,0.0,0.0,12600.0,13000.0,593000.0,47.1
2022,NORTH CAROLINA,ALAMANCE,1.289815107652886,0.0009801875130794,950.7771,3.4826999999999995,3595.0005,13.1685,0.0,0.0,14209.26245991605,6.521421098411083,16559.38284,60.65708000000001,3110.0,0.0,3400.0,395000.0,0.0,127.0,0.0,0.0,0.0,0.0,0.0
2021,OKLAHOMA,BEAVER,3.216649246367476,0.0024403515818624,8519.02506,31.20522,5281.47984,19.34608,198.1767587954964,0.0,68585.35421348285,33.87363992575526,33655.418159999994,123.27992,6810.0,0.0,7700.0,1504000.0,0.0,220.9,0.0,0.0,0.0,0.0,0.0
2021,OHIO,DARKE,74.70890889761053,0.0568400903502896,29506.478820000004,108.08234,9640.26882,35.312340000000006,508.4963005636341,0.0,22375.323354277072,11.050954758736603,63092.5113,231.1081,123500.0,0.0,132000.0,22811000.0,0.0,184.7,0.0,0.0,0.0,0.0,0.0
2021,OKLAHOMA,OKLAHOMA,71.13398260797982,0.0541000703082802,1011.0828,3.7036,1952.07012,7.15044,660.5103672466648,0.0,18230.90040445523,8.365275120628654,7975.2036,29.2132,1860.0,0.0,2100.0,230000.0,0.0,123.7,0.0,0.0,0.0,0.0,0.0
2022,MICHIGAN,MUSKEGON,2.100605202432648,0.0016002218937188,3977.61,14.570000000000002,2339.24964,8.56868,0.0,0.0,16875.635686924146,8.336604907942018,15415.36542,56.46654,10100.0,0.0,13000.0,1697000.0,0.0,168.0,0.0,0.0,0.0,0.0,0.0
2023,WISCONSIN,JUNEAU,3.62852788080557,0.0027602716490248,15889.997759999998,58.20512,6460.1628,23.6636,0.0,0.0,29592.18492247449,13.581500070528486,37590.83874,137.69538,32500.0,6260.0,41200.0,4626000.0,122000.0,142.3,19.5,0.0,0.0,0.0,0.0
2022,IOWA,VAN BUREN,615.8608629248611,0.468540148655349,13188.86478,48.310860000000005,5792.86344,21.21928,0.0,0.0,18180.33541409833,8.981129733598134,27354.168660000003,100.19842,51300.0,2180.0,54200.0,7792000.0,36000.0,151.9,16.5,0.0,0.0,0.0,0.0
2021,IOWA,WAYNE,1280.1871376211789,0.9739600553628668,18339.2937,67.1769,7956.83616,29.145920000000004,349.8931485907403,0.0,19752.99245821381,9.75581101328128,44981.90424,164.76888,57300.0,0.0,58300.0,10142000.0,0.0,177.0,0.0,0.0,0.0,0.0,0.0
2021,PENNSYLVANIA,YORK,81.22054303866534,0.0618001400361365,19340.8761,70.8457,9435.18576,34.56112,834.6294309523922,0.0,29028.062804832764,14.33667812128635,62334.84348,228.33276,70400.0,10900.0,82700.0,12973000.0,234000.0,184.3,21.5,0.0,0.0,0.0,0.0
2022,MINNESOTA,BLUE EARTH,50.84428740005316,0.0386803658660131,36344.22792,133.12903999999995,12947.98596,47.42852,0.0,0.0,28127.958597948265,13.895279682989251,84172.99254,308.32598,176600.0,0.0,179000.0,38817000.0,0.0,219.8,0.0,290.0,300.0,14400.0,49.7
2022,LOUISIANA,OUACHITA,632.2630056174163,0.4810201526693,9814.43736,35.95032,5925.17016,21.70392,6244.7600563920005,0.0,21365.17009168853,10.55444577909412,24609.53586,90.14482,6650.0,0.0,7000.0,1111000.0,0.0,167.1,0.0,0.0,0.0,0.0,0.0
2022,NORTH CAROLINA,DURHAM,2.121686868847596,0.0016200914257836,328.4736,1.2032,411.26358,1.50646,0.0,0.0,6928.012490000376,3.422454952092397,1404.312,5.144,360.0,0.0,500.0,40100.0,0.0,111.4,0.0,0.0,0.0,0.0,0.0
2023,SOUTH CAROLINA,CALHOUN,1027.0854905720284,0.7814001037609742,2287.97478,8.38086,5999.448,21.976,0.0,0.0,14704.934405182095,6.748912531613,40165.33248,147.12576,9830.0,0.0,10200.0,1706000.0,0.0,173.6,0.0,0.0,0.0,0.0,0.0
2023,OHIO,PREBLE,0.6338269997461441,0.0004801453850864,19638.51162,71.93594,7643.44854,27.99798,0.0,0.0,15741.85732755496,7.776515652011993,50613.28272,185.39664,73100.0,0.0,74800.0,15419000.0,0.0,210.9,0.0,0.0,0.0,0.0,0.0
2021,NEBRASKA,NANCE,58.65374645283442,0.0446400857524651,18105.4419,66.32029999999999,13234.9035,48.4795,136.40582765369504,0.0,16771.51625269894,7.695634583667392,82318.10496000001,301.53152,87200.0,0.0,90000.0,17902000.0,0.0,205.3,0.0,0.0,0.0,0.0,0.0
2023,CALIFORNIA,KINGS,59519.94564551048,45.28198002018485,15661.50222,57.36814,58242.2022,213.3414,0.0,0.0,50632.60444469155,25.012629245283133,263180.64864,964.03168,0.0,45300.0,0.0,0.0,1110000.0,0.0,24.5,0.0,0.0,0.0,0.0
2022,OHIO,LAKE,2.1190152011715653e-05,7.210306468076297e-08,127.94418000000002,0.4686599999999999,646.48584,2.36808,0.0,0.0,5463.786166345745,2.699123601346584,2978.7849,10.9113,480.0,0.0,500.0,70400.0,0.0,146.7,0.0,0.0,0.0,0.0,0.0
2022,MICHIGAN,DELTA,0.0001692560629824,5.75922289282624e-07,4314.89604,15.80548,2635.64574,9.65438,0.0,0.0,43641.92078387638,21.559214582997058,5215.58856,19.10472,1130.0,0.0,2500.0,101400.0,0.0,89.7,0.0,0.0,0.0,0.0,0.0
2022,MISSOURI,PETTIS,1406.8870720234656,1.07034018362798,24198.84012,88.64044,12059.21808,44.17296,0.0,0.0,25176.716435444952,12.437358905787708,50118.39378,183.58386,58100.0,0.0,61800.0,7803000.0,0.0,134.3,0.0,0.0,0.0,0.0,0.0
2021,ILLINOIS,MENARD,214.5846112255456,0.163240034798006,18460.70226,67.62162000000001,8475.279540000001,31.04498,505.79432092681554,0.0,11908.802672026128,5.464371396841767,51214.90374,187.60038,75400.0,0.0,76400.0,15155000.0,0.0,201.0,0.0,0.0,0.0,0.0,0.0
2022,VIRGINIA,BEDFORD,14.042446629886705,0.0106803628679999,1217.9895,4.4615,6867.22218,25.15466,0.0,0.0,28788.854529569715,13.212807058624254,30359.73486,111.20782,500.0,0.0,1300.0,72000.0,0.0,144.0,0.0,0.0,0.0,0.0,0.0
2022,GEORGIA,TREUTLEN,0.5515489618711154,0.0004200985705,206.115,0.7549999999999999,873.99858,3.20146,0.0,0.0,7486.355602362416,3.698277802098553,4361.2842,15.9754,640.0,0.0,700.0,130200.0,0.0,203.4,0.0,0.0,0.0,0.0,0.0
2023,MISSOURI,JOHNSON,3356.644904875689,2.553660127943268,21503.87694,78.76878,13760.27016,50.40392,0.0,0.0,30794.331833817523,14.133232171553274,71088.82872,260.39864,48300.0,0.0,51300.0,6245000.0,0.0,129.3,0.0,0.0,0.0,0.0,0.0
2023,NEW YORK,CAYUGA,14.896516776232414,0.0113402619869441,13861.98996,50.77652,7771.75308,28.46796,0.0,0.0,26293.402661796,12.06750535795703,55480.698,203.226,33300.0,30100.0,63600.0,5191000.0,632000.0,155.9,21.0,0.0,0.0,0.0,0.0
2022,MISSISSIPPI,DE SOTO,3909.5887871854825,2.9743600243119146,16679.45916,61.09692,8270.305680000001,30.294160000000005,11814.591712626,0.0,15690.580919203583,7.201280554953248,32618.73342,119.48254,4670.0,0.0,4800.0,578000.0,0.0,123.8,0.0,0.0,0.0,0.0,0.0
2023,ARKANSAS,YELL,238.5138389319736,0.1814603058041564,1577.1701400000002,5.77718,3569.02182,13.073340000000002,7706.0478978,0.0,35329.44526998689,16.21464804586441,17811.19704,65.24248,2150.0,0.0,2400.0,324000.0,0.0,150.7,0.0,0.0,0.0,0.0,0.0
2021,OHIO,BUTLER,19.822218011093145,0.0150800572696485,9192.28128,33.67136,3857.686560000001,14.13072,446.60934692078473,0.0,12410.465972754297,5.6945603307623465,21398.2314,78.3818,26700.0,0.0,27600.0,4841000.0,0.0,181.3,0.0,0.0,0.0,0.0,0.0
2023,INDIANA,PUTNAM,212.3402131672956,0.1615601111270966,17106.25098,62.66026,7178.15826,26.29362,0.0,0.0,17895.466467562987,8.840403783958983,47021.48178,172.23986,68500.0,0.0,70000.0,13858000.0,0.0,202.3,0.0,0.0,0.0,0.0,0.0
2023,TENNESSEE,BENTON,4.59892533813044,0.0035001548276257,2372.62116,8.690919999999998,1146.33246,4.19902,0.0,0.0,15405.71198370836,7.070538351305377,8188.01802,29.99274,7010.0,0.0,7400.0,1112000.0,0.0,158.6,0.0,0.0,0.0,0.0,0.0
2022,GEORGIA,WALTON,4.375026171155674e-05,1.4886764135739102e-07,400.17978,1.4658600000000002,1103.1111,4.0407,0.0,0.0,11280.809811154144,5.572747372716545,3346.82166,12.25942,360.0,0.0,400.0,27900.0,0.0,77.5,0.0,0.0,0.0,0.0,0.0
2022,WISCONSIN,JEFFERSON,347.03844888987294,0.2640002352813906,18001.723739999998,65.94037999999999,8034.75582,29.43134,0.0,0.0,20328.247177741025,9.329763625143082,44246.02182,162.07334,71200.0,11800.0,83800.0,13558000.0,295000.0,190.4,25.0,0.0,0.0,0.0,0.0
2021,INDIANA,DECATUR,84.96907469460326,0.0646400441811594,16775.09106,61.44722,7750.5519,28.390300000000003,277.278825751788,0.0,13824.244365332308,6.343274598908152,47751.40188,174.91356,71100.0,0.0,74700.0,13246000.0,0.0,186.3,0.0,0.0,0.0,0.0,0.0
2022,NORTH DAKOTA,MCHENRY,1298.1568143618288,0.9876205896970944,17110.853759999998,62.67712,5186.54682,18.99834,0.0,0.0,71291.29958206954,32.719543786257866,44843.8536,164.2632,51700.0,13200.0,65600.0,5714000.0,185000.0,110.5,14.0,124500.0,125000.0,6237000.0,50.1
2023,ILLINOIS,EDWARDS,189.7960402407976,0.1443800621580566,14585.97504,53.42848,6406.58928,23.46736,0.0,0.0,8192.830559520142,4.047278142260124,40053.670020000005,146.71674000000002,43700.0,0.0,44300.0,8076000.0,0.0,184.8,0.0,0.0,0.0,0.0,0.0
2022,ALABAMA,MARSHALL,404.12260788379433,0.3074601569014633,7623.590520000001,27.92524,6601.01442,24.17954,0.0,0.0,21593.06523781858,9.910259003134,30843.52908,112.97996,5610.0,0.0,5800.0,691000.0,0.0,123.2,0.0,0.0,0.0,0.0,0.0
2022,COLORADO,CHEYENNE,0.0002611979008272,8.887698930814243e-07,10891.799099999998,39.8967,6397.705860000001,23.43482,0.0,0.0,67348.71351700618,30.910071688776643,49798.60158,182.41246,53400.0,0.0,73400.0,2013000.0,0.0,37.7,0.0,0.0,0.0,0.0,0.0
2023,MICHIGAN,JACKSON,13.490894250060268,0.0102602286313236,15427.32828,56.51036,6467.3973000000005,23.6901,0.0,0.0,25495.76964235126,12.594971962856178,48615.3486,178.0782,49400.0,0.0,56000.0,8141000.0,0.0,164.8,0.0,0.0,0.0,0.0,0.0
2022,MICHIGAN,EMMET,6.980155388840631e-05,2.375115549926645e-07,1011.86358,3.70646,728.97552,2.67024,0.0,0.0,17998.01928339414,8.891065123397809,3857.22792,14.12904,580.0,0.0,900.0,61500.0,0.0,106.0,0.0,0.0,0.0,0.0,0.0
2023,SOUTH DAKOTA,PERKINS,0.1757042398100187,0.0001410028838759,1939.30464,7.103680000000001,982.94742,3.60054,0.0,0.0,108597.73525954437,53.64754427933008,7881.49908,28.86996,11200.0,0.0,33500.0,995000.0,0.0,88.8,0.0,0.0,0.0,0.0,0.0
2021,SOUTH DAKOTA,GRANT,232.60023188734573,0.1769601036403792,11934.1404,43.7148,4916.77914,18.010180000000002,190.9603050404634,0.0,25847.06142760059,12.765612454405073,38546.568060000005,141.19622,105800.0,0.0,113000.0,18515000.0,0.0,175.0,0.0,10300.0,10900.0,506000.0,49.1
2022,PENNSYLVANIA,FULTON,6.261063977102971,0.0047602177894809,2155.87008,7.89696,1730.8800600000002,6.34022,0.0,0.0,16624.951023856855,7.630114981187528,8927.1273,32.7001,6340.0,4690.0,11400.0,936000.0,77000.0,147.6,16.5,0.0,0.0,0.0,0.0
2021,KANSAS,RENO,2680.3910083449136,2.039220097604074,29728.799100000004,108.8967,15493.42158,56.75246,448.6599258609428,0.0,47099.34307390835,21.611601954549343,82201.24458,301.10346,43700.0,0.0,45600.0,6905000.0,0.0,158.0,0.0,0.0,0.0,0.0,0.0
2022,NEBRASKA,CEDAR,373.2105271367674,0.2839402979651805,29823.1206,109.2422,21088.68762,77.24794,0.0,0.0,27723.44471433008,12.72383121859328,113221.33368,414.73016000000007,173500.0,0.0,186000.0,29374000.0,0.0,169.3,0.0,0.0,0.0,0.0,0.0
2021,ILLINOIS,WHITESIDE,361.34114896825145,0.2749000928568628,42357.92106,155.15722,23166.10296,84.85752,442.97708713699495,0.0,25641.835527025185,11.765793461800513,142015.27704000002,520.20248,213500.0,0.0,216500.0,43256000.0,0.0,202.6,0.0,0.0,0.0,0.0,0.0
2022,KENTUCKY,LARUE,70.16739534343704,0.0533801195402706,4480.55244,16.41228,2848.2636,10.4332,0.0,0.0,9827.978244442857,4.8550450595027685,15132.51012,55.43044,21400.0,0.0,22500.0,3560000.0,0.0,166.4,0.0,0.0,0.0,0.0,0.0
2022,ALABAMA,MARENGO,123.94411256320106,0.0943004529785073,956.63568,3.50416,1680.1785,6.1545000000000005,0.0,0.0,36731.0004263131,18.145203185731617,8158.2501,29.8837,1160.0,0.0,1200.0,70100.0,0.0,60.4,0.0,0.0,0.0,0.0,0.0
2022,TEXAS,SAN PATRICIO,494.52240310189336,0.3762202121900251,14978.29788,54.86556,8323.436940000001,30.48878,0.0,0.0,25472.980139940497,12.583713893461228,64027.77108,234.53396,20500.0,0.0,24000.0,715000.0,0.0,34.9,0.0,0.0,0.0,0.0,0.0
2021,INDIANA,CLAY,227.3091115880598,0.1729400358187643,17013.01056,62.31872,6496.3353,23.7961,268.1723264407848,0.0,13311.179626539231,6.5742622579880114,40309.1325,147.6525,60600.0,0.0,61200.0,11799000.0,0.0,194.7,0.0,0.0,0.0,0.0,0.0
2023,IDAHO,FRANKLIN,513.3097253455489,0.3905002234923572,3743.25588,13.71156,2407.1720400000004,8.81748,0.0,0.0,25011.492452721177,11.479165441841602,11529.63084,42.23308,650.0,0.0,5800.0,105000.0,0.0,161.5,0.0,1800.0,1900.0,157000.0,87.2
2023,MINNESOTA,ITASCA,7.408217479071435,0.0056409815857181,1074.1403400000002,3.93458,638.6289,2.3393,0.0,0.0,106683.41601517216,48.96295511568877,4377.81162,16.03594,0.0,420.0,0.0,0.0,4800.0,0.0,11.5,0.0,0.0,0.0,0.0
2022,OHIO,RICHLAND,6.881886130023074,0.0052402248911269,12162.734219999998,44.55214,4811.79972,17.625639999999997,0.0,0.0,17422.584041703678,8.60679872010039,24343.65024,89.17088,33300.0,0.0,37200.0,6320000.0,0.0,189.8,0.0,0.0,0.0,0.0,0.0
2023,LOUISIANA,TENSAS,7060.216344953818,5.371320087160832,37178.59236,136.18532,21315.74718,78.07966,20653.515270000004,0.0,23137.05486922828,11.429761151313915,130778.94648,479.04376,61400.0,0.0,62600.0,11138000.0,0.0,181.4,0.0,0.0,0.0,0.0,0.0
2023,INDIANA,SWITZERLAND,3.492624905223698,0.0026600850688884,683.19888,2.5025599999999995,946.48008,3.46696,0.0,0.0,8340.9624050131,4.120455632759991,5391.9138,19.7506,5850.0,0.0,6000.0,1059000.0,0.0,181.0,0.0,0.0,0.0,0.0,0.0
2021,CALIFORNIA,COLUSA,25637.71506976614,19.50482002986585,31409.196000000004,115.052,28140.5124,103.0788,563874.028989948,0.0,43639.0064425742,21.55288119315243,141528.92754,518.42098,1440.0,0.0,2000.0,281000.0,0.0,195.1,0.0,0.0,0.0,0.0,0.0
2023,NORTH CAROLINA,UNION,6.263731807767064e-05,2.139505790052136e-07,14065.70802,51.52274,8739.94758,32.01446,0.0,0.0,20977.748346318007,10.363058498412192,50070.10554,183.40698,31400.0,0.0,32300.0,4288000.0,0.0,136.6,0.0,0.0,0.0,0.0,0.0
2021,TEXAS,ELLIS,130.98983118001877,0.0996601656134865,3341.69472,12.24064,3405.75144,12.47528,655.3948098041874,0.0,33702.65265127179,15.464511103026773,13718.24454,50.24998,41900.0,0.0,44900.0,2967000.0,0.0,70.8,0.0,0.0,0.0,0.0,0.0
2023,NEW YORK,RENSSELAER,6.956110633643789e-05,2.3760019479872295e-07,444.5805,1.6285,2083.73256,7.63272,0.0,0.0,23296.58146614452,10.69209737822417,16033.21356,58.72972,5490.0,4840.0,10600.0,845000.0,90000.0,153.9,18.5,0.0,0.0,0.0,0.0
2023,NEBRASKA,HOLT,17.79770833712674,0.013540917063872,48267.492,176.804,34562.673599999995,126.6032,0.0,0.0,90816.21635746358,44.86343086873954,262927.54488,963.10456,167600.0,0.0,174000.0,37492000.0,0.0,223.7,0.0,0.0,0.0,0.0,0.0
2023,NEW YORK,DELAWARE,0.0001626835069762,5.55678812253718e-07,505.35576,1.85112,1182.93084,4.33308,0.0,0.0,54484.03242954219,25.00575379016749,9307.86948,34.09476,0.0,3940.0,0.0,0.0,73000.0,0.0,18.5,0.0,0.0,0.0,0.0
2023,COLORADO,KIT CARSON,0.0971426747925897,8.075060396615261e-05,33113.32206,121.29422,20210.02074,74.02938,0.0,0.0,81278.80442386444,40.15192627064524,158641.67592,581.10504,192200.0,0.0,236000.0,18157000.0,0.0,94.5,0.0,0.0,0.0,0.0,0.0
2021,PENNSYLVANIA,CLARION,3.5827317008137535e-05,1.1525549550048447e-07,4837.12866,17.718420000000002,2392.36998,8.76326,274.186300106651,0.0,22483.63702737633,10.31664949474428,18306.45726,67.05662,9080.0,0.0,10200.0,1567000.0,0.0,172.6,0.0,0.0,0.0,0.0,0.0
2023,TENNESSEE,GREENE,4286.148947593342,3.260840140027147,2584.41456,9.46672,10878.32382,39.84734,0.0,0.0,23051.59418438156,11.387543365984424,66122.6748,242.2076,4490.0,0.0,5200.0,762000.0,0.0,169.7,0.0,0.0,0.0,0.0,0.0
2021,NEW YORK,ERIE,0.0368883290680541,4.015547019704608e-05,9982.05936,36.56432,5137.33584,18.81808,1230.979615605393,0.0,30333.527540154664,14.981434467406851,29792.79576,109.13112,14600.0,8800.0,23700.0,2246000.0,163000.0,153.8,18.5,0.0,0.0,0.0,0.0
2021,NEBRASKA,HARLAN,59.38551059652285,0.0452000989051006,20314.11018,74.41066,15917.47248,58.30576000000001,182.24745048503613,0.0,20893.136328513072,9.58684593977056,95507.0844,349.8428,111300.0,0.0,114500.0,24119000.0,0.0,216.7,0.0,0.0,0.0,0.0,0.0
2023,IOWA,CARROLL,168.65549410507236,0.1283201639942233,33005.12669999999,120.8979,12877.885020000002,47.17174,0.0,0.0,21336.683201145992,9.792591022271042,95802.28476,350.92412,165100.0,0.0,173500.0,32475000.0,0.0,196.7,0.0,0.0,0.0,0.0,0.0
2022,NEBRASKA,COLFAX,58.08869887627774,0.0442002009617815,21451.03506,78.57522,15407.32284,56.43708,0.0,0.0,15610.81762234338,7.164672740262631,75442.73646000001,276.34702000000004,99200.0,0.0,109500.0,16447000.0,0.0,165.8,0.0,0.0,0.0,0.0,0.0
2022,LOUISIANA,WEST CARROLL,5980.349595475936,4.549760051103867,47524.0311,174.0807,19296.47538,70.68306,4479.984118548,0.0,13474.300607654466,6.1841062136035925,62078.75856,227.39472,31800.0,0.0,33300.0,5346000.0,0.0,168.1,0.0,0.0,0.0,0.0,0.0
2023,NEBRASKA,SAUNDERS,377.509498864903,0.2872001968254519,42142.99362,154.36994,27104.19348,99.28276,0.0,0.0,28395.73540652648,13.032382821234378,160443.42678,587.70486,184000.0,0.0,187000.0,35199000.0,0.0,191.3,0.0,0.0,0.0,0.0,0.0
2022,MICHIGAN,ST JOSEPH,755.6586522287981,0.5748801766818495,26323.26606,96.42222,18197.4702,66.6574,0.0,0.0,19160.28453693749,8.793720587766664,90357.13596,330.97852,79700.0,0.0,81100.0,11740000.0,0.0,147.3,0.0,0.0,0.0,0.0,0.0
2022,OHIO,VAN WERT,66.40690427388049,0.05052014967105,22601.79558,82.79046000000001,7046.79066,25.81242,0.0,0.0,15075.264020439774,6.918877395948549,39426.4689,144.4193,75600.0,0.0,78300.0,14810000.0,0.0,195.9,0.0,0.0,0.0,0.0,0.0
2021,CALIFORNIA,MERCED,296083.6964697146,225.2566000992232,39378.688440000005,144.24428,126311.89116,462.68092,2083.313538662567,0.0,70688.91963762166,32.43571341129186,417480.31962,1529.23194,0.0,58500.0,0.0,0.0,1697000.0,0.0,29.0,0.0,0.0,0.0,0.0
2022,NEW YORK,WYOMING,7.61798542665804,0.0058002905100287,27449.4402,100.5474,10727.66058,39.29546,0.0,0.0,22367.90875339991,10.265877802120489,38495.41332,141.00884000000002,27200.0,27900.0,56900.0,4480000.0,532000.0,164.7,19.0,0.0,0.0,0.0,0.0
2023,SOUTH CAROLINA,GEORGETOWN,9.157433005560808e-05,3.127908655526601e-07,1326.44694,4.85878,1014.69732,3.71684,0.0,0.0,30668.989507295504,15.150555107458771,6496.26978,23.79586,1890.0,0.0,2000.0,286000.0,0.0,151.3,0.0,0.0,0.0,0.0,0.0
2021,OHIO,SCIOTO,762.1556085054394,0.5798200902564918,1205.3386799999998,4.41516,1424.69418,5.21866,352.5981735105102,0.0,22597.65140947889,10.368965159513277,8381.564100000001,30.7017,8840.0,0.0,9500.0,1591000.0,0.0,180.0,0.0,0.0,0.0,0.0,0.0
2022,ILLINOIS,SALINE,482.99565012112737,0.3674401057585534,18339.77418,67.17866,7422.64068,27.18916,0.0,0.0,14357.394304682684,6.5894070435319385,36308.33388,132.99756000000002,42300.0,0.0,43100.0,7644000.0,0.0,180.7,0.0,0.0,0.0,0.0,0.0
2022,NORTH DAKOTA,MOUNTRAIL,1631.0966688318326,1.2409207128405697,11891.2248,43.5576,4396.84518,16.10566,0.0,0.0,69929.62607453659,34.54540467445872,38978.36124,142.77788,5220.0,3320.0,9000.0,442000.0,43200.0,84.7,13.0,167000.0,168000.0,7732000.0,46.3
2021,NEW YORK,ORANGE,4.3921165743210784e-05,1.412931847378603e-07,599.2786799999999,2.1951600000000004,2595.80412,9.50844,968.6999095799348,0.0,27562.97794125337,13.613086945026064,18345.78018,67.20066,3000.0,1250.0,4400.0,489000.0,18800.0,163.0,15.0,0.0,0.0,0.0,0.0
2023,VIRGINIA,SHENANDOAH,5.644503566988928e-05,1.745883882922684e-07,2649.0828,9.7036,5174.31642,18.95354,0.0,0.0,18903.90249808592,8.676052605903651,30899.32482,113.18434,7360.0,0.0,13600.0,671000.0,0.0,91.2,0.0,0.0,0.0,0.0,0.0
2023,NEBRASKA,CHEYENNE,1.3586529559167522,0.001040454165596,13865.23866,50.78842,7052.572800000001,25.8336,0.0,0.0,44530.71185378359,20.437621208683385,53839.56942,197.21454,65900.0,0.0,68400.0,6550000.0,0.0,99.4,0.0,0.0,0.0,0.0,0.0
2022,MISSISSIPPI,MONTGOMERY,104.18675883652196,0.0792602009397557,2635.50378,9.65386,1813.09128,6.641360000000001,0.0,0.0,15297.46179354558,7.020856316363305,9169.27284,33.58708,4140.0,0.0,4400.0,643000.0,0.0,155.3,0.0,0.0,0.0,0.0,0.0
2023,ILLINOIS,PIKE,719.6476344056159,0.5475002533016728,37451.78892,137.18604000000002,18282.52062,66.96894,0.0,0.0,31648.93863347576,15.634652349566087,119809.06392000002,438.86104,153600.0,0.0,155500.0,29153000.0,0.0,189.8,0.0,0.0,0.0,0.0,0.0
2023,NORTH DAKOTA,BOWMAN,3.08731157960154,0.0023404068145973,2963.04918,10.85366,1182.41214,4.331180000000001,0.0,0.0,44211.65865345779,21.84066647067161,10355.6817,37.9329,27000.0,3180.0,30400.0,3024000.0,52000.0,112.0,16.5,87800.0,88200.0,4569000.0,52.0
2022,MINNESOTA,MCLEOD,154.966507191563,0.1178802285273118,17973.88866,65.83842,6620.8779,24.252300000000005,0.0,0.0,18573.45454266163,9.175331535378325,40525.09734,148.44358,108200.0,2840.0,111500.0,20937000.0,64000.0,193.5,22.5,0.0,0.0,0.0,0.0
2022,MARYLAND,KENT,72.61167590225747,0.0552601221369948,10756.49484,39.40108,4681.63332,17.14884,0.0,0.0,10175.518344651731,5.026730710867768,25010.71482,91.61434,34600.0,0.0,39500.0,5965000.0,0.0,172.4,0.0,0.0,0.0,0.0,0.0
2021,NEW YORK,SULLIVAN,5.880076647371068e-05,1.8916045190312458e-07,121.21746,0.4440199999999999,513.4802400000001,1.88088,531.2387760801372,0.0,36900.7562030433,16.931965561188946,4523.064,16.568,0.0,1240.0,0.0,0.0,20500.0,0.0,16.5,0.0,0.0,0.0,0.0
2021,MINNESOTA,RICE,103.85768532103415,0.0790200798360638,18130.13202,66.41073999999999,6836.662560000001,25.04272,546.7686331111075,0.0,18732.56369849732,8.59546405148131,48647.207700000006,178.1949,78900.0,8270.0,88300.0,15449000.0,160000.0,195.8,19.5,0.0,0.0,0.0,0.0
2022,NEBRASKA,CLAY,17.591843439265936,0.0133802841312815,35136.104640000005,128.70368,29872.63734,109.42358,0.0,0.0,21627.24951039178,9.925948067715757,153303.38478000002,561.5508600000001,166900.0,0.0,171500.0,28424000.0,0.0,170.3,0.0,0.0,0.0,0.0,0.0
2021,VIRGINIA,MECKLENBURG,3.924290300930681e-05,1.262433419222488e-07,3340.3406400000003,12.23568,1580.95392,5.79104,286.8623771041187,0.0,24627.107493463285,11.300184030283605,7019.588940000001,25.71278,2300.0,0.0,2800.0,396000.0,0.0,172.2,0.0,0.0,0.0,0.0,0.0
2022,NEW YORK,HERKIMER,1.8663889631357573,0.0014207110057897,5538.44928,20.28736,4471.647180000001,16.37966,0.0,0.0,53954.17621635142,24.76257329451725,30049.23558,110.07046,11500.0,4410.0,16000.0,1609000.0,77000.0,139.9,17.5,0.0,0.0,0.0,0.0
2021,NORTH DAKOTA,SHERIDAN,164.02625768314127,0.1247801869704017,5880.26712,21.53944,1809.72246,6.62902,73.88398410335334,0.0,37408.12021325444,17.16477027393283,23814.72366,87.23342000000001,0.0,4410.0,0.0,0.0,34300.0,0.0,7.8,70600.0,79600.0,1871000.0,26.5
2022,NEBRASKA,KEARNEY,73.04467027999145,0.0555802385239372,33285.448560000004,121.92472,28895.59218,105.84466,0.0,0.0,19410.96920456609,9.589065807108074,148935.94716,545.55292,158900.0,0.0,162000.0,30827000.0,0.0,194.0,0.0,0.0,0.0,0.0,0.0
2022,SOUTH DAKOTA,CORSON,0.0403821989856585,2.1232443624765096e-05,1704.82494,6.24478,789.10104,2.89048,0.0,0.0,93391.43152384069,46.13559339898784,5209.21674,19.08138,46600.0,0.0,56800.0,3420000.0,0.0,73.4,0.0,57100.0,60300.0,2699000.0,47.3
2021,MISSOURI,MILLER,934.5353146769448,0.7109801157522863,2105.04294,7.71078,3845.71824,14.08688,285.63496207536474,0.0,22580.549253108285,10.36111781023144,24608.48754,90.14098,2020.0,0.0,2100.0,271000.0,0.0,134.2,0.0,0.0,0.0,0.0,0.0
2021,PENNSYLVANIA,HUNTINGDON,7.8155321883733295,0.0059601680971829,4972.52574,18.21438,3161.43828,11.58036,338.37555440477274,0.0,33149.68288375739,16.372306223893858,21012.2367,76.9679,11800.0,14800.0,27000.0,1788000.0,302000.0,151.5,20.5,0.0,0.0,0.0,0.0
2021,OHIO,MERCER,56.22464218226266,0.0427800701281342,19737.83994,72.29978000000001,6710.6676,24.5812,415.76039825496616,0.0,17062.252943063508,7.829039536171344,41162.00634,150.77658000000002,96000.0,0.0,106500.0,19238000.0,0.0,200.4,0.0,0.0,0.0,0.0,0.0
2023,GEORGIA,COLQUITT,33410.31612,25.41812,2404.16904,8.80648,10849.30938,39.74106,0.0,0.0,20618.81348640576,10.185743808151695,71483.04617999999,261.84266,4890.0,0.0,5400.0,947000.0,0.0,193.7,0.0,0.0,0.0,0.0,0.0
2021,VIRGINIA,BEDFORD,14.534384422843628,0.0110601427348891,1255.19394,4.59778,6437.57478,23.58086,456.2841253535401,0.0,28805.734751084445,13.217553214529527,35737.681979999994,130.90726,650.0,0.0,2400.0,74600.0,0.0,114.8,0.0,0.0,0.0,0.0,0.0
2022,ARKANSAS,WHITE,5367.173318794376,4.083260131209297,18900.89292,69.23404000000001,10884.58098,39.87026,58549.061964096,0.0,38673.80656250616,19.104954123156546,37358.94162,136.84593999999998,7270.0,0.0,7400.0,1189000.0,0.0,163.5,0.0,0.0,0.0,0.0,0.0
2022,NORTH CAROLINA,PITT,1582.4816229236512,1.203920144979049,25656.5946,93.9802,8741.913180000001,32.021660000000004,0.0,0.0,22504.64582814937,10.328634053313795,45309.09474,165.96738000000002,13400.0,0.0,13600.0,1343000.0,0.0,100.2,0.0,0.0,0.0,0.0,0.0
2023,ILLINOIS,SALINE,501.6899654217859,0.381680087052016,18943.73754,69.39098000000001,7679.44086,28.12982,0.0,0.0,14357.394304682686,6.589407043531942,47511.88806,174.03622,51000.0,0.0,51700.0,8685000.0,0.0,170.3,0.0,0.0,0.0,0.0,0.0
2021,WISCONSIN,POLK,198.4407443782036,0.1509801380936232,13502.78748,49.46076000000001,7303.7055,26.7535,449.58621192872096,0.0,35492.67852542795,17.52948900181644,52001.49318,190.48166,55100.0,12700.0,69000.0,8805000.0,241000.0,159.8,19.0,0.0,0.0,0.0,0.0
2022,PENNSYLVANIA,DAUPHIN,141.95310294637343,0.1080002133767924,6295.88778,23.06186,3387.28026,12.40762,0.0,0.0,17547.92637258363,8.053719719961261,16557.43362,60.64994,7720.0,0.0,15300.0,875000.0,0.0,113.3,0.0,0.0,0.0,0.0,0.0
2022,MINNESOTA,WATONWAN,20.569142168103497,0.0156402118897965,22141.2555,81.1035,8016.31194,29.363779999999995,0.0,0.0,16425.54277625891,7.538595441960852,52899.3192,193.7704,128900.0,0.0,130500.0,27391000.0,0.0,212.5,0.0,290.0,300.0,13100.0,45.2
2022,WISCONSIN,LINCOLN,0.3183712065929217,0.0002404464525526,11732.05488,42.97456,3988.51362,14.60994,0.0,0.0,33831.03466852952,16.71261307667074,11852.098440000002,43.41428,7370.0,2140.0,9600.0,1026000.0,41000.0,139.2,19.0,0.0,0.0,0.0,0.0
2022,ILLINOIS,SANGAMON,397.02591717517714,0.3020403339776307,48609.637440000006,178.05728000000002,22404.2364,82.0668,0.0,0.0,30543.64717641555,14.018179035020603,118958.2212,435.7444,188900.0,0.0,192000.0,43693000.0,0.0,231.3,0.0,0.0,0.0,0.0,0.0
2021,NEW YORK,TIOGA,3.0840198080390235e-05,9.921207078613013e-08,2383.65582,8.73134,2529.74904,9.26648,339.2680112042016,0.0,19353.942114459445,8.88058443984531,18316.3617,67.0929,3560.0,4130.0,7800.0,563000.0,75000.0,158.1,18.0,0.0,0.0,0.0,0.0
2021,IDAHO,OWYHEE,1569.451287909462,1.1940214664083324,25495.21884,93.38908,15698.03508,57.50196,195.4931006212978,0.0,290166.61374660366,133.14337202008645,61877.87424,226.65888,17400.0,0.0,33100.0,3770000.0,0.0,216.7,0.0,0.0,0.0,0.0,0.0
2023,INDIANA,CLAY,222.61550703595256,0.169360093440266,16624.43874,60.89538,6635.89836,24.30732,0.0,0.0,13303.379247112707,6.5719015734398125,44571.22488,163.26456000000002,61800.0,0.0,62100.0,12008000.0,0.0,194.3,0.0,0.0,0.0,0.0,0.0
2022,KANSAS,CLAY,863.8765268949601,0.6572202291084089,11658.8745,42.706500000000005,5912.72682,21.65834,0.0,0.0,24094.214493433552,11.902600324241565,24139.41894,88.42278,50900.0,0.0,52100.0,7752000.0,0.0,152.3,0.0,0.0,0.0,0.0,0.0
2022,GEORGIA,BAKER,19568.654346188698,14.887580021967722,2299.2606,8.4222,13038.96594,47.76178,0.0,0.0,13098.27361433186,6.470578894009591,70949.82804,259.88948,9410.0,0.0,9700.0,1758000.0,0.0,186.8,0.0,0.0,0.0,0.0,0.0
2023,MISSOURI,WAYNE,315.86820711598966,0.2403002006017283,1122.34122,4.111140000000001,902.74548,3.30676,434.545606386,0.0,29102.210355171697,13.356623481056848,5301.05394,19.41778,770.0,0.0,900.0,69200.0,0.0,89.9,0.0,0.0,0.0,0.0,0.0
2023,INDIANA,ADAMS,28.043615666326936,0.0213401219439995,16628.255279999998,60.90936,6055.61502,22.18174,0.0,0.0,12517.140986645016,5.744812410381449,39041.9484,143.01080000000002,60700.0,0.0,62000.0,12310000.0,0.0,202.8,0.0,0.0,0.0,0.0,0.0
2021,VIRGINIA,CULPEPER,2.2419325141297285e-05,7.21223536599123e-08,2271.18528,8.31936,3763.07568,13.78416,408.11015425990666,0.0,14069.375297099992,6.45575328286342,24272.29896,88.90952,7400.0,0.0,9200.0,1067000.0,0.0,144.2,0.0,0.0,0.0,0.0,0.0
2021,NEBRASKA,GREELEY,22.592853934476288,0.0172001097323492,16112.07234,59.01858,11064.61356,40.52972,257.39487181298983,0.0,21406.201074617253,10.572314682853314,79204.49082,290.12634,76600.0,0.0,78900.0,17051000.0,0.0,222.6,0.0,0.0,0.0,0.0,0.0
2023,OKLAHOMA,GARVIN,494.6853774968925,0.3763602650126583,646.81344,2.36928,2301.87594,8.43178,0.0,0.0,30144.83065884889,13.83513994630007,8984.02596,32.90852,4700.0,0.0,5000.0,517000.0,0.0,110.0,0.0,0.0,0.0,0.0,0.0
2023,PENNSYLVANIA,HUNTINGDON,7.859917641549207,0.0059803015325757,5007.4206,18.3422,3259.28694,11.93878,0.0,0.0,33130.25709944547,16.36642726001861,23204.28474,84.99738,11400.0,13000.0,25500.0,1809000.0,286000.0,158.7,22.0,0.0,0.0,0.0,0.0
2023,IOWA,JOHNSON,515.9716020985104,0.3925601242436753,25208.12112,92.33744,11459.43162,41.97594,0.0,0.0,22094.43457295958,10.91470419937175,72820.78986,266.74282,104300.0,1470.0,106000.0,21183000.0,25700.0,203.1,17.5,0.0,0.0,0.0,0.0
2021,NORTH CAROLINA,BLADEN,251.49424606926345,0.1913401454421688,15420.17022,56.48414,7463.3286,27.3382,283.68980400736694,0.0,32796.238284559106,15.0486015548078,40728.7881,149.1897,23800.0,0.0,24400.0,3352000.0,0.0,140.8,0.0,0.0,0.0,0.0,0.0
2021,VIRGINIA,BRUNSWICK,1.261654178227994,0.0009601099661332,2048.319,7.503000000000001,694.71948,2.54476,146.83889873793308,0.0,21451.806823344872,10.594838918948025,3488.98914,12.780179999999998,650.0,0.0,800.0,102200.0,0.0,157.2,0.0,0.0,0.0,0.0,0.0
2022,TENNESSEE,HARDIN,8.487108848595501e-05,2.887881870430297e-07,4562.20674,16.71138,1641.34152,6.01224,0.0,0.0,21883.63155374656,10.810566997242995,8927.93538,32.70306,5750.0,0.0,6300.0,736000.0,0.0,128.0,0.0,0.0,0.0,0.0,0.0
2021,PENNSYLVANIA,CUMBERLAND,117.48920393526564,0.0893800795920282,10456.3368,38.3016,6074.77416,22.25192,375.1692683622617,0.0,17928.762280764175,8.226638603888725,35190.88482,128.90434,15500.0,13400.0,29400.0,2950000.0,281000.0,190.3,21.0,0.0,0.0,0.0,0.0
2022,KANSAS,LYON,823.5172654874862,0.6265403608606279,7867.772640000001,28.81968,2894.52072,10.60264,0.0,0.0,31620.45174351428,15.620579756920046,11198.21976,41.01912,20000.0,0.0,23800.0,1306000.0,0.0,65.3,0.0,0.0,0.0,0.0,0.0
2021,IOWA,TAYLOR,1288.8609846036006,0.9805600829439116,21992.470500000003,80.5585,8357.19612,30.61244,173.754104749855,0.0,20049.42986999457,9.90221857014727,47933.68398,175.58126,80900.0,0.0,82200.0,15533000.0,0.0,192.0,0.0,0.0,0.0,0.0,0.0
2022,MINNESOTA,STEELE,41.31419304582726,0.0314401796591354,19288.7331,70.6547,7408.198980000001,27.13626,0.0,0.0,15468.383146969363,7.641418744354056,45020.77398,164.91126,104500.0,1150.0,106000.0,22708000.0,23000.0,217.3,20.0,0.0,0.0,0.0,0.0
2022,OHIO,MORGAN,6.151551946915607e-05,2.093169259334718e-07,1250.05608,4.57896,1566.49584,5.73808,0.0,0.0,15861.50227262737,7.835620544699021,8348.127059999999,30.57922,3780.0,0.0,4200.0,591000.0,0.0,156.3,0.0,0.0,0.0,0.0,0.0
2023,SOUTH DAKOTA,BUTTE,0.0002530500017086,7.827011079250986e-07,4441.58442,16.26954,7397.90142,27.09854,0.0,0.0,84748.50804276044,41.86596826319698,51052.32132,187.00484,2370.0,0.0,6400.0,333000.0,0.0,140.5,0.0,0.0,0.0,0.0,0.0
2021,SOUTH DAKOTA,DOUGLAS,102.66368205573356,0.0781000697751021,11725.19166,42.94942,5308.03182,19.44334,168.63448897545663,0.0,16440.874534514223,7.54391915120874,43870.1172,160.69639999999998,73500.0,0.0,78300.0,10474000.0,0.0,142.5,0.0,0.0,0.0,0.0,0.0
2023,ILLINOIS,CASS,308.63019710763126,0.2347801137469505,19604.342939999995,71.81078,10403.93172,38.10964,0.0,0.0,14385.881197985256,7.1066601593633845,66963.19266,245.28642,79600.0,0.0,80700.0,17178000.0,0.0,215.8,0.0,0.0,0.0,0.0,0.0
2021,SOUTH CAROLINA,MARION,138.94868615589616,0.1057200843619738,13414.5648,49.137600000000006,3157.02114,11.56418,326.21571350164027,0.0,18270.80543724636,9.023773247687746,15911.6412,58.2844,9800.0,0.0,10200.0,1493000.0,0.0,152.3,0.0,0.0,0.0,0.0,0.0
2021,NEBRASKA,PHELPS,106.4290475810676,0.080960089639023,38905.67226,142.51162,32878.63488,120.43456,254.39401665743472,0.0,20197.64856716395,9.975422344273046,195916.67004,717.64348,170500.0,0.0,175500.0,38704000.0,0.0,227.0,0.0,0.0,0.0,0.0,0.0
2021,KANSAS,RAWLINS,0.3681036956400217,0.0002802049116464,10040.8581,36.7797,5470.04094,20.03678,145.01732709244317,0.0,39973.44390851344,18.34187277618033,38888.67528,142.44936,106400.0,0.0,116000.0,7320000.0,0.0,68.8,0.0,0.0,0.0,0.0,0.0
2021,ILLINOIS,JEFFERSON,410.9583762708136,0.3126600477889025,25507.26906,93.43322,7919.22768,29.00816,292.1276234171143,0.0,21001.45000001348,10.372412060523551,43541.59992,159.49304,50700.0,0.0,51400.0,8822000.0,0.0,174.0,0.0,0.0,0.0,0.0,0.0
2023,NORTH CAROLINA,ANSON,5.952416509421898e-05,1.84112347966614e-07,6607.8285,24.2045,2956.93398,10.83126,0.0,0.0,19935.128038573395,9.848001540800896,18542.85342,67.92254,9400.0,0.0,10200.0,1049000.0,0.0,111.6,0.0,0.0,0.0,0.0,0.0
2021,ALABAMA,PERRY,587.8719979947527,0.4472601199484488,876.14982,3.20934,1319.0268,4.8316,188.33886320979525,0.0,27055.613914079902,13.36250478262649,8084.7039,29.6143,5820.0,0.0,6000.0,888000.0,0.0,152.6,0.0,0.0,0.0,0.0,0.0
2023,MICHIGAN,LENAWEE,172.8679320609157,0.1315202213028015,34136.44962,125.04194,11614.73586,42.54482,0.0,0.0,27740.536852723017,13.70389240237909,76019.27424,278.45888,97800.0,0.0,106500.0,18732000.0,0.0,191.5,0.0,0.0,0.0,0.0,0.0
2022,NEW YORK,DUTCHESS,0.0001031666524717,3.510419279652402e-07,191.82072000000005,0.7026399999999999,2480.52714,9.08618,0.0,0.0,26601.061110451577,13.14098862549432,15963.22182,58.47334,4260.0,2470.0,7000.0,503000.0,34700.0,118.1,14.0,0.0,0.0,0.0,0.0
2023,ARKANSAS,JEFFERSON,18564.214150064257,14.12340001762721,41591.1951,152.34869999999998,23238.70458,85.12346,297980.227602,0.0,33016.309515485584,16.310136877522133,107106.43398,392.33126,34200.0,0.0,34600.0,6012000.0,0.0,175.8,0.0,0.0,0.0,0.0,0.0
2023,VIRGINIA,MECKLENBURG,7.349082404699304e-05,2.510229498799313e-07,3242.6448600000003,11.87782,1638.7370999999998,6.0027,0.0,0.0,24612.67595636316,11.296126362854888,7388.84874,27.06538,2400.0,0.0,3900.0,298000.0,0.0,124.2,0.0,0.0,0.0,0.0,0.0
2022,NORTH DAKOTA,DUNN,1.6715958775581836,0.0012610067950216,5920.13058,21.68546,2877.0105000000003,10.5385,0.0,0.0,76293.59807412451,37.689222257987055,13790.158200000002,50.5134,28000.0,4170.0,32900.0,2141000.0,56000.0,76.5,13.5,125000.0,126000.0,5125000.0,41.0
2023,DELAWARE,NEW CASTLE,85.42544857772124,0.0650200885402638,11351.460120000002,41.58044,4306.334760000001,15.774120000000002,0.0,0.0,10095.755043433584,4.987327446851819,25800.684,94.508,16700.0,0.0,17000.0,3200000.0,0.0,191.6,0.0,0.0,0.0,0.0,0.0
2022,TENNESSEE,JACKSON,74.45884218421612,0.0566401444174674,133.01106,0.4872199999999999,688.1292599999999,2.52062,0.0,0.0,12049.95593366469,5.952707420373553,3096.73182,11.34334,1050.0,0.0,1100.0,171400.0,0.0,163.2,0.0,0.0,0.0,0.0,0.0
2023,SOUTH DAKOTA,MOODY,171.11045265717,0.1301601620846562,15097.12386,55.30082,6766.6872,24.7864,0.0,0.0,19593.28532635103,8.992448740735615,57199.9428,209.5236,114000.0,0.0,138500.0,19904000.0,0.0,174.6,0.0,0.0,0.0,0.0,0.0
2021,MISSISSIPPI,SUNFLOWER,11473.258453142837,8.728720043715219,69449.78586,254.39482,36376.52382,133.24734,40348.47527559,0.0,26109.294510651634,12.895126825713016,170329.72866,623.91842,48500.0,0.0,51400.0,9661000.0,0.0,199.2,0.0,0.0,0.0,0.0,0.0
2021,TENNESSEE,BLOUNT,2.3360108927158945,0.0017800991451317,599.6445,2.1965000000000003,4322.2725,15.8325,364.0689391153936,0.0,19718.78814910633,9.738917837414473,25397.7087,93.0319,950.0,0.0,1300.0,131000.0,0.0,137.9,0.0,0.0,0.0,0.0,0.0
2021,ILLINOIS,SCHUYLER,158.80603700751425,0.1208200528293566,14527.1217,53.2129,5963.31372,21.84364,83.31252395207615,0.0,16355.363745742514,8.077755210734518,36244.71396,132.76452,59700.0,0.0,60700.0,10859000.0,0.0,181.9,0.0,0.0,0.0,0.0,0.0
2021,MARYLAND,SOMERSET,98.40031194731982,0.0748400385063088,5943.73962,21.77194,2002.26936,7.33432,263.1098210552956,0.0,11504.051599210155,5.278650779408755,11120.42568,40.73416,12000.0,0.0,13200.0,2187000.0,0.0,182.3,0.0,0.0,0.0,0.0,0.0
2021,ILLINOIS,CLAY,616.1741509362352,0.468760033601752,28390.23096,103.99352,9566.95194,35.043780000000005,333.1575581062126,0.0,17478.40545946768,8.632414599296093,55174.233660000005,202.10342,73900.0,0.0,74900.0,15519000.0,0.0,210.0,0.0,0.0,0.0,0.0,0.0
2021,ILLINOIS,CLINTON,321.063498340391,0.2442600587683793,24157.52976,88.48912,9098.26554,33.32698,329.7243965530656,0.0,17655.127757758673,8.71969602501459,54591.81,199.97,92100.0,0.0,96700.0,19194000.0,0.0,208.4,0.0,0.0,0.0,0.0,0.0
2022,IOWA,MUSCATINE,327.9242331228118,0.2494801827086288,20767.44852,76.07124,9887.1591,36.2167,0.0,0.0,16436.93752230739,7.543825124887833,50510.61288000001,185.02056,87200.0,1410.0,89000.0,18582000.0,35000.0,213.1,25.0,0.0,0.0,0.0,0.0
2022,MICHIGAN,ISABELLA,28.51670261102511,0.0217002814951762,18220.3203,66.7411,6785.24028,24.85436,0.0,0.0,21330.98582478066,10.537558668435564,27264.8922,99.8714,35200.0,0.0,43000.0,5674000.0,0.0,161.2,0.0,0.0,0.0,0.0,0.0
2023,INDIANA,WABASH,114.62661904380722,0.0872001323155447,21470.25972,78.64564,7736.47056,28.33872,0.0,0.0,15365.830333026654,7.590757405848127,55833.4413,204.5181,77700.0,0.0,78600.0,16068000.0,0.0,206.8,0.0,0.0,0.0,0.0,0.0
2021,MICHIGAN,BAY,148.75957098585127,0.1131600296268806,61660.75734,225.86358,20864.8167,76.4279,420.0438417282933,0.0,15688.37958574756,7.198635751394974,34718.41464,127.17368,44100.0,0.0,47600.0,8282000.0,0.0,187.8,0.0,0.0,0.0,0.0,0.0
2022,TENNESSEE,DECATUR,0.3069498487830412,0.0002401696188882,2375.03448,8.69976,970.78254,3.55598,0.0,0.0,12853.286330346347,6.3495545822771735,5262.38622,19.27614,3600.0,0.0,3800.0,422000.0,0.0,117.2,0.0,0.0,0.0,0.0,0.0
2021,GEORGIA,FRANKLIN,1.587884130641281e-05,5.1081796672870825e-08,670.5153,2.4561,1555.6632,5.6984,206.2318326003552,0.0,9964.857381522776,4.921546221115096,8365.06944,30.641279999999995,470.0,0.0,500.0,71000.0,0.0,151.1,0.0,0.0,0.0,0.0,0.0
2023,KANSAS,GRANT,485.13850127812185,0.3691001391712892,23794.80558,87.16046,19184.13042,70.27154,0.0,0.0,21479.117672917444,10.61073616024149,120057.20454,439.76998,45300.0,0.0,56300.0,6813000.0,0.0,150.4,0.0,0.0,0.0,0.0,0.0
2022,OHIO,HANCOCK,38.06676781098317,0.0289602299473859,28972.29972,106.12564,9233.29134,33.82158,0.0,0.0,19268.53473363718,8.843402625708885,50053.90572,183.34764,78600.0,0.0,82100.0,14926000.0,0.0,189.9,0.0,0.0,0.0,0.0,0.0
2021,KANSAS,GREELEY,5.803126533728974,0.0044001497678534,10923.78378,40.01386,6002.33088,21.98656,160.35722552819573,0.0,29216.186550520128,13.40588961864907,56318.84076,206.29612,46700.0,0.0,52200.0,3596000.0,0.0,77.0,0.0,0.0,0.0,0.0,0.0
2022,NORTH DAKOTA,BURLEIGH,45.25241266585744,0.0344407927490798,5418.81522,19.84914,1850.65062,6.77894,0.0,0.0,60996.13628304844,27.994520560089647,17830.66194,65.31378,67400.0,16100.0,83700.0,6013000.0,233000.0,89.2,14.5,58000.0,58500.0,2204000.0,38.0
2022,NEBRASKA,RICHARDSON,1389.3050780645244,1.0569801315465446,26724.073740000003,97.89038,11416.4778,41.8186,0.0,0.0,20453.58950092195,10.104122759093292,55857.42162,204.60594,108500.0,0.0,110500.0,18109000.0,0.0,166.9,0.0,0.0,0.0,0.0,0.0
2023,IOWA,WASHINGTON,916.8239182268144,0.6975001292138258,29177.89602,106.87874,13190.1588,48.3156,0.0,0.0,21120.18280556763,10.43342146630682,84469.14294,309.41078,113400.0,0.0,115500.0,21353000.0,0.0,188.3,0.0,0.0,0.0,0.0,0.0
2022,WISCONSIN,MARATHON,33.532480601052505,0.0255207497931396,33804.1431,123.8247,17760.46818,65.05666,0.0,0.0,57748.6304212791,26.50405943982392,102534.9234,375.5858,61200.0,49900.0,111500.0,9116000.0,1050000.0,149.0,21.0,0.0,0.0,0.0,0.0
2021,MARYLAND,CHARLES,1.6313048389633165,0.0012400799248934,1801.71264,6.59968,706.73148,2.58876,674.0265242182949,0.0,15591.467356817911,7.700474207876771,4260.96762,15.60794,3630.0,0.0,4000.0,527000.0,0.0,145.2,0.0,0.0,0.0,0.0,0.0
2023,WISCONSIN,DUNN,135.42847501040734,0.1030202521222391,21850.13376,80.03712,12464.92884,45.65908,0.0,0.0,32378.20310254457,15.994910763815778,90812.07954,332.64498000000003,92200.0,15800.0,108500.0,16863000.0,308000.0,182.9,19.5,0.0,0.0,0.0,0.0
2023,NEW YORK,ESSEX,145.68236632250165,0.1108407068870168,103.39602,0.3787399999999999,392.19726,1.43662,0.0,0.0,69382.67771525384,31.84357102227714,1647.14004,6.03348,0.0,1150.0,0.0,0.0,16300.0,0.0,14.0,0.0,0.0,0.0,0.0
2022,MISSOURI,RAY,2251.488507742716,1.7129000950241104,22128.85584,81.05808,7641.91428,27.99236,0.0,0.0,21330.9858212943,9.78997617767405,31258.95318,114.50166,37100.0,0.0,39000.0,6452000.0,0.0,173.9,0.0,0.0,0.0,0.0,0.0
2023,OHIO,SCIOTO,741.8891426536172,0.5644202133563692,1175.36328,4.30536,1456.92456,5.336720000000001,0.0,0.0,22584.40913793815,10.36524187393806,9225.60366,33.793420000000005,8790.0,0.0,9000.0,1673000.0,0.0,190.3,0.0,0.0,0.0,0.0,0.0
2022,NEBRASKA,HOWARD,130.95523820150845,0.0996402668030775,20956.79586,76.76482,16556.1669,60.645300000000006,0.0,0.0,21604.460005656783,9.915488696061496,93855.81114,343.79418000000004,86600.0,0.0,97700.0,13189000.0,0.0,152.3,0.0,0.0,0.0,0.0,0.0
2023,MISSOURI,LACLEDE,8.502480056982414e-05,2.904196071926261e-07,1635.6794999999995,5.9915,7941.96858,29.09146,0.0,0.0,28475.498700917185,13.068990634791604,47843.28822,175.25014000000002,570.0,0.0,2600.0,82100.0,0.0,144.0,0.0,0.0,0.0,0.0,0.0
2021,NORTH CAROLINA,PASQUOTANK,821.7364871262372,0.6251800218734461,20670.59904,75.71648,5862.36924,21.47388,401.4113231385068,0.0,7923.999862089776,3.91358652555296,23135.01918,84.74366,19200.0,0.0,19600.0,3300000.0,0.0,171.9,0.0,0.0,0.0,0.0,0.0
2022,ILLINOIS,LEE,488.2121530054316,0.3714202516970786,43708.26096,160.10352,21733.77024,79.61088,0.0,0.0,27233.47014702727,12.49895462912164,120477.55902,441.30974,224000.0,0.0,228000.0,50266000.0,0.0,224.4,0.0,0.0,0.0,0.0,0.0
2022,MINNESOTA,STEVENS,660.754125268168,0.5026801508573296,23031.96168,84.36616,9222.76992,33.78304,0.0,0.0,21536.09146312515,10.638881350614234,58913.98968,215.80216,98600.0,30800.0,130500.0,17669000.0,662000.0,179.2,21.5,3210.0,3300.0,165000.0,51.4
2022,ILLINOIS,GREENE,631.420852959984,0.480380181097602,31706.86428,116.14236,15191.76204,55.64748,0.0,0.0,20351.03668581711,10.053461420013267,78528.16608,287.64896000000005,101200.0,0.0,103000.0,20989000.0,0.0,207.4,0.0,0.0,0.0,0.0,0.0
2023,VIRGINIA,CHARLES CITY,7.392740391944594,0.0056200655101094,1643.49276,6.02012,669.51066,2.45242,0.0,0.0,7093.236471852566,3.255480860744945,4175.9445,15.296499999999998,6390.0,0.0,7800.0,1038000.0,0.0,162.4,0.0,0.0,0.0,0.0,0.0
2022,MISSOURI,DENT,0.0001094198464742,3.723194747885634e-07,794.52828,2.91036,3767.13792,13.799040000000002,431.76483216,0.0,28213.41928831505,13.937497471045669,21272.4876,77.9212,100.0,0.0,100.0,7800.0,0.0,78.0,0.0,0.0,0.0,0.0,0.0
2023,OHIO,BROWN,35.731310819743506,0.0271801725559065,7585.3596,27.785200000000003,3779.66862,13.84494,0.0,0.0,18413.927936012653,8.451176018832134,20191.21650000001,73.9605,24800.0,0.0,25400.0,5226000.0,0.0,210.7,0.0,0.0,0.0,0.0,0.0
2023,NEW YORK,ULSTER,0.0001253086596624,3.8758832676574564e-07,300.97704,1.10248,1598.7153,5.8561,0.0,0.0,41966.89144246138,19.260941379586026,11623.6302,42.5774,930.0,0.0,1100.0,123900.0,0.0,133.2,0.0,0.0,0.0,0.0,0.0
2022,IOWA,MARION,349.539544701834,0.2659202214923059,20820.21396,76.26452,9033.864839999998,33.09108,0.0,0.0,20516.26067420622,9.416053479109324,45231.81936,165.68432,73200.0,0.0,74800.0,12825000.0,0.0,175.2,0.0,0.0,0.0,0.0,0.0
2022,INDIANA,DAVIESS,224.1456390673739,0.1705401318915589,25346.1117,92.8429,12588.06822,46.11014,0.0,0.0,16305.89781360946,7.48368371195785,62118.87864,227.54168,72000.0,0.0,73200.0,14227000.0,0.0,197.6,0.0,0.0,0.0,0.0,0.0
2023,OHIO,PUTNAM,42.30352794797365,0.0321801623941974,24148.04028,88.45436000000001,7064.86326,25.87862,0.0,0.0,17929.650738247743,8.228914269223903,48058.8381,176.0397,73500.0,0.0,78800.0,14693000.0,0.0,199.9,0.0,0.0,0.0,0.0,0.0
2021,KENTUCKY,FRANKLIN,77.35224942674974,0.0588400303305999,579.21864,2.1216800000000005,1869.70602,6.84874,394.9042929889969,0.0,7308.322175189244,3.353434241279104,9908.46402,36.29474,1800.0,0.0,2000.0,302000.0,0.0,167.8,0.0,0.0,0.0,0.0,0.0
2021,ILLINOIS,MCLEAN,518.256648523067,0.3942801541565411,73795.97316,270.31492,30403.08726,111.36662,821.2984909133993,0.0,42977.72299483839,19.720390596952228,190820.54082000005,698.97634,313000.0,0.0,316000.0,64380000.0,0.0,205.7,0.0,0.0,0.0,0.0,0.0
2022,WISCONSIN,WAUSHARA,102.21019584228608,0.077760258332741,37943.653020000005,138.98773999999997,14347.777080000002,52.55596,0.0,0.0,23911.8983724621,11.81253571884923,51182.73888,187.48256,33200.0,3200.0,36600.0,5800000.0,67000.0,174.7,21.0,0.0,0.0,0.0,0.0
2023,NORTH DAKOTA,DICKEY,1223.709738122838,0.9309602238601292,22777.73862,83.43494000000001,9805.37922,35.91714,0.0,0.0,42696.15591797994,21.09200444827601,89619.98136,328.27832,168300.0,1000.0,170500.0,28190000.0,20300.0,167.5,20.5,8290.0,8300.0,471000.0,56.8
2023,IOWA,FREMONT,897.2047639100235,0.6826001493636915,29278.485600000004,107.2472,12924.75912,47.34344,0.0,0.0,19405.27182494683,9.586251287775148,83281.05786,305.05882,117400.0,0.0,119000.0,24771000.0,0.0,211.0,0.0,0.0,0.0,0.0,0.0
2021,INDIANA,ALLEN,310.7725400644671,0.2364600614969083,28003.3299,102.5763,8928.89088,32.70656,952.0637735865356,0.0,20157.74353306468,9.249409887838056,57233.3853,209.6461,71000.0,0.0,72700.0,14015000.0,0.0,197.4,0.0,0.0,0.0,0.0,0.0
2021,OHIO,PREBLE,0.6506050396791934,0.0005000805289398,20153.810040000004,73.82348,7475.22594,27.38178,245.4610171007247,0.0,15751.0874981569,7.77930904447738,45849.71664,167.94768,74700.0,0.0,75700.0,14006000.0,0.0,187.5,0.0,0.0,0.0,0.0,0.0
2023,ILLINOIS,BUREAU,464.5737753450774,0.3534602266241792,53258.09034,195.08458,25776.1686,94.4182,0.0,0.0,32577.611368881662,14.951678365867622,179465.22594,657.38178,249000.0,0.0,252000.0,55652000.0,0.0,223.5,0.0,0.0,0.0,0.0,0.0
2023,NORTH CAROLINA,FRANKLIN,152.31125027808972,0.1158801547218286,2823.09846,10.34102,1699.70892,6.226040000000001,0.0,0.0,18191.730165521607,8.986758768403252,7549.525619999999,27.65394,2250.0,0.0,2500.0,232000.0,0.0,103.1,0.0,0.0,0.0,0.0,0.0
2022,MISSISSIPPI,HUMPHREYS,3609.4283630866216,2.7460000770330866,32131.05168,117.69616,14624.664600000002,53.5702,13434.652810656002,0.0,16072.30529372884,7.37647510828276,65391.83196,239.53052,26600.0,0.0,27000.0,4729000.0,0.0,177.8,0.0,0.0,0.0,0.0,0.0
2022,INDIANA,WARRICK,74.09998438555628,0.0563601504925426,9317.22792,34.12904,3502.41528,12.82936,0.0,0.0,13827.538085826587,6.346226545281581,16526.66106,60.53722,31900.0,0.0,32600.0,5713000.0,0.0,179.1,0.0,0.0,0.0,0.0,0.0
2022,IDAHO,LINCOLN,1451.5759027678473,1.1043405595720583,37483.10748,137.30076,15147.47598,55.48526,0.0,0.0,45123.23924365782,20.709564994127053,24034.39584,88.03808,2450.0,0.0,8100.0,496000.0,0.0,202.4,0.0,0.0,0.0,0.0,0.0
2023,NORTH CAROLINA,PASQUOTANK,801.7437128618794,0.60994003472017,20745.25908,75.98996,6046.791660000001,22.14942,0.0,0.0,7919.356381404052,3.912181235822133,24873.843539999994,91.11298,22500.0,0.0,23200.0,4005000.0,0.0,178.0,0.0,0.0,0.0,0.0,0.0
2021,KANSAS,HARVEY,2093.8413120137857,1.5929800409932382,19282.90182,70.63334,10692.74388,39.16756,344.53286068661123,0.0,19781.49605860867,9.076768187897828,46747.58088,171.23656,66400.0,0.0,69600.0,10046000.0,0.0,151.3,0.0,0.0,0.0,0.0,0.0
2023,TENNESSEE,HAWKINS,137.15229807383173,0.104340112144129,1124.6398799999995,4.11956,4835.31048,17.711759999999998,0.0,0.0,18356.95415202228,8.4250275795293,32645.70582,119.58134,1060.0,0.0,1200.0,188900.0,0.0,178.2,0.0,0.0,0.0,0.0,0.0
2023,MINNESOTA,MAHNOMEN,750.5228876400098,0.5709801597122754,12916.22514,47.31218,3524.71938,12.91106,0.0,0.0,22350.81661704068,10.25803326979628,12365.0436,45.2932,48800.0,840.0,49700.0,8930000.0,16800.0,183.0,20.0,26300.0,27100.0,1767000.0,67.2
2023,NEW YORK,OSWEGO,0.0001068849183922,3.650873134220893e-07,7917.606060000001,29.00222,3129.42084,11.46308,0.0,0.0,35796.630329358864,16.429065262215044,17651.21904,64.65647999999999,7150.0,1300.0,8500.0,982000.0,22800.0,137.3,17.5,0.0,0.0,0.0,0.0
2021,OKLAHOMA,GARVIN,504.1157870568016,0.3835201546188708,654.18444,2.39628,2238.77472,8.20064,297.573431009449,0.0,30162.50595115768,14.89696856660852,8726.76168,31.96616,4060.0,0.0,4600.0,481000.0,0.0,118.5,0.0,0.0,0.0,0.0,0.0
2023,MISSOURI,SCOTLAND,775.8743053727056,0.5902600853655883,13944.7035,51.0795,5643.63618,20.67266,0.0,0.0,16442.634910206747,8.122701475366625,32785.43814,120.09318,49700.0,0.0,55700.0,8330000.0,0.0,167.6,0.0,0.0,0.0,0.0,0.0
2021,MARYLAND,WICOMICO,122.3700764559102,0.0931000529212632,10573.51386,38.73082,4239.28596,15.52852,576.3176989041499,0.0,12724.005534800965,5.838428414045872,27377.3409,100.2833,22700.0,0.0,24900.0,3952000.0,0.0,174.1,0.0,0.0,0.0,0.0,0.0
2023,KANSAS,COWLEY,779.2361114653509,0.5928603112755885,5277.39576,19.33112,3741.66702,13.70574,0.0,0.0,42149.20756488548,19.34461639162209,12607.02534,46.17958,28300.0,0.0,30400.0,3138000.0,0.0,110.9,0.0,0.0,0.0,0.0,0.0
2023,MISSOURI,LAFAYETTE,2855.2295184325326,2.172240132535637,27987.99822,102.52014,14194.6896,51.9952,0.0,0.0,23541.56875923812,10.804535677293543,80212.03008,293.81696,103500.0,0.0,107500.0,18288000.0,0.0,176.7,0.0,0.0,0.0,0.0,0.0
2023,LOUISIANA,RED RIVER,294.6528348566393,0.2241601034809514,2180.50014,7.98718,2450.73738,8.97706,4461.96289608,0.0,14932.829553055322,6.853506294291289,10670.93118,39.08766,6200.0,0.0,6300.0,805000.0,0.0,129.8,0.0,0.0,0.0,0.0,0.0
2021,NORTH DAKOTA,FOSTER,717.3348745213366,0.5457400422337169,11772.45342,43.12254,2532.3207,9.2759,146.7066932414736,0.0,24028.531960186247,11.025526777747915,33390.94668,122.31116,86000.0,3690.0,92300.0,7104000.0,46100.0,82.6,12.5,31900.0,32500.0,1193000.0,37.4
2022,NORTH CAROLINA,BRUNSWICK,0.000117241862954,3.989352045798777e-07,2636.6394600000003,9.65802,1389.0895200000002,5.08824,0.0,0.0,30230.29134340508,13.874362609187846,6962.3736,25.5032,6370.0,0.0,6500.0,898000.0,0.0,141.0,0.0,0.0,0.0,0.0,0.0
2022,IOWA,CLAY,340.8397984238553,0.2593202684305097,27087.31116,99.22092,9632.55384,35.28408,0.0,0.0,21234.1303879296,9.745523830592552,63778.74048000001,233.62176,137600.0,10300.0,149000.0,26341000.0,185000.0,191.4,18.0,0.0,0.0,0.0,0.0
2023,OHIO,FULTON,138.26571160274958,0.105220108870767,21578.44962,79.04194,7570.10436,27.72932,0.0,0.0,14881.553144122889,7.351523301443534,56914.82706,208.47922,80600.0,0.0,83100.0,16160000.0,0.0,200.5,0.0,0.0,0.0,0.0,0.0
2023,WASHINGTON,FRANKLIN,900.4526548601926,0.6850402048904302,54033.91266,197.92642,22294.36482000001,81.66434,0.0,0.0,46154.46478277982,22.80041740470224,90264.01566,330.63742,6100.0,0.0,12800.0,1368000.0,0.0,224.3,0.0,3100.0,3400.0,92600.0,29.9
2022,MINNESOTA,MURRAY,121.66443620659992,0.0925803283997409,24347.1774,89.1838,9898.6524,36.2588,0.0,0.0,26612.45587727292,12.213936629586826,71670.69,262.53,169500.0,6420.0,179500.0,32527000.0,112000.0,191.9,17.5,0.0,0.0,0.0,0.0
2023,MISSOURI,MONTGOMERY,511.0457302093437,0.388780171050029,19306.0959,70.7183,7742.48202,28.36074,0.0,0.0,20225.69435377504,9.282696428531017,42954.37146,157.34202000000002,52700.0,0.0,53700.0,7357000.0,0.0,139.6,0.0,0.0,0.0,0.0,0.0
2022,ARKANSAS,ASHLEY,4602.975071717424,3.5018602409034094,24329.05566,89.11742,11476.58694,42.03878,23377.76556381,0.0,34605.87818047924,17.09538764851173,48927.91176,179.22312,33600.0,0.0,34500.0,5541000.0,0.0,164.9,0.0,0.0,0.0,0.0,0.0
2023,ALABAMA,COVINGTON,242.87027473416768,0.184780359332159,1165.7373,4.2701,4211.61468,15.42716,0.0,0.0,38907.39909604167,19.22034940056465,37055.67138,135.73506,4240.0,0.0,4400.0,594000.0,0.0,140.1,0.0,0.0,0.0,0.0,0.0
2021,MISSOURI,DADE,2110.4707876106004,1.6056400247858011,3813.3732,13.9684,5101.10328,18.68536,137.8016604388054,0.0,18886.48313365278,8.666090207783089,21289.3863,77.9831,17200.0,0.0,18300.0,2386000.0,0.0,138.7,0.0,0.0,0.0,0.0,0.0
2023,IDAHO,LINCOLN,1567.1945216687611,1.192300302048997,40477.0002,148.2674,15185.7069,55.6253,0.0,0.0,45123.23924365783,22.29098949039257,27441.73068,100.51916,3690.0,0.0,15600.0,711000.0,0.0,192.7,0.0,2220.0,2300.0,208000.0,93.7
2021,NORTH CAROLINA,ONSLOW,279.7997167822202,0.2128601176076776,7477.49184,27.39008,4361.2296,15.9752,762.3201349966259,0.0,26519.74630119192,13.097844976243609,24960.89232,91.43184,11000.0,0.0,11300.0,1518000.0,0.0,138.0,0.0,0.0,0.0,0.0,0.0
2021,VIRGINIA,SOUTHAMPTON,21.711695597920446,0.0165201147879274,19819.40142,72.59854,7477.852200000001,27.3914,165.51775235077812,0.0,22392.425515008184,10.27479695986116,48466.236,177.53199999999998,14500.0,0.0,17500.0,2213000.0,0.0,152.6,0.0,0.0,0.0,0.0,0.0
2021,TEXAS,LAVACA,234.00047224095167,0.1780401674325598,16336.44012,59.84044,25607.27988,93.79956,17477.052151788,0.0,36353.48714031706,17.954634011274013,161505.72438,591.5960600000001,1980.0,0.0,2200.0,155800.0,0.0,78.7,0.0,0.0,0.0,0.0,0.0
2022,ILLINOIS,WABASH,111.52375611219487,0.0848600544569897,15577.0524,57.0588,7052.37624,25.83288,0.0,0.0,8358.054541372336,3.8359762430694193,35522.55252,130.11924,47300.0,0.0,48100.0,8599000.0,0.0,181.8,0.0,0.0,0.0,0.0,0.0
2023,MISSOURI,JACKSON,495.1892664757957,0.3767600784018075,6994.871520000001,25.62224,3645.00864,13.35168,0.0,0.0,14249.14410972617,6.539725006389762,17695.28124,64.81788,20500.0,0.0,21200.0,3827000.0,0.0,186.7,0.0,0.0,0.0,0.0,0.0
2022,NORTH DAKOTA,RENVILLE,4017.415363996829,3.0564001487371923,17691.0825,64.8025,6129.985680000001,22.45416,0.0,0.0,33494.88932864866,15.372668255864149,47085.33102,172.47374000000002,0.0,0.0,0.0,0.0,0.0,0.0,0.0,108200.0,111000.0,5551000.0,51.3
2022,NEW YORK,ONTARIO,2.5433723828500434,0.0019403143448955,13532.40252,49.56924,6686.2614,24.4918,0.0,0.0,23906.200993627263,11.809721199903812,34890.4101,127.8037,26100.0,15800.0,42100.0,3797000.0,300000.0,145.5,19.0,0.0,0.0,0.0,0.0
2021,MINNESOTA,CHIPPEWA,1989.4732407836668,1.5135600667121765,77424.88026,283.60762,28135.8168,103.0616,207.36741705446468,0.0,21850.85717465744,10.026297540570322,81358.34069999999,298.0159,142000.0,0.0,147000.0,26852000.0,0.0,189.1,0.0,670.0,700.0,33600.0,50.1
2022,IOWA,LEE,381.45516017715823,0.2902202085945378,17813.21724,65.24988,8119.25478,29.74086,0.0,0.0,19581.89056708345,9.673501374222052,40086.03144,146.83528,70900.0,1360.0,72600.0,12634000.0,25200.0,178.2,18.5,0.0,0.0,0.0,0.0
2021,INDIANA,DEARBORN,20.58697742996599,0.0156600566497722,2749.9836,10.0732,1427.68626,5.22962,326.1654411231589,0.0,11059.395491277468,5.074619678673002,8178.6159,29.9583,6490.0,0.0,6700.0,1017000.0,0.0,156.7,0.0,0.0,0.0,0.0,0.0
2022,NEBRASKA,DUNDY,0.0001344105262578,4.5735447594647227e-07,15216.77976,55.73912,12166.80738,44.567060000000005,0.0,0.0,34657.154586375626,15.906096447163506,63676.469220000006,233.24714,58500.0,0.0,86400.0,9916000.0,0.0,169.5,0.0,0.0,0.0,0.0,0.0
2022,MISSOURI,DE KALB,1183.7736402390342,0.9006001401492807,14600.8044,53.4828,5355.648480000001,19.61776,0.0,0.0,15827.31800847953,7.264036812813568,23684.51358,86.75646,38700.0,0.0,40600.0,5991000.0,0.0,154.8,0.0,0.0,0.0,0.0,0.0
2023,WISCONSIN,GREEN,223.53568869879115,0.1700801642368719,19090.61154,69.92898,9922.29966,36.34542,0.0,0.0,21729.802332178788,9.97301526332778,71306.54076,261.19611999999995,91800.0,14300.0,114000.0,17001000.0,272000.0,185.2,19.0,0.0,0.0,0.0,0.0
2022,MINNESOTA,SIBLEY,194.8642980225632,0.1482602657422933,34985.332200000004,128.1514,12790.73796,46.85252,0.0,0.0,21815.263007147507,10.776792769610903,56315.30814000001,206.28318,148700.0,4590.0,154000.0,30692000.0,101000.0,206.4,22.0,680.0,700.0,35100.0,51.6
2023,OHIO,CLINTON,38.454817053783664,0.0292601245842444,21374.43126,78.29462,6711.721379999999,24.58506,0.0,0.0,15092.356156072685,7.455660499984226,45293.22798,165.90926,71800.0,0.0,73500.0,15947000.0,0.0,222.1,0.0,0.0,0.0,0.0,0.0
2022,NEW YORK,SULLIVAN,0.0001430280020703,4.866768902242005e-07,112.97831999999998,0.41384,506.9337,1.8569,0.0,0.0,36879.13228182933,16.925885634970243,3819.72864,13.99168,0.0,1350.0,0.0,0.0,20900.0,0.0,15.5,0.0,0.0,0.0,0.0
2022,MISSISSIPPI,QUITMAN,6808.333032088286,5.179700041861687,31667.650560000005,115.99872,12235.10652,44.81724,80311.096783728,0.0,15229.093251304475,6.989478188533202,50148.178080000005,183.69296,9990.0,0.0,10200.0,1827000.0,0.0,182.9,0.0,0.0,0.0,0.0,0.0
2023,WISCONSIN,GREEN LAKE,45.81123484392489,0.034840117953401,10242.32664,37.51768,5610.65232,20.55184,0.0,0.0,13633.827211543414,6.735143668327356,42888.94428,157.10236,0.0,8210.0,0.0,0.0,185000.0,0.0,22.5,0.0,0.0,0.0,0.0
2023,MISSOURI,SCOTT,5839.84219111199,4.442860036152926,33037.08954,121.01498,21361.01058,78.24546,43491.4250562,0.0,15439.896255845766,7.08622741568712,110981.1885,406.5245000000001,69100.0,0.0,71100.0,12355000.0,0.0,178.8,0.0,0.0,0.0,0.0,0.0
2022,OKLAHOMA,GRANT,2957.818456037769,2.2502602627541384,17864.5467,65.4379,8650.68204,31.68748,0.0,0.0,37830.594519064936,18.68840533114661,46437.46926,170.10062000000002,6890.0,0.0,15000.0,241000.0,0.0,35.0,0.0,0.0,0.0,0.0,0.0
2023,NORTH DAKOTA,TOWNER,7094.188080772113,5.3971602123801485,24038.67648,88.05376000000001,6802.94706,24.91922,0.0,0.0,39072.6230680449,19.30197044296361,73577.08175999999,269.51312,0.0,0.0,0.0,0.0,0.0,0.0,0.0,185200.0,186500.0,9056000.0,48.9
2023,IOWA,SIOUX,145.99183121115595,0.1110802132266824,30021.02376,109.96712,13617.57852,49.88124,0.0,0.0,28338.761608881214,13.999416881027624,112384.56683999998,411.66508,191400.0,31200.0,245500.0,40462000.0,723000.0,211.4,23.0,0.0,0.0,0.0,0.0
2021,TEXAS,HUNT,1019.291672332097,0.7754600969528508,2848.05612,10.43244,10463.20548,38.32676,544.5800707374881,0.0,31747.305923866334,14.567297418124506,42667.21368,156.29016,6430.0,0.0,6900.0,320000.0,0.0,49.8,0.0,0.0,0.0,0.0,0.0
2022,MICHIGAN,WAYNE,4.22384505250407,0.0032200851861997,3272.3964,11.9868,1017.53106,3.72722,0.0,0.0,6529.195981730652,3.225438630936221,5805.830940000001,21.26678,890.0,0.0,1000.0,107200.0,0.0,120.4,0.0,0.0,0.0,0.0,0.0
2023,NORTH DAKOTA,RICHLAND,1266.6703695825277,0.9636603196184736,71251.60224,260.99488,25015.66704,91.63248,0.0,0.0,54051.03165015192,26.70134056538853,87560.97168,320.73616,309500.0,0.0,317000.0,51098000.0,0.0,165.1,0.0,44800.0,44900.0,2395000.0,53.5
2021,ARKANSAS,ASHLEY,5066.772558556728,3.8547200549278657,26698.75572,97.79764,12060.74688,44.17856,30706.75238418,0.0,34626.169188890075,17.101528461336812,59805.81516,219.06892,38900.0,0.0,39500.0,7235000.0,0.0,186.0,0.0,0.0,0.0,0.0,0.0
2021,NEBRASKA,OTOE,1141.9636987547128,0.8687800630387299,28728.19404,105.23148,12641.99664,46.30768,275.9931238395187,0.0,23048.008233100983,11.383187283159463,72665.53476000001,266.17412,130200.0,0.0,134000.0,23762000.0,0.0,182.5,0.0,0.0,0.0,0.0,0.0
2021,SOUTH CAROLINA,HORRY,181.64783469574783,0.138200172937051,24176.72712,88.55944,7147.544040000001,26.18148,1653.86511605808,0.0,38582.46840264672,17.703621645710268,44286.06546,162.22002,22000.0,0.0,23200.0,3001000.0,0.0,136.4,0.0,0.0,0.0,0.0,0.0
2021,TEXAS,WILLACY,1689.6905550626338,1.2854800430830955,26613.00096,97.48352,16897.86462,61.89694,159.39237443151185,0.0,23224.73052892103,10.656701323946116,72812.59439999999,266.7128,3280.0,0.0,3300.0,298000.0,0.0,90.9,0.0,0.0,0.0,0.0,0.0
2022,NEBRASKA,SIOUX,6.3295229778009245,0.0048210310211948,4479.80442,16.40954,4011.96978,14.69586,0.0,0.0,78128.15401217976,35.857356663813064,22376.1447,81.9639,12000.0,0.0,14500.0,2036000.0,0.0,169.7,0.0,0.0,0.0,0.0,0.0
2022,MICHIGAN,ARENAC,26.29702966661531,0.0200001680197204,22729.8981,83.25970000000001,8214.564540000001,30.08998,0.0,0.0,13776.261677620483,6.805506639594754,11818.88526,43.29262,13400.0,0.0,16900.0,2086000.0,0.0,155.7,0.0,0.0,0.0,0.0,0.0
2021,WISCONSIN,FOND DU LAC,217.43050051039893,0.1654201336181109,19661.64018,72.02066,10046.64024,36.80088000000001,414.3199028914176,0.0,26844.68731176868,13.258330183553726,67984.26726,249.02662,58500.0,45100.0,105500.0,11378000.0,1037000.0,194.5,23.0,0.0,0.0,0.0,0.0
2023,KANSAS,WICHITA,4.014440968294726,0.0030602507274472,15504.80022,56.794140000000006,10370.82774,37.98838,0.0,0.0,27148.00946961811,12.459731969514024,71977.42734000001,263.65358,64900.0,0.0,86300.0,4913000.0,0.0,75.7,0.0,0.0,0.0,0.0,0.0
2021,WISCONSIN,KENOSHA,85.46755130120204,0.0650200368293052,5642.37492,20.66804,2369.59086,8.67982,362.0899206528277,0.0,8334.451654519597,3.8242752427410034,15992.875080000002,58.58196,21800.0,5150.0,27400.0,3817000.0,103000.0,175.1,20.0,0.0,0.0,0.0,0.0
2023,MISSOURI,RALLS,344.4383807365084,0.2620401389345815,20196.24516,73.97892,6939.1303800000005,25.41806,0.0,0.0,18060.69045290153,8.289055684887362,38054.98242,139.39553999999998,56600.0,0.0,57900.0,5502000.0,0.0,97.2,0.0,0.0,0.0,0.0,0.0
2022,OHIO,FULTON,132.7055336925285,0.1009601844395026,20773.77666,76.09442,7320.23292,26.81404,0.0,0.0,14881.553144122889,7.35152330144353,43555.90512,159.54544,78300.0,0.0,81400.0,15683000.0,0.0,200.3,0.0,0.0,0.0,0.0,0.0
2021,WISCONSIN,IOWA,75.25666311437395,0.0572601388260253,16474.73646,60.34702,9056.3928,33.1736,260.1810483759046,0.0,28885.54483134704,13.2541741857369,59697.73446,218.67302,67000.0,11300.0,79700.0,12683000.0,266000.0,189.3,23.5,0.0,0.0,0.0,0.0
2022,MISSOURI,MONITEAU,1172.785476371144,0.892240125661796,9530.22798,34.90926,6871.0005,25.1685,0.0,0.0,15576.633346864885,7.148983674347475,29416.32876,107.75212,14600.0,0.0,16600.0,1674000.0,0.0,114.7,0.0,0.0,0.0,0.0,0.0
2023,PENNSYLVANIA,BERKS,1016.105388121076,0.7730201348926709,16000.08774,58.60838,9330.20634,34.17658,0.0,0.0,28948.38113026284,13.286022691205664,59643.45114,218.47418,27100.0,14400.0,41900.0,4550000.0,288000.0,167.9,20.0,0.0,0.0,0.0,0.0
2021,SOUTH DAKOTA,POTTER,5.1706158307185065e-05,1.6633729214966134e-07,8773.930620000001,32.13894,3845.81652,14.08724,210.47537167951623,0.0,32448.49440427698,14.889038770439564,36921.96144,135.24528,95100.0,0.0,103000.0,9852000.0,0.0,103.6,0.0,0.0,0.0,0.0,0.0
2021,NEBRASKA,VALLEY,73.9056935758907,0.0562201100830251,17558.63382,64.31734,11989.39014,43.91718,130.91334922217862,0.0,21474.609697628744,10.6061010369559,85877.64822,314.57014000000004,73600.0,0.0,75800.0,16921000.0,0.0,229.9,0.0,0.0,0.0,0.0,0.0
2021,INDIANA,LAWRENCE,0.0346469767256395,2.008678338451202e-05,7871.23428,28.83236,3013.1774399999995,11.03728,521.5243572691938,0.0,16931.136397032136,8.362123727782258,16482.29856,60.37472,18700.0,0.0,19200.0,3598000.0,0.0,192.4,0.0,0.0,0.0,0.0,0.0
2021,ALABAMA,ELMORE,77.71761350369499,0.0591201073673918,817.89708,2.99596,2988.43818,10.94666,407.63082039188686,0.0,23253.23413236825,11.484546360398902,23627.62038,86.54806,2900.0,0.0,3000.0,428000.0,0.0,147.6,0.0,0.0,0.0,0.0,0.0
2022,GEORGIA,BLECKLEY,2284.414580683197,1.737960069614755,837.56946,3.06802,3676.42548,13.46676,0.0,0.0,8158.646288109062,3.744456701242609,19598.6427,71.78989999999999,4180.0,0.0,4300.0,859000.0,0.0,205.5,0.0,0.0,0.0,0.0,0.0
2022,TEXAS,FORT BEND,927.1193486205754,0.7053402274658911,24101.41188,88.28356,15009.523620000002,54.97994,129366.12098448,0.0,26293.40266324864,12.989004607321354,84413.04144,309.20528,19200.0,0.0,21700.0,1396000.0,0.0,72.7,0.0,0.0,0.0,0.0,0.0
2022,MARYLAND,BALTIMORE,4.17678122784236,0.0031802084146978,5466.4974,20.0238,2881.53138,10.55506,0.0,0.0,15793.133735906327,7.801846321946686,17445.28422,63.90214,14100.0,0.0,15700.0,2472000.0,0.0,175.3,0.0,0.0,0.0,0.0,0.0
2023,WISCONSIN,CRAWFORD,7.088103611094485,0.0054001966691779,5114.72598,18.73526,2937.51276,10.76012,0.0,0.0,21490.51242140637,9.86319180998878,20330.07522,74.46914000000001,31500.0,3330.0,36900.0,4867000.0,65000.0,154.5,19.5,0.0,0.0,0.0,0.0
2023,TEXAS,MILAM,183.05884662399689,0.1392603379896304,31703.33712,116.12944,34958.56728,128.05336,0.0,0.0,38451.60879433935,18.99518788744264,208705.26768,764.48816,41400.0,0.0,41600.0,3941000.0,0.0,95.2,0.0,0.0,0.0,0.0,0.0
2022,ILLINOIS,CLARK,253.792377540048,0.1931001953304096,29991.44148,109.85876,12960.71868,47.47516,0.0,0.0,18841.231338601803,8.647289324003932,68424.35418,250.63866,88900.0,0.0,90500.0,18411000.0,0.0,207.1,0.0,0.0,0.0,0.0,0.0
2022,NEBRASKA,PLATTE,156.82730808828694,0.1193002982904282,40331.99352,147.73624,32231.23722,118.06314,0.0,0.0,25655.29625219606,12.673778494547893,161569.61184,591.8300800000001,195500.0,0.0,199000.0,33411000.0,0.0,170.9,0.0,0.0,0.0,0.0,0.0
2021,IOWA,CLAYTON,224.5634254831776,0.1708401499139684,22868.78412,83.76844,12479.50704,45.71248,290.1232562399031,0.0,29244.690134897435,13.418968529725886,78221.68536,286.52632,128400.0,0.0,142500.0,25077000.0,0.0,195.3,0.0,0.0,0.0,0.0,0.0
2023,PENNSYLVANIA,LANCASTER,473.73306487788864,0.3604202220743364,25478.31468,93.32716,15897.641760000002,58.23312,0.0,0.0,30771.542316735024,14.122772794232064,110359.4856,404.2472,38200.0,30600.0,69000.0,6960000.0,732000.0,182.2,24.0,0.0,0.0,0.0,0.0
2023,KANSAS,BROWN,1609.185106184594,1.224240137599217,30455.80356,111.55972,12940.822440000002,47.40228,0.0,0.0,21393.656993125936,10.568518377409289,76424.82666,279.94442000000004,124200.0,0.0,126000.0,23427000.0,0.0,188.6,0.0,0.0,0.0,0.0,0.0
2023,ILLINOIS,BOND,84.65139662668106,0.0644001102946328,18762.0615,68.7255,6939.823800000001,25.420600000000004,0.0,0.0,14437.157606336632,7.131990829298084,45480.83904,166.59648,74300.0,0.0,75500.0,14451000.0,0.0,194.5,0.0,0.0,0.0,0.0,0.0
2023,NORTH DAKOTA,DIVIDE,2614.3078479036767,1.98894030266176,6886.59426,25.22562,2624.2398,9.6126,0.0,0.0,48695.49567765869,22.34907222001904,36161.48718,132.45966,0.0,0.0,0.0,0.0,0.0,0.0,0.0,71200.0,75200.0,2300000.0,32.3
2023,ARKANSAS,DESHA,11504.5813422242,8.752540048791012,47680.0779,174.6523,20749.46874,76.00538,138138.397758,0.0,29341.500259407203,13.46644693139569,92080.1427,337.2899,37600.0,0.0,38100.0,7230000.0,0.0,192.3,0.0,0.0,0.0,0.0,0.0
2021,MISSOURI,WARREN,269.5437813446557,0.2050400699260389,8180.04096,29.96352,3363.6111600000004,12.32092,349.91384537530087,0.0,16383.867348695538,8.091832863231755,17872.14156,65.46572,17300.0,0.0,18600.0,2604000.0,0.0,150.5,0.0,0.0,0.0,0.0,0.0
2023,MISSOURI,PLATTE,1009.7588693783024,0.7682000880218322,16622.78436,60.88932,6257.356559999999,22.92072,0.0,0.0,14556.802558381753,7.19109572542965,34129.10046,125.01502,42000.0,0.0,43700.0,7001000.0,0.0,166.7,0.0,0.0,0.0,0.0,0.0
2022,MINNESOTA,ANOKA,15.67042753713826,0.0119201616348557,7967.9964,29.1868,3402.93408,12.46496,0.0,0.0,12619.693802476168,5.791879603259992,20901.03834,76.56058,4310.0,0.0,4500.0,657000.0,0.0,152.4,0.0,0.0,0.0,0.0,0.0
2022,ALABAMA,ESCAMBIA,578.1005578172945,0.4398202601531446,1061.30934,3.88758,3362.75394,12.31778,0.0,0.0,35169.9186720538,16.141432414549726,20446.84278,74.89686,6800.0,0.0,6800.0,1136000.0,0.0,167.1,0.0,0.0,0.0,0.0,0.0
2022,LOUISIANA,AVOYELLES,15661.28724121097,11.914879999999998,41744.528280000006,152.91036,17696.919240000003,64.82388,264738.42733086,0.0,32184.49223784885,14.771254124810875,52309.90128,191.61136,15400.0,0.0,16300.0,2758000.0,0.0,179.1,0.0,0.0,0.0,0.0,0.0
2023,KENTUCKY,BATH,3.162487080461343e-05,9.7817906538662e-08,780.40872,2.85864,4828.95504,17.688480000000002,0.0,0.0,10591.42698928069,5.232190588788448,28044.95148,102.72876,1800.0,0.0,2000.0,352000.0,0.0,195.6,0.0,0.0,0.0,0.0,0.0
2022,GEORGIA,PEACH,336.66781805432134,0.2561200612118671,423.2319,1.5502999999999998,1387.94292,5.08404,0.0,0.0,5401.115000760503,2.6681638937363283,7169.28576,26.261120000000005,1520.0,0.0,1700.0,188800.0,0.0,124.2,0.0,0.0,0.0,0.0,0.0
2021,GEORGIA,BEN HILL,9990.86850324549,7.60092001094234,1252.8570599999998,4.58922,6589.18806,24.13622,242.9464384514668,0.0,9389.084730175016,4.637177704038642,42178.42902,154.49973999999995,3750.0,0.0,3800.0,859000.0,0.0,229.1,0.0,0.0,0.0,0.0,0.0
2021,COLORADO,BENT,227.286447059202,0.1729202831239769,7188.799800000001,26.3326,6886.435920000001,25.225040000000003,134.85204014905528,0.0,57218.1198804121,28.259473356729565,39903.7548,146.1676,4420.0,0.0,5400.0,819000.0,0.0,185.3,0.0,0.0,0.0,0.0,0.0
2023,KANSAS,SHAWNEE,848.5228040297784,0.6455601520769024,14501.78184,53.12008,7348.37376,26.917120000000004,0.0,0.0,18431.02007019292,8.459020550156296,38755.86078,141.96286,35500.0,0.0,36000.0,4895000.0,0.0,137.9,0.0,0.0,0.0,0.0,0.0
2023,WISCONSIN,WAUKESHA,62.16574257479565,0.0472801450695887,9727.07736,35.63032,4087.1376,14.9712,0.0,0.0,15827.318007172147,7.818733434758081,30285.052980000004,110.93426,19200.0,440.0,19700.0,3310000.0,8600.0,172.4,19.5,0.0,0.0,0.0,0.0
2023,NEW YORK,MONTGOMERY,74.61148297868803,0.0567601473509835,3880.09986,14.21282,4329.46878,15.85886,0.0,0.0,15137.93518587975,6.947640680581743,34723.04472,127.19064,8760.0,10800.0,19800.0,1307000.0,184000.0,149.2,17.0,0.0,0.0,0.0,0.0
2023,LOUISIANA,MADISON,6749.883393309886,5.13522009361344,45525.62196,166.76052,26692.42758,97.77446,27236.82129840001,0.0,23382.04215360601,11.550785463240087,156748.19160000002,574.1692,82200.0,0.0,85100.0,14393000.0,0.0,175.1,0.0,0.0,0.0,0.0,0.0
2021,ILLINOIS,GRUNDY,309.87013388478744,0.2357200429874983,24362.20332,89.23884,10053.75462,36.82694,346.2045487408613,0.0,15483.153695055951,7.64697914293704,64703.93202000001,237.01074,101700.0,0.0,103000.0,20482000.0,0.0,201.4,0.0,0.0,0.0,0.0,0.0
2021,OHIO,HAMILTON,7.977849578912322,0.0060800308607183,1473.3045599999998,5.39672,775.11252,2.83924,543.4217896665436,0.0,6202.382625334747,3.0632965031920443,4204.94256,15.40272,3240.0,0.0,3500.0,543000.0,0.0,167.6,0.0,0.0,0.0,0.0,0.0
2022,IOWA,DELAWARE,201.2270027413328,0.1530802831687385,23358.742680000003,85.56316,12843.14304,47.04448,0.0,0.0,21667.13116499564,9.944251977894542,66670.7223,244.2151,161400.0,15700.0,178000.0,37251000.0,267000.0,230.8,17.0,0.0,0.0,0.0,0.0
2022,ARKANSAS,DREW,3703.0945784552914,2.8172601948042777,14891.582159999998,54.54792,6661.0853400000005,24.39958,31427.705675052,0.0,31147.5693150402,14.295352504631326,25253.06784,92.50208,11600.0,0.0,11800.0,2130000.0,0.0,183.6,0.0,0.0,0.0,0.0,0.0
2021,ILLINOIS,HENRY,708.1511814806704,0.5387401425362869,48586.60170000001,177.9729,21802.82286,79.86382,423.11654754495095,0.0,30424.73903973202,13.960435683061084,138018.88464,505.56368,224500.0,0.0,227000.0,45461000.0,0.0,202.5,0.0,0.0,0.0,0.0,0.0
2021,ILLINOIS,KANE,446.7935532163868,0.3399200410072819,20251.40208,74.18096000000001,8565.51696,31.37552,465.98984772622975,0.0,13584.81415390523,6.709407691842574,55329.974700000006,202.6739,71000.0,0.0,71900.0,14662000.0,0.0,206.5,0.0,0.0,0.0,0.0,0.0
2021,TEXAS,SWISHER,7.55459365237862,0.0057401727045435,26960.43168,98.75616,21824.90856,79.94472,197.6460427985484,0.0,33765.360567460215,16.67638344864883,120986.27814,443.17318,4150.0,0.0,5600.0,780000.0,0.0,188.0,0.0,0.0,0.0,0.0,0.0
2022,OHIO,ALLEN,20.40622838724744,0.0155201644069409,19299.07434,70.69258,6234.954180000001,22.83866,0.0,0.0,14049.735856317631,6.940603546319791,35939.73474,131.64738,59000.0,0.0,62300.0,11499000.0,0.0,194.9,0.0,0.0,0.0,0.0,0.0
2023,MINNESOTA,WINONA,43.880705516427525,0.03338022341147,12486.19554,45.73698,6617.9349600000005,24.24152,0.0,0.0,23387.739527501835,11.553599979745629,48202.38696,176.56552,62500.0,15800.0,82700.0,12363000.0,384000.0,197.8,24.5,390.0,400.0,20200.0,51.8
2021,VIRGINIA,DINWIDDIE,3.020431769179169e-05,9.716646102834896e-08,2497.61148,9.14876,906.43644,3.3202800000000003,468.0102207335513,0.0,18954.89175166423,9.361636830350012,4684.18314,17.158179999999998,5800.0,0.0,7100.0,1028000.0,0.0,177.2,0.0,0.0,0.0,0.0,0.0
2022,MICHIGAN,JACKSON,12.844177278341476,0.0097803306824205,14765.5053,54.0861,6267.697800000001,22.9586,0.0,0.0,25495.769642351257,11.701427187716302,37219.70616,136.33592,48200.0,0.0,56600.0,8237000.0,0.0,170.9,0.0,0.0,0.0,0.0,0.0
2022,SOUTH DAKOTA,HAND,28.55738670403325,0.0217207036605867,13989.43728,51.24336,6288.70788,23.03556,0.0,0.0,54199.1635023561,26.77451805920376,46700.58666,171.06441999999998,169000.0,0.0,185500.0,20539000.0,0.0,121.5,0.0,15500.0,15800.0,780000.0,50.3
2021,IOWA,MONROE,462.5894549551176,0.3519200490436648,12947.2161,47.4257,5380.6116,19.7092,250.378975979275,0.0,16115.933539678848,7.394819503936005,30546.4068,111.8916,28600.0,0.0,30500.0,4751000.0,0.0,166.1,0.0,0.0,0.0,0.0,0.0
2022,VIRGINIA,CULPEPER,5.453315449823776e-05,1.855582519586713e-07,2151.27822,7.88014,3785.77836,13.86732,0.0,0.0,14061.130613406238,6.946232583923586,20503.73598,75.10526,6500.0,0.0,7900.0,1227000.0,0.0,188.8,0.0,0.0,0.0,0.0,0.0
2022,IOWA,DAVIS,791.9469055015296,0.602500224578559,15017.03658,55.00746,6714.68616,24.59592,0.0,0.0,18881.11299208712,8.665593233669359,31704.030540000003,116.13198,39800.0,3210.0,43600.0,6165000.0,59000.0,154.9,18.5,0.0,0.0,0.0,0.0
2021,LOUISIANA,MADISON,6869.620862397512,5.22632,46560.95262,170.55293999999998,26365.81038,96.57806,1142.3236217205415,0.0,23395.752113848223,10.735174826501824,144015.58080000005,527.5296,63700.0,0.0,65200.0,11861000.0,0.0,186.2,0.0,0.0,0.0,0.0,0.0
2023,SOUTH CAROLINA,SUMTER,391.338590841452,0.2977201578379288,6816.35136,24.96832,8754.58584,32.06808,0.0,0.0,24082.81973576389,11.052945863804492,58788.21858,215.34146,27200.0,0.0,28400.0,4347000.0,0.0,159.8,0.0,0.0,0.0,0.0,0.0
2023,ARKANSAS,LINCOLN,9049.350208288295,6.884620099100549,26165.2209,95.8433,11690.77182,42.82334,123427.66824,0.0,21689.92068658136,9.954711357282536,50308.40724,184.27988,19900.0,0.0,20100.0,3616000.0,0.0,181.7,0.0,0.0,0.0,0.0,0.0
2021,KANSAS,SUMNER,4356.839668491833,3.314620099986583,32220.306300000004,118.0231,16744.77714,61.33618,287.5616945898847,0.0,43998.15175179324,20.188615813675064,77707.37520000001,284.6424,38900.0,0.0,40800.0,4458000.0,0.0,114.6,0.0,0.0,0.0,0.0,0.0
2021,OKLAHOMA,CREEK,12.46577758209066,0.0094801855952462,727.69788,2.66556,3117.28872,11.41864,547.1335357889761,0.0,36205.26843137434,17.881430231333496,14232.62022,52.13414,270.0,0.0,300.0,34800.0,0.0,128.9,0.0,0.0,0.0,0.0,0.0
2021,IOWA,WEBSTER,242.18817718673063,0.1842401223397622,44588.2983,163.32709999999997,16202.271539999998,59.34898,287.4470824552454,0.0,26394.33048044304,13.035903321180973,110639.15226,405.27162,193300.0,0.0,196500.0,41791000.0,0.0,216.2,0.0,0.0,0.0,0.0,0.0
2023,NEW YORK,JEFFERSON,0.473180789353915,0.0003604354457229,15189.23952,55.63824,9067.24728,33.213359999999994,0.0,0.0,47174.29556995557,23.30421628394845,65384.87592,239.50504,20400.0,18500.0,39300.0,3260000.0,379000.0,159.8,20.5,0.0,0.0,0.0,0.0
2021,ILLINOIS,RANDOLPH,854.5948310404784,0.6501600339007535,25785.537960000005,94.45252,9936.7359,36.3983,328.9328420200392,0.0,21856.557888893345,10.02891332157452,51278.43084,187.83308,64900.0,0.0,65900.0,12052000.0,0.0,185.7,0.0,0.0,0.0,0.0,0.0
2021,IDAHO,ELMORE,982.5127115926329,0.7474805553819996,49019.24118,179.55766000000003,26611.14456,97.47672,319.48079363364724,0.0,116397.28720452957,53.40906423485091,44926.77462,164.56694000000002,10600.0,0.0,21700.0,2281000.0,0.0,215.2,0.0,0.0,0.0,0.0,0.0
2022,TENNESSEE,MADISON,563.047682236161,0.4283602161490275,13800.1227,50.5499,5354.65476,19.61412,0.0,0.0,19496.42988557781,8.947996390253936,22395.52224,82.03488,18800.0,0.0,20000.0,2436000.0,0.0,129.6,0.0,0.0,0.0,0.0,0.0
2023,TEXAS,NUECES,2395.515022913066,1.8224800787211808,21606.95082,79.14634000000001,9565.19928,35.03736,0.0,0.0,28224.81404787317,12.95393750025905,66818.9886,244.7582,35000.0,0.0,36400.0,3129000.0,0.0,89.4,0.0,0.0,0.0,0.0,0.0
2021,OHIO,NOBLE,2.399994205883512e-05,7.720715490210114e-08,860.8782,3.1534,1114.3259400000002,4.08178,130.61648845798476,0.0,15061.300454241376,6.91089958142653,6829.44444,25.01628,530.0,0.0,700.0,88600.0,0.0,167.2,0.0,0.0,0.0,0.0,0.0
2022,KANSAS,FORD,202.27436996171443,0.1538805135404035,21526.53048,78.85176000000001,15683.72442,57.44954,0.0,0.0,41038.21872143668,18.834721799682136,84936.71549999999,311.12350000000004,34900.0,0.0,44600.0,6282000.0,0.0,180.0,0.0,0.0,0.0,0.0,0.0
2022,CALIFORNIA,IMPERIAL,145594.45642238582,110.7663601552594,51269.99514,187.80218,67397.68854,246.87798,0.0,0.0,157093.82268545052,72.09909540209868,189317.78502,693.4717400000001,920.0,0.0,2600.0,122600.0,0.0,133.3,0.0,0.0,0.0,0.0,0.0
2021,MINNESOTA,CLEARWATER,429.9633536133794,0.3271201767471528,16769.090519999998,61.42524,4722.583320000001,17.298840000000002,166.93365103918234,0.0,38667.97919118586,19.097739142700743,19432.95354,71.18298,6830.0,1290.0,8600.0,676000.0,14500.0,99.0,11.0,0.0,0.0,0.0,0.0
2023,MICHIGAN,MACOMB,3.178167251030438,0.0024200843475546,7264.72656,26.61072,2133.62604,7.81548,0.0,0.0,9132.89804475142,4.191595036455618,12441.60918,45.57366,10700.0,0.0,11800.0,1868000.0,0.0,174.6,0.0,0.0,0.0,0.0,0.0
2021,COLORADO,LINCOLN,0.000154836870756,4.98105963577413e-07,2792.0529,10.2273,1483.92972,5.43564,235.45336159007,0.0,97168.76091343528,47.99070671805989,13214.98542,48.40654000000001,18000.0,0.0,22600.0,684000.0,0.0,38.0,0.0,0.0,0.0,0.0,0.0
2022,ILLINOIS,CASS,292.6984085141473,0.2226601665273923,18713.4129,68.5473,10017.99708,36.69596,0.0,0.0,14385.881197985258,6.602481263783387,51002.00742,186.82054,77700.0,0.0,79200.0,16698000.0,0.0,214.9,0.0,0.0,0.0,0.0,0.0
2022,GEORGIA,BANKS,3.3961693053044914e-05,1.1556038623592939e-07,295.50612,1.08244,1270.19256,4.65272,0.0,0.0,8756.871049642057,4.325915510680666,6225.5739,22.8043,420.0,0.0,600.0,45400.0,0.0,108.1,0.0,0.0,0.0,0.0,0.0
2021,MARYLAND,MONTGOMERY,0.1093365182047739,8.005312800972141e-05,5052.24174,18.50638,2605.57206,9.54422,987.7673364295554,0.0,10381.0098931304,5.127079902380595,17058.03918,62.48366,10200.0,0.0,11200.0,1824000.0,0.0,178.8,0.0,0.0,0.0,0.0,0.0
2021,ILLINOIS,LAWRENCE,354.3067303100365,0.2695600306835746,26943.83874,98.69538,12172.04352,44.58624,205.0607930761576,0.0,13909.755154888906,6.869892894414753,70097.39646,256.76702,74800.0,0.0,75800.0,14294000.0,0.0,191.1,0.0,0.0,0.0,0.0,0.0
2021,NEBRASKA,LANCASTER,828.1884849812117,0.6300600837584522,29023.73292,106.31404,14596.96056,53.46872,1518.3986563488122,0.0,28896.94626810379,13.259405751546858,79237.97154,290.24898,132200.0,0.0,136000.0,23955000.0,0.0,181.2,0.0,0.0,0.0,0.0,0.0
2022,IOWA,HARRISON,410.5719924235185,0.3123603166194906,36693.23658,134.40746,18315.4608,67.08959999999999,0.0,0.0,26116.783931861617,12.901754526184767,96378.9645,353.03650000000005,172200.0,0.0,176000.0,29687000.0,0.0,172.4,0.0,0.0,0.0,0.0,0.0
2023,ILLINOIS,PULASKI,719.9127694846501,0.5477000312444095,9839.6298,36.0426,3195.06096,11.70352,0.0,0.0,7526.237252550222,3.717979433898424,17684.18106,64.77722,16000.0,0.0,16200.0,2587000.0,0.0,161.7,0.0,0.0,0.0,0.0,0.0
2021,KANSAS,BUTLER,361.6968097576312,0.2751802248597175,8517.878459999998,31.20102,4679.86428,17.14236,433.9728078525861,0.0,53193.412033266,24.407874344729905,21176.9649,77.5713,63600.0,0.0,66500.0,8141000.0,0.0,128.0,0.0,0.0,0.0,0.0,0.0
2021,MICHIGAN,GRAND TRAVERSE,2.771530024435891e-05,8.915936021340212e-08,4330.96482,15.86434,1903.902,6.974,297.5701162205576,0.0,17392.894663515686,7.980754969670424,13967.43894,51.162780000000005,5250.0,0.0,6300.0,823000.0,0.0,156.8,0.0,0.0,0.0,0.0,0.0
2021,KANSAS,BROWN,1650.0602049618722,1.2553200848391208,31261.90158,114.51246,12811.49688,46.92856,329.0997077244782,0.0,21406.20107224805,9.822266442368944,70123.37514,256.86218,119400.0,0.0,125000.0,24298000.0,0.0,203.5,0.0,0.0,0.0,0.0,0.0
2023,SOUTH DAKOTA,DAVISON,152.5840052903208,0.1160801560541799,9612.4938,35.2106,4365.44472,15.99064,0.0,0.0,16362.871609947344,8.083298211824296,38849.93658,142.30746000000002,77500.0,0.0,79900.0,12292000.0,0.0,158.6,0.0,0.0,0.0,0.0,0.0
2022,KANSAS,GOVE,1.3359364331235335,0.0010205323145962,8368.14888,30.65256,4538.91984,16.626079999999998,0.0,0.0,40337.44114193714,18.51309597954307,36230.00472,132.71064,50900.0,0.0,110000.0,2957000.0,0.0,58.1,0.0,0.0,0.0,0.0,0.0
2023,INDIANA,PORTER,47.33920072982354,0.0360201400082647,12756.92418,46.72866,6404.77656,23.46072000000001,0.0,0.0,13804.74857164938,6.8195792342501,47406.3954,173.64979999999997,52700.0,0.0,54000.0,10630000.0,0.0,201.7,0.0,0.0,0.0,0.0,0.0
2021,SOUTH DAKOTA,MEADE,0.0002089866264902,6.723042415830163e-07,1738.16916,6.36692,1321.54386,4.84082,428.02223209656256,0.0,131150.7488131404,64.77408030089539,8049.18114,29.48418,6090.0,0.0,15400.0,251000.0,0.0,41.2,0.0,6000.0,7100.0,67100.0,11.2
2021,TENNESSEE,WHITE,335.1994995447334,0.2550200627387,286.85748,1.05076,1003.64082,3.67634,340.24230206196523,0.0,14154.886086220537,6.990960679189137,4256.38122,15.59114,3870.0,0.0,4200.0,693000.0,0.0,179.1,0.0,0.0,0.0,0.0,0.0
2021,ILLINOIS,STARK,238.1716937537312,0.181200046627441,18666.24396,68.37451999999999,8346.9204,30.574800000000003,143.88690697355054,0.0,10825.665999972964,5.346691232331446,53357.66436,195.44932,85000.0,0.0,86100.0,18462000.0,0.0,217.2,0.0,0.0,0.0,0.0,0.0
2021,VIRGINIA,CAMPBELL,2.925958114409176e-05,9.41272694835888e-08,752.83572,2.7576400000000003,2238.81294,8.20078,319.309296702894,0.0,18362.01694554471,9.068821725232477,12301.69122,45.06114,1800.0,0.0,3200.0,207000.0,0.0,115.0,0.0,0.0,0.0,0.0,0.0
2021,PENNSYLVANIA,BUCKS,65.96096320109233,0.0502000750565159,4295.6004,15.7348,3367.20384,12.334079999999998,660.3362062691155,0.0,15209.519161730606,6.978909950561583,19567.67904,71.67648000000001,10500.0,1620.0,12300.0,1738000.0,33200.0,165.5,20.5,0.0,0.0,0.0,0.0
2022,PENNSYLVANIA,FRANKLIN,419.28794426479726,0.3189602874134855,14063.50218,51.51466,8853.89232,32.43184,0.0,0.0,27432.87840406743,12.590474172681873,42120.95706,154.28922,23900.0,22100.0,47500.0,4240000.0,442000.0,177.4,20.0,0.0,0.0,0.0,0.0
2023,VIRGINIA,HALIFAX,261.41673042460394,0.1988802846664197,1553.56656,5.690720000000001,3455.92338,12.65906,0.0,0.0,30822.81872334321,15.226547112813678,18582.26916,68.06692,3420.0,0.0,4200.0,461000.0,0.0,134.8,0.0,0.0,0.0,0.0,0.0
2022,MICHIGAN,LIVINGSTON,3.150614977128359,0.0024002551801892,9418.93134,34.50158,3749.82426,13.73562,0.0,0.0,19336.9032819794,8.874780756339131,22439.81376,82.19712000000001,17600.0,0.0,20100.0,2709000.0,0.0,153.9,0.0,0.0,0.0,0.0,0.0
2023,ILLINOIS,KANKAKEE,283.67063462059343,0.2158001590425849,39772.31076,145.68612000000002,18554.51052,67.96524000000001,0.0,0.0,24538.6100222134,12.122132791937831,129150.1848,473.0776,170600.0,0.0,172500.0,35400000.0,0.0,207.5,0.0,0.0,0.0,0.0,0.0
2021,TENNESSEE,HENRY,56.75067207666837,0.0431601031092032,11742.4125,43.0125,4846.47072,17.752640000000003,271.7990174669325,0.0,21332.09172293661,9.788261259835584,29967.60858,109.77146,38000.0,0.0,41000.0,6755000.0,0.0,177.8,0.0,0.0,0.0,0.0,0.0
2023,IOWA,WRIGHT,540.836990344442,0.4114601723007547,36772.77786,134.69881999999998,14182.0224,51.9488,0.0,0.0,21678.5259206316,9.949481665221755,104770.36752,383.77424,169400.0,0.0,171000.0,34304000.0,0.0,202.5,0.0,0.0,0.0,0.0,0.0
2023,NORTH CAROLINA,NASH,2216.576134994654,1.6863401189638076,29882.99496,109.46152,8966.70138,32.845060000000004,0.0,0.0,19462.24561285936,9.61439647701407,22639.54056,82.92872,3690.0,0.0,3800.0,439000.0,0.0,119.0,0.0,0.0,0.0,0.0,0.0
2021,NEW YORK,SCHUYLER,35.44933708263846,0.026980055386588,3365.44572,12.32764,2101.01892,7.69604,146.3257110974078,0.0,12507.37820052115,5.739028647183221,14970.79038,54.83806,1640.0,2710.0,4500.0,250000.0,51000.0,152.4,19.0,0.0,0.0,0.0,0.0
2023,IOWA,CLAY,356.2941469576059,0.271060159332306,28114.85586,102.98482,9998.73966,36.62542,0.0,0.0,21234.1303879296,9.745523830592555,83786.80128000001,306.91136,140800.0,4130.0,145000.0,28709000.0,85000.0,203.9,20.5,0.0,0.0,0.0,0.0
2021,NORTH CAROLINA,PENDER,18.794991691918387,0.0143001662608206,6271.083,22.971,3122.10444,11.43628,445.18065901757217,0.0,32482.69871233793,14.904733466855692,19771.861200000003,72.4244,15500.0,0.0,15900.0,2353000.0,0.0,151.8,0.0,0.0,0.0,0.0,0.0
2022,MICHIGAN,SANILAC,675.0655796642345,0.5135804055330563,49805.10444,182.43628,24852.60414,91.03518,0.0,0.0,35996.03858029791,17.782130253469404,55724.317740000006,204.11838000000003,83700.0,0.0,112000.0,14669000.0,0.0,175.3,0.0,0.0,0.0,0.0,0.0
2021,LOUISIANA,SAINT LANDRY,42134.03322079872,32.05502,40707.87084,149.11308,20993.38878,76.89886,113833.942082568,0.0,34392.43969213497,15.78102088825135,72690.21942,266.26454,6430.0,0.0,7100.0,1008000.0,0.0,156.8,0.0,0.0,0.0,0.0,0.0
2021,NEBRASKA,BOYD,6.21387233606066,0.004700104133988,4914.62244,18.002280000000003,2778.1299000000004,10.1763,228.9816515592688,0.0,20328.76512139305,10.040179536201192,20731.43982,75.93934,31900.0,0.0,41300.0,4855000.0,0.0,152.2,0.0,0.0,0.0,0.0,0.0
2023,TENNESSEE,BLOUNT,2.280838091454662,0.0017401982372238,598.09386,2.19082,4445.4228,16.2836,0.0,0.0,19707.23289752761,9.735420789083763,27843.29184,101.99008,1000.0,0.0,1200.0,151600.0,0.0,151.6,0.0,0.0,0.0,0.0,0.0
2022,NEW YORK,SCHUYLER,33.388304885698815,0.0254001518259255,3194.60778,11.701859999999998,2132.9217,7.8129,0.0,0.0,12500.04885043105,5.736967878123906,12718.147260000002,46.58662,2070.0,1880.0,4100.0,223000.0,21600.0,107.7,11.5,0.0,0.0,0.0,0.0
2023,TEXAS,LAVACA,228.4143990465763,0.1737803347630769,16073.79228,58.87836,25555.38804,93.60948,12294.4369806,0.0,36332.18391993182,16.674860601328863,174653.5245,639.7565,2300.0,0.0,2300.0,234000.0,0.0,101.7,0.0,0.0,0.0,0.0,0.0
2023,NEBRASKA,HAYES,0.8861002902917224,0.000680248359612,11546.76978,42.29586,8080.800000000001,29.6,0.0,0.0,26891.62742786125,13.284529090146393,57224.39268,209.61316,72300.0,0.0,73400.0,9580000.0,0.0,132.5,0.0,0.0,0.0,0.0,0.0
2022,TEXAS,MCLENNAN,28.312698969922067,0.0215404723962914,6130.16586,22.45482,5627.802180000001,20.61466,0.0,0.0,37209.58023304094,18.38162276954029,24724.82376,90.56712,33200.0,0.0,60600.0,2032000.0,0.0,61.2,0.0,0.0,0.0,0.0,0.0
2023,SOUTH DAKOTA,HANSON,268.5024989335287,0.2042601318122836,11408.08578,41.78786,5179.85286,18.97382,0.0,0.0,16248.924035574935,8.027007834064058,46553.87646000001,170.52702,91400.0,0.0,93100.0,15355000.0,0.0,168.0,0.0,0.0,0.0,0.0,0.0
2021,VIRGINIA,CHARLES CITY,7.509671309586628,0.0057200363826296,1671.20772,6.12164,644.87514,2.3621800000000004,111.18519741598976,0.0,7097.39556066863,3.5053346941158043,3863.46324,14.151879999999998,5750.0,0.0,7000.0,964000.0,0.0,167.7,0.0,0.0,0.0,0.0,0.0
2021,MINNESOTA,WABASHA,41.23239004352442,0.0313600963052728,13670.35488,50.07456,6381.63162,23.37594,270.7776545715361,0.0,19741.59103279436,9.750179960066962,44408.75712,162.66943999999998,86400.0,9030.0,96600.0,17842000.0,226000.0,206.5,25.0,0.0,0.0,0.0,0.0
2023,IOWA,DUBUQUE,195.503455489116,0.1487401662544462,21644.45556,79.28372,14174.13816,51.91992,0.0,0.0,22031.763400256365,10.883744488245195,93690.77172,343.18964000000005,122200.0,12300.0,148500.0,24379000.0,258000.0,199.5,21.0,0.0,0.0,0.0,0.0
2022,WISCONSIN,EAU CLAIRE,32.118624928916226,0.0244402875619132,10553.39922,38.65714,6175.3419,22.6203,0.0,0.0,23307.976224685768,11.5141967149403,37762.43016,138.32392,40900.0,1920.0,43200.0,6184000.0,35500.0,151.2,18.5,0.0,0.0,0.0,0.0
2021,NORTH CAROLINA,BEAUFORT,346.6878435427464,0.263780141178197,26442.89466,96.86042,8930.305020000002,32.71174,415.46509224098605,0.0,30647.06709784083,15.136288607934915,49588.36973999999,181.64238,40000.0,0.0,41000.0,5956000.0,0.0,148.9,0.0,0.0,0.0,0.0,0.0
2022,MISSOURI,BUCHANAN,774.5846006471804,0.5893000706089391,18055.14438,66.13606000000001,6960.877560000001,25.49772,0.0,0.0,14516.920907990574,7.171394093529313,30471.57204,111.61748,50200.0,0.0,52800.0,9135000.0,0.0,182.0,0.0,0.0,0.0,0.0,0.0
2021,NORTH CAROLINA,BRUNSWICK,4.819973225323474e-05,1.550572157712917e-07,2791.0864799999995,10.22376,1406.0319,5.1503,1677.3904065028069,0.0,30248.01674522012,14.939201516792329,8242.98384,30.19408,7450.0,0.0,7600.0,1178000.0,0.0,158.1,0.0,0.0,0.0,0.0,0.0
2022,TEXAS,WILLIAMSON,41.71639904888588,0.0317404724379007,7016.82618,25.70266,6167.33754,22.59098,0.0,0.0,36787.9742164046,18.17334837604696,29824.52928,109.24736,83200.0,0.0,96700.0,4343000.0,0.0,52.2,0.0,0.0,0.0,0.0,0.0
2023,ILLINOIS,CLARK,264.8589398054344,0.2015001341777361,31100.90802,113.92274,13462.82574,49.31438,0.0,0.0,18841.231338601807,8.647289324003937,89750.64462,328.75694,91900.0,0.0,93200.0,18803000.0,0.0,204.6,0.0,0.0,0.0,0.0,0.0
2022,NORTH DAKOTA,BARNES,1970.39743344895,1.4990402513138028,35455.95144,129.87528,7382.12202,27.04074,0.0,0.0,56478.114970455004,25.92094921223576,62521.37892,229.01604,105000.0,0.0,109000.0,14427000.0,0.0,137.4,0.0,60700.0,61200.0,3684000.0,60.7
2023,PENNSYLVANIA,JEFFERSON,7.265724756635327e-05,2.24733877830267e-07,3656.02146,13.39202,2162.4603,7.9211,0.0,0.0,24333.50439897645,12.020810117222322,18949.92918,69.41366,6710.0,2610.0,9400.0,1028000.0,57000.0,153.2,22.0,0.0,0.0,0.0,0.0
2021,TEXAS,DE WITT,23.00147420425976,0.0175001743736158,16443.78372,60.23364,27988.73532,102.52284,402.7663332098082,0.0,34016.19221331846,16.800266760927713,186730.42206,683.99422,3860.0,0.0,4200.0,410000.0,0.0,106.2,0.0,0.0,0.0,0.0,0.0
2022,OHIO,WARREN,3.485086987343004,0.002660159748243,9426.24774,34.52838,3394.0998000000004,12.4326,0.0,0.0,12260.758945469215,6.056844618842483,16624.67352,60.896240000000006,17500.0,0.0,18500.0,3143000.0,0.0,179.6,0.0,0.0,0.0,0.0,0.0
2021,NORTH DAKOTA,MERCER,44.71961835423606,0.0340201868822755,3273.84876,11.99212,1235.43966,4.52542,238.85738082135305,0.0,39437.57629123588,19.47783567138318,9878.35758,36.18446,16600.0,10000.0,32900.0,903000.0,60000.0,54.4,6.0,42000.0,50100.0,634000.0,15.1
2021,MINNESOTA,HOUSTON,9.702213227823345,0.0073801071607256,10364.40132,37.96484,4992.8424,18.2888,214.1138470727421,0.0,20904.537771229177,9.592077508314976,32888.01516,120.46892,53600.0,6460.0,60800.0,10763000.0,181000.0,200.8,28.0,0.0,0.0,0.0,0.0
2022,MISSOURI,WARREN,253.8859042242701,0.1931401537052311,7750.75938,28.39106,3339.96936,12.23432,0.0,0.0,16374.266367762271,8.088927249786892,15058.88748,55.16076,16200.0,0.0,17100.0,2820000.0,0.0,174.1,0.0,0.0,0.0,0.0,0.0
2022,MISSOURI,GASCONADE,312.84059958275884,0.2380202032002288,3031.0371,11.1027,2469.17034,9.04458,0.0,0.0,19416.666583778613,8.911388573296534,11481.44634,42.05658,5270.0,0.0,5700.0,681000.0,0.0,129.2,0.0,0.0,0.0,0.0,0.0
2022,MINNESOTA,POLK,16143.459814109428,12.281720312269796,182502.34548,668.5067600000001,64965.46602,237.96874,0.0,0.0,74755.30582736024,34.30936897787448,92925.06132,340.38484,85600.0,1720.0,87500.0,13722000.0,36100.0,160.3,21.0,263000.0,272000.0,17262000.0,65.6
2022,GEORGIA,BARTOW,6.308434201187301e-05,2.14655109123834e-07,669.0957000000001,2.4509000000000003,2221.25358,8.13646,0.0,0.0,16266.016166704634,7.465379805312575,11045.21964,40.45868,1780.0,0.0,2000.0,355000.0,0.0,199.4,0.0,0.0,0.0,0.0,0.0
2021,KANSAS,GEARY,217.58413636856537,0.1655200548568484,2510.30052,9.19524,1193.23932,4.37084,271.9158701289789,0.0,13989.56522570375,6.909310312786847,5170.19958,18.93846,11200.0,0.0,11800.0,1624000.0,0.0,145.0,0.0,0.0,0.0,0.0,0.0
2023,NEBRASKA,RICHARDSON,1452.0796573452617,1.1047201282636503,27770.74482,101.72434,11871.17568,43.48416,0.0,0.0,20453.58950092195,9.387290190875952,72927.60384000001,267.13408,113000.0,0.0,114000.0,22007000.0,0.0,194.8,0.0,0.0,0.0,0.0,0.0
2022,VIRGINIA,MIDDLESEX,1.9334080299189527e-05,6.578746776260898e-08,1033.26132,3.78484,407.40882,1.4923400000000002,0.0,0.0,4985.206355259962,2.462704015385085,2211.4911,8.100700000000002,5000.0,0.0,5500.0,947000.0,0.0,189.4,0.0,0.0,0.0,0.0,0.0
2022,MISSISSIPPI,LEFLORE,8132.366676640621,6.187000123417056,51192.35394,187.51778,30194.38968,110.60216,41114.76045795,0.0,22208.382147622524,10.970994577275508,127586.64282,467.35034,49800.0,0.0,50600.0,9596000.0,0.0,192.7,0.0,0.0,0.0,0.0,0.0
2023,NEBRASKA,KNOX,266.84049596356755,0.2030202849094727,24972.87156,91.47572,15728.294400000002,57.61280000000001,0.0,0.0,42137.81280372947,20.81618159733696,119888.31036,439.15132,142000.0,0.0,156000.0,23714000.0,0.0,167.0,0.0,0.0,0.0,0.0,0.0
2022,IOWA,HANCOCK,366.2572796558218,0.2786602058836191,31516.77984,115.44608,12326.0865,45.1505,0.0,0.0,21724.104959009288,9.970400421797615,75505.9851,276.5787,168400.0,0.0,170500.0,35617000.0,0.0,211.5,0.0,0.0,0.0,0.0,0.0
2022,WISCONSIN,SHEBOYGAN,16.14619113704247,0.012280242173067,9686.46588,35.48156,5468.10264,20.02968,0.0,0.0,18351.256772025325,9.065565298444463,30833.3298,112.9426,29500.0,23600.0,53400.0,5024000.0,495000.0,170.3,21.0,0.0,0.0,0.0,0.0
2021,IOWA,POLK,303.9848600686104,0.2312800667531638,24596.95056,90.09872,9961.30044,36.48828,854.3377861757865,0.0,16657.501870683587,7.643318918938415,61839.141,226.517,69600.0,0.0,71000.0,15138000.0,0.0,217.5,0.0,0.0,0.0,0.0,0.0
2023,MINNESOTA,STEELE,43.26316462064649,0.0329201379852063,20088.90702,73.58573999999999,7672.19544,28.10328,0.0,0.0,15468.383146969369,7.64141874435406,59055.54564,216.32068,108000.0,400.0,108500.0,20509000.0,7400.0,189.9,18.5,0.0,0.0,0.0,0.0
2021,PENNSYLVANIA,LEBANON,514.0815711340568,0.3911200353381492,8042.92944,29.46128,4514.08776,16.53512,406.1333756070919,0.0,12262.247271224414,6.056204761342123,26474.95578,96.97786,17500.0,6690.0,24600.0,3299000.0,174000.0,188.5,26.0,0.0,0.0,0.0,0.0
2021,GEORGIA,IRWIN,25428.026463478887,19.345300012743184,2938.94874,10.76538,14772.25386,54.11082,69.12319853856916,0.0,13567.711995063672,6.225564348342593,94777.07694,347.16878,10800.0,0.0,11300.0,1997000.0,0.0,184.9,0.0,0.0,0.0,0.0,0.0
2021,MINNESOTA,LAC QUI PARLE,1090.6356249277292,0.8297200769388638,33259.57908,121.82996,13377.96096,49.00352,332.6387145705917,0.0,29028.062814280507,14.336678125952504,85251.22242,312.27554,0.0,0.0,0.0,0.0,0.0,0.0,0.0,980.0,1400.0,43600.0,44.5
2021,TENNESSEE,TIPTON,4998.875223194587,3.803100008572476,20999.74422,76.92214,5907.3378,21.6386,380.94476739109183,0.0,16845.62560791159,7.72963976890853,31854.41532,116.68284,35000.0,0.0,37000.0,5650000.0,0.0,161.4,0.0,0.0,0.0,0.0,0.0
2021,INDIANA,WAYNE,14.109982323390737,0.0107200715546605,17439.99348,63.88276,6367.02612,23.32244,396.1906051691541,0.0,14382.91485914666,7.103581874127762,41023.91748,150.27076000000002,62800.0,0.0,64300.0,12704000.0,0.0,202.3,0.0,0.0,0.0,0.0,0.0
2022,COLORADO,BENT,210.01575594056948,0.1597807370093678,6646.19592,24.34504,6772.81332,24.808840000000004,0.0,0.0,57184.589941093305,28.24932595167092,33564.74940000001,122.94780000000002,3650.0,0.0,5000.0,490000.0,0.0,134.2,0.0,0.0,0.0,0.0,0.0
2021,GEORGIA,CARROLL,2.833301260656817e-05,9.114652392892772e-08,748.06914,2.7401800000000005,2321.38452,8.50324,324.1590541107668,0.0,17780.54357778079,8.158628236821187,11762.3961,43.0857,280.0,0.0,300.0,40700.0,0.0,145.4,0.0,0.0,0.0,0.0,0.0
2023,PENNSYLVANIA,MIFFLIN,85.26735387838504,0.0648801017413564,4238.52702,15.52574,2739.9372000000003,10.0364,0.0,0.0,15166.422078601265,6.960714900566511,19639.5654,71.9398,8310.0,6760.0,15200.0,1290000.0,139000.0,155.2,20.5,0.0,0.0,0.0,0.0
2022,NEW YORK,OTSEGO,3.1901651055026847,0.0024204936759104,4803.63702,17.59574,4346.31288,15.92056,0.0,0.0,37557.12034458047,17.237052077941435,30551.51736,111.91032,11500.0,5210.0,16800.0,1732000.0,96000.0,150.6,18.5,0.0,0.0,0.0,0.0
2022,ARKANSAS,MONROE,11490.649390760474,8.741940032846811,40152.22302,147.07774,23895.07302,87.52774,192318.52908744,0.0,23097.17321506021,11.410059517547785,100859.80086,369.44982,24800.0,0.0,25200.0,4174000.0,0.0,168.3,0.0,0.0,0.0,0.0,0.0
2023,OKLAHOMA,GARFIELD,3860.914933045013,2.937320045195255,23554.7676,86.2812,14641.2084,53.6308,0.0,0.0,39494.22910164817,19.51024484483864,59210.77344,216.88928,24200.0,0.0,25500.0,1989000.0,0.0,82.2,0.0,0.0,0.0,0.0,0.0
2023,NORTH DAKOTA,GRAND FORKS,3847.4854534493184,2.927140321821657,83106.13038,304.41806,23474.32542,85.98654,0.0,0.0,53401.5304886929,24.50893342274588,89443.2903,327.6311,165200.0,0.0,166500.0,22186000.0,0.0,134.3,0.0,135400.0,135500.0,6986000.0,51.6
2022,NORTH CAROLINA,TRANSYLVANIA,5.4643634954231526e-05,1.859341803361588e-07,66.4755,0.2434999999999998,404.6406,1.4822000000000002,0.0,0.0,14089.61750612775,6.466509372474954,1935.6573600000004,7.09032,1690.0,0.0,1800.0,259000.0,0.0,153.3,0.0,0.0,0.0,0.0,0.0
2022,VIRGINIA,CHARLES CITY,7.096707509634258,0.0054000936061684,1586.50674,5.81138,651.0777,2.3849,0.0,0.0,7093.236471852566,3.255480860744944,3245.72976,11.88912,5900.0,0.0,6500.0,1026000.0,0.0,173.9,0.0,0.0,0.0,0.0,0.0
2023,VIRGINIA,AUGUSTA,1571.695270527644,1.1956802378838245,2714.71746,9.94402,13179.09684,48.27508,0.0,0.0,35722.5643981144,16.395072285587744,80238.93696,293.91552,19000.0,0.0,27400.0,2755000.0,0.0,145.0,0.0,0.0,0.0,0.0,0.0
2021,MISSOURI,ATCHISON,1136.3002414383686,0.8644800722264944,31995.37614,117.19918,13988.33982,51.23934,169.70482606402777,0.0,20864.63273989156,10.30483934535505,82300.4364,301.4668,127500.0,0.0,133000.0,26904000.0,0.0,211.0,0.0,0.0,0.0,0.0,0.0
2021,OKLAHOMA,KAY,2977.9410182151287,2.2655800578626466,14236.62786,52.14882,8715.841680000001,31.92616,523.5832499674445,0.0,34557.76055991925,15.856878608468977,35830.74222,131.24814,21100.0,0.0,23500.0,2386000.0,0.0,113.1,0.0,0.0,0.0,0.0,0.0
2023,KANSAS,DOUGLAS,1875.2346787557376,1.4266400634928864,14260.591800000002,52.2366,6656.81562,24.38394,0.0,0.0,16379.963737154896,8.091741764067844,34539.29388,126.51756,29100.0,0.0,30400.0,3835000.0,0.0,131.8,0.0,0.0,0.0,0.0,0.0
2021,KANSAS,BARTON,491.0888269602557,0.3736201577916043,22491.65646,82.38702,12455.37384,45.62408,466.6089402474466,0.0,33109.777839628965,16.352597510400596,76447.4802,280.02739999999994,31100.0,0.0,32500.0,4821000.0,0.0,155.0,0.0,0.0,0.0,0.0,0.0
2021,NORTH CAROLINA,GUILFORD,2.9014313004394712e-05,9.333824860980013e-08,993.0921,3.6377,3384.8997,12.3989,451.63338440079286,0.0,18208.097526290527,8.354811986874527,18097.48668,66.29116,4520.0,0.0,5400.0,705000.0,0.0,156.0,0.0,0.0,0.0,0.0,0.0
2022,MICHIGAN,MANISTEE,7.99436600539854e-05,2.720217810850306e-07,1450.15962,5.311940000000001,976.51554,3.57698,0.0,0.0,20613.116113962573,10.18292929236376,6725.000100000001,24.6337,4270.0,0.0,5000.0,530000.0,0.0,124.1,0.0,0.0,0.0,0.0,0.0
2022,MINNESOTA,BECKER,854.0554429337619,0.6497606934466766,28267.77408,103.54496,8623.19094,31.58678,0.0,0.0,53019.80610458018,24.33373886501613,23532.40344,86.19928,63400.0,4760.0,69100.0,10334000.0,100000.0,163.0,21.0,23800.0,24600.0,1428000.0,60.0
2023,NEW YORK,CHAUTAUQUA,0.0017368197890155,3.6133166438518804e-07,8299.7733,30.4021,6147.07548,22.51676,0.0,0.0,39123.89947476931,17.95613419110441,50327.36436000001,184.34932,12700.0,12400.0,25200.0,2198000.0,242000.0,173.1,19.5,0.0,0.0,0.0,0.0
2022,MICHIGAN,GRAND TRAVERSE,6.741517599950444e-05,2.2939150190474414e-07,4130.62104,15.13048,1934.27598,7.085260000000001,0.0,0.0,17382.702390440914,8.58709708776949,11896.54284,43.57708,4640.0,0.0,5800.0,522000.0,0.0,112.5,0.0,0.0,0.0,0.0,0.0
2022,OHIO,TRUMBULL,8.206488484174169e-05,2.79239606043977e-07,7732.49022,28.32414,2867.82678,10.50486,0.0,0.0,21160.06446264099,10.45312310150816,14773.19844,54.11428,18500.0,0.0,20000.0,3330000.0,0.0,180.0,0.0,0.0,0.0,0.0,0.0
2022,KENTUCKY,LOGAN,579.9001743962959,0.4412001839984248,15632.11104,57.26048,6796.78272,24.89664,0.0,0.0,20744.15581539727,9.520647238720787,35194.794180000004,128.91866000000002,65000.0,0.0,67500.0,9250000.0,0.0,142.3,0.0,0.0,0.0,0.0,0.0
2022,CALIFORNIA,KINGS,55563.398765461614,42.27190002000592,14664.937559999998,53.71772000000001,57547.65198,210.79726,0.0,0.0,50632.60444469154,23.23811920742472,217440.1866,796.4842,0.0,38400.0,0.0,0.0,960000.0,0.0,25.0,0.0,0.0,0.0,0.0
2022,LOUISIANA,SAINT LANDRY,39753.12834111936,30.24366,38822.72394,142.20778,21665.10528,79.35936000000001,342117.23328972,0.0,34372.28564970377,15.775354242975606,62297.17494,228.19478,8430.0,0.0,8700.0,1413000.0,0.0,167.6,0.0,0.0,0.0,0.0,0.0
2021,NEBRASKA,FURNAS,8.849262813073999,0.0067401377494458,16035.0099,58.7363,11782.25412,43.15844,142.51228283578212,0.0,27004.30744104362,12.39096567776569,72410.94042,265.24154,133900.0,0.0,138000.0,21611000.0,0.0,161.4,0.0,0.0,0.0,0.0,0.0
2022,MINNESOTA,CLAY,1748.938681735566,1.330580416896439,75619.99536,276.99632,26174.56296,95.87752,0.0,0.0,38935.88597728725,19.234421988905005,44622.07932,163.45084000000003,0.0,0.0,0.0,0.0,0.0,0.0,0.0,67100.0,69400.0,4227000.0,63.0
2023,NORTH CAROLINA,PAMLICO,160.23597413416812,0.1219001049481077,6477.5802,23.7274,1767.58218,6.47466,0.0,0.0,12613.996425093988,5.789264759796403,8253.73458,30.23346,15500.0,0.0,15900.0,2261000.0,0.0,145.9,0.0,0.0,0.0,0.0,0.0
2022,SOUTH DAKOTA,BROOKINGS,272.0314507593154,0.2069603082486748,17645.7372,64.6364,8112.67002,29.71674,0.0,0.0,29928.330276053828,14.78466765309364,55577.2035,203.5795,147500.0,0.0,155000.0,25801000.0,0.0,174.9,0.0,2950.0,3000.0,186000.0,63.1
2022,MISSISSIPPI,YAZOO,2080.942680872354,1.583180203550034,33202.63674,121.62138,17446.98774,63.90838,0.0,0.0,34662.85196505067,17.123532836100146,80451.30912,294.69344,29900.0,0.0,30500.0,5077000.0,0.0,169.8,0.0,0.0,0.0,0.0,0.0
2022,SOUTH CAROLINA,CLARENDON,74.46321019675175,0.0566403072315333,8391.21738,30.73706,9630.43536,35.27632,0.0,0.0,23518.77924680409,10.794076302105768,52917.80130000001,193.8381,33300.0,0.0,34500.0,4955000.0,0.0,148.8,0.0,0.0,0.0,0.0,0.0
2021,GEORGIA,DODGE,2941.787587879799,2.238080021891324,1474.11264,5.39968,6850.12146,25.09202,189.32449371926472,0.0,18783.87017502199,9.277170935653569,41563.7586,152.2482,2530.0,0.0,2700.0,514000.0,0.0,203.2,0.0,0.0,0.0,0.0,0.0
2022,LOUISIANA,MOREHOUSE,12217.176033746047,9.29466011143452,56518.98252,207.02924,35143.98342,128.73253999999997,108090.214911918,0.0,29381.381921564825,14.514473841078791,145255.5468,532.0716,54400.0,0.0,55600.0,10265000.0,0.0,188.7,0.0,0.0,0.0,0.0,0.0
2023,NORTH CAROLINA,YADKIN,241.8710705143564,0.1840200933975006,1157.45448,4.23976,3566.82144,13.06528,0.0,0.0,12386.10127634917,5.684670996718094,21538.597080000003,78.89596,14500.0,0.0,14900.0,2248000.0,0.0,155.0,0.0,0.0,0.0,0.0,0.0
2022,KANSAS,COFFEY,1776.6104045892764,1.351640289868728,13938.5883,51.057100000000005,4076.58342,14.93254,0.0,0.0,23985.9642981865,11.849124465570268,14317.28844,52.44428,27500.0,0.0,28400.0,2283000.0,0.0,83.0,0.0,0.0,0.0,0.0,0.0
2021,IOWA,MUSCATINE,349.0778599589392,0.2655800672333219,22033.5843,80.70909999999999,10054.38252,36.829240000000006,281.0831945765919,0.0,16446.575250203627,7.54653493287988,59862.29886,219.27582,84100.0,2000.0,86800.0,17202000.0,38000.0,204.5,19.0,0.0,0.0,0.0,0.0
2023,ILLINOIS,MASON,509.59365926461305,0.3877001157771685,36551.68062,133.88894,23981.31372,87.84364,0.0,0.0,20527.6554235958,9.421283163569724,143960.69688,527.32856,124300.0,0.0,126000.0,25867000.0,0.0,208.1,0.0,0.0,0.0,0.0,0.0
2023,OHIO,ATHENS,5.603675331175936e-05,1.7332554279969138e-07,546.7644,2.0028,1280.94876,4.69212,0.0,0.0,18767.16540866472,8.613296347976664,7610.2026,27.8762,2410.0,0.0,2600.0,472000.0,0.0,195.9,0.0,0.0,0.0,0.0,0.0
2023,NORTH CAROLINA,CATAWBA,4.014776497755049e-05,1.241798060321975e-07,808.1346000000001,2.9602,2175.07836,7.96732,0.0,0.0,13445.813713189778,6.642264544707215,10349.57742,37.91054,4900.0,0.0,5200.0,767000.0,0.0,156.5,0.0,0.0,0.0,0.0,0.0
2021,INDIANA,LA PORTE,24.83025403477824,0.0188801098627104,25518.60948,93.47476,13229.43258,48.45946,429.4304874908159,0.0,21520.215457257607,9.874582108471818,85525.96416,313.28192,103600.0,0.0,106000.0,17612000.0,0.0,170.0,0.0,0.0,0.0,0.0,0.0
2023,CALIFORNIA,SAN JOAQUIN,97459.53042,74.14594,45303.79308,165.94796,124128.86304,454.68448,74350.790622,0.0,48439.11364165432,23.929039475192592,569940.25998,2087.69326,8950.0,24100.0,33600.0,1851000.0,639000.0,206.8,26.5,0.0,0.0,0.0,0.0
2021,WISCONSIN,WAUKESHA,62.8569231209996,0.0478200744259864,9851.11218,36.08466,3999.52098,14.65026,430.379876269209,0.0,15836.598287277444,7.821541992220431,27419.56854,100.43798,18800.0,360.0,19300.0,3467000.0,6600.0,184.4,18.5,0.0,0.0,0.0,0.0
2022,VIRGINIA,MADISON,0.217606711055312,0.0001601589364668,1829.62416,6.70192,2853.3687,10.4519,0.0,0.0,12049.955934100484,5.952707420588836,15445.253460000002,56.57602000000001,4700.0,0.0,6700.0,900000.0,0.0,191.5,0.0,0.0,0.0,0.0,0.0
2021,IOWA,EMMET,356.3098921708223,0.2711000369190132,21777.04074,79.76938,7733.69688,28.32856,209.2367170988605,0.0,15032.796857044215,6.897820664467302,58759.5099,215.2363,107900.0,0.0,110000.0,19692000.0,0.0,182.5,0.0,0.0,0.0,0.0,0.0
2022,WISCONSIN,GREEN LAKE,42.89075194823659,0.0326201772577479,9606.19842,35.18754,5427.1854,19.879800000000003,0.0,0.0,13633.827211543412,6.735143668327352,32764.88124,120.01788,46500.0,1440.0,48400.0,8621000.0,31700.0,185.4,22.0,0.0,0.0,0.0,0.0
2021,KANSAS,GOVE,1.7807443084439314,0.0013602068988102,9894.38268,36.24316,4854.17478,17.780859999999997,150.6200281214891,0.0,40361.09282773498,19.9339515139212,45496.84776,166.65512,119600.0,0.0,130500.0,11637000.0,0.0,97.3,0.0,0.0,0.0,0.0,0.0
2022,ILLINOIS,MCLEAN,486.9684722587384,0.3704804486734541,69492.9417,254.5529,29810.93934,109.19758,0.0,0.0,42952.53795822604,21.21865779720317,160882.0395,589.3115,305500.0,0.0,312000.0,70981000.0,0.0,232.3,0.0,0.0,0.0,0.0,0.0
2023,PENNSYLVANIA,ERIE,0.2387623268432244,0.0001802545992664,15059.499,55.163,6817.44336,24.97232,0.0,0.0,27598.102392020737,13.63352943376685,34474.80036,126.28132,15100.0,0.0,18500.0,2048000.0,0.0,135.6,0.0,0.0,0.0,0.0,0.0
2021,IOWA,LOUISA,663.8050415282605,0.5050000724001807,23210.00136,85.01832,10297.66374,37.72038,249.30238376814333,0.0,15323.533551827417,7.031225618998751,61033.5453,223.5661,77700.0,0.0,79000.0,14724000.0,0.0,189.5,0.0,0.0,0.0,0.0,0.0
2021,VIRGINIA,FAUQUIER,71.19363031937912,0.0541800947197228,2708.16546,9.92002,7235.2371,26.5027,394.09853230759313,0.0,23914.517565714406,10.97321110730326,42857.669400000006,156.9878,6800.0,0.0,9500.0,1040000.0,0.0,152.9,0.0,0.0,0.0,0.0,0.0
2021,WISCONSIN,WASHBURN,5.072508572796865e-05,1.6318120858878957e-07,2856.59556,10.46372,1753.7247000000002,6.4239,227.60480189567767,0.0,31832.81671444037,14.606534168535337,11975.30334,43.86558,8350.0,3290.0,12400.0,1397000.0,70000.0,167.3,21.5,0.0,0.0,0.0,0.0
2021,ILLINOIS,MACON,411.6203035782313,0.313160077859295,35062.361880000004,128.43356,14497.708680000002,53.10516000000001,325.4442956100982,0.0,20665.10756169165,10.206295798850524,89726.05824000001,328.66688,133200.0,0.0,135000.0,29451000.0,0.0,221.1,0.0,0.0,0.0,0.0,0.0
2021,MISSOURI,DAVIESS,2934.1653261356264,2.2322600887319166,18691.28352,68.46624,5582.52786,20.44882,123.53841227834944,0.0,21337.79243077712,9.790877037905249,28005.00066,102.58242,40900.0,0.0,43200.0,5808000.0,0.0,142.0,0.0,0.0,0.0,0.0,0.0
2023,IOWA,IDA,66.31648638261366,0.0504401589603367,20740.80372,75.97364,7665.67074,28.07938,0.0,0.0,16129.279077719224,7.967902935062042,64151.33634,234.98658,116800.0,0.0,126500.0,23126000.0,0.0,198.0,0.0,0.0,0.0,0.0,0.0
2021,MINNESOTA,SHERBURNE,15.108625114895904,0.0115000810938132,19614.42756,71.84772000000001,7739.277,28.349,492.2192906798403,0.0,15819.496129744037,7.813095402815395,49400.34372,180.95364,26400.0,1630.0,28400.0,4409000.0,22000.0,167.0,13.5,0.0,0.0,0.0,0.0
2023,MINNESOTA,HOUSTON,9.6454212914168,0.0073401889675515,10283.24388,37.66756,5092.673040000001,18.65448,0.0,0.0,20892.28766786294,10.320840716240191,36394.45446,133.31302000000002,50300.0,9410.0,62000.0,8903000.0,183000.0,177.0,19.5,0.0,0.0,0.0,0.0
2022,ILLINOIS,WILLIAMSON,207.71423887472363,0.1580202021784435,11436.0246,41.8902,4137.32592,15.15504,0.0,0.0,15764.64684318482,7.235273528247049,18393.90462,67.37694,18700.0,0.0,19100.0,3241000.0,0.0,173.3,0.0,0.0,0.0,0.0,0.0
2022,KANSAS,WALLACE,0.0001337255474335,4.550237200158263e-07,10259.3127,37.5799,7144.92324,26.17188,0.0,0.0,34480.5358522431,15.825036283597962,39643.16538,145.21306,78500.0,0.0,99500.0,6005000.0,0.0,76.5,0.0,0.0,0.0,0.0,0.0
2021,NEW YORK,ALBANY,0.0097465524568593,8.541881674274732e-08,420.89502,1.54174,1098.1698,4.0226,1285.4381475583302,0.0,16663.202588407898,8.229793823514015,7631.26182,27.95334,1220.0,0.0,2800.0,168000.0,0.0,137.7,0.0,0.0,0.0,0.0,0.0
2021,TEXAS,GILLESPIE,6.372429735518655e-05,2.0499931561785786e-07,144.54258,0.5294599999999999,885.1697399999999,3.24238,262.80909023290724,0.0,39990.54607502948,18.34972013011742,3936.50712,14.41944,1430.0,0.0,2000.0,109400.0,0.0,76.5,0.0,0.0,0.0,0.0,0.0
2022,GEORGIA,DAWSON,3.133225813673147e-05,1.0661329063510572e-07,70.36848,0.25776,429.5382,1.5733999999999997,0.0,0.0,8078.88298645512,3.707848884351878,2270.93958,8.31846,180.0,0.0,200.0,17200.0,0.0,95.6,0.0,0.0,0.0,0.0,0.0
2022,INDIANA,LAGRANGE,524.1068754381474,0.398740121301557,15864.7671,58.1127,9306.77748,34.09076,0.0,0.0,14351.696926428913,7.089773046408467,46708.92408,171.09496,40400.0,0.0,42500.0,7224000.0,0.0,178.8,0.0,0.0,0.0,0.0,0.0
2021,CALIFORNIA,SACRAMENTO,10372.446360490796,7.8912,19138.94346,70.10602,39948.04086,146.32981999999998,61823.012847336,0.0,25248.48590128582,11.585304414912738,163785.67296,599.94752,6870.0,0.0,18900.0,1904000.0,0.0,277.1,0.0,0.0,0.0,0.0,0.0
2022,INDIANA,DEARBORN,19.4536627645024,0.0148001457797152,2611.14126,9.56462,1420.71384,5.20408,0.0,0.0,11052.914662118796,5.072797485430119,6905.85168,25.29616,6580.0,0.0,6700.0,1057000.0,0.0,160.6,0.0,0.0,0.0,0.0,0.0
2021,MISSOURI,HICKORY,29.693841348193786,0.022600069017939,756.00798,2.76926,2034.8328,7.453600000000001,105.57833836640714,0.0,15363.438581566192,7.587853011789555,12699.76344,46.51928,1810.0,0.0,2400.0,259000.0,0.0,143.1,0.0,0.0,0.0,0.0,0.0
2022,MICHIGAN,HURON,647.3716043599501,0.4925003505637184,135626.0451,496.7987,59256.81216,217.05792,0.0,0.0,31403.95135200333,14.413020485627634,81125.56998000001,297.16326,74600.0,0.0,103000.0,12249000.0,0.0,164.2,0.0,0.0,0.0,0.0,0.0
2022,MISSISSIPPI,HINDS,41.27962916004359,0.0314203703625652,6160.163100000001,22.5647,10006.2144,36.6528,0.0,0.0,29592.184931916705,14.618611038830108,44251.70568,162.09416,8410.0,0.0,9200.0,1105000.0,0.0,131.4,0.0,0.0,0.0,0.0,0.0
2022,MINNESOTA,PIPESTONE,143.62877512832551,0.1092801874769321,12939.02064,47.39568,5977.220340000001,21.89458,0.0,0.0,17200.38627339161,7.894214232480238,41319.93684,151.35508000000002,96200.0,7240.0,112500.0,16037000.0,127000.0,166.7,17.5,0.0,0.0,0.0,0.0
2023,MISSISSIPPI,TUNICA,11466.830649372872,8.723800031781932,33561.40788,122.93556,14172.89328,51.91536,143962.45138800002,0.0,17114.92559885869,8.454814704080263,70118.31372,256.84364,14200.0,0.0,14400.0,2505000.0,0.0,176.4,0.0,0.0,0.0,0.0,0.0
2022,KANSAS,JOHNSON,551.5788290078602,0.4196200970816718,8675.028180000001,31.77666,4253.59116,15.58092,0.0,0.0,11138.375343188633,5.112020146717825,16729.98054,61.28198,8690.0,0.0,9200.0,867000.0,0.0,99.8,0.0,0.0,0.0,0.0,0.0
2022,NORTH CAROLINA,GRANVILLE,7.592217130820704e-05,2.5833798764223216e-07,1639.88916,6.00692,1810.81992,6.63304,0.0,0.0,19576.19318084012,9.670686851616814,7216.69494,26.43478,1700.0,0.0,2000.0,209000.0,0.0,122.9,0.0,0.0,0.0,0.0,0.0
2023,MICHIGAN,ST JOSEPH,811.9217665597981,0.6177200876414289,28174.53912,103.20344,18855.55308,69.06796,0.0,0.0,19160.28453693749,8.79372058776667,118484.61534000002,434.00958,82900.0,0.0,86200.0,10197000.0,0.0,123.0,0.0,0.0,0.0,0.0,0.0
2022,SOUTH DAKOTA,WALWORTH,0.2804837627075939,0.0002203530584607,5575.391640000001,20.422680000000003,2433.5929800000004,8.914259999999999,0.0,0.0,26766.285094845905,12.28453741607117,20417.124000000003,74.78800000000001,68100.0,0.0,73600.0,10590000.0,0.0,155.5,0.0,28800.0,29100.0,1814000.0,63.0
2023,ALABAMA,ESCAMBIA,608.0535770322488,0.462600265561283,1115.81652,4.08724,3415.49754,12.51098,0.0,0.0,35169.918672053805,16.141432414549737,24997.38696,91.56552,8700.0,0.0,9000.0,1454000.0,0.0,167.1,0.0,0.0,0.0,0.0,0.0
2022,KENTUCKY,HART,19.72914007038411,0.01500020438964,2095.44972,7.67564,5164.8324,18.9188,0.0,0.0,15719.067813232485,7.765257576732633,29891.00478,109.49086,8100.0,0.0,9500.0,1040000.0,0.0,128.4,0.0,0.0,0.0,0.0,0.0
2023,WASHINGTON,ADAMS,259.3941806581026,0.1973206859634154,29252.64888,107.15256,11344.78254,41.55598,0.0,0.0,72709.94687402865,33.37063995730016,63116.81376,231.19712,6100.0,0.0,13300.0,1428000.0,0.0,234.1,0.0,16800.0,18400.0,208000.0,12.4
2021,MISSISSIPPI,PEARL RIVER,4.842683239433607e-05,1.557877906922359e-07,46.55742,0.17054,2761.26396,10.11452,450.0012678585677,0.0,30390.5347333862,15.00958976614151,15399.35124,56.40788,1070.0,0.0,1100.0,162100.0,0.0,151.5,0.0,0.0,0.0,0.0,0.0
2022,ILLINOIS,WASHINGTON,560.6846193060829,0.4265601324157657,29263.47606,107.19222,10625.62956,38.92172,0.0,0.0,21330.985817953213,9.78997617614064,54088.40346,198.12602,101600.0,0.0,104500.0,18776000.0,0.0,184.8,0.0,0.0,0.0,0.0,0.0
2021,ALABAMA,DALE,3536.016856552951,2.690160049183261,1245.49152,4.56224,4929.1788,18.0556,367.92930905777206,0.0,20819.02697222484,10.282315099906503,33731.92368,123.56016,1850.0,0.0,1900.0,226000.0,0.0,122.2,0.0,0.0,0.0,0.0,0.0
2021,SOUTH CAROLINA,ORANGEBURG,2406.745656641713,1.8310201170063545,5047.27314,18.48818,15990.3198,58.5726,676.6780600206627,0.0,40965.3690756549,18.797019079331992,99852.03774,365.75838,37600.0,0.0,39700.0,5757000.0,0.0,153.1,0.0,0.0,0.0,0.0,0.0
2021,NEW YORK,CHENANGO,5.384998355705159e-05,1.732339191391648e-07,3513.2643,12.8691,3790.96536,13.88632,309.38986432603605,0.0,33793.86416102364,16.69046109650863,31897.61484,116.84108,5270.0,8050.0,13500.0,788000.0,149000.0,149.5,18.5,0.0,0.0,0.0,0.0
2023,INDIANA,HUNTINGTON,99.86115708517964,0.0759601271654292,19969.131,73.147,6236.33556,22.84372,0.0,0.0,14163.683429382656,6.500502345435406,46195.85334,169.21558000000002,63200.0,0.0,64800.0,13379000.0,0.0,211.7,0.0,0.0,0.0,0.0,0.0
2021,LOUISIANA,POINTE COUPEE,26604.717482578668,20.24052000944567,6546.217860000001,23.97882,11649.5106,42.6722,23537.351624436,0.0,21309.2888389579,10.5244506714653,41106.36894000001,150.57278,8100.0,0.0,8300.0,1313000.0,0.0,162.1,0.0,0.0,0.0,0.0,0.0
2023,NORTH DAKOTA,GRIGGS,861.4372125920437,0.6553801819611408,14081.09976,51.57912,3090.37092,11.32004,0.0,0.0,26914.41693611166,12.352523359585282,31575.9171,115.6627,46800.0,1400.0,48700.0,6903000.0,25900.0,147.5,18.5,54300.0,54400.0,3208000.0,59.1
2022,WISCONSIN,OCONTO,0.3941677786617908,0.0003005028418108,10161.51864,37.22168,5880.87864,21.54168,0.0,0.0,38104.06869790736,18.82350223794341,44738.78682,163.87834,37100.0,24100.0,61800.0,5608000.0,494000.0,151.2,20.5,0.0,0.0,0.0,0.0
2023,MICHIGAN,ALPENA,6.501896516546069e-05,2.2208558205222965e-07,4787.83032,17.53784,1984.28412,7.26844,0.0,0.0,21775.38136750592,10.757091143020896,12785.8458,46.8346,8160.0,0.0,9400.0,1309000.0,0.0,160.4,0.0,0.0,0.0,0.0,0.0
2021,MISSISSIPPI,CARROLL,731.413456287336,0.5564400483515073,7568.53734,27.72358,4926.92928,18.04736,139.8060483945778,0.0,23994.32763943625,11.0098320755094,26979.72186,98.82682,10600.0,0.0,11500.0,1901000.0,0.0,179.3,0.0,0.0,0.0,0.0,0.0
2023,IOWA,DELAWARE,213.2429944214257,0.162240163138544,24603.47526,90.12262,13277.18028,48.63436,0.0,0.0,21667.13116499564,9.944251977894549,87386.73216,320.09792,171700.0,8170.0,187500.0,34151000.0,163000.0,198.9,20.0,0.0,0.0,0.0,0.0
2021,GEORGIA,SUMTER,8477.51022362143,6.449580012645602,2094.35772,7.671640000000001,9547.97298,34.97426,548.3487327060333,0.0,18287.90759129137,9.032219835369895,62120.50572,227.54764,19400.0,0.0,19500.0,3834000.0,0.0,197.6,0.0,0.0,0.0,0.0,0.0
2023,ARKANSAS,JACKSON,43956.40656631721,33.441460023139946,47799.1332,175.08839999999998,24476.634,89.65799999999999,458415.0471600001,0.0,24020.14856233435,11.024182575504442,121097.49288,443.58056,19500.0,0.0,19900.0,3627000.0,0.0,186.0,0.0,0.0,0.0,0.0,0.0
2022,SOUTH CAROLINA,LEXINGTON,194.95464788120725,0.1483202273077406,1502.47188,5.50356,5986.74804,21.92948,0.0,0.0,23336.46312321788,10.710401289536346,27487.1142,100.6854,4010.0,0.0,4200.0,592000.0,0.0,147.6,0.0,0.0,0.0,0.0,0.0
2022,KANSAS,SEWARD,9.185345347321132e-05,3.1254686107342306e-07,19905.8223,72.9151,17629.97418,64.57866,0.0,0.0,23684.00321718037,11.699954960099507,87100.95576000001,319.05112,56500.0,0.0,69300.0,11927000.0,0.0,211.1,0.0,0.0,0.0,0.0,0.0
2021,WISCONSIN,SHEBOYGAN,17.111729148856046,0.0130200941272694,10230.882479999998,37.47576,5441.38686,19.93182,386.9991035380514,0.0,18362.01695281221,9.06882172882182,36431.9319,133.4503,29900.0,22200.0,53000.0,5334000.0,466000.0,178.4,21.0,0.0,0.0,0.0,0.0
2021,MINNESOTA,CASS,0.000132435713627,4.260420559143056e-07,13632.83922,49.93714,5071.537380000001,18.57706,389.7159140123785,0.0,83110.78705599906,38.1355053119325,25751.82792,94.32904,0.0,790.0,0.0,0.0,5100.0,0.0,6.5,0.0,0.0,0.0,0.0
2023,OKLAHOMA,NOBLE,875.4893245602722,0.6660801460865785,5164.5594,18.9178,5404.60284,19.79708,0.0,0.0,27746.234228797817,12.73429059471444,18791.01042,68.83154,9800.0,0.0,10500.0,890000.0,0.0,90.8,0.0,0.0,0.0,0.0,0.0
2022,MISSOURI,MARIES,560.666831566,0.4265602421296844,1274.10192,4.66704,3036.7646400000003,11.12368,0.0,0.0,19906.64115500356,9.833928951312352,17373.16854,63.63798,1730.0,0.0,2300.0,136400.0,0.0,78.8,0.0,0.0,0.0,0.0,0.0
2023,INDIANA,JOHNSON,53.80040878623941,0.0409200981455084,13345.70328,48.885360000000006,5820.360000000001,21.32,0.0,0.0,10169.82096596217,5.023916191994112,38237.4993,140.0641,34000.0,0.0,34800.0,7630000.0,0.0,224.4,0.0,0.0,0.0,0.0,0.0
2022,NEBRASKA,GOSPER,39.18060475438613,0.0298002199758312,14571.1566,53.3742,12636.2691,46.2867,0.0,0.0,17405.491898865643,7.988348615397184,65526.475560000006,240.02372,78100.0,0.0,82000.0,12035000.0,0.0,154.1,0.0,0.0,0.0,0.0,0.0
2022,GEORGIA,EARLY,18538.437244833392,14.103780017704736,2848.88604,10.435479999999998,14719.91976,53.91912,0.0,0.0,19650.259111067728,9.707275600562443,82453.95522,302.02914,8930.0,0.0,9300.0,1811000.0,0.0,202.8,0.0,0.0,0.0,0.0,0.0
2022,ARKANSAS,PHILLIPS,17992.298348936172,13.688280032503595,50913.62094,186.49678,30836.02704,112.95248,175637.395342368,0.0,26259.21838820594,12.972117492644172,129633.1218,474.8466,29300.0,0.0,30200.0,4993000.0,0.0,170.4,0.0,0.0,0.0,0.0,0.0
2022,KANSAS,STEVENS,126.06465820152108,0.0959203342445745,28702.30818,105.13666,24913.2975,91.2575,0.0,0.0,27581.010247584785,12.658460117229366,126513.46344,463.41928,106100.0,0.0,111500.0,17729000.0,0.0,167.1,0.0,0.0,0.0,0.0,0.0
2022,GEORGIA,GRADY,9778.855277550168,7.439620060306204,1852.02108,6.78396,10167.32262,37.24294,0.0,0.0,17092.136076691913,7.844532194538016,59566.53612,218.19244,7830.0,0.0,8500.0,1226000.0,0.0,156.6,0.0,0.0,0.0,0.0,0.0
2022,OHIO,CRAWFORD,48.82055194927057,0.037140177036164,20802.8184,76.2008,7256.84232,26.58184,0.0,0.0,14653.65799668546,6.7253789349070425,39127.86696,143.32552,74000.0,0.0,78000.0,15545000.0,0.0,210.1,0.0,0.0,0.0,0.0,0.0
2023,NEBRASKA,ADAMS,30.024000398443675,0.0228401856819836,38326.17516,140.38891999999998,31253.65698,114.48226,0.0,0.0,21023.32737815879,10.385574650549652,203212.29474,744.36738,177500.0,0.0,180500.0,36299000.0,0.0,204.5,0.0,0.0,0.0,0.0,0.0
2022,MINNESOTA,LE SUEUR,107.60789368876996,0.0818601824256737,18164.5464,66.5368,6661.9644,24.4028,0.0,0.0,17422.58403705521,7.996193148561439,41800.14384,153.11407999999997,82900.0,920.0,84100.0,17492000.0,19300.0,211.0,21.0,480.0,500.0,23800.0,49.6
2022,ALABAMA,FAYETTE,9.156620431805e-05,3.1156944739547305e-07,480.2343,1.7591,843.54816,3.08992,0.0,0.0,23609.93730394873,11.663366219549928,5077.281300000001,18.5981,1850.0,0.0,1900.0,187800.0,0.0,101.5,0.0,0.0,0.0,0.0,0.0
2021,IOWA,FRANKLIN,382.5624916766572,0.2910601049341523,36270.19578,132.85786,14118.074879999998,51.71456,208.0899632286658,0.0,21816.65285363128,10.010602838205088,94119.72024,344.76088,187500.0,0.0,191000.0,37294000.0,0.0,198.9,0.0,0.0,0.0,0.0,0.0
2021,NORTH CAROLINA,MOORE,9.945760970861755,0.00756013178751,858.4758,3.1446,2008.64664,7.35768,399.0440587595317,0.0,25835.659985320537,12.759981392863468,9853.78758,36.09446,3000.0,0.0,3100.0,390000.0,0.0,130.0,0.0,0.0,0.0,0.0,0.0
2021,NEW YORK,JEFFERSON,0.4687952137540035,0.0003602419664052,14965.9146,54.82020000000001,8800.44984,32.236079999999994,753.810568052574,0.0,47201.95601605647,23.31258736234556,59169.293820000006,216.73734,15600.0,21400.0,37500.0,2470000.0,417000.0,158.3,19.5,0.0,0.0,0.0,0.0
2022,NEW YORK,RENSSELAER,9.035091923282294e-05,3.0743423500732e-07,409.3635,1.4995,2019.9543,7.3991,0.0,0.0,23296.58146614451,11.508567676618888,12275.61972,44.96564,4940.0,5170.0,10300.0,623000.0,62000.0,126.1,12.0,0.0,0.0,0.0,0.0
2021,MICHIGAN,BARRY,78.25671361802532,0.0595401088299555,11248.05318,41.20166,4405.58118,16.13766,499.39044216143225,0.0,21320.690272953005,10.53008172891505,29306.66466,107.35042,30000.0,0.0,38600.0,5364000.0,0.0,178.8,0.0,0.0,0.0,0.0,0.0
2023,TEXAS,PARMER,335.7099212888243,0.255400245483397,43282.08066,158.54242000000002,39844.62846,145.95102,0.0,0.0,33261.29680135954,16.431161190187446,217880.87412,798.0984400000001,7950.0,0.0,51200.0,1340000.0,0.0,168.6,0.0,0.0,0.0,0.0,0.0
2021,OHIO,SHELBY,31.345701367958927,0.0238600684294547,17531.20824,64.21688,5331.41154,19.52898,354.3788201568725,0.0,14958.68751107582,6.863815483467905,34483.18692,126.31204,68900.0,0.0,74200.0,13539000.0,0.0,196.5,0.0,0.0,0.0,0.0,0.0
2022,VIRGINIA,SOUTHAMPTON,19.75190679344849,0.015020295329341,18003.71664,65.94768,7116.70596,26.068520000000003,0.0,0.0,22379.30350627584,11.05543014248064,40881.90288,149.75056,11200.0,0.0,12500.0,1840000.0,0.0,164.3,0.0,0.0,0.0,0.0,0.0
2022,MISSISSIPPI,TUNICA,10802.688430820604,8.218540039357874,31812.37878,116.52886,13386.32568,49.03416000000001,116133.84814122,0.0,17114.925598858685,7.854991574192685,56047.87734000001,205.30358,10100.0,0.0,10300.0,1463000.0,0.0,144.9,0.0,0.0,0.0,0.0,0.0
2022,IOWA,WARREN,548.3682611721465,0.4171802089269477,19293.59796,70.67252,8263.0548,30.2676,0.0,0.0,21029.02474871352,9.651389441368613,40114.55994,146.93977999999998,59200.0,0.0,60800.0,9342000.0,0.0,157.8,0.0,0.0,0.0,0.0,0.0
2022,IOWA,MILLS,468.6080974587832,0.3565201980952915,23427.3858,85.8146,10092.73356,36.96972,0.0,0.0,16191.950242432877,7.998862642241728,53254.08816,195.06992,95000.0,0.0,95900.0,18155000.0,0.0,191.1,0.0,0.0,0.0,0.0,0.0
2022,NORTH DAKOTA,WILLIAMS,915.444528210532,0.6964607828556715,15014.05542,54.99654,5878.470780000001,21.53286,0.0,0.0,78783.35256451606,36.1580637325232,53175.31128,194.78135999999995,0.0,0.0,0.0,0.0,0.0,0.0,0.0,76500.0,77400.0,2792000.0,36.5
2023,WASHINGTON,GRANT,2551.836352446119,1.9414005899674407,74757.0096,273.8352,36678.05778,134.35186000000002,0.0,0.0,101248.11674445323,46.46839387859171,195763.09662,717.08094,19700.0,0.0,39500.0,4642000.0,0.0,235.6,0.0,8230.0,8400.0,527000.0,64.0
2023,NORTH CAROLINA,GREENE,1974.693729659317,1.5023200332731372,13889.18622,50.87614000000001,5406.50838,19.80406,0.0,0.0,9879.254652939491,4.880375729509231,33743.0184,123.6008,10700.0,0.0,11000.0,1631000.0,0.0,152.4,0.0,0.0,0.0,0.0,0.0
2022,KANSAS,HAMILTON,8.695105572899257,0.0066204954736142,8037.29472,29.44064,5148.173940000001,18.85778,0.0,0.0,37545.7255814198,18.54767938589924,33961.593120000005,124.40144,17800.0,0.0,29400.0,1347000.0,0.0,75.7,0.0,0.0,0.0,0.0,0.0
2022,IOWA,CLARKE,1021.4777091651146,0.7771201016599403,13380.472560000002,49.01272,5907.02658,21.63746,0.0,0.0,16003.936740796247,7.345096975545738,28980.63714,106.15618,0.0,2760.0,0.0,0.0,51000.0,0.0,18.5,0.0,0.0,0.0,0.0
2021,MISSOURI,BOLLINGER,1763.6455348757938,1.3417600457674286,8745.51132,32.03484,5937.253140000001,21.748179999999994,6540.5940588,0.0,23276.03700791666,10.680243376326825,28593.99816,104.73991999999998,12600.0,0.0,13200.0,2186000.0,0.0,173.5,0.0,0.0,0.0,0.0,0.0
2022,TENNESSEE,HENRY,53.47303872781936,0.0406802679176547,11121.68148,40.73876,4835.20128,17.71136,0.0,0.0,21319.591072049992,9.784746493280329,25221.5418,92.3866,39000.0,0.0,41000.0,4085000.0,0.0,104.7,0.0,0.0,0.0,0.0,0.0
2022,PENNSYLVANIA,SNYDER,82.99414031180324,0.063140137061387,5243.440019999999,19.20674,2800.6524000000004,10.2588,0.0,0.0,12363.31176217196,5.674211620730276,15228.12018,55.78066,12200.0,0.0,16400.0,1003000.0,0.0,82.2,0.0,0.0,0.0,0.0,0.0
2022,ARKANSAS,JACKSON,39180.91704,29.80832,42781.50786,156.70882,22399.16952,82.04824,389824.178738436,0.0,24020.148562334343,11.866011574865366,95827.1496,351.0152,17300.0,0.0,17600.0,2751000.0,0.0,159.0,0.0,0.0,0.0,0.0,0.0
2021,INDIANA,BOONE,58.1947424198856,0.0442800726569298,25619.95254,93.84598,9983.93214,36.57118,364.7702286376586,0.0,15277.927792881694,7.545620064261866,62050.60134,227.29158,79700.0,0.0,80500.0,16721000.0,0.0,209.8,0.0,0.0,0.0,0.0,0.0
2023,TENNESSEE,MADISON,577.5771336850423,0.4394200981092067,14135.961839999998,51.78008,5443.0467,19.9379,0.0,0.0,19496.42988557782,9.631283590543074,28080.62712,102.85944,24900.0,0.0,26600.0,4427000.0,0.0,177.8,0.0,0.0,0.0,0.0,0.0
2022,TEXAS,DALLAM,61.32813333536896,0.0466607263051859,47452.60338,173.81906,43214.24562,158.29394000000002,0.0,0.0,56819.95769884535,26.077839859273347,209587.90398,767.72126,76100.0,0.0,97800.0,9794000.0,0.0,128.7,0.0,0.0,0.0,0.0,0.0
2022,OHIO,PORTAGE,6.597893003778273e-05,2.245044328823865e-07,5325.67308,19.50796,2823.1749,10.3413,0.0,0.0,17012.372776345353,7.807924378247313,14626.15518,53.57566,12200.0,0.0,13800.0,2105000.0,0.0,172.5,0.0,0.0,0.0,0.0,0.0
2023,KANSAS,MITCHELL,349.4031631637628,0.2658202145756226,13775.65098,50.46026,6119.797320000001,22.41684,0.0,0.0,26544.087324718024,13.112843437331817,34479.99828000001,126.30036,23500.0,0.0,46100.0,1445000.0,0.0,61.5,0.0,0.0,0.0,0.0,0.0
2023,SOUTH CAROLINA,CHESTER,84.81053503863676,0.0645201855486374,281.6814,1.0317999999999998,1227.42438,4.496059999999999,0.0,0.0,21746.89446868329,10.74301854599744,5089.1841,18.6417,580.0,0.0,1200.0,50500.0,0.0,87.1,0.0,0.0,0.0,0.0,0.0
2022,WISCONSIN,RACINE,27.109418665415465,0.0206201315940786,8046.43476,29.47412,3334.80966,12.215420000000002,0.0,0.0,10488.874171706357,4.8139279230647,19065.59928,69.83735999999999,31800.0,1410.0,33500.0,5702000.0,28200.0,179.3,20.0,0.0,0.0,0.0,0.0
2021,VIRGINIA,NOTTOWAY,1.807717059519281e-05,5.8153761659643854e-08,1357.1376,4.9712,824.31258,3.01946,153.34728060458158,0.0,11344.43145859792,5.6029044509245,4415.94972,16.175639999999998,1600.0,0.0,2300.0,257000.0,0.0,160.6,0.0,0.0,0.0,0.0,0.0
2023,NORTH CAROLINA,PERSON,215.8463212035276,0.1642201397549003,1424.36658,5.21746,2190.24078,8.022860000000001,0.0,0.0,15132.237807335448,6.945025836584788,10975.56096,40.20352,3840.0,0.0,4100.0,414000.0,0.0,107.8,0.0,0.0,0.0,0.0,0.0
2021,MARYLAND,DORCHESTER,125.29550687144608,0.0953400870628817,14810.2227,54.2499,5178.3186000000005,18.9682,280.0112595450576,0.0,20163.444252242483,9.252025671109855,30905.16702,113.20574,27300.0,0.0,29900.0,4807000.0,0.0,176.1,0.0,0.0,0.0,0.0,0.0
2022,NEW YORK,STEUBEN,4.10336202774224,0.0031406873500686,42622.01034,156.12458,15828.83484,57.981080000000006,0.0,0.0,52262.05475237733,23.985964610754497,54648.58854,200.17798,23400.0,18100.0,43100.0,2898000.0,262000.0,123.8,14.5,0.0,0.0,0.0,0.0
2023,KENTUCKY,MASON,2.718480018521604e-05,8.40844618850347e-08,1242.76698,4.55226,4855.73634,17.78658,0.0,0.0,9104.41115028673,4.178520815670809,27416.66382,100.42734,7600.0,0.0,8300.0,1506000.0,0.0,198.2,0.0,0.0,0.0,0.0,0.0
2023,MISSISSIPPI,WEBSTER,946.326149454624,0.719960084547121,5473.4589000000005,20.0493,2349.77106,8.60722,0.0,0.0,15542.449070224277,7.133294607898967,8335.21962,30.53194,4330.0,0.0,4800.0,741000.0,0.0,171.1,0.0,0.0,0.0,0.0,0.0
2023,MISSOURI,PEMISCOT,16043.506511864656,12.205660041959275,37284.11232,136.57184,19336.25694,70.82878,189048.559662,0.0,18476.59910464846,8.479939304932067,98645.96742000002,361.34054,29400.0,0.0,29900.0,5551000.0,0.0,188.8,0.0,0.0,0.0,0.0,0.0
2022,PENNSYLVANIA,BEAVER,5.636713011280458e-05,1.917986631783238e-07,2441.9031,8.944700000000001,1844.67192,6.75704,0.0,0.0,14534.01304420454,6.670467209570944,10866.74862,39.80494,3110.0,0.0,4400.0,470000.0,0.0,151.1,0.0,0.0,0.0,0.0,0.0
2021,NORTH CAROLINA,BERTIE,2633.973026552748,2.003900086394195,19235.60184,70.46007999999999,9258.42372,33.91364,186.79128901335216,0.0,26382.929045721183,13.030272263372286,61937.3664,226.8768,12800.0,0.0,13100.0,1920000.0,0.0,150.0,0.0,0.0,0.0,0.0,0.0
2022,IOWA,POCAHONTAS,141.87787572679335,0.1079402585896792,31937.43462,116.98694,11782.11216,43.15792,0.0,0.0,21518.9993256038,9.87626603524048,72215.6253,264.5261,172000.0,0.0,175000.0,34092000.0,0.0,198.2,0.0,0.0,0.0,0.0,0.0
2022,SOUTH CAROLINA,FLORENCE,73.14376231944117,0.0556603460676616,23815.30788,87.23556,6651.2355,24.3635,0.0,0.0,28475.49870672778,14.066965338588163,36073.2099,132.1363,15600.0,0.0,16200.0,1555000.0,0.0,99.7,0.0,0.0,0.0,0.0,0.0
2022,IOWA,POLK,285.811252101048,0.2174401797234241,23188.54902,84.93974,9779.95746,35.824020000000004,0.0,0.0,16647.74053934145,8.224024152995632,52153.22658,191.03746,71000.0,0.0,71700.0,13391000.0,0.0,188.6,0.0,0.0,0.0,0.0,0.0
2023,TENNESSEE,WILSON,1481.1164282128912,1.1268201654852286,4851.07896,17.76952,9087.64584,33.28808,0.0,0.0,20419.405231544577,10.087235647214804,48278.958,176.846,3500.0,0.0,4000.0,568000.0,0.0,162.3,0.0,0.0,0.0,0.0,0.0
2022,TENNESSEE,HAYWOOD,813.1292334749977,0.6186201846962269,23968.01316,87.79492,7843.53024,28.73088,0.0,0.0,19804.088327551224,9.089197966356112,37542.22836,137.51731999999998,17100.0,0.0,18200.0,2465000.0,0.0,144.2,0.0,0.0,0.0,0.0,0.0
2023,MICHIGAN,OGEMAW,13.00433980333269,0.0099002032120856,20418.36342,74.79254,7561.5267,27.6979,0.0,0.0,21462.0255379818,9.850117594270898,18914.03514,69.28218,11800.0,0.0,14100.0,1900000.0,0.0,161.0,0.0,0.0,0.0,0.0,0.0
2023,WISCONSIN,BARRON,21.600278829524665,0.0164403378931604,24102.14352,88.28623999999999,12766.58292,46.76404,0.0,0.0,33130.25709944547,16.366427260018607,84595.25802,309.87274,92400.0,1580.0,94100.0,13897000.0,33200.0,150.4,21.0,0.0,0.0,0.0,0.0
2022,NORTH DAKOTA,BURKE,2744.591760342627,2.0880402098045847,9391.412940000002,34.400780000000005,3364.09164,12.32268,0.0,0.0,42508.14242556764,20.99912532759089,33898.814040000005,124.17148,0.0,0.0,0.0,0.0,0.0,0.0,0.0,72700.0,73300.0,3075000.0,42.3
2022,WISCONSIN,CALUMET,15.149745327434037,0.0115201543173095,6506.52912,23.83344,3801.91266,13.92642,0.0,0.0,11816.363407682957,5.423186590489059,22374.02076,81.95612,24800.0,21900.0,47100.0,4412000.0,493000.0,177.9,22.5,0.0,0.0,0.0,0.0
2022,MINNESOTA,RENVILLE,2604.1607789832524,1.9812203395552044,135395.42016,495.95392,50359.1088,184.4656,0.0,0.0,37169.69858715297,17.05924267861487,116845.95468,428.00716,248500.0,0.0,254500.0,52892000.0,0.0,212.8,0.0,1650.0,1700.0,81800.0,49.6
2022,OHIO,HARDIN,57.11280221789226,0.0434402109472508,25113.88698,91.99226,7704.37122,28.22114,0.0,0.0,17382.702393346208,7.977889243382905,43808.54478,160.47086,81000.0,0.0,84100.0,15520000.0,0.0,191.6,0.0,0.0,0.0,0.0,0.0
2023,CALIFORNIA,TULARE,320729.68704,244.0069,20573.10528,75.35936,134318.6208,492.0096,0.0,0.0,178362.13734333852,88.11132790213267,586172.02644,2147.15028,0.0,109700.0,0.0,0.0,3100000.0,0.0,28.5,0.0,0.0,0.0,0.0
2021,NEBRASKA,FRONTIER,19.29185750915933,0.0146801849095389,15796.24956,57.86172,11328.91578,41.49786,175.03853666047976,0.0,36718.33317151917,16.84826048830809,75162.07608,275.31895999999995,120300.0,0.0,124000.0,15795000.0,0.0,131.3,0.0,0.0,0.0,0.0,0.0
2022,INDIANA,TIPPECANOE,125.5228199631311,0.0955002055728003,24372.053160000003,89.27492000000001,10626.5523,38.9251,0.0,0.0,17194.688894120984,8.494217965154004,56106.02634,205.51658,87500.0,0.0,89600.0,16503000.0,0.0,188.6,0.0,0.0,0.0,0.0,0.0
2022,SOUTH DAKOTA,SANBORN,191.85660521590435,0.1459602219227707,10429.77936,38.20432,5384.51004,19.72348,0.0,0.0,21450.630775663663,10.596663563993044,39250.50948,143.77476,51300.0,0.0,73800.0,5340000.0,0.0,104.1,0.0,0.0,0.0,0.0,0.0
2022,SOUTH CAROLINA,DILLON,758.8254360156137,0.5773001214767413,17687.817420000003,64.79054000000001,4010.49012,14.69044,0.0,0.0,15166.422080053911,7.492249245844124,17249.89812,63.18644,21400.0,0.0,22300.0,2838000.0,0.0,132.6,0.0,0.0,0.0,0.0,0.0
2023,SOUTH DAKOTA,CORSON,0.0408388537285241,2.0862512247469825e-05,1749.6024,6.4088,771.83652,2.82724,0.0,0.0,93391.43152384069,42.86252391132109,6091.43262,22.31294,52200.0,0.0,63500.0,6541000.0,0.0,125.3,0.0,0.0,0.0,0.0,0.0
2021,SOUTH CAROLINA,DARLINGTON,312.789628234948,0.2379600915759174,15530.789820000002,56.88934000000001,5850.21528,21.42936,330.9951811110868,0.0,20716.414035745373,10.2316355677835,37100.28504,135.89848,22200.0,0.0,23000.0,2793000.0,0.0,125.8,0.0,0.0,0.0,0.0,0.0
2021,MINNESOTA,PINE,8.617995852054233e-05,2.7723856126988977e-07,9114.30702,33.38574,4196.56692,15.37204,364.5546409017165,0.0,54082.72425116628,24.815936547135127,34948.40076,128.01612,15500.0,4340.0,20100.0,2110000.0,72000.0,136.1,16.5,0.0,0.0,0.0,0.0
2023,IOWA,MONONA,437.3604030582092,0.3327402142658277,37788.7146,138.4202,20135.21328,73.75536,0.0,0.0,26287.705292984432,12.98619009260985,136502.76822,500.01014,165800.0,0.0,170000.0,27423000.0,0.0,165.4,0.0,0.0,0.0,0.0,0.0
2023,MARYLAND,CAROLINE,144.4292068348194,0.1098800912725242,16746.01656,61.34072,6930.95676,25.38812,0.0,0.0,11873.3371942881,5.865457335290108,45254.42376,165.76711999999998,42900.0,0.0,43700.0,7649000.0,0.0,178.3,0.0,0.0,0.0,0.0,0.0
2021,IDAHO,PAYETTE,1553.0260284964718,1.181540029362954,17640.06972,64.61564,10712.99502,39.24174,201.32420514496064,0.0,15266.526354671438,7.539989004730295,41777.59404,153.03148000000002,2080.0,0.0,9100.0,423000.0,0.0,203.4,0.0,0.0,0.0,0.0,0.0
2021,KANSAS,DICKINSON,1319.2572304356324,1.0036601038608255,10769.8773,39.450100000000006,5407.2564,19.8068,268.32488482008165,0.0,31735.90449321427,14.562065855115693,21049.73052,77.10524,22200.0,0.0,23300.0,2944000.0,0.0,132.6,0.0,0.0,0.0,0.0,0.0
2021,PENNSYLVANIA,LYCOMING,91.93536948089024,0.0699402219867704,7042.96866,25.798420000000004,3929.289,14.393,504.8072148395085,0.0,45759.67403354879,22.6002583074456,28816.585980000003,105.55526,17300.0,0.0,19700.0,2770000.0,0.0,160.1,0.0,0.0,0.0,0.0,0.0
2023,TEXAS,NAVARRO,137.7764795882257,0.1048403144266451,5340.3441,19.5617,14246.5596,52.1852,0.0,0.0,38730.78034794919,17.77570995198111,70076.69214,256.69118000000003,21200.0,0.0,25600.0,2366000.0,0.0,111.6,0.0,0.0,0.0,0.0,0.0
2023,NEW YORK,MADISON,1.4673731596603776,0.0011202499083357,9252.6798,33.8926,6273.79116,22.98092,0.0,0.0,24532.912649479684,12.11931827600638,52411.46274000001,191.98338,14800.0,12000.0,26900.0,2210000.0,240000.0,149.3,20.0,0.0,0.0,0.0,0.0
2021,COLORADO,CHEYENNE,0.0001073820269293,3.454450334301368e-07,11225.503379999998,41.11906,6321.12936,23.154319999999995,163.1374334446863,0.0,67388.20314663809,33.28237864789105,59619.028560000006,218.38472,67300.0,0.0,76800.0,4556000.0,0.0,67.7,0.0,0.0,0.0,0.0,0.0
2022,PENNSYLVANIA,WAYNE,0.0001094198464612,3.723194747444726e-07,243.41226000000003,0.8916200000000001,1056.8649,3.8713,0.0,0.0,28213.419284973967,12.94870780959833,6781.4455800000005,24.84046,0.0,410.0,0.0,0.0,4900.0,0.0,12.0,0.0,0.0,0.0,0.0
2023,KANSAS,CHEROKEE,3238.256248044213,2.4636200772119783,14788.99422,54.17214,8816.63328,32.295359999999995,0.0,0.0,21912.11845765345,10.824639596778104,29085.354480000005,106.53976,56500.0,0.0,57600.0,6695000.0,0.0,118.5,0.0,0.0,0.0,0.0,0.0
2021,IDAHO,GOODING,2307.690396410145,1.7556601231189577,33890.6022,124.1414,18117.2355,66.3635,245.70266955044883,0.0,27762.503116982327,13.711630490310212,74658.64224000002,273.47488,11500.0,0.0,48400.0,2325000.0,0.0,202.2,0.0,960.0,1000.0,108000.0,112.5
2021,MISSISSIPPI,CLAIBORNE,196.23403576498967,0.1492800484767794,2856.85764,10.46468,2447.06826,8.96362,213.3349006923972,0.0,18567.24284016077,8.519606335598791,12950.92344,47.43928,2880.0,0.0,3000.0,459000.0,0.0,159.4,0.0,0.0,0.0,0.0,0.0
2021,IOWA,DELAWARE,214.5441332618304,0.1632401095564511,24792.0309,90.8133,13029.48192,47.72704,392.4132398601853,0.0,21679.8355945268,10.70746011302521,78960.00294,289.23078000000004,170100.0,9590.0,181500.0,37082000.0,206000.0,218.0,21.5,0.0,0.0,0.0,0.0
2021,KANSAS,MEADE,2.048638542485978,0.0015601882954043,24988.8366,91.5342,20797.058099999995,76.1797,136.3489653533483,0.0,36786.74181737967,16.879649894785945,119143.82844,436.42428,69500.0,0.0,72600.0,16729000.0,0.0,240.7,0.0,0.0,0.0,0.0,0.0
2021,KANSAS,MCPHERSON,4045.916185527696,3.0780600869486925,23473.6866,85.9842,12014.353260000002,44.00862,478.7908401499935,0.0,33685.550490249974,16.636966027118113,62318.21232,228.27184,44700.0,0.0,47700.0,5467000.0,0.0,122.3,0.0,0.0,0.0,0.0,0.0
2023,NEBRASKA,HOWARD,143.37815199970686,0.109080175682049,22918.25172,83.94964,17186.97708,62.95596,0.0,0.0,21604.460005656783,10.67265557623702,123246.07386,451.45082,93700.0,0.0,104000.0,20295000.0,0.0,216.6,0.0,0.0,0.0,0.0,0.0
2022,CALIFORNIA,STANISLAUS,121031.53329456942,92.07918011770168,14394.20892,52.72604,74631.2385,273.3745,0.0,0.0,52769.121444272925,24.21868572715007,229994.85054,842.47198,0.0,18200.0,0.0,0.0,501000.0,0.0,27.5,0.0,0.0,0.0,0.0
2023,IOWA,PLYMOUTH,171.9321160491432,0.130800258818328,38135.94876000001,139.69212,15471.38502,56.67174,0.0,0.0,32514.940193563685,16.062459218003546,127374.12324,466.57188,212000.0,0.0,234000.0,43608000.0,0.0,205.7,0.0,0.0,0.0,0.0,0.0
2022,ILLINOIS,MENARD,201.41810814017603,0.1532600961891448,17367.0042,63.61540000000001,8319.06894,30.47278,0.0,0.0,11901.82408846226,5.462409251643425,43174.69884,158.14908000000003,71300.0,0.0,72600.0,16349000.0,0.0,229.3,0.0,0.0,0.0,0.0,0.0
2022,MINNESOTA,FARIBAULT,92.95779939106497,0.0707203401605662,38809.40154,142.15898,14778.227099999998,54.1327,0.0,0.0,26447.231895130204,13.064996620498222,92968.28268,340.54316,198100.0,0.0,199500.0,42849000.0,0.0,216.3,0.0,0.0,0.0,0.0,0.0
2022,LOUISIANA,CATAHOULA,7509.460531031234,5.713080102659517,30301.72782,110.99534,10985.94042,40.24154,170979.8138433,0.0,27780.41850442157,12.749979660696258,54359.33958,199.11846,25400.0,0.0,26200.0,4509000.0,0.0,177.5,0.0,0.0,0.0,0.0,0.0
2021,TEXAS,GRAY,5.5285256412170776e-05,1.778511525216585e-07,6221.40246,22.78902,5133.47562,18.80394,334.1514964147044,0.0,34694.57782323887,15.919657408392675,28860.2769,105.7153,5250.0,0.0,7600.0,1122000.0,0.0,213.7,0.0,0.0,0.0,0.0,0.0
2021,MICHIGAN,KALAMAZOO,79.42688474666537,0.0604400782238239,14867.929440000002,54.46128,7744.76976,28.36912,421.5272112608452,0.0,18082.68170147186,8.930860762796613,46258.3485,169.4445,50900.0,0.0,55100.0,7635000.0,0.0,150.0,0.0,0.0,0.0,0.0,0.0
2023,IOWA,MONROE,452.6892952751634,0.3444201052206211,12670.31766,46.41142000000001,5483.10126,20.08462,0.0,0.0,16106.489568524596,7.39216417388457,33754.22232,123.64184,28300.0,1370.0,29700.0,5125000.0,25300.0,181.1,18.5,0.0,0.0,0.0,0.0
2023,NORTH DAKOTA,BURLEIGH,46.579438919992654,0.0354405519154931,5536.47276,20.28012,1788.40662,6.550940000000001,0.0,0.0,60996.13628304844,30.132239077474686,20642.50734,75.61358,78200.0,10700.0,89600.0,10846000.0,176000.0,138.7,16.5,52700.0,53000.0,2888000.0,54.8
2022,NEW YORK,WASHINGTON,0.0001226333093361,4.17280509842178e-07,1203.70614,4.40918,5022.850560000001,18.39872,0.0,0.0,31620.451741625828,15.620579755987151,28086.80784,102.88208,6620.0,20400.0,27100.0,969000.0,347000.0,146.4,17.0,0.0,0.0,0.0,0.0
2022,ILLINOIS,EDGAR,488.40978670926495,0.3716002269978885,42103.41954,154.22498,17602.13364,64.47668,0.0,0.0,23233.91031087307,10.66333409825788,95870.26176,351.17312,152100.0,0.0,155000.0,32230000.0,0.0,211.9,0.0,0.0,0.0,0.0,0.0
2022,MINNESOTA,WILKIN,988.4196833946036,0.7519802856674325,49668.134880000005,181.93456,17713.463040000002,64.88448,0.0,0.0,28298.879967351186,12.987930471486068,37509.976140000006,137.39918,118100.0,3560.0,122000.0,18483000.0,82000.0,156.5,23.0,57500.0,59600.0,3088000.0,53.7
2023,OHIO,DEFIANCE,130.14003677785124,0.0990001252831818,20130.67056,73.73871999999999,5279.88552,19.34024,0.0,0.0,15183.514214669967,7.500692801747498,37416.30438,137.05606,47100.0,0.0,53100.0,8106000.0,0.0,172.1,0.0,0.0,0.0,0.0,0.0
2022,INDIANA,BARTHOLOMEW,151.4447317765265,0.115220176014769,14373.28074,52.64938,6464.661840000001,23.68008,0.0,0.0,14619.47372382173,7.222055432968142,33234.14094,121.73678,50600.0,0.0,51600.0,9371000.0,0.0,185.2,0.0,0.0,0.0,0.0,0.0
2022,MINNESOTA,ROCK,61.33500605656304,0.0466602247015758,16395.35352,60.05624,7058.9500800000005,25.85696,0.0,0.0,18351.25676214732,9.065565293564704,48768.78006,178.64022000000003,129400.0,4680.0,135500.0,25466000.0,103000.0,196.8,22.0,0.0,0.0,0.0,0.0
2022,VIRGINIA,ORANGE,4.8434633164002e-05,1.648070049654312e-07,2319.38616,8.495920000000002,2969.6230200000005,10.87774,0.0,0.0,12488.654093051911,6.169425373788869,15744.93648,57.67376,6150.0,0.0,6800.0,1167000.0,0.0,189.8,0.0,0.0,0.0,0.0,0.0
2021,CALIFORNIA,SUTTER,16392.31326,12.47106,29825.59944,109.25128,39478.59006,144.61022000000003,486189.792267696,0.0,22004.77659783608,10.096923691376514,154332.50742,565.32054,2150.0,0.0,3000.0,382000.0,0.0,177.7,0.0,0.0,0.0,0.0,0.0
2021,COLORADO,MESA,2644.1878902504,2.011660634752692,1383.8097000000002,5.0689,7813.26546,28.62002,940.6188119062886,0.0,123825.3244791096,61.1561244116256,46873.26462,171.69694,2570.0,0.0,4100.0,570000.0,0.0,221.8,0.0,0.0,0.0,0.0,0.0
2023,NEBRASKA,LOUP,6.53334287773006,0.0049801943525942,2235.5533199999995,8.18884,1415.69064,5.1856800000000005,0.0,0.0,21171.45922323048,9.716760546299383,13363.52472,48.95064,5480.0,0.0,8800.0,978000.0,0.0,178.5,0.0,0.0,0.0,0.0,0.0
2022,KANSAS,RICE,987.766376825202,0.7514801925149616,14911.96434,54.62258,8362.10466,30.63042,0.0,0.0,27370.20723150948,12.561710884781846,42111.877080000006,154.25596,32900.0,0.0,35500.0,3862000.0,0.0,117.4,0.0,0.0,0.0,0.0,0.0
2022,PENNSYLVANIA,WESTMORELAND,24.76435282537805,0.0188404523790303,5840.9442,21.3954,5185.995360000001,18.99632,0.0,0.0,34520.41750057152,17.053169865622124,32850.01902,120.32974000000002,10500.0,4400.0,15400.0,1432000.0,90000.0,136.4,20.5,0.0,0.0,0.0,0.0
2021,PENNSYLVANIA,PERRY,7.04637243366189,0.0053601045167155,5130.5709,18.7933,2667.28644,9.77028,298.54738035461975,0.0,20602.39964056132,10.175324966006976,16426.72122,60.17114,11800.0,7640.0,19700.0,1925000.0,160000.0,163.1,21.0,0.0,0.0,0.0,0.0
2021,WISCONSIN,WOOD,82.02316051940014,0.0624001314003354,25575.6774,93.6838,10293.74892,37.70604,427.332648290985,0.0,29717.849839881936,14.677357234468166,50730.53076,185.82612,26100.0,11900.0,38700.0,4492000.0,256000.0,172.1,21.5,0.0,0.0,0.0,0.0
2023,NORTH DAKOTA,STARK,7.949787372125611,0.0060405032400971,6189.7836,22.6732,2483.0169,9.095300000000002,0.0,0.0,49703.93171814678,22.8118996249874,23485.032480000005,86.02575999999999,42700.0,0.0,47100.0,4804000.0,0.0,112.5,0.0,207000.0,208500.0,9915000.0,47.9
2023,INDIANA,WAYNE,13.816662109130537,0.0105001439971066,17024.705879999998,62.36156,6500.52312,23.81144,0.0,0.0,14374.486440606124,7.101031121616066,45319.90554,166.00698,63700.0,0.0,65100.0,12371000.0,0.0,194.2,0.0,0.0,0.0,0.0,0.0
2022,KANSAS,GRANT,438.29244854325714,0.333460235231113,21497.9037,78.74690000000001,18431.485799999995,67.5146,0.0,0.0,21479.11767291744,9.85796212594174,93608.14008,342.88696,35200.0,0.0,54600.0,8029000.0,0.0,228.1,0.0,0.0,0.0,0.0,0.0
2022,NORTH DAKOTA,PIERCE,875.6100153153134,0.6661602535833904,11055.81204,40.49748,3404.2008000000005,12.4696,0.0,0.0,38901.701712311406,17.854155275576563,27772.879680000005,101.73216,19200.0,0.0,23700.0,2229000.0,0.0,116.1,0.0,116800.0,117500.0,5968000.0,51.1
2022,MISSISSIPPI,PONTOTOC,396.0072511302456,0.3012601710870329,1838.3001,6.7337,1924.09854,7.047980000000001,0.0,0.0,18573.454543969016,9.175331536024173,6278.26836,22.99732,2450.0,0.0,2500.0,230000.0,0.0,93.9,0.0,0.0,0.0,0.0,0.0
2022,NEBRASKA,BROWN,0.0001787573824589,6.082521306348867e-07,7085.12532,25.95284,6288.30384,23.03408,0.0,0.0,46091.79362524223,21.15408848694319,41386.43418,151.59866,34500.0,0.0,39000.0,6852000.0,0.0,198.6,0.0,0.0,0.0,0.0,0.0
2022,KANSAS,PRATT,543.6335595665331,0.4135802721495419,21672.46536,79.38632,16503.21036,60.45132,0.0,0.0,27364.509858194702,12.559096043185017,79644.60504000001,291.73848000000004,48300.0,0.0,60600.0,8462000.0,0.0,175.2,0.0,0.0,0.0,0.0,0.0
2023,KANSAS,LINCOLN,216.05303607113345,0.1643601670636768,7438.2945,27.2465,3168.09402,11.60474,0.0,0.0,26863.140529053144,12.328989763539363,17838.032939999997,65.34078000000001,5280.0,0.0,8600.0,359000.0,0.0,68.0,0.0,0.0,0.0,0.0,0.0
2021,INDIANA,MADISON,39.18704070639033,0.0298000668191904,26535.61092,97.20004,9577.1403,35.0811,320.088430474986,0.0,15260.82563433084,7.002452000007755,59956.65858,219.62146,85000.0,0.0,86000.0,18386000.0,0.0,216.3,0.0,0.0,0.0,0.0,0.0
2022,NEW YORK,GENESEE,7.008880313032799e-05,2.384889689658313e-07,11228.26068,41.12916,6765.486,24.782,0.0,0.0,18072.085218996548,8.294285377014809,36044.39202,132.03074,25200.0,23300.0,48800.0,3439000.0,350000.0,136.5,15.0,0.0,0.0,0.0,0.0
2022,IOWA,DUBUQUE,182.44670471744507,0.1388002898418295,20304.9756,74.3772,13709.66688,50.21856,0.0,0.0,22031.76340025636,10.11160199756644,71503.40652,261.91724,133700.0,10700.0,145000.0,29909000.0,246000.0,223.7,23.0,0.0,0.0,0.0,0.0
2023,GEORGIA,JENKINS,3038.2503208209373,2.311460071027088,885.38814,3.24318,3468.86358,12.70646,0.0,0.0,13200.826430409968,6.058593698482988,22627.80702,82.88574,4970.0,0.0,5100.0,904000.0,0.0,181.9,0.0,0.0,0.0,0.0,0.0
2021,SOUTH CAROLINA,LEXINGTON,207.82623214735435,0.1581001043692705,1592.47998,5.83326,6049.1886,22.1582,1141.696819074494,0.0,23350.146358390903,10.714248559393736,32663.379840000005,119.64608,5050.0,0.0,5400.0,775000.0,0.0,153.5,0.0,0.0,0.0,0.0,0.0
2023,NEBRASKA,PHELPS,108.05657408060934,0.0822001834603307,39477.372480000005,144.60576,33471.29058,122.60546,0.0,0.0,20185.812702367013,9.26439251981897,216895.26222,794.48814,185300.0,0.0,190500.0,42100000.0,0.0,227.2,0.0,0.0,0.0,0.0,0.0
2022,WISCONSIN,BAYFIELD,0.0002188175968188,7.44563763771274e-07,321.17904,1.17648,678.81996,2.48652,0.0,0.0,56421.1411882078,27.87218041840968,3844.62078,14.08286,1580.0,500.0,2100.0,182600.0,6500.0,115.6,13.0,0.0,0.0,0.0,0.0
2022,TENNESSEE,LEWIS,9.145299644159245,0.0069601346937449,706.70964,2.58868,695.50026,2.54762,0.0,0.0,10631.308639381336,5.2518922205452565,3576.27816,13.09992,950.0,0.0,1000.0,95000.0,0.0,100.0,0.0,0.0,0.0,0.0,0.0
2023,NEBRASKA,DODGE,226.1237888980797,0.1720201465529212,33228.26598,121.71526,24198.9657,88.6409,0.0,0.0,20083.25989031274,9.217325328673844,143013.90558,523.8604600000001,141800.0,0.0,143000.0,28105000.0,0.0,198.2,0.0,0.0,0.0,0.0,0.0
2023,MISSOURI,AUDRAIN,1288.337570023176,0.9801401716153976,40397.24052,147.97524,15475.36536,56.68632,0.0,0.0,26122.481302271088,11.98906003658168,84099.52278,308.05686,108000.0,0.0,112000.0,12452000.0,0.0,115.3,0.0,0.0,0.0,0.0,0.0
2023,ARKANSAS,CRITTENDEN,20548.38061381094,15.632940027207264,43489.52244,159.30228,17859.85656,65.42072,146834.05939200002,0.0,22675.56719682596,10.407079378889367,86304.88776,316.13512,21200.0,0.0,21700.0,4011000.0,0.0,189.2,0.0,0.0,0.0,0.0,0.0
2021,LOUISIANA,RAPIDES,3943.137799258568,2.9998800548841142,25997.2713,95.2281,10886.9124,39.8788,33400.566343980005,0.0,49801.48402654217,22.85148325399276,40214.30322,147.30514,5680.0,0.0,6400.0,774000.0,0.0,136.3,0.0,0.0,0.0,0.0,0.0
2021,MINNESOTA,GOODHUE,72.47308052557283,0.0551401288771621,23211.23532,85.02284,9426.963000000002,34.531,534.574009955588,0.0,28435.187999003945,14.043863016312388,66385.72122,243.17114,142400.0,12700.0,157000.0,28437000.0,324000.0,199.7,25.5,0.0,0.0,0.0,0.0
2023,VIRGINIA,FRANKLIN,372.63356060174175,0.283500249306746,1260.04788,4.61556,4915.3923,18.0051,0.0,0.0,26994.18024598759,13.335190430719049,32706.3828,119.8036,6990.0,0.0,10500.0,1159000.0,0.0,165.8,0.0,0.0,0.0,0.0,0.0
2023,ALABAMA,TALLADEGA,8.354477705142312e-05,2.584097574310819e-07,1295.59248,4.74576,4449.283020000001,16.297739999999997,0.0,0.0,27979.82676175226,12.84149920438984,30194.19858,110.60146,8400.0,0.0,8400.0,1430000.0,0.0,170.2,0.0,0.0,0.0,0.0,0.0
2022,INDIANA,BENTON,134.13113160042425,0.1020401757792213,25332.74016,92.79392,10743.19428,39.35236,0.0,0.0,15177.81683932149,6.965944590227167,57724.9764,211.4468,116800.0,0.0,119500.0,24865000.0,0.0,212.9,0.0,0.0,0.0,0.0,0.0
2021,MICHIGAN,MACOMB,3.2863942644609696,0.0025000457734748,7511.67144,27.51528,2105.39238,7.71206,901.5703077252992,0.0,9138.25308039233,4.193100694068455,11341.80138,41.54506,11400.0,0.0,12900.0,1843000.0,0.0,161.7,0.0,0.0,0.0,0.0,0.0
2021,OHIO,JEFFERSON,2.3463985751915613e-05,7.548299817257025e-08,1006.89498,3.68826,2112.10818,7.73666,365.6361622858869,0.0,14724.958018535845,7.2725136665356995,13554.16062,49.64894,2490.0,0.0,2700.0,370000.0,0.0,148.6,0.0,0.0,0.0,0.0,0.0
2021,TEXAS,COLORADO,2785.760861698589,2.119380142981286,24491.305020000003,89.71174,34091.30088,124.87656,158027.82116893202,0.0,36450.399374188615,16.725318676381068,185048.37624,677.83288,10100.0,0.0,10800.0,852000.0,0.0,84.4,0.0,0.0,0.0,0.0,0.0
2021,SOUTH DAKOTA,BUTTE,0.0001351245791884,4.3469206262704827e-07,4326.43848,15.84776,7152.1359,26.198300000000003,178.85530773674105,0.0,84798.1999673674,41.88100688531721,47123.97144,172.61527999999998,4170.0,0.0,7700.0,607000.0,0.0,145.6,0.0,0.0,0.0,0.0,0.0
2023,NORTH CAROLINA,GUILFORD,5.433557683906981e-05,1.680636866409923e-07,987.5502,3.6174,3539.02458,12.96346,0.0,0.0,18197.427542613263,8.98957328648754,19474.18746,71.33402000000001,4600.0,0.0,5400.0,652000.0,0.0,141.7,0.0,0.0,0.0,0.0,0.0
2022,IOWA,HUMBOLDT,221.65217825678525,0.1686401989298194,26356.64304,96.54448,10099.13814,36.99318,0.0,0.0,16476.819174005952,8.139588584489486,59567.4261,218.1957,126300.0,0.0,128000.0,24692000.0,0.0,195.5,0.0,0.0,0.0,0.0,0.0
2023,IOWA,MARSHALL,428.8461329897957,0.3262401093572299,34047.2223,124.7151,13560.98562,49.67394,0.0,0.0,21125.88019631417,9.695841794983789,95097.13122,348.34114,134700.0,12700.0,147500.0,29136000.0,318000.0,216.3,25.0,0.0,0.0,0.0,0.0
2022,INDIANA,OWEN,16.20899449633187,0.0123401853096457,5865.6234,21.4858,2360.00856,8.644720000000001,0.0,0.0,14448.552363570498,7.137619866973637,11240.96064,41.17568,19900.0,0.0,20400.0,3517000.0,0.0,176.7,0.0,0.0,0.0,0.0,0.0
2022,PENNSYLVANIA,SOMERSET,52.768415846026,0.0401405312619968,8517.043080000001,31.19796,6293.223300000001,23.0521,0.0,0.0,40257.677847212326,18.476488165832503,34701.01908,127.10996,15900.0,9720.0,26500.0,2334000.0,170000.0,146.8,17.5,0.0,0.0,0.0,0.0
2023,NEW YORK,TOMPKINS,13.747970444265384,0.0104601717653007,4849.98696,17.765520000000002,3619.5159,13.258300000000002,0.0,0.0,17621.99229511222,8.087712692588367,27481.94904,100.66648,6070.0,7580.0,13800.0,908000.0,163000.0,149.6,21.5,0.0,0.0,0.0,0.0
2022,ILLINOIS,HENRY,664.6212924301952,0.505620318814011,45719.82324,167.47188,21410.59284,78.42708,0.0,0.0,30406.910078278463,15.021087234677708,116413.5063,426.4231,214000.0,0.0,217000.0,49627000.0,0.0,231.9,0.0,0.0,0.0,0.0,0.0
2021,MICHIGAN,SHIAWASSEE,59.7253471763653,0.0454400883740072,36818.16684,134.86508,11372.58486,41.65782,389.41763603367417,0.0,19912.612599698143,9.83464584995368,37093.711200000005,135.8744,48900.0,0.0,56400.0,7938000.0,0.0,162.3,0.0,0.0,0.0,0.0,0.0
2023,GEORGIA,CALHOUN,8600.1547247882,6.542900017539198,1703.3616599999998,6.239419999999999,7803.595799999999,28.5846,0.0,0.0,10523.058444860617,4.829616987913137,53940.0771,197.5827,12000.0,0.0,12100.0,2529000.0,0.0,210.8,0.0,0.0,0.0,0.0,0.0
2023,OHIO,UNION,175.67421349842402,0.1336600976261323,21856.00872,80.05864,5298.80988,19.40956,0.0,0.0,16072.305291840405,7.939757746827775,35351.659980000004,129.49326,58600.0,0.0,61100.0,12013000.0,0.0,205.0,0.0,0.0,0.0,0.0,0.0
2021,NORTH CAROLINA,PITT,1699.4112146255072,1.2929000444228032,27425.89668,100.46116,8944.19526,32.76262,480.83822097527553,0.0,22517.84133081515,11.121343002342831,54432.93492,199.38804,19900.0,0.0,20400.0,2603000.0,0.0,130.8,0.0,0.0,0.0,0.0,0.0
2022,GEORGIA,TIFT,21390.942128491468,16.27394002814845,1689.56424,6.18888,8268.383759999999,30.287120000000005,0.0,0.0,9674.149020986652,4.4400052228332205,45353.82852,166.13124,3190.0,0.0,3500.0,580000.0,0.0,181.8,0.0,0.0,0.0,0.0,0.0
2022,IOWA,CALHOUN,155.0694169245862,0.1179802636358526,34463.15964,126.23868,12982.17102,47.55374,0.0,0.0,21313.89368784037,9.782131646683242,77348.4348,283.3276,173300.0,0.0,175500.0,35059000.0,0.0,202.3,0.0,0.0,0.0,0.0,0.0
2023,IOWA,POTTAWATTAMIE,532.1583678191054,0.4048802295461839,51512.8887,188.6919,22489.49430000001,82.3791,0.0,0.0,34793.89167883287,17.188266772131882,151515.06551999995,555.00024,237500.0,0.0,240500.0,47144000.0,0.0,198.5,0.0,0.0,0.0,0.0,0.0
2021,MISSOURI,SHELBY,804.2075068925785,0.6118400903557523,22087.19604,80.90548,6612.2784,24.2208,625.1269121732961,0.0,18954.89175907708,8.697479604883766,32470.36338,118.93906,52500.0,0.0,55800.0,8132000.0,0.0,154.9,0.0,0.0,0.0,0.0,0.0
2023,WISCONSIN,IOWA,75.1868619705197,0.0572002519114631,16430.67426,60.18562000000001,9249.48024,33.880880000000005,0.0,0.0,28868.617840956405,13.24941487998189,66081.50094,242.05678,61800.0,13600.0,79300.0,12082000.0,286000.0,195.5,21.0,0.0,0.0,0.0,0.0
2022,IOWA,CLAYTON,210.47951281058,0.1601403857025252,21528.37596,78.85852,12314.66964,45.10868,0.0,0.0,29227.552684598995,14.438481825390282,66079.27872,242.04864,128400.0,7460.0,136500.0,27657000.0,198000.0,215.4,26.5,0.0,0.0,0.0,0.0
2023,SOUTH CAROLINA,CHESTERFIELD,2.7084292777417778,0.0020602761422126,8254.51536,30.23632,3330.04854,12.19798,0.0,0.0,29899.843374761687,14.770595054850244,17380.31568,63.66416,8900.0,0.0,9300.0,946000.0,0.0,106.3,0.0,0.0,0.0,0.0,0.0
2022,ILLINOIS,OGLE,527.7585879924964,0.4015003024848749,38603.0736,141.4032,19199.15634,70.32658,0.0,0.0,28458.406566736925,14.058521780029633,107382.72636,393.34332,199000.0,0.0,203000.0,46705000.0,0.0,234.7,0.0,0.0,0.0,0.0,0.0
2023,MICHIGAN,MASON,0.594896339962671,0.0004601742487066,1697.43756,6.21772,2410.93398,8.831259999999999,0.0,0.0,18909.59988534612,9.341388148924246,19709.17494,72.19478,14400.0,0.0,16700.0,2203000.0,0.0,153.0,0.0,0.0,0.0,0.0,0.0
2021,KENTUCKY,ESTILL,1.528838096178422e-05,4.9182301949944793e-08,318.0996,1.1652,1247.62638,4.570060000000001,286.34065801823624,0.0,9594.310626244574,4.738536779698765,7303.48164,26.75268,450.0,0.0,700.0,64000.0,0.0,142.2,0.0,0.0,0.0,0.0,0.0
2023,WISCONSIN,POLK,199.01014012235856,0.1514003452032018,13539.77898,49.59626,7460.587680000001,27.32816,0.0,0.0,35471.87974071244,17.52319451702096,57530.78604,210.73548,55200.0,9860.0,69500.0,8021000.0,187000.0,145.3,19.0,0.0,0.0,0.0,0.0
2021,SOUTH DAKOTA,CAMPBELL,0.4833446276086036,0.000360143575525,3731.4186,13.6682,1663.88586,6.09482,126.43812939246976,0.0,28041.83835775573,12.867038245324332,17180.39778,62.93186,55600.0,0.0,74500.0,4504000.0,0.0,81.0,0.0,8610.0,13500.0,309000.0,35.9
2022,NORTH CAROLINA,DAVIE,10.31433581786813,0.0078401216603229,740.24496,2.71152,2392.41366,8.76342,0.0,0.0,9611.477854094028,4.411241937533329,11931.5469,43.7053,6460.0,0.0,6700.0,920000.0,0.0,142.4,0.0,0.0,0.0,0.0,0.0
2021,MARYLAND,KENT,77.0350926499134,0.0586000397003941,11342.9043,41.5491,4666.1706,17.0922,143.8436585210577,0.0,10181.484716238643,4.671789044878885,29641.46094,108.57678,34100.0,0.0,37800.0,5773000.0,0.0,169.3,0.0,0.0,0.0,0.0,0.0
2021,ILLINOIS,KNOX,477.1558432349621,0.3630400731956205,36405.5601,133.3537,15199.75002,55.67674,355.9599449811515,0.0,26679.366451833288,12.241866033074013,95150.055,348.535,154500.0,0.0,156500.0,30606000.0,0.0,198.1,0.0,0.0,0.0,0.0,0.0
2022,OHIO,HOLMES,6.595561068679281,0.005020207888398,7147.003500000001,26.1795,5655.74646,20.71702,0.0,0.0,15753.252084643562,7.782144689615785,30463.16364,111.58668,13300.0,0.0,20800.0,2104000.0,0.0,158.2,0.0,0.0,0.0,0.0,0.0
2021,WISCONSIN,ROCK,489.236131316572,0.3722001023926317,24665.50086,90.34982,11397.19308,41.74796,559.1307715754631,0.0,25527.82114681217,11.71347779789854,75329.81274,275.93338,126700.0,14900.0,144000.0,24630000.0,349000.0,194.4,23.5,0.0,0.0,0.0,0.0
2021,NEBRASKA,BUTLER,185.10843073653933,0.1408201027097209,31058.48382,113.76734,22253.1309,81.5133,245.7814706225704,0.0,22038.98090767029,10.88483849297172,129784.0908,475.3996,147800.0,0.0,152000.0,30314000.0,0.0,205.1,0.0,0.0,0.0,0.0,0.0
2021,MICHIGAN,MONTCALM,50.58657470190217,0.0384801087873409,43998.7548,161.16760000000002,15486.541980000002,56.72726,408.1895373282442,0.0,26673.6657218996,13.173864282324669,70372.91352,257.77624,52600.0,0.0,60300.0,9351000.0,0.0,177.8,0.0,0.0,0.0,0.0,0.0
2022,SOUTH DAKOTA,LYMAN,2.624701550194449,0.0020008218282886,7352.2176,26.9312,3585.03054,13.13198,0.0,0.0,62386.2966829252,28.632542511440487,22706.32182,83.17334,48100.0,0.0,50400.0,3978000.0,0.0,82.7,0.0,23000.0,23600.0,1130000.0,49.1
2022,WISCONSIN,GRANT,117.33406014342432,0.0892805480669009,26975.20098,98.81026,16978.4706,62.1922,0.0,0.0,43345.65709535997,21.412859603217267,92169.39186,337.61682,127300.0,19300.0,148000.0,26906000.0,492000.0,211.4,25.5,0.0,0.0,0.0,0.0
2023,INDIANA,HENDRICKS,271.0821319830192,0.2062601098841081,20310.09162,74.39594,8198.697779999999,30.03186,0.0,0.0,13143.852643078497,6.032445257646739,54449.4405,199.4485,58700.0,0.0,60200.0,13031000.0,0.0,222.0,0.0,0.0,0.0,0.0,0.0
2022,TENNESSEE,SULLIVAN,5.415752093659137e-05,1.8428009543687377e-07,839.2238400000001,3.07408,4757.96412,17.42844,0.0,0.0,13964.275175247796,6.408982803208572,25562.85732,93.63684,550.0,0.0,1100.0,91500.0,0.0,166.4,0.0,0.0,0.0,0.0,0.0
2022,PENNSYLVANIA,JEFFERSON,9.437240797747455e-05,3.211180284462845e-07,3382.95048,12.39176,2109.47646,7.72702,0.0,0.0,24333.504398976445,12.020810117222316,14569.06542,53.36654,6090.0,2040.0,8400.0,792000.0,34700.0,130.0,17.0,0.0,0.0,0.0,0.0
2022,NEBRASKA,CASS,730.8311364764609,0.5560001913725471,28449.31362,104.20994,12703.694640000002,46.53368,0.0,0.0,20954.95882400597,9.617396467741465,64741.80258,237.14946,119700.0,0.0,121500.0,15860000.0,0.0,132.5,0.0,0.0,0.0,0.0,0.0
2022,IOWA,MARSHALL,412.0808452222716,0.3134802229049701,32938.6239,120.65430000000002,13065.92196,47.86052,0.0,0.0,21125.88019631417,10.43623599113665,72392.84052000001,265.17524,139900.0,8920.0,149500.0,29953000.0,210000.0,214.1,23.5,0.0,0.0,0.0,0.0
2022,MICHIGAN,WEXFORD,8.266147933227698e-05,2.8126961937825937e-07,1524.9616199999998,5.58594,895.65294,3.28078,0.0,0.0,21313.8936906004,10.529115112747478,6648.93684,24.35508,3580.0,0.0,6600.0,466000.0,0.0,130.2,0.0,0.0,0.0,0.0,0.0
2022,NORTH CAROLINA,BURKE,7.302758331046626e-05,2.484886639795292e-07,311.53122,1.14114,1424.44302,5.21774,0.0,0.0,18829.83657846264,9.301984882109604,6942.99606,25.43222,640.0,0.0,800.0,65600.0,0.0,102.5,0.0,0.0,0.0,0.0,0.0
2022,LOUISIANA,MADISON,6390.473307202453,4.861760088680876,43385.979,158.923,25719.56478,94.21086,26865.704542482,0.0,23382.042153606,11.55078546324008,120597.78822,441.75014,41800.0,0.0,43000.0,6705000.0,0.0,160.4,0.0,0.0,0.0,0.0,0.0
2022,NORTH CAROLINA,TYRRELL,1156.366538676644,0.8797401332794074,12157.63458,44.533460000000005,4265.91984,15.62608,0.0,0.0,14351.696925702588,6.586792199334975,15993.73776,58.58512,22800.0,0.0,23100.0,3371000.0,0.0,147.9,0.0,0.0,0.0,0.0,0.0
2022,ILLINOIS,SCHUYLER,149.39176768915152,0.1136401612142223,13706.4837,50.2069,5874.5505,21.518500000000003,0.0,0.0,16345.779467980889,8.074854652289808,30561.034140000003,111.94518,57900.0,0.0,58900.0,11424000.0,0.0,197.3,0.0,0.0,0.0,0.0,0.0
2022,OHIO,JEFFERSON,5.707420504806606e-05,1.9420460485175386e-07,954.58272,3.49664,2126.943,7.791,0.0,0.0,14716.329161980168,6.754142219473563,11500.61094,42.12678,2320.0,0.0,2500.0,353000.0,0.0,152.2,0.0,0.0,0.0,0.0,0.0
2022,VIRGINIA,CAMPBELL,7.11715115877993e-05,2.421730670268694e-07,725.3610000000001,2.657,2366.5278,8.6686,0.0,0.0,18351.25676476209,8.422412731532136,10460.51916,38.31692,1600.0,0.0,2600.0,254000.0,0.0,158.8,0.0,0.0,0.0,0.0,0.0
2021,MISSOURI,SCOTT,5883.020941031602,4.47574,33354.77964,122.17868,20894.011320000005,76.53484,21496.570238429995,0.0,15448.949372866988,7.088772850578115,101619.24318,372.23166,64100.0,0.0,67700.0,12121000.0,0.0,189.1,0.0,0.0,0.0,0.0,0.0
2021,NEW YORK,ONTARIO,2.7008179947505004,0.0020601223193382,14251.3371,52.20270000000001,6633.39222,24.29814,356.78248060621235,0.0,23920.21829215971,11.813963355091872,41250.9279,151.1023,27400.0,14700.0,42600.0,4796000.0,279000.0,175.0,19.0,0.0,0.0,0.0,0.0
2021,IOWA,FLOYD,245.8815833307148,0.1870600753312979,27333.58446,100.12302,10741.53444,39.34628,248.96767946723853,0.0,18721.16226784525,8.5902324884725,71112.80904000001,260.48648,138000.0,4160.0,143500.0,28207000.0,73000.0,204.4,17.5,0.0,0.0,0.0,0.0
2023,NEBRASKA,PLATTE,170.20068195596198,0.1294802093244475,43634.79666,159.83442000000002,33453.39816,122.53992,0.0,0.0,25655.296252196065,12.673778494547898,212174.52984,777.19608,189700.0,0.0,202000.0,39344000.0,0.0,207.4,0.0,0.0,0.0,0.0,0.0
2022,NEW YORK,BROOME,9.717861164422305e-05,3.3066660952201695e-07,786.3492,2.8804,1823.3124,6.678800000000001,0.0,0.0,25057.0714958926,12.378254015827595,12211.27362,44.72994,550.0,5150.0,5800.0,73700.0,75000.0,134.0,14.5,0.0,0.0,0.0,0.0
2021,KANSAS,OSBORNE,67.24745322000341,0.0511601721641475,12448.466939999998,45.59878,5681.424840000001,20.81108,159.31895630174833,0.0,33657.04690322731,15.443584839320076,37946.14824,138.99688,33600.0,0.0,35700.0,3271000.0,0.0,97.4,0.0,0.0,0.0,0.0,0.0
2023,IOWA,TAYLOR,1258.6129624028952,0.957540123728445,21450.09048,78.57176000000001,8507.307900000002,31.1623,0.0,0.0,20037.68086166779,9.898662883827786,52981.45398,194.07126,81900.0,0.0,84500.0,15799000.0,0.0,192.9,0.0,0.0,0.0,0.0,0.0
2022,ILLINOIS,WINNEBAGO,356.26432461343825,0.2710201547231054,17580.22812,64.39644,8068.258380000001,29.55406,0.0,0.0,15605.12023813375,7.708967198613589,45947.06298,168.30426000000003,84000.0,0.0,85600.0,17346000.0,0.0,206.5,0.0,0.0,0.0,0.0,0.0
2023,KANSAS,GREELEY,5.982927132735878,0.0045602976982472,11216.85474,41.08738,6172.73202,22.61074,0.0,0.0,29199.06580338246,14.424409237064282,55422.74556,203.01372,48700.0,0.0,53600.0,3448000.0,0.0,70.8,0.0,0.0,0.0,0.0,0.0
2021,OHIO,BROWN,37.25432902951569,0.0283400944487224,7877.098320000001,28.85384,3693.18768,13.52816,370.4901099842458,0.0,18424.72486376804,8.454211755204447,18365.25054,67.27198,22700.0,0.0,23800.0,4179000.0,0.0,184.1,0.0,0.0,0.0,0.0,0.0
2022,INDIANA,ST. JOSEPH,129.5279176882619,0.0985401264568559,17224.290719999997,63.09264,8775.18642,32.14354,0.0,0.0,13576.853424066678,6.231173406748819,49819.50246,182.48902,60600.0,0.0,62000.0,10096000.0,0.0,166.6,0.0,0.0,0.0,0.0,0.0
2021,TEXAS,JACKSON,2668.79661771928,2.030380125921748,40605.2283,148.7371,21941.4468,80.3716,77052.945507552,0.0,31673.196571793243,15.643083983076911,123494.35098,452.36026,79100.0,0.0,86000.0,9191000.0,0.0,116.2,0.0,0.0,0.0,0.0,0.0
2021,KENTUCKY,LOGAN,612.978199559714,0.466340062123078,16423.28142,60.15854,6719.99328,24.61536,285.5267323976976,0.0,20756.319062286453,10.251344272590543,41762.53536,152.97632,64500.0,0.0,69500.0,11925000.0,0.0,184.9,0.0,0.0,0.0,0.0,0.0
2022,NORTH DAKOTA,LOGAN,160.46454210512871,0.1221004139803594,8484.84546,31.08002,2375.24742,8.70054,0.0,0.0,37614.09412483754,17.26320051553085,21453.3501,78.5837,40900.0,12600.0,57100.0,4499000.0,157000.0,110.0,12.5,31400.0,31600.0,1598000.0,50.9
2023,NEBRASKA,BOYD,6.250800063441488,0.0047601855144847,4933.99998,18.07326,2816.43726,10.31662,0.0,0.0,20316.852422017902,9.32453393777588,22813.829220000003,83.56714000000001,39900.0,0.0,41800.0,6842000.0,0.0,171.5,0.0,0.0,0.0,0.0,0.0
2023,MISSISSIPPI,LEFLORE,8609.013681968814,6.549640078187662,53862.2175,197.2975,31431.92052,115.13524,30757.3443648,0.0,22208.382147622524,10.192662167205638,163491.41172,598.86964,67300.0,0.0,68500.0,13130000.0,0.0,195.1,0.0,0.0,0.0,0.0,0.0
2022,IOWA,CARROLL,161.65412144105315,0.1230002795450708,31854.14232,116.68184,12413.09706,45.46922,0.0,0.0,21336.683201145992,10.540373186161045,72947.0469,267.2053,173200.0,0.0,176000.0,33895000.0,0.0,195.7,0.0,0.0,0.0,0.0,0.0
2022,CALIFORNIA,GLENN,15466.440373961248,11.766640051140106,40145.9877,147.0549,38058.42222,139.40814,114554.557587348,0.0,49493.12870169378,22.71515039236652,145389.72629999998,532.5631,0.0,2980.0,0.0,0.0,82000.0,0.0,27.5,0.0,0.0,0.0,0.0
2022,NEBRASKA,HALL,92.7223351848236,0.0705402567809776,34122.280920000005,124.99004,29946.9807,109.6959,0.0,0.0,20020.588720514817,9.188562042040544,155136.45966,568.26542,169600.0,0.0,176000.0,31919000.0,0.0,188.2,0.0,0.0,0.0,0.0,0.0
2021,NEBRASKA,SHERIDAN,0.0001478421866475,4.756042567762751e-07,8137.46388,29.80756,5401.80186,19.78682,216.35696122842128,0.0,92779.20702694748,42.571873853499376,37216.67586,136.32482000000002,41000.0,0.0,46200.0,6105000.0,0.0,148.9,0.0,0.0,0.0,0.0,0.0
2021,NEBRASKA,SCOTTS BLUFF,96.02224261177602,0.0730601393683187,30787.73334,112.77558,19433.87628,71.18636,285.6832978547422,0.0,27637.08728736711,13.649688830868577,124670.43498,456.66826,74800.0,0.0,77000.0,13831000.0,0.0,184.9,0.0,0.0,0.0,0.0,0.0
2021,OHIO,CRAWFORD,51.7183411561218,0.0393600688391978,21984.39516,80.52892,7302.87558,26.75046,276.85449342218016,0.0,14662.250106271862,7.241542838071152,46458.79056,170.17872,76900.0,0.0,78100.0,15469000.0,0.0,201.2,0.0,0.0,0.0,0.0,0.0
2022,SOUTH CAROLINA,WILLIAMSBURG,0.0001358688682966,4.62316730596211e-07,12813.615360000002,46.93632,6435.090480000001,23.57176,0.0,0.0,35033.181575369345,16.078676153289233,36890.24976,135.12911999999997,15700.0,0.0,17000.0,1253000.0,0.0,79.8,0.0,0.0,0.0,0.0,0.0
2022,INDIANA,KOSCIUSKO,81.29089306052718,0.0618402490390536,25081.176120000004,91.87244,11861.70804,43.44948,0.0,0.0,19621.77221355248,9.693203004184834,63998.53278,234.42686,98000.0,0.0,101000.0,18728000.0,0.0,191.1,0.0,0.0,0.0,0.0,0.0
2021,NEW YORK,YATES,10.534640449876331,0.0080200657506283,5421.22308,19.85796,3285.70242,12.03554,186.1915272980184,0.0,13248.47171311245,6.543291428949169,22189.1124,81.2788,13900.0,5180.0,19600.0,2395000.0,96000.0,172.3,18.5,0.0,0.0,0.0,0.0
2023,NORTH DAKOTA,RANSOM,1435.3777138451053,1.092020180075381,23070.03972,84.50564,7792.50108,28.54396,0.0,0.0,32184.49222884245,14.771254120677344,69611.96424,254.98888,103200.0,5290.0,110000.0,18184000.0,98000.0,176.2,18.5,16400.0,16500.0,1009000.0,61.5
2021,INDIANA,SWITZERLAND,3.6273729299894426,0.0027600415524668,699.7317599999999,2.56312,923.66274,3.38338,189.4381816226752,0.0,8345.8530925845,4.121935736476563,4902.78516,17.95892,5970.0,0.0,6100.0,1039000.0,0.0,174.0,0.0,0.0,0.0,0.0,0.0
2022,INDIANA,WHITLEY,79.87330087921175,0.06074013895364,15882.47388,58.17756,5609.21634,20.54658,0.0,0.0,12517.140987226074,5.744812410648128,31536.08094,115.51678,56300.0,0.0,57600.0,10511000.0,0.0,186.7,0.0,0.0,0.0,0.0,0.0
2023,WISCONSIN,ADAMS,113.16427418799756,0.086100253986415,34225.01628,125.36636,11723.8212,42.9444,0.0,0.0,24903.24226183207,11.429483406566185,46023.1863,168.58309999999997,0.0,670.0,0.0,0.0,13100.0,0.0,19.5,0.0,0.0,0.0,0.0
2022,ILLINOIS,WILL,503.578922418332,0.3831202171201215,27789.47262,101.79294,11956.20972,43.795640000000006,0.0,0.0,22937.646616400805,11.331252991381673,65866.44246,241.26902,87600.0,0.0,89300.0,18203000.0,0.0,207.8,0.0,0.0,0.0,0.0,0.0
2021,SOUTH CAROLINA,LEE,906.137240630386,0.68938006863976,5859.5628,21.4636,5336.66952,19.54824,214.3311842132849,0.0,15466.051531417845,7.638532550516952,33362.46186,122.20682,29200.0,0.0,30400.0,4838000.0,0.0,165.7,0.0,0.0,0.0,0.0,0.0
2022,IOWA,JONES,244.5875580125461,0.1860802680023803,24390.41514,89.34218,12691.43694,46.48878,0.0,0.0,21473.42029841149,9.855347283798208,66015.24384,241.81408,144600.0,3280.0,148500.0,31552000.0,71000.0,218.2,21.5,0.0,0.0,0.0,0.0
2021,OHIO,MONROE,2.737010803294219e-05,8.804888634340217e-08,176.65829999999997,0.6471,623.5592999999999,2.2841,233.48970628778065,0.0,17176.26732342187,8.483191510115887,3824.05296,14.00752,300.0,0.0,800.0,45000.0,0.0,150.0,0.0,0.0,0.0,0.0,0.0
2021,NORTH DAKOTA,EMMONS,1.0143903777509595,0.0007802907269752,8385.129480000001,30.714760000000005,2884.17402,10.56474,191.9170061340957,0.0,56739.259447223565,26.034891578956906,34037.0121,124.6777,129000.0,16400.0,157500.0,9662000.0,121000.0,74.9,7.4,37400.0,52500.0,692000.0,18.5
2021,WISCONSIN,MONROE,156.2384327347065,0.118860173467703,14114.16006,51.70022,8208.74964,30.06868,408.27534978833313,0.0,33839.46992549265,16.712985340377866,56140.59360000001,205.6432,44700.0,14800.0,60500.0,6540000.0,340000.0,146.3,23.0,0.0,0.0,0.0,0.0
2023,SOUTH CAROLINA,LEE,875.1715548371728,0.6658201013045424,5619.2409,20.5833,5343.93678,19.57486,0.0,0.0,15456.988392495528,7.094071948144671,34890.91787999999,127.80556,25500.0,0.0,25900.0,3991000.0,0.0,156.5,0.0,0.0,0.0,0.0,0.0
2021,IOWA,DUBUQUE,194.9162140614996,0.1483001124070258,21594.4092,79.1004,13888.82586,50.87482,378.7878935924024,0.0,22044.68163033649,10.887654024496284,84617.44746,309.95402,131500.0,0.0,146500.0,28562000.0,0.0,217.2,0.0,0.0,0.0,0.0,0.0
2022,IOWA,POWESHIEK,606.4769582572088,0.4614002699132113,27866.09826,102.07362,11471.569200000002,42.0204,0.0,0.0,21906.421069812204,10.821825073383486,60129.10176,220.25312,136800.0,0.0,139500.0,26443000.0,0.0,193.3,0.0,0.0,0.0,0.0,0.0
2021,MICHIGAN,MIDLAND,29.039490168644665,0.0221000975755828,17058.3777,62.4849,5802.21096,21.253520000000005,411.03377649250046,0.0,19034.701824513973,8.734100569288344,15712.30752,57.55424000000001,21400.0,0.0,23400.0,3895000.0,0.0,182.0,0.0,0.0,0.0,0.0,0.0
2023,NEBRASKA,BUTLER,185.9300897412568,0.1414601674940393,31134.388739999995,114.04538,22620.99294,82.86078,0.0,0.0,22026.066018225705,10.108987151969409,143491.54092,525.61004,150600.0,0.0,155500.0,28169000.0,0.0,187.0,0.0,0.0,0.0,0.0,0.0
2021,SOUTH DAKOTA,BON HOMME,155.98676735578246,0.1186800880292139,11389.65828,41.72036,5161.8130200000005,18.90774,265.63575624035127,0.0,21394.79963272965,9.817034875291798,42281.0388,154.87560000000002,92600.0,0.0,104000.0,11640000.0,0.0,125.7,0.0,0.0,0.0,0.0,0.0
2023,ALABAMA,MORGAN,449.4407210424847,0.3419201448963742,10561.91682,38.68834,6449.275560000001,23.62372,0.0,0.0,21160.064468451583,9.711530859365531,38237.78868,140.06516,5530.0,0.0,5700.0,979000.0,0.0,177.0,0.0,0.0,0.0,0.0,0.0
2023,PENNSYLVANIA,CRAWFORD,0.0071336383647952,3.881558575431388e-07,9026.52114,33.06418,5459.04996,19.99652,0.0,0.0,38058.48965938441,18.80098608250496,41425.36398,151.74126,22400.0,0.0,33700.0,3559000.0,0.0,158.9,0.0,0.0,0.0,0.0,0.0
2022,MARYLAND,FREDERICK,76.3613595257468,0.0581002707348058,14216.720700000002,52.0759,7711.85688,28.24856,0.0,0.0,22373.606127441,10.268492644050667,35077.890120000004,128.49044,28600.0,0.0,38300.0,4562000.0,0.0,159.5,0.0,0.0,0.0,0.0,0.0
2021,COLORADO,ADAMS,3.429363909812412,0.0026202056260858,6615.07938,24.23106,3431.67552,12.57024,2277.7443152170213,0.0,40144.46549515576,19.82696137956941,34085.78082,124.85634,24700.0,0.0,29100.0,1003000.0,0.0,40.6,0.0,0.0,0.0,0.0,0.0
2022,MISSOURI,MONTGOMERY,491.809806558439,0.3741802303917554,18661.39002,68.35674,7488.82134,27.43158,0.0,0.0,20225.69435377504,9.99154200436219,33142.13994,121.39978,42800.0,0.0,45400.0,7209000.0,0.0,168.4,0.0,0.0,0.0,0.0,0.0
2023,OHIO,ERIE,0.8882064497509345,0.000680090322626,2909.47566,10.657420000000002,3649.30566,13.36742,0.0,0.0,8887.910760083168,4.079156741253108,21129.37008,77.39695999999999,25200.0,0.0,26800.0,4798000.0,0.0,190.4,0.0,0.0,0.0,0.0,0.0
2021,MINNESOTA,MARTIN,269.1671718407084,0.2047801012352916,39395.69634,144.30658,13807.1115,50.5755,309.024639352942,0.0,26861.78946174389,12.325571096037468,106055.24202,388.48074,203500.0,0.0,209500.0,39560000.0,0.0,194.4,0.0,0.0,0.0,0.0,0.0
2022,SOUTH CAROLINA,EDGEFIELD,55.14006544637505,0.0419602225076125,487.84554,1.7869800000000002,1555.43388,5.69756,0.0,0.0,18676.007357766463,8.571458846692202,6495.4344,23.792800000000003,830.0,0.0,900.0,56600.0,0.0,68.2,0.0,0.0,0.0,0.0,0.0
2022,VIRGINIA,SUSSEX,7.245308494155218e-05,2.46533836424262e-07,6237.04536,22.84632,2000.71326,7.32862,0.0,0.0,18681.704736891825,8.574073690955835,10270.19994,37.61978,6600.0,0.0,7400.0,1000000.0,0.0,151.5,0.0,0.0,0.0,0.0,0.0
2023,GEORGIA,BERRIEN,17916.102723452335,13.63032001264592,1924.30056,7.04872,9807.377579999998,35.92446,0.0,0.0,17012.372775328502,8.404153360838094,65112.8205,238.5085,8300.0,0.0,8500.0,1384000.0,0.0,166.7,0.0,0.0,0.0,0.0,0.0
2021,OHIO,MARION,101.06378029724009,0.0768800664478269,22224.19836,81.40732,5925.55236,21.70532,316.5790251318926,0.0,14650.848667770904,6.722563183256096,38242.3041,140.08169999999998,66500.0,0.0,69300.0,12710000.0,0.0,191.1,0.0,0.0,0.0,0.0,0.0
2023,SOUTH DAKOTA,FALL RIVER,0.0001953631071949,6.673026748811786e-07,1002.0192,3.6704,1075.9694399999998,3.94128,0.0,0.0,65428.69689612341,32.32193475752207,7130.497920000001,26.11904,2400.0,0.0,2900.0,339000.0,0.0,141.3,0.0,0.0,0.0,0.0,0.0
2021,ARKANSAS,CONWAY,3388.3932796978006,2.5778400608780694,1919.00982,7.02934,4874.47506,17.85522,9226.286824248,0.0,21189.573731863533,9.722866672705145,23646.76314,86.61818,3290.0,0.0,3800.0,531000.0,0.0,161.4,0.0,0.0,0.0,0.0,0.0
2021,INDIANA,SPENCER,175.20661639709192,0.133320052063469,12735.75576,46.651120000000006,4779.3018,17.5066,264.14109564281574,0.0,15089.804055944389,7.452707578796433,25289.68806,92.63622,56200.0,0.0,57100.0,10560000.0,0.0,187.9,0.0,0.0,0.0,0.0,0.0
2022,KANSAS,DICKINSON,1158.440672100201,0.881340315488657,9411.19998,34.47326,5038.98486,18.45782,0.0,0.0,31717.307186030648,14.55683691192708,16831.6239,61.6543,15800.0,0.0,21700.0,1815000.0,0.0,114.9,0.0,0.0,0.0,0.0,0.0
2023,TENNESSEE,BEDFORD,975.5306044015888,0.742160083821312,9644.56584,35.32808,8851.850279999999,32.42436,0.0,0.0,17627.68966929858,8.090327534585219,46492.16754,170.30098,7840.0,0.0,8400.0,1396000.0,0.0,178.1,0.0,0.0,0.0,0.0,0.0
2022,ARKANSAS,YELL,228.0074248791886,0.1734803554730881,1542.11148,5.64876,3466.6086,12.698199999999998,4798.2691548,0.0,35329.44526998689,16.214648045864404,13951.17906,51.10322,1860.0,0.0,2200.0,268000.0,0.0,144.1,0.0,0.0,0.0,0.0,0.0
2022,PENNSYLVANIA,LACKAWANNA,5.9107045489055456e-05,2.01121687170054e-07,425.60154,1.55898,953.78556,3.49372,0.0,0.0,15240.488001129845,7.528837990268805,4934.305740000001,18.07438,220.0,360.0,600.0,27200.0,4900.0,123.6,13.5,0.0,0.0,0.0,0.0
2021,WISCONSIN,MARINETTE,0.8590447232009554,0.0006602725628818,5564.67366,20.38342,2671.88922,9.78714,507.0697651649168,0.0,53170.60916004319,24.397411213243377,23308.09026,85.37762,26600.0,12400.0,39700.0,4511000.0,267000.0,169.6,21.5,0.0,0.0,0.0,0.0
2021,INDIANA,MONROE,0.0065019105459728,7.048586589243218e-08,3527.37294,12.92078,1305.11472,4.78064,583.6404239501078,0.0,13750.135014422018,6.791058058244864,7115.9470200000005,26.06574,4480.0,0.0,4700.0,819000.0,0.0,182.8,0.0,0.0,0.0,0.0,0.0
2023,ILLINOIS,SANGAMON,415.8615142132498,0.3164002232715786,50559.20688,185.19856,23276.94642,85.26354,0.0,0.0,30543.64717641555,15.08863569238178,156298.03644,572.52028,198700.0,0.0,201000.0,43933000.0,0.0,221.1,0.0,0.0,0.0,0.0,0.0
2021,GEORGIA,CALHOUN,8813.13294335001,6.704920012271099,1758.38754,6.44098,7887.204780000001,28.89086,162.74402824976053,0.0,10529.228595096332,4.83135182859352,51767.89254,189.62598,10200.0,0.0,10900.0,2301000.0,0.0,225.6,0.0,0.0,0.0,0.0,0.0
2023,OHIO,JACKSON,232.3956935045689,0.1768201126106259,1932.7035,7.0795,2395.0017,8.7729,0.0,0.0,15565.238586870984,7.143753985020171,15217.50594,55.741780000000006,3750.0,0.0,4000.0,542000.0,0.0,144.5,0.0,0.0,0.0,0.0,0.0
2023,MISSOURI,MARIES,582.7897738068259,0.4433801824644567,1317.7163999999998,4.8268,3126.90924,11.45388,0.0,0.0,19906.64115500356,9.136265164568272,22539.82458,82.56346,1800.0,0.0,2200.0,136600.0,0.0,75.9,0.0,0.0,0.0,0.0,0.0
2022,TENNESSEE,DE KALB,0.022787192719397,2.0160580507237884e-05,557.0510400000001,2.04048,1085.28966,3.97542,0.0,0.0,12169.600886726666,6.01181231700745,4517.45112,16.547439999999998,3750.0,0.0,4000.0,614000.0,0.0,163.7,0.0,0.0,0.0,0.0,0.0
2021,TENNESSEE,MARION,1.1642103409313067,0.0008800975925312,1346.00466,4.93042,985.07136,3.60832,255.4107842295668,0.0,19114.51189300322,8.7707215350935,5592.19206,20.48422,2360.0,0.0,2500.0,399000.0,0.0,169.1,0.0,0.0,0.0,0.0,0.0
2023,MINNESOTA,COTTONWOOD,226.6288128962316,0.1724201541386918,33340.9713,122.1281,12281.55474,44.98738,0.0,0.0,24322.10963723937,11.162769312876604,96271.96488,352.64456,172900.0,400.0,173500.0,35030000.0,8000.0,202.6,20.0,470.0,500.0,27300.0,58.1
2021,SOUTH CAROLINA,MARLBORO,781.7299422150214,0.5947200704749128,11631.2742,42.6054,2432.157,8.909,401.8583297781835,0.0,17951.565152533487,8.866103573481505,14769.45834,54.10058,16700.0,0.0,17500.0,2109000.0,0.0,126.3,0.0,0.0,0.0,0.0,0.0
2021,INDIANA,JENNINGS,51.19657846732627,0.038960058969824,8119.08552,29.74024,3967.01214,14.53118,282.0687486685508,0.0,13966.762348847184,6.898048193508345,23967.936719999994,87.79464,34300.0,0.0,34700.0,5896000.0,0.0,171.9,0.0,0.0,0.0,0.0,0.0
2023,ILLINOIS,CLINTON,315.41134015099794,0.2399401201044916,23711.86818,86.85666,9329.17986,34.17282,0.0,0.0,17644.781815535815,8.716564958613,59653.87428,218.51236,95100.0,0.0,100000.0,14893000.0,0.0,156.6,0.0,0.0,0.0,0.0,0.0
2021,CALIFORNIA,MADERA,141104.69737793496,107.35058005484692,10061.88456,36.85672,61058.80872,223.65864,826.5693976784756,0.0,79707.45761818712,36.57388265798646,245891.27472,900.70064,0.0,10100.0,10100.0,0.0,308000.0,0.0,30.5,0.0,0.0,0.0,0.0
2023,TENNESSEE,SULLIVAN,4.169583557949584e-05,1.289680951731052e-07,911.00646,3.33702,4895.53974,17.93238,0.0,0.0,13964.275175247796,6.408982803208576,33211.42734,121.65358,380.0,0.0,1100.0,61100.0,0.0,160.8,0.0,0.0,0.0,0.0,0.0
2021,KANSAS,NORTON,1.5365930343439766,0.0011601706227253,10900.26756,39.92772,6126.851639999999,22.44268,170.16142002361593,0.0,33292.20086660365,15.276174705683344,43975.44606,161.08222,124000.0,0.0,129500.0,9846000.0,0.0,79.4,0.0,0.0,0.0,0.0,0.0
2023,ILLINOIS,FORD,155.50402629262447,0.1183201580216304,31014.80928,113.60736,12882.22572,47.18764,0.0,0.0,18077.78258606493,8.29690021574483,88194.24432,323.05584,136600.0,0.0,138000.0,30503000.0,0.0,223.3,0.0,0.0,0.0,0.0,0.0
2021,MICHIGAN,ARENAC,29.305217579458944,0.0223000545964934,25178.893740000003,92.23038,8485.932,31.084,489.7894841663645,0.0,13784.339329634193,6.324964115338633,13307.94192,48.74704,15100.0,0.0,17800.0,2836000.0,0.0,187.8,0.0,0.0,0.0,0.0,0.0
2023,NEW YORK,STEUBEN,4.450775886394998,0.0034004821605146,46155.34014,169.06717999999998,16007.80818,58.63666,0.0,0.0,52262.054752377335,25.817581644369728,69323.81274000001,253.93338,29100.0,16000.0,45300.0,4391000.0,296000.0,150.9,18.5,0.0,0.0,0.0,0.0
2023,MINNESOTA,WASHINGTON,42.052417756696,0.0320001297562129,6872.60574,25.17438,3100.26444,11.35628,0.0,0.0,12853.28633005582,6.349554582133656,24513.903960000003,89.79452,14700.0,660.0,15400.0,2860000.0,11200.0,194.6,17.0,0.0,0.0,0.0,0.0
2021,KANSAS,MIAMI,3531.171132570653,2.6864600404479466,18480.36918,67.69366000000001,8215.83672,30.09464,289.6588954744083,0.0,21782.4485451052,10.75813965211154,36687.26334,134.38558,17400.0,0.0,18700.0,2140000.0,0.0,123.0,0.0,0.0,0.0,0.0,0.0
2021,INDIANA,OHIO,12.190265142597031,0.0092800168908914,608.3149800000001,2.22826,557.81544,2.04328,107.90581855568432,0.0,3295.015770235978,1.6273762675810008,3078.83394,11.27778,2730.0,0.0,2800.0,386000.0,0.0,141.4,0.0,0.0,0.0,0.0,0.0
2021,INDIANA,KNOX,363.713953197589,0.276720039125537,41362.6668,151.5116,18496.23594,67.75178,281.6778002769224,0.0,19633.27736173,9.00875782363144,106437.0489,389.8793,112500.0,0.0,113500.0,22826000.0,0.0,202.9,0.0,0.0,0.0,0.0,0.0
2022,INDIANA,JENNINGS,48.30040802942946,0.036740163246924,7692.41382,28.17734,3922.37118,14.36766,0.0,0.0,13958.57779655823,6.895571243982428,20219.43924,74.06388000000001,29800.0,0.0,30300.0,5370000.0,0.0,180.2,0.0,0.0,0.0,0.0,0.0
2023,NEBRASKA,CUMING,148.6146537017254,0.1130801610548513,27367.58934,100.24758,15789.51738,57.83706,0.0,0.0,21558.880968731744,9.89456994015234,107013.2427,391.9899,145000.0,0.0,161500.0,23896000.0,0.0,164.8,0.0,0.0,0.0,0.0,0.0
2021,WISCONSIN,RICHLAND,14.57277488143625,0.0110801125477067,8831.09682,32.34834,4955.76354,18.15298,184.17258268985228,0.0,22038.980920170383,10.884838499145395,33143.85984,121.40608,36000.0,11100.0,47900.0,5933000.0,228000.0,164.8,20.5,0.0,0.0,0.0,0.0
2021,NEW YORK,TOMPKINS,13.595306382351104,0.0103400851440054,4795.82922,17.56714,3508.55232,12.85184,481.64106225270064,0.0,17632.324874797414,8.09061786975365,24899.1288,91.2056,5370.0,8240.0,13800.0,719000.0,160000.0,133.9,19.5,0.0,0.0,0.0,0.0
2021,IOWA,WRIGHT,552.3068611112417,0.4202000660685688,37742.67042,138.25153999999998,13922.5632,50.9984,357.6488509173209,0.0,21691.237031428904,9.95305560609217,94543.66194,346.31378,169100.0,0.0,171500.0,32501000.0,0.0,192.2,0.0,0.0,0.0,0.0,0.0
2022,WISCONSIN,MARINETTE,0.7979660902479933,0.0006007012568136,5222.36988,19.12956,2665.3809,9.7633,0.0,0.0,53139.45107057072,24.388650596552548,19737.23388,72.29756,21700.0,14200.0,38700.0,2888000.0,249000.0,133.1,17.5,0.0,0.0,0.0,0.0
2022,IOWA,HENRY,692.6075201515399,0.5269401409838073,20265.46704,74.23248000000001,9168.7869,33.585300000000004,0.0,0.0,16340.082095189073,7.499372780673148,46060.76202,168.72074,77100.0,0.0,78300.0,12930000.0,0.0,167.7,0.0,0.0,0.0,0.0,0.0
2023,TENNESSEE,STEWART,46.97063355299925,0.0357401836186391,1077.19794,3.94578,690.78828,2.5303599999999995,0.0,0.0,18003.71666426268,8.262907243451084,4721.79708,17.29596,3160.0,0.0,3200.0,578000.0,0.0,182.9,0.0,0.0,0.0,0.0,0.0
2023,INDIANA,LA PORTE,24.670682675799565,0.0187802139434548,25242.7266,92.4642,13481.91936,49.38432,0.0,0.0,21507.60456546464,10.624808754164867,94683.46524,346.82588,106200.0,0.0,108500.0,18838000.0,0.0,177.4,0.0,0.0,0.0,0.0,0.0
2022,SOUTH DAKOTA,MINNEHAHA,179.9267721785675,0.1369003135845112,20073.82104,73.53048000000001,9363.57786,34.29882,0.0,0.0,28720.48599284868,13.181428933327616,61384.87446,224.85302,136700.0,0.0,168500.0,24770000.0,0.0,181.2,0.0,0.0,0.0,0.0,0.0
2023,MINNESOTA,CHISAGO,265.6940844918571,0.2021401544287967,9214.09944,33.751279999999994,3918.7785,14.354500000000002,0.0,0.0,15901.383931153376,7.855322180617984,31648.737120000005,115.92944,25900.0,420.0,26400.0,4025000.0,5200.0,155.4,12.5,0.0,0.0,0.0,0.0
2021,MINNESOTA,SIBLEY,212.036550400428,0.1613200991609323,37832.68944,138.58128,13113.5823,48.0351,239.71704922111488,0.0,21828.05429314968,10.780663887868853,66328.7625,242.9625,148900.0,0.0,156500.0,30187000.0,0.0,202.7,0.0,380.0,400.0,22300.0,58.7
2023,ILLINOIS,KENDALL,211.67606496198687,0.1610400756493656,17728.55994,64.93978,7624.82994,27.92978,0.0,0.0,10352.137083737798,5.113980795807699,54169.69194,198.42378,70600.0,0.0,71600.0,14558000.0,0.0,206.2,0.0,0.0,0.0,0.0,0.0
2022,TENNESSEE,COFFEE,369.6307566409476,0.2812201237610951,4252.60836,15.57732,3162.5412,11.5844,0.0,0.0,15684.88353920664,7.748370462557781,17602.42848,64.47776,21000.0,0.0,22000.0,3835000.0,0.0,182.6,0.0,0.0,0.0,0.0,0.0
2022,NORTH CAROLINA,CRAVEN,218.2390997295232,0.1660202732097478,9334.49244,34.19228,3864.6699,14.1563,0.0,0.0,24703.834015977303,12.20375384508661,21028.316400000003,77.0268,14500.0,0.0,14700.0,1683000.0,0.0,116.1,0.0,0.0,0.0,0.0,0.0
2021,NEW YORK,MONTGOMERY,73.7687588857457,0.0561200595446624,3836.75838,14.05406,4220.96766,15.46142,430.8365496094676,0.0,15146.811249321274,6.950136333904879,31356.02652,114.85724,7330.0,11700.0,19300.0,1165000.0,210000.0,158.9,18.0,0.0,0.0,0.0,0.0
2022,GEORGIA,MILLER,23188.34238816469,17.64140002848206,2809.92894,10.29278,16524.864719999998,60.530640000000005,0.0,0.0,10608.51912481191,4.86883964868748,87481.08096,320.44352,16500.0,0.0,16700.0,3281000.0,0.0,198.8,0.0,0.0,0.0,0.0,0.0
2021,MISSISSIPPI,WEBSTER,964.17822929007,0.7335400288777801,5305.74408,19.43496,2295.7116,8.4092,64.9376875767873,0.0,15551.562318648845,7.680765497326773,8959.34676,32.81812,4340.0,0.0,4500.0,720000.0,0.0,165.9,0.0,0.0,0.0,0.0,0.0
2021,MARYLAND,CAROLINE,146.1281546082062,0.1111800480020215,16979.819219999998,62.19714,6657.623699999999,24.3869,267.56912064675544,0.0,11880.29907468361,5.451292479815843,41429.54634000001,151.75658,37600.0,0.0,41500.0,6845000.0,0.0,182.0,0.0,0.0,0.0,0.0,0.0
2022,MINNESOTA,WASHINGTON,39.88204348357104,0.0303401472823593,6529.67406,23.91822,3005.72454,11.00998,0.0,0.0,12853.28633005582,6.349554582133653,18726.7899,68.5963,16000.0,430.0,16800.0,2749000.0,8400.0,171.8,19.5,0.0,0.0,0.0,0.0
2021,MISSOURI,JOHNSON,3469.741993324634,2.63972003498572,22148.98686,81.13182,13497.60048,49.44176,405.714985645024,0.0,30812.387958357624,15.217938974337212,65347.12548,239.36676,46100.0,0.0,49000.0,5936000.0,0.0,128.8,0.0,0.0,0.0,0.0,0.0
2021,IOWA,APPANOOSE,1187.2207392617622,0.903220064582092,14821.46484,54.29108,6458.35008,23.656960000000005,249.38169500584772,0.0,18943.490323337763,8.692248039540662,35968.96758,131.75446,32200.0,1710.0,34200.0,5526000.0,22700.0,171.6,13.5,0.0,0.0,0.0,0.0
2023,IOWA,HENRY,723.581252797755,0.5504801116816962,21047.30628,77.09636,9496.97658,34.78746,0.0,0.0,16340.082095189076,8.072040136329658,60432.63954,221.36498,76000.0,0.0,77300.0,14828000.0,0.0,195.1,0.0,0.0,0.0,0.0,0.0
2023,NORTH DAKOTA,BOTTINEAU,6080.889130379051,4.626300246970512,30640.44984,112.23608,8680.14966,31.79542,0.0,0.0,63850.52300129221,29.30455743356503,86239.7991,315.8967,43700.0,0.0,45500.0,4951000.0,0.0,113.3,0.0,249500.0,251000.0,13229000.0,53.0
2021,ALABAMA,DALLAS,1806.6413262728377,1.374480145090143,1411.01142,5.16854,3709.95534,13.58958,498.8449495560992,0.0,36957.76339627484,16.958123394573857,26418.21,96.77,6340.0,0.0,6500.0,975000.0,0.0,153.8,0.0,0.0,0.0,0.0,0.0
2021,KANSAS,SHERIDAN,5.367738747109981e-05,1.7267868226772117e-07,17536.002119999997,64.23444,11822.39058,43.30546,180.9136887872929,0.0,33685.55050337508,15.456663757633196,74830.53396,274.10452,151600.0,0.0,160500.0,18250000.0,0.0,120.4,0.0,0.0,0.0,0.0,0.0
2023,GEORGIA,FRANKLIN,2.9736564908130183e-05,1.0157132321392588e-07,657.03456,2.4067199999999995,1616.2855800000002,5.92046,0.0,0.0,9959.017954012375,4.570747425347708,8776.75344,32.149280000000005,590.0,0.0,600.0,95700.0,0.0,162.2,0.0,0.0,0.0,0.0,0.0
2022,MISSOURI,STODDARD,17849.532500404715,13.579700073912484,60282.83352,220.81624,49492.80336,181.29232,142711.515944172,0.0,30942.463678293632,15.285652010380463,217476.50106,796.61722,65400.0,0.0,69000.0,10669000.0,0.0,163.1,0.0,0.0,0.0,0.0,0.0
2022,NORTH CAROLINA,HOKE,918.480094064273,0.6987601158045684,4755.64908,17.41996,2154.58698,7.89226,0.0,0.0,13861.722358545054,6.361915609930005,9961.81914,36.49018,6800.0,0.0,7000.0,664000.0,0.0,97.6,0.0,0.0,0.0,0.0,0.0
2023,MISSISSIPPI,ISSAQUENA,2752.174463955712,2.093820067368328,23383.55838,85.65406,9520.40544,34.87328,10619.6783724,0.0,15656.396646775653,7.185591490438172,54623.30874,200.08538,21900.0,0.0,23500.0,4242000.0,0.0,193.7,0.0,0.0,0.0,0.0,0.0
2023,GEORGIA,HALL,3.713668260857165e-05,1.2684793969921237e-07,414.37032,1.51784,2281.25898,8.35626,0.0,0.0,12437.377686153188,6.144094704571785,14702.081939999998,53.85378,610.0,0.0,1200.0,78700.0,0.0,129.0,0.0,0.0,0.0,0.0,0.0
2022,INDIANA,PIKE,29.662487153226884,0.0225801601270203,11803.39524,43.23588,5235.83424,19.178880000000003,0.0,0.0,12876.075844087763,6.360812657269485,25757.82846,94.35102,28600.0,0.0,29200.0,4768000.0,0.0,166.7,0.0,0.0,0.0,0.0,0.0
2023,SOUTH CAROLINA,MARLBORO,729.7475849424482,0.5551801546350569,10789.69164,39.52268,2287.2486,8.3782,0.0,0.0,17941.04549737005,8.862919935091782,13808.54202,50.58074,16400.0,0.0,16800.0,2787000.0,0.0,169.9,0.0,0.0,0.0,0.0,0.0
2022,ILLINOIS,ADAMS,261.446502987571,0.1989003505690995,36277.512180000005,132.88466,15815.82366,57.93342,0.0,0.0,32002.176109759435,14.687579110174685,79302.90186,290.48682,145400.0,0.0,148000.0,29202000.0,0.0,200.8,0.0,0.0,0.0,0.0,0.0
2021,WISCONSIN,RUSK,5.581212871330726e-05,1.7954608625390456e-07,6713.03724,24.58988,3774.43248,13.82576,347.9874710634628,0.0,35025.21953933055,16.07137283989093,27268.39752,99.88424,18800.0,7470.0,26700.0,3034000.0,138000.0,161.4,18.5,0.0,0.0,0.0,0.0
2023,ALABAMA,HOUSTON,12493.815979415054,9.5051200659447,2402.15976,8.799119999999998,8737.46328,32.00536,0.0,0.0,20464.984258446344,9.39251987906987,70493.25738,258.21706000000006,2300.0,0.0,2400.0,383000.0,0.0,166.5,0.0,0.0,0.0,0.0,0.0
2022,KANSAS,BOURBON,4871.03102463933,3.705800084507306,17318.03346,63.43602,6019.5681,22.0497,0.0,0.0,23951.78002808281,10.992804451341188,19105.58286,69.98382,10900.0,0.0,12400.0,957000.0,0.0,87.8,0.0,0.0,0.0,0.0,0.0
2021,ARKANSAS,CHICOT,10424.085601567454,7.93048,53860.07172,197.28964,24707.14974,90.50238,84194.978435982,0.0,24889.34057840388,11.420510062053442,118358.64222,433.54814,35800.0,0.0,37000.0,6512000.0,0.0,181.9,0.0,0.0,0.0,0.0,0.0
2023,ARKANSAS,POINSETT,58121.07331669773,44.2177600593656,66091.17606,242.09222,32250.84954,118.13498,473076.67707,0.0,28600.841040077223,14.128884754885098,138468.41189999998,507.2103,35400.0,0.0,35900.0,6662000.0,0.0,188.2,0.0,0.0,0.0,0.0,0.0
2021,VIRGINIA,NORTHUMBERLAND,1.2127147107484684e-05,3.901269940372445e-08,2865.05856,10.49472,966.02142,3.53854,140.40643579013687,0.0,7610.460299897756,3.4920707584858937,6264.208859999999,22.94582,11400.0,0.0,13700.0,2050000.0,0.0,179.8,0.0,0.0,0.0,0.0,0.0
2021,TENNESSEE,LAUDERDALE,6243.456121013763,4.749980000000001,19767.04002,72.40674,6144.10524,22.50588,226.5938950734864,0.0,17883.156531702247,8.20571233971517,33057.515400000004,121.0898,20600.0,0.0,21500.0,3593000.0,0.0,174.4,0.0,0.0,0.0,0.0,0.0
2021,NEW YORK,GENESEE,2.88144648994031e-05,9.269534274106289e-08,11884.64004,43.53348,6733.031759999999,24.66312,503.0185682160627,0.0,18082.68170873936,8.297264756895819,42703.38618,156.42266,30800.0,0.0,48400.0,5890000.0,0.0,191.2,0.0,0.0,0.0,0.0,0.0
2022,MARYLAND,SOMERSET,92.70165093042851,0.0705001047081492,5625.64002,20.60674,1999.98162,7.32594,0.0,0.0,11497.310200631382,5.276755322726121,9391.30374,34.40038,10600.0,0.0,11700.0,1398000.0,0.0,131.9,0.0,0.0,0.0,0.0,0.0
2022,GEORGIA,WORTH,36543.0591,27.80148,3062.20278,11.21686,13355.132699999998,48.9199,0.0,0.0,21444.93340075098,9.842273061546662,76417.2318,279.9166,5120.0,0.0,5300.0,1019000.0,0.0,199.0,0.0,0.0,0.0,0.0,0.0
2023,PENNSYLVANIA,WARREN,0.0006395528304944,3.079238241355877e-07,2140.32,7.84,1230.53658,4.50746,0.0,0.0,33341.06010848996,15.302067468193083,8235.28524,30.16588,2600.0,2360.0,5000.0,360000.0,40100.0,138.5,17.0,0.0,0.0,0.0,0.0
2023,TENNESSEE,CROCKETT,366.27344135038834,0.2786600740101613,12334.09086,45.17982000000001,4127.58528,15.11936,0.0,0.0,9970.412710955718,4.575977113274946,22581.50622,82.71614,19700.0,0.0,21100.0,3268000.0,0.0,165.9,0.0,0.0,0.0,0.0,0.0
2023,PENNSYLVANIA,VENANGO,7.639983580366777e-05,2.609592748819336e-07,1960.0035,7.179500000000001,1071.25746,3.92402,0.0,0.0,25586.927703418045,12.640004265839387,9379.01328,34.35536,3620.0,0.0,8000.0,514000.0,0.0,142.0,0.0,0.0,0.0,0.0,0.0
2022,KANSAS,WILSON,2190.3739019005834,1.666420150000565,8110.46964,29.70868,4786.55268,17.53316,0.0,0.0,21439.236020027703,9.839658216549656,14830.16262,54.32294,41600.0,0.0,42400.0,2533000.0,0.0,60.9,0.0,0.0,0.0,0.0,0.0
2022,KENTUCKY,MASON,3.5309554652788484e-05,1.2014671256588184e-07,1192.30566,4.36742,4720.03896,17.289520000000003,0.0,0.0,9104.41115028673,4.497601162260949,21147.95592,77.46504,6400.0,0.0,7500.0,1110000.0,0.0,173.4,0.0,0.0,0.0,0.0,0.0
2021,NORTH CAROLINA,MARTIN,1252.2177148979365,0.9526800482317356,14970.5283,54.8371,5936.30856,21.74472,188.9183662635324,0.0,17472.70473360378,8.017375936209213,37585.3023,137.6751,6850.0,0.0,7000.0,840000.0,0.0,122.6,0.0,0.0,0.0,0.0,0.0
2022,KANSAS,KIOWA,100.3304775612234,0.0763203332992729,11395.52232,41.74184,9166.0569,33.5753,0.0,0.0,26937.206464510287,13.307045244659136,42929.88336,157.25232000000003,26400.0,0.0,28000.0,3905000.0,0.0,147.9,0.0,0.0,0.0,0.0,0.0
2023,NORTH DAKOTA,SLOPE,21.539714646613938,0.0164004152394601,4234.76508,15.51196,1554.74046,5.69502,0.0,0.0,46080.3988648997,22.76382866185629,16943.663099999998,62.0647,17300.0,0.0,19000.0,1837000.0,0.0,106.2,0.0,110000.0,110000.0,5793000.0,52.7
2021,CALIFORNIA,KERN,154010.05639061486,117.16884023932316,29990.11470000001,109.8539,101493.61404,371.77148,4016.462831057848,0.0,298119.11710094794,147.23813478062326,378205.68786,1385.36882,3130.0,24800.0,28100.0,504000.0,620000.0,161.0,25.0,0.0,0.0,0.0,0.0
2022,KANSAS,MARION,1003.1212582154444,0.7631603382939706,9941.32776,36.41512,5512.42692,20.19204,0.0,0.0,35551.64304076845,16.316626965212432,19560.30804,71.64948,61800.0,0.0,67500.0,4481000.0,0.0,72.5,0.0,0.0,0.0,0.0,0.0
2022,MISSOURI,OSAGE,485.31655246526174,0.3692202480498757,5164.78326,18.91862,4962.00432,18.17584,0.0,0.0,22778.120006556,11.252446459689953,23144.1756,84.7772,8640.0,0.0,9300.0,1158000.0,0.0,134.0,0.0,0.0,0.0,0.0,0.0
2023,ALABAMA,CHEROKEE,6.568242395805947e-05,2.2435176133925774e-07,1125.89022,4.124140000000001,2353.4238,8.6206,0.0,0.0,21997.579124632608,10.866857373280974,15854.92818,58.07666,4080.0,0.0,4200.0,625000.0,0.0,153.2,0.0,0.0,0.0,0.0,0.0
2021,MICHIGAN,GENESEE,25.783347981313604,0.0196000897167476,20644.37466,75.62042,6582.035459999999,24.11002,595.2269878649715,0.0,18384.81982661642,9.080083846592796,30194.00748,110.60076,29000.0,0.0,32100.0,4640000.0,0.0,160.0,0.0,0.0,0.0,0.0,0.0
2021,INDIANA,LAGRANGE,558.9136334527382,0.4252000445543557,16791.252660000002,61.506420000000006,9406.87566,34.45742,292.87890983736844,0.0,14360.111982435448,6.589158233059758,55305.61218,202.58466,39300.0,0.0,42600.0,6327000.0,0.0,161.0,0.0,0.0,0.0,0.0,0.0
2022,TENNESSEE,TIPTON,4660.594467242143,3.545720092440165,19614.56952,71.84824,5707.87308,20.90796,0.0,0.0,16835.75403566138,7.726864211674947,25856.3214,94.7118,24500.0,0.0,25500.0,3280000.0,0.0,133.9,0.0,0.0,0.0,0.0,0.0
2023,SOUTH DAKOTA,HUTCHINSON,176.10878290669223,0.133960254218995,21196.48986,77.64282,9351.041700000002,34.252900000000004,0.0,0.0,30520.857651779283,15.077377612007384,84178.4307,308.3459,166700.0,0.0,176500.0,25255000.0,0.0,151.5,0.0,0.0,0.0,0.0,0.0
2021,MINNESOTA,CHISAGO,268.4722347748939,0.20426004335555,9337.32072,34.20264,3852.97458,14.11346,379.7352310515208,0.0,15910.707639495882,7.30065130166281,28625.31672,104.85464,25900.0,0.0,26800.0,3758000.0,0.0,145.1,0.0,0.0,0.0,0.0,0.0
2023,MINNESOTA,BLUE EARTH,53.09905948741866,0.0404002436380611,37684.281180000005,138.03766000000002,13442.9841,49.2417,0.0,0.0,28127.95859794827,12.909485145577156,110576.04558,405.04046000000005,185000.0,400.0,185500.0,36852000.0,10400.0,199.2,26.0,280.0,300.0,12000.0,42.9
2022,NEW YORK,CHEMUNG,9.122575212675043,0.0069401874663469,1833.17316,6.71492,1456.41678,5.334860000000001,0.0,0.0,14636.565860907289,7.23049899009145,9462.3984,34.6608,2570.0,1930.0,4600.0,325000.0,35800.0,126.5,18.5,0.0,0.0,0.0,0.0
2023,MISSOURI,HICKORY,28.9177019145094,0.022000127584666,729.9965400000001,2.67398,1996.7493,7.3141,0.0,0.0,15354.43557404961,7.047004754066063,13300.7784,48.7208,600.0,0.0,2500.0,60700.0,0.0,101.2,0.0,0.0,0.0,0.0,0.0
2021,ILLINOIS,LAKE,88.17805184940782,0.067080038884955,3073.00812,11.25644,1451.96142,5.31854,508.7750416917493,0.0,7764.3797222042895,3.562696908891922,9221.16468,33.77716,6310.0,0.0,6400.0,1036000.0,0.0,164.2,0.0,0.0,0.0,0.0,0.0
2022,NORTH CAROLINA,WAYNE,3708.155714554516,2.821140045862065,20155.71012,73.83044,8928.443159999999,32.704919999999994,0.0,0.0,19741.41717024608,9.75230790261276,45743.28486,167.55782,20100.0,0.0,20500.0,2064000.0,0.0,102.7,0.0,0.0,0.0,0.0,0.0
2023,TENNESSEE,MEIGS,5.548222763463573,0.0042200777123374,362.97534,1.32958,1216.04028,4.45436,0.0,0.0,7890.869489554128,3.621559030185627,7395.4881,27.0897,1480.0,0.0,1600.0,270000.0,0.0,182.4,0.0,0.0,0.0,0.0,0.0
2021,MINNESOTA,BECKER,917.657541895515,0.698160271564611,30400.01874,111.35538,8663.71506,31.73522,313.04700389374415,0.0,53050.89404073942,26.20132101209057,27174.28896,99.53952,64100.0,0.0,76800.0,9743000.0,0.0,152.0,0.0,20500.0,21400.0,1156000.0,56.4
2021,ILLINOIS,MARSHALL,97.33094115713176,0.0740600698436878,21590.37426,79.08562,9427.61274,34.53338,169.71845497670475,0.0,14804.768088769288,6.793189333061877,58954.59024,215.95088,93200.0,0.0,94400.0,19991000.0,0.0,214.5,0.0,0.0,0.0,0.0,0.0
2023,KANSAS,STEVENS,140.3256137697908,0.1067602253342294,32034.267720000003,117.34164,26043.7905,95.3985,0.0,0.0,27581.0102475848,13.62508587301243,162066.74484,593.6510800000001,109500.0,0.0,114500.0,16425000.0,0.0,150.0,0.0,0.0,0.0,0.0,0.0
2021,VIRGINIA,PAGE,24.23761568342562,0.0184400494011156,1411.86864,5.17168,3753.70086,13.74982,194.0050887119665,0.0,11578.160950992547,5.312655963075913,21446.89638,78.56006,1550.0,0.0,3500.0,190300.0,0.0,122.8,0.0,0.0,0.0,0.0,0.0
2022,WISCONSIN,WOOD,76.94428632832414,0.0585403596262475,24501.9411,89.7507,10384.57602,38.03874,0.0,0.0,29700.43511699521,13.631182107470648,43171.26996,158.13652000000002,25300.0,11400.0,37100.0,4248000.0,251000.0,167.9,22.0,0.0,0.0,0.0,0.0
2022,MISSOURI,ADAIR,728.4009391991638,0.5541401321212732,10217.64198,37.42726,4485.7722,16.4314,0.0,0.0,20954.958835336623,10.351800424783338,18868.1766,69.1142,18700.0,0.0,19700.0,3143000.0,0.0,168.1,0.0,0.0,0.0,0.0,0.0
2021,MISSISSIPPI,TATE,2220.177482997579,1.6890800044323917,14652.29766,53.67142,7646.358720000001,28.00864,2000.7499490171551,0.0,15106.906213623151,7.461154168273257,37349.41392,136.81104,8300.0,0.0,8500.0,1388000.0,0.0,167.2,0.0,0.0,0.0,0.0,0.0
2023,INDIANA,GREENE,137.2004907581118,0.1043801566155156,15059.71194,55.16378,6576.41166,24.089420000000004,0.0,0.0,19992.101824742746,9.876146729178688,39040.76904,143.00647999999998,50000.0,0.0,51200.0,9480000.0,0.0,189.6,0.0,0.0,0.0,0.0,0.0
2023,IOWA,DAVIS,820.0976258894035,0.6239201569454034,15471.161159999998,56.67092,6911.1315,25.315500000000004,0.0,0.0,18881.11299208712,8.665593233669362,41451.3645,151.8365,47700.0,2950.0,50900.0,8577000.0,50000.0,179.8,17.0,0.0,0.0,0.0,0.0
2021,ILLINOIS,UNION,335.8424516031548,0.2555000360048471,6836.37318,25.04166,2114.0028,7.7436,194.7039150882647,0.0,15745.38677098485,7.224793581111712,9547.85286,34.97382,11500.0,0.0,11700.0,1883000.0,0.0,163.7,0.0,0.0,0.0,0.0,0.0
2023,LOUISIANA,RICHLAND,8983.525760442824,6.834560069610733,39920.17848,146.22776,27268.0863,99.8831,34208.879256,0.0,20977.74833876424,10.363058494680612,151792.05132,556.01484,68300.0,0.0,69800.0,11777000.0,0.0,172.4,0.0,0.0,0.0,0.0,0.0
2022,OHIO,GREENE,63.419806940907634,0.0482401588412083,16856.06286,61.74382,6394.59366,23.42342,0.0,0.0,13348.958275031337,6.5944177236397135,33846.3762,123.9794,54300.0,0.0,56200.0,10344000.0,0.0,190.5,0.0,0.0,0.0,0.0,0.0
2021,IOWA,BOONE,175.11027089795985,0.1332401023621001,32560.45338,119.26906,12477.85266,45.70642,299.5318753537667,0.0,21337.79244327721,10.538528324637335,82658.43768,302.77816,142000.0,0.0,144000.0,29593000.0,0.0,208.4,0.0,0.0,0.0,0.0,0.0
2023,NORTH DAKOTA,GRANT,0.7308665843383172,0.0005605770693509,4148.06574,15.19438,1526.52318,5.59166,0.0,0.0,62517.33638810775,30.88371561424453,16840.80762,61.68794,67300.0,12700.0,81100.0,8473000.0,216000.0,125.9,17.0,97900.0,101000.0,4029000.0,41.2
2021,OHIO,TUSCARAWAS,40.00166810804479,0.030440091157042,4969.2715800000005,18.20246,4270.282380000001,15.64206,338.67103793549825,0.0,20539.69173541948,9.424667375051726,27619.530120000003,101.17044,18000.0,0.0,23900.0,3044000.0,0.0,169.1,0.0,0.0,0.0,0.0,0.0
2022,MINNESOTA,LYON,291.3048893853806,0.2216403058708713,24976.12572,91.48764,10957.9197,40.1389,0.0,0.0,26532.692566903097,12.177328808695892,75200.59092,275.46004000000005,163100.0,8350.0,175500.0,28706000.0,167000.0,176.0,20.0,1550.0,1600.0,81200.0,52.4
2021,IOWA,KEOKUK,943.195100792026,0.717580068717093,29410.90698,107.73226,12553.32624,45.98288,248.6428381034567,0.0,21725.44135652487,10.729984355674066,74277.43596,272.07852,118900.0,0.0,121500.0,20986000.0,0.0,176.5,0.0,0.0,0.0,0.0,0.0
2023,NORTH DAKOTA,MORTON,0.0002160324014886,6.682031173722154e-07,4770.675,17.474999999999998,1700.34774,6.22838,0.0,0.0,72351.0120190554,35.74157519648171,19831.05306,72.64122,61500.0,0.0,89600.0,8272000.0,0.0,134.5,0.0,141400.0,142000.0,7328000.0,51.8
2021,OHIO,CLERMONT,6.354142735505363,0.0048400733204964,5024.346600000001,18.4042,2139.67572,7.83764,603.9371622613543,0.0,14303.104787750415,7.0641644554685215,11059.26276,40.51012,14600.0,0.0,15100.0,2740000.0,0.0,187.7,0.0,0.0,0.0,0.0,0.0
2023,INDIANA,ST. JOSEPH,137.03487393758488,0.1042601043474333,18116.1981,66.35969999999999,9104.04222,33.34814,0.0,0.0,13576.85342406668,6.2311734067488205,65394.26166,239.53942,62800.0,0.0,64100.0,11561000.0,0.0,184.1,0.0,0.0,0.0,0.0,0.0
2023,MISSISSIPPI,COAHOMA,15616.336686136425,11.880720020808186,46095.98994,168.84978,27443.5434,100.5258,35861.7223746,0.0,21268.314660648062,10.506598961542924,136641.68154,500.51898,43500.0,0.0,44300.0,8126000.0,0.0,186.8,0.0,0.0,0.0,0.0,0.0
2023,MARYLAND,CALVERT,2.13157413232075e-05,7.28082768864806e-08,1194.05832,4.37384,517.31862,1.89494,0.0,0.0,7138.815501950165,3.276399613520616,3371.4844800000005,12.34976,2850.0,0.0,2900.0,411000.0,0.0,144.2,0.0,0.0,0.0,0.0,0.0
2021,OKLAHOMA,OTTAWA,1519.837945430403,1.1562600864158707,3434.48196,12.58052,4665.8866800000005,17.09116,274.38152430864847,0.0,18002.87162411627,8.891443341194105,15347.99448,56.21976,8930.0,0.0,9800.0,1225000.0,0.0,137.2,0.0,0.0,0.0,0.0,0.0
2022,MISSISSIPPI,WARREN,1048.007506827624,0.7973201562779347,10507.45332,38.48884,3907.26336,14.31232,1401.609616128,0.0,21541.78883382515,10.64169586554103,18015.23178,65.98986000000001,8270.0,0.0,8400.0,1249000.0,0.0,151.0,0.0,0.0,0.0,0.0,0.0
2021,WISCONSIN,ASHLAND,6.149871603794004e-05,1.978396816034659e-07,129.2109,0.4733,348.87762,1.27794,268.57441366665506,0.0,38593.86983213598,19.0611372504692,2398.39236,8.78532,0.0,2330.0,0.0,0.0,40600.0,0.0,17.5,0.0,0.0,0.0,0.0
2021,KENTUCKY,FULTON,1942.911362995516,1.4781600074434575,15141.26796,55.46252,6167.87262,22.59294,128.2489444861073,0.0,8032.313529956433,3.96708159350774,31663.67568,115.98416,28000.0,0.0,29500.0,5495000.0,0.0,196.3,0.0,0.0,0.0,0.0,0.0
2023,GEORGIA,WALKER,4.843249444743399e-05,1.4980504567317476e-07,941.45688,3.4485600000000005,2084.28402,7.63474,0.0,0.0,16220.43713689757,7.444461052670251,12769.9299,46.776300000000006,2730.0,0.0,2800.0,425000.0,0.0,155.7,0.0,0.0,0.0,0.0,0.0
2023,NEBRASKA,CLAY,19.28646253515825,0.0146801922926583,38471.95716,140.92292,31084.053000000004,113.861,0.0,0.0,21627.249510391783,10.68391364678014,201002.90574,736.27438,175100.0,0.0,178000.0,33917000.0,0.0,193.7,0.0,0.0,0.0,0.0,0.0
2023,ALABAMA,RANDOLPH,6.472976513023038e-05,2.002136279037303e-07,759.46962,2.78194,3930.74682,14.39834,0.0,0.0,21678.52591859789,9.949481664288374,26649.6594,97.6178,1040.0,0.0,1100.0,155400.0,0.0,149.4,0.0,0.0,0.0,0.0,0.0
2023,ALABAMA,PIKE,120.48768563485773,0.0916602237473784,1312.5621600000002,4.80792,5288.59422,19.37214,0.0,0.0,24863.36061274828,12.282560370319834,37951.57002,139.01674,4080.0,0.0,4200.0,595000.0,0.0,145.8,0.0,0.0,0.0,0.0,0.0
2021,NEBRASKA,MORRILL,5.602405410089979,0.0042602745661317,23356.64058,85.55546,14593.04028,53.45436,249.34653051692223,0.0,53917.40338079475,26.62928155430744,96469.30566,353.36742000000004,72100.0,0.0,74300.0,12855000.0,0.0,178.3,0.0,0.0,0.0,0.0,0.0
2021,IOWA,ALLAMAKEE,112.05033708602194,0.0852401221228994,13871.97084,50.81308,7338.57306,26.88122,288.46809191657377,0.0,23823.306066573103,10.931358578489297,46665.10212,170.93444,85900.0,7300.0,93900.0,17051000.0,164000.0,198.5,22.5,0.0,0.0,0.0,0.0
2021,WISCONSIN,OZAUKEE,0.7848120384486139,0.0006000387496924,4191.44544,15.35328,1848.38472,6.77064,284.6568574567038,0.0,7559.153825989378,3.4685287084394765,12338.71002,45.196740000000005,9550.0,6680.0,16700.0,1793000.0,137000.0,187.7,20.5,0.0,0.0,0.0,0.0
2022,SOUTH DAKOTA,JERAULD,27.430393201227325,0.0208602488142641,4941.75864,18.10168,2359.38612,8.64244,0.0,0.0,20009.19396579403,9.88459028826107,16961.39718,62.12966,41100.0,0.0,50600.0,4061000.0,0.0,98.8,0.0,0.0,0.0,0.0,0.0
2021,MINNESOTA,LE SUEUR,114.49190227976,0.0871200708356977,19268.35638,70.58005999999999,6769.149660000001,24.79542,288.17118509686634,0.0,17432.79969456261,7.999065451105733,49540.20162,181.46594,82600.0,1620.0,85300.0,16817000.0,42500.0,203.6,26.0,0.0,0.0,0.0,0.0
2023,WISCONSIN,MARATHON,36.06268701465935,0.027440569477765,36264.94872,132.83864,18242.08386,66.82082,0.0,0.0,57748.63042127912,28.527963315183023,133522.86948,489.09476,61300.0,61000.0,124000.0,9428000.0,1311000.0,153.8,21.5,0.0,0.0,0.0,0.0
2021,ILLINOIS,BUREAU,470.6035653616915,0.3580201502965312,54199.28514,198.53218,25296.51852,92.66124,353.59088266158733,0.0,32596.71311173713,14.957049139561278,161983.88388,593.34756,248000.0,0.0,250500.0,50468000.0,0.0,203.5,0.0,0.0,0.0,0.0,0.0
2021,KENTUCKY,BOURBON,0.4243372348132096,0.0003200554369125,1987.37994,7.27978,7102.3953,26.0161,199.05744378778127,0.0,10825.665999754943,5.346691232223767,36202.48632,132.60984000000002,5350.0,0.0,5800.0,1070000.0,0.0,200.0,0.0,0.0,0.0,0.0,0.0
2023,MISSOURI,GENTRY,1425.444860250542,1.084440052225492,16800.955080000003,61.54196,6111.95676,22.38812,0.0,0.0,18613.33619508652,8.542695563325749,34979.184239999995,128.12887999999998,44400.0,0.0,45400.0,7104000.0,0.0,160.0,0.0,0.0,0.0,0.0,0.0
2021,NORTH CAROLINA,RANDOLPH,4.515659047226157e-05,1.452675121838133e-07,1511.9941199999998,5.53844,3795.125880000001,13.901560000000002,483.6757428994512,0.0,28338.275772690584,13.003058983574428,21453.01704,78.58248,6000.0,0.0,10400.0,899000.0,0.0,149.8,0.0,0.0,0.0,0.0,0.0
2023,KENTUCKY,BULLITT,0.7512909000050552,0.0005801055184153,1767.4620599999998,6.47422,1091.56866,3.99842,0.0,0.0,10386.321355003614,5.130867908619089,6733.10274,24.66338,2500.0,0.0,2600.0,471000.0,0.0,188.4,0.0,0.0,0.0,0.0,0.0
2023,NORTH CAROLINA,PENDER,18.519515038329644,0.0140803242033151,6143.4282,22.5034,3170.97144,11.61528,0.0,0.0,32463.663782161755,16.037128546561863,21469.2933,78.6421,14700.0,0.0,15100.0,2447000.0,0.0,166.5,0.0,0.0,0.0,0.0,0.0
2022,MISSOURI,LEWIS,543.053341136346,0.413140209421289,17153.79666,62.83442000000001,6901.41816,25.27992,0.0,0.0,18875.41560478335,9.324501031520136,31326.93564,114.75068,62600.0,0.0,66000.0,9703000.0,0.0,155.0,0.0,0.0,0.0,0.0,0.0
2021,SOUTH DAKOTA,MCCOOK,230.25020706999413,0.1751800869612003,14530.425,53.225,6180.9384,22.6408,174.4935311598649,0.0,21537.31761740732,10.63707186913183,51142.77168,187.33616,110200.0,0.0,119500.0,13819000.0,0.0,125.4,0.0,0.0,0.0,0.0,0.0
2023,NORTH CAROLINA,DURHAM,2.2131204508362043,0.0016800639841712,339.92322,1.24514,412.83606,1.51222,0.0,0.0,6928.012490000375,3.179650382966527,1669.72806,6.11622,750.0,0.0,900.0,92200.0,0.0,122.9,0.0,0.0,0.0,0.0,0.0
2021,OKLAHOMA,MAYES,367.5166515324552,0.2796001006580512,2710.2075,9.927500000000002,7080.0366,25.9342,562.5104520566734,0.0,25413.80676034911,12.551632184667769,23942.17098,87.70026,1220.0,0.0,1500.0,108800.0,0.0,89.2,0.0,0.0,0.0,0.0,0.0
2022,ILLINOIS,MADISON,136.51532765195148,0.103860300211756,31731.18312,116.23144,12608.05182,46.18334,0.0,0.0,24253.74109499826,11.131391185046494,66409.99092,243.26004,99600.0,0.0,101500.0,20000000.0,0.0,200.8,0.0,0.0,0.0,0.0,0.0
2022,MISSOURI,MONROE,1021.757041744814,0.7773402117245762,31231.80606,114.40222,10958.132640000002,40.139680000000006,0.0,0.0,24527.21527609228,11.256903701933862,43936.82748,160.94076,51000.0,0.0,54000.0,7669000.0,0.0,150.4,0.0,0.0,0.0,0.0,0.0
2023,IOWA,DES MOINES,439.846292583311,0.3346401115119537,19207.74492,70.35804,8631.883259999999,31.61862,0.0,0.0,15525.356939820898,7.669563936032864,56525.70378,207.05386,73200.0,0.0,74200.0,15218000.0,0.0,207.9,0.0,0.0,0.0,0.0,0.0
2022,MARYLAND,ANNE ARUNDEL,3.760754819492346e-05,1.2796602301315598e-07,1775.4500400000002,6.50348,859.1473800000001,3.14706,0.0,0.0,9696.938533711216,4.79031112497803,4617.614820000001,16.91434,3540.0,0.0,3600.0,577000.0,0.0,163.0,0.0,0.0,0.0,0.0,0.0
2021,MINNESOTA,MEEKER,318.8304350428327,0.2425801151152397,28408.01418,104.05866,10392.51486,38.06782,241.62099681149303,0.0,24193.8528238862,11.94910879110004,66866.982,244.934,119300.0,5620.0,126500.0,18527000.0,101000.0,155.3,18.0,380.0,400.0,11900.0,31.3
2023,IOWA,HAMILTON,262.92298862211595,0.2000401652079698,36617.39172,134.12964,14616.84588,53.54156,0.0,0.0,21564.57834408022,10.65295393881108,107116.01628,392.36636,179400.0,0.0,181000.0,38661000.0,0.0,215.5,0.0,0.0,0.0,0.0,0.0
2023,GEORGIA,PIERCE,159.88635394539716,0.1216401157190268,842.47254,3.08598,4323.828600000001,15.8382,0.0,0.0,12858.983708600124,5.901703054465552,29515.02372,108.11364,7510.0,0.0,7700.0,1297000.0,0.0,172.7,0.0,0.0,0.0,0.0,0.0
2022,IDAHO,BINGHAM,1128.9109468353934,0.8588607019116299,79464.10836,291.07732,27648.13506,101.27522,0.0,0.0,78612.43119090046,36.07961840468085,48147.62862,176.36494000000002,5300.0,0.0,12300.0,921000.0,0.0,173.8,0.0,38200.0,40200.0,4133000.0,108.2
2023,IOWA,MADISON,750.4244214313148,0.5709201413870915,20945.379,76.72300000000001,8864.501100000001,32.4707,0.0,0.0,21085.998544325084,10.416534358446947,55407.40842000001,202.95754,64000.0,0.0,64800.0,12928000.0,0.0,202.0,0.0,0.0,0.0,0.0,0.0
2023,MINNESOTA,NOBLES,82.0794717942369,0.0624402181397132,30304.35408,111.00496,11192.39394,40.997780000000006,0.0,0.0,26897.324800856444,13.287343606207015,99877.1592,365.8504,193800.0,0.0,207500.0,38508000.0,0.0,198.7,0.0,0.0,0.0,0.0,0.0
2022,OHIO,CLARK,78.77302294328153,0.0599201452974773,17935.390199999998,65.6974,6994.81692,25.62204,0.0,0.0,13645.22196805096,6.740772705644104,37772.00154,138.35898,57900.0,0.0,61900.0,11632000.0,0.0,200.9,0.0,0.0,0.0,0.0,0.0
2023,TEXAS,GRAYSON,0.000103686706589,3.541631664746784e-07,1967.43456,7.20672,7347.1671,26.9127,0.0,0.0,34725.52312961907,17.154492543208086,32408.5125,118.7125,24600.0,0.0,24600.0,2517000.0,0.0,102.3,0.0,0.0,0.0,0.0,0.0
2022,NEBRASKA,PAWNEE,528.7214232511318,0.4022401509349424,7350.80346,26.92602,3735.19692,13.68204,0.0,0.0,16112.18694040124,7.394779014821361,16627.70382,60.90734,64700.0,0.0,65700.0,9079000.0,0.0,140.3,0.0,0.0,0.0,0.0,0.0
2021,MINNESOTA,DODGE,96.16561985934376,0.073160062072656,19219.3365,70.4005,7078.85178,25.929860000000005,228.9630941940676,0.0,16058.926341025766,7.368661668063409,50724.82506,185.80522,0.0,1340.0,0.0,0.0,34800.0,0.0,26.0,0.0,0.0,0.0,0.0
2021,WISCONSIN,SHAWANO,5.392265559544092e-05,1.7346770309211018e-07,13895.17038,50.89806,6778.49172,24.82964,340.1110943223031,0.0,33839.469912992565,16.71298533420419,55199.98302,202.19774,52900.0,26000.0,80300.0,9321000.0,533000.0,176.2,20.5,0.0,0.0,0.0,0.0
2023,MISSISSIPPI,CLAIBORNE,191.9307430647378,0.1460201507488535,2806.86588,10.28156,2477.98824,9.07688,469.6867995300001,0.0,18556.362396569657,9.166887973805828,13884.67626,50.85962,2810.0,0.0,3000.0,432000.0,0.0,153.7,0.0,0.0,0.0,0.0,0.0
2023,MARYLAND,FREDERICK,79.58058318393049,0.0605402167707327,14737.56648,53.98376,7890.89574,28.90438,0.0,0.0,22373.60612744101,11.052615623535225,45372.96036,166.20131999999998,32000.0,0.0,45100.0,3830000.0,0.0,119.7,0.0,0.0,0.0,0.0,0.0
2021,NORTH DAKOTA,RICHLAND,1298.0864440413725,0.9876002088451216,73240.72392,268.28104,25593.90288,93.75056,510.16678278060033,0.0,54082.72424099178,26.710931920551804,82503.17166,302.20942,305500.0,1800.0,315000.0,45539000.0,31500.0,149.1,17.5,43500.0,43800.0,2614000.0,60.1
2023,VIRGINIA,ESSEX,37.04324567544448,0.028180078242405,3612.7182,13.2334,1454.5931400000002,5.328180000000001,0.0,0.0,9736.820185845572,4.8100127577395,9727.3449,35.6313,13800.0,0.0,16800.0,2357000.0,0.0,170.8,0.0,0.0,0.0,0.0,0.0
2021,MISSOURI,JEFFERSON,68.27145115658217,0.0519401001543403,3634.78752,13.31424,1828.57584,6.69808,546.0373113927307,0.0,22215.703212938093,10.19370767496737,9033.36798,33.08926,3100.0,0.0,3300.0,450000.0,0.0,145.2,0.0,0.0,0.0,0.0,0.0
2022,TENNESSEE,GIBSON,1142.2186853271346,0.8689802300612166,32932.89636,120.63332,12312.33276,45.10012,0.0,0.0,22145.7109827636,10.16389888283912,54260.50812,198.75644,66500.0,0.0,69000.0,7125000.0,0.0,107.1,0.0,0.0,0.0,0.0,0.0
2023,MICHIGAN,MUSKEGON,2.2840699259634163,0.0017401543722619,4284.462,15.694,2416.47042,8.85154,0.0,0.0,16875.635686924146,8.336604907942023,20154.8256,73.8272,12800.0,0.0,14500.0,1774000.0,0.0,138.6,0.0,0.0,0.0,0.0,0.0
2021,NEW YORK,CAYUGA,14.89378066673871,0.0113401308941405,13844.053860000002,50.71082000000001,7563.59058,27.70546,378.9386342829442,0.0,26308.8196857992,12.993670370710015,50320.03704,184.32248,34500.0,28300.0,63700.0,5908000.0,594000.0,171.2,21.0,0.0,0.0,0.0,0.0
2021,MICHIGAN,OTTAWA,3.7524286000965774,0.0028600920524366,9524.1237,34.886900000000004,4952.531220000001,18.14114,463.68125444973526,0.0,17957.26587665319,8.239717520247709,37254.153300000005,136.4621,29000.0,0.0,40300.0,5014000.0,0.0,172.9,0.0,0.0,0.0,0.0,0.0
2022,TEXAS,GRAYSON,0.0001346756793549,4.582567040618357e-07,1794.2870400000002,6.5724800000000005,7069.193040000001,25.89448,0.0,0.0,34725.52312961906,15.937474575453637,26476.06962,96.98194,17600.0,0.0,19900.0,968000.0,0.0,55.0,0.0,0.0,0.0,0.0,0.0
2021,INDIANA,BENTON,142.710739491063,0.1085600647542286,26895.7416,98.5192,10955.61558,40.13046000000001,147.4328128020384,0.0,15186.716287199642,6.968446818474808,68471.01534,250.80958,120600.0,0.0,123500.0,22914000.0,0.0,190.0,0.0,0.0,0.0,0.0,0.0
2023,KANSAS,RILEY,550.4065737349176,0.418740183091131,4643.62626,17.00962,2167.72374,7.940380000000001,0.0,0.0,22624.290788329323,10.383545782183417,9996.937859999998,36.61882,26200.0,0.0,27200.0,3760000.0,0.0,143.5,0.0,0.0,0.0,0.0,0.0
2023,PENNSYLVANIA,WYOMING,4.554049442911444e-05,1.4085989015777188e-07,1162.98546,4.260020000000001,1605.6331200000002,5.88144,0.0,0.0,15251.882759671098,7.534467028590218,12566.35926,46.03062,2350.0,0.0,3400.0,313000.0,0.0,133.2,0.0,0.0,0.0,0.0,0.0
2022,SOUTH DAKOTA,MARSHALL,429.6867768019503,0.3269002608496147,16852.85784,61.73208,6680.50656,24.47072,0.0,0.0,32828.29601989197,15.066731499466789,50065.74846,183.39102,78300.0,0.0,86200.0,12951000.0,0.0,165.4,0.0,2950.0,3000.0,154000.0,52.2
2022,WISCONSIN,CHIPPEWA,38.56964307261537,0.0293404851203448,20491.1343,75.0591,11767.98168,43.10616,0.0,0.0,38582.64850579731,19.05992182232616,70621.66566,258.68742,63700.0,24400.0,88900.0,10317000.0,451000.0,162.0,18.5,0.0,0.0,0.0,0.0
2023,NORTH CAROLINA,SCOTLAND,946.3602246624108,0.719980073919629,6108.20574,22.37438,1842.24222,6.74814,0.0,0.0,11520.09971582545,5.690957165266732,10478.859300000002,38.3841,6500.0,0.0,6700.0,774000.0,0.0,119.1,0.0,0.0,0.0,0.0,0.0
2022,TEXAS,LAMAR,7797.850295940459,5.932500333273069,5148.01014,18.85718,16484.1495,60.3815,0.0,0.0,34611.57555292242,15.88517769284776,60347.43624,221.05288,9300.0,0.0,12100.0,404000.0,0.0,43.4,0.0,0.0,0.0,0.0,0.0
2022,MISSOURI,ST CHARLES,720.5515250308288,0.5482002244751992,14591.60976,53.44912,6132.7266,22.4642,0.0,0.0,17462.465691513797,8.014497058673555,28571.91246,104.65902,32000.0,0.0,34100.0,5368000.0,0.0,167.8,0.0,0.0,0.0,0.0,0.0
2021,KANSAS,JEFFERSON,1076.3427154789144,0.8188600487948936,20438.57088,74.86656,9169.04352,33.58624,170.2607686248635,0.0,20625.202526284225,9.463904125595947,46307.88162000001,169.62594,44100.0,0.0,46000.0,7193000.0,0.0,163.1,0.0,0.0,0.0,0.0,0.0
2021,INDIANA,TIPTON,25.29625435272681,0.0192400457509455,16900.02678,61.90486,6480.0918,23.7366,206.1424278680909,0.0,9600.01134455028,4.741352309069724,40663.16982,148.94933999999998,69900.0,0.0,70500.0,15716000.0,0.0,224.8,0.0,0.0,0.0,0.0,0.0
2023,LOUISIANA,AVOYELLES,16039.362367206437,12.202540019394402,42878.18262,157.06294,17349.477600000002,63.5512,84083.169258,0.0,32184.492237848863,14.771254124810884,62864.79108,230.27396,22400.0,0.0,22900.0,3568000.0,0.0,159.3,0.0,0.0,0.0,0.0,0.0
2023,MARYLAND,CARROLL,4.792126080302936,0.0036401424896492,11752.44798,43.04926,5769.27624,21.13288,0.0,0.0,15525.35693560822,7.669563933951792,39192.50244,143.56228000000002,27200.0,0.0,30200.0,3454000.0,0.0,127.0,0.0,0.0,0.0,0.0,0.0
2021,LOUISIANA,WASHINGTON,3.991511939972904e-05,1.2840584360062077e-07,140.98812,0.51644,7888.06746,28.89402,340.03570971198013,0.0,25048.960721341715,12.37143827161738,45391.437,166.269,1250.0,0.0,3000.0,178400.0,0.0,142.7,0.0,0.0,0.0,0.0,0.0
2021,GEORGIA,BAKER,21571.84680493269,16.411580017816778,2540.59806,9.30622,13486.95894,49.40278000000001,115.10405163753602,0.0,13105.953730949328,6.013685898411705,84022.39482,307.77434,10800.0,0.0,11600.0,2182000.0,0.0,202.0,0.0,0.0,0.0,0.0,0.0
2022,MINNESOTA,HENNEPIN,34.073495327293635,0.0259201212868502,6754.24386,24.74082,2753.5872000000004,10.0864,0.0,0.0,9998.899605275144,4.939480625784319,16615.32054,60.86198,10000.0,0.0,11000.0,1705000.0,0.0,170.5,0.0,0.0,0.0,0.0,0.0
2021,GEORGIA,LEE,10370.401080123036,7.88966,1971.73158,7.22246,9803.62656,35.91072,305.4041651951655,0.0,13299.778187166175,6.102622531566913,64905.56982,237.74934,13600.0,0.0,14500.0,2679000.0,0.0,197.0,0.0,0.0,0.0,0.0,0.0
2023,NEBRASKA,DAWSON,62.750387735902365,0.0477403664611136,45018.748320000006,164.90384,36264.501,132.83700000000002,0.0,0.0,38200.92413664685,18.87134905929796,251429.18346,920.98602,192400.0,0.0,200500.0,45118000.0,0.0,234.5,0.0,0.0,0.0,0.0,0.0
2023,PENNSYLVANIA,CENTRE,134.578798036403,0.1023803666077719,5933.6004,21.7348,3724.2933,13.6421,0.0,0.0,40502.66511880675,18.58892645503472,26099.5644,95.6028,16100.0,6250.0,22500.0,2661000.0,138000.0,165.3,22.0,0.0,0.0,0.0,0.0
2023,ILLINOIS,STARK,234.61742608087624,0.178500089674279,18303.35598,67.04526,8504.61066,31.15242,0.0,0.0,10819.322136790754,5.344771343698953,59118.745140000006,216.55218,85300.0,0.0,86400.0,19969000.0,0.0,234.1,0.0,0.0,0.0,0.0,0.0
2022,ALABAMA,TALLADEGA,0.0001085139067108,3.692368620107349e-07,1237.6182,4.5334,4331.980379999999,15.86806,0.0,0.0,27979.82676175225,12.841499204389832,23438.7426,85.8562,5320.0,0.0,5500.0,824000.0,0.0,154.9,0.0,0.0,0.0,0.0,0.0
2021,SOUTH DAKOTA,BROWN,609.1852847372378,0.4634602049270803,31535.42574,115.51438,13381.40076,49.01612,376.7941355800633,0.0,64765.87225810395,29.717914521332705,115142.01426,421.76562,333500.0,0.0,356500.0,47363000.0,0.0,142.0,0.0,11400.0,12000.0,473000.0,41.5
2021,WISCONSIN,CHIPPEWA,41.27141631081514,0.0314001819772935,21760.08744,79.70728,11882.90376,43.52712,447.1643934462011,0.0,38605.27127645093,17.714084777463576,83418.1803,305.5611,71700.0,16500.0,89700.0,12211000.0,305000.0,170.3,18.5,0.0,0.0,0.0,0.0
2021,INDIANA,VERMILLION,103.15026823268342,0.0784800240668665,13378.02648,49.00376,5325.58572,19.50764000000001,203.842188982052,0.0,9708.32501169019,4.454679027450679,35014.750680000005,128.25915999999998,46400.0,0.0,46800.0,9090000.0,0.0,195.9,0.0,0.0,0.0,0.0,0.0
2022,OKLAHOMA,ELLIS,0.0001802157244829,6.132143852342085e-07,2329.14318,8.53166,1702.0458,6.2346,0.0,0.0,46467.82061041549,22.955215942609986,7325.58372,26.83364,1770.0,0.0,2600.0,303000.0,0.0,171.2,0.0,0.0,0.0,0.0,0.0
2023,OHIO,MONROE,5.125644739175161e-05,1.5853972689554178e-07,175.28784000000002,0.64208,638.9128199999999,2.3403400000000003,0.0,0.0,17166.20199442676,8.480145367699983,4224.713220000001,15.47514,330.0,0.0,900.0,49000.0,0.0,148.5,0.0,0.0,0.0,0.0,0.0
2022,MISSOURI,ST CLAIR,1543.278887463173,1.1741001644784592,3983.0973,14.5901,4702.21752,17.22424,0.0,0.0,26196.547228867086,12.023053011075532,19492.96986,71.40282,13000.0,0.0,14900.0,1105000.0,0.0,85.0,0.0,0.0,0.0,0.0,0.0
2021,NORTH CAROLINA,DUPLIN,2712.361694862031,2.0635200495538606,23773.24404,87.08148,13928.94594,51.02178,398.3659269839807,0.0,30618.56349904482,15.122210957490786,78739.61004,288.42348000000004,44300.0,0.0,45800.0,6729000.0,0.0,151.9,0.0,0.0,0.0,0.0,0.0
2023,PENNSYLVANIA,LUZERNE,9.269710650901891e-05,2.867185436716742e-07,3817.29348,13.98276,1972.37586,7.22482,0.0,0.0,31045.016492672137,14.248285308752637,12263.03442,44.91954000000001,6730.0,0.0,8700.0,969000.0,0.0,144.0,0.0,0.0,0.0,0.0,0.0
2023,GEORGIA,BULLOCH,12009.342131807183,9.136520037843528,2602.1541,9.5317,9079.3521,33.2577,0.0,0.0,25324.848288927475,11.622981869141102,62506.52772,228.96164,3550.0,0.0,4600.0,504000.0,0.0,142.0,0.0,0.0,0.0,0.0,0.0
2022,ILLINOIS,DE KALB,412.85760397632055,0.3141002191937356,37182.91668,136.20116,17131.71096,62.75352,0.0,0.0,22516.0405864001,10.333863741841066,96441.81456,353.26672,182500.0,0.0,186000.0,40898000.0,0.0,224.1,0.0,0.0,0.0,0.0,0.0
2022,NORTH DAKOTA,LA MOURE,1557.5545819724584,1.1849802095259228,21324.6033,78.1121,6852.7040400000005,25.10148,0.0,0.0,42992.419613265694,21.238359431399864,49940.86188,182.93356,113200.0,220.0,115000.0,16168000.0,4700.0,142.8,21.5,24200.0,24400.0,1392000.0,57.5
2022,NEBRASKA,GREELEY,20.936122682585697,0.0159202816837043,14937.27144,54.71528,10848.67056,39.73872,0.0,0.0,21393.656995493748,9.818739466327449,66781.76232,244.62184,72800.0,0.0,77700.0,13402000.0,0.0,184.1,0.0,0.0,0.0,0.0,0.0
2021,NORTH CAROLINA,PAMLICO,162.8696579294111,0.123920058276883,6403.80468,23.45716,1705.7040000000002,6.248,227.05001885555995,0.0,12621.39258785631,5.791344314353201,7681.82142,28.13854,12000.0,0.0,12300.0,1778000.0,0.0,148.2,0.0,0.0,0.0,0.0,0.0
2021,MISSOURI,STODDARD,19224.00492130577,14.62538,64818.242580000006,237.42946,50459.37078,184.83286,152274.85529904,0.0,30960.60665930611,14.206319318346493,258598.9224,947.2488,86300.0,0.0,89800.0,16613000.0,0.0,192.5,0.0,0.0,0.0,0.0,0.0
2022,MINNESOTA,CARLTON,0.0001266768941607,4.310394889183002e-07,675.6750000000001,2.475,552.7158000000001,2.0246,0.0,0.0,32663.07205009677,16.135636713957254,3195.39402,11.70474,110.0,390.0,500.0,13300.0,6600.0,120.9,17.0,0.0,0.0,0.0,0.0
2021,VIRGINIA,ESSEX,37.31599543443744,0.0283800499420998,3650.45226,13.37162,1383.39474,5.06738,96.79876087515522,0.0,9742.529328646557,4.470373727948481,8886.57042,32.55154,14000.0,0.0,17300.0,2380000.0,0.0,170.0,0.0,0.0,0.0,0.0,0.0
2021,KENTUCKY,BARREN,19.83680937460441,0.0150800950624052,3549.7098,13.0026,8765.085420000001,32.10654,548.8023781292839,0.0,18544.43996359491,9.1589186810398,57011.85126,208.83462,26500.0,0.0,30500.0,4925000.0,0.0,185.8,0.0,0.0,0.0,0.0,0.0
2021,MICHIGAN,CLINTON,189.95354410863263,0.1445000783648373,32918.722200000004,120.58140000000002,10937.67402,40.06474,449.5926868136274,0.0,21029.953587617543,9.649624737760128,35883.16914,131.44018,56400.0,0.0,74400.0,9684000.0,0.0,171.7,0.0,0.0,0.0,0.0,0.0
2023,VIRGINIA,PRINCE GEORGE,2.874988254807132e-05,9.820110768255437e-08,2178.31068,7.97916,792.28968,2.90216,0.0,0.0,9628.569989726935,4.419086469524191,5018.20956,18.38172,4100.0,0.0,5000.0,728000.0,0.0,177.6,0.0,0.0,0.0,0.0,0.0
2021,OHIO,KNOX,15.09777113339861,0.0114801005855514,15851.42286,58.06382,6440.0973,23.5901,394.717688309218,0.0,19621.875923083688,9.691053830785938,38635.65342,141.52254000000002,48400.0,0.0,51900.0,8983000.0,0.0,185.6,0.0,0.0,0.0,0.0,0.0
2023,TEXAS,FALLS,670.0282261018324,0.5097402270139203,30713.13336,112.50232,32632.00122,119.53114,0.0,0.0,28760.36763786506,13.199732839106185,200813.2581,735.5797,68400.0,0.0,74300.0,7928000.0,0.0,115.9,0.0,0.0,0.0,0.0,0.0
2023,OKLAHOMA,GRADY,273.16642899670865,0.2078203367091461,3844.5498,14.0826,4633.01748,16.97076,0.0,0.0,41146.468919007966,20.32645531690824,20049.10908,73.43996,4440.0,0.0,5700.0,683000.0,0.0,153.8,0.0,0.0,0.0,0.0,0.0
2023,KENTUCKY,CASEY,30.8948245077972,0.0235001509924768,1261.60944,4.62128,5183.97516,18.98892,0.0,0.0,16733.201217941783,7.679797017929695,36645.2814,134.2318,6500.0,0.0,8900.0,1279000.0,0.0,196.8,0.0,0.0,0.0,0.0,0.0
2022,ILLINOIS,SCOTT,280.2819899803457,0.2132401038446882,13723.18584,50.26808,6571.67784,24.07208,0.0,0.0,9526.017173343776,4.3720192763922965,34255.28652,125.47724,49600.0,0.0,50500.0,10302000.0,0.0,207.7,0.0,0.0,0.0,0.0,0.0
2023,SOUTH DAKOTA,LYMAN,2.769125919692512,0.0021006349645129,7693.3857,28.1809,3650.98188,13.37356,0.0,0.0,62386.2966829252,28.632542511440505,27537.1005,100.8685,56200.0,0.0,57900.0,7368000.0,0.0,131.1,0.0,18000.0,20100.0,806000.0,44.8
2022,ILLINOIS,HAMILTON,777.0824226319754,0.59120014829065,25202.83038,92.31806,9164.48442,33.56954,0.0,0.0,16311.595191427436,8.057967536866313,48248.42022,176.73414,64800.0,0.0,66000.0,11094000.0,0.0,171.2,0.0,0.0,0.0,0.0,0.0
2021,GEORGIA,WALTON,1.7986330542458097e-05,5.786153170318767e-08,412.43202,1.5107400000000002,1041.24384,3.81408,368.3495655654206,0.0,11287.42426565709,5.179251012879576,4094.43762,14.99794,320.0,0.0,400.0,22500.0,0.0,70.3,0.0,0.0,0.0,0.0,0.0
2021,ILLINOIS,SHELBY,439.5377775639924,0.3344001236574658,49237.74492,180.35804,21200.20812,77.65644,263.7680480946967,0.0,28583.40669312097,14.11706678893064,127235.3082,466.0634,162400.0,0.0,164500.0,33779000.0,0.0,208.0,0.0,0.0,0.0,0.0,0.0
2022,IOWA,WASHINGTON,877.8788356193241,0.6678801896579937,28117.89162,102.99594,12735.79398,46.65126,0.0,0.0,21120.182805567627,10.433421466306816,64385.31918,235.84366,112300.0,1460.0,114500.0,20854000.0,31400.0,185.7,21.5,0.0,0.0,0.0,0.0
2023,WISCONSIN,WALWORTH,266.85063767624024,0.2030001305506205,15452.67906,56.60322,6857.3232,25.1184,0.0,0.0,20316.85241484184,9.324533934482377,49886.69868000001,182.73516,94500.0,3700.0,99300.0,18182000.0,81000.0,192.4,22.0,0.0,0.0,0.0,0.0
2023,ILLINOIS,MOULTRIE,226.255889174387,0.1721400866371923,24243.74862,88.80494,10468.9221,38.3477,0.0,0.0,12608.299046259155,5.78664991566611,69798.87642,255.67354,83900.0,0.0,84900.0,18500000.0,0.0,220.5,0.0,0.0,0.0,0.0,0.0
2021,MISSISSIPPI,WASHINGTON,9220.585682525909,7.0149,65087.99934,238.41758,33880.80696,124.10552,38050.176586176,0.0,27027.11032327813,12.401428813387252,168291.13392,616.45104,56500.0,0.0,57200.0,11029000.0,0.0,195.2,0.0,0.0,0.0,0.0,0.0
2021,MINNESOTA,FREEBORN,175.08801270977162,0.133200103130765,40535.83716,148.48292,14445.51108,52.91396,311.5714716763922,0.0,26229.009620362303,12.035219147065645,99115.95876,363.06212,184100.0,0.0,188000.0,38109000.0,0.0,207.0,0.0,0.0,0.0,0.0,0.0
2023,MISSISSIPPI,CALHOUN,2562.8758016451884,1.9498001406607228,21432.8751,78.5087,8427.30252,30.86924,0.0,0.0,22265.35593626137,10.999139766873242,19645.57686,71.96182,10400.0,0.0,10600.0,1579000.0,0.0,151.8,0.0,0.0,0.0,0.0,0.0
2023,MISSISSIPPI,WALTHALL,4.564256500888766e-05,1.5590152181844124e-07,0.0,0.0,4441.04388,16.26756,0.0,0.0,15286.067028757943,7.551354140325193,26175.50754000001,95.88098,1300.0,0.0,1900.0,188200.0,0.0,144.8,0.0,0.0,0.0,0.0,0.0
2023,ALABAMA,MARION,1.7304228529624108,0.0013202829882766,1184.52516,4.33892,1488.61986,5.45282,0.0,0.0,27831.694910884504,13.748924703927075,10425.1329,38.1873,2420.0,0.0,2500.0,342000.0,0.0,141.3,0.0,0.0,0.0,0.0,0.0
2021,IDAHO,LINCOLN,1598.64780255785,1.21622021111883,40998.47388,150.17756,15304.12884,56.05908,176.02976087477427,0.0,45149.69706166905,20.71700405107812,26743.19466,97.96042,2500.0,0.0,10600.0,526000.0,0.0,210.4,0.0,3200.0,3600.0,230000.0,71.9
2021,NORTH DAKOTA,RENVILLE,3304.4688623073507,2.5140199999999995,14314.929719999998,52.43564,4607.09886,16.87582,193.5362507893424,0.0,33514.52891350599,15.378190252809889,58484.69718,214.22966000000005,23800.0,900.0,25000.0,1940000.0,12200.0,81.5,13.5,130400.0,131500.0,5242000.0,40.2
2021,MICHIGAN,OTSEGO,3.118539027374115e-05,1.0032254459801289e-07,3679.5486,13.4782,1797.159,6.583,237.75692687004457,0.0,19570.56944321596,9.665714058981484,5499.32292,20.14404,1110.0,0.0,1300.0,157300.0,0.0,141.7,0.0,0.0,0.0,0.0,0.0
2022,KENTUCKY,CALLOWAY,187.02495905228704,0.1422801333022721,14748.99426,54.02562,6527.80128,23.91136,0.0,0.0,14408.67071317932,6.612940640237892,28745.37666,105.29442,34500.0,0.0,35500.0,3325000.0,0.0,96.4,0.0,0.0,0.0,0.0,0.0
2022,IDAHO,POWER,652.3754316138682,0.4963205823986111,27263.84934,99.86758,10117.98606,37.06222,0.0,0.0,53236.3064953648,26.298864365378776,26253.68382000001,96.16734,3700.0,0.0,5000.0,776000.0,0.0,209.7,0.0,0.0,0.0,0.0,0.0
2023,MICHIGAN,WASHTENAW,30.65886803393376,0.023320210331409,17286.15798,63.31926,6807.81738,24.93706,0.0,0.0,23245.30506650903,11.483237010989866,47609.27808,174.39296,35200.0,0.0,37600.0,6575000.0,0.0,186.8,0.0,0.0,0.0,0.0,0.0
2023,IOWA,BENTON,606.5467669388568,0.4614601633874723,39948.363,146.33100000000002,16212.36708,59.38596,0.0,0.0,26817.561509225765,13.2479403469273,111403.95084,408.07308,183500.0,0.0,192000.0,36645000.0,0.0,199.7,0.0,0.0,0.0,0.0,0.0
2023,ARKANSAS,PRAIRIE,17912.84508,13.62786,45431.37144,166.41528,22011.71154,80.62898,261425.99869200005,0.0,25216.598089322484,12.457060539410316,89577.84654,328.12398,26200.0,0.0,26800.0,5038000.0,0.0,192.3,0.0,0.0,0.0,0.0,0.0
2022,LOUISIANA,GRANT,572.2394936749993,0.4353601815589709,3554.37264,13.01968,1674.7458,6.1346,16509.021653124,0.0,24794.992063970258,12.248786141611316,6544.97844,23.97428,2140.0,0.0,2200.0,297000.0,0.0,138.8,0.0,0.0,0.0,0.0,0.0
2021,TEXAS,MEDINA,814.6257558096419,0.6197601733546755,9228.88512,33.80544,9805.717740000002,35.91838,458.29240225117496,0.0,49852.790503502896,24.62180875458388,62812.28226,230.08162,25300.0,0.0,27400.0,2024000.0,0.0,80.0,0.0,0.0,0.0,0.0,0.0
2021,TEXAS,SHERMAN,234.35764121634065,0.1783001334989657,35443.1532,129.82840000000002,28974.0087,106.1319,387.5802435310114,0.0,34774.387886364704,17.174732235613348,168418.5867,616.9179,87700.0,0.0,96400.0,18378000.0,0.0,209.6,0.0,0.0,0.0,0.0,0.0
2022,CALIFORNIA,MERCED,267907.94020556635,203.82086015625487,36041.25798,132.01925999999995,123549.5898,452.5626,0.0,0.0,70647.495781142,34.90003404844946,351258.02712000004,1286.65944,0.0,63200.0,0.0,0.0,1612000.0,0.0,25.5,0.0,0.0,0.0,0.0
2023,NEBRASKA,BURT,304.875703471203,0.2319401295183293,28397.60742,104.02054,16028.785499999998,58.7135,0.0,0.0,18812.74444602555,8.634215104085834,102984.46158,377.23246,125100.0,0.0,126500.0,21805000.0,0.0,174.3,0.0,0.0,0.0,0.0,0.0
2023,TENNESSEE,RUTHERFORD,1665.618081253025,1.2671800742508277,7296.38364,26.72668,7643.47038,27.99806,0.0,0.0,19616.07483791347,9.690388486818163,38792.14794,142.09578000000002,6940.0,0.0,7400.0,1244000.0,0.0,179.3,0.0,0.0,0.0,0.0,0.0
2023,OHIO,STARK,68.34832542986577,0.052000137817455,11297.61906,41.38322,6093.8841600000005,22.32192,0.0,0.0,16801.569764395565,7.71117514769323,40946.9424,149.9888,27800.0,0.0,32400.0,5418000.0,0.0,194.9,0.0,0.0,0.0,0.0,0.0
2023,MINNESOTA,REDWOOD,505.25130985433697,0.3843802057870247,52249.2516,191.3892,19296.91218,70.68466000000001,0.0,0.0,32879.572426645434,15.090265095372713,130893.3444,479.4628,238000.0,850.0,239000.0,41888000.0,14900.0,176.0,17.5,780.0,800.0,48000.0,61.5
2023,MICHIGAN,OTSEGO,5.840138862562712e-05,1.806395229123372e-07,3861.37752,14.14424,1880.97,6.890000000000001,0.0,0.0,19559.10104811251,9.662243296646349,5914.41942,21.66454,1360.0,0.0,1500.0,210000.0,0.0,154.4,0.0,0.0,0.0,0.0,0.0
2023,INDIANA,DAVIESS,235.5612875362483,0.1792000779641389,26509.55034,97.10458,13026.88842,47.71754,0.0,0.0,16305.89781360946,7.483683711957854,81300.30636,297.80332,85400.0,0.0,86500.0,18271000.0,0.0,213.9,0.0,0.0,0.0,0.0,0.0
2021,ILLINOIS,EDWARDS,193.66482688289,0.1473400217279557,14919.49914,54.65018,6268.26018,22.96066,113.58509241829611,0.0,8197.634390618572,4.048731959981818,36375.79218,133.24466,42700.0,0.0,43600.0,7976000.0,0.0,186.8,0.0,0.0,0.0,0.0,0.0
2021,MINNESOTA,ITASCA,7.197530070141403,0.0054805472005964,1049.04072,3.84264,616.29204,2.25748,739.772879495039,0.0,106745.9693790941,48.98054303758383,3958.46724,14.49988,790.0,0.0,900.0,71800.0,0.0,90.9,0.0,0.0,0.0,0.0,0.0
2021,KANSAS,STEVENS,139.80105765748263,0.1063401220156075,32053.96194,117.41378,25777.33158,94.42246,345.4509061711357,0.0,27597.182254779484,12.663007146862848,151825.53204,556.13748,110200.0,0.0,116500.0,25115000.0,0.0,227.9,0.0,0.0,0.0,0.0,0.0
2022,OHIO,CLERMONT,6.029395414399692,0.0045801886408646,4793.89092,17.56004,2140.92606,7.842220000000001,0.0,0.0,14294.723138080588,7.061627856954259,9350.47932,34.250840000000004,13900.0,0.0,14500.0,2453000.0,0.0,176.5,0.0,0.0,0.0,0.0,0.0
2022,ARKANSAS,WOODRUFF,20284.41205357361,15.432120049371376,39369.275400000006,144.2098,21700.79184,79.49008,268646.321458872,0.0,22253.9611662442,10.993510722882698,98624.64066,361.26242,18100.0,0.0,18500.0,2744000.0,0.0,151.6,0.0,0.0,0.0,0.0,0.0
2022,MICHIGAN,MENOMINEE,0.0001527060902706,5.196082169605067e-07,2194.73436,8.03932,1343.52036,4.92132,0.0,0.0,39374.58415003884,18.07118733583749,9354.2904,34.2648,3800.0,0.0,15800.0,347000.0,0.0,91.3,0.0,0.0,0.0,0.0,0.0
2023,KENTUCKY,GARRARD,7.849585967590273,0.005980080453781,1214.36406,4.44822,4399.84818,16.116660000000003,0.0,0.0,8711.292019980252,3.9980965749474215,23924.22396,87.63452,1400.0,0.0,2700.0,255000.0,0.0,182.1,0.0,0.0,0.0,0.0,0.0
2023,MINNESOTA,LE SUEUR,112.44172752613754,0.0855601458438695,18852.015,69.055,6895.286580000001,25.257460000000005,0.0,0.0,17422.584037055214,8.606798717804038,54809.35824,200.76688,85200.0,2040.0,87300.0,16469000.0,47500.0,193.3,23.5,0.0,0.0,0.0,0.0
2022,WISCONSIN,WALWORTH,253.3777763881828,0.192780192202199,14763.583380000002,54.07906,6642.96906,24.33322,0.0,0.0,20316.85241484184,10.036574307345402,38116.9425,139.62249999999997,96300.0,5670.0,103000.0,18981000.0,139000.0,197.1,24.5,0.0,0.0,0.0,0.0
2023,CALIFORNIA,STANISLAUS,130902.3006316002,99.58874010861626,15546.97872,56.94864,76121.15784,278.83208,0.0,0.0,52769.121444272925,24.218685727150085,285042.3849,1044.1113,0.0,20000.0,0.0,0.0,550000.0,0.0,27.5,0.0,0.0,0.0,0.0
2021,TEXAS,VICTORIA,910.7583501542174,0.6929001649978528,23253.52848,85.17776,15271.13952,55.93824,20252.565947322004,0.0,32442.793678093305,16.02318051484618,82337.67906,301.60322,35500.0,0.0,37700.0,3536000.0,0.0,99.6,0.0,0.0,0.0,0.0,0.0
2023,NORTH CAROLINA,ROBESON,2802.1051072602686,2.131820127333401,46497.40368,170.32016000000002,15849.79032,58.05784,0.0,0.0,34799.589047789705,17.191081286197548,93167.02668,341.27116,61700.0,0.0,63300.0,9715000.0,0.0,157.5,0.0,0.0,0.0,0.0,0.0
2021,INDIANA,WABASH,117.35336136088428,0.0892800689784716,22068.99786,80.83882,7577.37162,27.75594,320.6571547126209,0.0,15374.840021811344,7.054767667244427,50517.15942,185.04454,74400.0,0.0,76100.0,14062000.0,0.0,189.0,0.0,0.0,0.0,0.0,0.0
2021,WISCONSIN,DODGE,379.4146657480322,0.2886601510355712,26237.02536,96.10632,12936.66192,47.38704,425.352534427164,0.0,32710.727493985047,15.009364804396968,91841.35506,336.41522,114400.0,32100.0,149000.0,22823000.0,738000.0,199.5,23.0,0.0,0.0,0.0,0.0
2022,WISCONSIN,DODGE,355.7194098911766,0.2706203759047008,24692.942820000004,90.45034,12804.42618,46.90266,0.0,0.0,32691.558938460337,16.14970930581391,77567.49,284.13,124800.0,19800.0,146000.0,24591000.0,455000.0,197.0,23.0,0.0,0.0,0.0,0.0
2022,NEBRASKA,ADAMS,27.3963198536674,0.0208402717682953,35010.00048,128.24176,30060.66336,110.11232,0.0,0.0,21023.327378158785,9.648774601038516,154921.56498,567.4782600000001,169200.0,0.0,174500.0,33783000.0,0.0,199.7,0.0,0.0,0.0,0.0,0.0
2021,GEORGIA,GORDON,2.061160808242652e-05,6.630697749603419e-08,849.75072,3.11264,2503.4919,9.1703,350.51224471345694,0.0,12934.93215164718,6.38843728655464,15154.67226,55.51162,3540.0,0.0,3700.0,533000.0,0.0,150.6,0.0,0.0,0.0,0.0,0.0
2022,VIRGINIA,BRUNSWICK,1.177283147593341,0.0009002829237042,1932.39228,7.07836,698.66706,2.55922,0.0,0.0,21439.23601915612,10.591034526676289,3054.08922,11.18714,500.0,0.0,700.0,75900.0,0.0,151.8,0.0,0.0,0.0,0.0,0.0
2023,NORTH CAROLINA,NORTHAMPTON,385.6891649124368,0.2934201311394818,15974.45304,58.51448,6229.95828,22.82036,0.0,0.0,20590.326600947483,9.45004645366986,42450.92124,155.49788,15600.0,0.0,16000.0,1923000.0,0.0,123.3,0.0,0.0,0.0,0.0,0.0
2021,NEBRASKA,WAYNE,65.55662324015726,0.0498800741492844,19740.24234,72.30858,11443.209960000002,41.916520000000006,249.95631996469976,0.0,16811.42129633317,7.713945070878405,76240.37148,279.26876,119500.0,0.0,123000.0,23673000.0,0.0,198.1,0.0,0.0,0.0,0.0,0.0
2021,GEORGIA,MACON,3479.744650419611,2.6473600356183846,1295.06832,4.74384,5416.30362,19.83994,133.78593955487406,0.0,15055.59974712762,7.4358144030732,31777.18908,116.39996,7840.0,0.0,9000.0,1694000.0,0.0,216.1,0.0,0.0,0.0,0.0,0.0
2023,MICHIGAN,GENESEE,25.10849027406842,0.0191001534443119,20063.08668,73.49116,6550.50942,23.99454,0.0,0.0,18374.04628329724,8.432872109520059,33106.46976,121.26912,29400.0,0.0,30600.0,4625000.0,0.0,157.3,0.0,0.0,0.0,0.0,0.0
2022,INDIANA,KNOX,341.74083642637675,0.2599801233503272,39001.51164,142.86267999999998,18253.75734,66.86358,0.0,0.0,19621.7722196536,9.6932030071988,89677.13118000001,328.48766,98400.0,0.0,99400.0,19513000.0,0.0,198.3,0.0,0.0,0.0,0.0,0.0
2022,COLORADO,DELTA,656.7838045701593,0.4996805647196232,3974.42682,14.55834,6942.16068,25.42916,0.0,0.0,42793.011354627626,19.640093769811497,41031.1083,150.2971,2550.0,0.0,4200.0,600000.0,0.0,235.3,0.0,0.0,0.0,0.0,0.0
2021,INDIANA,BLACKFORD,21.55632776287851,0.0164000242564487,9895.23444,36.24628,2808.47112,10.287439999999998,287.14870913439444,0.0,6156.776872203022,2.8250460070373484,18530.69946,67.87802,30100.0,0.0,30400.0,6198000.0,0.0,205.9,0.0,0.0,0.0,0.0,0.0
2022,ILLINOIS,KANE,419.6625313204893,0.3192801083838182,19068.32928,69.84736,8415.35058,30.825460000000003,0.0,0.0,13576.85342406668,6.23117340674882,46657.45812,170.90643999999998,68400.0,0.0,69700.0,14706000.0,0.0,215.0,0.0,0.0,0.0,0.0,0.0
2021,OHIO,PORTAGE,2.712483989973031e-05,8.725986549047608e-08,5612.84178,20.55986,2829.73236,10.36532,561.2525469047038,0.0,17022.347908237483,7.810729053001991,17311.4487,63.4119,13000.0,0.0,14600.0,2200000.0,0.0,169.2,0.0,0.0,0.0,0.0,0.0
2022,MINNESOTA,KOOCHICHING,356.96079854716925,0.2715813566766208,2833.6854,10.3798,1455.94722,5.33314,0.0,0.0,117987.01534210144,54.15080574105168,2239.7302200000004,8.20414,340.0,0.0,800.0,45000.0,0.0,132.4,0.0,0.0,0.0,0.0,0.0
2023,IOWA,AUDUBON,159.22126100914272,0.1211601234969957,24224.71506,88.73522,9303.9765,34.080499999999994,0.0,0.0,16613.55626066713,8.20713703652443,67860.80028,248.57436,104000.0,0.0,107500.0,20550000.0,0.0,197.6,0.0,0.0,0.0,0.0,0.0
2021,ILLINOIS,WASHINGTON,593.6777480691492,0.4516600228398394,30880.2039,113.1143,10632.68934,38.94758,343.1614484835409,0.0,21343.493150100265,10.541343848337128,64275.12546,235.44002,100700.0,0.0,104500.0,20492000.0,0.0,203.5,0.0,0.0,0.0,0.0,0.0
2021,NORTH CAROLINA,CALDWELL,2.647987551994037e-05,8.518503278235093e-08,270.08982000000003,0.98934,1141.7187600000002,4.18212,371.7748818638956,0.0,16617.596834985467,7.625008435368898,6612.80256,24.22272,1500.0,0.0,1600.0,243000.0,0.0,162.0,0.0,0.0,0.0,0.0,0.0
2023,INDIANA,WARRICK,76.80446806049285,0.0584000950847747,9574.40484,35.071079999999995,3608.66688,13.21856,0.0,0.0,13827.53808582659,6.346226545281585,21515.80158,78.81246,34700.0,0.0,35600.0,6760000.0,0.0,194.8,0.0,0.0,0.0,0.0,0.0
2022,TENNESSEE,MONTGOMERY,548.6562290796277,0.4174201016306003,6721.03068,24.61916,4338.55422,15.89214,0.0,0.0,17821.400549973398,8.179232235148541,23315.89806,85.40622,15700.0,0.0,16300.0,2090000.0,0.0,133.1,0.0,0.0,0.0,0.0,0.0
2023,LOUISIANA,SAINT LANDRY,40955.88630095937,31.1587,40123.7928,146.97359999999998,21537.13926,78.89062000000001,121697.038008,0.0,34372.28564970377,15.775354242975617,77000.17416,282.05192,8470.0,0.0,9000.0,1338000.0,0.0,158.0,0.0,0.0,0.0,0.0,0.0
2022,OHIO,WAYNE,4.522098069074379,0.003440265706184,16433.16948,60.19476,9668.64444,35.41628,0.0,0.0,20134.53629851885,9.946509704249426,48223.6755,176.64350000000002,46400.0,0.0,61600.0,7605000.0,0.0,163.9,0.0,0.0,0.0,0.0,0.0
2022,COLORADO,YUMA,8.99674481348977,0.0068411727923614,38106.03342,139.58254000000002,25387.23642,92.99354,0.0,0.0,89397.56906840975,41.02951822545431,142244.15477999998,521.0408600000001,200000.0,0.0,233000.0,40096000.0,0.0,200.5,0.0,0.0,0.0,0.0,0.0
2022,MISSISSIPPI,CLAY,1503.5088922465848,1.1438401067251485,3381.25788,12.385560000000002,2261.22078,8.28286,0.0,0.0,15428.501506165663,7.080997731093383,8584.59966,31.44542,2340.0,0.0,2400.0,274000.0,0.0,117.1,0.0,0.0,0.0,0.0,0.0
2021,NEBRASKA,DUNDY,5.525800438859131e-05,1.77763483509761e-07,16275.266280000002,59.61636,12312.7641,45.1017,114.92924803745036,0.0,34677.47566048739,17.126868229056587,75640.31748,277.07076,91200.0,0.0,98400.0,13142000.0,0.0,144.1,0.0,0.0,0.0,0.0,0.0
2023,IDAHO,OWYHEE,1561.524621239396,1.1879822532643431,25491.2658,93.3746,15835.463280000002,58.00536,0.0,0.0,289996.5754969791,133.09556292931876,66512.80272,243.63664,11000.0,0.0,25000.0,2370000.0,0.0,215.5,0.0,0.0,0.0,0.0,0.0
2023,NEBRASKA,CUSTER,128.1653825279776,0.0975208714189825,55146.31122,202.00114,37564.82184,137.60008,0.0,0.0,96918.10893921983,44.48111238970432,304419.4335,1115.0895,236500.0,0.0,247000.0,45680000.0,0.0,193.2,0.0,0.0,0.0,0.0,0.0
2021,GEORGIA,THOMAS,14547.36822310524,11.067440010350792,1570.19772,5.75164,7634.05734,27.963580000000004,593.7580110059962,0.0,20340.166561289378,9.33311495920496,49090.37952,179.81824,3210.0,0.0,3500.0,444000.0,0.0,138.3,0.0,0.0,0.0,0.0,0.0
2021,MINNESOTA,BROWN,113.42565495481784,0.0863001147605662,33623.40618,123.16266,11977.12698,43.87226,317.9515999612762,0.0,22819.979455669018,11.270566085995446,74567.66226,273.14162,144500.0,11000.0,157500.0,27050000.0,253000.0,187.2,23.0,0.0,0.0,0.0,0.0
2021,NORTH DAKOTA,MCHENRY,1066.1805630559072,0.8111401930480936,13891.839779999998,50.88586,4053.51492,14.84804,221.50773259425227,0.0,71333.10093014964,32.73129693267634,54005.406,197.82199999999995,68400.0,10700.0,88700.0,2771000.0,68000.0,40.5,6.4,103000.0,112000.0,1978000.0,19.2
2023,ILLINOIS,ADAMS,272.7637932871598,0.2075402469603434,37592.87532000001,137.70284,16359.1701,59.9237,0.0,0.0,32002.17610975944,15.809152518513049,103787.91696,380.17552,152100.0,0.0,154000.0,28245000.0,0.0,185.7,0.0,0.0,0.0,0.0,0.0
2021,NEW YORK,WYOMING,8.089894931519584,0.0061601120905686,28532.332920000004,104.51404,10467.92292,38.34404,246.7181748879616,0.0,22381.024080867723,10.269565395251693,45066.27216,165.07792,24700.0,28500.0,53800.0,4139000.0,597000.0,167.6,21.0,0.0,0.0,0.0,0.0
2022,KANSAS,MIAMI,3310.6919191392085,2.518720130659569,17435.68008,63.86696,8027.925360000001,29.40632,0.0,0.0,21769.68398416788,10.75427662185088,30728.97282,112.56034,14800.0,0.0,16400.0,1379000.0,0.0,93.2,0.0,0.0,0.0,0.0,0.0
2022,KANSAS,COWLEY,701.5200987431225,0.5337005472315909,4758.23712,17.42944,3522.53538,12.90306,0.0,0.0,42149.20756488548,20.82181063695006,11371.8969,41.6553,23300.0,0.0,26500.0,1298000.0,0.0,55.7,0.0,0.0,0.0,0.0,0.0
2023,WASHINGTON,WALLA WALLA,3704.628971390197,2.8184202068560413,21031.00818,77.03666,9871.60356,36.15972,0.0,0.0,47550.32257203763,21.82348856827093,56290.8801,206.1937,0.0,0.0,0.0,0.0,0.0,0.0,0.0,28800.0,29000.0,1103000.0,38.3
2023,MARYLAND,PRINCE GEORGES,2.8001364898005944e-05,9.564439246003276e-08,1835.20428,6.72236,975.60918,3.57366,0.0,0.0,9377.885327967026,4.632698068483659,6806.6544,24.9328,1650.0,0.0,1900.0,232000.0,0.0,140.6,0.0,0.0,0.0,0.0,0.0
2022,PENNSYLVANIA,INDIANA,0.000119937586131,4.08107857163103e-07,6650.957040000001,24.362480000000005,4007.72736,14.68032,0.0,0.0,30925.37153888383,14.193373582816498,25247.83716,92.48292,17100.0,8630.0,26600.0,2632000.0,160000.0,153.9,18.5,0.0,0.0,0.0,0.0
2022,ILLINOIS,DOUGLAS,299.6268403951412,0.2279601378365319,27311.49330000001,100.0421,11612.83032,42.53784,0.0,0.0,15286.067032970624,7.551354142406261,61687.00902,225.95974,106500.0,0.0,108500.0,22365000.0,0.0,210.0,0.0,0.0,0.0,0.0,0.0
2023,MINNESOTA,LAC QUI PARLE,1077.9983918871812,0.8201201769816324,32709.1947,119.8139,13402.39446,49.09302,0.0,0.0,29011.05230805032,14.33153011493677,93751.66164,343.41268,181100.0,300.0,181500.0,33304000.0,6300.0,183.9,21.0,1160.0,1200.0,76600.0,66.0
2022,INDIANA,WELLS,96.339337571246,0.0732801261332585,20768.174700000003,76.0739,6886.04826,25.22362,0.0,0.0,13616.735075329443,6.72670011163461,38147.48028,139.73436,76500.0,0.0,78300.0,14566000.0,0.0,190.4,0.0,0.0,0.0,0.0,0.0
2023,WISCONSIN,PRICE,0.0001444298833454,4.467315903917353e-07,718.1537999999999,2.6306,615.48396,2.25452,0.0,0.0,48370.74510043005,23.89526525021565,5070.7293,18.5741,2430.0,1940.0,4400.0,327000.0,29100.0,134.6,15.0,0.0,0.0,0.0,0.0
2023,MISSOURI,BATES,5163.676558785032,3.9284801767974,23250.46542,85.16654,13774.597199999998,50.4564,0.0,0.0,31888.228536403883,14.635282229102229,63770.98182,233.59334,78700.0,0.0,81400.0,11301000.0,0.0,143.6,0.0,0.0,0.0,0.0,0.0
2023,IOWA,MARION,364.2524767992731,0.277120124073904,21569.85012,79.01044,9327.045000000002,34.165,0.0,0.0,20516.260674206223,9.416053479109328,59254.79742,217.05054,74000.0,0.0,75300.0,15074000.0,0.0,203.7,0.0,0.0,0.0,0.0,0.0
2022,ILLINOIS,EDWARDS,181.9032796774109,0.1384000672318536,14065.44594,51.52178000000001,6178.039140000001,22.63018,0.0,0.0,8192.830559520142,3.760145765291001,30636.29478,112.22086,40300.0,0.0,41400.0,7234000.0,0.0,179.5,0.0,0.0,0.0,0.0,0.0
2021,WISCONSIN,BARRON,21.402652747522588,0.0162801699317206,23696.42184,86.80008,12431.40444,45.53628,633.9683291975971,0.0,33149.68288375738,16.37230622389385,76565.09952,280.45824,77100.0,13900.0,92400.0,13034000.0,278000.0,169.1,20.0,0.0,0.0,0.0,0.0
2023,MISSOURI,DAVIESS,2826.5429719728745,2.150420109981756,18042.37344,66.08928,5681.95446,20.81302,0.0,0.0,21325.28843926365,9.787361332077024,30695.08806,112.43622,50200.0,0.0,52300.0,7330000.0,0.0,146.0,0.0,0.0,0.0,0.0,0.0
2022,OHIO,SENECA,66.06271185430359,0.0502602431493615,29840.36874,109.30538,9443.048159999998,34.589920000000006,0.0,0.0,20288.36552400876,10.022501714268804,48473.24664,177.55768,82700.0,0.0,86100.0,16267000.0,0.0,196.7,0.0,0.0,0.0,0.0,0.0
2021,NORTH DAKOTA,GRAND FORKS,3850.536205772434,2.9294200686757965,82824.53088,303.38656,23282.71218,85.28466,374.80144501778767,0.0,53432.842247309374,26.38996151949929,88631.70498000001,324.65826,154700.0,470.0,159000.0,19075000.0,6800.0,123.3,14.5,126800.0,128000.0,5884000.0,46.4
2021,MINNESOTA,TODD,64.81247790504908,0.049320187933086,31429.29426,115.12562,13231.9824,48.4688,535.9232986052104,0.0,36661.32598420338,16.82210265763763,91906.8423,336.6551,71100.0,11900.0,84000.0,9286000.0,190000.0,130.6,16.0,1980.0,2200.0,49900.0,25.2
2023,IOWA,POCAHONTAS,147.86117275108768,0.1124801594737797,33046.660919999995,121.05004,12242.40108,44.84396,0.0,0.0,21518.9993256038,9.876266035240484,94912.45764,347.66468000000003,176200.0,0.0,178500.0,38429000.0,0.0,218.1,0.0,0.0,0.0,0.0,0.0
2022,TEXAS,FAYETTE,0.0001387192641711,4.720156831092029e-07,3905.27592,14.30504,15940.63926,58.39062,3845.079317376,0.0,35768.14343591101,16.415991041896916,84973.77252,311.25924000000003,6440.0,0.0,7700.0,358000.0,0.0,55.6,0.0,0.0,0.0,0.0,0.0
2021,NEBRASKA,CHERRY,0.000358972638349,1.1548051252245133e-06,3350.52354,12.27298,4641.61152,17.00224,219.87748718781992,0.0,225275.3255725901,103.36791022364318,37833.81966,138.58542,20700.0,0.0,21400.0,3751000.0,0.0,181.2,0.0,0.0,0.0,0.0,0.0
2021,TEXAS,MATAGORDA,2605.8574545169654,1.982500107681684,54661.0428,200.2236,23011.05534,84.28958,78499.56837083402,0.0,41090.78489553167,20.29433933497536,114330.7893,418.7941,38900.0,0.0,41300.0,4046000.0,0.0,104.0,0.0,0.0,0.0,0.0,0.0
2022,ILLINOIS,PEORIA,391.9620704787792,0.2981802431733859,25236.55134,92.44158,11629.18302,42.59774,0.0,0.0,21308.196312056098,10.526300593945582,62109.28542,227.50654,99600.0,0.0,101500.0,22360000.0,0.0,224.5,0.0,0.0,0.0,0.0,0.0
2022,NEBRASKA,YORK,108.15187345313004,0.0822802495601344,41890.02636,153.44332,35586.13968,130.35216,0.0,0.0,21558.880969022262,9.89456994028567,185950.80504,681.13848,179500.0,0.0,206500.0,34626000.0,0.0,192.9,0.0,0.0,0.0,0.0,0.0
2023,GEORGIA,FLOYD,5.486294153484668e-05,1.873956048494045e-07,652.4427000000001,2.3899000000000004,2878.1407200000003,10.54264,0.0,0.0,18374.046277486646,8.432872106853253,20735.0871,75.9527,3030.0,0.0,3100.0,366000.0,0.0,120.8,0.0,0.0,0.0,0.0,0.0
2023,NEW YORK,SENECA,12.382956613563524,0.0094201122580741,7489.21992,27.43304,3519.82722,12.89314,0.0,0.0,12876.075845685678,5.9095475871231145,23164.13736,84.85032000000001,18400.0,2440.0,21000.0,3200000.0,52000.0,173.9,21.5,0.0,0.0,0.0,0.0
2021,MINNESOTA,WASECA,64.17110205649205,0.0488400700744257,22269.06864,81.57168,7991.5836,29.2732,232.99248947728088,0.0,16218.546479167053,7.441903600207271,58080.0402,212.7474,108000.0,0.0,110000.0,22939000.0,0.0,212.4,0.0,0.0,0.0,0.0,0.0
2023,KENTUCKY,LIVINGSTON,38.26371291538618,0.0291001131250482,6021.50094,22.056780000000003,2176.96752,7.97424,0.0,0.0,12203.785159445131,6.028699430536456,10938.8097,40.0689,20600.0,0.0,21600.0,3391000.0,0.0,164.6,0.0,0.0,0.0,0.0,0.0
2023,IOWA,WARREN,570.3332113474967,0.4339001048590779,19959.34122,73.11114,8511.998039999999,31.17948,0.0,0.0,21029.024748713528,10.388389165404682,52491.46266,192.27642000000003,58800.0,0.0,61900.0,11713000.0,0.0,199.2,0.0,0.0,0.0,0.0,0.0
2023,NEW YORK,TIOGA,5.775494157919094e-05,1.7864001761281637e-07,2408.66262,8.82294,2598.59418,9.51866,0.0,0.0,19342.600663429,9.555291582174204,20220.10536,74.06632,0.0,3230.0,0.0,0.0,66000.0,0.0,20.5,0.0,0.0,0.0,0.0
2021,MICHIGAN,MONROE,90.1795431539438,0.0686000730461609,27613.4586,101.1482,8104.88952,29.68824,517.3347028168,0.0,19057.504705585685,8.744563704376352,51947.10612,190.28244,52400.0,0.0,56000.0,10155000.0,0.0,193.8,0.0,0.0,0.0,0.0,0.0
2022,ARKANSAS,POINSETT,50096.75069999999,38.11294,57233.35254,209.64598,28768.068420000003,105.37754,437000.05589882407,0.0,28600.841040077223,14.128884754885089,113191.00338,414.61906,26700.0,0.0,27300.0,4555000.0,0.0,170.6,0.0,0.0,0.0,0.0,0.0
2022,MISSOURI,SCHUYLER,414.6869121544086,0.3154801102989562,7538.52372,27.61364,2964.6708,10.8596,0.0,0.0,11537.19185189415,5.295059231371496,13168.63002,48.23674,13000.0,0.0,13800.0,2055000.0,0.0,158.1,0.0,0.0,0.0,0.0,0.0
2021,ARKANSAS,LONOKE,22561.03986,17.16416,46305.88872,169.61864,24012.211860000003,87.95682,308408.72919584403,0.0,29421.41243972917,13.500057815886864,99667.56618,365.08266,43300.0,0.0,43600.0,8218000.0,0.0,189.8,0.0,0.0,0.0,0.0,0.0
2021,INDIANA,VIGO,260.6102531413369,0.198280042412468,17592.38208,64.44096,6784.61784,24.85208,363.588529566893,0.0,14286.002630217008,7.055717866063485,42429.56172,155.41964,45900.0,0.0,46300.0,8570000.0,0.0,186.7,0.0,0.0,0.0,0.0,0.0
2023,PENNSYLVANIA,YORK,81.22327944287478,0.0618002700618679,19350.38742,70.88054000000001,9751.4781,35.7197,0.0,0.0,29011.05229860812,14.331530110272295,68507.82666,250.94442,53500.0,0.0,72600.0,8258000.0,0.0,154.4,0.0,0.0,0.0,0.0,0.0
2023,SOUTH CAROLINA,FLORENCE,74.63371693071852,0.0567802333517891,24143.7651,88.4387,6836.034659999999,25.04042,0.0,0.0,28475.498706727783,13.068990637458413,45983.6559,168.4383,20000.0,0.0,20700.0,2629000.0,0.0,131.5,0.0,0.0,0.0,0.0,0.0
2022,IOWA,TAMA,478.7004910883128,0.3641803154373927,38375.75742,140.57054,15832.443900000002,57.9943,0.0,0.0,26982.78548846319,13.32956139289996,86633.55246,317.33901999999995,167600.0,0.0,170500.0,34073000.0,0.0,203.3,0.0,0.0,0.0,0.0,0.0
2021,MARYLAND,HARFORD,6.402321019942206,0.0048800672363412,6994.18356,25.61972,3416.11452,12.51324,334.42654244896335,0.0,13772.93789113323,6.3197325487283456,23437.8963,85.85310000000001,18000.0,0.0,20000.0,3379000.0,0.0,187.7,0.0,0.0,0.0,0.0,0.0
2023,IOWA,PAGE,765.6526027575674,0.5825001283440593,26764.49412,98.03844,11001.28848,40.29776,0.0,0.0,19957.91756582444,9.859259622466997,70696.26564,258.96068,110800.0,0.0,112000.0,22891000.0,0.0,206.6,0.0,0.0,0.0,0.0,0.0
2022,VIRGINIA,CHESTERFIELD,4.191628609698991e-05,1.4262723013773842e-07,754.75218,2.76466,392.33376,1.43712,0.0,0.0,10807.92738035584,4.96035919156101,1734.0141,6.351700000000001,540.0,0.0,600.0,77500.0,0.0,143.5,0.0,0.0,0.0,0.0,0.0
2023,ARKANSAS,WHITE,5893.295188593925,4.4835401009292735,20215.03302,74.04774,11744.94048,43.02176,47876.6115288,0.0,38673.80656250616,19.10495412315656,46528.76046,170.43502,8150.0,0.0,8400.0,1522000.0,0.0,186.7,0.0,0.0,0.0,0.0,0.0
2022,MICHIGAN,PRESQUE ISLE,9.998481527097162e-05,3.402151904616429e-07,11826.68214,43.32118,3757.4901,13.7637,0.0,0.0,25780.63858249495,11.83216939349762,9164.5827,33.569900000000004,6000.0,0.0,6400.0,581000.0,0.0,96.8,0.0,0.0,0.0,0.0,0.0
2023,TENNESSEE,CARROLL,73.61237820041407,0.0560001985804657,11814.57732,43.27684000000001,5322.8175,19.4975,0.0,0.0,22459.066805605544,10.307715304004978,34097.650859999994,124.89982,37200.0,0.0,39700.0,6183000.0,0.0,166.2,0.0,0.0,0.0,0.0,0.0
2021,MISSOURI,DE KALB,1253.1685387284242,0.9533600639558252,15378.48858,56.33146,5402.20044,19.78828,153.01347480670887,0.0,15836.598288585592,7.821541992866512,28051.20864,102.75168,39900.0,0.0,41600.0,6271000.0,0.0,157.2,0.0,0.0,0.0,0.0,0.0
2021,MICHIGAN,LIVINGSTON,3.3459308192316137,0.0025400991828476,9974.48088,36.53656,3773.64624,13.82288,502.0063505876549,0.0,19348.24139237464,8.87796865523963,26603.92644,97.45028,17100.0,0.0,20000.0,2833000.0,0.0,165.7,0.0,0.0,0.0,0.0,0.0
2023,ARKANSAS,PHILLIPS,19331.269022831308,14.706960009229974,54441.053940000005,199.41778,32179.79856,117.87472,147959.975268,0.0,26259.218388205943,12.051816292908589,162504.41298,595.25426,41200.0,0.0,42100.0,7807000.0,0.0,189.5,0.0,0.0,0.0,0.0,0.0
2023,NORTH DAKOTA,WELLS,824.6916596795418,0.6274003666345761,19709.6445,72.1965,5309.00916,19.44692,0.0,0.0,48228.31063762146,23.82490228056288,64089.38172,234.75964,125700.0,0.0,126500.0,19571000.0,0.0,155.7,0.0,0.0,0.0,0.0,0.0
2022,KANSAS,WABAUNSEE,557.0676501028923,0.4238203789135141,7189.02912,26.33344,3640.62972,13.335639999999998,0.0,0.0,30047.975228244217,13.790687600485292,15331.2705,56.1585,21300.0,0.0,23900.0,2552000.0,0.0,119.8,0.0,0.0,0.0,0.0,0.0
2021,ALABAMA,TUSCALOOSA,7.71322892164681e-05,2.4813245744054777e-07,845.3772600000001,3.09662,2866.0632,10.4984,513.091077009628,0.0,48404.80780181742,23.90666416988224,20620.7274,75.5338,2520.0,0.0,2600.0,423000.0,0.0,167.9,0.0,0.0,0.0,0.0,0.0
2021,KANSAS,NEOSHO,3962.9746340440047,3.014980046821264,15909.76842,58.27754,8659.35252,31.71924,259.1881441368219,0.0,21594.3248067144,10.66522716592824,31462.3491,115.2467,32300.0,0.0,34000.0,4109000.0,0.0,127.2,0.0,0.0,0.0,0.0,0.0
2023,INDIANA,PULASKI,155.75235768181523,0.1184801281534346,25136.12556,92.07372,11957.29626,43.79962,0.0,0.0,16260.31878249501,7.462764958715494,84595.90776,309.87512,100800.0,0.0,103000.0,19868000.0,0.0,197.1,0.0,0.0,0.0,0.0,0.0
2021,PENNSYLVANIA,UNION,261.1996332754493,0.1987200421615235,4819.90236,17.65532,2159.97054,7.91198,330.48952371268103,0.0,11253.219950590272,5.5578559735233455,13437.40944,49.22128,8400.0,2630.0,11200.0,1566000.0,64000.0,186.4,24.5,0.0,0.0,0.0,0.0
2022,SOUTH DAKOTA,FALL RIVER,0.0002537515178936,8.634323197597654e-07,923.88114,3.38418,1045.7319599999998,3.83052,0.0,0.0,65428.69689612341,32.32193475752205,5583.43968,20.45216,2160.0,0.0,3500.0,325000.0,0.0,150.5,0.0,0.0,0.0,0.0,0.0
2023,KENTUCKY,CUMBERLAND,0.0065147210120015,1.1859672235978025e-07,96.06324,0.35188,335.4897,1.2289,0.0,0.0,11628.349911130596,5.336896736482816,695.6258400000002,2.548080000000001,2850.0,0.0,3000.0,540000.0,0.0,189.5,0.0,0.0,0.0,0.0,0.0
2022,KANSAS,CHEYENNE,0.986307089829454,0.0007605005110546,11593.15794,42.46578,7753.877039999999,28.40248,0.0,0.0,37927.44995232795,17.407016938830147,45801.67956,167.77172,60700.0,0.0,78800.0,6619000.0,0.0,109.0,0.0,0.0,0.0,0.0,0.0
2023,VIRGINIA,FAUQUIER,70.76279945358927,0.0538402005494348,2698.4685,9.8845,7530.61764,27.58468,0.0,0.0,23900.503607819726,10.969270849234965,47265.0633,173.13209999999998,6030.0,0.0,8600.0,1003000.0,0.0,166.3,0.0,0.0,0.0,0.0,0.0
2023,TEXAS,GUADALUPE,7.616167110668663e-05,2.6014577461753004e-07,3186.4778400000005,11.67208,3667.44924,13.433879999999998,0.0,0.0,25507.164405250453,11.706656878377016,18047.50038,66.10806,22700.0,0.0,22700.0,1952000.0,0.0,86.0,0.0,0.0,0.0,0.0,0.0
2021,NEBRASKA,KNOX,264.55799830848974,0.2012601913023751,24793.43958,90.81846,15452.55348,56.60276,342.7677601343475,0.0,42162.520129737946,20.823658951904765,108335.1633,396.8321,143900.0,0.0,152000.0,25888000.0,0.0,179.9,0.0,0.0,0.0,0.0,0.0
2023,INDIANA,KNOX,358.0109130200689,0.2723600933140397,40661.9304,148.9448,18927.401220000003,69.33114,0.0,0.0,19621.7722196536,9.005522960987063,117291.40332,429.63884,116700.0,0.0,118500.0,23573000.0,0.0,202.0,0.0,0.0,0.0,0.0,0.0
2023,GEORGIA,WILCOX,11322.98552014538,8.61438006956633,1530.67278,5.60686,6405.56826,23.46362,0.0,0.0,14340.30216846872,7.084144008374107,41740.57524,152.89588,2180.0,0.0,2600.0,406000.0,0.0,186.2,0.0,0.0,0.0,0.0,0.0
2021,OHIO,FAYETTE,127.18537928064276,0.0967400639778187,23614.53276,86.50012000000001,7733.533080000001,28.32796,292.28160151938334,0.0,14998.592546919295,6.882125967104118,48028.32216,175.92792,86300.0,0.0,88200.0,17873000.0,0.0,207.1,0.0,0.0,0.0,0.0,0.0
2023,OHIO,OTTAWA,8.641407300241097,0.0065800839517589,9795.83514,35.882180000000005,2394.17178,8.76986,0.0,0.0,9657.056882448447,4.770609492647131,14626.04598,53.57526,16800.0,0.0,17200.0,3252000.0,0.0,193.6,0.0,0.0,0.0,0.0,0.0
2023,MISSOURI,JASPER,2181.2730204415675,1.6595000709304186,13263.8415,48.5855,8939.88732,32.74684,0.0,0.0,22516.04058669063,11.122978591429852,35373.194220000005,129.57214,36200.0,0.0,37000.0,5122000.0,0.0,141.5,0.0,0.0,0.0,0.0,0.0
2022,MINNESOTA,CHISAGO,252.1058224481172,0.1918001429079716,8793.411900000001,32.210300000000004,3798.91512,13.91544,0.0,0.0,15901.383931153376,7.855322180617978,24183.41016,88.58392,23500.0,0.0,24100.0,4167000.0,0.0,177.3,0.0,0.0,0.0,0.0,0.0
2021,SOUTH DAKOTA,OGLALA LAKOTA,0.0001248142331532,4.015239624090749e-07,403.16094,1.47678,242.5878,0.8886,126.18760466553265,0.0,78327.88353733288,35.94086308793748,1425.5241,5.2217,9360.0,0.0,11600.0,346000.0,0.0,37.0,0.0,0.0,0.0,0.0,0.0
2023,PENNSYLVANIA,PERRY,7.041540530446016,0.0053601866954941,5121.38172,18.75964,2780.00268,10.18316,0.0,0.0,20590.326590778943,10.17167121270698,18071.2077,66.1949,11400.0,9070.0,20600.0,1790000.0,181000.0,157.0,20.0,0.0,0.0,0.0,0.0
2022,IOWA,MAHASKA,591.0869546516867,0.4497002572837869,28299.0981,103.65970000000002,12568.53234,46.03858,0.0,0.0,21575.97311002997,10.6585829807923,65255.626800000005,239.0316,124700.0,0.0,127500.0,23232000.0,0.0,186.3,0.0,0.0,0.0,0.0,0.0
2021,KENTUCKY,CUMBERLAND,0.0070385404548667,5.964413444621354e-08,96.90953999999998,0.35498,334.33218,1.22466,96.08194318346438,0.0,11635.168144282216,5.746496474571748,681.8994000000001,2.4978,2700.0,0.0,2800.0,503000.0,0.0,186.3,0.0,0.0,0.0,0.0,0.0
2021,MINNESOTA,POPE,565.2542124004465,0.4300201074731944,27636.29778,101.23186,11213.30574,41.07438,244.7707150938568,0.0,26616.65853782511,13.145708988112592,75066.9465,274.9705,116400.0,0.0,122000.0,16610000.0,0.0,142.7,0.0,0.0,0.0,0.0,0.0
2021,KANSAS,WASHINGTON,585.512208963471,0.4454601627347441,15332.06766,56.16142,7521.97446,27.55302,220.2583152029161,0.0,33873.67423198383,15.542984603648351,37304.701980000005,136.64726,112600.0,0.0,118000.0,17149000.0,0.0,152.3,0.0,0.0,0.0,0.0,0.0
2022,ALABAMA,CHILTON,0.0001012001003494,3.44350402826792e-07,560.77476,2.05412,2792.72994,10.229780000000002,0.0,0.0,26093.99441855599,12.890496451407738,16143.66936,59.13432,820.0,0.0,1000.0,75800.0,0.0,92.4,0.0,0.0,0.0,0.0,0.0
2021,MISSOURI,LAWRENCE,1867.8885049208857,1.4210600115605132,2848.84236,10.43532,4692.58062,17.18894,280.4891426454656,0.0,22717.36651395696,11.219886551288118,22214.01546,81.37002000000001,12200.0,0.0,12900.0,1854000.0,0.0,152.0,0.0,0.0,0.0,0.0,0.0
2021,PENNSYLVANIA,SNYDER,88.00705486844335,0.0669600473546031,5537.54838,20.28406,2792.71356,10.22972,265.9040870997263,0.0,12370.560937056174,6.109699828291888,17987.975459999998,65.89002,14300.0,2810.0,17400.0,2342000.0,55000.0,163.8,19.5,0.0,0.0,0.0,0.0
2022,IDAHO,OWYHEE,1439.3253232095487,1.0950035430850655,23518.25112,86.14744,15580.72698,57.07226000000001,0.0,0.0,289996.5754969791,143.25901076708644,53450.83380000001,195.7906,11800.0,0.0,23500.0,2617000.0,0.0,221.8,0.0,0.0,0.0,0.0,0.0
2022,MISSOURI,WEBSTER,2021.341270583397,1.5378202401603591,1185.27318,4.34166,5796.0357,21.2309,0.0,0.0,21929.21059401268,10.064534809088116,24248.94654,88.82398,410.0,0.0,2200.0,23000.0,0.0,56.1,0.0,0.0,0.0,0.0,0.0
2021,NORTH CAROLINA,HYDE,511.924711352414,0.389460101955597,14237.67618,52.15266,5820.99336,21.32232,112.38396482428664,0.0,22477.93630674502,10.31403371080554,31452.45012,115.21044,29800.0,0.0,30800.0,5002000.0,0.0,167.9,0.0,0.0,0.0,0.0,0.0
2023,ILLINOIS,ST CLAIR,380.8927114904385,0.2897601583485782,33765.19692,123.68204,13783.96656,50.49072,0.0,0.0,21530.39407383125,9.881495719167516,91028.00616,333.43592,93300.0,0.0,94400.0,16234000.0,0.0,174.0,0.0,0.0,0.0,0.0,0.0
2021,INDIANA,JOHNSON,54.80113449563632,0.0416800469847498,13639.15098,49.960260000000005,5704.7718,20.8966,811.6049658776561,0.0,10175.78399691549,5.025720826648686,34576.5966,126.6542,33900.0,0.0,34400.0,5829000.0,0.0,171.9,0.0,0.0,0.0,0.0,0.0
2022,SOUTH DAKOTA,HYDE,3.790925091941512,0.0028804256536501,4564.03584,16.718079999999997,1871.15292,6.85404,0.0,0.0,32475.05854625212,14.90461116986891,14326.80522,52.47914,58300.0,0.0,64300.0,7783000.0,0.0,133.5,0.0,0.0,0.0,0.0,0.0
2022,ILLINOIS,PULASKI,705.4438905455632,0.5366800347707228,9670.686479999998,35.42376,3090.70398,11.32126,0.0,0.0,7526.237252550222,3.454209009713686,13603.8357,49.8309,13800.0,0.0,14100.0,2426000.0,0.0,175.8,0.0,0.0,0.0,0.0,0.0
2022,PENNSYLVANIA,BLAIR,6.838571797461536,0.0052002444286372,3946.9794,14.4578,2517.81894,9.22278,0.0,0.0,18522.178122543817,8.500858052107446,13848.02874,50.72538,13000.0,10500.0,24300.0,2261000.0,210000.0,173.9,20.0,0.0,0.0,0.0,0.0
2022,IOWA,BLACK HAWK,269.1883325579135,0.2048002495616012,30415.97832,111.41384,12649.05096,46.33352,0.0,0.0,19883.85163966424,9.12580578804709,69886.00164,255.99268,131900.0,0.0,134000.0,26700000.0,0.0,202.4,0.0,0.0,0.0,0.0,0.0
2023,NEW YORK,WYOMING,8.25552673926754,0.006280206580474,29749.15944,108.97128,10899.37212,39.92444,0.0,0.0,22367.908753399908,10.265877802120492,49100.26758,179.85446000000002,18800.0,35900.0,55500.0,2677000.0,731000.0,142.4,20.5,0.0,0.0,0.0,0.0
2022,NORTH CAROLINA,PAMLICO,154.3619823729662,0.1174401450423506,6139.8792,22.4904,1730.44872,6.33864,0.0,0.0,12613.996425093985,6.231344789439947,6479.01618,23.73266,13300.0,0.0,13400.0,2012000.0,0.0,151.3,0.0,0.0,0.0,0.0,0.0
2021,NORTH CAROLINA,DAVIE,10.878314281456593,0.0082800455496961,777.71148,2.8487600000000004,2367.46146,8.67202,412.2774906148649,0.0,9617.11350295579,4.412826494234907,14136.82452,51.78324,7950.0,0.0,8200.0,1224000.0,0.0,154.0,0.0,0.0,0.0,0.0,0.0
2023,OHIO,CLARK,81.84783733955106,0.0622801151525943,18520.134360000004,67.83932,7246.98156,26.54572,0.0,0.0,13645.221968050962,6.740772705644108,49506.0384,181.3408,63100.0,0.0,64900.0,12286000.0,0.0,194.7,0.0,0.0,0.0,0.0,0.0
2023,KENTUCKY,FAYETTE,77.20292046867404,0.0587400629583494,1491.7812,5.4644,5944.31292,21.77404,0.0,0.0,7680.066477313809,3.5248097994981986,32798.51484,120.14108,3250.0,0.0,3500.0,625000.0,0.0,192.3,0.0,0.0,0.0,0.0,0.0
2023,MISSISSIPPI,SHARKEY,3132.093497530964,2.382860045574668,31218.48366,114.35342,13877.53458,50.83346,3716.357669820001,0.0,16254.621412811855,7.460150118785414,77870.45994,285.23978,42200.0,0.0,42700.0,8022000.0,0.0,190.1,0.0,0.0,0.0,0.0,0.0
2023,NEW YORK,SCHOHARIE,25.97394924870673,0.0197602367530579,2331.3381,8.5397,2677.43658,9.80746,0.0,0.0,23433.31856573426,10.754853640818066,23203.66776,84.99512,0.0,6320.0,0.0,0.0,92000.0,0.0,14.5,0.0,0.0,0.0,0.0
2023,PENNSYLVANIA,GREENE,6.408331807295059e-05,1.9821412257066939e-07,416.2758600000001,1.52482,1942.1493,7.1141000000000005,0.0,0.0,21462.02553028277,10.602292600376908,12858.71496,47.10152,690.0,0.0,1100.0,93700.0,0.0,135.8,0.0,0.0,0.0,0.0,0.0
2021,NORTH CAROLINA,WILKES,434.8982787014208,0.3308601252678509,790.4988,2.8956,3764.34786,13.78882,402.70995905680735,0.0,28247.06425857824,13.95095052912407,23253.97074,85.17938,5500.0,0.0,8100.0,874000.0,0.0,158.9,0.0,0.0,0.0,0.0,0.0
2023,MISSOURI,RANDOLPH,1418.8802678681432,1.0794600772572118,17356.1661,63.5757,6061.659240000001,22.20388,0.0,0.0,18174.638030324502,8.978315212212841,29898.97092,109.52004,27000.0,0.0,27900.0,2840000.0,0.0,105.2,0.0,0.0,0.0,0.0,0.0
2023,NORTH CAROLINA,BLADEN,247.7597673562921,0.1885003002698354,15394.13694,56.38878,7588.54278,27.79686,0.0,0.0,32777.019619530176,16.19192708927762,44317.2366,162.3342,24800.0,0.0,25500.0,3612000.0,0.0,145.6,0.0,0.0,0.0,0.0,0.0
2023,OHIO,NOBLE,4.4945082645022056e-05,1.53519128060619e-07,848.71332,3.10884,1140.4575000000002,4.1775,0.0,0.0,15052.474500306707,7.435958865428729,7519.47378,27.54386,760.0,0.0,800.0,123100.0,0.0,162.0,0.0,0.0,0.0,0.0,0.0
2023,WISCONSIN,JEFFERSON,367.1394498092941,0.2793201516826169,18992.46804,69.56948,8281.291200000001,30.3344,0.0,0.0,20328.247177741025,10.04220334781965,57809.78658,211.75746,71700.0,7060.0,79600.0,12963000.0,148000.0,180.8,21.0,0.0,0.0,0.0,0.0
2021,NORTH CAROLINA,SURRY,218.27048764565143,0.1660600875484496,1090.57494,3.99478,3741.69432,13.70584,539.7288649099274,0.0,19741.59102581756,9.058457705662192,21896.87682,80.20834,12400.0,0.0,12800.0,2025000.0,0.0,163.3,0.0,0.0,0.0,0.0,0.0
2022,NORTH DAKOTA,RAMSEY,12101.652089604724,9.206780101761858,26211.29238,96.01206,7493.27124,27.44788,0.0,0.0,44251.54030583909,20.309493853166,65615.33159999999,240.3492,23900.0,0.0,24900.0,3098000.0,0.0,129.6,0.0,126900.0,128000.0,6421000.0,50.6
2023,CALIFORNIA,MADERA,140799.8417624633,107.1186600822832,10004.631,36.647,61626.27744,225.73728,0.0,0.0,79660.74887936837,39.35260291217641,261671.52648,958.50376,0.0,9140.0,0.0,0.0,274000.0,0.0,30.0,0.0,0.0,0.0,0.0
2023,MISSISSIPPI,WARREN,1075.1282770887824,0.8179601288383798,10707.97182,39.22334,4029.3708,14.7596,1676.5874991,0.0,21541.78883382516,9.886725408494824,23153.45214,84.81118,11500.0,0.0,11800.0,2130000.0,0.0,185.2,0.0,0.0,0.0,0.0,0.0
2021,MISSOURI,CASS,1472.4879730375403,1.1202400389212033,12339.76926,45.20062,10395.19572,38.07764,670.686948341577,0.0,25265.58805009824,11.593151760726489,47802.0816,175.0992,33500.0,0.0,36300.0,3661000.0,0.0,109.3,0.0,0.0,0.0,0.0,0.0
2023,ILLINOIS,MERCER,1197.4364647007906,0.91096006443539,30981.31218,113.48466,14453.29704,52.94248,0.0,0.0,21251.222522255128,9.753368361983387,96315.61758,352.80445999999995,137300.0,0.0,139000.0,31112000.0,0.0,226.6,0.0,0.0,0.0,0.0,0.0
2021,ILLINOIS,PUTNAM,15.7629694975213,0.0120000306734967,7709.476320000001,28.23984,3407.04,12.48,104.49031213793695,0.0,6099.769678826142,2.798888173585746,21550.0467,78.93789999999998,31800.0,0.0,32200.0,6370000.0,0.0,200.3,0.0,0.0,0.0,0.0,0.0
2022,VIRGINIA,MECKLENBURG,9.54551164800162e-05,3.24802126660682e-07,3201.56382,11.727340000000002,1635.4065,5.990500000000001,0.0,0.0,24612.67595636316,12.158721542821011,6093.65484,22.32108,1700.0,0.0,2400.0,258000.0,0.0,151.8,0.0,0.0,0.0,0.0,0.0
2021,OHIO,WAYNE,4.788332060453456,0.003640103274067,17272.344180000004,63.26866,9628.83558,35.27046,520.2641784962966,0.0,20146.34209761607,9.950082577565462,56964.81882,208.66234,43000.0,0.0,61800.0,7628000.0,0.0,177.4,0.0,0.0,0.0,0.0,0.0
2021,COLORADO,PHILLIPS,5.130940137153247,0.0039001286032884,22538.1156,82.5572,13108.10592,48.01504,139.85298317292256,0.0,25915.47006068483,11.891351064869228,85950.8286,314.8382,102500.0,0.0,118000.0,14186000.0,0.0,138.4,0.0,0.0,0.0,0.0,0.0
2022,OHIO,JACKSON,219.7101389788036,0.1671401299939372,1838.0271,6.7327,2323.9125,8.5125,0.0,0.0,15565.238586870984,7.143753985020167,11655.38556,42.69372,3060.0,0.0,3600.0,476000.0,0.0,155.6,0.0,0.0,0.0,0.0,0.0
2022,IOWA,EMMET,334.4260602406859,0.2544201358580852,20484.19464,75.03368,7581.82698,27.77226,0.0,0.0,15023.987606277811,6.895343796642462,49543.03536,181.47632,108700.0,0.0,110500.0,23219000.0,0.0,213.6,0.0,0.0,0.0,0.0,0.0
2023,ILLINOIS,RANDOLPH,834.6096937129613,0.6349401126467183,25196.93904,92.29648,10240.95072,37.51264,0.0,0.0,21843.74989972376,10.79086536354864,55784.59614,204.33918,63800.0,0.0,64600.0,10316000.0,0.0,161.7,0.0,0.0,0.0,0.0,0.0
2021,NEW YORK,MADISON,1.4418990617138303,0.0011001256363696,9077.14626,33.24962,6107.812620000001,22.37294,594.9675447408786,0.0,24547.297417706544,12.123671641173091,47378.89884,173.54908,13700.0,11500.0,25700.0,1906000.0,207000.0,139.1,18.0,0.0,0.0,0.0,0.0
2022,NEW YORK,ONONDAGA,1.4993161530753203,0.0011403271494498,8604.495900000002,31.5183,5683.76172,20.81964,0.0,0.0,24834.87371523302,12.268487773942216,33079.16976,121.16912,20100.0,13400.0,34600.0,2988000.0,248000.0,148.7,18.5,0.0,0.0,0.0,0.0
2023,KANSAS,WALLACE,0.0001029552007207,3.184475365605824e-07,11087.14698,40.612260000000006,7314.3525,26.7925,0.0,0.0,34480.5358522431,17.033468234740806,49196.53284,180.20708,87000.0,0.0,96200.0,7743000.0,0.0,89.0,0.0,0.0,0.0,0.0,0.0
2021,OHIO,ATHENS,2.992271353174194e-05,9.626054817436217e-08,551.46,2.02,1240.6430400000002,4.54448,462.1361918635534,0.0,18778.16945569884,8.61639031938973,6931.1151,25.3887,2970.0,0.0,3200.0,524000.0,0.0,176.4,0.0,0.0,0.0,0.0,0.0
2021,NORTH CAROLINA,RUTHERFORD,3.331104752459505e-05,1.0716072563333069e-07,535.04724,1.95988,1623.52008,5.94696,396.7529866962451,0.0,20904.53776861288,9.592077507114482,8538.74112,31.27744,940.0,0.0,1000.0,119900.0,0.0,127.6,0.0,0.0,0.0,0.0,0.0
2023,NEBRASKA,THAYER,161.73251739219396,0.1230401961618539,29159.13,106.81,21576.01992,79.03304,0.0,0.0,21587.36786842596,9.907644163337268,138928.36229999998,508.8951,155200.0,0.0,166500.0,25856000.0,0.0,166.6,0.0,0.0,0.0,0.0,0.0
2022,SOUTH CAROLINA,BAMBERG,351.5989669393626,0.267500162475468,968.4129,3.5473,4250.56086,15.569819999999998,0.0,0.0,14710.631783435863,7.267087735233741,22742.43426,83.30562,5600.0,0.0,6300.0,657000.0,0.0,117.3,0.0,0.0,0.0,0.0,0.0
2021,MINNESOTA,RED LAKE,1955.0452213860208,1.48736,16058.613479999998,58.82276,3708.57396,13.58452,94.2292692758446,0.0,15956.31339557821,7.321577569057686,16866.365879999998,61.78156,22800.0,5600.0,29100.0,2050000.0,73000.0,89.9,13.0,56000.0,58400.0,2414000.0,43.1
2022,KANSAS,MORTON,2.8848466115431504,0.002180362759868,10726.48122,39.291140000000006,8215.18698,30.09226,0.0,0.0,27546.825975432857,13.60819875976329,47052.871320000006,172.35484,23400.0,0.0,25300.0,3681000.0,0.0,157.3,0.0,0.0,0.0,0.0,0.0
2022,VIRGINIA,STAFFORD,46.54791260581171,0.0354201118011022,591.00678,2.16486,412.90704,1.51248,0.0,0.0,8472.002116180536,3.8882731248085847,2257.8465,8.270499999999998,1100.0,0.0,1400.0,207000.0,0.0,188.2,0.0,0.0,0.0,0.0,0.0
2023,KANSAS,DICKINSON,1287.7075602116906,0.9796601340463568,10458.73374,38.31038,5356.36374,19.62038,0.0,0.0,31717.30718603065,14.556836911927087,18845.33196,69.03052,20100.0,0.0,30600.0,2109000.0,0.0,104.9,0.0,0.0,0.0,0.0,0.0
2023,INDIANA,WHITE,238.9077991665389,0.1817601135963177,29945.069700000004,109.6889,13492.37526,49.42262,0.0,0.0,19017.85007027936,9.3948640025005,91720.77642,335.97354,122900.0,0.0,126000.0,24297000.0,0.0,197.7,0.0,0.0,0.0,0.0,0.0
2021,KENTUCKY,CRITTENDEN,119.53561887681998,0.0909400617425683,6466.58922,23.68714,2867.49918,10.50366,209.44316942945176,0.0,13847.047242770272,6.353737732328808,14398.02,52.74,21000.0,0.0,22500.0,3945000.0,0.0,187.9,0.0,0.0,0.0,0.0,0.0
2021,MISSOURI,CAPE GIRARDEAU,2617.644420857196,1.99146,23745.22332,86.97884,11356.712640000002,41.59968,5496.476326992,0.0,21121.165101729897,10.4315381858563,54090.35814,198.13318,32500.0,0.0,34300.0,5431000.0,0.0,167.1,0.0,0.0,0.0,0.0,0.0
2023,TENNESSEE,LINCOLN,385.94301824344143,0.2936201125579764,11106.098639999998,40.68168,6389.4012,23.4044,0.0,0.0,21359.472723312763,9.803050401925711,39068.52768,143.10816,18800.0,0.0,19300.0,3446000.0,0.0,183.3,0.0,0.0,0.0,0.0,0.0
2021,TENNESSEE,MONTGOMERY,581.4160949727515,0.4423400474466961,7078.78626,25.92962,4324.96428,15.84236,415.3626304732626,0.0,17831.850051834517,8.806977448651267,27639.69936,101.24432,17400.0,0.0,18500.0,3125000.0,0.0,179.6,0.0,0.0,0.0,0.0,0.0
2021,KANSAS,SMITH,62.61827316763351,0.0476401720065532,14567.1435,53.3595,6903.19812,25.28644,154.29226769966073,0.0,33554.43395620998,16.572208845161168,44110.14972,161.57564000000002,92400.0,0.0,96700.0,12723000.0,0.0,137.7,0.0,0.0,0.0,0.0,0.0
2023,NEBRASKA,HARLAN,60.09773855974984,0.0457201796670167,20533.78782,75.21534,16164.31362,59.20994,0.0,0.0,20880.892906416386,9.583403497381154,104570.37318,383.04166,99600.0,0.0,114500.0,19093000.0,0.0,191.7,0.0,0.0,0.0,0.0,0.0
2023,GEORGIA,THOMAS,13758.55896,10.46734,1478.0165399999998,5.41398,7336.07784,26.87208,0.0,0.0,20328.247180646325,9.32976362647649,50541.69666,185.13442,1810.0,0.0,2900.0,315000.0,0.0,174.0,0.0,0.0,0.0,0.0,0.0
2021,IOWA,HENRY,736.7240590740703,0.5604800633421829,21477.80544,78.67328,9319.33002,34.13674,322.7920177170434,0.0,16349.66303232057,8.074939683775602,54590.72892,199.96604,75700.0,0.0,76800.0,12695000.0,0.0,167.7,0.0,0.0,0.0,0.0,0.0
2021,ARKANSAS,PRAIRIE,17249.8092,13.12346,43842.2439,160.5943,20367.77106,74.60722,228346.162693596,0.0,25231.38373357792,11.577457060428763,85644.88296,313.71752,25700.0,0.0,26300.0,4857000.0,0.0,189.0,0.0,0.0,0.0,0.0,0.0
2023,MICHIGAN,GRAND TRAVERSE,5.19028944720199e-05,1.7728495831455174e-07,4466.66766,16.36142,1972.65978,7.225859999999999,0.0,0.0,17382.702390440914,8.587097087769493,15309.35406,56.07822,5470.0,0.0,6600.0,694000.0,0.0,126.9,0.0,0.0,0.0,0.0,0.0
2022,IOWA,DES MOINES,421.0069069821977,0.3202801603557492,18510.04428,67.80236000000001,8320.537680000001,30.47816,0.0,0.0,15525.356939820897,7.125450078308223,43046.57994,157.67978,68700.0,920.0,69900.0,13383000.0,17900.0,194.8,19.5,0.0,0.0,0.0,0.0
2021,KANSAS,LOGAN,0.0477044781052901,4.0207424824237e-05,13638.54492,49.95804,6556.98498,24.018259999999994,160.6429106252175,0.0,40463.705772644746,18.56683014436432,52338.09672,191.71464,120000.0,0.0,126000.0,8688000.0,0.0,72.4,0.0,0.0,0.0,0.0,0.0
2023,NORTH CAROLINA,JOHNSTON,1395.306827958811,1.0615401637811968,34882.946280000004,127.77636,12445.3602,45.5874,0.0,0.0,27985.52414029656,12.84411404838679,38684.6187,141.7019,7080.0,0.0,7300.0,977000.0,0.0,138.0,0.0,0.0,0.0,0.0,0.0
2021,MINNESOTA,MURRAY,130.28403865177435,0.0991201255175854,25999.5918,95.2366,10087.44828,36.95036,249.84123624915057,0.0,26628.05997676212,13.151340048003096,84955.36686000001,311.19181999999995,176600.0,3180.0,182000.0,34702000.0,75000.0,196.5,23.5,0.0,0.0,0.0,0.0
2021,TENNESSEE,DYER,3300.0176499763006,2.5106000310446994,30241.89168,110.77616,8390.63862,30.73494,244.2531368269945,0.0,19011.89894925626,9.389792131238275,42698.25378,156.40386,52000.0,0.0,54000.0,9370000.0,0.0,180.2,0.0,0.0,0.0,0.0,0.0
2022,WISCONSIN,PIERCE,92.66664795647252,0.0705202313387718,14029.43178,51.38986,7434.10668,27.23116,0.0,0.0,21593.06524740605,10.667026538059128,46459.95354,170.18298,64400.0,16900.0,82100.0,11676000.0,372000.0,181.3,22.0,0.0,0.0,0.0,0.0
2022,ALABAMA,MORGAN,428.2887442126936,0.3258401455569396,10039.04538,36.77306,6295.93692,23.06204,0.0,0.0,21160.06446845158,9.711530859365524,29905.79046,109.54502,5230.0,0.0,5300.0,467000.0,0.0,89.3,0.0,0.0,0.0,0.0,0.0
2023,IOWA,VAN BUREN,639.969098929167,0.4868801154852082,13632.34782,49.93534,5969.609100000001,21.8667,0.0,0.0,18180.33541409833,8.343967414223663,35789.08242,131.09554,49500.0,0.0,51500.0,9370000.0,0.0,189.3,0.0,0.0,0.0,0.0,0.0
2022,INDIANA,NOBLE,128.7198458467819,0.0979201559559717,15811.1499,57.9163,7203.07224,26.38488,0.0,0.0,15303.15916802247,7.023471158493496,39656.32944,145.26128,59500.0,0.0,60900.0,11858000.0,0.0,199.3,0.0,0.0,0.0,0.0,0.0
2021,OHIO,SANDUSKY,61.48759967227718,0.0467800647201728,21529.7901,78.8637,6420.13008,23.51696,306.5834072595797,0.0,14821.870247465497,7.320377674599976,39554.20014,144.88718,62000.0,0.0,62500.0,12326000.0,0.0,198.8,0.0,0.0,0.0,0.0,0.0
2021,MINNESOTA,ISANTI,6.494305938028484,0.0049400832148766,11763.55362,43.089940000000006,4402.43076,16.12612,451.7584272383158,0.0,16646.10043668848,8.221347236980455,35855.41596,131.33852,28300.0,4020.0,32700.0,3421000.0,68000.0,120.9,17.0,0.0,0.0,0.0,0.0
2023,SOUTH DAKOTA,TURNER,168.0081572147478,0.1278201934231842,18202.6572,66.6764,8313.36324,30.45188,0.0,0.0,23211.120798439035,10.652874723070113,71390.78856,261.50472,132900.0,0.0,155000.0,20998000.0,0.0,158.0,0.0,0.0,0.0,0.0,0.0
2021,IOWA,SIOUX,147.58246237243756,0.1122801387769132,30456.14208,111.56096,13393.99152,49.06224,357.6022630818651,0.0,28355.377920340205,13.010906328854627,101573.1171,372.0627,211500.0,35100.0,248500.0,46657000.0,777000.0,220.6,22.0,0.0,0.0,0.0,0.0
2022,KANSAS,CHEROKEE,3138.001048002345,2.387340101130729,14351.15682,52.56834,8459.70216,30.98792,0.0,0.0,21912.11845765345,10.824639596778097,24224.85156,88.73572,50300.0,0.0,55900.0,1901000.0,0.0,37.8,0.0,0.0,0.0,0.0,0.0
2022,INDIANA,MARSHALL,55.60170245074619,0.0423002123507955,20694.14256,75.80272,9795.68772,35.88164,0.0,0.0,16567.977244079157,7.603966543818127,53780.02812,196.99644,83700.0,0.0,87700.0,16204000.0,0.0,193.6,0.0,0.0,0.0,0.0,0.0
2023,MINNESOTA,KOOCHICHING,353.0827660962938,0.2686210680729456,2859.7296,10.4752,1441.9368599999998,5.28182,0.0,0.0,117987.01534210144,58.28587138418324,2283.8907,8.3659,0.0,0.0,0.0,0.0,0.0,0.0,0.0,1550.0,1600.0,74700.0,48.2
2022,OHIO,CHAMPAIGN,142.00661318540838,0.1080201824701969,21327.00024,78.12088,7864.00524,28.80588,0.0,0.0,15952.6603380521,7.32156338147992,44586.08154,163.31898,80900.0,0.0,84500.0,15832000.0,0.0,195.7,0.0,0.0,0.0,0.0,0.0
2021,SOUTH DAKOTA,DAY,279.13781530863866,0.2123601794895098,15474.91218,56.68466,5832.53034,21.36458,385.5195635338704,0.0,38280.3302700893,18.906283107787527,49165.72752,180.09424,125000.0,0.0,138000.0,19100000.0,0.0,152.8,0.0,17000.0,17900.0,836000.0,49.2
2023,MINNESOTA,DODGE,94.54623770843044,0.0719201263876345,18823.56294,68.95078,7208.65236,26.40532,0.0,0.0,16049.515776210546,7.366015730761539,56158.85184,205.71008,116500.0,0.0,118000.0,22088000.0,0.0,189.6,0.0,0.0,0.0,0.0,0.0
2023,INDIANA,DECATUR,83.30535263904346,0.0633801105964943,16384.91946,60.01802,7916.85258,28.99946,0.0,0.0,13816.14332888325,6.825208271925658,52777.9434,193.3258,75900.0,0.0,77800.0,16842000.0,0.0,221.9,0.0,0.0,0.0,0.0,0.0
2022,VIRGINIA,POWHATAN,3.80052778534024e-05,1.2931936522962086e-07,807.09174,2.95638,597.6679800000001,2.18926,0.0,0.0,9799.491351866604,4.497531792099601,2817.1088400000003,10.31908,2100.0,0.0,2900.0,374000.0,0.0,178.1,0.0,0.0,0.0,0.0,0.0
2023,IOWA,O BRIEN,218.2845498458657,0.1660601690157709,26701.2564,97.8068,9694.68864,35.51168,0.0,0.0,21348.07796477151,10.546002226994098,85274.42196,312.36051999999995,163700.0,5020.0,170500.0,34819000.0,128000.0,212.7,25.5,0.0,0.0,0.0,0.0
2022,NEBRASKA,PIERCE,193.3904453020099,0.147120222915172,27131.275080000003,99.38196,19694.493,72.141,0.0,0.0,21496.209803059337,10.619179713934608,109076.44566,399.54742,143600.0,0.0,147000.0,25360000.0,0.0,176.6,0.0,0.0,0.0,0.0,0.0
2023,NORTH DAKOTA,PEMBINA,10315.8717650514,7.848200180730658,114774.31602,420.41874,37570.37466,137.62042,0.0,0.0,42308.73416746705,20.90061716505373,71829.31938,263.11105999999995,34600.0,0.0,37200.0,4225000.0,0.0,122.1,0.0,209500.0,210000.0,12105000.0,57.8
2022,NEW YORK,SENECA,11.782788059854548,0.0089801630991215,7154.93142,26.20854,3429.41508,12.56196,0.0,0.0,12876.075845685677,6.360812658058857,17834.77332,65.32884,16900.0,2960.0,20000.0,2158000.0,55000.0,127.7,18.5,0.0,0.0,0.0,0.0
2021,OHIO,HURON,3.211768584265135,0.002460091852335,21691.36242,79.45554,7788.438840000001,28.52908,310.4539707503519,0.0,18179.593934762008,8.978724773014495,48408.98244000001,177.32228,57000.0,0.0,61500.0,10659000.0,0.0,187.0,0.0,0.0,0.0,0.0,0.0
2022,IOWA,IOWA,707.6841011160591,0.5383802090231261,26830.5492,98.2804,12187.44072,44.64264,0.0,0.0,22031.76339633422,10.883744486307643,63530.19582,232.71134,119000.0,2370.0,122000.0,24502000.0,46200.0,205.9,19.5,0.0,0.0,0.0,0.0
2023,SOUTH DAKOTA,MCPHERSON,50.09634653590786,0.0381203910660864,6013.223580000001,22.02646,2487.3576,9.1112,0.0,0.0,43089.27505755432,21.28620625549569,25104.49578,91.95786,82000.0,0.0,88100.0,13013000.0,0.0,158.7,0.0,0.0,0.0,0.0,0.0
2021,COLORADO,WASHINGTON,0.5706312075127644,0.0004404863899555,17772.458339999997,65.10058,9295.61178,34.049859999999995,194.42381876084252,0.0,94951.18110036248,43.568487310646496,80535.08736,295.00032,109700.0,0.0,131000.0,5123000.0,0.0,46.7,0.0,0.0,0.0,0.0,0.0
2023,NEBRASKA,GARDEN,0.0023536278953361,5.989044712803797e-07,6630.40014,24.28718,4341.4917,15.9029,0.0,0.0,64847.56427099322,32.03485383300441,31621.3443,115.8291,36900.0,0.0,42100.0,5210000.0,0.0,141.2,0.0,0.0,0.0,0.0,0.0
2022,WISCONSIN,WASHBURN,0.0001233845764538,4.19836822866603e-07,2688.8589,9.8493,1741.0465800000002,6.377460000000001,0.0,0.0,31814.162616490063,14.60128925767518,10129.938,37.106,9580.0,2430.0,12200.0,1522000.0,58000.0,158.9,24.0,0.0,0.0,0.0,0.0
2023,GEORGIA,TURNER,17915.075459999996,13.62954,1745.3599800000002,6.39326,7366.47912,26.98344,0.0,0.0,10910.480196477523,5.0074263845729,49087.89522,179.80914,5430.0,0.0,5600.0,798000.0,0.0,147.0,0.0,0.0,0.0,0.0,0.0
2021,NORTH CAROLINA,CHOWAN,1461.4008055882005,1.1118200171525583,9446.18766,34.60142,3812.64156,13.96572,207.03779732807976,0.0,6213.784065143853,2.851203840288868,22951.56318,84.07166,5480.0,0.0,5600.0,889000.0,0.0,162.2,0.0,0.0,0.0,0.0,0.0
2023,INDIANA,WELLS,99.35559563576058,0.0755601094020675,21272.77152,77.92224,7145.26722,26.17314,0.0,0.0,13616.735075329443,6.249477315394199,50045.1588,183.3156,80600.0,0.0,82300.0,16573000.0,0.0,205.6,0.0,0.0,0.0,0.0,0.0
2023,MISSOURI,BARTON,3648.690607650184,2.7758600265236644,16046.21928,58.77736,9626.2803,35.2611,0.0,0.0,22105.82932220389,10.145594969926863,38006.825220000006,139.21914,64400.0,0.0,69500.0,9596000.0,0.0,149.0,0.0,0.0,0.0,0.0,0.0
2022,NORTH CAROLINA,RANDOLPH,0.0001098396722166,3.737480026556049e-07,1443.4602,5.2874,3850.73052,14.105240000000002,0.0,0.0,28321.669483126305,13.990973329501678,18142.0785,66.45450000000001,8530.0,0.0,9800.0,1092000.0,0.0,128.0,0.0,0.0,0.0,0.0,0.0
2023,KENTUCKY,CHRISTIAN,832.8534454586211,0.6336201566115157,20438.40162,74.86594,9019.2375,33.0375,0.0,0.0,26407.350244012705,13.045294988239087,60705.81426,222.36562,79000.0,0.0,82500.0,15610000.0,0.0,197.6,0.0,0.0,0.0,0.0,0.0
2023,MINNESOTA,CROW WING,0.0001267716714728,4.330145885147322e-07,6836.345880000001,25.04156,2931.6651,10.7387,0.0,0.0,42456.86602196642,19.485817974657948,20528.74824,75.19688,8000.0,0.0,10900.0,1026000.0,0.0,128.3,0.0,0.0,0.0,0.0,0.0
2023,NEBRASKA,CEDAR,403.370888246317,0.3069002306132947,32106.54174,117.60638,21859.61778,80.07186,0.0,0.0,27723.44471433008,13.695448844609937,148506.22332000002,543.97884,180300.0,0.0,189000.0,35494000.0,0.0,196.9,0.0,0.0,0.0,0.0,0.0
2023,MINNESOTA,CASS,0.0002480145193486,7.671260136923982e-07,14205.79524,52.03588,5236.369320000001,19.18084,0.0,0.0,83062.08395892859,38.12181162363794,28244.8257,103.4609,2590.0,3480.0,7300.0,375000.0,40000.0,144.8,11.5,0.0,0.0,0.0,0.0
2023,NORTH DAKOTA,BENSON,2415.423349896168,1.837620382300076,23020.53936,84.32432,6385.69386,23.39082,0.0,0.0,50985.841914147786,25.18712941085732,65854.10832,241.22384,66100.0,1900.0,69400.0,6709000.0,30400.0,101.5,16.0,131300.0,131500.0,6221000.0,47.4
2022,INDIANA,BOONE,54.75035577694691,0.0416601901606457,24162.2199,88.5063,9805.1772,35.9164,0.0,0.0,15268.974894868214,7.007782093645064,52313.52672,191.62464,81100.0,0.0,83000.0,15831000.0,0.0,195.2,0.0,0.0,0.0,0.0,0.0
2021,KANSAS,CHASE,15.691006893053448,0.0119401511413342,2226.27678,8.154860000000001,1117.5473399999998,4.09358,189.08460936535448,0.0,29484.12036061241,14.561920516066648,4980.74304,18.24448,6640.0,0.0,7100.0,983000.0,0.0,148.0,0.0,0.0,0.0,0.0,0.0
2021,PENNSYLVANIA,MERCER,3.8924962821955934e-05,1.25220537065711e-07,7715.79354,28.26298,3695.70474,13.53738,451.65418150607553,0.0,24427.58231642618,12.064545516055706,27618.50364,101.16668,29300.0,4330.0,34200.0,4925000.0,84000.0,168.1,19.5,0.0,0.0,0.0,0.0
2022,PENNSYLVANIA,UNION,246.5565361994352,0.1875801231687578,4571.21574,16.74438,2161.57578,7.91786,0.0,0.0,11246.625539888328,5.555860259905154,11368.29876,41.64212,5610.0,4000.0,11500.0,511000.0,48000.0,91.1,12.0,0.0,0.0,0.0,0.0
2023,ILLINOIS,MORGAN,533.5373796337934,0.4059201347312966,32247.43158,118.12246,14610.5778,53.5186,0.0,0.0,21029.024759463115,10.388389170715008,97224.48372,356.13364,128900.0,0.0,130500.0,25806000.0,0.0,200.2,0.0,0.0,0.0,0.0,0.0
2022,PENNSYLVANIA,BERKS,960.818845129874,0.7309802897192781,15196.353900000002,55.6643,9074.40534,33.23958,0.0,0.0,28948.38113026284,14.30057040129857,45782.919,167.703,21100.0,21400.0,44000.0,3016000.0,439000.0,142.9,20.5,0.0,0.0,0.0,0.0
2021,SOUTH DAKOTA,YANKTON,145.28054760794612,0.1105200898849302,11298.99498,41.38826,5298.55872,19.40864,256.6534552041608,0.0,19570.56944626832,8.979984205574162,38870.25324,142.38188000000002,90600.0,0.0,101500.0,11869000.0,0.0,131.0,0.0,0.0,0.0,0.0,0.0
2021,INDIANA,PUTNAM,216.6484949733492,0.1648600464079532,17495.36334,64.08558000000001,7033.87776,25.76512,262.0841274299773,0.0,17905.959397657563,8.216175467866998,42529.56708000001,155.78596,67500.0,0.0,68500.0,13250000.0,0.0,196.3,0.0,0.0,0.0,0.0,0.0
2022,NORTH DAKOTA,MCLEAN,1109.343080472382,0.8439606684670724,22008.40824,80.61688,7170.38322,26.26514,0.0,0.0,80042.47324517774,36.73594426611715,66065.50314,241.99818,85900.0,1050.0,88000.0,8638000.0,14200.0,100.6,13.5,259500.0,261000.0,12845000.0,49.5
2023,LOUISIANA,MOREHOUSE,13139.292198464129,9.996220033938664,60571.722120000006,221.87444,36666.93576,134.31112,136390.54595399997,0.0,29381.381921564825,14.5144738410788,187117.5852,685.4124,80500.0,0.0,83400.0,14917000.0,0.0,185.3,0.0,0.0,0.0,0.0,0.0
2023,KANSAS,RICE,1132.1354621417454,0.8613200724079114,17130.5316,62.7492,9039.60876,33.11212,0.0,0.0,27370.20723150948,12.561710884781853,49139.22468000001,179.99715999999998,33200.0,0.0,35900.0,3733000.0,0.0,112.4,0.0,0.0,0.0,0.0,0.0
2022,INDIANA,CLARK,50.01454716117064,0.0380601608210076,2763.0821400000004,10.12118,2466.21102,9.03374,0.0,0.0,12636.785939561723,5.799724135917554,11367.78006,41.64022,15600.0,0.0,16000.0,2872000.0,0.0,184.1,0.0,0.0,0.0,0.0,0.0
2022,INDIANA,MORGAN,65.3682525569856,0.0497201792558887,11543.49378,42.28386,4904.3958600000005,17.96482,0.0,0.0,14642.263239451588,6.720149246846465,25506.43914,93.43018,32600.0,0.0,33400.0,6201000.0,0.0,190.2,0.0,0.0,0.0,0.0,0.0
2022,CALIFORNIA,SAN JOAQUIN,89200.6473,67.86268000000001,41546.49954,152.18498,120015.09702000002,439.61574,82704.111671052,0.0,48439.11364165431,22.231404239462748,438002.06268,1604.40316,0.0,24500.0,0.0,0.0,711000.0,0.0,29.0,0.0,0.0,0.0,0.0
2021,ALABAMA,JACKSON,52.6611617323492,0.0400601967675026,15442.20132,56.56484,7684.58964,28.14868,475.9403486948576,0.0,41700.7618670335,20.595601033374425,43272.411,158.507,23900.0,0.0,24400.0,3740000.0,0.0,156.5,0.0,0.0,0.0,0.0,0.0
2022,WASHINGTON,YAKIMA,5768.331401275493,4.38848135626685,21597.78894,79.11277999999999,19654.42206,71.99422,0.0,0.0,159372.7742077622,78.7305365143806,106683.14202,390.78074,5900.0,0.0,27000.0,1288000.0,0.0,218.3,0.0,0.0,0.0,0.0,0.0
2021,KENTUCKY,DAVIESS,512.1585150231019,0.3896400522028453,26823.1782,98.2534,11008.9434,40.3258,398.48961517991046,0.0,16617.596834985467,8.207269585100583,57303.0276,209.9012,63000.0,0.0,67000.0,12830000.0,0.0,203.7,0.0,0.0,0.0,0.0,0.0
2023,KENTUCKY,CLINTON,2.2727717800137503e-05,7.763117151307238e-08,346.72092,1.27004,1428.06846,5.23102,0.0,0.0,7611.697932312674,3.493431670401363,7856.525039999999,28.77848,2550.0,0.0,2900.0,497000.0,0.0,194.9,0.0,0.0,0.0,0.0,0.0
2021,PENNSYLVANIA,SCHUYLKILL,275.6013929788127,0.2096801038472541,7401.64152,27.11224,3234.8589,11.8493,395.679613230756,0.0,28144.451307563784,13.900270989822376,17425.02762,63.827940000000005,19900.0,4230.0,24500.0,3230000.0,89000.0,162.3,21.0,0.0,0.0,0.0,0.0
2023,OHIO,JEFFERSON,4.394138853402941e-05,1.3591374533532304e-07,1022.52696,3.74552,2182.4166,7.9942,0.0,0.0,14716.32916198017,6.754142219473566,14962.13082,54.806340000000006,2470.0,0.0,2700.0,400000.0,0.0,161.9,0.0,0.0,0.0,0.0,0.0
2021,NORTH CAROLINA,JOHNSTON,1442.1502385398928,1.097200060288876,34599.7743,126.7391,12074.15664,44.22768,493.4491001155897,0.0,28001.93333247921,12.848727766536776,37167.0936,136.1432,10700.0,0.0,10900.0,1494000.0,0.0,139.6,0.0,0.0,0.0,0.0,0.0
2021,NORTH CAROLINA,CHEROKEE,2.7678964226322303e-05,8.904246824065487e-08,155.54994,0.56978,576.9199799999999,2.1132599999999995,202.41419193798112,0.0,17370.091788257974,7.970291837250177,2819.25462,10.32694,870.0,0.0,1100.0,158600.0,0.0,182.3,0.0,0.0,0.0,0.0,0.0
2022,COLORADO,LOGAN,12.941727145365762,0.0098409086463774,19060.21572,69.81764,11719.95552,42.93024,0.0,0.0,69473.83578169541,34.320243165714125,68059.06925999999,249.30062,67000.0,0.0,97500.0,8945000.0,0.0,133.5,0.0,0.0,0.0,0.0,0.0
2021,WISCONSIN,DOOR,2.905973302265563e-05,9.348436356195e-08,1567.24932,5.74084,1815.29712,6.64944,294.46731993294736,0.0,18236.601117673694,8.367890901165998,12993.28758,47.594460000000005,18000.0,11500.0,30000.0,3168000.0,207000.0,176.0,18.0,0.0,0.0,0.0,0.0
2022,KANSAS,HARVEY,1803.6693291892457,1.372200103792476,16520.709659999997,60.51542,9750.62634,35.71658,0.0,0.0,19769.90406006229,9.073508904107811,37610.73498,137.76826,66100.0,0.0,70600.0,7205000.0,0.0,109.0,0.0,0.0,0.0,0.0,0.0
2021,MISSOURI,NEW MADRID,17344.950660902312,13.1958,62942.41044,230.55828,44173.15266,161.80642,82517.23031769,0.0,25459.412509265683,12.574156420855802,216932.50488,794.62456,65000.0,0.0,67700.0,12636000.0,0.0,194.4,0.0,0.0,0.0,0.0,0.0
2021,TENNESSEE,WEAKLEY,348.5171626713068,0.2651600708911559,26357.83332,96.54884,10679.088419999998,39.11754,289.31224133298764,0.0,21503.11329667185,10.620178687522069,56289.85362,206.18994,76000.0,0.0,80000.0,12230000.0,0.0,160.9,0.0,0.0,0.0,0.0,0.0
2022,SOUTH DAKOTA,ROBERTS,324.2438534202632,0.2466604526494609,19212.11838,70.37406,7442.755320000001,27.26284,0.0,0.0,42228.97086958998,19.38122420991288,48451.23738,177.47706,126200.0,0.0,131500.0,19738000.0,0.0,156.4,0.0,4820.0,4900.0,235000.0,48.8
2022,KENTUCKY,CUMBERLAND,0.0065250981233085,1.5345396767852533e-07,93.23496,0.3415199999999999,345.32316,1.2649199999999998,0.0,0.0,11628.349911130596,5.336896736482813,606.2238000000001,2.2206,2350.0,0.0,2500.0,382000.0,0.0,162.6,0.0,0.0,0.0,0.0,0.0
2022,OHIO,LICKING,46.71680632458107,0.0355402934047141,19150.2675,70.1475,7232.68728,26.49336,0.0,0.0,23820.740308199485,10.932663033277606,35416.22448,129.72976,49200.0,0.0,51200.0,8949000.0,0.0,181.9,0.0,0.0,0.0,0.0,0.0
2023,NORTH CAROLINA,ONSLOW,275.3140288343766,0.2094602377635188,7382.138400000001,27.0408,4421.57898,16.19626,0.0,0.0,26504.20567374579,12.16425458851112,27052.73298,99.09426,10400.0,0.0,10700.0,1349000.0,0.0,129.7,0.0,0.0,0.0,0.0,0.0
2023,DELAWARE,KENT,391.0289808481488,0.2974801374444824,28364.49798,103.89926,11358.48168,41.60616,0.0,0.0,19963.614937831822,9.862074138039644,63287.26404,231.82148,56100.0,0.0,57000.0,10911000.0,0.0,194.5,0.0,0.0,0.0,0.0,0.0
2022,SOUTH DAKOTA,LAKE,141.78265394152675,0.1078802513684234,13248.75006,48.53022,5849.16696,21.42552,0.0,0.0,21473.42029419881,9.85534728186478,41420.47182,151.72334,121900.0,0.0,126000.0,19699000.0,0.0,161.6,0.0,0.0,0.0,0.0,0.0
2021,NORTH DAKOTA,STUTSMAN,2675.3570362698188,2.0354001610295662,31083.47424,113.85888,6728.40168,24.646159999999995,366.9191394262939,0.0,85339.76830510185,39.15827659441456,81862.01478000001,299.86086,231500.0,8200.0,242500.0,22849000.0,92000.0,98.7,11.0,58200.0,59400.0,2311000.0,39.7
2021,GEORGIA,ATKINSON,2860.052354452435,2.175880048979252,763.9359,2.7983,3748.75956,13.73172,83.13155623451972,0.0,12923.530711838075,5.929980831226521,24281.04042,88.94154,3200.0,0.0,3200.0,505000.0,0.0,157.8,0.0,0.0,0.0,0.0,0.0
2021,NEW YORK,LEWIS,0.0006176591588886,2.498273912040877e-07,2353.0962,8.6194,1645.8077999999998,6.028599999999999,296.7064927966945,0.0,48735.44952401378,24.06996490326112,11795.21616,43.20592,5070.0,19500.0,24900.0,759000.0,371000.0,149.7,19.0,0.0,0.0,0.0,0.0
2022,KENTUCKY,ESTILL,3.718772245651336e-05,1.2653749515953332e-07,300.9279,1.1023,1237.9458,4.5346,0.0,0.0,9588.688339916816,4.400782561545514,6185.07708,22.65596,350.0,0.0,500.0,52400.0,0.0,149.7,0.0,0.0,0.0,0.0,0.0
2022,NORTH CAROLINA,MARTIN,1123.607199638849,0.8548201361179044,13436.55222,49.21814,5574.67092,20.42004,0.0,0.0,17462.465691659065,8.62650035178544,31228.759380000003,114.39106,4350.0,0.0,4500.0,422000.0,0.0,97.0,0.0,0.0,0.0,0.0,0.0
2022,ILLINOIS,TAZEWELL,539.2485085446411,0.4102602390692145,34069.42812,124.79644,18004.721279999998,65.95136000000001,0.0,0.0,22675.56719609964,11.201785122906283,91145.06856,333.86472000000003,136900.0,0.0,139500.0,31473000.0,0.0,229.9,0.0,0.0,0.0,0.0,0.0
2021,IDAHO,BINGHAM,1211.714948657637,0.9218602098033832,84277.38228,308.70836,27098.875440000003,99.26328,512.5193250385076,0.0,78658.52525313383,38.84868121001541,55010.71758,201.50446,0.0,0.0,0.0,0.0,0.0,0.0,0.0,43200.0,45100.0,4575000.0,105.9
2023,WISCONSIN,PIERCE,99.06347593614647,0.0753801713998186,14919.13878,54.64886,7667.23776,28.08512,0.0,0.0,21593.06524740606,10.667026538059137,60788.0637,222.6669,76500.0,0.0,84600.0,15300000.0,0.0,200.0,0.0,0.0,0.0,0.0,0.0
2021,KANSAS,PAWNEE,104.87847793662324,0.0798001234820251,20969.33202,76.81074,13972.90986,51.18282,201.3918179142325,0.0,28190.05707363166,12.935048618307633,80260.06716,293.99292,54500.0,0.0,56900.0,9260000.0,0.0,169.9,0.0,0.0,0.0,0.0,0.0
2021,SOUTH CAROLINA,BARNWELL,999.7113889894048,0.7605600917451122,1093.3813799999998,4.00506,4411.70184,16.16008,230.2649116994795,0.0,20687.910440147058,10.21755791891868,28857.69432,105.70584,5330.0,0.0,5500.0,503000.0,0.0,94.4,0.0,0.0,0.0,0.0,0.0
2023,KANSAS,CLOUD,637.3960830190672,0.4849202139289655,15677.0523,57.4251,8207.81598,30.06526,0.0,0.0,26857.44315424215,13.267641976172472,37261.0875,136.4875,66500.0,0.0,75300.0,4622000.0,0.0,69.5,0.0,0.0,0.0,0.0,0.0
2021,KENTUCKY,LARUE,74.32243345722377,0.0565400436430468,4717.02504,17.27848,2858.05338,10.46906,179.09958884326537,0.0,9833.740837380956,4.512226261164252,17919.73092,65.64004,25000.0,0.0,27000.0,4755000.0,0.0,190.2,0.0,0.0,0.0,0.0,0.0
2023,GEORGIA,RABUN,4.24953885235684e-05,1.4515169644388257e-07,58.31826,0.21362,320.20716,1.1729199999999995,0.0,0.0,14232.051972931144,6.531880473865541,1842.26952,6.74824,180.0,0.0,200.0,21700.0,0.0,120.6,0.0,0.0,0.0,0.0,0.0
2022,MINNESOTA,MARTIN,252.60813336718843,0.1921803171986177,37056.98724,135.73988,13537.1691,49.5867,0.0,0.0,26846.04839628196,12.321145232861898,89427.52728,327.57336,203000.0,0.0,205500.0,45655000.0,0.0,224.9,0.0,0.0,0.0,0.0,0.0
2022,WISCONSIN,WAUPACA,58.89951800664012,0.0448203337181229,15829.102379999998,57.98206,8299.336500000001,30.4005,0.0,0.0,28315.972098771417,13.988158807829336,48762.9051,178.6187,36900.0,18400.0,55800.0,6469000.0,423000.0,175.3,23.0,0.0,0.0,0.0,0.0
2023,GEORGIA,WARE,67.14843668756613,0.0510802983303177,378.41076,1.38612,1996.2033,7.3121,0.0,0.0,33631.626421657915,15.435424515437902,13608.59682,49.84834,1260.0,0.0,2700.0,165000.0,0.0,131.0,0.0,0.0,0.0,0.0,0.0
2022,TEXAS,BURLESON,679.6942265871278,0.5171202276526429,7165.39278,26.246860000000005,20238.53832,74.13384,0.0,0.0,25062.768871095806,11.502699043081114,98018.31312,359.04144,8830.0,0.0,10000.0,792000.0,0.0,89.7,0.0,0.0,0.0,0.0,0.0
2022,KANSAS,RILEY,498.3976814170194,0.3791802132108382,4228.59528,15.48936,2057.03862,7.53494,0.0,0.0,22624.29078832932,11.17645445325863,8437.1469,30.9053,24200.0,0.0,25300.0,3601000.0,0.0,148.8,0.0,0.0,0.0,0.0,0.0
2021,MISSOURI,CLAY,479.36671738304153,0.3647000591533715,13316.92908,48.77996,4319.16576,15.82112,432.6495172262976,0.0,12091.225690076324,5.5480764635400845,20442.73686,74.88182,14900.0,0.0,15600.0,2298000.0,0.0,154.2,0.0,0.0,0.0,0.0,0.0
2022,INDIANA,ALLEN,293.5319830734149,0.2233201496359369,26515.37616,97.12592,8857.39218,32.444660000000006,0.0,0.0,20145.931052702155,9.952138740418002,48232.85376,176.67712,71600.0,0.0,73300.0,13225000.0,0.0,184.7,0.0,0.0,0.0,0.0,0.0
2022,OHIO,STARK,65.29362042191065,0.0496802043618886,10859.5578,39.7786,5928.32604,21.71548,0.0,0.0,16801.56976439556,7.711175147693225,31454.96718,115.21966,26100.0,0.0,29100.0,4143000.0,0.0,158.7,0.0,0.0,0.0,0.0,0.0
2021,PENNSYLVANIA,LUZERNE,4.94987450086383e-05,1.5923610415278785e-07,3737.24442,13.68954,1916.01774,7.0183800000000005,1838.1871881940203,0.0,31063.21960508796,15.34182228704681,11140.32738,40.80706,8130.0,0.0,9600.0,1282000.0,0.0,157.7,0.0,0.0,0.0,0.0,0.0
2023,IOWA,SCOTT,265.44020809632343,0.2019400943382305,22186.70454,81.26998,10897.3137,39.9169,0.0,0.0,15690.580919203583,7.201280554953253,73152.60498,267.95826,102900.0,0.0,104500.0,21619000.0,0.0,210.1,0.0,0.0,0.0,0.0,0.0
2021,INDIANA,FULTON,19.61060119778074,0.0149200681530874,21551.32434,78.94258,9485.8491,34.7467,194.78582592079448,0.0,13778.638611473834,6.322348332533696,60001.94382,219.78734,88700.0,0.0,90700.0,16410000.0,0.0,185.0,0.0,0.0,0.0,0.0,0.0
2021,OKLAHOMA,GRANT,3164.354781009657,2.407360070242913,19222.54152,70.41224,8653.679579999998,31.69846,144.01207872716284,0.0,37852.77632608543,18.69511836986193,57102.33438,209.16606,8040.0,0.0,9100.0,772000.0,0.0,96.0,0.0,0.0,0.0,0.0,0.0
2023,ILLINOIS,BOONE,218.5247598448862,0.1662200578322089,12881.78892,47.18604,5567.63298,20.39426,0.0,0.0,10238.189509655918,5.057690418190983,39904.47552000001,146.17024,69700.0,0.0,70500.0,14825000.0,0.0,212.7,0.0,0.0,0.0,0.0,0.0
2022,NEW YORK,ESSEX,140.49086807529986,0.1068809147426923,98.15988,0.3595599999999999,391.11072,1.43264,0.0,0.0,69382.67771525384,31.843571022277125,1311.61758,4.804460000000001,0.0,850.0,0.0,0.0,13600.0,0.0,16.0,0.0,0.0,0.0,0.0
2022,MISSOURI,DUNKLIN,19889.203032808942,15.13142004659008,39350.72778,144.14185999999998,24641.31852,90.26124,114333.09381432,0.0,20259.87862533139,9.298385492646071,104465.03886000002,382.65582,26800.0,0.0,28300.0,4864000.0,0.0,181.5,0.0,0.0,0.0,0.0,0.0
2022,NORTH CAROLINA,JACKSON,7.134828031738933e-05,2.427745524308494e-07,18.28008,0.06696,80.98818,0.2966599999999999,0.0,0.0,18396.835793116505,9.088081445271593,53.46978,0.19586,110.0,0.0,200.0,14400.0,0.0,130.9,0.0,0.0,0.0,0.0,0.0
2021,MISSISSIPPI,LOWNDES,1241.8888370216252,0.9448400512808706,7902.46548,28.94676,4191.03048,15.35176,319.197898496336,0.0,18880.782400899287,8.66347441828207,27319.36116,100.07092,12400.0,0.0,12600.0,2075000.0,0.0,167.3,0.0,0.0,0.0,0.0,0.0
2023,WISCONSIN,DODGE,378.58387501538897,0.2880202208643787,26128.99926,95.71062,13220.09052,48.42524,0.0,0.0,32691.558938460337,15.003975245206664,101462.91792,371.65904,113400.0,0.0,148500.0,22669000.0,0.0,199.9,0.0,0.0,0.0,0.0,0.0
2023,GEORGIA,JEFF DAVIS,3939.6516806007503,2.9972200728006904,876.0843,3.2091,3948.51912,14.46344,0.0,0.0,12460.167200039872,6.155352779635856,25907.53074,94.89938,6050.0,0.0,6500.0,919000.0,0.0,151.9,0.0,0.0,0.0,0.0,0.0
2023,TEXAS,ATASCOSA,761.3227725533327,0.5792003841339171,9962.75826,36.49362000000001,16854.19554,61.73698,0.0,0.0,45630.30595103865,22.54148167212889,105129.59184,385.09008,1800.0,0.0,1800.0,235000.0,0.0,130.6,0.0,0.0,0.0,0.0,0.0
2022,TENNESSEE,RUTHERFORD,1612.0910176990776,1.2264601273264144,7076.84796,25.92252,7459.32642,27.32354,0.0,0.0,19616.07483791347,9.690388486818158,29992.276859999994,109.86182,6200.0,0.0,6600.0,915000.0,0.0,147.6,0.0,0.0,0.0,0.0,0.0
2022,INDIANA,DELAWARE,39.44854592131559,0.0300201549704478,21224.27034,77.74458,6873.81786,25.178819999999995,0.0,0.0,13650.919346595265,6.743587224446002,38126.87424,139.65888,66400.0,0.0,67900.0,12244000.0,0.0,184.4,0.0,0.0,0.0,0.0,0.0
2023,TENNESSEE,WEAKLEY,341.1059872779506,0.2595001633612068,25820.78772,94.58164,10968.479340000002,40.17758,0.0,0.0,21490.51242678117,10.61636519625219,61235.28684,224.30508,72800.0,0.0,77600.0,11530000.0,0.0,158.4,0.0,0.0,0.0,0.0,0.0
2023,KENTUCKY,FULTON,1896.7098105320297,1.4429800271627735,14709.97164,53.88268,6327.95436,23.17932,0.0,0.0,8027.606577232157,3.965657094780472,34623.50892,126.82604,24900.0,0.0,25700.0,4507000.0,0.0,181.0,0.0,0.0,0.0,0.0,0.0
2022,ILLINOIS,KENDALL,202.2905719222242,0.1539201100946128,17061.533580000003,62.49646,7341.11196,26.89052,0.0,0.0,10352.137083737798,5.113980795807695,41233.71252,151.03924,69000.0,0.0,70300.0,15268000.0,0.0,221.3,0.0,0.0,0.0,0.0,0.0
2023,INDIANA,FRANKLIN,1.65574308932407,0.0012801471757903,6850.46544,25.09328,3442.51908,12.60996,0.0,0.0,14471.3418786193,6.641703924871087,21817.24272,79.91664,36300.0,0.0,37100.0,7202000.0,0.0,198.4,0.0,0.0,0.0,0.0,0.0
2022,IOWA,HOWARD,149.11584571927847,0.1134602244584946,20974.590000000004,76.83000000000001,8279.77878,30.32886,0.0,0.0,17838.492684879988,8.187076766806053,47555.79192,174.19704000000002,129200.0,4710.0,134500.0,28065000.0,113000.0,217.2,24.0,0.0,0.0,0.0,0.0
2021,OKLAHOMA,MAJOR,535.8635709780749,0.407680098105264,7527.87126,27.57462,4225.35204,15.47748,221.74643576342487,0.0,36045.64829788424,16.539598057347398,19861.22502,72.75174,5060.0,0.0,5800.0,1060000.0,0.0,209.5,0.0,0.0,0.0,0.0,0.0
2023,OHIO,WAYNE,4.735859568281463,0.0036002033313214,17217.11082,63.06634,9919.68978,36.33586,0.0,0.0,20134.53629851885,9.240858925246458,62685.15708,229.61596,48100.0,0.0,60800.0,9312000.0,0.0,193.6,0.0,0.0,0.0,0.0,0.0
2022,KANSAS,PAWNEE,94.08081876188054,0.0715603347562247,18690.92862,68.46494000000001,13377.63882,49.00234,0.0,0.0,28173.53764053864,12.930403904086448,66371.71632,243.11984,50900.0,0.0,56300.0,6363000.0,0.0,125.0,0.0,0.0,0.0,0.0,0.0
2021,PENNSYLVANIA,CAMERON,2.386368198853432e-05,7.676880999573033e-08,3.4070399999999985,0.0124799999999999,3.66912,0.0134399999999999,44.32282177518256,0.0,14975.78967035343,6.871662834083624,23.12856,0.0847199999999999,180.0,0.0,200.0,26600.0,0.0,147.8,0.0,0.0,0.0,0.0,0.0
2021,MICHIGAN,KENT,28.0571202248562,0.0213401293451564,17885.20188,65.51356,7398.56208,27.10096,620.7403591802253,0.0,25966.77653077051,11.914893113161591,46548.86418,170.50866000000002,33100.0,0.0,38600.0,5769000.0,0.0,174.3,0.0,0.0,0.0,0.0,0.0
2021,NORTH CAROLINA,MADISON,3.913166157663987,0.0029800837536629,36.42912,0.13344,131.76618,0.4826599999999999,128.3553221064863,0.0,16971.041432730257,7.787187002221939,170.69052,0.6252399999999999,230.0,0.0,300.0,35000.0,0.0,152.2,0.0,0.0,0.0,0.0,0.0
2021,MICHIGAN,MUSKEGON,2.2542868765234467,0.0017200865585134,4242.02142,15.53854,2364.96624,8.66288,932.2319989170288,0.0,16885.530643609713,8.339599489368828,18254.04126,66.86462,10800.0,0.0,14000.0,1706000.0,0.0,158.0,0.0,0.0,0.0,0.0,0.0
2022,PENNSYLVANIA,WYOMING,5.915123767708675e-05,2.012720585402189e-07,1070.23644,3.92028,1559.6217,5.7129,0.0,0.0,15251.8827596711,7.534467028590213,9637.85004,35.30348,2130.0,860.0,3100.0,153000.0,7700.0,71.8,9.0,0.0,0.0,0.0,0.0
2023,MISSOURI,GASCONADE,325.9589910297664,0.247980174102834,3139.4454,11.4998,2552.50086,9.34982,0.0,0.0,19416.666583778617,9.591880326240076,14829.87324,54.32188,8500.0,0.0,9100.0,965000.0,0.0,113.5,0.0,0.0,0.0,0.0,0.0
2022,OHIO,HURON,3.02772979080455,0.0023002374202712,20545.98546,75.26002,7735.8372,28.3364,0.0,0.0,18168.94065424969,8.338737724963021,40795.70586,149.43482,51400.0,0.0,55700.0,9319000.0,0.0,181.3,0.0,0.0,0.0,0.0,0.0
2021,NEBRASKA,GAGE,955.9428362538412,0.7272801222017717,30563.168999999994,111.953,16915.975440000002,61.96328,296.57706436369193,0.0,32248.9692222689,15.927452499722644,94570.68348,346.41276,179800.0,0.0,185000.0,30117000.0,0.0,167.5,0.0,0.0,0.0,0.0,0.0
2021,TEXAS,NAVARRO,144.49259783646926,0.1099401870206213,5648.7467400000005,20.69138,15062.8569,55.17530000000001,477.5884237313077,0.0,38753.48997507381,19.13997208785947,73873.42872,270.59864,20700.0,0.0,22200.0,1875000.0,0.0,90.6,0.0,0.0,0.0,0.0,0.0
2023,WISCONSIN,TREMPEALEAU,18.60404009035829,0.0141802736406116,14472.43434,53.01258,8265.31524,30.27588,0.0,0.0,27404.391515268067,12.5773999544972,59489.24436,217.90932,80900.0,7360.0,89500.0,11904000.0,144000.0,147.1,19.5,0.0,0.0,0.0,0.0
2022,ARKANSAS,LAWRENCE,28044.17064,21.33564,27247.60038,99.80806,13788.74952,50.50824,313619.8266462961,0.0,22373.60612671468,11.052615623176411,53834.08758,197.19446,9600.0,0.0,9800.0,1543000.0,0.0,160.7,0.0,0.0,0.0,0.0,0.0
2021,TENNESSEE,MADISON,605.0291058669284,0.4603000865119244,14716.04862,53.90494,5451.193020000001,19.96774,410.62458457086734,0.0,19507.861533713625,8.95121058885076,27204.89226,99.65162,29500.0,0.0,31000.0,5010000.0,0.0,169.8,0.0,0.0,0.0,0.0,0.0
2023,ILLINOIS,TAZEWELL,568.0492104714328,0.4321601504490132,35645.62092,130.57004,18704.01624,68.51288,0.0,0.0,22675.56719609964,11.20178512290629,119720.1096,438.5352,140000.0,0.0,141500.0,31079000.0,0.0,222.0,0.0,0.0,0.0,0.0,0.0
2022,INDIANA,VERMILLION,96.9076464086692,0.073720088568408,12605.93334,46.17558,5235.954360000001,19.17932,0.0,0.0,9702.635912691314,4.793125643995212,29521.55934,108.13758,43300.0,0.0,44300.0,8647000.0,0.0,199.7,0.0,0.0,0.0,0.0,0.0
2022,MISSOURI,LAFAYETTE,2756.883282925142,2.097420151400022,27141.2778,99.4186,13782.49236,50.48532,0.0,0.0,23541.56875923812,11.62959199285073,61485.45312,225.22144,99200.0,0.0,105000.0,16194000.0,0.0,163.2,0.0,0.0,0.0,0.0,0.0
2021,MICHIGAN,OAKLAND,0.0086671429692024,8.731831147312427e-08,3910.6977,14.3249,1652.89488,6.05456,1095.0943990425687,0.0,17033.749345139593,8.412803265648213,10685.90796,39.14252,1800.0,0.0,2000.0,298000.0,0.0,165.6,0.0,0.0,0.0,0.0,0.0
2023,MINNESOTA,SIBLEY,206.2198728798651,0.1568801577202239,36763.44672,134.66464,13086.81738,47.93706,0.0,0.0,21815.26300714751,10.776792769610909,73247.87652,268.30724,153700.0,730.0,154500.0,28081000.0,11700.0,182.7,16.0,480.0,500.0,31900.0,66.5
2022,MICHIGAN,EATON,82.39831384640581,0.0627002523169804,18574.14468,68.03716000000001,6628.9314,24.2818,0.0,0.0,20550.44494968472,10.151969585399351,38693.906160000006,141.73592000000002,44500.0,0.0,48900.0,8058000.0,0.0,181.1,0.0,0.0,0.0,0.0,0.0
2022,MINNESOTA,CROW WING,0.0001646600759173,5.602836684532536e-07,6318.29016,23.14392,2866.40172,10.49964,0.0,0.0,42456.86602196642,19.485817974657937,15835.63254,58.00598,9550.0,0.0,10200.0,1450000.0,0.0,151.8,0.0,0.0,0.0,0.0,0.0
2022,INDIANA,FRANKLIN,1.5809959171824088,0.0012001902458715,6595.909320000001,24.16084,3339.4179,12.2323,0.0,0.0,14471.3418786193,6.6417039248710825,16688.637420000003,61.13054,34300.0,0.0,35100.0,6370000.0,0.0,185.7,0.0,0.0,0.0,0.0,0.0
2021,OHIO,MEIGS,2.6062011268049816e-05,8.38407749526997e-08,380.64936,1.39432,1489.60812,5.456440000000001,156.28764617502517,0.0,16355.363741614576,7.504682399730803,8567.75556,31.383720000000004,3070.0,0.0,3200.0,474000.0,0.0,154.4,0.0,0.0,0.0,0.0,0.0
2023,IOWA,MUSCATINE,343.65945136869993,0.2614201066102292,21625.8315,79.2155,10247.48634,37.53658,0.0,0.0,16436.93752230739,7.543825124887839,66291.4434,242.8258,87300.0,0.0,88700.0,18499000.0,0.0,211.9,0.0,0.0,0.0,0.0,0.0
2021,NEBRASKA,PERKINS,0.1802933043070371,0.0001401714805394,28222.66356,103.37972,18673.70232,68.40184,163.9147337585251,0.0,33451.82101041359,15.34941664042827,129331.22748,473.74076,259000.0,0.0,269000.0,35457000.0,0.0,136.9,0.0,0.0,0.0,0.0,0.0
2022,ILLINOIS,HANCOCK,352.9737197665205,0.2685402731213474,37304.1123,136.6451,16147.09278,59.14686,0.0,0.0,30230.29134282402,14.933837151531812,84287.02464,308.74368,163000.0,0.0,166000.0,34915000.0,0.0,214.2,0.0,0.0,0.0,0.0,0.0
2023,WISCONSIN,LINCOLN,0.3410809667123222,0.000260312278598,12662.0403,46.3811,4033.6296,14.7752,0.0,0.0,33831.03466852952,15.526944054331224,15017.11302,55.007740000000005,6480.0,3930.0,10500.0,951000.0,71000.0,146.8,18.0,0.0,0.0,0.0,0.0
2023,OHIO,MUSKINGUM,2.1330731277025903,0.0016202498737993,7378.2345,27.0265,4407.372060000001,16.14422,0.0,0.0,24635.46546618243,12.169979615875777,29414.36862,107.74494,15700.0,0.0,17500.0,2854000.0,0.0,181.8,0.0,0.0,0.0,0.0,0.0
2023,TEXAS,MEDINA,812.6162450762054,0.618240429889303,9203.09208,33.71096,9867.10998,36.14326,0.0,0.0,49823.5766627834,24.6129675612766,66434.65374,243.35038,22800.0,0.0,24600.0,2875000.0,0.0,126.1,0.0,0.0,0.0,0.0,0.0
2022,KANSAS,ELLIS,3.2459507519608226,0.0024804448427328,6706.7091,24.5667,2999.46192,10.98704,0.0,0.0,33848.12681229726,16.721056637095057,21589.96476,79.08411999999998,3050.0,0.0,8900.0,224000.0,0.0,73.4,0.0,0.0,0.0,0.0,0.0
2022,KANSAS,LANE,9.988064834273349,0.0076003568996782,8780.17686,32.16182,4951.54842,18.13754,0.0,0.0,27045.45664870269,12.41266477430202,34192.31634,125.24658,8070.0,0.0,34900.0,568000.0,0.0,70.4,0.0,0.0,0.0,0.0,0.0
2021,INDIANA,ELKHART,767.6621447920704,0.5840200134262378,15652.89726,57.33662,8548.08318,31.31166,720.7457629632992,0.0,14719.257299358043,7.269698136734022,52126.33608,190.93896,34400.0,0.0,46800.0,6158000.0,0.0,179.0,0.0,0.0,0.0,0.0,0.0
2021,MISSOURI,RALLS,355.6376032694095,0.2705600764127115,20801.91204,76.19748,6810.940500000001,24.9485,188.11208232986172,0.0,18071.280261372056,8.92522970233181,35019.93768,128.27816,51400.0,0.0,53500.0,7582000.0,0.0,147.5,0.0,0.0,0.0,0.0,0.0
2021,ARKANSAS,CRITTENDEN,20739.502740209897,15.77836,44178.80922,161.82714,17253.74742,63.20054,130290.30246222,0.0,22688.86291850399,10.410817692862434,83960.86608,307.54896,21400.0,0.0,21900.0,4021000.0,0.0,187.9,0.0,0.0,0.0,0.0,0.0
2023,TEXAS,ELLIS,128.6614451932914,0.0978802921380262,3274.4002200000004,11.99414,3302.73216,12.09792,0.0,0.0,33682.90282550607,15.45895811001041,12550.28502,45.97174,55900.0,0.0,56400.0,5165000.0,0.0,92.4,0.0,0.0,0.0,0.0,0.0
2021,INDIANA,HENRY,39.28123928218309,0.0298800606006362,21413.63406,78.43822,7661.50476,28.06412,389.8508119143633,0.0,14354.411261804147,6.586542449121021,49540.60566,181.46742,73400.0,0.0,75100.0,14988000.0,0.0,204.2,0.0,0.0,0.0,0.0,0.0
2021,TEXAS,BEXAR,149.258146795527,0.1135601524657875,2758.1462999999994,10.1031,4840.3446,17.7302,1351.0565631843765,0.0,29769.15631393567,13.659620597467288,24135.92454,88.40998,6060.0,0.0,6900.0,448000.0,0.0,73.9,0.0,0.0,0.0,0.0,0.0
2021,COLORADO,PUEBLO,8.090540519020898,0.006160452138191,918.41022,3.36414,5111.63016,18.72392,928.0067199776925,0.0,88201.52941549919,40.47139983500553,29302.25844,107.33428,4670.0,0.0,5600.0,955000.0,0.0,204.5,0.0,0.0,0.0,0.0,0.0
2021,PENNSYLVANIA,WASHINGTON,4.785454005988384e-05,1.53946741959409e-07,2015.82654,7.38398,6181.55538,22.64306,557.7810507788586,0.0,30031.389416463608,14.832211384328536,45483.17046,166.60502000000002,2990.0,1240.0,4300.0,426000.0,24800.0,142.5,20.0,0.0,0.0,0.0,0.0
2022,MISSOURI,BATES,5047.02513806515,3.8397201333622366,22772.60622,83.41614,13385.78514,49.03218,0.0,0.0,31888.22853640388,14.635282229102218,49793.02692,182.39204,66100.0,0.0,70200.0,8130000.0,0.0,123.0,0.0,0.0,0.0,0.0,0.0
2022,COLORADO,KIT CARSON,0.0858152228452277,6.107259887450328e-05,30615.1482,112.1434,19682.55744,72.09728,0.0,0.0,81278.80442386444,37.30336542932356,126201.70836,462.27732,200500.0,0.0,255000.0,17076000.0,0.0,85.2,0.0,0.0,0.0,0.0,0.0
2021,WISCONSIN,CLARK,33.287650622287074,0.0253202267489157,17793.375600000003,65.1772,11927.419140000002,43.69018,394.54439565396353,0.0,45702.66683479395,22.57210300598303,90446.77278,331.30686,47100.0,33700.0,82200.0,7663000.0,691000.0,162.7,20.5,0.0,0.0,0.0,0.0
2023,COLORADO,WASHINGTON,0.5880431868644895,0.0004409672475215,18362.67342,67.26254,9591.161579999998,35.13246,0.0,0.0,94895.5395073287,46.878626386298485,82743.12228,303.08836,98900.0,0.0,108000.0,8760000.0,0.0,88.6,0.0,0.0,0.0,0.0,0.0
2022,GEORGIA,MITCHELL,37597.0298466562,28.60332002398993,3562.2186599999995,13.04842,18879.8337,69.1569,0.0,0.0,19029.24482983747,8.73357917557005,102915.96588,376.98156,11100.0,0.0,12200.0,2371000.0,0.0,213.6,0.0,0.0,0.0,0.0,0.0
2023,NORTH DAKOTA,KIDDER,120.1933418005036,0.0914404843662825,8594.121900000002,31.480300000000003,2698.07538,9.88306,0.0,0.0,51236.52657364156,23.51529267259523,25065.17286000001,91.81382,42800.0,9500.0,53900.0,5436000.0,176000.0,127.0,18.5,45400.0,47300.0,1997000.0,44.0
2023,MICHIGAN,GLADWIN,7.129197261151597,0.0054201953556863,13824.80736,50.64032,5381.82372,19.71364,0.0,0.0,19490.732504128227,8.945381544923585,15532.50972,56.89564,7870.0,0.0,8700.0,1201000.0,0.0,152.6,0.0,0.0,0.0,0.0,0.0
2023,TENNESSEE,MCMINN,223.7965000857768,0.1702601198805932,1190.23086,4.35982,3593.38434,13.16258,0.0,0.0,15838.712764260754,7.26926650020745,21792.6345,79.82650000000001,6060.0,0.0,6600.0,958000.0,0.0,158.1,0.0,0.0,0.0,0.0,0.0
2022,NORTH CAROLINA,YADKIN,232.08117553009595,0.1765601199627718,1120.14084,4.10308,3478.31484,12.741079999999998,0.0,0.0,12386.101276349167,6.118764033919472,16661.430239999998,61.03088,11100.0,0.0,11700.0,1652000.0,0.0,148.8,0.0,0.0,0.0,0.0,0.0
2023,OHIO,PAULDING,141.88114296205185,0.1079601472221168,22129.65846,81.06102,5961.81222,21.83814,0.0,0.0,15872.89704206348,7.841249588402521,41044.85112000001,150.34744,61100.0,0.0,66300.0,11242000.0,0.0,184.0,0.0,0.0,0.0,0.0,0.0
2023,ILLINOIS,PIATT,220.2000372137817,0.167540110430489,27310.93092,100.04004,11668.78986,42.74282,0.0,0.0,16465.424415174173,8.133959546024562,79001.14404,289.38148,123800.0,0.0,125000.0,27632000.0,0.0,223.2,0.0,0.0,0.0,0.0,0.0
2023,IOWA,ALLAMAKEE,111.85067842094044,0.085100196798053,13833.16116,50.67092,7491.2838,27.440600000000003,0.0,0.0,23809.34555880992,11.761874380486828,51650.191320000005,189.19484,78000.0,10000.0,93200.0,14344000.0,175000.0,183.9,17.5,0.0,0.0,0.0,0.0
2021,IDAHO,WASHINGTON,61.29278469046639,0.0466202715557903,3636.73674,13.32138,2105.79642,7.71354,159.6944971283387,0.0,54840.91991576769,25.163835728686728,8055.79866,29.50842,0.0,0.0,0.0,0.0,0.0,0.0,0.0,290.0,600.0,24200.0,83.4
2023,NEBRASKA,NEMAHA,976.9772653455022,0.7432400840622508,20147.73852,73.80124,9301.33386,34.07082,0.0,0.0,15542.449066737918,7.6780074881328915,57874.908,211.996,94700.0,0.0,95300.0,17984000.0,0.0,189.9,0.0,0.0,0.0,0.0,0.0
2023,ILLINOIS,CARROLL,106.54491862466894,0.0810601308224136,20344.8882,74.5234,11629.50516,42.59892,0.0,0.0,17080.74132497811,8.437927589977171,81434.38212,298.29444,125500.0,0.0,127000.0,28803000.0,0.0,229.5,0.0,0.0,0.0,0.0,0.0
2021,ILLINOIS,COOK,13.859948766045598,0.0105400282685867,1504.7214,5.511800000000001,680.08122,2.49114,785.5278257595409,0.0,5598.10637795262,2.7648503370354094,3975.6171,14.5627,2860.0,0.0,2900.0,487000.0,0.0,170.3,0.0,0.0,0.0,0.0,0.0
2021,CALIFORNIA,KINGS,61345.57728416706,46.67092001274407,16247.05992,59.51304,59050.992,216.304,1143.3639791801186,0.0,50662.29265538489,25.02161400056428,265864.89384,973.86408,0.0,46300.0,0.0,0.0,1236000.0,0.0,26.5,0.0,0.0,0.0,0.0
2021,MINNESOTA,PENNINGTON,5260.60410233727,4.0022000007517065,35804.02098,131.15026,10805.7495,39.5815,207.35636147535465,0.0,23652.284482808707,11.681633450464693,25036.19118,91.70766,0.0,0.0,0.0,0.0,0.0,0.0,0.0,80800.0,84100.0,2998000.0,37.1
2022,KENTUCKY,KENTON,1.5820801709573898e-05,5.383294505562037e-08,510.73386,1.87082,444.30204,1.62748,0.0,0.0,4079.3231437640015,1.8722283504879644,1819.30476,6.66412,350.0,0.0,400.0,54000.0,0.0,154.3,0.0,0.0,0.0,0.0,0.0
2021,PENNSYLVANIA,ELK,4.976218117657752e-05,1.6008357107479282e-07,358.39986,1.31282,282.5004,1.0348,287.44601828191435,0.0,31228.54047403505,14.329261138256788,2015.17134,7.38158,800.0,460.0,1300.0,121600.0,9400.0,152.0,20.5,0.0,0.0,0.0,0.0
2022,PENNSYLVANIA,SUSQUEHANNA,0.0001203353158176,4.094611994754176e-07,1286.19582,4.71134,2967.8922,10.8714,0.0,0.0,31027.924364302464,15.32786979628404,19822.3662,72.6094,0.0,1900.0,0.0,0.0,23800.0,0.0,12.5,0.0,0.0,0.0,0.0
2022,NORTH CAROLINA,CALDWELL,6.441010751760096e-05,2.191662497687041e-07,256.81656,0.94072,1156.5044400000002,4.23628,0.0,0.0,16607.858888078685,8.204322520664732,5592.12654,20.48398,1310.0,0.0,1400.0,209000.0,0.0,159.5,0.0,0.0,0.0,0.0,0.0
2021,TEXAS,CARSON,5.573037266925071e-05,1.7928307930404676e-07,16954.992599999998,62.1062,12591.6336,46.1232,352.4614883290474,0.0,34973.91306782044,17.273275783725893,71691.82566,262.60742,27400.0,0.0,30700.0,6039000.0,0.0,220.4,0.0,0.0,0.0,0.0,0.0
2021,PENNSYLVANIA,BLAIR,7.261229506323723,0.0055200950039592,4169.01576,15.27112,2501.52084,9.16308,405.018738407971,0.0,18533.038522332303,8.503911634700826,16348.86162,59.885940000000005,10100.0,15500.0,26400.0,1845000.0,341000.0,182.7,22.0,0.0,0.0,0.0,0.0
2022,TEXAS,DEAF SMITH,49.21634880149156,0.0374407084753321,24535.58562,89.87394,22275.87726,81.59662,0.0,0.0,55925.46924207017,27.627317276329528,106519.16184000002,390.18008,13100.0,0.0,37400.0,2201000.0,0.0,168.0,0.0,0.0,0.0,0.0,0.0
2022,INDIANA,ADAMS,27.154904139940605,0.0206601497855175,16199.83092,59.34004,5857.58082,21.45634,0.0,0.0,12517.140986645016,5.744812410381448,29862.19236,109.38532,59700.0,0.0,61300.0,11140000.0,0.0,186.6,0.0,0.0,0.0,0.0,0.0
2021,SOUTH DAKOTA,FAULK,7.772759722654552,0.0059201920339479,10197.05778,37.35186,3924.08016,14.37392,245.8917367753691,0.0,37619.04682482445,17.26155425590302,35915.17566,131.55741999999998,135400.0,0.0,149000.0,12538000.0,0.0,92.6,0.0,0.0,0.0,0.0,0.0
2023,ARKANSAS,ARKANSAS,20800.21849243929,15.824540009114592,73918.01508,270.76196,41588.75448,152.33976,308698.93416600005,0.0,38508.58258573824,17.673731036566604,172272.02538,631.0330600000001,56400.0,0.0,57400.0,10400000.0,0.0,184.4,0.0,0.0,0.0,0.0,0.0
2021,NORTH CAROLINA,JACKSON,2.933225318479721e-05,9.436105344398514e-08,18.41112,0.06744,75.74112,0.27744,298.7467635476041,0.0,18407.62269896713,8.446364402054355,57.20442,0.20954,110.0,0.0,200.0,17600.0,0.0,160.0,0.0,0.0,0.0,0.0,0.0
2021,NEBRASKA,CHASE,5.376822751063261e-05,1.729709121817071e-07,27795.10188,101.81356,21544.24818,78.91666,138.99666353138448,0.0,33742.55768803097,16.665121328099698,132145.91208,484.05096,159800.0,0.0,167500.0,29132000.0,0.0,182.3,0.0,0.0,0.0,0.0,0.0
2022,NORTH CAROLINA,LENOIR,1592.9182390524102,1.2118600642151782,15396.68676,56.398120000000006,7185.1689,26.3193,0.0,0.0,14767.60557033154,7.295232923970338,40314.15024,147.67087999999998,18500.0,0.0,18700.0,2499000.0,0.0,135.1,0.0,0.0,0.0,0.0,0.0
2023,VIRGINIA,FREDERICK,5.931463424325268,0.0045201342705246,1048.4565,3.8405,4274.2791,15.6567,0.0,0.0,14630.868480910338,6.714919558185861,27378.82602,100.28874,2050.0,0.0,3800.0,214000.0,0.0,104.4,0.0,0.0,0.0,0.0,0.0
2023,VIRGINIA,NORTHAMPTON,285.9091899431248,0.2175200326139852,8531.47932,31.25084,2559.21666,9.37442,0.0,0.0,6250.024425215524,2.868483939061954,11633.39814,42.61318,6250.0,0.0,7600.0,1120000.0,0.0,179.2,0.0,0.0,0.0,0.0,0.0
2023,MISSISSIPPI,CHICKASAW,1733.0716536485695,1.318480095079838,5843.79432,21.40584,4713.350460000001,17.26502,0.0,0.0,19126.100267850645,9.448339862319973,17715.53238,64.89206,6910.0,0.0,7100.0,1051000.0,0.0,152.1,0.0,0.0,0.0,0.0,0.0
2021,MISSOURI,ST CHARLES,764.1869665547337,0.5814000886058028,15403.135020000002,56.42174,6180.56712,22.63944,1051.2779961386257,0.0,17472.704733458424,8.017375936142518,33897.20334,124.16558,37800.0,0.0,39500.0,6914000.0,0.0,182.9,0.0,0.0,0.0,0.0,0.0
2021,KANSAS,MORRIS,84.24712088992814,0.0641001328721612,3739.84884,13.69908,1624.71582,5.95134,97.22957996495634,0.0,26542.54917615893,12.179087227481324,6666.29964,24.41868,20500.0,0.0,21600.0,2481000.0,0.0,121.0,0.0,0.0,0.0,0.0,0.0
2023,SOUTH DAKOTA,CAMPBELL,0.5045036022433234,0.0003802585436329,3908.62836,14.31732,1737.66138,6.36506,0.0,0.0,28025.405781143847,12.86241795225192,18178.26738,66.58706,71900.0,0.0,78000.0,11605000.0,0.0,161.4,0.0,0.0,0.0,0.0,0.0
2023,KANSAS,SALINE,1366.6424124527657,1.0397200833036222,9367.438079999998,34.31296,4714.37148,17.26876,0.0,0.0,26156.66557949276,12.921456156721646,18854.919719999994,69.06564,11400.0,0.0,15500.0,1176000.0,0.0,103.2,0.0,0.0,0.0,0.0,0.0
2022,GEORGIA,BURKE,5182.868211454807,3.943080177728633,2208.6519,8.0903,8291.5287,30.3719,0.0,0.0,31329.885427586305,14.379027512133828,45486.987,166.619,20000.0,0.0,21000.0,3713000.0,0.0,185.7,0.0,0.0,0.0,0.0,0.0
2023,KANSAS,HARPER,2172.600272110493,1.6529000799153624,15259.58616,55.89592,6844.50312,25.07144,0.0,0.0,29991.00143103474,14.815627355465338,46106.74068,168.88916,2520.0,0.0,2800.0,256000.0,0.0,101.6,0.0,0.0,0.0,0.0,0.0
2023,MARYLAND,KENT,76.55558553998678,0.058240076879831,11309.92044,41.42828,4822.09182,17.66334,0.0,0.0,10175.518344651731,4.67011149996542,32532.54186,119.16682,40500.0,0.0,41700.0,7497000.0,0.0,185.1,0.0,0.0,0.0,0.0,0.0
2023,IOWA,CHICKASAW,183.2942274504408,0.1394401428895484,23631.1257,86.5609,9874.70484,36.17108,0.0,0.0,18892.507747679498,8.670822920976569,69546.55344,254.74928,136100.0,7370.0,147000.0,27070000.0,129000.0,198.9,17.5,0.0,0.0,0.0,0.0
2022,ILLINOIS,JEFFERSON,386.8111648901851,0.2942801546163275,24118.99308,88.34796,7808.8374,28.6038,0.0,0.0,20989.143105876108,9.633085536590102,36610.70322,134.10514,47100.0,0.0,47900.0,7649000.0,0.0,162.4,0.0,0.0,0.0,0.0,0.0
2021,ILLINOIS,SCOTT,298.82959122943885,0.2273600364929326,14594.42166,53.45942,6692.19642,24.51354,101.932938609717,0.0,9531.602712701511,4.707565950602493,40647.88182,148.89334,49200.0,0.0,49900.0,9333000.0,0.0,189.7,0.0,0.0,0.0,0.0,0.0
2022,MICHIGAN,TUSCOLA,122.27326859061588,0.0930203672502862,84168.6846,308.3102,31020.68424,113.62888,0.0,0.0,30321.44939430333,14.978869449778786,55147.8018,202.0066,73200.0,0.0,79100.0,12387000.0,0.0,169.2,0.0,0.0,0.0,0.0,0.0
2021,KANSAS,STAFFORD,912.9767727847886,0.6945601103387592,27255.71394,99.83778,20236.98768,74.12816,133.4259755196269,0.0,29883.17070276793,14.759007602040583,109983.30798,402.86926,62800.0,0.0,65600.0,12158000.0,0.0,193.6,0.0,0.0,0.0,0.0,0.0
2022,TENNESSEE,DYER,3107.5366567345827,2.364200127717289,28559.43636,104.61332,8291.217480000001,30.37076,0.0,0.0,19000.75793624436,8.72050495518526,35488.4712,129.9944,32500.0,0.0,33500.0,3510000.0,0.0,108.0,0.0,0.0,0.0,0.0,0.0
2021,KENTUCKY,BRECKINRIDGE,11.301574141526372,0.0086001096850604,3054.27486,11.18782,1769.3020800000002,6.48096,201.01740047117264,0.0,21788.14925992251,10.76095517975961,7898.79636,28.93332,22000.0,0.0,23000.0,3785000.0,0.0,172.0,0.0,0.0,0.0,0.0,0.0
2023,KANSAS,GEARY,213.14337000181607,0.1621601003980002,2465.91618,9.032660000000002,1198.3062,4.3894,0.0,0.0,13981.367310880703,6.90682931926179,5122.68666,18.76442,11800.0,0.0,13200.0,1468000.0,0.0,124.4,0.0,0.0,0.0,0.0,0.0
2023,INDIANA,MARSHALL,58.49236344163437,0.0444801323594336,21629.86098,79.23026,10151.63604,37.18548,0.0,0.0,16567.977244079153,8.184620891921893,70547.97750000001,258.4175,83100.0,0.0,93500.0,16362000.0,0.0,196.9,0.0,0.0,0.0,0.0,0.0
2023,INDIANA,VANDERBURGH,89.3985133383143,0.068000039392086,10595.8671,38.8127,4565.55372,16.72364,0.0,0.0,6569.077631540773,3.0149152064915423,28439.19624,104.17288,27100.0,0.0,27800.0,5051000.0,0.0,186.4,0.0,0.0,0.0,0.0,0.0
2021,MISSOURI,HOWARD,1547.3326963811,1.1771800557000085,19024.51278,69.68686,8884.299060000001,32.54322,119.2306973140681,0.0,17535.412647175912,8.660569895302846,45150.76566,165.38742,39200.0,0.0,41000.0,5065000.0,0.0,129.2,0.0,0.0,0.0,0.0,0.0
2023,INDIANA,VIGO,255.1048381584412,0.1941000612688985,17170.40598,62.89526,6921.822180000001,25.35466,0.0,0.0,14277.631002447682,6.55279922637453,46886.5215,171.7455,46800.0,0.0,48000.0,9304000.0,0.0,198.8,0.0,0.0,0.0,0.0,0.0
2022,MICHIGAN,MIDLAND,26.246173741283982,0.0199602510449768,15465.35718,56.64966,5624.24772,20.60164,0.0,0.0,19023.54744896892,8.730964330506373,13586.57664,49.76768,19400.0,0.0,22500.0,3482000.0,0.0,179.5,0.0,0.0,0.0,0.0,0.0
2023,PENNSYLVANIA,BEDFORD,4.065353671963126,0.003100351649849,7870.27332,28.82884,5685.0612,20.8244,0.0,0.0,38075.5818008279,17.47500288566443,39428.4072,144.42639999999997,18700.0,8100.0,27100.0,2934000.0,174000.0,156.9,21.5,0.0,0.0,0.0,0.0
2022,LOUISIANA,RAPIDES,3669.743170963162,2.791900240308579,24649.486680000005,90.29116,11148.10242,40.83554,150607.154138652,0.0,49772.30025152673,22.84327774875061,33933.583320000005,124.29884,4250.0,0.0,4500.0,699000.0,0.0,164.5,0.0,0.0,0.0,0.0,0.0
2021,NORTH CAROLINA,CURRITUCK,7.648154367016149,0.005800046122952,10506.421380000002,38.48506,3084.14652,11.29724,237.21342911376564,0.0,9326.376817620334,4.606206875430521,12491.26788,45.75556,9750.0,0.0,9900.0,1524000.0,0.0,156.3,0.0,0.0,0.0,0.0,0.0
2022,ALABAMA,CALHOUN,0.0217439170870876,2.028554110654509e-05,662.99142,2.4285400000000004,1803.70554,6.60698,0.0,0.0,21638.644273436235,10.689542687326137,9405.60348,34.45276,2240.0,0.0,2300.0,319000.0,0.0,142.4,0.0,0.0,0.0,0.0,0.0
2021,INDIANA,DUBOIS,68.54041994988619,0.0521400622056822,8635.907280000001,31.63336,3383.42004,12.393479999999998,371.1669200852471,0.0,15705.481743280976,7.206483101210367,17121.88842,62.71754,52500.0,0.0,53700.0,10038000.0,0.0,191.2,0.0,0.0,0.0,0.0,0.0
2022,SOUTH DAKOTA,LINCOLN,85.01791390710311,0.0647002523302029,18301.39038,67.03806,7786.53876,28.52212,0.0,0.0,21131.57757238897,10.439050508718609,53504.76768,195.98816,119400.0,0.0,141000.0,15809000.0,0.0,132.4,0.0,0.0,0.0,0.0,0.0
2021,NORTH CAROLINA,NORTHAMPTON,425.59550584481326,0.3237800810218633,17766.50148,65.07876,6938.294999999999,25.415,524.769342179797,0.0,20602.399650735817,10.17532497103206,44730.85344,163.84928,14400.0,0.0,14700.0,2232000.0,0.0,155.0,0.0,0.0,0.0,0.0,0.0
2021,NEW YORK,FRANKLIN,47.98275982363785,0.0365003218328528,3987.43254,14.60598,2566.56582,9.40134,339.456128446354,0.0,62782.02193887928,31.007430512772583,7951.49082,29.12634,9430.0,9080.0,18700.0,1192000.0,191000.0,126.4,21.0,0.0,0.0,0.0,0.0
2022,SOUTH CAROLINA,ALLENDALE,902.687332075444,0.6867201812808659,1051.41582,3.85134,3886.2096,14.2352,0.0,0.0,15496.870036785584,7.655491336928324,22359.15318,81.90166,6500.0,0.0,6800.0,491000.0,0.0,75.5,0.0,0.0,0.0,0.0,0.0
2023,NEW YORK,WAYNE,11.08398434965936,0.0084201980881362,12033.9219,44.0803,4773.7599,17.4863,0.0,0.0,22134.316215506464,10.934405827396985,30010.4532,109.9284,22600.0,1070.0,23800.0,3645000.0,21400.0,161.3,20.0,0.0,0.0,0.0,0.0
2021,SOUTH CAROLINA,FLORENCE,77.43783896493348,0.058920126370767,25155.57408,92.14496,6729.19884,24.64908,411.38988846442817,0.0,28492.19519339828,13.073685133246824,43047.08772,157.68164,21700.0,0.0,22600.0,2988000.0,0.0,137.7,0.0,0.0,0.0,0.0,0.0
2023,IOWA,TAMA,499.1618270426146,0.3797401368463622,39746.55048,145.59176000000002,16417.91424,60.13888,0.0,0.0,26982.785488463192,13.32956139289997,113749.07544,416.66328,162200.0,0.0,165500.0,32018000.0,0.0,197.4,0.0,0.0,0.0,0.0,0.0
2022,NORTH CAROLINA,ONSLOW,261.8751280389128,0.1992203015661382,7036.88622,25.77614,4304.00334,15.76558,0.0,0.0,26504.205673745782,12.164254588511112,20954.0331,76.7547,7620.0,0.0,7800.0,888000.0,0.0,116.5,0.0,0.0,0.0,0.0,0.0
2022,ILLINOIS,MONTGOMERY,669.7895377813687,0.5095601971935438,42865.297020000005,157.01574000000002,19482.7269,71.36529999999999,0.0,0.0,26242.126263467897,12.04397176591798,100441.28094,367.91678,154100.0,0.0,157000.0,32947000.0,0.0,213.8,0.0,0.0,0.0,0.0,0.0
2023,ILLINOIS,MADISON,142.2735056868136,0.108240202118128,32867.27808,120.39296,13038.98232,47.76184000000001,0.0,0.0,24253.741094998262,11.1313911850465,86576.30436,317.12932,107200.0,0.0,108500.0,20293000.0,0.0,189.3,0.0,0.0,0.0,0.0,0.0
2023,NORTH CAROLINA,CLEVELAND,5.086517681882133e-05,1.5732950002787538e-07,1226.9712,4.494400000000001,2696.39916,9.876919999999998,0.0,0.0,17035.162290522567,8.415411436548014,11808.20004,43.25348,6000.0,0.0,6900.0,851000.0,0.0,141.8,0.0,0.0,0.0,0.0,0.0
2021,GEORGIA,MITCHELL,41986.55850641924,31.942820023394447,3995.31132,14.63484,19785.06348,72.47276,211.3012602860866,0.0,19040.402546017376,9.403869780677391,122743.13142,449.60854,13200.0,0.0,14100.0,2581000.0,0.0,195.5,0.0,0.0,0.0,0.0,0.0
2023,ALABAMA,FRANKLIN,98.9373027366142,0.0752601908207154,3710.92722,13.59314,2848.66218,10.43466,0.0,0.0,24065.727595191976,11.045101329546846,20727.98364,75.92668,4080.0,0.0,4200.0,658000.0,0.0,161.3,0.0,0.0,0.0,0.0,0.0
2023,MICHIGAN,TUSCOLA,131.31457666776015,0.0999002293407149,90278.17344,330.68928,31187.378040000003,114.23948,0.0,0.0,30321.449394303338,14.978869449778792,68375.29608,250.45896,79000.0,0.0,83100.0,14357000.0,0.0,181.7,0.0,0.0,0.0,0.0,0.0
2021,MISSISSIPPI,PANOLA,2491.557736962279,1.8955400494477983,26794.30026,98.14762,12224.65062,44.778940000000006,21590.825983308,0.0,26132.097382566302,12.906388942550764,56429.03994,206.69978,16800.0,0.0,17100.0,2797000.0,0.0,166.5,0.0,0.0,0.0,0.0,0.0
2023,KENTUCKY,CRITTENDEN,116.97891115971804,0.089020105958897,6333.99858,23.20146,2927.50458,10.72346,0.0,0.0,13838.932843786786,6.351456233675513,15835.23396,58.00452,21200.0,0.0,22000.0,3610000.0,0.0,170.3,0.0,0.0,0.0,0.0,0.0
2021,NEBRASKA,WASHINGTON,221.1151941981032,0.1682200449972132,19480.848660000003,71.35842,10204.86012,37.38044,244.38721927838247,0.0,14542.535001067046,7.182416711015521,57532.98642,210.74354,79200.0,0.0,81500.0,16188000.0,0.0,204.4,0.0,0.0,0.0,0.0,0.0
2022,MINNESOTA,LINCOLN,280.5228586382349,0.2134202008560668,14109.49176,51.68312,6353.92212,23.274439999999995,0.0,0.0,20652.997756872617,9.478809733936156,43559.97828,159.56036,0.0,6350.0,0.0,0.0,117000.0,0.0,18.5,0.0,0.0,0.0,0.0
2022,NORTH DAKOTA,OLIVER,11.931647342317644,0.009080365215689,2791.33218,10.22466,1005.66648,3.68376,0.0,0.0,27712.04995424901,13.689819805527849,9816.59406,35.958220000000004,0.0,0.0,0.0,0.0,0.0,0.0,0.0,52200.0,52600.0,2579000.0,49.4
2021,PENNSYLVANIA,LANCASTER,471.585933005959,0.3587801071294421,25306.33014,92.69718,15366.3783,56.2871,546.3396241382502,0.0,30789.58507873942,14.127845817791602,100017.918,366.366,61300.0,29500.0,92300.0,12953000.0,734000.0,211.3,25.0,0.0,0.0,0.0,0.0
2023,INDIANA,MONTGOMERY,294.76809231364655,0.224240108833563,29008.80528,106.25936,12103.44408,44.33496,0.0,0.0,18698.796874848973,8.581918224013425,81753.44268,299.46316,112500.0,0.0,114000.0,25650000.0,0.0,228.0,0.0,0.0,0.0,0.0,0.0
2021,MARYLAND,ANNE ARUNDEL,1.5460977060775807e-05,4.97375388633371e-08,1867.54386,6.840820000000001,853.23966,3.12542,402.5633468175682,0.0,9702.624292076336,4.4520632439788,5467.30002,20.02674,3440.0,0.0,3800.0,578000.0,0.0,168.0,0.0,0.0,0.0,0.0,0.0
2022,WISCONSIN,CLARK,31.235393381850304,0.0237605895983417,16768.206,61.422,11878.27368,43.51016,0.0,0.0,45675.88497532564,20.96320486773853,76671.41118000001,280.84766,42900.0,35300.0,79000.0,6385000.0,812000.0,148.8,23.0,0.0,0.0,0.0,0.0
2022,SOUTH DAKOTA,AURORA,66.98007282654497,0.0509403151621264,10916.22168,39.98616,5193.95058,19.02546,0.0,0.0,26743.495586304965,12.274078042670157,36592.43406,134.03822,77300.0,0.0,88400.0,8387000.0,0.0,108.5,0.0,0.0,0.0,0.0,0.0
2021,ILLINOIS,GREENE,672.4984375231504,0.5116400548560557,33670.99008,123.33696,15441.10386,56.56082,141.78347389323213,0.0,20362.969428988887,10.057072711321416,93155.14572,341.22764,105000.0,0.0,107000.0,20622000.0,0.0,196.4,0.0,0.0,0.0,0.0,0.0
2022,KENTUCKY,DAVIESS,482.9058878242189,0.367400094328624,25425.09606,93.13222,10919.36118,39.99766,0.0,0.0,16607.858888078685,8.204322520664732,48319.65138,176.99506,60000.0,0.0,61500.0,10600000.0,0.0,176.7,0.0,0.0,0.0,0.0,0.0
2021,OHIO,PAULDING,146.53508036720703,0.1114600645596368,22952.13102,84.07374,5778.72204,21.16748,191.58422796590136,0.0,15882.204047240615,7.287572386971178,37527.40446,137.46302,57400.0,0.0,62800.0,10906000.0,0.0,190.0,0.0,0.0,0.0,0.0,0.0
2023,IOWA,HANCOCK,382.9380490276475,0.2913201660398428,32722.893840000004,119.86408000000002,12806.14608,46.90896,0.0,0.0,21724.10495900929,10.731760473014443,99232.2786,363.4882,182100.0,0.0,184000.0,37312000.0,0.0,204.9,0.0,0.0,0.0,0.0,0.0
2022,MINNESOTA,RED LAKE,1938.277821924528,1.474620072297992,15847.2951,58.0487,3956.71458,14.49346,0.0,0.0,15946.96296216614,7.877838332346396,14447.574959999998,52.92152,18900.0,3160.0,22100.0,3126000.0,66000.0,165.4,21.0,60100.0,62200.0,3612000.0,60.1
2023,MICHIGAN,INGHAM,15.71321174788277,0.0119601763917675,13885.36422,50.86214,4972.5585,18.2145,0.0,0.0,18100.572105907475,8.941726466137654,37254.56826,136.46362,40600.0,0.0,52700.0,7316000.0,0.0,180.2,0.0,0.0,0.0,0.0,0.0
2021,MICHIGAN,IONIA,34.81179218270408,0.0265001036707385,14877.02034,54.49458,5811.04524,21.28588,427.6022852327418,0.0,21115.46438255209,9.688861490171783,40011.73722,146.56314,59000.0,0.0,74900.0,10266000.0,0.0,174.0,0.0,0.0,0.0,0.0,0.0
2023,INDIANA,NOBLE,135.10587205294306,0.1027801091201198,16457.985180000003,60.28566,7452.37584,27.29808000000001,0.0,0.0,15303.159168022472,7.559797698524916,51948.14898,190.28626,62100.0,0.0,62500.0,12128000.0,0.0,195.3,0.0,0.0,0.0,0.0,0.0
2023,NORTH DAKOTA,LOGAN,159.67588587818304,0.1214803270631254,8352.09648,30.59376,2258.04306,8.27122,0.0,0.0,37614.094124837546,17.26320051553086,24776.99406,90.75822,64000.0,7680.0,72300.0,8915000.0,154000.0,139.3,20.0,31100.0,31500.0,1398000.0,45.0
2023,NORTH CAROLINA,CALDWELL,4.958929445562929e-05,1.5338310788201904e-07,271.65138,0.99506,1189.3681800000002,4.35666,0.0,0.0,16607.858888078685,8.204322520664737,7278.36564,26.66068,1640.0,0.0,1800.0,288000.0,0.0,175.6,0.0,0.0,0.0,0.0,0.0
2022,MICHIGAN,LENAWEE,166.1333134803792,0.126380319343349,32994.583439999995,120.85928,11283.8271,41.3327,0.0,0.0,27740.53685272301,13.70389240237908,58428.61206,214.02422,83100.0,0.0,97900.0,15680000.0,0.0,188.7,0.0,0.0,0.0,0.0,0.0
2023,PENNSYLVANIA,CLARION,6.709440047532778e-05,2.291746561036332e-07,4975.878180000001,18.22666,2478.15204,9.07748,0.0,0.0,22470.46156850474,10.312944994665688,20254.39962,74.19194,7960.0,0.0,9800.0,1308000.0,0.0,164.3,0.0,0.0,0.0,0.0,0.0
2021,MISSOURI,COLE,943.9652591568638,0.718160063955238,5369.33124,19.66788,4066.51518,14.89566,312.31623599220865,0.0,13852.747962529476,6.84173759611082,19950.41958,73.07846,5210.0,0.0,5700.0,672000.0,0.0,129.0,0.0,0.0,0.0,0.0,0.0
2021,NORTH CAROLINA,CAMDEN,180.5566280805253,0.1373600248003964,17435.19414,63.86518,5066.99466,18.56042,55.73695843063993,0.0,8984.333657795098,4.437275082807222,17882.55924,65.50388,19200.0,0.0,19600.0,3257000.0,0.0,169.6,0.0,0.0,0.0,0.0,0.0
2023,OHIO,CHAMPAIGN,147.4807004911456,0.1122001396446863,22007.24526,80.61262,8147.48844,29.84428,0.0,0.0,15952.6603380521,7.880652849835071,58425.150420000005,214.01154,85100.0,0.0,89000.0,17301000.0,0.0,203.3,0.0,0.0,0.0,0.0,0.0
2021,MICHIGAN,LEELANAU,2.1937872860043e-05,7.057353488503173e-08,1258.75386,4.61082,1135.84926,4.16062,154.87291651538865,0.0,13767.237173408928,6.317116766123489,7293.6864,26.7168,2050.0,0.0,2400.0,232000.0,0.0,113.2,0.0,0.0,0.0,0.0,0.0
2021,PENNSYLVANIA,MONROE,1.2681329894844335,0.0009601059990457,898.3884,3.2908,671.95128,2.46136,654.1368433495493,0.0,20881.73489044817,9.581614373360354,4153.25274,15.21338,2680.0,0.0,3000.0,327000.0,0.0,122.0,0.0,0.0,0.0,0.0,0.0
2023,ILLINOIS,LAKE,86.70374178059664,0.0659600749060156,3012.43488,11.03456,1483.22538,5.43306,0.0,0.0,7759.829779258282,3.56141761652227,10161.18558,37.22046,8970.0,0.0,9100.0,1730000.0,0.0,192.9,0.0,0.0,0.0,0.0,0.0
2023,KANSAS,SEDGWICK,1693.937655191802,1.2887200481157763,24354.36822,89.21014,13750.51314,50.36818,0.0,0.0,31677.42553578474,14.538533003748404,57153.101460000005,209.35202,52100.0,0.0,53200.0,6882000.0,0.0,132.1,0.0,0.0,0.0,0.0,0.0
2021,GEORGIA,HART,278.6690534786868,0.2120000431943834,756.0953400000001,2.76958,1600.22772,5.86164,261.7084821853798,0.0,9354.880413509349,4.620284524438914,7722.8151,28.2887,2530.0,0.0,2700.0,483000.0,0.0,190.9,0.0,0.0,0.0,0.0,0.0
2022,OHIO,SHELBY,29.63003018675253,0.0225601708161675,16619.0661,60.8757,5298.58056,19.40872,0.0,0.0,14949.921688542963,6.8613508262154745,29070.29034,106.48458,66200.0,0.0,73000.0,12472000.0,0.0,188.4,0.0,0.0,0.0,0.0,0.0
2021,MICHIGAN,OCEANA,41.5333519257219,0.0316001045014329,2275.10556,8.333720000000001,3728.5248,13.6576,236.6962103410328,0.0,20385.772305118702,10.068334830240982,24099.17874,88.27538,11700.0,0.0,13000.0,1802000.0,0.0,154.0,0.0,0.0,0.0,0.0,0.0
2021,MINNESOTA,BIG STONE,597.7711392002985,0.4547800596871884,16453.72638,60.27006,6372.1366800000005,23.34116,170.4990210525441,0.0,19678.88310933841,9.029684087138053,47289.5241,173.2217,105400.0,0.0,107500.0,19172000.0,0.0,181.9,0.0,4320.0,4500.0,243000.0,56.3
2023,NORTH CAROLINA,COLUMBUS,544.7030743502643,0.4144003243072882,30317.223300000005,111.0521,9606.58062,35.18894,0.0,0.0,35409.20857381981,16.25125586375519,56834.33574,208.18438,40400.0,0.0,41500.0,5178000.0,0.0,128.2,0.0,0.0,0.0,0.0,0.0
2023,SOUTH DAKOTA,BROWN,617.029464358278,0.469420434687669,31821.6717,116.5629,13670.94456,50.07672,0.0,0.0,64727.91931992139,29.70724341956309,124918.91958,457.57846000000006,302000.0,0.0,315000.0,53037000.0,0.0,175.6,0.0,6520.0,7000.0,339000.0,52.0
2021,NORTH CAROLINA,WAKE,57.65732555663629,0.0438800825312545,5733.85176,21.00312,2590.15848,9.48776,1543.603997415308,0.0,17586.719119921494,8.68590966358974,9627.22488,35.26456,1130.0,0.0,1200.0,140100.0,0.0,124.0,0.0,0.0,0.0,0.0,0.0
2021,IOWA,MONONA,441.1722972722881,0.33564012274422,38277.73404,140.21148,19771.05312,72.42144,250.79581131224683,0.0,26303.11897635984,12.990854845718063,123229.20792,451.38904,169000.0,0.0,172000.0,33411000.0,0.0,197.7,0.0,0.0,0.0,0.0,0.0
2023,INDIANA,BARTHOLOMEW,157.85618741558605,0.1201000762690192,14876.8893,54.4941,6700.8123000000005,24.5451,0.0,0.0,14619.473723821731,6.709689870191953,43556.85516,159.54891999999998,53300.0,0.0,54600.0,10394000.0,0.0,195.0,0.0,0.0,0.0,0.0,0.0
2023,NEBRASKA,JEFFERSON,411.4184855764612,0.313020133518333,20519.1168,75.1616,13744.81836,50.34732,0.0,0.0,21604.459997086164,9.915488692127964,86904.23196,318.33052000000004,110300.0,0.0,114500.0,15530000.0,0.0,140.8,0.0,0.0,0.0,0.0,0.0
2021,MINNESOTA,ROSEAU,9623.116532647631,7.32116010547056,24973.44486,91.47782,9014.3508,33.0196,246.6065798154546,0.0,63129.76582195211,28.967184707587645,48962.724720000006,179.35064,18700.0,1890.0,20800.0,1545000.0,18000.0,82.6,9.5,95400.0,99400.0,4159000.0,43.6
2021,OHIO,WARREN,3.681498911055032,0.0028000605806472,9926.40558,36.36046,3417.97092,12.520040000000002,338.52664553085214,0.0,12267.94798894872,6.0590202904259325,19706.70156,72.18572,21200.0,0.0,22000.0,3914000.0,0.0,184.6,0.0,0.0,0.0,0.0,0.0
2021,WISCONSIN,GRANT,125.1320483071373,0.0952002212529665,28644.24108,104.92396,17164.44912,62.87344,841.2690022146464,0.0,43371.07263569415,21.420551289745628,108993.59562,399.24394,122700.0,28800.0,154500.0,25558000.0,635000.0,208.3,22.0,0.0,0.0,0.0,0.0
2022,VIRGINIA,NORTHUMBERLAND,2.9498282515967463e-05,1.003728793943662e-07,2727.6522,9.9914,985.67742,3.61054,0.0,0.0,7606.0005540589,3.7573826980578953,5278.54236,19.33532,11000.0,0.0,12500.0,2052000.0,0.0,186.5,0.0,0.0,0.0,0.0,0.0
2022,ILLINOIS,HENDERSON,274.42479329311743,0.2088001122843916,19556.47512,71.63544,10727.6715,39.2955,0.0,0.0,14414.368091287828,7.120732753659917,55636.0623,203.7951,90700.0,0.0,92400.0,19972000.0,0.0,220.2,0.0,0.0,0.0,0.0,0.0
2023,KENTUCKY,MCCRACKEN,316.47325764195745,0.240760059413819,9441.15354,34.58298,3173.7505800000004,11.62546,0.0,0.0,8848.0291088204,4.370947812730984,16529.24364,60.54668,14900.0,0.0,15400.0,2260000.0,0.0,151.7,0.0,0.0,0.0,0.0,0.0
2022,KENTUCKY,LINCOLN,95.32077576859524,0.0725201200648784,1547.32578,5.66786,6676.9248,24.4576,0.0,0.0,12551.32525936348,6.20038508175793,32550.188579999995,119.23146,7800.0,0.0,10300.0,1370000.0,0.0,175.6,0.0,0.0,0.0,0.0,0.0
2021,NORTH DAKOTA,RANSOM,1404.6387813244598,1.0686400631601287,22585.36644,82.73028,7484.16396,27.414520000000003,174.40122164124975,0.0,32203.36346797438,14.776560084403444,65419.5906,239.6322,108600.0,11500.0,125000.0,15052000.0,130000.0,138.6,11.5,20500.0,20900.0,1224000.0,59.7
2022,TENNESSEE,MCNAIRY,222.3546734184868,0.1691602513478476,4481.12028,16.41436,1752.10308,6.41796,0.0,0.0,20972.05096777371,9.625241003465852,9694.80876,35.51212,6400.0,0.0,6600.0,820000.0,0.0,128.1,0.0,0.0,0.0,0.0,0.0
2022,GEORGIA,WARE,63.01620250657473,0.0479604161930078,352.25736,1.29032,1940.03628,7.1063600000000005,0.0,0.0,33631.62642165791,16.614104919680706,10569.56628,38.71636,1650.0,0.0,1800.0,158100.0,0.0,95.8,0.0,0.0,0.0,0.0,0.0
2021,DELAWARE,NEW CASTLE,86.32759393127112,0.0656800452443381,11361.5502,41.6174,4162.163460000001,15.24602,418.1461764539961,0.0,10101.67464615055,4.635168078340096,23592.50712,86.41944,17100.0,0.0,17100.0,3068000.0,0.0,179.4,0.0,0.0,0.0,0.0,0.0
2022,INDIANA,TIPTON,23.798135311365343,0.0181001205198032,15934.6824,58.3688,6359.808,23.296,0.0,0.0,9594.385717589532,4.739649785395679,34279.741859999995,125.56682,66700.0,0.0,68200.0,13674000.0,0.0,205.0,0.0,0.0,0.0,0.0,0.0
2021,IDAHO,GEM,27.04773320289208,0.0205801074608215,10205.82108,37.38396,7346.93778,26.91186,236.5296227060549,0.0,21041.3550392,9.65485631037288,27364.92486,100.23782,2940.0,0.0,5300.0,672000.0,0.0,228.6,0.0,0.0,0.0,0.0,0.0
2021,VIRGINIA,ISLE OF WIGHT,1.8749386988394403e-05,6.031626334695692e-08,8979.1884,32.8908,3434.9569800000004,12.58226,261.86723338990186,0.0,11766.284688220549,5.398976813046027,23311.05504,85.38847999999999,11500.0,0.0,14000.0,2070000.0,0.0,180.0,0.0,0.0,0.0,0.0,0.0
2023,ILLINOIS,EFFINGHAM,313.8742671499718,0.2387801631981449,24813.42864,90.89168,10705.91886,39.21582,0.0,0.0,17929.65075015945,8.22891427469085,66948.39060000001,245.2322,85500.0,0.0,86900.0,15903000.0,0.0,186.0,0.0,0.0,0.0,0.0,0.0
2023,KANSAS,MARION,1140.656134931078,0.8678000817333729,11328.71376,41.49712,5983.6413,21.9181,0.0,0.0,35551.64304076846,17.562597780462823,21784.20972,79.79564,59300.0,0.0,76800.0,5373000.0,0.0,90.6,0.0,0.0,0.0,0.0,0.0
2022,MISSISSIPPI,WASHINGTON,8537.51912821576,6.495220091027332,60336.25416,221.01192,32868.83418,120.39866,36832.982313402,0.0,27011.27237944153,12.396975711240342,140194.31790000002,513.5323000000001,51300.0,0.0,52100.0,9876000.0,0.0,192.5,0.0,0.0,0.0,0.0,0.0
2022,GEORGIA,SCREVEN,6283.2692585515215,4.780220062222925,1838.25642,6.73354,7485.46344,27.41928,0.0,0.0,24612.67595461998,11.29612636205484,41323.18008,151.36696,6360.0,0.0,6700.0,1009000.0,0.0,158.6,0.0,0.0,0.0,0.0,0.0
2023,PENNSYLVANIA,BLAIR,7.300255273521882,0.0055601710629446,4193.32368,15.36016,2589.23574,9.48438,0.0,0.0,18522.178122543817,9.150000859630977,18074.49462,66.20693999999999,13100.0,11700.0,24900.0,2528000.0,269000.0,193.0,23.0,0.0,0.0,0.0,0.0
2021,MISSOURI,NEWTON,761.7139900289601,0.5795000272027531,2497.2402,9.1474,3278.47338,12.009060000000002,381.90636105015705,0.0,23207.628371678325,11.462022118396128,14789.32728,54.17336,6300.0,0.0,6800.0,968000.0,0.0,153.7,0.0,0.0,0.0,0.0,0.0
2023,INDIANA,ELKHART,761.1803566605024,0.5791000561017472,15487.67766,56.73142,8714.61864,31.92168,0.0,0.0,14710.631783435869,7.267087735233746,57637.18506,211.12522,39900.0,0.0,45000.0,7250000.0,0.0,181.7,0.0,0.0,0.0,0.0,0.0
2023,SOUTH CAROLINA,EDGEFIELD,56.9293737965473,0.0433201666603234,506.96646,1.85702,1553.61024,5.69088,0.0,0.0,18676.007357766463,9.225992874458353,7782.97884,28.50908,770.0,0.0,800.0,59300.0,0.0,77.0,0.0,0.0,0.0,0.0,0.0
2021,SOUTH CAROLINA,CHARLESTON,4.377582166179986e-05,1.4082561681706752e-07,15.13512,0.0554399999999999,746.05986,2.73282,917.545700829554,0.0,27471.76643440852,12.605459915590274,4177.80636,15.30332,1220.0,0.0,1300.0,149500.0,0.0,122.5,0.0,0.0,0.0,0.0,0.0
2021,MICHIGAN,WEXFORD,3.3983263921965665e-05,1.0932322733405536e-07,1618.84086,5.92982,892.44246,3.26902,272.1926978808217,0.0,21326.391000851807,9.785645475229908,7818.2286,28.6382,5350.0,0.0,6400.0,730000.0,0.0,136.4,0.0,0.0,0.0,0.0,0.0
2023,IOWA,JEFFERSON,588.5820954901951,0.4478001050088046,18474.89826,67.67362,8052.3261,29.4957,0.0,0.0,16528.095590637415,7.585662634172703,49701.60468,182.05716,70500.0,0.0,72500.0,13755000.0,0.0,195.1,0.0,0.0,0.0,0.0,0.0
2022,MINNESOTA,BIG STONE,557.7305949255552,0.4243201852273595,15355.09248,56.24576,6277.21458,22.99346,0.0,0.0,19667.351242197423,9.026441710295884,40001.55432,146.52584000000002,87600.0,0.0,88200.0,14962000.0,0.0,170.8,0.0,1940.0,2000.0,80300.0,41.4
2022,OHIO,SCIOTO,720.7539711046603,0.548360241016838,1145.7100200000002,4.19674,1418.33874,5.19538,0.0,0.0,22584.409137938143,10.365241873938055,7077.50316,25.92492,7640.0,0.0,8000.0,1337000.0,0.0,175.0,0.0,0.0,0.0,0.0,0.0
2022,PENNSYLVANIA,CUMBERLAND,110.91324406818894,0.0843802176216775,9922.23414,36.34518,6165.60126,22.58462,0.0,0.0,17918.255988131845,8.223684584430156,29768.83182,109.04334,15100.0,10600.0,26600.0,2193000.0,207000.0,145.2,19.5,0.0,0.0,0.0,0.0
2023,PENNSYLVANIA,NORTHAMPTON,37.99310820423722,0.0289000950833468,7106.53398,26.03126,4465.31358,16.356460000000002,0.0,0.0,11144.072721732937,5.505198919318151,28772.36544,105.39328,19000.0,0.0,23100.0,2930000.0,0.0,154.2,0.0,0.0,0.0,0.0,0.0
2023,INDIANA,DELAWARE,40.65009699566529,0.0309401128107816,21715.57752,79.54424,7133.90496,26.13152,0.0,0.0,13650.919346595265,6.743587224446007,50039.32752,183.29424,65600.0,0.0,67200.0,12556000.0,0.0,191.4,0.0,0.0,0.0,0.0,0.0
2022,MICHIGAN,CLARE,1.5962034946041956,0.001220284126675,3595.59018,13.17066,1906.2771,6.9827,0.0,0.0,21530.394079641843,9.881495721834316,12729.58596,46.62852,6250.0,0.0,6800.0,866000.0,0.0,138.6,0.0,0.0,0.0,0.0,0.0
2022,ILLINOIS,BUREAU,441.177821248397,0.3356603502719334,50918.31654000001,186.51398,24809.79228,90.87836,0.0,0.0,32577.611368881662,14.951678365867616,136574.35974,500.27238,242000.0,0.0,245500.0,54474000.0,0.0,225.1,0.0,0.0,0.0,0.0,0.0
2021,VIRGINIA,STAFFORD,49.27351333300289,0.0374800434545946,622.12878,2.2788600000000003,409.30344,1.4992800000000002,569.4063579912092,0.0,8476.969638325174,3.889669826536745,2669.8580999999995,9.7797,1300.0,0.0,1600.0,212000.0,0.0,163.1,0.0,0.0,0.0,0.0,0.0
2023,MISSISSIPPI,CLAY,1518.4757140417307,1.155240116111101,3456.1254,12.6598,2285.1028200000005,8.37034,0.0,0.0,15428.501506165663,7.621717117189964,10765.44924,39.43388,3900.0,0.0,4000.0,640000.0,0.0,164.1,0.0,0.0,0.0,0.0,0.0
2023,MISSISSIPPI,HOLMES,1807.5029257549584,1.3751201325181452,21898.19268,80.21316,15727.19148,57.60876,3326.9400567,0.0,28845.82832619813,13.238955503727391,82584.42738,302.50706,34100.0,0.0,34400.0,6274000.0,0.0,184.0,0.0,0.0,0.0,0.0,0.0
2022,MINNESOTA,TODD,61.19330189584122,0.0465604835190916,29935.7877,109.6549,13276.00638,48.63006,0.0,0.0,36639.84236960426,16.816062180964543,78014.23812,285.76644,62200.0,16300.0,79200.0,10257000.0,318000.0,164.9,19.5,2230.0,2300.0,85200.0,38.2
2023,TENNESSEE,GIBSON,1173.8673967602242,0.8930601247912244,33694.790219999995,123.42414,12644.77032,46.31784,0.0,0.0,22145.7109827636,10.94003487002406,69468.90132,254.46484,80200.0,0.0,83000.0,13016000.0,0.0,162.3,0.0,0.0,0.0,0.0,0.0
2022,MICHIGAN,OAKLAND,0.0081660230670084,2.246548042142116e-07,3683.35422,13.49214,1640.30958,6.00846,0.0,0.0,17023.76753198131,7.81315406557452,9018.09636,33.03332,2420.0,0.0,3000.0,345000.0,0.0,142.6,0.0,0.0,0.0,0.0,0.0
2022,KANSAS,PHILLIPS,8.92452886565288,0.0067804386209057,10517.854619999998,38.52694,5740.74774,21.02838,0.0,0.0,33244.204667135695,15.257615117444724,35831.62128,131.25135999999998,69300.0,0.0,75600.0,4179000.0,0.0,60.3,0.0,0.0,0.0,0.0,0.0
2021,TEXAS,FAYETTE,5.702938543403457e-05,1.8346196771571922e-07,4364.90964,15.98868,16634.9274,60.9338,409.60475226809007,0.0,35789.115933574954,16.421887809516296,101365.2549,371.3013,6980.0,0.0,7800.0,711000.0,0.0,101.9,0.0,0.0,0.0,0.0,0.0
2021,KENTUCKY,LINCOLN,101.60881279001794,0.0773000383528694,1636.17636,5.99332,6722.52672,24.62464,314.4718117336169,0.0,12558.684675156275,6.202612314331613,38492.27382,140.99734,9000.0,0.0,10000.0,1641000.0,0.0,182.3,0.0,0.0,0.0,0.0,0.0
2023,MISSOURI,LINN,3096.2723944946074,2.355600187957016,17330.97366,63.48342,6362.062980000001,23.30426,0.0,0.0,23342.16050800856,10.713016136400118,32656.189020000005,119.61974,43100.0,0.0,45000.0,6775000.0,0.0,157.2,0.0,0.0,0.0,0.0,0.0
2021,MICHIGAN,LENAWEE,176.93421699172134,0.1346201170338676,35083.72686,128.51182,11404.20372,41.77364000000001,474.5742354001433,0.0,27756.802397659176,12.736249081180931,69203.96574,253.49438,88700.0,0.0,107000.0,16327000.0,0.0,184.1,0.0,0.0,0.0,0.0,0.0
2021,GEORGIA,BANKS,1.396211618254645e-05,4.491574455573158e-08,310.18260000000004,1.1362,1260.64302,4.61774,180.415934190502,0.0,8762.00560346538,4.327469417383129,7345.87308,26.90796,290.0,0.0,300.0,43800.0,0.0,151.0,0.0,0.0,0.0,0.0,0.0
2022,IOWA,CEDAR,243.157579880325,0.1849802754399184,30611.642880000003,112.13056,13745.18964,50.34868,0.0,0.0,21707.012815822607,10.72331691287716,73148.78844,267.94428,147300.0,0.0,149500.0,32612000.0,0.0,221.4,0.0,0.0,0.0,0.0,0.0
2023,OHIO,PORTAGE,5.0797129761301735e-05,1.571190257858205e-07,5504.89212,20.16444,2903.3004,10.6348,0.0,0.0,17012.37277634535,7.807924378247318,19042.42158,69.75246,14500.0,0.0,14900.0,2623000.0,0.0,180.9,0.0,0.0,0.0,0.0,0.0
2023,ARKANSAS,GREENE,40346.81358992293,30.69530003461256,43000.3938,157.5106,24716.19696,90.53552,300737.05180200003,0.0,21359.47272476541,10.55163126603312,123246.40146,451.45202,27200.0,0.0,27700.0,5201000.0,0.0,191.2,0.0,0.0,0.0,0.0,0.0
2023,MICHIGAN,BRANCH,272.79718523821754,0.2075201331998715,23640.77898,86.59626000000002,12613.34256,46.20272,0.0,0.0,19228.65308092177,8.825098716396813,87047.85726,318.85662,79900.0,0.0,83400.0,13495000.0,0.0,168.9,0.0,0.0,0.0,0.0,0.0
2023,TEXAS,WHARTON,4534.242598690788,3.4496001949371764,63382.44276,232.17012,35441.4879,129.82229999999998,106656.56375400002,0.0,40599.52056030629,20.05626150281232,204136.33422,747.7521399999999,117100.0,0.0,118500.0,15389000.0,0.0,131.4,0.0,0.0,0.0,0.0,0.0
2021,KENTUCKY,GREEN,1.7159686058588387e-05,5.5202239086620667e-08,1539.2449800000002,5.63826,4212.3627,15.4299,141.15997913098744,0.0,10768.658807395508,5.318535933919832,28308.06342,103.69254,8600.0,0.0,9300.0,1650000.0,0.0,191.9,0.0,0.0,0.0,0.0,0.0
2022,SOUTH CAROLINA,DORCHESTER,98.69490396766562,0.0751002167309971,560.0049,2.0513,2228.59182,8.16334,0.0,0.0,19684.443383350404,9.724162713876163,12351.10968,45.24216,6120.0,0.0,6600.0,565000.0,0.0,92.3,0.0,0.0,0.0,0.0,0.0
2021,NORTH CAROLINA,CHATHAM,4.066909184289329e-05,1.308313522567914e-07,865.72668,3.17116,2437.62246,8.92902,384.4083162288628,0.0,25522.120426180867,12.605127251617532,13828.71126,50.65462,3150.0,0.0,3500.0,470000.0,0.0,149.2,0.0,0.0,0.0,0.0,0.0
2023,PENNSYLVANIA,UNION,258.325166802751,0.1965400805788152,4762.501380000001,17.44506,2222.94072,8.142639999999998,0.0,0.0,11246.62553988833,5.161702184660049,14813.7717,54.2629,5770.0,4200.0,10100.0,1028000.0,99000.0,178.2,23.5,0.0,0.0,0.0,0.0
2023,WISCONSIN,WASHINGTON,7.628203452249912,0.0058001482036724,10159.59126,37.21462,4791.532200000001,17.5514,0.0,0.0,14847.36887140443,7.334636187914532,35160.26514,128.79218,25400.0,6220.0,31900.0,4176000.0,134000.0,164.4,21.5,0.0,0.0,0.0,0.0
2022,IOWA,PALO ALTO,380.0484761388776,0.2891402606226944,30013.66368,109.94016,11237.95764,41.16468,0.0,0.0,21667.13116557669,9.94425197816122,71679.93378,262.56386000000003,162100.0,2780.0,166500.0,31740000.0,58000.0,195.8,21.0,0.0,0.0,0.0,0.0
2021,IOWA,MARION,371.3096606098807,0.2825000660056979,22019.86332,80.65884,9155.12598,33.53526,292.4210050819249,0.0,20528.290295755723,10.138723080810546,53572.79382,196.23734,72300.0,0.0,74100.0,14395000.0,0.0,199.1,0.0,0.0,0.0,0.0,0.0
2021,IOWA,BUENA VISTA,154.25913265082875,0.1173601086393348,30642.76488,112.24456,10698.23664,39.18768,286.00560605035525,0.0,21548.719045007027,9.887661021095935,81949.76244,300.18228000000005,157200.0,0.0,160000.0,32053000.0,0.0,203.9,0.0,0.0,0.0,0.0,0.0
2021,ILLINOIS,STEPHENSON,210.24393228008648,0.1599401063734019,20949.38664,76.73768,9954.70476,36.46412,604.3561282418705,0.0,20876.034170398263,9.578998589688394,65568.03708000001,240.17596,154000.0,0.0,159500.0,31247000.0,0.0,202.9,0.0,0.0,0.0,0.0,0.0
2023,PENNSYLVANIA,WESTMORELAND,26.651082174012974,0.0202803493451548,6249.346740000001,22.89138,5331.68454,19.529979999999995,0.0,0.0,34520.41750057153,17.053169865622127,42782.63262,156.71294,9870.0,5740.0,15900.0,1417000.0,121000.0,143.6,21.0,0.0,0.0,0.0,0.0
2021,OHIO,GEAUGA,2.4009026071103298e-05,7.723637792024855e-08,1745.61114,6.39418,1526.29932,5.59084,350.3261754514421,0.0,15067.001177925027,7.441445458943636,9722.63292,35.61404,2000.0,0.0,3400.0,362000.0,0.0,181.0,0.0,0.0,0.0,0.0,0.0
2023,SOUTH DAKOTA,DEUEL,211.2025065151857,0.1606801558347654,11042.85546,40.45002,4742.73072,17.37264,0.0,0.0,23655.516337968475,11.685882372763809,40422.86976,148.06912,0.0,0.0,0.0,0.0,0.0,0.0,0.0,4600.0,5000.0,293000.0,63.7
2021,MARYLAND,WASHINGTON,169.84075781797884,0.1292200554407206,6755.78904,24.74648,4631.08464,16.963679999999997,597.7460675987463,0.0,15853.700444810856,7.274493467610963,27548.04234,100.90858,14300.0,0.0,17900.0,2110000.0,0.0,147.6,0.0,0.0,0.0,0.0,0.0
2022,OHIO,GALLIA,6.863046102670344e-05,2.3352671409544695e-07,819.22386,3.00082,2513.14518,9.20566,0.0,0.0,17696.058213282857,8.741895623309128,12123.111,44.407,2840.0,0.0,3100.0,435000.0,0.0,153.2,0.0,0.0,0.0,0.0,0.0
2021,IOWA,POCAHONTAS,150.93807033274877,0.1148200993009487,33905.93388,124.19756,12018.86868,44.02516,330.5123700084462,0.0,21531.616898665565,10.634256339545512,85648.96704,313.73247999999995,172200.0,0.0,175000.0,36834000.0,0.0,213.9,0.0,0.0,0.0,0.0,0.0
2022,MISSISSIPPI,MONROE,2319.007181817224,1.7643001322639391,5473.85202,20.05074,5014.87896,18.36952,0.0,0.0,28954.07851171244,14.303384921535692,23595.85956,86.43172,12700.0,0.0,13000.0,951000.0,0.0,74.9,0.0,0.0,0.0,0.0,0.0
2022,NORTH CAROLINA,ROBESON,2737.259149929261,2.08248016310843,45652.93824,167.22688,15441.60618,56.56266000000001,0.0,0.0,34799.5890477897,15.971467546080632,72871.56786,266.92882,58700.0,0.0,59600.0,6361000.0,0.0,108.4,0.0,0.0,0.0,0.0,0.0
2022,KENTUCKY,BARREN,18.68239180205828,0.0142002445790086,3361.85304,12.31448,8763.96066,32.10242,0.0,0.0,18533.57288253772,8.506087741434754,48149.92182,176.37334,20000.0,0.0,29000.0,2575000.0,0.0,128.8,0.0,0.0,0.0,0.0,0.0
2023,MINNESOTA,LYON,311.3229531291789,0.2368601778997681,26537.483700000004,97.2069,11325.94008,41.48696,0.0,0.0,26532.692566903097,13.107214399369216,98439.49206,360.58422,0.0,0.0,0.0,0.0,0.0,0.0,0.0,1550.0,1700.0,96400.0,62.2
2022,MISSISSIPPI,BOLIVAR,15348.701223752074,11.677100013647452,68283.69912,250.12344,32094.14208,117.56096,127982.514154626,0.0,33175.83612358722,16.388943408352716,128482.19748,470.63076,28400.0,0.0,29000.0,5183000.0,0.0,182.5,0.0,0.0,0.0,0.0,0.0
2023,MISSOURI,GRUNDY,2088.0830783132706,1.5885801144080327,12521.61456,45.86672,3945.84372,14.45364,0.0,0.0,16317.292572150713,8.060782056744634,20213.40048,74.04176,41600.0,0.0,43100.0,6494000.0,0.0,156.1,0.0,0.0,0.0,0.0,0.0
2022,NORTH DAKOTA,MCINTOSH,126.37103213701748,0.0961603822251401,8794.678619999999,32.21494,2637.75876,9.662120000000002,0.0,0.0,36206.84158777354,17.88626744979985,23429.41146,85.82202000000001,57600.0,8250.0,66400.0,5844000.0,128000.0,101.5,15.5,53600.0,53900.0,2497000.0,46.6
2021,NORTH CAROLINA,GREENE,2039.91912259823,1.551960006801925,14239.6254,52.1598,5391.6681,19.7497,188.0167737987722,0.0,9885.047311580034,4.535768311344057,31902.56706,116.85922,12600.0,0.0,12900.0,1655000.0,0.0,131.3,0.0,0.0,0.0,0.0,0.0
2023,INDIANA,BLACKFORD,20.89495739626367,0.0159000536575072,9547.56348,34.972759999999994,2866.3580400000005,10.499479999999998,0.0,0.0,6153.168987928672,3.0396803851311645,20495.46408,75.07496,29100.0,0.0,29800.0,5829000.0,0.0,200.3,0.0,0.0,0.0,0.0,0.0
2022,VIRGINIA,FAUQUIER,67.20416287205076,0.0511202795162816,2571.4634400000004,9.41928,7319.41392,26.81104,0.0,0.0,23900.503607819726,11.806906677513858,36220.25316,132.67492,4900.0,0.0,8200.0,931000.0,0.0,190.0,0.0,0.0,0.0,0.0,0.0
2023,ARKANSAS,ASHLEY,4973.450691369527,3.783740177001734,26141.03856,95.75472,12155.15574,44.52438,29524.8914784,0.0,34605.87818047924,15.882562851650954,59748.09204,218.85748,41400.0,0.0,41900.0,7349000.0,0.0,177.5,0.0,0.0,0.0,0.0,0.0
2022,IOWA,HAMILTON,252.057134608098,0.1917602553067361,35349.121080000004,129.48396000000002,14066.90376,51.52712,0.0,0.0,21564.57834408022,10.652953938811072,81498.73914,298.53018,179100.0,0.0,181000.0,37360000.0,0.0,208.6,0.0,0.0,0.0,0.0,0.0
2021,TENNESSEE,HENDERSON,3.131256634265956e-05,1.007316665212556e-07,7537.906739999999,27.61138,3062.52492,11.21804,280.7728565319002,0.0,19650.379510251707,9.705131475487116,21045.80478,77.09086,9890.0,0.0,10600.0,1628000.0,0.0,164.6,0.0,0.0,0.0,0.0,0.0
2022,NORTH DAKOTA,WELLS,814.1663357205648,0.6194203901644877,19643.2782,71.9534,5552.12112,20.33744,0.0,0.0,48228.31063762144,22.13465501254217,53681.47512,196.63544,91400.0,0.0,95100.0,13378000.0,0.0,146.4,0.0,125500.0,126000.0,6488000.0,51.7
2021,OKLAHOMA,NOBLE,866.5274613158242,0.6592400687707617,5130.00852,18.79124,5100.17508,18.68196,253.53188508824445,0.0,27762.50311436603,12.738864863318932,20201.8635,73.99950000000001,8410.0,0.0,9400.0,613000.0,0.0,72.9,0.0,0.0,0.0,0.0,0.0
2021,LOUISIANA,MOREHOUSE,13265.099521724673,10.0919,60828.2493,222.8141,36116.054520000005,132.29324,109987.537027662,0.0,29398.60956897732,14.519687567081686,173680.4433,636.1921,63600.0,0.0,65300.0,12504000.0,0.0,196.6,0.0,0.0,0.0,0.0,0.0
2022,ILLINOIS,WARREN,324.1468690373674,0.2465801664445459,30683.92782,112.39534,14031.28818,51.39666,0.0,0.0,20106.049402310982,9.932437108517668,75601.29486,276.92782,143800.0,0.0,146500.0,30399000.0,0.0,211.4,0.0,0.0,0.0,0.0,0.0
2022,NORTH CAROLINA,EDGECOMBE,2568.9457393736,1.9544200634980824,24120.30348,88.35276,9998.77788,36.62556,0.0,0.0,18715.889000313346,9.24569450248358,47465.0085,173.8645,7940.0,0.0,8100.0,815000.0,0.0,102.6,0.0,0.0,0.0,0.0,0.0
2021,INDIANA,RIPLEY,45.99692339221133,0.0350000747497149,7537.03314,27.60818,4320.51984,15.82608,251.79904009232308,0.0,16583.39251962795,8.190376406146937,26289.4086,96.2982,40000.0,0.0,41200.0,6932000.0,0.0,173.3,0.0,0.0,0.0,0.0,0.0
2022,MICHIGAN,LEELANAU,5.3362061636534894e-05,1.8157341106145374e-07,1181.64774,4.32838,1131.7105800000002,4.14546,0.0,0.0,13759.169543294956,6.797063083834908,6202.41258,22.71946,1970.0,0.0,2300.0,177200.0,0.0,89.9,0.0,0.0,0.0,0.0,0.0
2021,VIRGINIA,GLOUCESTER,1.2744859469925565e-05,4.0999863119995124e-08,869.7725399999999,3.18598,321.5394,1.1778,243.0043535531658,0.0,7998.109214308216,3.669944025703352,2094.8655,7.6735,4750.0,0.0,5800.0,815000.0,0.0,171.6,0.0,0.0,0.0,0.0,0.0
2022,GEORGIA,CLAY,1457.1731514997325,1.10858003960776,434.16282,1.59034,2125.74726,7.78662,0.0,0.0,7742.737643189582,3.824931151312772,14373.21522,52.64914,1890.0,0.0,2100.0,319000.0,0.0,168.8,0.0,0.0,0.0,0.0,0.0
2021,NORTH DAKOTA,HETTINGER,43.58628825721177,0.0331602205459492,6204.34542,22.72654,2345.17374,8.59038,179.05028628682444,0.0,43023.32874917652,19.741316863546785,28144.705679999995,103.09416,35100.0,0.0,38100.0,2633000.0,0.0,75.0,0.0,252000.0,259500.0,6930000.0,27.5
2023,NORTH CAROLINA,WAYNE,3842.614751887869,2.923420039331012,20901.25128,76.56136,9151.63704,33.52248,0.0,0.0,19741.41717024608,9.060434685456451,58275.47544,213.46328,20100.0,0.0,20700.0,2711000.0,0.0,134.9,0.0,0.0,0.0,0.0,0.0
2022,ILLINOIS,MASSAC,204.37255868463507,0.1554600618290924,10180.34472,37.29064,4639.18182,16.993339999999996,0.0,0.0,8990.463576059588,4.441310784572472,19571.41914,71.69018,23600.0,0.0,24000.0,4031000.0,0.0,170.8,0.0,0.0,0.0,0.0,0.0
2021,KANSAS,TREGO,5.422242778584053e-05,1.744320620010937e-07,7420.9317,27.182900000000004,3329.65542,12.19654,161.57455343816756,0.0,34027.59365997355,15.613610756662125,29688.35142,108.74854,34000.0,0.0,35700.0,2982000.0,0.0,87.7,0.0,0.0,0.0,0.0,0.0
2021,WISCONSIN,GREEN,224.44760846874755,0.1707600937078774,19221.77166,70.40942,9714.69408,35.584959999999995,339.72219524727706,0.0,21742.543508680326,9.976597657672547,64483.26066,236.20242,89000.0,20100.0,111000.0,17506000.0,422000.0,196.7,21.0,0.0,0.0,0.0,0.0
2022,NEBRASKA,MORRILL,5.181988086326718,0.0039407079344774,21584.100719999995,79.06263999999999,14346.149999999998,52.54999999999999,0.0,0.0,53885.807668328765,24.73119516403367,81638.51514,299.04218,59000.0,0.0,72100.0,9210000.0,0.0,156.1,0.0,0.0,0.0,0.0,0.0
2021,OHIO,VAN WERT,70.30375763130192,0.0534800546963562,23880.36924,87.47388,7121.745540000001,26.08698,333.2911693949463,0.0,15084.10333691194,6.921362717248174,46801.55298,171.43426,78500.0,0.0,81400.0,15692000.0,0.0,199.9,0.0,0.0,0.0,0.0,0.0
2023,INDIANA,BENTON,139.86171440109138,0.1064001006780535,26227.94538,96.07306,11163.4068,40.8916,0.0,0.0,15177.816839321493,6.96594459022717,75853.71066,277.85242,122300.0,0.0,125500.0,27179000.0,0.0,222.2,0.0,0.0,0.0,0.0,0.0
2022,NORTH CAROLINA,PERSON,207.4782511175465,0.1578401739984115,1375.8927,5.0399,2154.84906,7.89322,0.0,0.0,15132.237807335448,6.945025836584785,8806.02996,32.25652,3050.0,0.0,3400.0,357000.0,0.0,117.0,0.0,0.0,0.0,0.0,0.0
2022,MINNESOTA,OTTER TAIL,410.7091298282355,0.3124610568811403,71905.87950000001,263.3915,26796.183959999995,98.15452,0.0,0.0,81768.77899015036,37.52824201832851,134669.44764,493.29468,172500.0,0.0,197500.0,28428000.0,0.0,164.8,0.0,21200.0,21900.0,1002000.0,47.3
2021,MISSOURI,HARRISON,2836.457255922821,2.1579401222195136,23404.65582,85.73134,8860.79376,32.45712,164.154524544302,0.0,27289.343410544327,12.521754846224194,48142.16316,176.34491999999997,56800.0,0.0,59700.0,8855000.0,0.0,155.9,0.0,0.0,0.0,0.0,0.0
2022,TEXAS,MATAGORDA,2004.7800846536247,1.5252402765559847,42059.9634,154.0658,16922.70762,61.98794,194595.1218504,0.0,41066.70560863813,20.28705204837133,88173.58368,322.98016,39500.0,0.0,44900.0,3547000.0,0.0,89.8,0.0,0.0,0.0,0.0,0.0
2022,IOWA,JEFFERSON,565.652683441225,0.4303601507900002,17862.26442,65.42954,7795.558680000001,28.55516,0.0,0.0,16528.095590637415,7.585662634172699,37947.58968,139.00216,65500.0,0.0,69800.0,11659000.0,0.0,178.0,0.0,0.0,0.0,0.0,0.0
2023,INDIANA,FAYETTE,2.0556235609250018,0.0015600805060741,8237.39826,30.17362,3751.6479,13.7423,0.0,0.0,7919.356382420906,3.9121812363244617,24979.3362,91.4994,33600.0,0.0,34500.0,6989000.0,0.0,208.0,0.0,0.0,0.0,0.0,0.0
2022,CALIFORNIA,SUTTER,15091.39146,11.48134,27522.48408,100.81496,38362.63704,140.52248,225340.368845328,0.0,21991.881752189423,10.093298090387805,131311.55856,480.99472,380.0,0.0,900.0,51400.0,0.0,135.3,0.0,0.0,0.0,0.0,0.0
2022,NORTH CAROLINA,WARREN,2.538964080410524,0.0019202180495707,1196.19864,4.38168,742.0576800000001,2.71816,0.0,0.0,16562.27985681896,7.601351695820966,2619.9919200000004,9.59704,1130.0,0.0,1200.0,99700.0,0.0,88.2,0.0,0.0,0.0,0.0,0.0
2021,IOWA,HOWARD,158.48402598011555,0.1205800853026088,22227.1686,81.41820000000001,8417.50182,30.83334,300.4738489679674,0.0,17848.95220864118,8.190017636416218,56345.310840000006,206.39308,126000.0,0.0,128500.0,26120000.0,0.0,207.3,0.0,0.0,0.0,0.0,0.0
2022,NORTH CAROLINA,WASHINGTON,1641.2408149972523,1.248620120555382,21849.54954,80.03498,7739.2497,28.3489,0.0,0.0,12915.95749535053,6.380514289600385,29450.69946,107.87802,28000.0,0.0,28300.0,4123000.0,0.0,147.3,0.0,0.0,0.0,0.0,0.0
2021,WISCONSIN,OCONTO,0.4222207521916845,0.0003201954433958,10863.63096,39.79352,5931.07242,21.72554,361.4229122738146,0.0,38126.410855340975,17.494358977964065,52963.69806,194.00622,45400.0,18800.0,65300.0,7659000.0,385000.0,168.7,20.5,0.0,0.0,0.0,0.0
2021,IOWA,POWESHIEK,644.1798903806863,0.4900801009004868,29491.829640000004,108.02868,11645.83056,42.65872,262.54044158050885,0.0,21919.26580595388,10.825712367638978,71231.32926,260.92062,134700.0,0.0,137000.0,27075000.0,0.0,201.0,0.0,0.0,0.0,0.0,0.0
2021,IOWA,BUTLER,275.0807083773543,0.2092800934555999,35202.7494,128.9478,13876.60092,50.83004,263.13058440478005,0.0,21816.65286525927,10.775032833434157,90165.00948,330.27476,160400.0,0.0,163500.0,32802000.0,0.0,204.5,0.0,0.0,0.0,0.0,0.0
2023,TEXAS,WILLACY,1460.5727242263038,1.1111801527454728,23211.6612,85.02439999999999,14858.7894,54.4278,0.0,0.0,23211.120787689448,11.466349894446894,59855.82876,219.25212,15800.0,0.0,16000.0,1239000.0,0.0,78.4,0.0,0.0,0.0,0.0,0.0
2021,MICHIGAN,JACKSON,13.658619413613996,0.0103801270409513,15653.28492,57.33804,6321.95382,23.15734,627.0514838495311,0.0,25510.718977650773,12.599496186989091,44119.95042,161.61154000000002,53000.0,0.0,61100.0,8872000.0,0.0,167.4,0.0,0.0,0.0,0.0,0.0
2022,KENTUCKY,ALLEN,26.65798620528089,0.0202601566393776,3845.67456,14.08672,5250.66906,19.23322,0.0,0.0,13098.273614433543,6.470578894059822,30076.80858,110.17146,10200.0,0.0,11400.0,1480000.0,0.0,145.1,0.0,0.0,0.0,0.0,0.0
2021,KANSAS,NEMAHA,1797.1041277463664,1.367200090046499,21900.45312,80.22144,8930.0211,32.7107,220.29026865046228,0.0,27198.13190166457,13.432893031688524,42755.14152,156.61224,118800.0,0.0,124500.0,21527000.0,0.0,181.2,0.0,0.0,0.0,0.0,0.0
2023,MINNESOTA,DAKOTA,85.75876615778891,0.0652401589053209,20168.0388,73.8756,9591.44004,35.13348,0.0,0.0,16602.161509534377,7.619655605133048,72023.99022,263.82414,83000.0,990.0,84200.0,15197000.0,25900.0,183.1,26.0,870.0,900.0,40300.0,46.3
2022,TEXAS,VICTORIA,732.1967084074358,0.5570403009821348,19159.54404,70.18148000000001,13507.75608,49.47896,47073.760271928,0.0,32423.78213235164,16.01742691494857,66178.8309,242.4133,33900.0,0.0,38700.0,2519000.0,0.0,74.3,0.0,0.0,0.0,0.0,0.0
2021,MISSISSIPPI,MONTGOMERY,111.33320371653,0.0847000779411018,2772.7518,10.1566,1813.10766,6.64142,173.17868957519963,0.0,15306.431394730054,7.023378269383441,11137.09506,40.79522,4500.0,0.0,4800.0,810000.0,0.0,180.0,0.0,0.0,0.0,0.0,0.0
2023,IDAHO,WASHINGTON,61.52944178804371,0.0468205007382578,3670.74162,13.44594,2144.7589800000005,7.85626,0.0,0.0,54808.78302065812,25.15479990446084,8149.63968,29.85216,2470.0,0.0,3300.0,560000.0,0.0,226.7,0.0,0.0,0.0,0.0,0.0
2022,OKLAHOMA,GARFIELD,3599.055013291444,2.738100046589909,21968.28816,80.46992,14416.0107,52.8059,0.0,0.0,39494.22910164816,19.510244844838628,51485.68698,188.59226,9360.0,0.0,22800.0,211000.0,0.0,22.5,0.0,0.0,0.0,0.0,0.0
2022,COLORADO,KIOWA,16.265478878884085,0.0123808810637607,6956.990040000001,25.48348,3442.0659,12.6083,0.0,0.0,66807.46254122129,30.66166150260572,32220.22986,118.02282,14200.0,0.0,17300.0,568000.0,0.0,40.0,0.0,0.0,0.0,0.0,0.0
2022,INDIANA,GRANT,117.22888446004328,0.0891801516708342,22281.09156,81.61572,7083.1215,25.9455,0.0,0.0,14972.711203737028,6.87181020266998,39341.1291,144.10670000000002,73900.0,0.0,74600.0,13583000.0,0.0,183.8,0.0,0.0,0.0,0.0,0.0
2022,TEXAS,PARMER,303.453416336984,0.2308603985791523,39108.888,143.256,38256.27078,140.13286,0.0,0.0,33261.296801359545,15.265459648788887,171013.23876,626.42212,5270.0,0.0,36800.0,472000.0,0.0,89.6,0.0,0.0,0.0,0.0,0.0
2023,OKLAHOMA,TEXAS,8.04406775001907,0.0061207043635913,33147.61632,121.41984,25378.47312,92.96144,0.0,0.0,76401.84826443256,35.06505891032832,159898.09290000002,585.7073,97400.0,0.0,102000.0,21859000.0,0.0,224.4,0.0,0.0,0.0,0.0,0.0
2022,ILLINOIS,MERCER,1142.2858095333042,0.8690401678899348,29751.54546,108.98002,13929.61752,51.02424,0.0,0.0,21251.222522255128,9.753368361983382,73344.0435,268.6595,134000.0,0.0,136500.0,30364000.0,0.0,226.6,0.0,0.0,0.0,0.0,0.0
2022,MICHIGAN,LAPEER,27.47265370686907,0.0209003187284229,21574.31094,79.02678,7765.99824,28.44688,0.0,0.0,24441.754582602305,11.217681034945862,30935.41542,113.31654,32600.0,0.0,37200.0,5187000.0,0.0,159.1,0.0,0.0,0.0,0.0,0.0
2022,KANSAS,REPUBLIC,442.90969856062895,0.3369602709098914,19579.15596,71.71852000000001,12606.61584,46.17808,0.0,0.0,26925.811694449538,13.301416200647068,61790.71080000001,226.3396,121700.0,0.0,124000.0,19265000.0,0.0,158.3,0.0,0.0,0.0,0.0,0.0
2022,KANSAS,MITCHELL,302.5344376789682,0.2301803362174001,11896.01868,43.57516,5569.08534,20.39958,0.0,0.0,26544.08732471802,13.112843437331811,31037.78496,113.69152,27900.0,0.0,34000.0,2366000.0,0.0,84.8,0.0,0.0,0.0,0.0,0.0
2023,SOUTH CAROLINA,BERKELEY,0.000121327906702,3.752755833103856e-07,425.09922,1.55714,971.0337,3.5569,0.0,0.0,40633.7048311363,18.64906786963145,6609.1334400000005,24.20928,3230.0,0.0,3400.0,398000.0,0.0,123.2,0.0,0.0,0.0,0.0,0.0
2022,SOUTH DAKOTA,HAMLIN,155.21983024279638,0.1180802407050141,11749.95822,43.04014,5400.61704,19.78248,0.0,0.0,19416.666589443936,8.911388575896668,36535.246020000006,133.82873999999998,68300.0,0.0,100500.0,11884000.0,0.0,174.0,0.0,2260.0,2300.0,149000.0,65.9
2023,ILLINOIS,ROCK ISLAND,450.3353578605599,0.3426000470307271,17472.988260000002,64.00362,8312.757179999999,30.449660000000005,0.0,0.0,14910.040038297053,6.843046918036794,55710.13812,204.06644,66900.0,0.0,67800.0,14644000.0,0.0,218.9,0.0,0.0,0.0,0.0,0.0
2021,WISCONSIN,ST CROIX,75.35356073108017,0.057340132835876,19217.9988,70.3956,9997.7241,36.6217,370.2288470724978,0.0,26605.25709467295,12.207860846939177,70587.47514,258.56218,77100.0,18900.0,97700.0,13238000.0,387000.0,171.7,20.5,0.0,0.0,0.0,0.0
2023,TEXAS,SHERMAN,237.7609499628965,0.1808802720800317,35901.66216,131.50792,29493.01992000001,108.03304,0.0,0.0,34754.010021483526,17.168565136794193,181125.00588,663.46156,68100.0,0.0,73100.0,13245000.0,0.0,194.5,0.0,0.0,0.0,0.0,0.0
2022,NORTH CAROLINA,CHOWAN,1355.9957566663736,1.0316200571181389,8870.27232,32.49184,3750.05358,13.73646,0.0,0.0,6210.142774533817,3.067825573724237,19201.90818,70.33666,2550.0,0.0,2600.0,390000.0,0.0,152.9,0.0,0.0,0.0,0.0,0.0
2022,IOWA,BENTON,582.6080026478354,0.4432602863966871,38630.1825,141.50250000000003,15635.6928,57.2736,0.0,0.0,26817.561509225765,12.30807101547726,84855.51984,310.82608,180400.0,6830.0,188000.0,39995000.0,174000.0,221.7,25.5,0.0,0.0,0.0,0.0
2021,INDIANA,DAVIESS,238.70965916688945,0.181600065084433,26867.28954,98.41498,12739.66512,46.66544,295.5230805365216,0.0,16315.458706933909,7.486371916628145,73685.13516,269.90892,79500.0,0.0,80900.0,17200000.0,0.0,216.4,0.0,0.0,0.0,0.0,0.0
2023,WISCONSIN,MARINETTE,0.865058543978767,0.000660541532911,5628.37002,20.61674,2740.3685400000004,10.03798,0.0,0.0,53139.45107057073,26.25101755091332,25729.33818,94.24666,26400.0,12300.0,38800.0,4266000.0,277000.0,161.6,22.5,0.0,0.0,0.0,0.0
2021,ARKANSAS,PHILLIPS,19570.56870050468,14.88904,55434.70296,203.05752,31653.54738,115.94706,71079.333059808,0.0,26274.61536840678,12.056145410772336,157004.51676,575.10812,44700.0,0.0,45600.0,8337000.0,0.0,186.5,0.0,0.0,0.0,0.0,0.0
2023,KANSAS,EDWARDS,168.14076595140995,0.1279202280818346,21931.00728,80.33336,18289.340160000003,66.99391999999999,0.0,0.0,23347.85788021932,11.533898349380983,101108.35098,370.36026,55500.0,0.0,69700.0,8731000.0,0.0,157.3,0.0,0.0,0.0,0.0,0.0
2023,MICHIGAN,KENT,28.028533543903897,0.0213402254182636,18142.19316,66.45491999999999,7582.86438,27.77606,0.0,0.0,25951.55994477989,11.910614716139708,51232.550460000006,187.66502,32300.0,0.0,34800.0,5762000.0,0.0,178.4,0.0,0.0,0.0,0.0,0.0
2023,INDIANA,MARION,11.971090853777277,0.0091200336543714,4174.66686,15.29182,1665.85146,6.10202,0.0,0.0,3646.322362775816,1.673500201385882,10761.52896,39.41952,3610.0,0.0,3700.0,671000.0,0.0,185.9,0.0,0.0,0.0,0.0,0.0
2022,ILLINOIS,GALLATIN,441.20636408526656,0.3356600841952422,21157.68018,77.50066,11833.46346,43.34602,0.0,0.0,12317.732733527007,6.084989808153167,53676.20076,196.61612,53700.0,0.0,54700.0,9811000.0,0.0,182.7,0.0,0.0,0.0,0.0,0.0
2022,IOWA,WAPELLO,460.8851948461921,0.3506401897380537,13546.14534,49.61958,5998.12122,21.97114,0.0,0.0,16089.397428635428,7.384319639940271,28596.82644,104.75028,54200.0,670.0,55500.0,9257000.0,12400.0,170.8,18.5,0.0,0.0,0.0,0.0
2021,MISSISSIPPI,GRENADA,388.87645484028303,0.2958400474927952,5362.67004,19.64348,2501.18232,9.161840000000002,171.21041570871216,0.0,15551.56232722449,7.680765501562201,11707.69782,42.88534,1300.0,0.0,1800.0,252000.0,0.0,193.8,0.0,0.0,0.0,0.0,0.0
2022,NEBRASKA,LINCOLN,35.82259131938777,0.0272612639157766,48655.13562,178.22394,32481.196020000003,118.97874,0.0,0.0,96564.87146380774,44.31899205929304,221683.371,812.027,171300.0,0.0,198500.0,28367000.0,0.0,165.6,0.0,0.0,0.0,0.0,0.0
2023,WISCONSIN,CLARK,33.532334851698906,0.0255004167082107,17909.29686,65.60181999999999,12233.05356,44.80972,0.0,0.0,45675.88497532564,22.56399782053476,100158.26184,366.88008,55200.0,26100.0,81800.0,8247000.0,561000.0,149.4,21.5,0.0,0.0,0.0,0.0
2023,SOUTH DAKOTA,UNION,192.91306210802003,0.1467601453163695,20508.0603,75.1211,10947.06522,40.09914,0.0,0.0,17251.66268450301,8.522363155612872,76735.14576,281.08112,115700.0,0.0,119500.0,20583000.0,0.0,177.9,0.0,0.0,0.0,0.0,0.0
2022,MISSOURI,CLINTON,1123.8459243546072,0.8550200849896229,18052.05402,66.12474,7324.1805,26.8285,0.0,0.0,15656.396640529269,7.73429786560608,32299.15416000001,118.31192,41100.0,0.0,43200.0,7850000.0,0.0,191.0,0.0,0.0,0.0,0.0,0.0
2022,MINNESOTA,STEARNS,322.8805829258209,0.2456406259698258,48519.80952,177.72823999999997,24274.71228,88.91836,0.0,0.0,50752.2493916524,25.071734138903043,142588.29312000002,522.30144,158100.0,60100.0,223000.0,29312000.0,1278000.0,185.4,21.5,0.0,0.0,0.0,0.0
2021,WISCONSIN,WALWORTH,269.72954144860466,0.2052200687675366,15656.48448,57.34976,6728.78934,24.64758,419.55307813070107,0.0,20328.765114212776,10.04017953265492,45159.35424,165.41888,87800.0,13900.0,103500.0,15690000.0,320000.0,178.7,23.0,0.0,0.0,0.0,0.0
2023,MISSOURI,JEFFERSON,66.66834244526505,0.0507201917074441,3556.0979999999995,13.026,1888.70682,6.918340000000001,0.0,0.0,22202.684763848687,10.19004732080856,9812.821199999998,35.944399999999995,3420.0,0.0,3600.0,404000.0,0.0,118.1,0.0,0.0,0.0,0.0,0.0
2023,TEXAS,TRAVIS,1.681698241575921,0.001280267220477,2826.8931600000005,10.35492,2643.8521200000005,9.68444,0.0,0.0,26264.91577343243,12.054431139972362,14750.29374,54.03038000000001,15500.0,0.0,15500.0,1445000.0,0.0,93.2,0.0,0.0,0.0,0.0,0.0
2021,TEXAS,FALLS,668.4937975106733,0.5085800534365961,30729.33864,112.56168,32413.6449,118.7313,181.124162302826,0.0,28777.23115621288,13.204474298637402,185605.96782,679.87534,65100.0,0.0,70400.0,6139000.0,0.0,94.3,0.0,0.0,0.0,0.0,0.0
2021,MICHIGAN,LAKE,0.0903943853134829,6.011061649574059e-05,975.7839,3.5743,534.70326,1.95862,145.05150555097168,0.0,21582.923371992543,9.903355726195628,4557.199920000001,16.69304,1590.0,0.0,1900.0,251000.0,0.0,157.9,0.0,0.0,0.0,0.0,0.0
2022,ILLINOIS,FORD,149.27489735386447,0.1135601950524904,29988.41664,109.84768,12398.08752,45.41424000000001,0.0,0.0,18077.78258606493,8.296900215744826,67118.02734,245.85358000000005,134900.0,0.0,137500.0,30015000.0,0.0,222.5,0.0,0.0,0.0,0.0,0.0
2021,IOWA,MITCHELL,214.47320079391588,0.1631800661905376,23931.24006,87.66022,9431.058,34.54600000000001,251.56574621668216,0.0,17923.061557807272,8.224022818882885,65124.76698,238.55226,143500.0,0.0,149000.0,29174000.0,0.0,203.3,0.0,0.0,0.0,0.0,0.0
2021,IOWA,CHICKASAW,186.55790646518813,0.1419400865191604,24137.65536,88.41632,9697.67526,35.52262,234.7321320469375,0.0,18903.585288657097,9.336297066872842,62814.28062,230.08894,136000.0,0.0,146000.0,28315000.0,0.0,208.2,0.0,0.0,0.0,0.0,0.0
2022,TEXAS,COLORADO,2503.1522090971234,1.9043802970633776,21972.077399999995,80.4838,32563.44546,119.28002,209287.937243376,0.0,36429.03936302926,16.71931295287725,155223.1044,568.5828,9870.0,0.0,11200.0,667000.0,0.0,67.6,0.0,0.0,0.0,0.0,0.0
2021,TEXAS,BELL,16.666857453802873,0.0126801848615351,4995.11922,18.29714,3145.05828,11.52036,1993.284358067267,0.0,36895.055476598005,16.929349774582448,13925.18946,51.00802,70600.0,0.0,75800.0,7702000.0,0.0,109.1,0.0,0.0,0.0,0.0,0.0
2022,PENNSYLVANIA,TIOGA,0.0001650357094338,5.615618248216917e-07,7569.208920000001,27.72604,5332.60728,19.53336,0.0,0.0,42553.72144850368,21.02164147532939,36900.934980000005,135.16826,9680.0,1990.0,12000.0,1087000.0,26900.0,112.3,13.5,0.0,0.0,0.0,0.0
2021,SOUTH CAROLINA,SUMTER,397.3046121432513,0.3022601069444398,6948.63624,25.45288,8605.0965,31.5205,441.919082775013,0.0,24096.940593939107,11.90124478253326,54254.71506,198.73522,27500.0,0.0,28800.0,4188000.0,0.0,152.3,0.0,0.0,0.0,0.0,0.0
2023,VIRGINIA,SOUTHAMPTON,20.573523861691022,0.0156601964210447,18615.25848,68.18776,7189.53144,26.33528,0.0,0.0,22379.30350627584,11.055430142480647,49989.150120000006,183.11044,14800.0,0.0,18100.0,2295000.0,0.0,155.1,0.0,0.0,0.0,0.0,0.0
2023,SOUTH DAKOTA,POTTER,9.683096536966488e-05,3.30745979270446e-07,9272.19384,33.96408,4014.77622,14.70614,0.0,0.0,32429.479517897704,16.020241437209364,38889.47244,142.45228,0.0,0.0,0.0,0.0,0.0,0.0,0.0,57900.0,64000.0,2621000.0,45.3
2021,TEXAS,HUTCHINSON,51.65068801730838,0.039300153878346,9306.85392,34.09104,7326.08604,26.83548,323.81079021042444,0.0,33326.40517667043,15.291869403019849,43439.197620000006,159.11793999999998,23300.0,0.0,26500.0,5114000.0,0.0,219.5,0.0,0.0,0.0,0.0,0.0
2023,NORTH DAKOTA,CAVALIER,17737.58719807058,13.494520263316303,53012.259300000005,194.1841,15744.357719999998,57.67164,0.0,0.0,57076.339740602205,28.19585009040907,140344.72452000002,514.08324,8060.0,0.0,8200.0,745000.0,0.0,92.4,0.0,302000.0,305000.0,13414000.0,44.4
2022,SOUTH CAROLINA,MARLBORO,726.3518899922334,0.5526001705878753,10784.49372,39.50364,2298.34878,8.41886,0.0,0.0,17941.045497370047,8.234143958151186,11778.25194,43.14378,15500.0,0.0,16500.0,1818000.0,0.0,117.3,0.0,0.0,0.0,0.0,0.0
2022,OHIO,PIKE,420.0213897297057,0.3195600966642898,3018.4681800000003,11.05666,1643.3235,6.019500000000001,0.0,0.0,16567.97723245797,8.184620886180996,7977.81348,29.22276,10900.0,0.0,11300.0,1893000.0,0.0,173.7,0.0,0.0,0.0,0.0,0.0
2022,NEW YORK,SARATOGA,0.0001094198464387,3.7231947466779293e-07,325.3614,1.1918,1453.66494,5.32478,0.0,0.0,28213.419279163376,13.937497466524714,9030.41958,33.07846,4280.0,4790.0,9100.0,607000.0,89000.0,141.8,18.5,0.0,0.0,0.0,0.0
2023,TENNESSEE,FRANKLIN,348.1214848287264,0.264840152975933,6123.90324,22.43188,3330.09768,12.19816,0.0,0.0,21040.41950449475,9.656619128762497,24009.71118,87.94766000000001,23400.0,0.0,23700.0,4544000.0,0.0,194.2,0.0,0.0,0.0,0.0,0.0
2022,MISSOURI,HOWARD,1458.5154301511525,1.109600106113979,18043.4163,66.0931,8846.095440000001,32.403279999999995,0.0,0.0,17525.136858261165,8.657460059898026,38061.114,139.418,36300.0,0.0,38100.0,4904000.0,0.0,135.1,0.0,0.0,0.0,0.0,0.0
2023,ILLINOIS,MONTGOMERY,700.590708200047,0.5330001411880942,44538.32292,163.14404,20223.68712,74.07944,0.0,0.0,26242.126263467897,12.043971765917984,131651.61828,482.24036,155200.0,0.0,157000.0,31444000.0,0.0,202.6,0.0,0.0,0.0,0.0,0.0
2022,KENTUCKY,MCLEAN,458.64332512869663,0.3489200864766393,15947.2131,58.4147,6314.28798,23.12926,0.0,0.0,9605.78047540446,4.408627093469705,29628.2532,108.5284,41000.0,0.0,42000.0,7600000.0,0.0,185.4,0.0,0.0,0.0,0.0,0.0
2023,KANSAS,CHEYENNE,1.0669131203672464,0.0008203863556378,12505.05984,45.80608,7946.52768,29.10816,0.0,0.0,37927.44995232796,17.407016938830154,57070.60632,209.04984,82200.0,0.0,89900.0,9264000.0,0.0,112.7,0.0,0.0,0.0,0.0,0.0
2023,MISSOURI,RAY,2296.72173795392,1.7473201316303284,22522.62558,82.50046,7839.37518,28.715660000000003,0.0,0.0,21330.9858212943,9.789976177674056,40563.57396,148.58452,44700.0,0.0,46200.0,7733000.0,0.0,173.0,0.0,0.0,0.0,0.0,0.0
2023,PENNSYLVANIA,CLEARFIELD,0.0001279114597079,3.956389668194957e-07,2170.94514,7.95218,1391.9451,5.098700000000001,0.0,0.0,42838.59039169794,21.16236742331805,12052.518660000002,44.14842,3780.0,0.0,6000.0,575000.0,0.0,152.1,0.0,0.0,0.0,0.0,0.0
2022,WISCONSIN,GREEN,210.652631904528,0.1602602463750088,18110.01192,66.33703999999999,9612.1935,35.209500000000006,0.0,0.0,21729.802332178788,9.973015263327774,54483.964080000005,199.57496000000003,97500.0,12500.0,111000.0,19416000.0,306000.0,199.1,24.5,0.0,0.0,0.0,0.0
2023,NEW YORK,OTSEGO,3.4791521209238705,0.0026403468615598,5227.95546,19.15002,4460.74902,16.33974,0.0,0.0,37557.12034458048,18.553308426502657,39875.59758,146.06446,9560.0,0.0,16200.0,1529000.0,0.0,159.9,0.0,0.0,0.0,0.0,0.0
2022,NEBRASKA,DAWSON,57.23306023541916,0.0435404767267867,41094.963,150.531,34919.50098,127.91026,0.0,0.0,38200.92413664685,17.532529457197583,191448.11322,701.27514,179000.0,0.0,194500.0,34296000.0,0.0,191.6,0.0,0.0,0.0,0.0,0.0
2022,OHIO,GEAUGA,5.8399970553793984e-05,1.98715745496624e-07,1658.79714,6.07618,1532.6438400000002,5.61408,0.0,0.0,15058.171883354216,6.911032863290986,8258.3319,30.250300000000003,1930.0,0.0,3000.0,301000.0,0.0,156.0,0.0,0.0,0.0,0.0,0.0
2023,MICHIGAN,MANISTEE,6.154856514087479e-05,1.9037395693204105e-07,1567.2984600000002,5.74102,999.69324,3.66188,0.0,0.0,20613.116113962576,10.182929292363768,8713.319160000001,31.91692,4360.0,0.0,5100.0,575000.0,0.0,131.9,0.0,0.0,0.0,0.0,0.0
2023,MINNESOTA,RICE,102.27725106523124,0.077800175068925,17801.598359999996,65.20732,6960.61548,25.49676,0.0,0.0,18721.586376533407,9.248509020137304,53817.87138,197.13506,86000.0,3070.0,89500.0,16736000.0,57000.0,194.6,18.5,0.0,0.0,0.0,0.0
2021,OHIO,LOGAN,97.58743906462816,0.0742400598882445,21094.86288,77.27056,6323.56998,23.16326,542.6534596264154,0.0,16942.53783248074,7.774108083862133,41407.1385,151.6745,68800.0,0.0,70200.0,13794000.0,0.0,200.5,0.0,0.0,0.0,0.0,0.0
2022,OHIO,WYANDOT,31.88369790070707,0.0242601971381139,21939.75966,80.36542,7233.4626,26.4962,0.0,0.0,15200.606356113463,7.509136361023632,40006.3482,146.5434,68800.0,0.0,71800.0,13781000.0,0.0,200.3,0.0,0.0,0.0,0.0,0.0
2021,NEW YORK,ULSTER,6.691278320969576e-05,2.152565871007958e-07,295.14576,1.08112,1569.0402,5.7474,999.4007820986268,0.0,41991.49854946195,20.739193055413647,10509.27696,38.49552,920.0,360.0,1300.0,128700.0,6700.0,139.9,18.5,0.0,0.0,0.0,0.0
2022,OKLAHOMA,ALFALFA,692.8473282694204,0.5271203006502079,9964.76208,36.50096,5027.944740000001,18.41738,0.0,0.0,32748.532729132898,16.1778544964163,24613.82196,90.16052,1560.0,0.0,2900.0,100300.0,0.0,64.3,0.0,0.0,0.0,0.0,0.0
2021,WISCONSIN,MARQUETTE,66.0301381266735,0.0502200556713179,11313.93354,41.44298,5345.64576,19.58112,177.36542378162534,0.0,17341.588190624756,7.957212920090864,33923.34036,124.26132,31500.0,1580.0,33700.0,4457000.0,32000.0,141.5,20.5,0.0,0.0,0.0,0.0
2022,IOWA,MONONA,413.00649139783104,0.3142203133701615,35920.91412,131.57844,19396.5408,71.0496,0.0,0.0,26287.705292984432,12.064890518426967,103920.24552,380.66024,163900.0,0.0,167000.0,27634000.0,0.0,168.6,0.0,0.0,0.0,0.0,0.0
2023,OHIO,PERRY,88.21869779276585,0.0671201304108719,6469.37928,23.69736,3303.03792,12.09904,0.0,0.0,15286.067032389565,7.01562662650264,20896.39188,76.54356,16900.0,0.0,17300.0,3243000.0,0.0,191.9,0.0,0.0,0.0,0.0,0.0
2022,MINNESOTA,RICE,97.59450026396811,0.0742402064351161,17097.187380000003,62.62706,6735.0465,24.6705,0.0,0.0,18721.58637653341,8.592377594267605,41069.6013,150.4381,84200.0,1250.0,85800.0,18229000.0,26900.0,216.5,21.5,490.0,500.0,24700.0,50.4
2023,WISCONSIN,ROCK,485.142823895625,0.3691001241406451,24388.88088,89.33656,11610.34056,42.52872,0.0,0.0,25512.86178960535,11.709271725040775,83280.89952,305.05824,128000.0,16200.0,145500.0,23962000.0,340000.0,187.2,21.0,0.0,0.0,0.0,0.0
2022,KANSAS,GEARY,196.5036998455596,0.1495201354612614,2291.4910200000004,8.39374,1154.18394,4.22778,0.0,0.0,13981.367310880703,6.416827335199433,4252.0023,15.5751,12000.0,0.0,12300.0,1804000.0,0.0,150.3,0.0,0.0,0.0,0.0,0.0
2023,NORTH CAROLINA,HENDERSON,3.700058848919501e-05,1.2638308238198606e-07,339.02232,1.24184,2027.3526,7.4262,0.0,0.0,12391.798656346122,6.121578553438986,13148.37342,48.16254000000001,1990.0,0.0,2100.0,360000.0,0.0,180.9,0.0,0.0,0.0,0.0,0.0
2022,INDIANA,JEFFERSON,84.64162502736042,0.0643801532679304,2903.55156,10.63572,2121.72324,7.77188,0.0,0.0,13348.958275612393,6.594417723926759,8729.2296,31.9752,15400.0,0.0,16000.0,2834000.0,0.0,184.0,0.0,0.0,0.0,0.0,0.0
2021,TENNESSEE,FAYETTE,1335.458060218797,1.01600006210627,21862.24404,80.08148,6996.54228,25.62836,329.09904375052463,0.0,26251.81248966067,12.965515070539624,32250.94782,118.13534,23200.0,0.0,24500.0,3833000.0,0.0,165.2,0.0,0.0,0.0,0.0,0.0
2023,SOUTH CAROLINA,DARLINGTON,301.10441591503115,0.2290801695831717,14852.13366,54.40342,5875.16202,21.52074,0.0,0.0,20704.27417328618,10.22796159448584,38408.10246,140.68902,19300.0,0.0,20100.0,2837000.0,0.0,147.0,0.0,0.0,0.0,0.0,0.0
2021,OKLAHOMA,LEFLORE,2850.4465835015462,2.168580199941851,2989.5684,10.9508,6276.79416,22.99192,544.8331621076891,0.0,60199.59607720599,27.622672065800987,26670.56028,97.69436,2700.0,0.0,3300.0,337000.0,0.0,124.8,0.0,0.0,0.0,0.0,0.0
2022,TENNESSEE,ROBERTSON,720.6635101146284,0.5482800988501412,13285.386659999998,48.66442,6854.38572,25.10764,0.0,0.0,17365.610254808,7.970044710058644,35361.84834,129.53058,37500.0,0.0,39000.0,3960000.0,0.0,105.6,0.0,0.0,0.0,0.0,0.0
2021,SOUTH DAKOTA,HUGHES,2.302484807598876,0.0017601441408183,7874.54304,28.84448,3690.40308,13.51796,324.84259451042607,0.0,28207.159221717324,12.942895963787912,31193.2257,114.2609,57600.0,0.0,64600.0,5391000.0,0.0,93.6,0.0,0.0,0.0,0.0,0.0
2021,GEORGIA,TOOMBS,4743.049518240719,3.608460060472392,1002.8928,3.6736,4030.47918,14.76366,658.7301219975201,0.0,13636.120627668255,6.7347474606319775,24033.30384,88.03408,4320.0,0.0,5000.0,765000.0,0.0,177.1,0.0,0.0,0.0,0.0,0.0
2022,ILLINOIS,SHELBY,413.3685307287572,0.3144803146545358,46426.93146,170.06202000000002,20878.488539999995,76.47798,0.0,0.0,28566.656756318647,13.110828138142828,107251.09668,392.86116,170300.0,0.0,173500.0,36529000.0,0.0,214.5,0.0,0.0,0.0,0.0,0.0
2022,NEW YORK,LEWIS,0.0007288994885922,6.427623566172176e-07,2282.80416,8.36192,1735.14432,6.35584,0.0,0.0,48706.89044747247,22.35430191385323,10228.168860000002,37.46582,9770.0,15200.0,25000.0,1485000.0,266000.0,152.0,17.5,0.0,0.0,0.0,0.0
2023,OHIO,CRAWFORD,50.4702390165729,0.0384001321325851,21365.105580000003,78.26046000000001,7506.8448,27.497599999999995,0.0,0.0,14653.65799668546,6.725378934907046,51032.33772,186.93164,73800.0,0.0,77200.0,15136000.0,0.0,205.1,0.0,0.0,0.0,0.0,0.0
2022,IOWA,WOODBURY,392.7831463801582,0.2988003646174204,40927.86516,149.91892,17788.576259999998,65.15962,0.0,0.0,31888.228534951235,14.635282228435518,107134.71678,392.43486,178200.0,12900.0,199000.0,35676000.0,245000.0,200.2,19.0,0.0,0.0,0.0,0.0
2021,CALIFORNIA,STANISLAUS,133940.7333217279,101.9003400724028,15549.75786,56.95882,76022.62668,278.47116000000005,2786.942017501053,0.0,52800.0623925556,24.22738529097265,276969.49644,1014.54028,0.0,24100.0,0.0,0.0,723000.0,0.0,30.0,0.0,0.0,0.0,0.0
2022,MISSOURI,PIKE,572.8029158698091,0.4357802614090597,23436.08904,85.84648,9230.61594,33.81178,0.0,0.0,25114.04528148089,11.52623264065378,42206.06208,154.60096,51200.0,0.0,54100.0,7777000.0,0.0,151.9,0.0,0.0,0.0,0.0,0.0
2021,WISCONSIN,SAUK,147.78760233560536,0.1124401348265221,18327.48372,67.13364,9654.49212,35.364439999999995,389.9507097481948,0.0,31222.83974642695,15.420657123647423,63994.35042,234.41154,66000.0,16400.0,83800.0,11306000.0,344000.0,171.3,21.0,0.0,0.0,0.0,0.0
2023,OHIO,DELAWARE,13.83244194730066,0.010540143204199,17584.07196,64.41052,5000.06598,18.31526,0.0,0.0,14340.30216788766,7.084144008087062,32787.835080000004,120.10196,34500.0,0.0,35500.0,6683000.0,0.0,193.7,0.0,0.0,0.0,0.0,0.0
2021,NORTH DAKOTA,EDDY,394.85011824918297,0.30040005566394,7224.84126,26.46462,1927.50558,7.060460000000001,69.48109457122973,0.0,24022.83124086309,11.022910994409424,23927.88762,87.64794,39000.0,3000.0,44300.0,3011000.0,27000.0,77.2,9.0,31000.0,33200.0,822000.0,26.5
2021,TENNESSEE,SUMNER,243.7193565296465,0.1854200531041122,7323.48708,26.82596,5871.8205,21.5085,650.3646152676669,0.0,17980.068754817898,8.880181225648524,34420.55526,126.08262,11400.0,0.0,12100.0,1805000.0,0.0,158.3,0.0,0.0,0.0,0.0,0.0
2022,INDIANA,POSEY,332.4370541236744,0.2529201165989468,26228.529599999994,96.0752,12610.19214,46.19118,0.0,0.0,15263.277517195496,7.00516725004813,59457.9531,217.79469999999995,76900.0,0.0,78200.0,14872000.0,0.0,193.4,0.0,0.0,0.0,0.0,0.0
2023,OHIO,LOGAN,94.90563676840362,0.0722001243222226,20460.8313,74.94810000000001,6476.8158,23.7246,0.0,0.0,16932.609469461877,8.364750094525785,45599.69778,167.03186,69400.0,0.0,72700.0,12714000.0,0.0,183.2,0.0,0.0,0.0,0.0,0.0
2022,ALABAMA,RUSSELL,18.59583111442777,0.0141403102912908,335.99747999999994,1.23076,1302.4174799999998,4.77076,0.0,0.0,23513.08186099656,10.79146145477531,6843.95712,25.069440000000004,610.0,0.0,700.0,60500.0,0.0,99.2,0.0,0.0,0.0,0.0,0.0
2023,GEORGIA,BANKS,2.614708252984875e-05,8.087472960649434e-08,311.75508,1.14196,1303.24194,4.77378,0.0,0.0,8756.871049642057,4.019015327523082,8018.64336,29.37232,290.0,0.0,300.0,45100.0,0.0,155.5,0.0,0.0,0.0,0.0,0.0
2022,ILLINOIS,EFFINGHAM,301.3305977091921,0.2292401286046999,23963.86902,87.77974,10340.9124,37.8788,0.0,0.0,17929.650750159446,8.857290902367737,51211.09266,187.58642,81800.0,0.0,83200.0,18070000.0,0.0,220.9,0.0,0.0,0.0,0.0,0.0
2021,SOUTH CAROLINA,HAMPTON,1172.7226529709674,0.8921801076971281,987.01512,3.61544,3502.2897,12.8289,182.44413771899,0.0,21035.654311591898,10.389305237610738,23839.62672,87.32464,7940.0,0.0,8300.0,1131000.0,0.0,142.4,0.0,0.0,0.0,0.0,0.0
2023,INDIANA,SHELBY,173.7982510996078,0.1322200901195709,24288.2913,88.9681,10377.4398,38.0126,0.0,0.0,15086.658777528375,6.9241070839424586,69823.3536,255.7632,82800.0,0.0,84800.0,16610000.0,0.0,200.6,0.0,0.0,0.0,0.0,0.0
2021,NORTH CAROLINA,NASH,2307.1594891006584,1.7552800268653863,29448.03498,107.86826,8786.18832,32.183840000000004,408.9895971897104,0.0,19473.657217193304,8.935515888553041,23124.23568,84.70416,6050.0,0.0,6200.0,838000.0,0.0,138.5,0.0,0.0,0.0,0.0,0.0
2021,TEXAS,MCLENNAN,31.54325664170473,0.0240001817244762,6895.707,25.259,5827.8238200000005,21.34734,547.8835386105873,0.0,37231.397910995394,17.083680988952338,30157.72578,110.46786,50000.0,0.0,63500.0,6035000.0,0.0,120.7,0.0,0.0,0.0,0.0,0.0
2021,MINNESOTA,SWIFT,1031.07541188709,0.7844200336837944,37943.10156,138.98572,15872.01798,58.13926,239.44119438630847,0.0,28087.444122471858,13.872115695107787,102702.79656,376.20072,0.0,0.0,0.0,0.0,0.0,0.0,0.0,2980.0,3200.0,192000.0,64.4
2023,WISCONSIN,KEWAUNEE,0.0075980720882279,1.3004383373329058e-07,330.3027,1.2099,4133.5749,15.1413,0.0,0.0,12750.733513934134,5.852021017456712,33438.98922,122.48714,24400.0,29700.0,55800.0,4075000.0,594000.0,167.0,20.0,0.0,0.0,0.0,0.0
2022,SOUTH CAROLINA,LEE,848.9735953571568,0.6458801880073938,5490.51594,20.111780000000003,5218.76082,19.11634,0.0,0.0,15456.988392495528,7.63578970804196,27698.0886,101.4582,25400.0,0.0,26500.0,3853000.0,0.0,151.7,0.0,0.0,0.0,0.0,0.0
2021,GEORGIA,EARLY,20557.66122563172,15.640020020628995,3171.51198,11.61726,15307.50312,56.07144,231.953031247146,0.0,19661.780956310857,9.710762538895178,97561.20738,357.36706000000004,12200.0,0.0,12800.0,2447000.0,0.0,200.6,0.0,0.0,0.0,0.0,0.0
2021,PENNSYLVANIA,FRANKLIN,442.6871697861763,0.3367800957294422,14769.97704,54.10248,8628.852959999998,31.60752,761.4559850604368,0.0,27448.96355479031,13.556776347556749,49752.75396,182.24452,23100.0,29100.0,53700.0,3763000.0,597000.0,162.9,20.5,0.0,0.0,0.0,0.0
2023,NORTH DAKOTA,STUTSMAN,2937.947632971136,2.235140511747027,34036.12757999999,124.67446,7723.443,28.291,0.0,0.0,85289.75902030306,39.144215649648,82243.04088,301.25656000000004,210000.0,0.0,220500.0,32319000.0,0.0,153.9,0.0,63600.0,63700.0,2891000.0,45.5
2022,MISSOURI,JOHNSON,3267.040790583842,2.48552017761769,20989.878,76.886,13349.73276,48.90012,0.0,0.0,30794.331833817523,14.133232171553267,54990.6084,201.4308,42900.0,0.0,45800.0,5024000.0,0.0,117.1,0.0,0.0,0.0,0.0,0.0
2021,NEW YORK,CORTLAND,0.0038095229342531,9.497473640484865e-08,5039.58,18.46,3954.96738,14.48706,362.633106956133,0.0,18527.33781434644,9.150472095726618,31017.1407,113.6159,6330.0,8790.0,15400.0,893000.0,167000.0,141.1,19.0,0.0,0.0,0.0,0.0
2022,ILLINOIS,JASPER,400.1585876647942,0.3044401587994141,30033.46164,110.01268,12687.4566,46.4742,0.0,0.0,18590.54668025561,8.532236187037913,64748.00514,237.17218,91900.0,0.0,93500.0,18711000.0,0.0,203.6,0.0,0.0,0.0,0.0,0.0
2021,DELAWARE,SUSSEX,692.6442956126992,0.5269601163398785,35911.42464,131.54368000000002,20889.21198,76.51726,612.5102981215222,0.0,33064.17208446234,16.33007327112572,125266.21926,458.85062,96000.0,0.0,98400.0,17500000.0,0.0,182.3,0.0,0.0,0.0,0.0,0.0
2023,TENNESSEE,MAURY,10.477865549770964,0.0079802027386652,4183.86696,15.32552,6522.7344,23.8928,0.0,0.0,22105.82933150084,10.92033323769316,37380.78708,136.92596,9660.0,0.0,10300.0,1889000.0,0.0,195.5,0.0,0.0,0.0,0.0,0.0
2021,IOWA,PAGE,782.619203980154,0.5954000784891021,27430.37934,100.47758,10803.702,39.574000000000005,262.96020097948474,0.0,19969.619805284423,9.862801154790226,63883.911,234.007,106400.0,0.0,108000.0,22014000.0,0.0,206.9,0.0,0.0,0.0,0.0,0.0
2022,PENNSYLVANIA,MONTGOMERY,0.513629283282136,0.000380099621322,3630.5997,13.2989,2750.7480000000005,10.076,0.0,0.0,7571.816282066761,3.475127762222676,12224.71068,44.77916,2680.0,0.0,3500.0,328000.0,0.0,122.4,0.0,0.0,0.0,0.0,0.0
2021,PENNSYLVANIA,ERIE,0.2376439492675325,0.000180141360294,14653.67904,53.67648,6595.63632,24.15984,540.8556380274489,0.0,27614.28442112109,12.670854500719894,31379.12232,114.94184,18500.0,0.0,20300.0,3127000.0,0.0,169.0,0.0,0.0,0.0,0.0,0.0
2023,ILLINOIS,CHRISTIAN,615.7990707043922,0.4684601457184846,53445.2919,195.7703,23878.6275,87.4675,0.0,0.0,26669.429660682246,13.174762854920449,159116.31371999998,582.84364,197800.0,0.0,200000.0,42883000.0,0.0,216.8,0.0,0.0,0.0,0.0,0.0
2021,CALIFORNIA,GLENN,16435.61419114296,12.50398003407631,42243.13548,154.73676,38683.22094000001,141.69678,343857.80347938003,0.0,49522.14878566701,22.72330987314116,170857.9509,625.8533,0.0,4300.0,0.0,0.0,123000.0,0.0,28.5,0.0,0.0,0.0,0.0
2022,NEBRASKA,DOUGLAS,119.61026292653692,0.0909800784841684,10243.74078,37.52286,5953.98804,21.80948,0.0,0.0,7526.237253131281,3.7179794341854655,28836.90264,105.62968,27000.0,0.0,27600.0,4544000.0,0.0,168.3,0.0,0.0,0.0,0.0,0.0
2022,MISSOURI,RALLS,334.0423177113121,0.2541201998835071,19655.73246,71.99902,6710.6949,24.5813,0.0,0.0,18060.690452901526,8.922024832945615,29430.9834,107.8058,48000.0,0.0,50500.0,8208000.0,0.0,171.0,0.0,0.0,0.0,0.0,0.0
2023,ILLINOIS,WILLIAMSON,213.9221796100604,0.1627401196045498,11742.36882,43.01234,4261.5846,15.6102,0.0,0.0,15764.646843184815,7.235273528247053,23989.53648,87.87376,20600.0,0.0,20800.0,3508000.0,0.0,170.3,0.0,0.0,0.0,0.0,0.0
2023,TENNESSEE,TIPTON,4728.462065734031,3.5973400194471115,19778.5497,72.4489,5796.61992,21.23304,0.0,0.0,16835.754035661383,8.316903275611123,31645.3137,115.9169,22900.0,0.0,24500.0,3852000.0,0.0,168.2,0.0,0.0,0.0,0.0,0.0
2023,ILLINOIS,VERMILION,281.51606825812587,0.2141802694244192,50966.59932,186.69084,21233.97822,77.78014,0.0,0.0,33164.44137361659,16.383314374265222,145745.72922,533.86714,215000.0,0.0,217500.0,43903000.0,0.0,204.2,0.0,0.0,0.0,0.0,0.0
2021,PENNSYLVANIA,FULTON,6.579266261613462,0.0050000843733827,2253.78972,8.25564,1669.8263399999998,6.11658,180.6671802059845,0.0,16634.698992664224,7.63285578525098,10486.13748,38.41076,7390.0,4520.0,12100.0,981000.0,79000.0,132.7,17.5,0.0,0.0,0.0,0.0
2023,TENNESSEE,HARDIN,6.534218867046148e-05,2.0210789615198722e-07,4667.6994,17.0978,1680.30954,6.15498,0.0,0.0,21883.63155374655,10.043616051645548,11573.73126,42.39462,8020.0,0.0,8200.0,1288000.0,0.0,160.6,0.0,0.0,0.0,0.0,0.0
2021,IOWA,HUMBOLDT,235.80056270090608,0.1794000741971534,27979.1148,102.4876,10302.07542,37.73654,241.8179725325924,0.0,16486.48028633779,8.142512395929051,70650.7074,258.79380000000003,126100.0,0.0,128000.0,25901000.0,0.0,205.4,0.0,0.0,0.0,0.0,0.0
2022,ILLINOIS,CHAMPAIGN,255.00905002390985,0.1940003757564659,59034.37722,216.24314,25489.72062,93.36894,0.0,0.0,35813.72245772853,17.6920656472877,136453.2351,499.8287,264500.0,0.0,268000.0,57952000.0,0.0,219.1,0.0,0.0,0.0,0.0,0.0
2022,KANSAS,GREENWOOD,144.10240575851336,0.1096205666686844,2192.76876,8.03212,1667.96448,6.10976,0.0,0.0,43254.49902601308,21.367827296143663,5971.924140000001,21.87518,6950.0,0.0,8100.0,434000.0,0.0,62.4,0.0,0.0,0.0,0.0,0.0
2023,IOWA,FAYETTE,355.82922616090457,0.270700196630275,30237.55644,110.76028,13443.89592,49.24504,0.0,0.0,27677.86569338416,13.672932697854565,94103.19828,344.70036000000005,180200.0,6120.0,189000.0,37103000.0,129000.0,205.9,21.0,0.0,0.0,0.0,0.0
2022,OHIO,LORAIN,0.0877169131265732,6.019365773107122e-05,5501.54514,20.15218,2422.70028,8.87436,0.0,0.0,14682.144889261705,7.253015140506639,11254.13562,41.22394,19800.0,0.0,21100.0,3598000.0,0.0,181.7,0.0,0.0,0.0,0.0,0.0
2021,NORTH DAKOTA,BARNES,1859.5562100340856,1.4147200884356002,33271.59108,121.87396,6285.906900000001,23.0253,231.69584259413887,0.0,56511.23067120149,27.910347645930287,73109.55288,267.80056,196600.0,920.0,202000.0,23513000.0,11500.0,119.6,12.5,71400.0,71500.0,3963000.0,55.5
2023,OHIO,VAN WERT,68.36404455671574,0.0520201532246077,23113.00992,84.66304,7300.90998,26.74326,0.0,0.0,15075.264020439776,7.447216943578531,51531.40902000001,188.75974,77900.0,0.0,82200.0,15268000.0,0.0,196.0,0.0,0.0,0.0,0.0,0.0
2023,ALABAMA,BARBOUR,560.2159328706922,0.4262002125502303,1034.8883999999998,3.7908,4264.79508,15.62196,0.0,0.0,33278.38893506044,16.439604745638718,29860.73454,109.37998,2140.0,0.0,2200.0,400000.0,0.0,186.9,0.0,0.0,0.0,0.0,0.0
2022,OHIO,PUTNAM,41.20217903153872,0.0313602004129605,23675.51004,86.72348000000001,6844.99998,25.07326,0.0,0.0,17929.650738247743,8.228914269223901,37010.883,135.571,72000.0,0.0,76800.0,13450000.0,0.0,186.8,0.0,0.0,0.0,0.0,0.0
2022,OHIO,COLUMBIANA,7.453011754578422e-05,2.536012900283793e-07,9108.16998,33.363260000000004,5019.63462,18.38694,0.0,0.0,19217.258328191103,8.819869030403003,27182.6373,99.5701,23600.0,0.0,25500.0,3790000.0,0.0,160.6,0.0,0.0,0.0,0.0,0.0
2022,SOUTH CAROLINA,BARNWELL,929.5754410849148,0.7072002122185852,1017.60204,3.72748,4319.15484,15.82108,0.0,0.0,20675.7872808552,9.4892691144242,24235.43304,88.77448000000001,3130.0,0.0,3300.0,471000.0,0.0,150.5,0.0,0.0,0.0,0.0,0.0
2022,PENNSYLVANIA,SULLIVAN,6.578006521136018e-05,2.2382776178373898e-07,709.254,2.598,548.36418,2.00866,0.0,0.0,16961.09636799398,8.37882269140572,3530.32134,12.93158,760.0,690.0,1500.0,99400.0,7200.0,130.8,10.5,0.0,0.0,0.0,0.0
2023,MINNESOTA,ISANTI,6.416929636324581,0.0048801536462006,11600.50164,42.49268,4478.854380000001,16.40606,0.0,0.0,16636.345786610786,8.218395117544675,39639.62730000001,145.2001,28500.0,0.0,31100.0,4412000.0,0.0,154.8,0.0,0.0,0.0,0.0,0.0
2021,KANSAS,KIOWA,110.65881927412208,0.0841801250998921,12604.84134,46.17158,9464.091,34.667,333.6287346611164,0.0,26953.000980115,12.367423633675047,51590.99946,188.97802,27300.0,0.0,28600.0,5001000.0,0.0,183.2,0.0,0.0,0.0,0.0,0.0
2022,NEBRASKA,FILLMORE,161.23890376806506,0.1226602138335764,38010.75642,139.23354,31017.708540000003,113.61798,0.0,0.0,21798.170875872544,10.004393391824578,162674.23536000002,595.87632,180100.0,0.0,186500.0,34579000.0,0.0,192.0,0.0,0.0,0.0,0.0,0.0
2021,PENNSYLVANIA,CLEARFIELD,6.830263603914244e-05,2.1972770550729678e-07,2118.75846,7.76102,1360.34262,4.98294,515.6430086989828,0.0,42863.70861564283,21.169969130863613,10890.15018,39.89066,4200.0,0.0,6500.0,570000.0,0.0,135.7,0.0,0.0,0.0,0.0,0.0
2023,KENTUCKY,LEWIS,1.360735322259195,0.0010401889644982,422.64768,1.54816,1313.03172,4.809640000000001,0.0,0.0,18527.87550544606,9.15281538058571,7574.67438,27.74606,2000.0,0.0,2000.0,325000.0,0.0,162.5,0.0,0.0,0.0,0.0,0.0
2023,OKLAHOMA,CRAIG,2664.070565647165,2.0267801959086977,4648.55118,17.02766,10861.56708,39.78596,0.0,0.0,28213.41927858231,13.937497466237678,34084.11552,124.85024,2740.0,0.0,3800.0,324000.0,0.0,118.2,0.0,0.0,0.0,0.0,0.0
2022,VIRGINIA,KING WILLIAM,69.15910196047828,0.0526201427776014,3883.47414,14.22518,1692.9767399999998,6.20138,0.0,0.0,10819.322137153917,4.965588879421578,8374.154879999998,30.67456,11200.0,0.0,12700.0,1960000.0,0.0,175.0,0.0,0.0,0.0,0.0,0.0
2022,NEBRASKA,BOX BUTTE,0.0001571474046721,5.34720537975705e-07,26161.30062,95.82894,14671.3476,53.7412,0.0,0.0,40519.75725564535,18.596770987578928,72675.17166,266.20942,80800.0,0.0,83500.0,12896000.0,0.0,159.6,0.0,0.0,0.0,0.0,0.0
2022,MISSOURI,AUDRAIN,1239.8585930412455,0.9432601875892828,39048.511320000005,143.03484,14850.62124,54.39788,0.0,0.0,26122.481302271088,12.904569040968042,65170.62552,238.72024,100800.0,0.0,106000.0,16753000.0,0.0,166.2,0.0,0.0,0.0,0.0,0.0
2022,OHIO,MORROW,21.923331325225348,0.0166801747038083,16253.966819999998,59.53834,5371.12758,19.67446,0.0,0.0,15183.51421423417,6.968559432557368,27538.78218,100.87466,42600.0,0.0,44100.0,7711000.0,0.0,181.0,0.0,0.0,0.0,0.0,0.0
2022,TENNESSEE,MCMINN,216.90227710222936,0.1650201931740376,1152.24018,4.22066,3498.55506,12.81522,0.0,0.0,15838.712764260752,7.824362472361874,16861.39728,61.76336,4800.0,0.0,5600.0,730000.0,0.0,152.1,0.0,0.0,0.0,0.0,0.0
2023,NEBRASKA,DAKOTA,124.08631649483024,0.0944000554969617,11795.6202,43.2074,6248.980920000001,22.89004,0.0,0.0,9771.00445740192,4.484457571314795,44281.0095,162.2015,62500.0,0.0,63400.0,12294000.0,0.0,196.7,0.0,0.0,0.0,0.0,0.0
2021,OHIO,ASHTABULA,4.0787183897459016e-05,1.312112511551809e-07,6219.62796,22.78252,3298.51704,12.08248,367.3778179850584,0.0,25596.22976822481,12.641729135450012,18039.47418,66.07866000000001,18700.0,0.0,21300.0,3216000.0,0.0,172.0,0.0,0.0,0.0,0.0,0.0
2023,LOUISIANA,EAST CARROLL,7932.357441379346,6.0348200743583496,40788.60786,149.40882,25048.3506,91.7522,20255.444226,0.0,15736.15994581483,7.222199306128842,135442.3161,496.1257,62700.0,0.0,63100.0,11161000.0,0.0,178.0,0.0,0.0,0.0,0.0,0.0
2023,OHIO,PICKAWAY,278.2663627325086,0.2116801253087868,25893.3129,94.8473,10191.70698,37.33226,0.0,0.0,18413.92793310736,8.451176017498733,64908.5346,237.7602,87000.0,0.0,92100.0,17532000.0,0.0,201.5,0.0,0.0,0.0,0.0,0.0
2021,NEBRASKA,BOX BUTTE,6.460544585900062e-05,2.0783394617067136e-07,28501.2,104.4,14918.65284,54.64708,276.95071307471073,0.0,40543.51584171538,18.603451110436247,85117.96565999999,311.78742,94600.0,0.0,100000.0,13698000.0,0.0,144.8,0.0,0.0,0.0,0.0,0.0
2023,OKLAHOMA,WAGONER,1615.5273443139824,1.2290801260801458,3241.9296,11.8752,6509.03526,23.84262,0.0,0.0,21296.80155642014,10.5206715570594,23511.7428,86.1236,4700.0,0.0,5400.0,515000.0,0.0,109.6,0.0,0.0,0.0,0.0,0.0
2023,ARKANSAS,CHICOT,10404.62821971376,7.915680042886793,53525.046120000006,196.06244,25473.5481,93.3097,98632.43046,0.0,24874.75537216112,12.28818940907181,124095.27312,454.56144,42500.0,0.0,43200.0,7591000.0,0.0,178.6,0.0,0.0,0.0,0.0,0.0
2021,NEW YORK,BROOME,3.995145542703015e-05,1.2852273560317172e-07,837.88614,3.06918,1839.0372,6.7364,594.6004290674673,0.0,25071.763602413423,12.382700392977702,14417.13,52.81,1990.0,3840.0,5900.0,303000.0,69000.0,152.3,18.0,0.0,0.0,0.0,0.0
2021,GEORGIA,COLQUITT,37737.93132314963,28.710540010498743,2752.29864,10.08168,12177.72738,44.60706,326.8606669499418,0.0,20630.90323935733,10.189402616451106,76194.70404,279.10148,5690.0,0.0,6100.0,1165000.0,0.0,204.7,0.0,0.0,0.0,0.0,0.0
2022,PENNSYLVANIA,COLUMBIA,0.0092499119939049,2.3788748352351138e-07,8017.769760000001,29.36912,3799.49934,13.91758,0.0,0.0,18026.506187736835,8.27336662370578,20630.39706,75.56922,15000.0,4720.0,20400.0,1463000.0,68000.0,97.5,14.5,0.0,0.0,0.0,0.0
2023,MISSOURI,STODDARD,19322.5903396263,14.70036006800365,65009.85582,238.13134,51536.52504,188.77848,199008.07002,0.0,30942.463678293632,14.201218116540794,283487.52432,1038.41584,86000.0,0.0,88700.0,14912000.0,0.0,173.4,0.0,0.0,0.0,0.0,0.0
2021,GEORGIA,WARE,69.94823041425241,0.0532201617156557,382.42932,1.40084,1990.0608,7.2896,312.0638195294384,0.0,33651.346181723915,15.440969054981176,12582.160500000002,46.0885,1890.0,0.0,2200.0,260000.0,0.0,137.6,0.0,0.0,0.0,0.0,0.0
2023,ARKANSAS,LONOKE,23341.34202,17.7578,47753.15454,174.91997999999998,25725.15582,94.23134,362764.11438,0.0,29404.171429786184,13.495210218295666,101376.34416,371.34192,39400.0,0.0,40600.0,6836000.0,0.0,173.5,0.0,0.0,0.0,0.0,0.0
2022,MISSISSIPPI,MADISON,538.8144912661426,0.4099403133520565,8257.42008,30.24696,8410.49118,30.80766,0.0,0.0,25820.52023245034,12.755399541022888,36528.75954000001,133.80498,8660.0,0.0,8700.0,1523000.0,0.0,175.9,0.0,0.0,0.0,0.0,0.0
2021,KANSAS,REPUBLIC,493.16607751607313,0.3752001252903012,21846.30084,80.02308,13299.05304,48.71448,167.38236768561762,0.0,26941.59952877964,12.36219206117568,74431.88298,272.64426,122900.0,0.0,126500.0,19651000.0,0.0,159.9,0.0,0.0,0.0,0.0,0.0
2022,ILLINOIS,FRANKLIN,537.515981187215,0.4089401429087684,21047.830440000005,77.09828,7323.76008,26.82696,0.0,0.0,15525.356937060867,7.125450077041493,34719.64314,127.17818,34100.0,0.0,34700.0,6005000.0,0.0,176.1,0.0,0.0,0.0,0.0,0.0
2023,MINNESOTA,WASECA,63.047926661499446,0.0479401443357775,21823.32516,79.93892,8143.33338,29.82906,0.0,0.0,16209.042376613132,7.4392313632096,64320.68370000001,235.6069,111200.0,150.0,111500.0,22418000.0,3500.0,201.6,23.5,0.0,0.0,0.0,0.0
2021,SOUTH DAKOTA,ZIEBACH,0.0001180466491836,3.7975283052150457e-07,548.64264,2.0096800000000004,262.1346,0.9602,161.10287736628692,0.0,74080.84763757214,33.99210449892105,1374.66966,5.03542,0.0,0.0,0.0,0.0,0.0,0.0,0.0,11200.0,16500.0,353000.0,31.5
2022,SOUTH DAKOTA,TURNER,157.0454609529215,0.1194802762308888,17139.1857,62.7809,8080.193940000001,29.59778,0.0,0.0,23211.12079843903,11.466349899757214,54621.58338,200.07906,127500.0,0.0,152500.0,13490000.0,0.0,105.8,0.0,0.0,0.0,0.0,0.0
2023,MARYLAND,QUEEN ANNES,60.39267933481667,0.0459401209861724,17149.17204,62.81748,6889.79382,25.23734,0.0,0.0,14123.801778846217,6.482198437123381,47778.003,175.011,54700.0,0.0,55700.0,9891000.0,0.0,180.8,0.0,0.0,0.0,0.0,0.0
2022,GEORGIA,TERRELL,4077.8339500088528,3.102360034171038,1659.98196,6.08052,7688.4171,28.1627,0.0,0.0,12585.50953135562,5.776190539344942,46427.17716,170.06292,16500.0,0.0,16600.0,3122000.0,0.0,189.2,0.0,0.0,0.0,0.0,0.0
2023,ILLINOIS,LA SALLE,267.62963180533364,0.2036203828279853,66102.64752,242.13424,28606.6872,104.7864,0.0,0.0,41733.29892069232,19.153732775044222,197965.58964,725.14868,277500.0,0.0,280500.0,55403000.0,0.0,199.7,0.0,0.0,0.0,0.0,0.0
2022,NEBRASKA,CUMING,139.80607343467366,0.1063802508636591,25880.73306,94.80122,15248.12562,55.85394,0.0,0.0,21558.88096873174,9.894569940152332,81591.7284,298.87080000000003,152800.0,0.0,164000.0,25762000.0,0.0,168.6,0.0,0.0,0.0,0.0,0.0
2022,MISSOURI,STE GENEVIEVE,111.34835764815097,0.0847001954059683,7213.98132,26.42484,3598.24374,13.18038,3067.811294958,0.0,18995.060563510648,8.717890113855109,15085.04088,55.25656,10500.0,0.0,11200.0,1765000.0,0.0,168.1,0.0,0.0,0.0,0.0,0.0
2022,MISSOURI,CARROLL,4797.878167743534,3.650140025276852,35138.71998,128.71326,12242.53212,44.84444,0.0,0.0,26293.40267225505,12.06750536275727,53428.28946,195.70802,82200.0,0.0,86300.0,14673000.0,0.0,178.5,0.0,0.0,0.0,0.0,0.0
2021,IOWA,MARSHALL,438.0833594444464,0.3332600641202729,34933.27656,127.96072,13314.0462,48.7694,344.2835732447284,0.0,21138.267265658706,9.699324626193508,85841.86884,314.43908,122300.0,12600.0,136000.0,25866000.0,315000.0,211.5,25.0,0.0,0.0,0.0,0.0
2021,INDIANA,SHELBY,177.2242957723689,0.1348400498572512,24877.66008,91.12696,10172.83722,37.26314000000001,636.5092554966066,0.0,15095.504775267544,6.926594283791767,63101.08350000001,231.13950000000008,86500.0,0.0,87900.0,16357000.0,0.0,189.1,0.0,0.0,0.0,0.0,0.0
2022,GEORGIA,BERRIEN,16754.829362050466,12.746840007510864,1807.7514,6.6218,9627.79272,35.26664,0.0,0.0,17012.372775328502,8.40415336083809,52124.76906,190.93322,7000.0,0.0,7200.0,1067000.0,0.0,152.4,0.0,0.0,0.0,0.0,0.0
2021,MINNESOTA,ANOKA,16.75615938462542,0.0127600621842696,8437.56186,30.906820000000003,3431.2714800000003,12.56876,884.2981757803872,0.0,12627.09330587131,5.793960097091444,24690.0381,90.4397,4100.0,0.0,5400.0,458000.0,0.0,111.7,0.0,0.0,0.0,0.0,0.0
2021,NEBRASKA,GARFIELD,15.610893855214286,0.0118801093524502,3033.70158,11.11246,1845.38172,6.75964,229.526731486512,0.0,21332.09171686098,9.788261257047772,14999.75022,54.94414,12700.0,0.0,13100.0,2649000.0,0.0,208.6,0.0,0.0,0.0,0.0,0.0
2023,NEBRASKA,LOGAN,0.6430840626296531,0.0005001981119858,3719.85978,13.62586,2494.87602,9.13874,0.0,0.0,21484.81505072089,10.613550678677408,24206.15652,88.66724,21500.0,0.0,22500.0,4356000.0,0.0,202.6,0.0,0.0,0.0,0.0,0.0
2023,INDIANA,DEARBORN,20.0895906773668,0.0152800935648853,2692.26594,9.86178,1459.5672,5.3464,0.0,0.0,11052.914662118796,5.072797485430122,9008.33388,32.99756,7790.0,0.0,8000.0,1473000.0,0.0,189.1,0.0,0.0,0.0,0.0,0.0
2023,MISSOURI,HOWARD,1517.7450162389114,1.1546800390247194,18695.9955,68.4835,9109.92264,33.36968,0.0,0.0,17525.136858261165,8.65746005989803,49504.897260000005,181.33662,42000.0,0.0,43000.0,6262000.0,0.0,149.1,0.0,0.0,0.0,0.0,0.0
2022,IOWA,SCOTT,252.21293255365,0.1918601795211866,21221.26188,77.73356000000001,10503.5385,38.4745,0.0,0.0,15690.580919203583,7.201280554953248,55703.182080000006,204.04096,101900.0,0.0,104500.0,22031000.0,0.0,216.2,0.0,0.0,0.0,0.0,0.0
2021,MINNESOTA,RENVILLE,2881.91829949268,2.1925201257918294,149859.86106,548.93722,52215.77634,191.26658,408.7418570258912,0.0,37191.49288067522,18.36851690260168,134896.76928,494.12736,243500.0,3990.0,250500.0,43116000.0,88000.0,177.1,22.0,1350.0,1400.0,77600.0,57.5
2023,MISSISSIPPI,HUMPHREYS,3755.5489446353,2.857180087290309,33233.13084,121.73308,15108.617160000002,55.34292,21203.587571400003,0.0,16072.30529372884,7.376475108282763,82122.76800000001,300.816,36600.0,0.0,37500.0,6822000.0,0.0,186.4,0.0,0.0,0.0,0.0,0.0
2022,COLORADO,WELD,395.4790458941026,0.3008819279261935,50688.8655,185.6735,35329.51422,129.41214,0.0,0.0,147436.76580300208,67.66693471258972,190366.54728,697.3133600000001,80300.0,0.0,109500.0,10399000.0,0.0,129.5,0.0,0.0,0.0,0.0,0.0
2022,ALABAMA,COLBERT,306.58117470027906,0.2332402551737592,4339.00194,15.89378,2887.19886,10.57582,0.0,0.0,22385.000881624303,11.05824465970379,19257.57288,70.54056,17100.0,0.0,17700.0,1607000.0,0.0,94.0,0.0,0.0,0.0,0.0,0.0
2023,PENNSYLVANIA,BEAVER,4.339701206086027e-05,1.342299513586363e-07,2615.3946,9.5802,1888.76688,6.91856,0.0,0.0,14534.01304420454,6.670467209570947,14100.9414,51.6518,3840.0,0.0,5000.0,622000.0,0.0,162.0,0.0,0.0,0.0,0.0,0.0
2023,ILLINOIS,PERRY,409.4120696885554,0.311480099758578,22134.75264,81.07968,8276.1042,30.3154,0.0,0.0,16533.792964242715,8.167733774876595,48689.32068,178.34916,50900.0,0.0,51600.0,8409000.0,0.0,165.2,0.0,0.0,0.0,0.0,0.0
2023,NEBRASKA,HITCHCOCK,8.60677914548146,0.006540244477237,9695.63322,35.515139999999995,6657.20874,24.38538,0.0,0.0,26828.95626079431,13.253569381804176,44422.33068,162.71916,63900.0,0.0,68700.0,7003000.0,0.0,109.6,0.0,0.0,0.0,0.0,0.0
2023,MINNESOTA,CHIPPEWA,1927.4239034173709,1.4663601285784855,74872.96362,274.25994,27433.67718,100.48966,0.0,0.0,21838.05252611846,10.78805084718662,89206.11882,326.76234,145500.0,4920.0,150500.0,28358000.0,108000.0,194.9,22.0,870.0,900.0,50900.0,58.5
2022,OHIO,ADAMS,0.2090054226369436,0.000160290667829,3275.2083,11.9971,3028.45452,11.093240000000002,0.0,0.0,22026.06602345524,10.108987154369528,13541.44428,49.60236,14400.0,0.0,15300.0,2467000.0,0.0,171.3,0.0,0.0,0.0,0.0,0.0
2022,IOWA,MONROE,436.2503256087711,0.331900155503412,12271.35546,44.95002,5326.25184,19.51008,0.0,0.0,16106.489568524592,7.392164173884566,25810.74132,94.54484,22600.0,470.0,23500.0,3286000.0,8000.0,145.4,17.0,0.0,0.0,0.0,0.0
2021,KENTUCKY,CLINTON,1.213623111210964e-05,3.90419223972838e-08,344.64612,1.26244,1397.36688,5.11856,163.09623597467245,0.0,7616.161018784859,3.7615479124576017,7196.26908,26.35996,1800.0,0.0,2200.0,309000.0,0.0,171.7,0.0,0.0,0.0,0.0,0.0
2023,KANSAS,GOVE,1.6249204362375789,0.001240372539418,9609.58362,35.19994,4789.41372,17.54364,0.0,0.0,40337.441141937146,19.92679363529136,40905.49554,149.83698,86800.0,0.0,102000.0,5000000.0,0.0,57.6,0.0,0.0,0.0,0.0,0.0
2023,IOWA,CHEROKEE,78.08789718402464,0.0594201941852915,26009.91666,95.27442,9409.458240000002,34.46688,0.0,0.0,21655.736415315536,10.697986246817573,81673.18614,299.16918000000004,141100.0,2380.0,148500.0,29871000.0,51000.0,211.7,21.5,0.0,0.0,0.0,0.0
2023,IOWA,HUMBOLDT,230.99440054898352,0.1757401377249077,27271.32408,99.89496,10493.87976,38.43912,0.0,0.0,16476.81917400595,8.13958858448949,78291.03282,286.78034,128200.0,0.0,129500.0,26384000.0,0.0,205.8,0.0,0.0,0.0,0.0,0.0
2021,NEBRASKA,HOWARD,141.26673252546283,0.1074601071767541,22595.77866,82.76842,16887.61074,61.85938,128.47665771502452,0.0,21617.127688222165,9.91905042635996,111304.80816,407.70992,101500.0,0.0,104500.0,20158000.0,0.0,198.6,0.0,0.0,0.0,0.0,0.0
2021,TENNESSEE,CANNON,73.91268983387073,0.0562200295882231,2068.248,7.576,2180.36364,7.98668,120.45963479255752,0.0,9907.850188436594,4.893390922452228,11733.20694,42.97878,5750.0,0.0,6100.0,984000.0,0.0,171.1,0.0,0.0,0.0,0.0,0.0
2023,TEXAS,OCHILTREE,0.0001019344948181,3.152904228064665e-07,16494.70914,60.42018,11187.50178,40.97986,0.0,0.0,34138.6931262351,15.668145637653769,70484.8053,258.1861,34600.0,0.0,35100.0,6159000.0,0.0,178.0,0.0,0.0,0.0,0.0,0.0
2023,ILLINOIS,PUTNAM,15.523097569136116,0.0117800601159117,7553.41314,27.66818,3472.5599999999995,12.72,0.0,0.0,6096.195200887732,2.797883149477453,23868.07332,87.42884,30800.0,0.0,31200.0,6582000.0,0.0,213.7,0.0,0.0,0.0,0.0,0.0
2023,GEORGIA,MACON,3359.9128972996746,2.556160058750622,1240.66488,4.54456,5301.94392,19.42104,0.0,0.0,15046.777133819382,7.433144352583007,32330.445420000004,118.42654,6490.0,0.0,11400.0,1263000.0,0.0,194.6,0.0,0.0,0.0,0.0,0.0
2022,IOWA,WINNEBAGO,233.3390282590016,0.1775201670900346,21722.34792,79.56904,8738.17308,32.00796,0.0,0.0,15183.51421176467,6.968559431423976,54394.00512,199.24544,113400.0,0.0,115000.0,24666000.0,0.0,217.5,0.0,0.0,0.0,0.0,0.0
2023,WISCONSIN,SHEBOYGAN,17.019772587587784,0.0129601793072807,10166.98956,37.24172,5616.772980000001,20.57426,0.0,0.0,18351.25677202533,8.422412734865645,40055.91408,146.72496,39400.0,14700.0,54300.0,7210000.0,287000.0,183.0,19.5,0.0,0.0,0.0,0.0
2021,MISSISSIPPI,PRENTISS,2.4835670557057528e-05,7.98956705435214e-08,2251.8678,8.2486,908.03076,3.32612,218.86373991215527,0.0,15585.76663749476,7.15155165110206,5372.60178,19.67986,3000.0,0.0,3500.0,415000.0,0.0,138.3,0.0,0.0,0.0,0.0,0.0
2022,ILLINOIS,MACOUPIN,827.1748507211546,0.6293003127488911,48463.19478,177.52086000000003,22374.88344,81.95928,0.0,0.0,32081.9394154808,14.724186928932175,115021.3701,421.3237,163500.0,0.0,166500.0,34204000.0,0.0,209.2,0.0,0.0,0.0,0.0,0.0
2021,IOWA,CERRO GORDO,524.5457676056488,0.3990600893061645,32818.85334,120.21558,12448.70172,45.59964,311.7730500180772,0.0,21309.2888377951,10.524450670891008,87006.27936000002,318.70431999999994,158500.0,0.0,161500.0,31700000.0,0.0,200.0,0.0,0.0,0.0,0.0,0.0
2021,IOWA,WORTH,353.9446361522305,0.2692800509955201,23587.3365,86.4005,8597.73096,31.49352,280.78264120223207,0.0,15334.934985531823,7.573775362709373,60050.09556,219.96372,105900.0,0.0,108500.0,21964000.0,0.0,207.4,0.0,0.0,0.0,0.0,0.0
2023,MISSOURI,LIVINGSTON,4301.264020959317,3.272340142398417,18173.36976,66.56912,4361.00028,15.97436,0.0,0.0,20088.9572719076,9.21994017407087,21124.29774,77.37838,45800.0,0.0,47300.0,6536000.0,0.0,142.7,0.0,0.0,0.0,0.0,0.0
2022,NORTH DAKOTA,EMMONS,1.080519832336185,0.0008207480352881,8994.00138,32.94506,3198.29874,11.71538,0.0,0.0,56706.01012113184,28.01290636132482,29229.74964,107.06868,130900.0,6390.0,140000.0,12551000.0,96000.0,95.9,15.0,55800.0,56200.0,1953000.0,35.0
2021,NORTH DAKOTA,GRANT,0.6549996729949851,0.0005003206639328,3725.67468,13.64716,1391.21892,5.09604,156.9117683437521,0.0,62553.99316045893,28.70299058587822,17037.96822,62.41014,55500.0,0.0,75300.0,3324000.0,0.0,59.9,0.0,92400.0,101500.0,1340000.0,14.5
2022,COLORADO,MESA,2472.756774154112,1.8812416331081,1297.5690000000002,4.753,7768.87566,28.45742,0.0,0.0,123752.76257696054,56.7970279339056,39478.7211,144.6107,1710.0,0.0,3300.0,402000.0,0.0,235.1,0.0,0.0,0.0,0.0,0.0
2022,ILLINOIS,LA SALLE,256.19876776837583,0.1949205050039543,63704.50086,233.34982,27536.37978,100.86586,0.0,0.0,41733.29892069233,20.616350759244668,150654.38387999998,551.84756,275000.0,0.0,279000.0,60500000.0,0.0,220.0,0.0,0.0,0.0,0.0,0.0
2021,PENNSYLVANIA,WESTMORELAND,26.35439450119089,0.0200401752598963,6180.62172,22.63964,5169.2823,18.9351,1019.1082238416994,0.0,34540.65839947884,15.849031257319703,38740.73112,141.90744,10600.0,0.0,16400.0,1670000.0,0.0,157.5,0.0,0.0,0.0,0.0,0.0
2021,LOUISIANA,AVOYELLES,16777.66896112801,12.76422,44008.16784,161.20208,17211.27408,63.04496,71722.89069300001,0.0,32203.36347698608,14.77656008853847,62061.84894,227.33278,16500.0,0.0,16800.0,2588000.0,0.0,156.8,0.0,0.0,0.0,0.0,0.0
2023,MISSISSIPPI,STONE,5.040585916972042e-05,1.7217152786210073e-07,0.0,0.0,1303.97904,4.77648,0.0,0.0,16881.33306619477,7.747782964650631,8606.7891,31.5267,780.0,0.0,800.0,130100.0,0.0,166.8,0.0,0.0,0.0,0.0,0.0
2021,KENTUCKY,HICKMAN,1760.951287039104,1.339720022144113,16216.00344,59.39928,7738.62726,28.34662,166.626443188685,0.0,9246.566746849096,4.566789457079964,39960.72444,146.37628,40500.0,0.0,43500.0,8110000.0,0.0,200.2,0.0,0.0,0.0,0.0,0.0
2023,OHIO,HURON,3.11861392058849,0.0023601666072836,21043.83918,77.08366,7989.8091,29.2667,0.0,0.0,18168.94065424969,8.975500694630881,53171.37462,194.76694,59200.0,0.0,62600.0,11802000.0,0.0,199.4,0.0,0.0,0.0,0.0,0.0
2023,KANSAS,KINGMAN,1333.413811416137,1.014440072980142,13711.17384,50.22408,6717.350640000001,24.60568,0.0,0.0,32475.058542155653,16.042757585600885,41717.70876,152.81212,12000.0,0.0,13000.0,1632000.0,0.0,136.0,0.0,0.0,0.0,0.0,0.0
2021,MISSISSIPPI,UNION,329.2312958612478,0.2504800475624328,1616.92986,5.92282,812.73192,2.97704,279.5973890277596,0.0,15574.3651992845,7.14632008462516,3848.68848,14.09776,3110.0,0.0,3300.0,503000.0,0.0,161.7,0.0,0.0,0.0,0.0,0.0
2023,MINNESOTA,RENVILLE,2786.51425623932,2.119940223330188,144545.94882,529.47234,50899.1574,186.4438,0.0,0.0,37169.69858715297,18.36192113986456,148222.29786,542.9388200000001,262000.0,210.0,262500.0,54578000.0,3200.0,208.3,15.0,1460.0,1500.0,89500.0,61.3
2021,IDAHO,CANYON,4486.018992581867,3.412900044888426,56005.28388,205.14756,34901.450220000006,127.84414,444.9038595890878,0.0,20197.648573123297,9.975422347216304,127453.52802,466.86274,14700.0,0.0,38200.0,3069000.0,0.0,208.8,0.0,4930.0,5100.0,456000.0,92.5
2023,IOWA,HOWARD,155.55490292892014,0.1183601280104191,21732.95124,79.60788,8573.15004,31.403480000000005,0.0,0.0,17838.492684879988,8.812258597303462,62383.64496,228.51152,125900.0,0.0,133000.0,23153000.0,0.0,183.9,0.0,0.0,0.0,0.0,0.0
2023,KANSAS,SMITH,61.10559815200633,0.0465003355487103,14112.7623,51.6951,6537.6129,23.9473,0.0,0.0,33534.770986913194,16.56625810029961,40328.68476,147.72412,102900.0,0.0,106500.0,9354000.0,0.0,90.9,0.0,0.0,0.0,0.0,0.0
2021,MISSOURI,RANDOLPH,1469.245398449745,1.1177600617985577,17897.48688,65.55856,5908.5936,21.6432,295.1147151716478,0.0,18185.294651468863,8.344348854654363,27590.73408,101.06496,25700.0,0.0,26800.0,3899000.0,0.0,151.7,0.0,0.0,0.0,0.0,0.0
2021,IOWA,AUDUBON,162.53354324395207,0.1236600775642919,24829.71036,90.95132,9135.90132,33.464839999999995,236.4272568016303,0.0,16623.297548203922,8.210085111958998,61273.54506,224.44522,104400.0,0.0,106000.0,22547000.0,0.0,216.0,0.0,0.0,0.0,0.0,0.0
2022,ILLINOIS,JACKSON,637.4117404525156,0.4849202088530575,18336.11598,67.16526,5652.12648,20.70376,0.0,0.0,21980.48699771558,10.85841382118094,24010.53018,87.95066,30000.0,0.0,30500.0,5247000.0,0.0,174.9,0.0,0.0,0.0,0.0,0.0
2021,KANSAS,MONTGOMERY,2148.337231376894,1.634440106223603,3985.34682,14.59834,9612.79956,35.21172,337.7247283497232,0.0,23771.99958452513,10.907816524708007,38027.98272,139.29664000000002,25400.0,0.0,26500.0,2865000.0,0.0,112.8,0.0,0.0,0.0,0.0,0.0
2023,NEBRASKA,WEBSTER,31.176302574605,0.0237201927510449,16614.96564,60.86068,12266.74722,44.93314,0.0,0.0,21672.82854519596,10.706429800381525,79648.42704000001,291.75248,92200.0,0.0,98200.0,13581000.0,0.0,147.3,0.0,0.0,0.0,0.0,0.0
2021,SOUTH CAROLINA,ALLENDALE,961.5576241770482,0.7315600793847538,1118.81406,4.09822,3937.206,14.422000000000002,183.25823181721347,0.0,15505.956560139168,7.658241256400799,26617.31982,97.49934,8570.0,0.0,8900.0,1218000.0,0.0,142.1,0.0,0.0,0.0,0.0,0.0
2023,MISSOURI,BOONE,801.6788887832543,0.6099201420628098,17673.04266,64.73642000000001,7051.44258,25.82946,0.0,0.0,24025.845941604977,11.868826094026076,35955.18654,131.70398,22300.0,0.0,23100.0,2738000.0,0.0,122.8,0.0,0.0,0.0,0.0,0.0
2022,OHIO,HAMILTON,7.513463555550146,0.0057200801598377,1396.38954,5.11498,769.9473600000001,2.82032,0.0,0.0,6198.748015992564,2.8449503420226474,3548.6560199999994,12.998740000000002,2430.0,0.0,2900.0,430000.0,0.0,177.0,0.0,0.0,0.0,0.0,0.0
2023,ALABAMA,TUSCALOOSA,0.0001444468951189,4.467842089804226e-07,842.89842,3.08754,2915.51442,10.67954,0.0,0.0,48376.442482024926,22.202640957496367,22086.07674,80.90138,2430.0,0.0,2500.0,408000.0,0.0,167.9,0.0,0.0,0.0,0.0,0.0
2022,IOWA,FAYETTE,339.1500459339508,0.2580203623218581,29004.5847,106.2439,12998.283479999998,47.61276,0.0,0.0,27677.86569338416,13.672932697854556,71766.10350000001,262.8795,176800.0,6430.0,184000.0,37093000.0,154000.0,209.8,24.0,0.0,0.0,0.0,0.0
2021,ILLINOIS,JO DAVIESS,188.489553645601,0.1434001107647739,19274.32962,70.60194,10160.841600000002,37.2192,245.34857882674385,0.0,22711.66580059316,11.217071024357914,65362.45716,239.42292,95200.0,0.0,98800.0,19030000.0,0.0,199.9,0.0,0.0,0.0,0.0,0.0
2023,NEW YORK,LEWIS,0.0006854335722386,4.967581477641904e-07,2421.74478,8.87086,1748.08452,6.40324,0.0,0.0,48706.89044747248,22.35430191385324,13093.72974,47.96238,8690.0,17000.0,25700.0,1152000.0,315000.0,132.6,18.5,0.0,0.0,0.0,0.0
2022,INDIANA,FAYETTE,1.973370471457206,0.0015001036804571,7939.16214,29.08118,3622.84104,13.27048,0.0,0.0,7919.356382420906,3.9121812363244586,19057.24548,69.80676,33600.0,0.0,34400.0,6212000.0,0.0,184.9,0.0,0.0,0.0,0.0,0.0
2023,NORTH CAROLINA,JONES,167.83930548136192,0.127700142210621,8422.099139999998,30.85018,4072.1226,14.9162,0.0,0.0,17627.689680338706,8.090327539652144,27635.52792,101.22904,17500.0,0.0,18000.0,2798000.0,0.0,159.9,0.0,0.0,0.0,0.0,0.0
2022,MISSISSIPPI,SHARKEY,3015.1335789104774,2.293860061648767,30249.54114,110.80418,13371.807539999998,48.98098,8061.820974432,0.0,16254.621412811855,7.46015011878541,60469.64196000001,221.50052,25100.0,0.0,25700.0,5078000.0,0.0,202.3,0.0,0.0,0.0,0.0,0.0
2022,KANSAS,WICHITA,3.6020252719522183,0.002740358259753,13911.67596,50.95852,9947.67228,36.43836,0.0,0.0,27148.009469618108,13.411182439819877,58162.61178,213.04986,74900.0,0.0,91400.0,5288000.0,0.0,70.6,0.0,0.0,0.0,0.0,0.0
2023,MISSOURI,HOLT,1153.6326895151662,0.8776400844260532,27962.49456,102.42672,13135.11654,48.11398,0.0,0.0,17428.281420741885,8.609613239146281,81394.2948,298.14759999999995,101200.0,0.0,103500.0,22163000.0,0.0,219.0,0.0,0.0,0.0,0.0,0.0
2021,ILLINOIS,HANCOCK,375.35973241906873,0.2855801037920422,39562.38468,144.91716,16424.045820000003,60.16134,265.5475090442345,0.0,30248.01674463872,13.87934640136861,99955.87056,366.13872,162400.0,0.0,164500.0,32626000.0,0.0,200.9,0.0,0.0,0.0,0.0,0.0
2023,MINNESOTA,BIG STONE,593.6659040368556,0.4516601319422351,16265.067,59.579,6463.65174,23.676380000000005,0.0,0.0,19667.351242197423,9.71571915474355,51684.32178,189.31986,112900.0,0.0,113500.0,20390000.0,0.0,180.6,0.0,2900.0,3000.0,139000.0,47.9
2022,MICHIGAN,BERRIEN,13.822694684488958,0.0105202539092424,15377.3529,56.3273,7137.721500000001,26.1455,0.0,0.0,19490.73250703352,8.945381546256982,38867.16288,142.37056,49700.0,0.0,52100.0,8687000.0,0.0,174.8,0.0,0.0,0.0,0.0,0.0
2021,TENNESSEE,GIBSON,1212.640349748288,0.922540098267636,34848.45546,127.65002,12387.99744,45.37728,349.6830925735976,0.0,22158.69602552056,10.943964626272814,65051.42826,238.28362,80000.0,0.0,84000.0,13630000.0,0.0,170.4,0.0,0.0,0.0,0.0,0.0
2022,NORTH CAROLINA,PASQUOTANK,774.5596376513786,0.5892600617202698,19721.6838,72.24060000000001,5912.73774,21.65838,0.0,0.0,7919.356381404052,3.9121812358221306,19544.0154,71.58980000000001,19400.0,0.0,19600.0,3294000.0,0.0,169.8,0.0,0.0,0.0,0.0,0.0
2023,IOWA,GRUNDY,142.15606307649807,0.108160146544685,31891.068300000003,116.8171,12960.45114,47.47418,0.0,0.0,18590.546679020863,8.532236186471222,91487.6508,335.11960000000005,156500.0,0.0,158500.0,33319000.0,0.0,212.9,0.0,0.0,0.0,0.0,0.0
2023,KANSAS,LABETTE,2796.013407937768,2.127160093649782,6281.58804,23.00948,11476.27026,42.03762,0.0,0.0,24498.72837734229,12.102431162764422,36009.933959999995,131.90452000000002,38100.0,0.0,39100.0,3612000.0,0.0,94.8,0.0,0.0,0.0,0.0,0.0
2021,INDIANA,ORANGE,0.0563042242355049,4.007792341999474e-05,5535.96498,20.27826,2392.5283200000003,8.76384,191.5143227811157,0.0,15209.519161875956,7.511833706210999,12898.037880000002,47.24556,20500.0,0.0,21000.0,4106000.0,0.0,200.3,0.0,0.0,0.0,0.0,0.0
2022,ALABAMA,CHEROKEE,8.531301030993009e-05,2.902919005529799e-07,1097.4054,4.0198,2322.83688,8.508560000000001,0.0,0.0,21997.579124632608,10.866857373280968,13251.81858,48.54146,4570.0,0.0,4600.0,633000.0,0.0,138.5,0.0,0.0,0.0,0.0,0.0
2022,KENTUCKY,CLARK,3.564099603147398e-05,1.212744977347673e-07,1395.1119,5.1103000000000005,7291.93374,26.71038,0.0,0.0,9189.8718312113,4.217743476891843,33592.5954,123.0498,3500.0,0.0,3700.0,627000.0,0.0,179.1,0.0,0.0,0.0,0.0,0.0
2023,MISSOURI,ST FRANCOIS,23.25424731902596,0.0177001459465128,3125.60976,11.44912,2489.3778,9.1186,0.0,0.0,16288.805680881847,8.046709463452752,14111.7522,51.6914,1780.0,0.0,1800.0,248000.0,0.0,139.3,0.0,0.0,0.0,0.0,0.0
2022,MISSOURI,BENTON,683.4053470717865,0.5199002338490043,4608.14172,16.87964,4462.6327200000005,16.34664,0.0,0.0,27279.04917175008,13.475916370096355,17914.636739999998,65.62138,15100.0,0.0,16000.0,2316000.0,0.0,153.4,0.0,0.0,0.0,0.0,0.0
2023,KANSAS,ATCHISON,683.7425166268094,0.5201601274404644,18869.64534,69.11958,8140.35222,29.81814,0.0,0.0,16271.713543215232,7.467994648376152,45685.24506,167.34522,68800.0,0.0,69700.0,12604000.0,0.0,183.2,0.0,0.0,0.0,0.0,0.0
2022,INDIANA,HARRISON,70.86888947198767,0.053920237433774,8169.546839999999,29.92508,4342.88946,15.90802,0.0,0.0,18288.585603680047,8.393649448899048,18961.81014,69.45718000000001,23200.0,0.0,23700.0,4262000.0,0.0,183.7,0.0,0.0,0.0,0.0,0.0
2022,IOWA,AUDUBON,152.9001601182238,0.1163402058884897,23420.51712,85.78944,8975.49198,32.87726,0.0,0.0,16613.556260667126,8.207137036524424,51689.84730000001,189.34009999999995,107100.0,0.0,110500.0,21195000.0,0.0,197.9,0.0,0.0,0.0,0.0,0.0
2022,WISCONSIN,WINNEBAGO,214.58740924438268,0.1632601687945394,12961.97994,47.47978,5485.1706,20.0922,0.0,0.0,15798.831112997985,7.250962591562069,28633.61592,104.88504,33600.0,15600.0,49500.0,5779000.0,320000.0,172.0,20.5,0.0,0.0,0.0,0.0
2023,ALABAMA,PERRY,557.4312720655244,0.4240802477108706,833.11956,3.05172,1303.65144,4.77528,0.0,0.0,27039.75926707877,12.410049928891668,7939.50612,29.08244,5920.0,0.0,6100.0,609000.0,0.0,102.9,0.0,0.0,0.0,0.0,0.0
2022,SOUTH CAROLINA,COLLETON,40.47800658294723,0.0307805004309807,411.2745,1.5065000000000002,1904.86296,6.97752,0.0,0.0,39163.78113039002,17.974438101749886,9761.9613,35.7581,3910.0,0.0,4400.0,203000.0,0.0,51.9,0.0,0.0,0.0,0.0,0.0
2022,INDIANA,CASS,14.706537262463073,0.011200194654194,21293.7543,77.9991,9290.23914,34.03018,0.0,0.0,15098.053534762246,7.45847501885788,50104.3725,183.5325,91400.0,0.0,93500.0,17759000.0,0.0,194.3,0.0,0.0,0.0,0.0,0.0
2021,IOWA,GUTHRIE,314.56652785373115,0.23932009194916,29378.25072,107.61264,11679.63342,42.78254,250.0824109800166,0.0,22284.111850484573,11.005906283417271,74423.82948,272.61476,102800.0,0.0,105500.0,22616000.0,0.0,220.0,0.0,0.0,0.0,0.0,0.0
2022,IOWA,OSCEOLA,137.33416300978303,0.10448014480687,17936.61324,65.70188,6713.68152,24.59224,0.0,0.0,15365.830339127771,7.590757408862091,45272.72022,165.83414000000002,110300.0,0.0,119000.0,21785000.0,0.0,197.5,0.0,0.0,0.0,0.0,0.0
2022,PENNSYLVANIA,CENTRE,126.81751543968204,0.0964804581268273,5616.423540000001,20.57298,3623.31606,13.27222,0.0,0.0,40502.66511880675,18.58892645503471,20038.26006,73.40022,15700.0,6340.0,22800.0,2551000.0,108000.0,162.5,17.0,0.0,0.0,0.0,0.0
2021,SOUTH CAROLINA,OCONEE,3.868877867576644e-05,1.2446073914971728e-07,465.03912,1.70344,1168.19976,4.27912,475.073124811871,0.0,24279.363609082306,11.991341736904849,5365.91874,19.65538,460.0,0.0,500.0,47100.0,0.0,102.4,0.0,0.0,0.0,0.0,0.0
2023,SOUTH DAKOTA,SULLY,1.3618747159624656,0.001040391826536,15787.10952,57.82824,6936.1219200000005,25.40704,0.0,0.0,38480.09568491095,17.660656812861653,60811.88022000001,222.75414,123000.0,0.0,128500.0,16482000.0,0.0,134.0,0.0,0.0,0.0,0.0,0.0
2021,WISCONSIN,PORTAGE,27.08290517301884,0.0206001450000994,69202.16940000001,253.4878,24397.21284,89.36708,423.408045453416,0.0,30076.99515971153,13.800872898812896,93542.5764,342.64680000000004,37300.0,12800.0,51000.0,6229000.0,288000.0,167.0,22.5,0.0,0.0,0.0,0.0
2022,WISCONSIN,ST CROIX,70.67031616486354,0.0537803278236149,18092.5836,66.2732,9891.510720000002,36.23264,0.0,0.0,26589.66635772092,13.135359590043354,59695.44126,218.66462,77800.0,16900.0,95500.0,12915000.0,346000.0,166.0,20.5,0.0,0.0,0.0,0.0
2021,IOWA,CRAWFORD,213.846941157467,0.1626801360652592,38258.7114,140.14180000000002,14232.53286,52.13382,273.8645992162424,0.0,26759.17651436319,13.21609723171882,99990.88554,366.26698,193800.0,0.0,196500.0,42345000.0,0.0,218.5,0.0,0.0,0.0,0.0,0.0
2022,WISCONSIN,FLORENCE,7.26740458619904e-05,2.472856932079919e-07,669.37962,2.45194,408.64278,1.49686,0.0,0.0,18738.678524513824,9.256952582642691,909.75612,3.3324400000000005,0.0,280.0,0.0,0.0,4800.0,0.0,17.0,0.0,0.0,0.0,0.0
2023,NEBRASKA,KEARNEY,80.01250739724283,0.060880159286675,36422.26224,133.41488,30030.753480000003,110.00276,0.0,0.0,19410.969204566096,8.908773728992905,195500.6508,716.1196,165600.0,0.0,172000.0,33584000.0,0.0,202.8,0.0,0.0,0.0,0.0,0.0
2022,TENNESSEE,CHESTER,7.856081240150867,0.0059801404455627,3283.42014,12.02718,1178.35536,4.31632,0.0,0.0,10785.137864290187,4.949899814706486,6445.51362,23.60994,5600.0,0.0,6000.0,725000.0,0.0,129.5,0.0,0.0,0.0,0.0,0.0
2023,VIRGINIA,PAGE,24.48554883542113,0.0186400862760603,1434.83886,5.25582,3907.56366,14.31342,0.0,0.0,11571.376124176822,5.716287835201428,23738.24544,86.95328,1130.0,0.0,3700.0,79000.0,0.0,69.9,0.0,0.0,0.0,0.0,0.0
2022,MISSOURI,PLATTE,981.1405500838056,0.7464401050522795,16207.07634,59.366580000000006,6082.31442,22.27954,0.0,0.0,14556.802558381749,6.680926585558757,26185.87062,95.91894,39200.0,0.0,41200.0,6958000.0,0.0,177.5,0.0,0.0,0.0,0.0,0.0
2021,KENTUCKY,BALLARD,1069.8972058188713,0.8139800174008859,11893.34874,43.56538,4249.82376,15.56712,174.3446620616004,0.0,9976.258820023735,4.577620844426441,20982.08112,76.85744000000001,31000.0,0.0,33500.0,6215000.0,0.0,200.5,0.0,0.0,0.0,0.0,0.0
2023,ALABAMA,DALE,3375.413437010987,2.567980125901187,1184.90736,4.34032,4743.44598,17.37526,0.0,0.0,20806.82697836776,9.549410522220594,35257.83534,129.14958,1940.0,0.0,2000.0,275000.0,0.0,141.8,0.0,0.0,0.0,0.0,0.0
2021,IOWA,PALO ALTO,404.7227702131323,0.3079001002623892,31893.90204,116.82748,11462.2599,41.9863,240.3188865862417,0.0,21679.8355951082,9.947824040482292,85010.52923999999,311.39388,153100.0,0.0,158000.0,29104000.0,0.0,190.1,0.0,0.0,0.0,0.0,0.0
2022,ARKANSAS,ARKANSAS,18460.12170962942,14.044240029720578,65622.65346,240.37602,38619.6993,141.46409999999997,373740.596777376,0.0,38508.58258573823,17.673731036566597,140498.81664,514.64768,53900.0,0.0,54500.0,10127000.0,0.0,187.9,0.0,0.0,0.0,0.0,0.0
2021,LOUISIANA,WEST CARROLL,6457.011180915659,4.9124,50197.99512000001,183.87544,19442.81976,71.21911999999999,8527.649341823999,0.0,13482.201206088474,6.658728154120193,74253.52116,271.99092,38200.0,0.0,38600.0,7029000.0,0.0,184.0,0.0,0.0,0.0,0.0,0.0
2023,MISSOURI,WORTH,768.6179535829807,0.5847400366702264,8973.14418,32.868660000000006,3186.69624,11.67288,0.0,0.0,10118.544557959432,4.998585522231641,18696.66708,68.48596,16600.0,0.0,17200.0,2829000.0,0.0,170.4,0.0,0.0,0.0,0.0,0.0
2023,SOUTH DAKOTA,ROBERTS,342.8234218863552,0.2608203478868136,20149.2291,73.8067,7598.39808,27.83296,0.0,0.0,42228.97086958999,20.86121390268829,61917.47016,226.80392,162200.0,0.0,182000.0,24346000.0,0.0,150.1,0.0,5030.0,5400.0,245000.0,48.7
2022,INDIANA,HANCOCK,13.753899851925768,0.0104601356361225,16856.17206,61.74422,6584.55798,24.11926,0.0,0.0,10557.242717143285,5.215303475546486,35257.7043,129.1491,53500.0,0.0,54700.0,9956000.0,0.0,186.1,0.0,0.0,0.0,0.0,0.0
2022,GEORGIA,GORDON,5.0136032237010095e-05,1.705963021512687e-07,806.84604,2.95548,2497.42584,9.14808,0.0,0.0,12927.35225403705,6.386143327993556,12749.629620000002,46.70194,3080.0,0.0,3100.0,409000.0,0.0,132.8,0.0,0.0,0.0,0.0,0.0
2021,NORTH CAROLINA,CABARRUS,15.579495063174091,0.0118600473241722,3098.413500000001,11.3495,2584.12518,9.46566,366.86068359777175,0.0,11047.99405437536,5.069388112796347,13988.126880000002,51.23856,4090.0,0.0,4600.0,679000.0,0.0,166.0,0.0,0.0,0.0,0.0,0.0
2021,OHIO,WOOD,60.36182650689092,0.0459200842078369,33447.31026,122.51762,10054.18596,36.82852,311.70151209246404,0.0,21742.543508098937,9.976597657405774,63277.31046,231.78502,86100.0,0.0,90000.0,16755000.0,0.0,194.6,0.0,0.0,0.0,0.0,0.0
2022,CALIFORNIA,SACRAMENTO,9605.79858396536,7.307980012983955,17769.00762,65.08793999999999,39236.0241,143.7217,45083.400291882,0.0,25233.69023512393,11.58114436652324,138038.89554,505.63698,2370.0,14300.0,16700.0,444000.0,365000.0,187.3,25.5,0.0,0.0,0.0,0.0
2021,MINNESOTA,BLUE EARTH,54.1262836813344,0.0411801413563577,38601.53388,141.39756000000003,13197.20766,48.34142000000001,313.9009532185938,0.0,28144.451305964933,13.900270989032718,99819.21222,365.63814,179600.0,0.0,183000.0,35992000.0,0.0,200.4,0.0,0.0,0.0,0.0,0.0
2022,INDIANA,CLINTON,4.55291668616693,0.0034601929147621,24828.63474,90.94738,10570.34706,38.71922,0.0,0.0,14699.23702663779,7.261458697773466,56946.15654,208.59398,104500.0,0.0,106500.0,20931000.0,0.0,200.3,0.0,0.0,0.0,0.0,0.0
2021,WISCONSIN,MARATHON,35.69294935934039,0.0271602881120398,35579.456640000004,130.32768,17702.8761,64.84570000000001,645.3914625324514,0.0,57782.49108331698,28.53821080922065,120688.37508,442.08196,80600.0,32300.0,115000.0,12630000.0,616000.0,156.7,19.0,0.0,0.0,0.0,0.0
2021,IOWA,JACKSON,218.94867142900208,0.1665801047749911,23451.48078,85.90286,13636.3773,49.950100000000006,272.82246332873626,0.0,23954.42260242997,11.830856531532977,83482.9905,305.7985,107900.0,0.0,117000.0,20626000.0,0.0,191.2,0.0,0.0,0.0,0.0,0.0
2021,MISSISSIPPI,DE SOTO,4175.378641117352,3.17658,17681.7732,64.7684,8372.260260000001,30.66762,8956.792832922,0.0,15699.781024103168,7.753969275544403,38937.75522,142.62914,8490.0,0.0,8600.0,1611000.0,0.0,189.8,0.0,0.0,0.0,0.0,0.0
2022,NEBRASKA,PHELPS,98.55085107147367,0.0749602410876452,36038.46792,132.00904,32203.83348,117.96276,0.0,0.0,20185.81270236701,9.971840371959528,165137.67816,604.89992,168600.0,0.0,178500.0,38276000.0,0.0,227.0,0.0,0.0,0.0,0.0,0.0
2021,WISCONSIN,BROWN,2.4014672378483573,0.0018200877274334,8720.051340000002,31.94158,5192.711160000001,19.02092,416.7280357815549,0.0,17113.559416535834,8.452220684307452,39442.16094,144.47678,27700.0,34400.0,63100.0,4817000.0,722000.0,173.9,21.0,0.0,0.0,0.0,0.0
2023,MISSOURI,DUNKLIN,21156.3577894121,16.095480032830693,41622.72114,152.46418,25488.6723,93.3651,123999.07545000002,0.0,20259.87862533139,10.008429117317108,130595.2011,478.37070000000006,36400.0,0.0,37100.0,5971000.0,0.0,164.0,0.0,0.0,0.0,0.0,0.0
2022,MICHIGAN,NEWAYGO,19.18800147137205,0.0146004135670315,8888.72166,32.55942,5042.75772,18.47164,0.0,0.0,31916.71543755076,14.648356452953854,33972.8844,124.4428,18200.0,0.0,21600.0,3167000.0,0.0,174.0,0.0,0.0,0.0,0.0,0.0
2023,NORTH CAROLINA,RANDOLPH,8.456548294024177e-05,2.888507138266204e-07,1488.28134,5.45158,3945.84918,14.45366,0.0,0.0,28321.66948312631,13.990973329501683,23384.279100000003,85.6567,10500.0,0.0,11100.0,1208000.0,0.0,115.0,0.0,0.0,0.0,0.0,0.0
2021,OKLAHOMA,CRAIG,2805.6598607461183,2.1345001362432434,4858.53732,17.79684,11086.31706,40.60922,292.36593891421205,0.0,28229.96209610293,12.953359095807992,36745.76724,134.59988,2650.0,0.0,3000.0,281000.0,0.0,106.0,0.0,0.0,0.0,0.0,0.0
2023,NEBRASKA,GAGE,936.6321063028564,0.7125801989115705,29857.85712,109.36944,16727.255999999998,61.272,0.0,0.0,32230.07125806846,15.921733273818235,100911.87834,369.64058,191600.0,0.0,193500.0,31537000.0,0.0,164.6,0.0,0.0,0.0,0.0,0.0
2022,DELAWARE,NEW CASTLE,81.36339341527936,0.0619001146191573,10803.72384,39.57408,4195.87896,15.36952,0.0,0.0,10095.755043433584,4.987327446851817,19939.23204,73.03748,15000.0,0.0,15800.0,2330000.0,0.0,155.3,0.0,0.0,0.0,0.0,0.0
2023,KENTUCKY,DAVIESS,500.64590210845233,0.3808800759482326,26238.58146,96.11202,11275.9101,41.303700000000006,0.0,0.0,16607.858888078685,8.204322520664737,63115.73814,231.19318,66300.0,0.0,68500.0,12352000.0,0.0,186.3,0.0,0.0,0.0,0.0,0.0
2022,MARYLAND,WASHINGTON,160.99642773694774,0.1224801626732604,6440.867160000001,23.59292,4773.17022,17.48414,0.0,0.0,15844.410142805054,7.827176991163772,23324.9562,85.4394,7500.0,0.0,16200.0,1105000.0,0.0,147.3,0.0,0.0,0.0,0.0,0.0
2021,KENTUCKY,LEWIS,1.393709399463579,0.0010600945607914,431.37276,1.58012,1281.85512,4.69544,160.14589584478932,0.0,18538.7392458706,9.156103151955987,6884.46486,25.21782,1300.0,0.0,1400.0,168300.0,0.0,129.5,0.0,0.0,0.0,0.0,0.0
2022,KANSAS,SCOTT,8.957564960348847,0.0068203572891107,13520.920140000002,49.52718,9125.33622,33.42614,0.0,0.0,27108.127820548845,12.441428061875362,55352.18052,202.75524,45600.0,0.0,84900.0,1933000.0,0.0,42.4,0.0,0.0,0.0,0.0,0.0
2022,NORTH DAKOTA,BILLINGS,0.0266884163026922,2.057306523361028e-05,1530.88572,5.607640000000001,739.50786,2.70882,0.0,0.0,43425.42039893141,19.930341465353965,5070.36894,18.57278,5530.0,1720.0,7500.0,330000.0,23200.0,59.7,13.5,27700.0,27900.0,1080000.0,39.0
2023,KANSAS,JOHNSON,567.0332600629098,0.4313800685309099,8892.13962,32.57194,4387.47036,16.07132,0.0,0.0,11138.375343188633,5.112020146717828,21538.02378,78.89386,11400.0,0.0,11800.0,1546000.0,0.0,135.6,0.0,0.0,0.0,0.0,0.0
2022,SOUTH DAKOTA,DAVISON,142.3460260077984,0.1083001548869431,9020.04012,33.040440000000004,4243.4028,15.5436,0.0,0.0,16362.871609947344,7.509832156927642,29845.806900000003,109.3253,68200.0,0.0,72300.0,7611000.0,0.0,111.6,0.0,0.0,0.0,0.0,0.0
2022,WISCONSIN,MILWAUKEE,6.142713512689622e-06,2.0901618330816147e-08,826.8132600000001,3.0286200000000005,262.23834,0.96058,0.0,0.0,1583.8712764260754,0.7824362472361867,1424.77608,5.21896,990.0,0.0,1000.0,187200.0,0.0,189.1,0.0,0.0,0.0,0.0,0.0
2022,PENNSYLVANIA,ELK,0.0001210423907574,4.118671411641836e-07,345.08838,1.26406,288.42996,1.05652,0.0,0.0,31210.240483240214,14.324115790531252,1728.97998,6.33326,470.0,400.0,900.0,67800.0,4400.0,144.3,11.0,0.0,0.0,0.0,0.0
2023,SOUTH DAKOTA,LINCOLN,90.16277670530371,0.0685801928986446,19258.10796,70.54252,8046.46752,29.47424,0.0,0.0,21131.57757238897,10.439050508718616,70124.51082,256.86634,130700.0,0.0,146500.0,19932000.0,0.0,152.5,0.0,0.0,0.0,0.0,0.0
2021,NORTH CAROLINA,WAYNE,3949.214880618936,3.00454,21365.02914,78.26018,9047.56398,33.14126,410.1848131792654,0.0,19752.992465626656,9.755811016942417,54703.92018,200.38066,24200.0,0.0,25000.0,3658000.0,0.0,151.2,0.0,0.0,0.0,0.0,0.0
2022,VIRGINIA,CHARLOTTE,6.940382423330764e-05,2.361582127877015e-07,1027.22802,3.76274,1859.80704,6.81248,0.0,0.0,17895.46646611033,8.840403783241367,8783.1198,32.1726,1400.0,0.0,1700.0,189500.0,0.0,135.4,0.0,0.0,0.0,0.0,0.0
2022,IOWA,WORTH,332.5523809756219,0.2530201398776469,22237.22592,81.45504,8446.63638,30.94006000000001,0.0,0.0,15325.948681182826,7.571055773230177,50655.75060000001,185.5522,110600.0,0.0,112000.0,24267000.0,0.0,219.4,0.0,0.0,0.0,0.0,0.0
2023,OHIO,GEAUGA,4.496209442284805e-05,1.3907085904664174e-07,1740.9646800000005,6.37716,1571.43714,5.7561800000000005,0.0,0.0,15058.171883354218,7.438773386455223,10724.52108,39.28396,2930.0,0.0,3300.0,526000.0,0.0,179.5,0.0,0.0,0.0,0.0,0.0
2023,CALIFORNIA,GLENN,17398.720826972934,13.236720051122465,45037.77642,164.97354,40392.8343,147.95909999999998,301793.80194000003,0.0,49493.128701693786,24.44972546803956,187392.27234,686.4185799999999,2450.0,2170.0,4700.0,409000.0,51000.0,166.9,23.5,0.0,0.0,0.0,0.0
2022,NEBRASKA,KIMBALL,0.0001378575165745,4.6908344162926883e-07,5150.07402,18.86474,2790.42582,10.22134,0.0,0.0,35545.945662413,16.31401212130215,16298.5095,59.7015,28400.0,0.0,33400.0,2801000.0,0.0,98.6,0.0,0.0,0.0,0.0,0.0
2022,TENNESSEE,MARSHALL,330.3175614141376,0.2513001413967632,3776.66016,13.83392,5335.8396,19.5452,0.0,0.0,13924.393525437676,6.390678895229897,23529.70074,86.18938,4100.0,0.0,4700.0,645000.0,0.0,157.3,0.0,0.0,0.0,0.0,0.0
2023,NORTH DAKOTA,WALSH,14089.294303788178,10.718940142381346,89029.74444,326.11628,28005.77052,102.58524,0.0,0.0,48416.32412646024,22.22094486300825,86305.37916,316.13692,65400.0,0.0,65800.0,8168000.0,0.0,124.9,0.0,194000.0,194500.0,9999000.0,51.5
2022,SOUTH DAKOTA,HANSON,250.4371675364761,0.1905201635285569,10701.86208,39.20096,5029.06404,18.42148,0.0,0.0,16248.924035574935,7.457535275388488,35677.86768,130.68816,84000.0,0.0,87700.0,8954000.0,0.0,106.6,0.0,0.0,0.0,0.0,0.0
2022,SOUTH CAROLINA,DARLINGTON,294.36769408809926,0.2239602505866272,14627.00148,53.57876,5748.7029600000005,21.05752,0.0,0.0,20704.274173286183,10.227961594485835,30715.2573,112.5101,16300.0,0.0,16900.0,1718000.0,0.0,105.4,0.0,0.0,0.0,0.0,0.0
2022,ILLINOIS,LIVINGSTON,406.0380562456485,0.3089003955521846,64106.11116,234.82092,26478.06252,96.98924,0.0,0.0,39055.53093877459,19.29352688970105,143876.19246,527.01902,289500.0,0.0,294000.0,61792000.0,0.0,213.4,0.0,0.0,0.0,0.0,0.0
2022,MICHIGAN,GLADWIN,6.625335471223052,0.0050402568649282,12854.87658,47.08746,5341.97118,19.56766,0.0,0.0,19490.732504128224,8.945381544923581,12335.707020000002,45.18574,6320.0,0.0,7300.0,932000.0,0.0,147.5,0.0,0.0,0.0,0.0,0.0
2022,ALABAMA,HENRY,3801.331417846958,2.891980129726719,1139.94426,4.17562,4885.19304,17.89448,0.0,0.0,20829.616500243985,9.559869901741916,36458.61492,133.54804,2900.0,0.0,3000.0,468000.0,0.0,161.4,0.0,0.0,0.0,0.0,0.0
2022,MINNESOTA,GOODHUE,68.06260389180947,0.0517803531673834,21893.36604,80.19548,9311.6205,34.10850000000001,0.0,0.0,28418.524918669984,14.038820149277475,56083.89696,205.43552,145500.0,11900.0,158000.0,30540000.0,303000.0,209.9,25.5,0.0,0.0,0.0,0.0
2021,TENNESSEE,MEIGS,5.627772559557852,0.004280040473849,366.74274,1.34338,1177.2688199999998,4.31234,170.1013305588039,0.0,7895.496267072862,3.622859925877293,6800.72484,24.91108,1450.0,0.0,1700.0,237000.0,0.0,163.4,0.0,0.0,0.0,0.0,0.0
2023,TENNESSEE,CAMPBELL,5.467581213534269e-05,1.867564260882204e-07,0.0,0.0,1523.90784,5.58208,0.0,0.0,18311.37511640461,9.045863663960732,10124.58174,37.086380000000005,270.0,0.0,300.0,44600.0,0.0,165.2,0.0,0.0,0.0,0.0,0.0
2023,NEBRASKA,FURNAS,8.95645985519094,0.0068202467237858,16192.56912,59.31344,11958.86874,43.80538,0.0,0.0,26988.482859744254,13.332375908113807,78468.4173,287.43010000000004,112900.0,0.0,129500.0,13187000.0,0.0,116.8,0.0,0.0,0.0,0.0,0.0
2022,NORTH DAKOTA,ROLETTE,2227.3960052670413,1.6945801540416805,11294.89452,41.37324,3706.1115,13.5755,0.0,0.0,35209.800315036475,16.15973631939491,24182.44374,88.58038,0.0,1590.0,0.0,0.0,23100.0,0.0,14.5,90100.0,90800.0,4838000.0,53.7
2021,ALABAMA,CALHOUN,0.0227745008872888,2.011098893808168e-05,698.5797,2.5589,1804.48632,6.60984,298.8043165553675,0.0,21651.33199980057,10.693382464591108,11389.65828,41.72036,1960.0,0.0,2000.0,314000.0,0.0,160.2,0.0,0.0,0.0,0.0,0.0
2023,MISSISSIPPI,TALLAHATCHIE,7295.851269220589,5.550600010102712,44555.16156,163.20572,25438.980840000004,93.18308,34718.572328400005,0.0,24572.79429696557,12.139019906471493,127687.833,467.721,41900.0,0.0,42600.0,7752000.0,0.0,185.0,0.0,0.0,0.0,0.0,0.0
2021,NORTH DAKOTA,WELLS,696.9119911361049,0.5302201585156031,16546.15326,60.60862,4440.30132,16.26484,234.7046552034516,0.0,48256.589100941615,22.142605974297147,63935.79192,234.19704,123200.0,1710.0,130500.0,10373000.0,13700.0,84.2,8.0,114200.0,117500.0,3871000.0,33.9
2021,MINNESOTA,STEARNS,345.73951401159337,0.2630202405131535,51769.24662,189.63094,24561.36228,89.96836,1171.1172325248028,0.0,50782.00775564779,25.08074012517915,168287.85246,616.43902,179500.0,0.0,225500.0,26602000.0,0.0,148.2,0.0,1810.0,2000.0,67500.0,37.3
2022,ARKANSAS,SAINT FRANCIS,17556.726855516932,13.356920055145572,38752.7868,141.9516,15366.978899999998,56.2893,195752.434814424,0.0,23980.266912669493,11.005878667592434,59969.41314,219.66818,25500.0,0.0,25700.0,4603000.0,0.0,180.5,0.0,0.0,0.0,0.0,0.0
2022,MINNESOTA,CARVER,28.79164427885024,0.0219201501126713,10787.25648,39.51376,4438.04634,16.25658,0.0,0.0,12488.654094068766,5.731738190463348,26810.16702,98.20574,50900.0,1810.0,52900.0,9915000.0,36200.0,194.8,20.0,680.0,700.0,26500.0,39.0
2021,TEXAS,HAYS,3.733526188520153e-05,1.20106512783022e-07,273.09828000000005,1.00036,294.08652,1.07724,548.1646090306155,0.0,23429.95643124064,11.571827786404548,1344.54138,4.92506,3260.0,0.0,3500.0,300000.0,0.0,92.0,0.0,0.0,0.0,0.0,0.0
2023,NEBRASKA,WASHINGTON,218.5367748819552,0.1662601197352899,19211.8836,70.37320000000001,10390.4346,38.0602,0.0,0.0,14534.013044785605,7.179837650509104,63660.6243,233.1891,80900.0,0.0,82800.0,12564000.0,0.0,155.3,0.0,0.0,0.0,0.0,0.0
2023,IOWA,PALO ALTO,397.4215656042564,0.3023601552138276,31163.119260000003,114.15062,11674.70304,42.764480000000006,0.0,0.0,21667.1311655767,9.944251978161228,94200.08598,345.05526,157900.0,0.0,160000.0,33427000.0,0.0,211.7,0.0,0.0,0.0,0.0,0.0
2021,COLORADO,YUMA,9.64820035632101,0.0073404505497538,40599.66456,148.71671999999998,25567.83138,93.65506,216.97938326715223,0.0,89449.98695003138,41.04425638740221,168415.05408,616.9049600000001,203000.0,0.0,239000.0,38077000.0,0.0,187.6,0.0,0.0,0.0,0.0,0.0
2022,SOUTH CAROLINA,MARION,131.4975016836357,0.1000402099641976,12741.5106,46.6722,3155.7107399999995,11.55938,0.0,0.0,18260.098706600595,9.020532993308418,13301.11146,48.72202,8870.0,0.0,9200.0,1121000.0,0.0,126.4,0.0,0.0,0.0,0.0,0.0
2021,WISCONSIN,PRICE,7.712320520651602e-05,2.481032344298513e-07,699.76998,2.56326,594.6540600000001,2.17822,315.54490010945364,0.0,48399.10707958727,23.90384863857303,4572.706320000001,16.74984,2910.0,1970.0,5000.0,369000.0,30500.0,126.8,15.5,0.0,0.0,0.0,0.0
2022,WISCONSIN,MONROE,146.28739066056042,0.1113004463021814,13267.77816,48.59992,8109.017280000001,29.70336,0.0,0.0,33819.63992451475,16.70698404552544,47497.56102,173.98374,36100.0,19700.0,56500.0,5866000.0,424000.0,162.5,21.5,0.0,0.0,0.0,0.0
2023,OHIO,AUGLAIZE,14.435862627576146,0.0109801312089659,17628.81666,64.57442,5720.0052000000005,20.9524,0.0,0.0,14665.052754790917,7.244571584675035,39821.6637,145.8669,73900.0,0.0,75700.0,14366000.0,0.0,194.4,0.0,0.0,0.0,0.0,0.0
2023,KENTUCKY,MADISON,4.702051796920274e-05,1.606082021609136e-07,2128.04592,7.79504,8166.249,29.913,0.0,0.0,15747.55470609926,7.779330170813891,45046.490580000005,165.00546,1300.0,0.0,1600.0,216000.0,0.0,166.2,0.0,0.0,0.0,0.0,0.0
2022,PENNSYLVANIA,VENANGO,9.923354813697468e-05,3.3765887738162505e-07,1821.87096,6.67352,1042.4778,3.8186,0.0,0.0,25586.92770341804,11.743264693667662,7192.69278,26.34686,4770.0,0.0,6500.0,592000.0,0.0,124.1,0.0,0.0,0.0,0.0,0.0
2021,IOWA,SAC,132.57183322614682,0.1008601095119405,31455.97728,115.22336,11053.48608,40.48896,235.00537866849547,0.0,21520.21544926336,10.628625274486348,80751.42348000001,295.79276,159900.0,0.0,163500.0,36943000.0,0.0,231.0,0.0,0.0,0.0,0.0,0.0
2022,INDIANA,PERRY,12.379195270743043,0.009420188127905,1136.8975799999998,4.16446,455.1456,1.6671999999999998,0.0,0.0,14414.368092014154,6.615555484368186,1290.89142,4.72854,11900.0,0.0,12500.0,2052000.0,0.0,172.4,0.0,0.0,0.0,0.0,0.0
2021,INDIANA,GRANT,124.26007803539078,0.0945400575478828,23562.6573,86.3101,7208.33022,26.40414,314.49740779046726,0.0,14981.490388804485,6.87427861702195,46663.72074,170.92938,72500.0,0.0,74200.0,15247000.0,0.0,210.3,0.0,0.0,0.0,0.0,0.0
2022,MICHIGAN,ST CLAIR,143.77383263326308,0.1093803147372987,17608.57644,64.50027999999999,4395.769560000001,16.10172,0.0,0.0,25626.80935468081,11.76156860231304,18417.27342,67.46254,22800.0,0.0,26200.0,3345000.0,0.0,146.7,0.0,0.0,0.0,0.0,0.0
2021,KENTUCKY,HARRISON,0.6088983816074912,0.0004600591230519,1600.2058800000002,5.861560000000001,5784.41682,21.18834,194.6070103652404,0.0,11549.65735379538,5.704263526153902,30849.66066,113.00242,4400.0,0.0,5000.0,704000.0,0.0,160.0,0.0,0.0,0.0,0.0,0.0
2023,NORTH DAKOTA,EDDY,462.4741733884936,0.351820159705716,8456.415239999998,30.97588,2282.38374,8.36038,0.0,0.0,24008.75381092559,11.018952890117337,24011.19084,87.95308,40800.0,0.0,45400.0,5977000.0,0.0,146.5,0.0,19100.0,19400.0,892000.0,46.7
2023,MICHIGAN,OAKLAND,0.0086908311058809,1.572242628934319e-07,3848.55744,14.09728,1689.3185399999998,6.18798,0.0,0.0,17023.76753198131,8.409782398226605,11744.09964,43.01868,2160.0,0.0,2300.0,346000.0,0.0,160.2,0.0,0.0,0.0,0.0,0.0
2022,KENTUCKY,CHRISTIAN,790.4779207047485,0.6013602122851268,19509.65016,71.46391999999999,8776.693379999999,32.14906,0.0,0.0,26407.3502440127,13.04529498823908,46954.26372,171.99364000000003,72000.0,0.0,75500.0,9340000.0,0.0,129.7,0.0,0.0,0.0,0.0,0.0
2021,KENTUCKY,KNOX,2.296436545816884e-05,7.387573340013966e-08,98.97888,0.36256,459.0495,1.6815,380.465256922154,0.0,14411.418455035677,7.117659523136156,1341.69126,4.91462,450.0,0.0,600.0,60600.0,0.0,134.7,0.0,0.0,0.0,0.0,0.0
2022,ALABAMA,BALDWIN,8088.141915404913,6.153360462839371,4467.29556,16.36372,10566.874499999998,38.7065,0.0,0.0,58984.96160461428,29.138713914570488,39145.06050000001,143.38850000000002,7340.0,0.0,7600.0,1020000.0,0.0,139.0,0.0,0.0,0.0,0.0,0.0
2023,INDIANA,HANCOCK,14.288131453709688,0.010880097502195,17380.77978,63.66586,6834.28746,25.03402,0.0,0.0,10557.242717143285,5.215303475546489,46279.93188,169.52356,53700.0,0.0,55000.0,11111000.0,0.0,206.9,0.0,0.0,0.0,0.0,0.0
2023,WISCONSIN,RICHLAND,14.617203615383753,0.0111201963836939,8847.040019999999,32.40674,5059.82568,18.53416,0.0,0.0,22026.06603071848,10.108987157703035,36689.305380000005,134.39306,31200.0,11700.0,46400.0,4643000.0,205000.0,148.8,17.5,0.0,0.0,0.0,0.0
2021,ARKANSAS,SAINT FRANCIS,19037.36262167964,14.48338,42013.078380000006,153.89406,15787.33338,57.82906,149084.51395176002,0.0,23994.32763943625,11.0098320755094,72183.00726,264.40662000000003,35000.0,0.0,35200.0,6262000.0,0.0,178.9,0.0,0.0,0.0,0.0,0.0
2022,KANSAS,NESS,0.6853559289353357,0.0005205305797218,7711.72584,28.248080000000005,3659.65236,13.40532,0.0,0.0,40212.09880956095,18.455569409589984,26361.92286,96.56382,7690.0,0.0,23400.0,424000.0,0.0,55.1,0.0,0.0,0.0,0.0,0.0
2021,KENTUCKY,HARDIN,204.1328682830492,0.1553000911890161,10124.22684,37.08508,5611.940880000001,20.55656,461.0562224133983,0.0,22415.2283899752,11.070663468066227,34412.56182,126.05334,32000.0,0.0,34000.0,5990000.0,0.0,187.2,0.0,0.0,0.0,0.0,0.0
2022,NEW YORK,CORTLAND,0.0038518122927007,2.443534517830754e-07,4723.83366,17.30342,3942.78612,14.44244,0.0,0.0,18516.480755184897,9.14718634635468,26246.96802,96.14274,3320.0,12500.0,15900.0,437000.0,219000.0,131.6,17.5,0.0,0.0,0.0,0.0
2023,PENNSYLVANIA,ADAMS,26.57843279695615,0.0202001619013814,11248.40808,41.20296,5245.43292,19.21404,0.0,0.0,18596.244050882982,8.53485102740135,36856.86186,135.00682,15200.0,11600.0,27500.0,2253000.0,209000.0,148.2,18.0,0.0,0.0,0.0,0.0
2022,NORTH DAKOTA,BOTTINEAU,5766.115202648738,4.3867802106458615,29136.72762,106.72794,8860.20954,32.45498,0.0,0.0,63850.52300129221,29.30455743356501,68717.90016,251.71392,17500.0,0.0,19900.0,1920000.0,0.0,109.7,0.0,229000.0,230500.0,12961000.0,56.6
2022,KENTUCKY,BALLARD,1011.1958025731982,0.7692800764350956,11291.7168,41.3616,4240.12134,15.53158,0.0,0.0,9970.412711246248,4.925408031128977,17665.33314,64.70818,25500.0,0.0,27500.0,4315000.0,0.0,169.2,0.0,0.0,0.0,0.0,0.0
2021,MICHIGAN,PRESQUE ISLE,4.1105124091526666e-05,1.3223405603332636e-07,12190.1325,44.6525,3591.1785,13.1545,152.82927537629638,0.0,25795.754949477065,11.836419612273232,10464.2538,38.3306,5810.0,0.0,6700.0,863000.0,0.0,148.5,0.0,0.0,0.0,0.0,0.0
2022,OHIO,SANDUSKY,57.97930981406768,0.0441001687305205,20341.80876,74.51212,6368.83338,23.32906,0.0,0.0,14813.184600138611,7.317749075103137,33348.63714,122.15618,59300.0,0.0,61400.0,11652000.0,0.0,196.5,0.0,0.0,0.0,0.0,0.0
2023,NORTH CAROLINA,WAKE,55.26719081689761,0.0420401570310569,5649.35826,20.69362,2671.80186,9.78682,0.0,0.0,17576.413265305153,8.066793939946036,9731.31432,35.64584,900.0,0.0,1300.0,98100.0,0.0,109.0,0.0,0.0,0.0,0.0,0.0
2022,VIRGINIA,PITTSYLVANIA,57.0040839254074,0.0433604218282274,1344.1701,4.9237,5290.5489,19.3793,0.0,0.0,36685.42140405981,16.836980935740318,22287.48522,81.63914,3150.0,0.0,10000.0,294000.0,0.0,93.3,0.0,0.0,0.0,0.0,0.0
2022,PENNSYLVANIA,NORTHAMPTON,35.54512017696424,0.0270401359166968,6673.441320000001,24.44484,4322.49636,15.83332,0.0,0.0,11144.072721732937,5.505198919318148,22069.87146,80.84202,18800.0,0.0,23000.0,1897000.0,0.0,100.9,0.0,0.0,0.0,0.0,0.0
2022,MISSISSIPPI,UNION,313.40290435760426,0.2384401488957094,1547.15652,5.66724,823.82118,3.01766,0.0,0.0,15565.238588323631,7.143753985686868,3239.1122400000004,11.86488,2040.0,0.0,2100.0,257000.0,0.0,126.0,0.0,0.0,0.0,0.0,0.0
2023,NEBRASKA,FILLMORE,176.60944757853983,0.1343601391069805,41590.33788,152.34556,32323.86612000001,118.40244,0.0,0.0,21798.170875872547,10.004393391824586,213208.86132,780.98484,187600.0,0.0,190500.0,35006000.0,0.0,186.6,0.0,0.0,0.0,0.0,0.0
2023,KENTUCKY,GREEN,3.213522375075774e-05,1.0976443339114929e-07,1534.87152,5.622240000000001,4307.49774,15.77838,0.0,0.0,10762.348350548771,4.939440438918682,31170.59946,114.17802,14000.0,0.0,15200.0,2801000.0,0.0,200.1,0.0,0.0,0.0,0.0,0.0
2021,TEXAS,COLEMAN,7.69596931065907e-05,2.475772204921361e-07,310.88148,1.13876,313.07094,1.14678,188.21947675410223,0.0,48296.494129154205,23.85316909955849,1870.79256,6.85272,2150.0,0.0,2900.0,112700.0,0.0,52.4,0.0,0.0,0.0,0.0,0.0
2021,MICHIGAN,ALLEGAN,34.31650911937705,0.0261001581091892,19166.472780000004,70.20686,8773.34094,32.13678,372.4381433432392,0.0,31143.029680844706,15.38123970785966,58635.0492,214.7804,62300.0,0.0,76900.0,10716000.0,0.0,172.0,0.0,0.0,0.0,0.0,0.0
2021,MISSOURI,PERRY,1104.313810886016,0.8401600350500977,14667.03966,53.72542,6539.988,23.956000000000003,205.08121907381096,0.0,17780.54358257734,8.15862823902209,31124.39148,114.00876,28000.0,0.0,29600.0,4967000.0,0.0,177.4,0.0,0.0,0.0,0.0,0.0
2021,KENTUCKY,EDMONSON,11.77351827963385,0.0089600591387756,475.18926,1.74062,812.4753000000001,2.9761,146.95987268901254,0.0,11538.255915585129,5.698632466622332,3992.78334,14.62558,3600.0,0.0,4200.0,659000.0,0.0,183.1,0.0,0.0,0.0,0.0,0.0
2022,LOUISIANA,RICHLAND,8416.720884094037,6.40334007956213,37602.2556,137.7372,26375.14698,96.61226,64270.58665356001,0.0,20977.748338764235,9.627855843995958,118435.41528,433.82936,47700.0,0.0,49100.0,8901000.0,0.0,186.6,0.0,0.0,0.0,0.0,0.0
2021,OHIO,JACKSON,233.903471629098,0.177940034270706,1945.08678,7.12486,2340.89856,8.57472,236.7746635112071,0.0,15574.365197831004,7.692027617753865,13815.1104,50.6048,4070.0,0.0,4400.0,670000.0,0.0,164.6,0.0,0.0,0.0,0.0,0.0
2023,IOWA,SHELBY,198.40175433455127,0.1509401846785872,33515.46744,122.76728,14034.54234,51.40858,0.0,0.0,22145.710982908862,10.940034870095822,101338.1187,371.2019,162900.0,0.0,170500.0,31928000.0,0.0,196.0,0.0,0.0,0.0,0.0,0.0
2022,MARYLAND,CALVERT,2.7686402993162768e-05,9.420765385212813e-08,1142.10642,4.18354,504.13818,1.84666,0.0,0.0,7138.815501950165,3.526592150633088,2602.13226,9.53162,2400.0,0.0,2600.0,370000.0,0.0,154.2,0.0,0.0,0.0,0.0,0.0
2021,LOUISIANA,EAST CARROLL,8025.631201533854,6.10578,41367.68454,151.52998000000002,24644.556300000004,90.2731,19586.921808528,0.0,15745.386775781397,7.776493513096391,124268.6718,455.1966,48300.0,0.0,48900.0,8897000.0,0.0,184.2,0.0,0.0,0.0,0.0,0.0
2023,KENTUCKY,KENTON,1.2180423612641793e-05,4.1604729647300994e-08,517.48788,1.89556,452.49204,1.65748,0.0,0.0,4079.323143764002,1.872228350487965,2330.55732,8.53684,120.0,0.0,200.0,16400.0,0.0,136.7,0.0,0.0,0.0,0.0,0.0
2022,OKLAHOMA,CADDO,514.9962622039261,0.391780411352534,12494.86056,45.76872,8708.46522,31.89914,0.0,0.0,47647.178006564456,23.537821353117344,37708.474440000005,138.12628,5270.0,0.0,7100.0,503000.0,0.0,95.4,0.0,0.0,0.0,0.0,0.0
2022,VIRGINIA,CAROLINE,39.84799635748482,0.0303202599920726,2949.14256,10.80272,1231.96164,4.51268,0.0,0.0,19701.53551898332,9.04213077681107,5915.57694,21.66878,12900.0,0.0,14500.0,2165000.0,0.0,167.8,0.0,0.0,0.0,0.0,0.0
2021,TEXAS,TRAVIS,1.7861217806662175,0.0013601344085814,3014.26944,11.04128,2770.5405000000005,10.1485,1881.0977905291024,0.0,26280.316094270675,12.979592723855232,15369.1629,56.2973,14200.0,0.0,15800.0,1108000.0,0.0,78.0,0.0,0.0,0.0,0.0,0.0
2021,INDIANA,TIPPECANOE,133.51892578002565,0.1015600841166397,25864.16196,94.74052,10814.4582,39.6134,428.8068960945006,0.0,17204.770926287685,8.497269162570051,66551.84718,243.77966,89900.0,0.0,91500.0,18627000.0,0.0,207.2,0.0,0.0,0.0,0.0,0.0
2022,KANSAS,BUTLER,302.3488172167057,0.2300206047961241,7123.2197400000005,26.09238000000001,4087.44882,14.97234,0.0,0.0,53162.24058126157,26.26227562439863,16911.61836,61.94732,58400.0,0.0,69500.0,4111000.0,0.0,70.4,0.0,0.0,0.0,0.0,0.0
2021,TENNESSEE,WILLIAMSON,462.4612498573729,0.351840096611224,3158.76834,11.57058,5011.8978,18.3586,406.3980177748272,0.0,18846.578091646465,9.308141766271724,24874.67892,91.11604,2050.0,0.0,2200.0,335000.0,0.0,163.4,0.0,0.0,0.0,0.0,0.0
2021,GEORGIA,JOHNSON,1.831335473304425e-05,5.8913559548814295e-08,453.54582,1.66134,1284.21384,4.70408,63.031251005788334,0.0,11492.650160709203,5.676108227491033,7275.723,26.651,2150.0,0.0,2300.0,350000.0,0.0,162.8,0.0,0.0,0.0,0.0,0.0
2021,OKLAHOMA,TEXAS,8.013121527554572,0.0061003909568846,33116.99118,121.30766,25100.4117,91.9429,326.00768985210215,0.0,76446.6461608377,37.75625562162329,153116.83842,560.8675400000001,90500.0,0.0,101000.0,19045000.0,0.0,210.4,0.0,0.0,0.0,0.0,0.0
2021,MISSISSIPPI,MADISON,583.4987757727647,0.4439201168950034,8860.6518,32.4566,8591.07522,31.46914,440.81907229133657,0.0,25835.65998386704,11.854730095242507,44115.981,161.597,12900.0,0.0,13800.0,2032000.0,0.0,157.5,0.0,0.0,0.0,0.0,0.0
2023,WISCONSIN,PEPIN,28.59080542750647,0.0217600871654076,5182.83948,18.98476,2769.18096,10.14352,0.0,0.0,8876.516002413502,4.07392705299252,21128.60022,77.39414,28000.0,2970.0,31200.0,5121000.0,61000.0,182.9,20.5,0.0,0.0,0.0,0.0
2022,TEXAS,SHERMAN,215.3386653513782,0.1638203568928904,32508.05922,119.07714,28344.98394,103.82778,0.0,0.0,34754.01002148352,17.16856513679418,140974.76484000002,516.39108,73300.0,0.0,90400.0,12726000.0,0.0,173.6,0.0,0.0,0.0,0.0,0.0
2023,NEBRASKA,DIXON,112.87462851330176,0.0858601660924625,16992.246180000002,62.24266,9314.24676,34.118120000000005,0.0,0.0,17895.466470323016,8.213225206775594,68205.23346,249.83602,110600.0,0.0,116000.0,19775000.0,0.0,178.8,0.0,0.0,0.0,0.0,0.0
2021,WISCONSIN,BURNETT,5.234203866840697e-05,1.683829018193726e-07,3736.39812,13.68644,1971.33846,7.22102,192.1657627055531,0.0,32847.54474989183,16.223083135790453,14347.4331,52.5547,11600.0,2080.0,15000.0,1597000.0,37400.0,137.7,18.0,0.0,0.0,0.0,0.0
2023,MISSOURI,DADE,2045.747660368804,1.5563800711818665,3709.07082,13.58634,5206.623240000001,19.07188,0.0,0.0,18875.4156145742,8.662978390145767,21383.07444,78.32628,16400.0,0.0,20300.0,1561000.0,0.0,95.2,0.0,0.0,0.0,0.0,0.0
2023,OHIO,LORAIN,0.0964038393179434,8.014974216242075e-05,5539.5249,20.2913,2479.50612,9.08244,0.0,0.0,14682.144889261705,7.253015140506641,14553.30786,53.30882,22900.0,0.0,23400.0,4413000.0,0.0,192.7,0.0,0.0,0.0,0.0,0.0
2022,KANSAS,SMITH,52.79274782933378,0.0401604353698347,12164.37768,44.55816,5956.12836,21.81732,0.0,0.0,33534.77098691319,15.390972167723024,35359.42956,129.52172000000002,93000.0,0.0,94800.0,9095000.0,0.0,97.8,0.0,0.0,0.0,0.0,0.0
2022,SOUTH DAKOTA,MINER,114.96061827018792,0.0874602678125227,7527.49998,27.57326,2876.2461,10.5357,0.0,0.0,21741.197086550947,9.978244950074952,15567.1698,57.0226,82800.0,0.0,86200.0,9746000.0,0.0,117.7,0.0,0.0,0.0,0.0,0.0
2022,INDIANA,FOUNTAIN,74.38306925104582,0.0565801675940882,18516.49254,67.82598,7282.39512,26.67544,0.0,0.0,14813.184599993348,7.317749075031376,41597.2557,152.3709,83700.0,0.0,85700.0,16029000.0,0.0,191.5,0.0,0.0,0.0,0.0,0.0
2022,KANSAS,NEOSHO,3664.160262871096,2.7876401472787777,14836.25598,54.34526,8339.86062,30.54894,0.0,0.0,21581.67048668583,10.661397498661303,25888.39344,94.82928,28900.0,0.0,29800.0,1468000.0,0.0,50.8,0.0,0.0,0.0,0.0,0.0
2021,OHIO,DEFIANCE,134.6426003352722,0.1024400657491626,20869.66518,76.44566,5131.13874,18.79538,288.4110611375894,0.0,15192.41700317975,6.971062600279335,34120.93776,124.98512,48000.0,0.0,52700.0,9130000.0,0.0,190.2,0.0,0.0,0.0,0.0,0.0
2023,ILLINOIS,JASPER,416.53036941881135,0.3168801523225947,31061.21928,113.77736,13162.52574,48.214380000000006,0.0,0.0,18590.54668025561,9.1837750927528,84829.25178,310.72986,103600.0,0.0,105000.0,19870000.0,0.0,191.8,0.0,0.0,0.0,0.0,0.0
2022,GEORGIA,RANDOLPH,3506.530946474417,2.667740090630528,1100.22822,4.03014,4707.2025,17.2425,0.0,0.0,16117.884319090806,7.962273896697572,27752.92884,101.65908,11300.0,0.0,11400.0,2194000.0,0.0,194.2,0.0,0.0,0.0,0.0,0.0
2023,MICHIGAN,LAPEER,28.86678848345569,0.0219402337411027,22653.96042,82.98154,7910.79198,28.97726,0.0,0.0,24441.75458260231,12.074285970152724,39936.44382,146.28734,34700.0,0.0,36900.0,5902000.0,0.0,170.1,0.0,0.0,0.0,0.0,0.0
2021,IOWA,BREMER,182.19716328537967,0.1386200773216583,23628.13908,86.54996,9885.40644,36.21028,237.24360502938023,0.0,16201.444320616196,7.434056249925023,62734.73388,229.79756,117900.0,2410.0,121500.0,23592000.0,55000.0,200.1,23.0,0.0,0.0,0.0,0.0
2021,NORTH CAROLINA,PERQUIMANS,1725.459728269511,1.3127000253826393,14510.99286,53.15382,4766.0886,17.458199999999998,417.2530938456024,0.0,9195.26027333316,4.219258527319975,28161.18942,103.15454,15400.0,0.0,15700.0,2359000.0,0.0,153.2,0.0,0.0,0.0,0.0,0.0
2023,IOWA,CRAWFORD,210.07398948488972,0.1598002109770568,37429.08078,137.10286,14490.76356,53.07972,0.0,0.0,26743.495580305527,12.274078039916684,110723.5038,405.5806,189900.0,0.0,197500.0,35682000.0,0.0,187.9,0.0,0.0,0.0,0.0,0.0
2023,ALABAMA,CHILTON,7.791388290721546e-05,2.409930134851477e-07,606.38214,2.2211799999999995,2854.6081200000003,10.45644,0.0,0.0,26093.99441855599,12.890496451407746,20470.82856,74.98472000000001,740.0,0.0,900.0,122100.0,0.0,165.0,0.0,0.0,0.0,0.0,0.0
2023,ALABAMA,MARENGO,122.6862419206422,0.0933403495222942,962.24856,3.52472,1677.93444,6.146280000000001,0.0,0.0,36731.00042631311,16.857899684915814,9889.76898,36.22626,3210.0,0.0,3300.0,370000.0,0.0,115.3,0.0,0.0,0.0,0.0,0.0
2022,NORTH CAROLINA,STOKES,6.454268407042725e-05,2.19617363840859e-07,488.51712,1.78944,1917.74856,7.02472,0.0,0.0,16642.043160797148,7.637959513778421,9756.62142,35.73853999999999,1550.0,0.0,1800.0,216000.0,0.0,139.4,0.0,0.0,0.0,0.0,0.0
2021,IOWA,MILLS,498.5334827293413,0.3792800760553575,24859.29264,91.05968,10282.545,37.665,184.92947290784832,0.0,16201.444323087144,8.001735903691511,63150.34362000001,231.31994,91500.0,0.0,93100.0,19197000.0,0.0,209.8,0.0,0.0,0.0,0.0,0.0
2021,OKLAHOMA,KIOWA,347.1055624627433,0.2640601372865126,10811.12214,39.60118,4559.5641,16.701700000000002,311.08604980523785,0.0,38000.9950293595,18.76832214700276,40098.24546,146.88002,5360.0,0.0,6200.0,321000.0,0.0,59.9,0.0,0.0,0.0,0.0,0.0
2023,MISSISSIPPI,MADISON,564.0479297253057,0.4291401677859517,8601.34548,31.50676,8579.90406,31.42822,30.156864138,0.0,25820.520232450344,12.755399541022896,46391.26674000001,169.93138,13400.0,0.0,13800.0,2446000.0,0.0,182.5,0.0,0.0,0.0,0.0,0.0
2021,TEXAS,GLASSCOCK,24.16888873426584,0.0183801543410598,1256.55894,4.60278,4029.00498,14.758260000000002,236.229818703626,0.0,34010.491494591246,16.79745123134857,26653.273920000003,97.63104,650.0,0.0,700.0,111400.0,0.0,171.4,0.0,0.0,0.0,0.0,0.0
2023,SOUTH DAKOTA,DOUGLAS,102.8829455731096,0.0782801399691288,11711.53074,42.89938,5385.52014,19.72718,0.0,0.0,16431.240147249442,7.541210282490967,48202.26684,176.56508000000002,82200.0,0.0,84400.0,12346000.0,0.0,150.2,0.0,0.0,0.0,0.0,0.0
2023,TEXAS,HIDALGO,4580.748705794787,3.484960151042818,82671.02298,302.82426,66524.93484,243.68108,0.0,0.0,47305.33528228512,23.36895021926256,303105.26064000005,1110.2756800000002,33600.0,0.0,34100.0,3246000.0,0.0,96.6,0.0,0.0,0.0,0.0,0.0
2022,NEBRASKA,GARFIELD,14.44244261226044,0.011000281304492,2823.07116,10.34092,1822.83738,6.67706,0.0,0.0,21319.59106597793,9.78474649049352,12646.47384,46.32408,9980.0,0.0,12500.0,1844000.0,0.0,184.8,0.0,0.0,0.0,0.0,0.0
2021,MICHIGAN,SAGINAW,170.9194534667803,0.1300401061627761,76366.63944,279.73128,24642.87462,90.26694,473.3072548443972,0.0,28321.17361079668,13.98755241798163,64909.00962,237.76194,85000.0,0.0,90000.0,15122000.0,0.0,177.9,0.0,0.0,0.0,0.0,0.0
2023,COLORADO,PROWERS,198.22870845019747,0.1508205737526279,15348.988199999998,56.2234,10662.35352,39.05624,0.0,0.0,61560.17676924819,30.41087644395768,64850.2764,237.5468,7960.0,0.0,15300.0,1275000.0,0.0,160.2,0.0,0.0,0.0,0.0,0.0
2021,MINNESOTA,CROW WING,6.769400768665362e-05,2.177697648017225e-07,6615.86562,24.23394,2847.98514,10.43218,381.5370960558524,0.0,42481.760423462525,20.981328630561794,18589.4436,68.09320000000001,7540.0,0.0,10100.0,718000.0,0.0,95.2,0.0,0.0,0.0,0.0,0.0
2022,ARKANSAS,GREENE,36114.347233504144,27.47534004911873,38656.21578,141.59786,22961.49492,84.10804,284192.401839444,0.0,21359.47272476541,10.551631266033114,96534.97308,353.60796000000005,26100.0,0.0,26600.0,4539000.0,0.0,173.9,0.0,0.0,0.0,0.0,0.0
2023,NORTH CAROLINA,ROCKINGHAM,6.200788279995181e-05,1.9179465813030814e-07,715.89336,2.62232,2572.06404,9.42148,0.0,0.0,20766.945341631457,10.25892130345956,13080.8496,47.9152,3010.0,0.0,3100.0,413000.0,0.0,137.2,0.0,0.0,0.0,0.0,0.0
2022,MINNESOTA,ISANTI,6.079203466981888,0.0046202158231252,11064.12762,40.52794,4339.1166,15.8942,0.0,0.0,16636.345786610786,7.635344671781571,30292.107300000003,110.9601,27600.0,2030.0,29900.0,4593000.0,47700.0,166.4,23.5,0.0,0.0,0.0,0.0
2023,ALABAMA,LAWRENCE,797.4670173147027,0.6067201742981982,11048.40282,40.47034,6650.91882,24.36234,0.0,0.0,26236.42888071091,12.9608594207376,51364.53504,188.14848,29400.0,0.0,30100.0,5054000.0,0.0,171.9,0.0,0.0,0.0,0.0,0.0
2022,KANSAS,DOUGLAS,1812.2917390823216,1.378760063790894,13832.0637,50.666900000000005,6431.02278,23.55686,0.0,0.0,16379.963737154894,8.09174176406784,26731.60308,97.91796,23200.0,0.0,24500.0,2578000.0,0.0,111.1,0.0,0.0,0.0,0.0,0.0
2021,ILLINOIS,ST CLAIR,388.38451679827074,0.2954800493691912,34556.76588,126.58156,13454.93604,49.28548000000001,1680.368739159112,0.0,21543.018328154823,9.885045238891244,83089.60296,304.35752,91100.0,0.0,92300.0,18129000.0,0.0,199.0,0.0,0.0,0.0,0.0,0.0
2021,OHIO,CLINTON,39.65203998395931,0.0301800631997336,22147.50174,81.12638,6569.0352,24.062400000000004,262.22446225596747,0.0,15101.20549444535,7.458338638471579,41002.92924,150.19388,73300.0,0.0,75200.0,15413000.0,0.0,210.3,0.0,0.0,0.0,0.0,0.0
2023,MISSOURI,STE GENEVIEVE,115.10945060448148,0.0875801541772718,7436.574599999999,27.240200000000005,3700.875360000001,13.55632,0.0,0.0,18995.060563510648,9.383605930952724,19534.63512,71.55544,10900.0,0.0,11100.0,1621000.0,0.0,148.7,0.0,0.0,0.0,0.0,0.0
2022,SOUTH DAKOTA,DEUEL,198.50678060107504,0.1510202739908707,10444.23744,38.25728,4626.9951,16.9487,0.0,0.0,23655.51633796848,10.856832560832796,31175.01114,114.19418,74200.0,0.0,94300.0,12681000.0,0.0,170.9,0.0,4820.0,4900.0,335000.0,69.5
2022,WISCONSIN,SAWYER,0.0001936943404589,6.59077648460888e-07,608.76816,2.22992,405.87456,1.4867199999999998,0.0,0.0,49943.22161134216,24.67207245568589,2620.80546,9.60002,7210.0,660.0,7900.0,1095000.0,15900.0,151.9,24.0,0.0,0.0,0.0,0.0
2022,MINNESOTA,CHIPPEWA,1793.2251506258417,1.3642601762682558,69751.4454,255.4998,27138.384,99.408,0.0,0.0,21838.052526118456,10.022697300003266,70909.86084000001,259.74308,136300.0,0.0,150500.0,27219000.0,0.0,199.7,0.0,1360.0,1400.0,60100.0,44.2
2021,MINNESOTA,FARIBAULT,99.0271617214551,0.0753401354817884,41230.62216,151.02792,15063.82878,55.17886,256.0073474825103,0.0,26462.739116245328,13.069689681600806,110247.2007,403.8359,204500.0,0.0,209000.0,39162000.0,0.0,191.5,0.0,0.0,0.0,0.0,0.0
2021,NEBRASKA,GOSPER,42.37658539991102,0.0322400827760898,15760.5903,57.7311,12914.06844,47.30428,72.46429203044211,0.0,17415.69753447104,8.601443764543008,77817.3123,285.04510000000005,88000.0,0.0,90600.0,19210000.0,0.0,218.3,0.0,0.0,0.0,0.0,0.0
2021,NORTH CAROLINA,WARREN,2.752766307747432,0.0021000846513721,1254.9263999999998,4.5968,723.05142,2.64854,156.3887585986627,0.0,16571.991078656043,8.184745345251415,3085.53882,11.30234,2020.0,0.0,2100.0,278000.0,0.0,137.6,0.0,0.0,0.0,0.0,0.0
2023,INDIANA,PIKE,31.014515358338617,0.0236201079215061,12242.39016,44.84392,5423.32518,19.865660000000005,0.0,0.0,12876.075844087767,6.360812657269489,33712.103879999995,123.48756,32400.0,0.0,33200.0,6451000.0,0.0,199.1,0.0,0.0,0.0,0.0,0.0
2022,INDIANA,HOWARD,31.692575811132663,0.0241001227337389,16224.7449,59.4313,6466.61652,23.68724,0.0,0.0,10084.360286344976,4.628273995280788,34723.96746,127.19402,63100.0,0.0,63500.0,13359000.0,0.0,211.7,0.0,0.0,0.0,0.0,0.0
2023,PENNSYLVANIA,FRANKLIN,443.3713780209778,0.3373201704374839,14802.17466,54.22042,9078.069,33.253,0.0,0.0,27432.87840406743,12.590474172681876,54745.45986,200.53282,20200.0,24000.0,46200.0,3107000.0,468000.0,153.8,19.5,0.0,0.0,0.0,0.0
2023,MARYLAND,WORCESTER,55.82194322361316,0.0424601316561778,9973.18686,36.53182,5281.69278,19.34686,0.0,0.0,16830.056662491876,7.724249370144792,35230.54626,129.04962,34200.0,0.0,35000.0,5462000.0,0.0,159.7,0.0,0.0,0.0,0.0,0.0
2021,SOUTH DAKOTA,BRULE,34.9790279114889,0.0266201544347964,10515.0318,38.5166,5140.38798,18.82926,382.9017742611084,0.0,31171.533275570924,14.303103302470896,42501.56274,155.68338,77600.0,0.0,91000.0,8319000.0,0.0,107.2,0.0,0.0,0.0,0.0,0.0
2022,PENNSYLVANIA,LEBANON,484.9354536977581,0.3689201154963809,7625.45238,27.93206,4559.46582,16.701340000000002,0.0,0.0,12255.06156837756,5.624529584121455,22378.61262,81.97294,0.0,6550.0,0.0,0.0,145000.0,0.0,22.0,0.0,0.0,0.0,0.0
2021,INDIANA,FRANKLIN,1.6849429337331148,0.0013000737318511,6969.05118,25.52766,3370.5399,12.3463,221.75872093630724,0.0,14479.827087930962,6.644089683034677,19775.699580000004,72.43846,35500.0,0.0,36300.0,6191000.0,0.0,174.4,0.0,0.0,0.0,0.0,0.0
2021,MARYLAND,CALVERT,1.1382258671956356e-05,3.6616413750799375e-08,1198.48638,4.39006,499.6719,1.8303,293.5675714361837,0.0,7143.001315835254,3.527858933390677,3079.39632,11.27984,2910.0,0.0,3200.0,458000.0,0.0,157.4,0.0,0.0,0.0,0.0,0.0
2022,OHIO,MEDINA,0.0163141263532029,2.018417298983941e-05,7097.14278,25.99686,2686.0360800000003,9.83896,0.0,0.0,13958.577795250849,6.406367958544918,13183.6341,48.291700000000006,12600.0,0.0,13900.0,2177000.0,0.0,172.8,0.0,0.0,0.0,0.0,0.0
2023,NORTH DAKOTA,SIOUX,0.1495244567066955,0.000120384942704,586.61694,2.14878,245.62902,0.89974,0.0,0.0,41687.71989444424,20.593834609870022,1611.80838,5.90406,23300.0,0.0,27200.0,2840000.0,0.0,121.9,0.0,0.0,0.0,0.0,0.0
2022,NORTH CAROLINA,ORANGE,22.08569309690853,0.0168001806711828,746.928,2.736,1703.67288,6.24056,0.0,0.0,13690.80099785803,6.283470288021293,7530.705,27.585,2040.0,0.0,2300.0,290000.0,0.0,142.2,0.0,0.0,0.0,0.0,0.0
2023,NEBRASKA,KEYA PAHA,8.674298880953943e-05,2.68302046976835e-07,3909.02148,14.31876,2928.81498,10.72826,0.0,0.0,29050.933946399047,14.351231740888108,21770.668920000004,79.74604,17700.0,0.0,20600.0,3806000.0,0.0,215.0,0.0,0.0,0.0,0.0,0.0
2023,GEORGIA,JOHNSON,3.429571787992185e-05,1.1714404324767041e-07,433.0053,1.5861,1256.9466000000002,4.6042,0.0,0.0,11485.915443397516,5.674070051881252,7151.14764,26.19468,2970.0,0.0,3200.0,494000.0,0.0,166.3,0.0,0.0,0.0,0.0,0.0
2023,MINNESOTA,JACKSON,411.80111775950127,0.313300193936827,35620.74516,130.47892000000002,12775.6902,46.7974,0.0,0.0,26384.560727220727,13.034036911739795,108243.2442,396.4954,191000.0,400.0,191500.0,39098000.0,7600.0,204.7,19.0,290.0,300.0,17800.0,61.4
2021,WISCONSIN,MANITOWOC,31.25475363871253,0.0237801094693422,7458.0597,27.3189,6836.23122,25.04114,420.2894435273242,0.0,21354.89459528732,9.798724390921947,46958.65902,172.00974000000002,31400.0,44600.0,77300.0,5947000.0,959000.0,189.4,21.5,0.0,0.0,0.0,0.0
2022,INDIANA,MIAMI,35.09969058739078,0.0267001733357544,18999.52236,69.59532,7208.48856,26.40472,0.0,0.0,14106.70964176066,6.968748734338775,39616.89186,145.11682,67800.0,0.0,69400.0,12889000.0,0.0,190.1,0.0,0.0,0.0,0.0,0.0
2023,INDIANA,LAKE,42.43665435760646,0.0322801061094925,13206.4296,48.3752,6356.51562,23.28394,0.0,0.0,11924.61360409212,5.472868628297944,46287.67416,169.55192,50000.0,0.0,51200.0,10375000.0,0.0,207.5,0.0,0.0,0.0,0.0,0.0
2022,OHIO,CARROLL,18.382014455679936,0.0139801844806328,4060.66752,14.87424,2892.40224,10.59488,0.0,0.0,14847.368871404427,7.33463618791453,15813.48678,57.92486,10900.0,0.0,12000.0,1504000.0,0.0,138.0,0.0,0.0,0.0,0.0,0.0
2021,TEXAS,NUECES,2984.008876697157,2.270220057337905,26622.35394,97.51778,11746.87332,43.02884,1266.038058661342,0.0,28241.363546667937,13.94813500291174,101140.0026,370.4762,10200.0,0.0,11200.0,762000.0,0.0,74.7,0.0,0.0,0.0,0.0,0.0
2023,ILLINOIS,LIVINGSTON,422.9597240126021,0.3217603212649897,66311.39424,242.89888,27511.11636,100.77332,0.0,0.0,39055.53093877459,17.92475606614112,189054.45468,692.50716,289500.0,0.0,292500.0,63716000.0,0.0,220.1,0.0,0.0,0.0,0.0,0.0
2022,MINNESOTA,MAHNOMEN,718.6398238902009,0.5467202862107815,12388.61442,45.379540000000006,3517.40844,12.88428,0.0,0.0,22350.81661704068,10.258033269796274,10396.22766,38.08142,36100.0,430.0,36700.0,6047000.0,7300.0,167.5,17.0,34700.0,35900.0,2158000.0,62.2
2021,NEBRASKA,THAYER,161.0608523031585,0.1225401064168363,29113.94304,106.64448000000002,21371.471940000003,78.28378,171.82462817595948,0.0,21600.0255290899,9.911203075810937,127112.98236,465.61532,147700.0,0.0,152000.0,29643000.0,0.0,200.7,0.0,0.0,0.0,0.0,0.0
2023,OHIO,CARROLL,19.41034126618699,0.0147601258914734,4262.01048,15.61176,2968.23072,10.87264,0.0,0.0,14847.36887140443,7.334636187914532,20559.5754,75.30980000000001,12000.0,0.0,12700.0,1844000.0,0.0,153.7,0.0,0.0,0.0,0.0,0.0
2022,NORTH DAKOTA,PEMBINA,9613.700649103448,7.313980232441831,107029.27326,392.04862,37721.40372,138.17364,0.0,0.0,42308.734167467046,19.417832025070183,70239.5421,257.2877,14900.0,0.0,15400.0,2152000.0,0.0,144.4,0.0,203500.0,205000.0,12434000.0,61.1
2022,GEORGIA,POLK,4.397122262917806e-05,1.49619498131536e-07,393.40392,1.44104,1397.92926,5.12062,0.0,0.0,11337.783598049817,5.600892561453142,8018.46318,29.37166,990.0,0.0,1100.0,88300.0,0.0,89.2,0.0,0.0,0.0,0.0,0.0
2022,IDAHO,GOODING,2130.362284853682,1.620760227302818,31685.10618000001,116.06266,18115.61934,66.35758,0.0,0.0,27746.23423141257,12.734290595914494,63925.90386,234.16082,6700.0,0.0,39000.0,1452000.0,0.0,216.7,0.0,0.0,0.0,0.0,0.0
2023,OHIO,LUCAS,2.005823525502449,0.0015200727371179,8678.52258,31.789460000000005,2921.98998,10.70326,0.0,0.0,7913.659002859749,3.9093667170202338,21098.67942,77.28454,19500.0,0.0,20000.0,3908000.0,0.0,200.4,0.0,0.0,0.0,0.0,0.0
2023,NORTH CAROLINA,TYRRELL,1204.2409425776725,0.9161600765094984,12791.813579999998,46.85646,4380.07206,16.04422,0.0,0.0,14351.69692570259,7.0897730460496655,20610.12954,75.49498,24800.0,0.0,25500.0,4409000.0,0.0,177.8,0.0,0.0,0.0,0.0,0.0
2022,OHIO,FAYETTE,120.02818962997588,0.0913201693287493,22339.044,81.828,7631.88972,27.95564,0.0,0.0,14989.803339950997,6.879654734927523,40480.0851,148.2787,77600.0,0.0,81300.0,14084000.0,0.0,181.5,0.0,0.0,0.0,0.0,0.0
2021,OHIO,MIAMI,24.697641120232262,0.0187800674016599,19345.1076,70.8612,7051.24056,25.82872,361.3178522970352,0.0,14337.309104270736,6.57869509930563,43787.0433,160.3921,71300.0,0.0,73200.0,14217000.0,0.0,199.4,0.0,0.0,0.0,0.0,0.0
2023,TENNESSEE,WASHINGTON,3.222028257265724e-05,9.965955620225629e-08,1274.26572,4.66764,6866.86182,25.15334,0.0,0.0,10790.835243270289,4.952514658903452,45992.57754,168.47098,2420.0,0.0,3200.0,406000.0,0.0,167.8,0.0,0.0,0.0,0.0,0.0
2021,WISCONSIN,TAYLOR,1.637878520698549,0.0012601882635675,8028.531420000001,29.40854,4355.29458,15.95346,247.85271812897096,0.0,36752.53749642617,18.151721104139487,32996.47806,120.86622,28300.0,10800.0,39800.0,4933000.0,221000.0,174.3,20.5,0.0,0.0,0.0,0.0
2023,OHIO,LICKING,48.31182239932235,0.0367601905701826,19703.15802,72.17274,7444.31688,27.26856,0.0,0.0,23820.74030819948,11.767503414287283,46205.93796,169.25252,52700.0,0.0,55900.0,9772000.0,0.0,185.4,0.0,0.0,0.0,0.0,0.0
2021,NORTH DAKOTA,BOWMAN,2.76745047941317,0.0021202267704474,2695.31262,9.872940000000002,1095.14496,4.011520000000001,275.27299249657165,0.0,44237.58197009539,20.298478716979613,10677.90906,39.113220000000005,0.0,0.0,0.0,0.0,0.0,0.0,0.0,62300.0,80500.0,829000.0,13.3
2022,INDIANA,DE KALB,233.61074221929445,0.177740073880815,16120.23504,59.04848,5247.40944,19.22128,0.0,0.0,13280.589731773378,6.095201515240375,29519.479080000005,108.12996,43200.0,0.0,44800.0,8061000.0,0.0,186.6,0.0,0.0,0.0,0.0,0.0
2021,KANSAS,CLOUD,651.1640208694041,0.4954001363122608,16059.9621,58.8277,8396.89032,30.75784,233.60281235622736,0.0,26873.190900971604,13.27240782925992,39772.21794,145.68578,55500.0,0.0,57900.0,7925000.0,0.0,142.8,0.0,0.0,0.0,0.0,0.0
2023,KANSAS,RUSSELL,43.63281627630401,0.0331803281007977,7261.526999999999,26.599,3051.05346,11.17602,0.0,0.0,33625.92904514731,16.611290401883476,19122.07752,70.04424,3050.0,0.0,6800.0,167800.0,0.0,55.0,0.0,0.0,0.0,0.0,0.0
2023,MINNESOTA,LINCOLN,299.41353467766555,0.227780094225269,14965.99104,54.82048,6535.68552,23.94024,0.0,0.0,20652.997756872617,9.47880973393616,56832.40836,208.17732,118200.0,1060.0,119500.0,21453000.0,19100.0,181.5,18.0,0.0,0.0,0.0,0.0
2022,MISSOURI,CAPE GIRARDEAU,2457.592035562621,1.8697200490386587,22451.33436,82.23932,11278.13232,41.31184,7891.900023366,0.0,21108.788054289616,10.427792431573463,45510.98916,166.70692,28600.0,0.0,30900.0,4668000.0,0.0,163.2,0.0,0.0,0.0,0.0,0.0
2021,ALABAMA,BLOUNT,296.5698848252269,0.2256200747732974,4114.03356,15.06972,5180.994,18.978,552.4593827887243,0.0,24484.589499483216,11.234789441819284,29192.38686,106.93182,1350.0,0.0,1400.0,206000.0,0.0,152.6,0.0,0.0,0.0,0.0,0.0
2021,MISSOURI,DALLAS,1353.8697841567446,1.0300000767194493,660.39246,2.41902,2448.33498,8.96826,198.07040104833143,0.0,20476.9838193764,10.113383310728976,8597.66544,31.49328,570.0,0.0,600.0,79400.0,0.0,139.3,0.0,0.0,0.0,0.0,0.0
2023,KANSAS,SEWARD,7.071790634419943e-05,2.41551481971442e-07,22060.038,80.806,18374.35782,67.30534,0.0,0.0,23684.00321718037,10.869906774617254,112062.72714,410.48618,52300.0,0.0,61300.0,9474000.0,0.0,181.1,0.0,0.0,0.0,0.0,0.0
2021,VIRGINIA,MIDDLESEX,7.948504657831365e-06,2.5570121329994777e-08,1086.93858,3.98146,403.31928,1.4773599999999998,91.61628833814623,0.0,4988.129409648493,2.463588640215653,2624.25072,9.61264,5400.0,0.0,6600.0,975000.0,0.0,180.6,0.0,0.0,0.0,0.0,0.0
2023,GEORGIA,TIFT,22781.86158310274,17.332120010041216,1791.2895,6.5615,8308.6731,30.4347,0.0,0.0,9674.149020986652,4.77905305048805,54295.04262000001,198.88294,4390.0,0.0,4500.0,825000.0,0.0,187.9,0.0,0.0,0.0,0.0,0.0
2023,OHIO,BELMONT,5.85204710023111e-05,1.810078529164293e-07,861.33684,3.15508,3427.0072199999995,12.55314,0.0,0.0,19598.98270663851,9.681944932565305,23475.8433,85.9921,120.0,0.0,400.0,19800.0,0.0,165.0,0.0,0.0,0.0,0.0,0.0
2023,TEXAS,HALE,306.66398660660514,0.2333002827258203,53713.67274,196.75338,48441.15276,177.44011999999998,0.0,0.0,37357.71208419922,18.45480026283884,274918.31094,1007.02678,28900.0,0.0,52100.0,3439000.0,0.0,119.0,0.0,0.0,0.0,0.0,0.0
2021,OKLAHOMA,ROGERS,420.3466521360771,0.3198000999580963,3333.32454,12.209979999999998,8587.73916,31.45692,433.7215409611241,0.0,25237.08445566272,11.580072845034442,27710.58108,101.50396,350.0,0.0,400.0,30600.0,0.0,87.4,0.0,0.0,0.0,0.0,0.0
2021,MINNESOTA,REDWOOD,516.9776218263422,0.3932801381190536,53591.31414,196.30518,19192.64256,70.30272000000001,331.4709472958819,0.0,32898.85122307345,15.095685650632213,118297.67586,433.32482,233500.0,0.0,240000.0,40162000.0,0.0,172.0,0.0,0.0,0.0,0.0,0.0
2023,MISSOURI,BUCHANAN,799.12412109624,0.6079400762690549,18555.69534,67.96958000000001,7167.68598,26.25526,0.0,0.0,14516.920907990574,7.171394093529318,39746.28294,145.59078,53900.0,0.0,55200.0,9443000.0,0.0,175.2,0.0,0.0,0.0,0.0,0.0
2021,SOUTH DAKOTA,MCPHERSON,47.66988738325764,0.0362602173181068,5689.38006,20.84022,2352.79044,8.61828,137.9453369684101,0.0,43114.54026937903,19.783169402024708,23918.3217,87.61290000000001,68800.0,0.0,89000.0,4832000.0,0.0,70.2,0.0,0.0,0.0,0.0,0.0
2023,WISCONSIN,BAYFIELD,0.0001684675070254,5.754352481528702e-07,326.92842,1.1975399999999998,669.97476,2.45412,0.0,0.0,56421.14118820781,27.87218041840969,4865.30226,17.82162,1260.0,0.0,2400.0,154800.0,0.0,122.9,0.0,0.0,0.0,0.0,0.0
2023,WISCONSIN,COLUMBIA,177.7011141122075,0.135180224851821,20220.14358,74.06646,10562.43552,38.69024,0.0,0.0,29444.05308395424,13.513514128274442,82036.49454000001,300.49998,113800.0,9000.0,124000.0,21064000.0,180000.0,185.1,20.0,0.0,0.0,0.0,0.0
2023,OHIO,MEIGS,4.880675326075555e-05,1.667094543632091e-07,378.8694,1.3878,1525.58952,5.58824,0.0,0.0,16345.779463855371,8.074854650251797,9439.70664,34.57768,2410.0,0.0,2500.0,410000.0,0.0,170.1,0.0,0.0,0.0,0.0,0.0
2023,PENNSYLVANIA,SOMERSET,57.04415995715674,0.0434003718027582,9169.86252,33.589240000000004,6422.598,23.526,0.0,0.0,40257.67784721233,19.88739037448312,45051.35544,165.02328,16500.0,10400.0,27400.0,2381000.0,156000.0,144.3,15.0,0.0,0.0,0.0,0.0
2023,MINNESOTA,WRIGHT,55.05559000615556,0.0418802161982525,21802.00932,79.86084,8244.81294,30.20078,0.0,0.0,24128.39875830772,11.073864613113315,64373.58564,235.80068,77600.0,1260.0,78900.0,14015000.0,25800.0,180.6,20.5,0.0,0.0,0.0,0.0
2021,NORTH CAROLINA,CASWELL,59.08400378967454,0.0449600763241677,557.30766,2.04142,1891.33854,6.92798,171.41869997304357,0.0,16041.824183492356,7.922901067952341,10068.50754,36.88098,940.0,0.0,1000.0,120600.0,0.0,128.3,0.0,0.0,0.0,0.0,0.0
2023,IDAHO,BINGHAM,1214.3795342088947,0.9238805976012062,85682.95008,313.85696,27640.46376,101.24712,0.0,0.0,78612.43119090046,38.8347314346868,53005.35786,194.15882,2750.0,0.0,11500.0,506000.0,0.0,184.0,0.0,51000.0,53500.0,5500000.0,107.8
2021,MICHIGAN,HURON,723.9768927125871,0.5507801028347171,151647.88548000003,555.48676,61552.67118,225.46766,354.4466623013422,0.0,31422.36492433616,15.519200670008376,90957.10806,333.17622,73500.0,0.0,100000.0,15656000.0,0.0,213.0,0.0,0.0,0.0,0.0,0.0
2023,IOWA,LINN,399.9951452229762,0.3043201342168447,31911.767160000003,116.89292,13939.75128,51.06136,0.0,0.0,24327.807014621547,12.017995595549976,92645.02884,339.35907999999995,143600.0,0.0,147000.0,25776000.0,0.0,179.5,0.0,0.0,0.0,0.0,0.0
2022,WISCONSIN,COLUMBIA,166.09383565135215,0.1263603248452348,19005.36456,69.61672,10213.08288,37.41056,0.0,0.0,29444.05308395424,14.5454335471103,62631.85656,229.42072,109600.0,12200.0,123000.0,21048000.0,311000.0,192.0,25.5,0.0,0.0,0.0,0.0
2023,NORTH CAROLINA,DAVIDSON,2.336039015291667,0.0017802014613349,1585.98804,5.80948,3952.5213,14.4781,0.0,0.0,19952.22018074322,9.856445100435844,23963.26296,87.77752,6100.0,0.0,6800.0,784000.0,0.0,128.5,0.0,0.0,0.0,0.0,0.0
2021,IOWA,GRUNDY,145.07006706579665,0.1103800883352129,32703.729240000004,119.79388,12722.8101,46.6037,346.0188427196502,0.0,18601.447166419537,9.187073984512391,82567.38126,302.44462,150200.0,0.0,153000.0,31452000.0,0.0,209.4,0.0,0.0,0.0,0.0,0.0
2021,PENNSYLVANIA,BEAVER,2.3173297582145405e-05,7.4547862308632e-08,2571.99306,9.421219999999998,1817.7705,6.6585,553.892242581678,0.0,14542.535000485645,6.672863299758075,12780.413100000002,46.8147,3850.0,0.0,4900.0,546000.0,0.0,141.8,0.0,0.0,0.0,0.0,0.0
2022,ARKANSAS,JEFFERSON,16951.269674462834,12.896300044517403,38148.22284,139.73708000000002,21665.69496,79.36152,348892.23318884993,0.0,33016.309515485584,16.310136877522122,86106.39492,315.40804,32700.0,0.0,33000.0,5964000.0,0.0,182.4,0.0,0.0,0.0,0.0,0.0
2021,ILLINOIS,OGLE,563.0249124998855,0.4283401071738783,41073.37962000001,150.45193999999998,19542.89064,71.58568,313.3056941969652,0.0,28475.09303150436,14.063571724062696,127313.73018,466.35066,213500.0,0.0,216500.0,41889000.0,0.0,196.2,0.0,0.0,0.0,0.0,0.0
2022,GEORGIA,CARROLL,6.891771024045617e-05,2.345041279727641e-07,717.83712,2.62944,2368.24224,8.67488,0.0,0.0,17770.12414162203,8.155698638509257,9932.73372,36.38364,250.0,0.0,300.0,28000.0,0.0,112.0,0.0,0.0,0.0,0.0,0.0
2021,CALIFORNIA,HUMBOLDT,0.0002121206083288,6.82386175142598e-07,0.0,0.0,8310.04902,30.43974,750.7061347617878,0.0,133117.4969816631,61.08115676771159,4139.42802,15.16274,0.0,0.0,100.0,0.0,0.0,0.0,0.0,0.0,0.0,0.0,0.0
2021,MISSOURI,ST LOUIS,106.45501314173434,0.0809800437468246,3488.26842,12.77754,1419.0485400000002,5.19798,1165.0286402739523,0.0,8533.976830103205,4.214848222229144,7318.1745,26.8065,2680.0,0.0,2800.0,457000.0,0.0,170.5,0.0,0.0,0.0,0.0,0.0
2021,KANSAS,SHERMAN,1.446783108531226,0.0011002030413748,22346.28396,81.85452,14299.204919999998,52.37804,426.49069111751487,0.0,39608.59788261661,18.17446264746562,98156.07438,359.54606,196400.0,0.0,206000.0,22625000.0,0.0,115.2,0.0,0.0,0.0,0.0,0.0
2022,MARYLAND,DORCHESTER,117.94987046183633,0.0897402384650848,13994.782620000002,51.26294,5185.6623,18.9951,0.0,0.0,20151.628431246456,9.9549532592199,25987.42692,95.19204,22100.0,0.0,24200.0,3547000.0,0.0,160.5,0.0,0.0,0.0,0.0,0.0
2022,ILLINOIS,MACON,386.8350062484177,0.2943002264699529,33023.40678,120.96486,14216.283900000002,52.0743,0.0,0.0,20652.99776493481,9.478809737636343,75645.70104,277.09048,139900.0,0.0,142500.0,32527000.0,0.0,232.5,0.0,0.0,0.0,0.0,0.0
