year,reference_period_desc,prodn_practice_desc,state,state_abbr,state_fips,county,county_fips,agg_level,commodity,class,util_practice_desc,statistic_category,description,unit,value,coeff_variation_pct
2021,YEAR,ALL PRODUCTION PRACTICES,IDAHO,ID,16,BENEWAH,009,COUNTY,WHEAT,"SPRING, (EXCL DURUM)",ALL UTILIZATION PRACTICES,YIELD,"WHEAT, SPRING, (EXCL DURUM) - YIELD, MEASURED IN BU / ACRE",BU / ACRE,30.8,9.90
2021,YEAR,ALL PRODUCTION PRACTICES,IDAHO,ID,16,CLEARWATER,035,COUNTY,WHEAT,"SPRING, (EXCL DURUM)",ALL UTILIZATION PRACTICES,YIELD,"WHEAT, SPRING, (EXCL DURUM) - YIELD, MEASURED IN BU / ACRE",BU / ACRE,24.6,13.00
2023,YEAR,ALL PRODUCTION PRACTICES,IDAHO,ID,16,IDAHO,049,COUNTY,WHEAT,"SPRING, (EXCL DURUM)",ALL UTILIZATION PRACTICES,YIELD,"WHEAT, SPRING, (EXCL DURUM) - YIELD, MEASURED IN BU / ACRE",BU / ACRE,58.9,10.9
2022,YEAR,ALL PRODUCTION PRACTICES,IDAHO,ID,16,IDAHO,049,COUNTY,WHEAT,"SPRING, (EXCL DURUM)",ALL UTILIZATION PRACTICES,YIELD,"WHEAT, SPRING, (EXCL DURUM) - YIELD, MEASURED IN BU / ACRE",BU / ACRE,48.9,18.3
2021,YEAR,ALL PRODUCTION PRACTICES,IDAHO,ID,16,IDAHO,049,COUNTY,WHEAT,"SPRING, (EXCL DURUM)",ALL UTILIZATION PRACTICES,YIELD,"WHEAT, SPRING, (EXCL DURUM) - YIELD, MEASURED IN BU / ACRE",BU / ACRE,28.5,9.90
2023,YEAR,ALL PRODUCTION PRACTICES,IDAHO,ID,16,LATAH,057,COUNTY,WHEAT,"SPRING, (EXCL DURUM)",ALL UTILIZATION PRACTICES,YIELD,"WHEAT, SPRING, (EXCL DURUM) - YIELD, MEASURED IN BU / ACRE",BU / ACRE,63.1,4.7
2021,YEAR,ALL PRODUCTION PRACTICES,IDAHO,ID,16,LATAH,057,COUNTY,WHEAT,"SPRING, (EXCL DURUM)",ALL UTILIZATION PRACTICES,YIELD,"WHEAT, SPRING, (EXCL DURUM) - YIELD, MEASURED IN BU / ACRE",BU / ACRE,33.5,6.70
2023,YEAR,ALL PRODUCTION PRACTICES,IDAHO,ID,16,LEWIS,061,COUNTY,WHEAT,"SPRING, (EXCL DURUM)",ALL UTILIZATION PRACTICES,YIELD,"WHEAT, SPRING, (EXCL DURUM) - YIELD, MEASURED IN BU / ACRE",BU / ACRE,57.0,10.3
2021,YEAR,ALL PRODUCTION PRACTICES,IDAHO,ID,16,LEWIS,061,COUNTY,WHEAT,"SPRING, (EXCL DURUM)",ALL UTILIZATION PRACTICES,YIELD,"WHEAT, SPRING, (EXCL DURUM) - YIELD, MEASURED IN BU / ACRE",BU / ACRE,28.5,8.10
2023,YEAR,ALL PRODUCTION PRACTICES,IDAHO,ID,16,NEZ PERCE,069,COUNTY,WHEAT,"SPRING, (EXCL DURUM)",ALL UTILIZATION PRACTICES,YIELD,"WHEAT, SPRING, (EXCL DURUM) - YIELD, MEASURED IN BU / ACRE",BU / ACRE,48.5,9.2
2021,YEAR,ALL PRODUCTION PRACTICES,IDAHO,ID,16,NEZ PERCE,069,COUNTY,WHEAT,"SPRING, (EXCL DURUM)",ALL UTILIZATION PRACTICES,YIELD,"WHEAT, SPRING, (EXCL DURUM) - YIELD, MEASURED IN BU / ACRE",BU / ACRE,39.3,9.20
2023,YEAR,ALL PRODUCTION PRACTICES,IDAHO,ID,16,ADA,001,COUNTY,WHEAT,"SPRING, (EXCL DURUM)",ALL UTILIZATION PRACTICES,YIELD,"WHEAT, SPRING, (EXCL DURUM) - YIELD, MEASURED IN BU / ACRE",BU / ACRE,96.2,25.2
2022,YEAR,ALL PRODUCTION PRACTICES,IDAHO,ID,16,ADA,001,COUNTY,WHEAT,"SPRING, (EXCL DURUM)",ALL UTILIZATION PRACTICES,YIELD,"WHEAT, SPRING, (EXCL DURUM) - YIELD, MEASURED IN BU / ACRE",BU / ACRE,105.8,6.7
2023,YEAR,ALL PRODUCTION PRACTICES,IDAHO,ID,16,CANYON,027,COUNTY,WHEAT,"SPRING, (EXCL DURUM)",ALL UTILIZATION PRACTICES,YIELD,"WHEAT, SPRING, (EXCL DURUM) - YIELD, MEASURED IN BU / ACRE",BU / ACRE,89.6,9.6
2022,YEAR,ALL PRODUCTION PRACTICES,IDAHO,ID,16,CANYON,027,COUNTY,WHEAT,"SPRING, (EXCL DURUM)",ALL UTILIZATION PRACTICES,YIELD,"WHEAT, SPRING, (EXCL DURUM) - YIELD, MEASURED IN BU / ACRE",BU / ACRE,92.0,17.5
2021,YEAR,ALL PRODUCTION PRACTICES,IDAHO,ID,16,CANYON,027,COUNTY,WHEAT,"SPRING, (EXCL DURUM)",ALL UTILIZATION PRACTICES,YIELD,"WHEAT, SPRING, (EXCL DURUM) - YIELD, MEASURED IN BU / ACRE",BU / ACRE,92.5,7.50
2022,YEAR,ALL PRODUCTION PRACTICES,IDAHO,ID,16,WASHINGTON,087,COUNTY,WHEAT,"SPRING, (EXCL DURUM)",ALL UTILIZATION PRACTICES,YIELD,"WHEAT, SPRING, (EXCL DURUM) - YIELD, MEASURED IN BU / ACRE",BU / ACRE,77.7,6.3
2021,YEAR,ALL PRODUCTION PRACTICES,IDAHO,ID,16,WASHINGTON,087,COUNTY,WHEAT,"SPRING, (EXCL DURUM)",ALL UTILIZATION PRACTICES,YIELD,"WHEAT, SPRING, (EXCL DURUM) - YIELD, MEASURED IN BU / ACRE",BU / ACRE,83.4,8.40
2022,YEAR,ALL PRODUCTION PRACTICES,IDAHO,ID,16,CAMAS,025,COUNTY,WHEAT,"SPRING, (EXCL DURUM)",ALL UTILIZATION PRACTICES,YIELD,"WHEAT, SPRING, (EXCL DURUM) - YIELD, MEASURED IN BU / ACRE",BU / ACRE,54.1,35.4
2023,YEAR,ALL PRODUCTION PRACTICES,IDAHO,ID,16,CASSIA,031,COUNTY,WHEAT,"SPRING, (EXCL DURUM)",ALL UTILIZATION PRACTICES,YIELD,"WHEAT, SPRING, (EXCL DURUM) - YIELD, MEASURED IN BU / ACRE",BU / ACRE,124.8,3.8
2021,YEAR,ALL PRODUCTION PRACTICES,IDAHO,ID,16,CASSIA,031,COUNTY,WHEAT,"SPRING, (EXCL DURUM)",ALL UTILIZATION PRACTICES,YIELD,"WHEAT, SPRING, (EXCL DURUM) - YIELD, MEASURED IN BU / ACRE",BU / ACRE,100.8,5.10
2023,YEAR,ALL PRODUCTION PRACTICES,IDAHO,ID,16,GOODING,047,COUNTY,WHEAT,"SPRING, (EXCL DURUM)",ALL UTILIZATION PRACTICES,YIELD,"WHEAT, SPRING, (EXCL DURUM) - YIELD, MEASURED IN BU / ACRE",BU / ACRE,136.5,2.6
2021,YEAR,ALL PRODUCTION PRACTICES,IDAHO,ID,16,GOODING,047,COUNTY,WHEAT,"SPRING, (EXCL DURUM)",ALL UTILIZATION PRACTICES,YIELD,"WHEAT, SPRING, (EXCL DURUM) - YIELD, MEASURED IN BU / ACRE",BU / ACRE,112.5,4.50
2023,YEAR,ALL PRODUCTION PRACTICES,IDAHO,ID,16,LINCOLN,063,COUNTY,WHEAT,"SPRING, (EXCL DURUM)",ALL UTILIZATION PRACTICES,YIELD,"WHEAT, SPRING, (EXCL DURUM) - YIELD, MEASURED IN BU / ACRE",BU / ACRE,93.7,20.8
2021,YEAR,ALL PRODUCTION PRACTICES,IDAHO,ID,16,LINCOLN,063,COUNTY,WHEAT,"SPRING, (EXCL DURUM)",ALL UTILIZATION PRACTICES,YIELD,"WHEAT, SPRING, (EXCL DURUM) - YIELD, MEASURED IN BU / ACRE",BU / ACRE,71.9,12.90
2023,YEAR,ALL PRODUCTION PRACTICES,IDAHO,ID,16,MINIDOKA,067,COUNTY,WHEAT,"SPRING, (EXCL DURUM)",ALL UTILIZATION PRACTICES,YIELD,"WHEAT, SPRING, (EXCL DURUM) - YIELD, MEASURED IN BU / ACRE",BU / ACRE,114.0,6.3
2021,YEAR,ALL PRODUCTION PRACTICES,IDAHO,ID,16,MINIDOKA,067,COUNTY,WHEAT,"SPRING, (EXCL DURUM)",ALL UTILIZATION PRACTICES,YIELD,"WHEAT, SPRING, (EXCL DURUM) - YIELD, MEASURED IN BU / ACRE",BU / ACRE,108.0,5.90
2023,YEAR,ALL PRODUCTION PRACTICES,IDAHO,ID,16,TWIN FALLS,083,COUNTY,WHEAT,"SPRING, (EXCL DURUM)",ALL UTILIZATION PRACTICES,YIELD,"WHEAT, SPRING, (EXCL DURUM) - YIELD, MEASURED IN BU / ACRE",BU / ACRE,122.7,3.1
2022,YEAR,ALL PRODUCTION PRACTICES,IDAHO,ID,16,TWIN FALLS,083,COUNTY,WHEAT,"SPRING, (EXCL DURUM)",ALL UTILIZATION PRACTICES,YIELD,"WHEAT, SPRING, (EXCL DURUM) - YIELD, MEASURED IN BU / ACRE",BU / ACRE,122.9,4.5
2021,YEAR,ALL PRODUCTION PRACTICES,IDAHO,ID,16,TWIN FALLS,083,COUNTY,WHEAT,"SPRING, (EXCL DURUM)",ALL UTILIZATION PRACTICES,YIELD,"WHEAT, SPRING, (EXCL DURUM) - YIELD, MEASURED IN BU / ACRE",BU / ACRE,109.8,7.30
2023,YEAR,ALL PRODUCTION PRACTICES,IDAHO,ID,16,BANNOCK,005,COUNTY,WHEAT,"SPRING, (EXCL DURUM)",ALL UTILIZATION PRACTICES,YIELD,"WHEAT, SPRING, (EXCL DURUM) - YIELD, MEASURED IN BU / ACRE",BU / ACRE,49.6,7.2
2023,YEAR,ALL PRODUCTION PRACTICES,IDAHO,ID,16,BINGHAM,011,COUNTY,WHEAT,"SPRING, (EXCL DURUM)",ALL UTILIZATION PRACTICES,YIELD,"WHEAT, SPRING, (EXCL DURUM) - YIELD, MEASURED IN BU / ACRE",BU / ACRE,107.8,3.0
2022,YEAR,ALL PRODUCTION PRACTICES,IDAHO,ID,16,BINGHAM,011,COUNTY,WHEAT,"SPRING, (EXCL DURUM)",ALL UTILIZATION PRACTICES,YIELD,"WHEAT, SPRING, (EXCL DURUM) - YIELD, MEASURED IN BU / ACRE",BU / ACRE,108.2,4.0
2021,YEAR,ALL PRODUCTION PRACTICES,IDAHO,ID,16,BINGHAM,011,COUNTY,WHEAT,"SPRING, (EXCL DURUM)",ALL UTILIZATION PRACTICES,YIELD,"WHEAT, SPRING, (EXCL DURUM) - YIELD, MEASURED IN BU / ACRE",BU / ACRE,105.9,4.70
2023,YEAR,ALL PRODUCTION PRACTICES,IDAHO,ID,16,BONNEVILLE,019,COUNTY,WHEAT,"SPRING, (EXCL DURUM)",ALL UTILIZATION PRACTICES,YIELD,"WHEAT, SPRING, (EXCL DURUM) - YIELD, MEASURED IN BU / ACRE",BU / ACRE,45.5,19.0
2022,YEAR,ALL PRODUCTION PRACTICES,IDAHO,ID,16,BONNEVILLE,019,COUNTY,WHEAT,"SPRING, (EXCL DURUM)",ALL UTILIZATION PRACTICES,YIELD,"WHEAT, SPRING, (EXCL DURUM) - YIELD, MEASURED IN BU / ACRE",BU / ACRE,60.4,26.6
2021,YEAR,ALL PRODUCTION PRACTICES,IDAHO,ID,16,BONNEVILLE,019,COUNTY,WHEAT,"SPRING, (EXCL DURUM)",ALL UTILIZATION PRACTICES,YIELD,"WHEAT, SPRING, (EXCL DURUM) - YIELD, MEASURED IN BU / ACRE",BU / ACRE,64.2,24.80
2023,YEAR,ALL PRODUCTION PRACTICES,IDAHO,ID,16,BUTTE,023,COUNTY,WHEAT,"SPRING, (EXCL DURUM)",ALL UTILIZATION PRACTICES,YIELD,"WHEAT, SPRING, (EXCL DURUM) - YIELD, MEASURED IN BU / ACRE",BU / ACRE,110.2,6.6
2023,YEAR,ALL PRODUCTION PRACTICES,IDAHO,ID,16,CARIBOU,029,COUNTY,WHEAT,"SPRING, (EXCL DURUM)",ALL UTILIZATION PRACTICES,YIELD,"WHEAT, SPRING, (EXCL DURUM) - YIELD, MEASURED IN BU / ACRE",BU / ACRE,49.6,13.8
2022,YEAR,ALL PRODUCTION PRACTICES,IDAHO,ID,16,CARIBOU,029,COUNTY,WHEAT,"SPRING, (EXCL DURUM)",ALL UTILIZATION PRACTICES,YIELD,"WHEAT, SPRING, (EXCL DURUM) - YIELD, MEASURED IN BU / ACRE",BU / ACRE,38.4,15.5
2021,YEAR,ALL PRODUCTION PRACTICES,IDAHO,ID,16,CARIBOU,029,COUNTY,WHEAT,"SPRING, (EXCL DURUM)",ALL UTILIZATION PRACTICES,YIELD,"WHEAT, SPRING, (EXCL DURUM) - YIELD, MEASURED IN BU / ACRE",BU / ACRE,27.4,25.10
2022,YEAR,ALL PRODUCTION PRACTICES,IDAHO,ID,16,CLARK,033,COUNTY,WHEAT,"SPRING, (EXCL DURUM)",ALL UTILIZATION PRACTICES,YIELD,"WHEAT, SPRING, (EXCL DURUM) - YIELD, MEASURED IN BU / ACRE",BU / ACRE,98.4,3.3
2023,YEAR,ALL PRODUCTION PRACTICES,IDAHO,ID,16,FRANKLIN,041,COUNTY,WHEAT,"SPRING, (EXCL DURUM)",ALL UTILIZATION PRACTICES,YIELD,"WHEAT, SPRING, (EXCL DURUM) - YIELD, MEASURED IN BU / ACRE",BU / ACRE,87.2,36.8
2022,YEAR,ALL PRODUCTION PRACTICES,IDAHO,ID,16,FRANKLIN,041,COUNTY,WHEAT,"SPRING, (EXCL DURUM)",ALL UTILIZATION PRACTICES,YIELD,"WHEAT, SPRING, (EXCL DURUM) - YIELD, MEASURED IN BU / ACRE",BU / ACRE,56.6,13.7
2023,YEAR,ALL PRODUCTION PRACTICES,IDAHO,ID,16,JEFFERSON,051,COUNTY,WHEAT,"SPRING, (EXCL DURUM)",ALL UTILIZATION PRACTICES,YIELD,"WHEAT, SPRING, (EXCL DURUM) - YIELD, MEASURED IN BU / ACRE",BU / ACRE,109.0,12.6
2022,YEAR,ALL PRODUCTION PRACTICES,IDAHO,ID,16,JEFFERSON,051,COUNTY,WHEAT,"SPRING, (EXCL DURUM)",ALL UTILIZATION PRACTICES,YIELD,"WHEAT, SPRING, (EXCL DURUM) - YIELD, MEASURED IN BU / ACRE",BU / ACRE,96.6,6.2
2021,YEAR,ALL PRODUCTION PRACTICES,IDAHO,ID,16,JEFFERSON,051,COUNTY,WHEAT,"SPRING, (EXCL DURUM)",ALL UTILIZATION PRACTICES,YIELD,"WHEAT, SPRING, (EXCL DURUM) - YIELD, MEASURED IN BU / ACRE",BU / ACRE,108.4,7.60
2023,YEAR,ALL PRODUCTION PRACTICES,IDAHO,ID,16,MADISON,065,COUNTY,WHEAT,"SPRING, (EXCL DURUM)",ALL UTILIZATION PRACTICES,YIELD,"WHEAT, SPRING, (EXCL DURUM) - YIELD, MEASURED IN BU / ACRE",BU / ACRE,124.8,2.7
2022,YEAR,ALL PRODUCTION PRACTICES,IDAHO,ID,16,MADISON,065,COUNTY,WHEAT,"SPRING, (EXCL DURUM)",ALL UTILIZATION PRACTICES,YIELD,"WHEAT, SPRING, (EXCL DURUM) - YIELD, MEASURED IN BU / ACRE",BU / ACRE,102.6,6.4
2021,YEAR,ALL PRODUCTION PRACTICES,IDAHO,ID,16,MADISON,065,COUNTY,WHEAT,"SPRING, (EXCL DURUM)",ALL UTILIZATION PRACTICES,YIELD,"WHEAT, SPRING, (EXCL DURUM) - YIELD, MEASURED IN BU / ACRE",BU / ACRE,84.5,10.40
2023,YEAR,ALL PRODUCTION PRACTICES,IDAHO,ID,16,POWER,077,COUNTY,WHEAT,"SPRING, (EXCL DURUM)",ALL UTILIZATION PRACTICES,YIELD,"WHEAT, SPRING, (EXCL DURUM) - YIELD, MEASURED IN BU / ACRE",BU / ACRE,91.0,15.2
2023,YEAR,ALL PRODUCTION PRACTICES,IDAHO,ID,16,OTHER COUNTIES,,COUNTY,WHEAT,"SPRING, (EXCL DURUM)",ALL UTILIZATION PRACTICES,YIELD,"WHEAT, SPRING, (EXCL DURUM) - YIELD, MEASURED IN BU / ACRE",BU / ACRE,66.9,2.9
2022,YEAR,ALL PRODUCTION PRACTICES,IDAHO,ID,16,OTHER COUNTIES,,COUNTY,WHEAT,"SPRING, (EXCL DURUM)",ALL UTILIZATION PRACTICES,YIELD,"WHEAT, SPRING, (EXCL DURUM) - YIELD, MEASURED IN BU / ACRE",BU / ACRE,77.6,3.0
2021,YEAR,ALL PRODUCTION PRACTICES,IDAHO,ID,16,OTHER COUNTIES,,COUNTY,WHEAT,"SPRING, (EXCL DURUM)",ALL UTILIZATION PRACTICES,YIELD,"WHEAT, SPRING, (EXCL DURUM) - YIELD, MEASURED IN BU / ACRE",BU / ACRE,57.7,6.90
2023,YEAR,ALL PRODUCTION PRACTICES,MINNESOTA,MN,27,BECKER,005,COUNTY,WHEAT,"SPRING, (EXCL DURUM)",ALL UTILIZATION PRACTICES,YIELD,"WHEAT, SPRING, (EXCL DURUM) - YIELD, MEASURED IN BU / ACRE",BU / ACRE,60.3,6.1
2022,YEAR,ALL PRODUCTION PRACTICES,MINNESOTA,MN,27,BECKER,005,COUNTY,WHEAT,"SPRING, (EXCL DURUM)",ALL UTILIZATION PRACTICES,YIELD,"WHEAT, SPRING, (EXCL DURUM) - YIELD, MEASURED IN BU / ACRE",BU / ACRE,60.0,5.8
2021,YEAR,ALL PRODUCTION PRACTICES,MINNESOTA,MN,27,BECKER,005,COUNTY,WHEAT,"SPRING, (EXCL DURUM)",ALL UTILIZATION PRACTICES,YIELD,"WHEAT, SPRING, (EXCL DURUM) - YIELD, MEASURED IN BU / ACRE",BU / ACRE,56.4,5.60
2023,YEAR,ALL PRODUCTION PRACTICES,MINNESOTA,MN,27,CLAY,027,COUNTY,WHEAT,"SPRING, (EXCL DURUM)",ALL UTILIZATION PRACTICES,YIELD,"WHEAT, SPRING, (EXCL DURUM) - YIELD, MEASURED IN BU / ACRE",BU / ACRE,60.3,5.9
2022,YEAR,ALL PRODUCTION PRACTICES,MINNESOTA,MN,27,CLAY,027,COUNTY,WHEAT,"SPRING, (EXCL DURUM)",ALL UTILIZATION PRACTICES,YIELD,"WHEAT, SPRING, (EXCL DURUM) - YIELD, MEASURED IN BU / ACRE",BU / ACRE,63.0,4.4
2021,YEAR,ALL PRODUCTION PRACTICES,MINNESOTA,MN,27,CLAY,027,COUNTY,WHEAT,"SPRING, (EXCL DURUM)",ALL UTILIZATION PRACTICES,YIELD,"WHEAT, SPRING, (EXCL DURUM) - YIELD, MEASURED IN BU / ACRE",BU / ACRE,58.9,8.30
2022,YEAR,ALL PRODUCTION PRACTICES,MINNESOTA,MN,27,KITTSON,069,COUNTY,WHEAT,"SPRING, (EXCL DURUM)",ALL UTILIZATION PRACTICES,YIELD,"WHEAT, SPRING, (EXCL DURUM) - YIELD, MEASURED IN BU / ACRE",BU / ACRE,60.6,3.6
2021,YEAR,ALL PRODUCTION PRACTICES,MINNESOTA,MN,27,KITTSON,069,COUNTY,WHEAT,"SPRING, (EXCL DURUM)",ALL UTILIZATION PRACTICES,YIELD,"WHEAT, SPRING, (EXCL DURUM) - YIELD, MEASURED IN BU / ACRE",BU / ACRE,50.4,3.50
2023,YEAR,ALL PRODUCTION PRACTICES,MINNESOTA,MN,27,MAHNOMEN,087,COUNTY,WHEAT,"SPRING, (EXCL DURUM)",ALL UTILIZATION PRACTICES,YIELD,"WHEAT, SPRING, (EXCL DURUM) - YIELD, MEASURED IN BU / ACRE",BU / ACRE,67.2,3.1
2022,YEAR,ALL PRODUCTION PRACTICES,MINNESOTA,MN,27,MAHNOMEN,087,COUNTY,WHEAT,"SPRING, (EXCL DURUM)",ALL UTILIZATION PRACTICES,YIELD,"WHEAT, SPRING, (EXCL DURUM) - YIELD, MEASURED IN BU / ACRE",BU / ACRE,62.2,3.9
2023,YEAR,ALL PRODUCTION PRACTICES,MINNESOTA,MN,27,MARSHALL,089,COUNTY,WHEAT,"SPRING, (EXCL DURUM)",ALL UTILIZATION PRACTICES,YIELD,"WHEAT, SPRING, (EXCL DURUM) - YIELD, MEASURED IN BU / ACRE",BU / ACRE,64.6,2.9
2022,YEAR,ALL PRODUCTION PRACTICES,MINNESOTA,MN,27,MARSHALL,089,COUNTY,WHEAT,"SPRING, (EXCL DURUM)",ALL UTILIZATION PRACTICES,YIELD,"WHEAT, SPRING, (EXCL DURUM) - YIELD, MEASURED IN BU / ACRE",BU / ACRE,59.9,2.8
2021,YEAR,ALL PRODUCTION PRACTICES,MINNESOTA,MN,27,MARSHALL,089,COUNTY,WHEAT,"SPRING, (EXCL DURUM)",ALL UTILIZATION PRACTICES,YIELD,"WHEAT, SPRING, (EXCL DURUM) - YIELD, MEASURED IN BU / ACRE",BU / ACRE,49.5,5.10
2023,YEAR,ALL PRODUCTION PRACTICES,MINNESOTA,MN,27,NORMAN,107,COUNTY,WHEAT,"SPRING, (EXCL DURUM)",ALL UTILIZATION PRACTICES,YIELD,"WHEAT, SPRING, (EXCL DURUM) - YIELD, MEASURED IN BU / ACRE",BU / ACRE,69.1,3.2
2022,YEAR,ALL PRODUCTION PRACTICES,MINNESOTA,MN,27,NORMAN,107,COUNTY,WHEAT,"SPRING, (EXCL DURUM)",ALL UTILIZATION PRACTICES,YIELD,"WHEAT, SPRING, (EXCL DURUM) - YIELD, MEASURED IN BU / ACRE",BU / ACRE,63.5,3.2
2021,YEAR,ALL PRODUCTION PRACTICES,MINNESOTA,MN,27,NORMAN,107,COUNTY,WHEAT,"SPRING, (EXCL DURUM)",ALL UTILIZATION PRACTICES,YIELD,"WHEAT, SPRING, (EXCL DURUM) - YIELD, MEASURED IN BU / ACRE",BU / ACRE,48.3,4.70
2021,YEAR,ALL PRODUCTION PRACTICES,MINNESOTA,MN,27,PENNINGTON,113,COUNTY,WHEAT,"SPRING, (EXCL DURUM)",ALL UTILIZATION PRACTICES,YIELD,"WHEAT, SPRING, (EXCL DURUM) - YIELD, MEASURED IN BU / ACRE",BU / ACRE,37.1,5.60
2023,YEAR,ALL PRODUCTION PRACTICES,MINNESOTA,MN,27,POLK,119,COUNTY,WHEAT,"SPRING, (EXCL DURUM)",ALL UTILIZATION PRACTICES,YIELD,"WHEAT, SPRING, (EXCL DURUM) - YIELD, MEASURED IN BU / ACRE",BU / ACRE,63.1,3.2
2022,YEAR,ALL PRODUCTION PRACTICES,MINNESOTA,MN,27,POLK,119,COUNTY,WHEAT,"SPRING, (EXCL DURUM)",ALL UTILIZATION PRACTICES,YIELD,"WHEAT, SPRING, (EXCL DURUM) - YIELD, MEASURED IN BU / ACRE",BU / ACRE,65.6,2.8
2021,YEAR,ALL PRODUCTION PRACTICES,MINNESOTA,MN,27,POLK,119,COUNTY,WHEAT,"SPRING, (EXCL DURUM)",ALL UTILIZATION PRACTICES,YIELD,"WHEAT, SPRING, (EXCL DURUM) - YIELD, MEASURED IN BU / ACRE",BU / ACRE,45.4,3.00
2023,YEAR,ALL PRODUCTION PRACTICES,MINNESOTA,MN,27,RED LAKE,125,COUNTY,WHEAT,"SPRING, (EXCL DURUM)",ALL UTILIZATION PRACTICES,YIELD,"WHEAT, SPRING, (EXCL DURUM) - YIELD, MEASURED IN BU / ACRE",BU / ACRE,62.2,6.4
2022,YEAR,ALL PRODUCTION PRACTICES,MINNESOTA,MN,27,RED LAKE,125,COUNTY,WHEAT,"SPRING, (EXCL DURUM)",ALL UTILIZATION PRACTICES,YIELD,"WHEAT, SPRING, (EXCL DURUM) - YIELD, MEASURED IN BU / ACRE",BU / ACRE,60.1,4.5
2021,YEAR,ALL PRODUCTION PRACTICES,MINNESOTA,MN,27,RED LAKE,125,COUNTY,WHEAT,"SPRING, (EXCL DURUM)",ALL UTILIZATION PRACTICES,YIELD,"WHEAT, SPRING, (EXCL DURUM) - YIELD, MEASURED IN BU / ACRE",BU / ACRE,43.1,5.70
2022,YEAR,ALL PRODUCTION PRACTICES,MINNESOTA,MN,27,ROSEAU,135,COUNTY,WHEAT,"SPRING, (EXCL DURUM)",ALL UTILIZATION PRACTICES,YIELD,"WHEAT, SPRING, (EXCL DURUM) - YIELD, MEASURED IN BU / ACRE",BU / ACRE,64.8,5.9
2021,YEAR,ALL PRODUCTION PRACTICES,MINNESOTA,MN,27,ROSEAU,135,COUNTY,WHEAT,"SPRING, (EXCL DURUM)",ALL UTILIZATION PRACTICES,YIELD,"WHEAT, SPRING, (EXCL DURUM) - YIELD, MEASURED IN BU / ACRE",BU / ACRE,43.6,5.00
2023,YEAR,ALL PRODUCTION PRACTICES,MINNESOTA,MN,27,BELTRAMI,007,COUNTY,WHEAT,"SPRING, (EXCL DURUM)",ALL UTILIZATION PRACTICES,YIELD,"WHEAT, SPRING, (EXCL DURUM) - YIELD, MEASURED IN BU / ACRE",BU / ACRE,55.4,11.3
2022,YEAR,ALL PRODUCTION PRACTICES,MINNESOTA,MN,27,BELTRAMI,007,COUNTY,WHEAT,"SPRING, (EXCL DURUM)",ALL UTILIZATION PRACTICES,YIELD,"WHEAT, SPRING, (EXCL DURUM) - YIELD, MEASURED IN BU / ACRE",BU / ACRE,60.7,4.6
2021,YEAR,ALL PRODUCTION PRACTICES,MINNESOTA,MN,27,BELTRAMI,007,COUNTY,WHEAT,"SPRING, (EXCL DURUM)",ALL UTILIZATION PRACTICES,YIELD,"WHEAT, SPRING, (EXCL DURUM) - YIELD, MEASURED IN BU / ACRE",BU / ACRE,39.2,12.00
2023,YEAR,ALL PRODUCTION PRACTICES,MINNESOTA,MN,27,KOOCHICHING,071,COUNTY,WHEAT,"SPRING, (EXCL DURUM)",ALL UTILIZATION PRACTICES,YIELD,"WHEAT, SPRING, (EXCL DURUM) - YIELD, MEASURED IN BU / ACRE",BU / ACRE,48.2,18.7
2021,YEAR,ALL PRODUCTION PRACTICES,MINNESOTA,MN,27,KOOCHICHING,071,COUNTY,WHEAT,"SPRING, (EXCL DURUM)",ALL UTILIZATION PRACTICES,YIELD,"WHEAT, SPRING, (EXCL DURUM) - YIELD, MEASURED IN BU / ACRE",BU / ACRE,41.2,27.80
2023,YEAR,ALL PRODUCTION PRACTICES,MINNESOTA,MN,27,LAKE OF THE WOODS,077,COUNTY,WHEAT,"SPRING, (EXCL DURUM)",ALL UTILIZATION PRACTICES,YIELD,"WHEAT, SPRING, (EXCL DURUM) - YIELD, MEASURED IN BU / ACRE",BU / ACRE,65.5,3.8
2022,YEAR,ALL PRODUCTION PRACTICES,MINNESOTA,MN,27,LAKE OF THE WOODS,077,COUNTY,WHEAT,"SPRING, (EXCL DURUM)",ALL UTILIZATION PRACTICES,YIELD,"WHEAT, SPRING, (EXCL DURUM) - YIELD, MEASURED IN BU / ACRE",BU / ACRE,60.0,5.7
2023,YEAR,ALL PRODUCTION PRACTICES,MINNESOTA,MN,27,BIG STONE,011,COUNTY,WHEAT,"SPRING, (EXCL DURUM)",ALL UTILIZATION PRACTICES,YIELD,"WHEAT, SPRING, (EXCL DURUM) - YIELD, MEASURED IN BU / ACRE",BU / ACRE,47.9,15.5
2022,YEAR,ALL PRODUCTION PRACTICES,MINNESOTA,MN,27,BIG STONE,011,COUNTY,WHEAT,"SPRING, (EXCL DURUM)",ALL UTILIZATION PRACTICES,YIELD,"WHEAT, SPRING, (EXCL DURUM) - YIELD, MEASURED IN BU / ACRE",BU / ACRE,41.4,7.3
2021,YEAR,ALL PRODUCTION PRACTICES,MINNESOTA,MN,27,BIG STONE,011,COUNTY,WHEAT,"SPRING, (EXCL DURUM)",ALL UTILIZATION PRACTICES,YIELD,"WHEAT, SPRING, (EXCL DURUM) - YIELD, MEASURED IN BU / ACRE",BU / ACRE,56.3,4.60
2023,YEAR,ALL PRODUCTION PRACTICES,MINNESOTA,MN,27,CHIPPEWA,023,COUNTY,WHEAT,"SPRING, (EXCL DURUM)",ALL UTILIZATION PRACTICES,YIELD,"WHEAT, SPRING, (EXCL DURUM) - YIELD, MEASURED IN BU / ACRE",BU / ACRE,58.5,11.5
2022,YEAR,ALL PRODUCTION PRACTICES,MINNESOTA,MN,27,CHIPPEWA,023,COUNTY,WHEAT,"SPRING, (EXCL DURUM)",ALL UTILIZATION PRACTICES,YIELD,"WHEAT, SPRING, (EXCL DURUM) - YIELD, MEASURED IN BU / ACRE",BU / ACRE,44.2,8.5
2021,YEAR,ALL PRODUCTION PRACTICES,MINNESOTA,MN,27,CHIPPEWA,023,COUNTY,WHEAT,"SPRING, (EXCL DURUM)",ALL UTILIZATION PRACTICES,YIELD,"WHEAT, SPRING, (EXCL DURUM) - YIELD, MEASURED IN BU / ACRE",BU / ACRE,50.1,15.80
2023,YEAR,ALL PRODUCTION PRACTICES,MINNESOTA,MN,27,DOUGLAS,041,COUNTY,WHEAT,"SPRING, (EXCL DURUM)",ALL UTILIZATION PRACTICES,YIELD,"WHEAT, SPRING, (EXCL DURUM) - YIELD, MEASURED IN BU / ACRE",BU / ACRE,48.9,8.3
2022,YEAR,ALL PRODUCTION PRACTICES,MINNESOTA,MN,27,DOUGLAS,041,COUNTY,WHEAT,"SPRING, (EXCL DURUM)",ALL UTILIZATION PRACTICES,YIELD,"WHEAT, SPRING, (EXCL DURUM) - YIELD, MEASURED IN BU / ACRE",BU / ACRE,43.8,9.1
2021,YEAR,ALL PRODUCTION PRACTICES,MINNESOTA,MN,27,DOUGLAS,041,COUNTY,WHEAT,"SPRING, (EXCL DURUM)",ALL UTILIZATION PRACTICES,YIELD,"WHEAT, SPRING, (EXCL DURUM) - YIELD, MEASURED IN BU / ACRE",BU / ACRE,36.2,18.40
2021,YEAR,ALL PRODUCTION PRACTICES,MINNESOTA,MN,27,GRANT,051,COUNTY,WHEAT,"SPRING, (EXCL DURUM)",ALL UTILIZATION PRACTICES,YIELD,"WHEAT, SPRING, (EXCL DURUM) - YIELD, MEASURED IN BU / ACRE",BU / ACRE,59.9,9.10
2023,YEAR,ALL PRODUCTION PRACTICES,MINNESOTA,MN,27,LAC QUI PARLE,073,COUNTY,WHEAT,"SPRING, (EXCL DURUM)",ALL UTILIZATION PRACTICES,YIELD,"WHEAT, SPRING, (EXCL DURUM) - YIELD, MEASURED IN BU / ACRE",BU / ACRE,66.0,8.9
2021,YEAR,ALL PRODUCTION PRACTICES,MINNESOTA,MN,27,LAC QUI PARLE,073,COUNTY,WHEAT,"SPRING, (EXCL DURUM)",ALL UTILIZATION PRACTICES,YIELD,"WHEAT, SPRING, (EXCL DURUM) - YIELD, MEASURED IN BU / ACRE",BU / ACRE,44.5,2.20
2023,YEAR,ALL PRODUCTION PRACTICES,MINNESOTA,MN,27,OTTER TAIL,111,COUNTY,WHEAT,"SPRING, (EXCL DURUM)",ALL UTILIZATION PRACTICES,YIELD,"WHEAT, SPRING, (EXCL DURUM) - YIELD, MEASURED IN BU / ACRE",BU / ACRE,47.0,8.3
2022,YEAR,ALL PRODUCTION PRACTICES,MINNESOTA,MN,27,OTTER TAIL,111,COUNTY,WHEAT,"SPRING, (EXCL DURUM)",ALL UTILIZATION PRACTICES,YIELD,"WHEAT, SPRING, (EXCL DURUM) - YIELD, MEASURED IN BU / ACRE",BU / ACRE,47.3,6.3
2021,YEAR,ALL PRODUCTION PRACTICES,MINNESOTA,MN,27,OTTER TAIL,111,COUNTY,WHEAT,"SPRING, (EXCL DURUM)",ALL UTILIZATION PRACTICES,YIELD,"WHEAT, SPRING, (EXCL DURUM) - YIELD, MEASURED IN BU / ACRE",BU / ACRE,54.4,5.40
2023,YEAR,ALL PRODUCTION PRACTICES,MINNESOTA,MN,27,POPE,121,COUNTY,WHEAT,"SPRING, (EXCL DURUM)",ALL UTILIZATION PRACTICES,YIELD,"WHEAT, SPRING, (EXCL DURUM) - YIELD, MEASURED IN BU / ACRE",BU / ACRE,52.9,4.6
2022,YEAR,ALL PRODUCTION PRACTICES,MINNESOTA,MN,27,POPE,121,COUNTY,WHEAT,"SPRING, (EXCL DURUM)",ALL UTILIZATION PRACTICES,YIELD,"WHEAT, SPRING, (EXCL DURUM) - YIELD, MEASURED IN BU / ACRE",BU / ACRE,40.4,10.4
2023,YEAR,ALL PRODUCTION PRACTICES,MINNESOTA,MN,27,STEVENS,149,COUNTY,WHEAT,"SPRING, (EXCL DURUM)",ALL UTILIZATION PRACTICES,YIELD,"WHEAT, SPRING, (EXCL DURUM) - YIELD, MEASURED IN BU / ACRE",BU / ACRE,57.7,6.6
2022,YEAR,ALL PRODUCTION PRACTICES,MINNESOTA,MN,27,STEVENS,149,COUNTY,WHEAT,"SPRING, (EXCL DURUM)",ALL UTILIZATION PRACTICES,YIELD,"WHEAT, SPRING, (EXCL DURUM) - YIELD, MEASURED IN BU / ACRE",BU / ACRE,51.4,8.7
2021,YEAR,ALL PRODUCTION PRACTICES,MINNESOTA,MN,27,STEVENS,149,COUNTY,WHEAT,"SPRING, (EXCL DURUM)",ALL UTILIZATION PRACTICES,YIELD,"WHEAT, SPRING, (EXCL DURUM) - YIELD, MEASURED IN BU / ACRE",BU / ACRE,58.4,4.50
2021,YEAR,ALL PRODUCTION PRACTICES,MINNESOTA,MN,27,SWIFT,151,COUNTY,WHEAT,"SPRING, (EXCL DURUM)",ALL UTILIZATION PRACTICES,YIELD,"WHEAT, SPRING, (EXCL DURUM) - YIELD, MEASURED IN BU / ACRE",BU / ACRE,64.4,4.60
2023,YEAR,ALL PRODUCTION PRACTICES,MINNESOTA,MN,27,TRAVERSE,155,COUNTY,WHEAT,"SPRING, (EXCL DURUM)",ALL UTILIZATION PRACTICES,YIELD,"WHEAT, SPRING, (EXCL DURUM) - YIELD, MEASURED IN BU / ACRE",BU / ACRE,45.7,9.8
2021,YEAR,ALL PRODUCTION PRACTICES,MINNESOTA,MN,27,TRAVERSE,155,COUNTY,WHEAT,"SPRING, (EXCL DURUM)",ALL UTILIZATION PRACTICES,YIELD,"WHEAT, SPRING, (EXCL DURUM) - YIELD, MEASURED IN BU / ACRE",BU / ACRE,52.5,9.40
2023,YEAR,ALL PRODUCTION PRACTICES,MINNESOTA,MN,27,WILKIN,167,COUNTY,WHEAT,"SPRING, (EXCL DURUM)",ALL UTILIZATION PRACTICES,YIELD,"WHEAT, SPRING, (EXCL DURUM) - YIELD, MEASURED IN BU / ACRE",BU / ACRE,44.4,5.2
2022,YEAR,ALL PRODUCTION PRACTICES,MINNESOTA,MN,27,WILKIN,167,COUNTY,WHEAT,"SPRING, (EXCL DURUM)",ALL UTILIZATION PRACTICES,YIELD,"WHEAT, SPRING, (EXCL DURUM) - YIELD, MEASURED IN BU / ACRE",BU / ACRE,53.7,3.7
2021,YEAR,ALL PRODUCTION PRACTICES,MINNESOTA,MN,27,WILKIN,167,COUNTY,WHEAT,"SPRING, (EXCL DURUM)",ALL UTILIZATION PRACTICES,YIELD,"WHEAT, SPRING, (EXCL DURUM) - YIELD, MEASURED IN BU / ACRE",BU / ACRE,56.9,5.80
2021,YEAR,ALL PRODUCTION PRACTICES,MINNESOTA,MN,27,YELLOW MEDICINE,173,COUNTY,WHEAT,"SPRING, (EXCL DURUM)",ALL UTILIZATION PRACTICES,YIELD,"WHEAT, SPRING, (EXCL DURUM) - YIELD, MEASURED IN BU / ACRE",BU / ACRE,53.2,4.80
2023,YEAR,ALL PRODUCTION PRACTICES,MINNESOTA,MN,27,CARVER,019,COUNTY,WHEAT,"SPRING, (EXCL DURUM)",ALL UTILIZATION PRACTICES,YIELD,"WHEAT, SPRING, (EXCL DURUM) - YIELD, MEASURED IN BU / ACRE",BU / ACRE,43.6,7.9
2022,YEAR,ALL PRODUCTION PRACTICES,MINNESOTA,MN,27,CARVER,019,COUNTY,WHEAT,"SPRING, (EXCL DURUM)",ALL UTILIZATION PRACTICES,YIELD,"WHEAT, SPRING, (EXCL DURUM) - YIELD, MEASURED IN BU / ACRE",BU / ACRE,39.0,13.1
2023,YEAR,ALL PRODUCTION PRACTICES,MINNESOTA,MN,27,KANDIYOHI,067,COUNTY,WHEAT,"SPRING, (EXCL DURUM)",ALL UTILIZATION PRACTICES,YIELD,"WHEAT, SPRING, (EXCL DURUM) - YIELD, MEASURED IN BU / ACRE",BU / ACRE,57.7,6.7
2022,YEAR,ALL PRODUCTION PRACTICES,MINNESOTA,MN,27,KANDIYOHI,067,COUNTY,WHEAT,"SPRING, (EXCL DURUM)",ALL UTILIZATION PRACTICES,YIELD,"WHEAT, SPRING, (EXCL DURUM) - YIELD, MEASURED IN BU / ACRE",BU / ACRE,38.4,15.9
2021,YEAR,ALL PRODUCTION PRACTICES,MINNESOTA,MN,27,KANDIYOHI,067,COUNTY,WHEAT,"SPRING, (EXCL DURUM)",ALL UTILIZATION PRACTICES,YIELD,"WHEAT, SPRING, (EXCL DURUM) - YIELD, MEASURED IN BU / ACRE",BU / ACRE,45.5,9.30
2023,YEAR,ALL PRODUCTION PRACTICES,MINNESOTA,MN,27,MCLEOD,085,COUNTY,WHEAT,"SPRING, (EXCL DURUM)",ALL UTILIZATION PRACTICES,YIELD,"WHEAT, SPRING, (EXCL DURUM) - YIELD, MEASURED IN BU / ACRE",BU / ACRE,63.0,6.5
2021,YEAR,ALL PRODUCTION PRACTICES,MINNESOTA,MN,27,MCLEOD,085,COUNTY,WHEAT,"SPRING, (EXCL DURUM)",ALL UTILIZATION PRACTICES,YIELD,"WHEAT, SPRING, (EXCL DURUM) - YIELD, MEASURED IN BU / ACRE",BU / ACRE,59.3,6.00
2021,YEAR,ALL PRODUCTION PRACTICES,MINNESOTA,MN,27,MEEKER,093,COUNTY,WHEAT,"SPRING, (EXCL DURUM)",ALL UTILIZATION PRACTICES,YIELD,"WHEAT, SPRING, (EXCL DURUM) - YIELD, MEASURED IN BU / ACRE",BU / ACRE,31.3,14.50
2023,YEAR,ALL PRODUCTION PRACTICES,MINNESOTA,MN,27,MORRISON,097,COUNTY,WHEAT,"SPRING, (EXCL DURUM)",ALL UTILIZATION PRACTICES,YIELD,"WHEAT, SPRING, (EXCL DURUM) - YIELD, MEASURED IN BU / ACRE",BU / ACRE,30.3,9.0
2022,YEAR,ALL PRODUCTION PRACTICES,MINNESOTA,MN,27,MORRISON,097,COUNTY,WHEAT,"SPRING, (EXCL DURUM)",ALL UTILIZATION PRACTICES,YIELD,"WHEAT, SPRING, (EXCL DURUM) - YIELD, MEASURED IN BU / ACRE",BU / ACRE,37.4,12.5
2021,YEAR,ALL PRODUCTION PRACTICES,MINNESOTA,MN,27,MORRISON,097,COUNTY,WHEAT,"SPRING, (EXCL DURUM)",ALL UTILIZATION PRACTICES,YIELD,"WHEAT, SPRING, (EXCL DURUM) - YIELD, MEASURED IN BU / ACRE",BU / ACRE,24.8,15.40
2023,YEAR,ALL PRODUCTION PRACTICES,MINNESOTA,MN,27,RENVILLE,129,COUNTY,WHEAT,"SPRING, (EXCL DURUM)",ALL UTILIZATION PRACTICES,YIELD,"WHEAT, SPRING, (EXCL DURUM) - YIELD, MEASURED IN BU / ACRE",BU / ACRE,61.3,8.9
2022,YEAR,ALL PRODUCTION PRACTICES,MINNESOTA,MN,27,RENVILLE,129,COUNTY,WHEAT,"SPRING, (EXCL DURUM)",ALL UTILIZATION PRACTICES,YIELD,"WHEAT, SPRING, (EXCL DURUM) - YIELD, MEASURED IN BU / ACRE",BU / ACRE,49.6,7.0
2021,YEAR,ALL PRODUCTION PRACTICES,MINNESOTA,MN,27,RENVILLE,129,COUNTY,WHEAT,"SPRING, (EXCL DURUM)",ALL UTILIZATION PRACTICES,YIELD,"WHEAT, SPRING, (EXCL DURUM) - YIELD, MEASURED IN BU / ACRE",BU / ACRE,57.5,13.80
2021,YEAR,ALL PRODUCTION PRACTICES,MINNESOTA,MN,27,SCOTT,139,COUNTY,WHEAT,"SPRING, (EXCL DURUM)",ALL UTILIZATION PRACTICES,YIELD,"WHEAT, SPRING, (EXCL DURUM) - YIELD, MEASURED IN BU / ACRE",BU / ACRE,43.0,5.90
2023,YEAR,ALL PRODUCTION PRACTICES,MINNESOTA,MN,27,SIBLEY,143,COUNTY,WHEAT,"SPRING, (EXCL DURUM)",ALL UTILIZATION PRACTICES,YIELD,"WHEAT, SPRING, (EXCL DURUM) - YIELD, MEASURED IN BU / ACRE",BU / ACRE,66.5,5.2
2022,YEAR,ALL PRODUCTION PRACTICES,MINNESOTA,MN,27,SIBLEY,143,COUNTY,WHEAT,"SPRING, (EXCL DURUM)",ALL UTILIZATION PRACTICES,YIELD,"WHEAT, SPRING, (EXCL DURUM) - YIELD, MEASURED IN BU / ACRE",BU / ACRE,51.6,1.6
2021,YEAR,ALL PRODUCTION PRACTICES,MINNESOTA,MN,27,SIBLEY,143,COUNTY,WHEAT,"SPRING, (EXCL DURUM)",ALL UTILIZATION PRACTICES,YIELD,"WHEAT, SPRING, (EXCL DURUM) - YIELD, MEASURED IN BU / ACRE",BU / ACRE,58.7,6.40
2021,YEAR,ALL PRODUCTION PRACTICES,MINNESOTA,MN,27,STEARNS,145,COUNTY,WHEAT,"SPRING, (EXCL DURUM)",ALL UTILIZATION PRACTICES,YIELD,"WHEAT, SPRING, (EXCL DURUM) - YIELD, MEASURED IN BU / ACRE",BU / ACRE,37.3,16.30
2023,YEAR,ALL PRODUCTION PRACTICES,MINNESOTA,MN,27,TODD,153,COUNTY,WHEAT,"SPRING, (EXCL DURUM)",ALL UTILIZATION PRACTICES,YIELD,"WHEAT, SPRING, (EXCL DURUM) - YIELD, MEASURED IN BU / ACRE",BU / ACRE,31.5,14.1
2022,YEAR,ALL PRODUCTION PRACTICES,MINNESOTA,MN,27,TODD,153,COUNTY,WHEAT,"SPRING, (EXCL DURUM)",ALL UTILIZATION PRACTICES,YIELD,"WHEAT, SPRING, (EXCL DURUM) - YIELD, MEASURED IN BU / ACRE",BU / ACRE,38.2,7.8
2021,YEAR,ALL PRODUCTION PRACTICES,MINNESOTA,MN,27,TODD,153,COUNTY,WHEAT,"SPRING, (EXCL DURUM)",ALL UTILIZATION PRACTICES,YIELD,"WHEAT, SPRING, (EXCL DURUM) - YIELD, MEASURED IN BU / ACRE",BU / ACRE,25.2,21.50
2022,YEAR,ALL PRODUCTION PRACTICES,MINNESOTA,MN,27,WADENA,159,COUNTY,WHEAT,"SPRING, (EXCL DURUM)",ALL UTILIZATION PRACTICES,YIELD,"WHEAT, SPRING, (EXCL DURUM) - YIELD, MEASURED IN BU / ACRE",BU / ACRE,38.3,16.0
2021,YEAR,ALL PRODUCTION PRACTICES,MINNESOTA,MN,27,WADENA,159,COUNTY,WHEAT,"SPRING, (EXCL DURUM)",ALL UTILIZATION PRACTICES,YIELD,"WHEAT, SPRING, (EXCL DURUM) - YIELD, MEASURED IN BU / ACRE",BU / ACRE,15.6,13.80
2022,YEAR,ALL PRODUCTION PRACTICES,MINNESOTA,MN,27,WRIGHT,171,COUNTY,WHEAT,"SPRING, (EXCL DURUM)",ALL UTILIZATION PRACTICES,YIELD,"WHEAT, SPRING, (EXCL DURUM) - YIELD, MEASURED IN BU / ACRE",BU / ACRE,38.1,4.0
2021,YEAR,ALL PRODUCTION PRACTICES,MINNESOTA,MN,27,WRIGHT,171,COUNTY,WHEAT,"SPRING, (EXCL DURUM)",ALL UTILIZATION PRACTICES,YIELD,"WHEAT, SPRING, (EXCL DURUM) - YIELD, MEASURED IN BU / ACRE",BU / ACRE,46.1,13.40
2021,YEAR,ALL PRODUCTION PRACTICES,MINNESOTA,MN,27,KANABEC,065,COUNTY,WHEAT,"SPRING, (EXCL DURUM)",ALL UTILIZATION PRACTICES,YIELD,"WHEAT, SPRING, (EXCL DURUM) - YIELD, MEASURED IN BU / ACRE",BU / ACRE,42.1,7.30
2023,YEAR,ALL PRODUCTION PRACTICES,MINNESOTA,MN,27,COTTONWOOD,033,COUNTY,WHEAT,"SPRING, (EXCL DURUM)",ALL UTILIZATION PRACTICES,YIELD,"WHEAT, SPRING, (EXCL DURUM) - YIELD, MEASURED IN BU / ACRE",BU / ACRE,58.1,12.1
2022,YEAR,ALL PRODUCTION PRACTICES,MINNESOTA,MN,27,COTTONWOOD,033,COUNTY,WHEAT,"SPRING, (EXCL DURUM)",ALL UTILIZATION PRACTICES,YIELD,"WHEAT, SPRING, (EXCL DURUM) - YIELD, MEASURED IN BU / ACRE",BU / ACRE,51.9,9.2
2021,YEAR,ALL PRODUCTION PRACTICES,MINNESOTA,MN,27,COTTONWOOD,033,COUNTY,WHEAT,"SPRING, (EXCL DURUM)",ALL UTILIZATION PRACTICES,YIELD,"WHEAT, SPRING, (EXCL DURUM) - YIELD, MEASURED IN BU / ACRE",BU / ACRE,57.8,7.00
2023,YEAR,ALL PRODUCTION PRACTICES,MINNESOTA,MN,27,JACKSON,063,COUNTY,WHEAT,"SPRING, (EXCL DURUM)",ALL UTILIZATION PRACTICES,YIELD,"WHEAT, SPRING, (EXCL DURUM) - YIELD, MEASURED IN BU / ACRE",BU / ACRE,61.4,5.4
2021,YEAR,ALL PRODUCTION PRACTICES,MINNESOTA,MN,27,LINCOLN,081,COUNTY,WHEAT,"SPRING, (EXCL DURUM)",ALL UTILIZATION PRACTICES,YIELD,"WHEAT, SPRING, (EXCL DURUM) - YIELD, MEASURED IN BU / ACRE",BU / ACRE,63.5,5.10
2023,YEAR,ALL PRODUCTION PRACTICES,MINNESOTA,MN,27,LYON,083,COUNTY,WHEAT,"SPRING, (EXCL DURUM)",ALL UTILIZATION PRACTICES,YIELD,"WHEAT, SPRING, (EXCL DURUM) - YIELD, MEASURED IN BU / ACRE",BU / ACRE,62.2,2.2
2022,YEAR,ALL PRODUCTION PRACTICES,MINNESOTA,MN,27,LYON,083,COUNTY,WHEAT,"SPRING, (EXCL DURUM)",ALL UTILIZATION PRACTICES,YIELD,"WHEAT, SPRING, (EXCL DURUM) - YIELD, MEASURED IN BU / ACRE",BU / ACRE,52.4,7.1
2021,YEAR,ALL PRODUCTION PRACTICES,MINNESOTA,MN,27,LYON,083,COUNTY,WHEAT,"SPRING, (EXCL DURUM)",ALL UTILIZATION PRACTICES,YIELD,"WHEAT, SPRING, (EXCL DURUM) - YIELD, MEASURED IN BU / ACRE",BU / ACRE,60.5,4.00
2023,YEAR,ALL PRODUCTION PRACTICES,MINNESOTA,MN,27,REDWOOD,127,COUNTY,WHEAT,"SPRING, (EXCL DURUM)",ALL UTILIZATION PRACTICES,YIELD,"WHEAT, SPRING, (EXCL DURUM) - YIELD, MEASURED IN BU / ACRE",BU / ACRE,61.5,2.8
2023,YEAR,ALL PRODUCTION PRACTICES,MINNESOTA,MN,27,BLUE EARTH,013,COUNTY,WHEAT,"SPRING, (EXCL DURUM)",ALL UTILIZATION PRACTICES,YIELD,"WHEAT, SPRING, (EXCL DURUM) - YIELD, MEASURED IN BU / ACRE",BU / ACRE,42.9,7.8
2022,YEAR,ALL PRODUCTION PRACTICES,MINNESOTA,MN,27,BLUE EARTH,013,COUNTY,WHEAT,"SPRING, (EXCL DURUM)",ALL UTILIZATION PRACTICES,YIELD,"WHEAT, SPRING, (EXCL DURUM) - YIELD, MEASURED IN BU / ACRE",BU / ACRE,49.7,14.1
2023,YEAR,ALL PRODUCTION PRACTICES,MINNESOTA,MN,27,BROWN,015,COUNTY,WHEAT,"SPRING, (EXCL DURUM)",ALL UTILIZATION PRACTICES,YIELD,"WHEAT, SPRING, (EXCL DURUM) - YIELD, MEASURED IN BU / ACRE",BU / ACRE,43.8,12.2
2022,YEAR,ALL PRODUCTION PRACTICES,MINNESOTA,MN,27,LE SUEUR,079,COUNTY,WHEAT,"SPRING, (EXCL DURUM)",ALL UTILIZATION PRACTICES,YIELD,"WHEAT, SPRING, (EXCL DURUM) - YIELD, MEASURED IN BU / ACRE",BU / ACRE,49.6,3.1
2023,YEAR,ALL PRODUCTION PRACTICES,MINNESOTA,MN,27,NICOLLET,103,COUNTY,WHEAT,"SPRING, (EXCL DURUM)",ALL UTILIZATION PRACTICES,YIELD,"WHEAT, SPRING, (EXCL DURUM) - YIELD, MEASURED IN BU / ACRE",BU / ACRE,57.9,7.3
2022,YEAR,ALL PRODUCTION PRACTICES,MINNESOTA,MN,27,NICOLLET,103,COUNTY,WHEAT,"SPRING, (EXCL DURUM)",ALL UTILIZATION PRACTICES,YIELD,"WHEAT, SPRING, (EXCL DURUM) - YIELD, MEASURED IN BU / ACRE",BU / ACRE,52.1,6.0
2021,YEAR,ALL PRODUCTION PRACTICES,MINNESOTA,MN,27,NICOLLET,103,COUNTY,WHEAT,"SPRING, (EXCL DURUM)",ALL UTILIZATION PRACTICES,YIELD,"WHEAT, SPRING, (EXCL DURUM) - YIELD, MEASURED IN BU / ACRE",BU / ACRE,58.4,8.30
2022,YEAR,ALL PRODUCTION PRACTICES,MINNESOTA,MN,27,RICE,131,COUNTY,WHEAT,"SPRING, (EXCL DURUM)",ALL UTILIZATION PRACTICES,YIELD,"WHEAT, SPRING, (EXCL DURUM) - YIELD, MEASURED IN BU / ACRE",BU / ACRE,50.4,6.0
2023,YEAR,ALL PRODUCTION PRACTICES,MINNESOTA,MN,27,WATONWAN,165,COUNTY,WHEAT,"SPRING, (EXCL DURUM)",ALL UTILIZATION PRACTICES,YIELD,"WHEAT, SPRING, (EXCL DURUM) - YIELD, MEASURED IN BU / ACRE",BU / ACRE,43.1,11.2
2022,YEAR,ALL PRODUCTION PRACTICES,MINNESOTA,MN,27,WATONWAN,165,COUNTY,WHEAT,"SPRING, (EXCL DURUM)",ALL UTILIZATION PRACTICES,YIELD,"WHEAT, SPRING, (EXCL DURUM) - YIELD, MEASURED IN BU / ACRE",BU / ACRE,45.2,6.9
2023,YEAR,ALL PRODUCTION PRACTICES,MINNESOTA,MN,27,DAKOTA,037,COUNTY,WHEAT,"SPRING, (EXCL DURUM)",ALL UTILIZATION PRACTICES,YIELD,"WHEAT, SPRING, (EXCL DURUM) - YIELD, MEASURED IN BU / ACRE",BU / ACRE,46.3,9.1
2022,YEAR,ALL PRODUCTION PRACTICES,MINNESOTA,MN,27,DAKOTA,037,COUNTY,WHEAT,"SPRING, (EXCL DURUM)",ALL UTILIZATION PRACTICES,YIELD,"WHEAT, SPRING, (EXCL DURUM) - YIELD, MEASURED IN BU / ACRE",BU / ACRE,38.1,5.2
2021,YEAR,ALL PRODUCTION PRACTICES,MINNESOTA,MN,27,DAKOTA,037,COUNTY,WHEAT,"SPRING, (EXCL DURUM)",ALL UTILIZATION PRACTICES,YIELD,"WHEAT, SPRING, (EXCL DURUM) - YIELD, MEASURED IN BU / ACRE",BU / ACRE,38.4,5.70
2023,YEAR,ALL PRODUCTION PRACTICES,MINNESOTA,MN,27,WINONA,169,COUNTY,WHEAT,"SPRING, (EXCL DURUM)",ALL UTILIZATION PRACTICES,YIELD,"WHEAT, SPRING, (EXCL DURUM) - YIELD, MEASURED IN BU / ACRE",BU / ACRE,51.8,10.1
2022,YEAR,ALL PRODUCTION PRACTICES,MINNESOTA,MN,27,WINONA,169,COUNTY,WHEAT,"SPRING, (EXCL DURUM)",ALL UTILIZATION PRACTICES,YIELD,"WHEAT, SPRING, (EXCL DURUM) - YIELD, MEASURED IN BU / ACRE",BU / ACRE,40.0,11.0
2023,YEAR,ALL PRODUCTION PRACTICES,MINNESOTA,MN,27,OTHER COUNTIES,,COUNTY,WHEAT,"SPRING, (EXCL DURUM)",ALL UTILIZATION PRACTICES,YIELD,"WHEAT, SPRING, (EXCL DURUM) - YIELD, MEASURED IN BU / ACRE",BU / ACRE,62.8,2.6
2022,YEAR,ALL PRODUCTION PRACTICES,MINNESOTA,MN,27,OTHER COUNTIES,,COUNTY,WHEAT,"SPRING, (EXCL DURUM)",ALL UTILIZATION PRACTICES,YIELD,"WHEAT, SPRING, (EXCL DURUM) - YIELD, MEASURED IN BU / ACRE",BU / ACRE,58.3,3.5
2021,YEAR,ALL PRODUCTION PRACTICES,MINNESOTA,MN,27,OTHER COUNTIES,,COUNTY,WHEAT,"SPRING, (EXCL DURUM)",ALL UTILIZATION PRACTICES,YIELD,"WHEAT, SPRING, (EXCL DURUM) - YIELD, MEASURED IN BU / ACRE",BU / ACRE,51.3,4.80
2023,YEAR,ALL PRODUCTION PRACTICES,MONTANA,MT,30,FLATHEAD,029,COUNTY,WHEAT,"SPRING, (EXCL DURUM)",ALL UTILIZATION PRACTICES,YIELD,"WHEAT, SPRING, (EXCL DURUM) - YIELD, MEASURED IN BU / ACRE",BU / ACRE,47.7,29.0
2022,YEAR,ALL PRODUCTION PRACTICES,MONTANA,MT,30,FLATHEAD,029,COUNTY,WHEAT,"SPRING, (EXCL DURUM)",ALL UTILIZATION PRACTICES,YIELD,"WHEAT, SPRING, (EXCL DURUM) - YIELD, MEASURED IN BU / ACRE",BU / ACRE,54.0,5.4
2021,YEAR,ALL PRODUCTION PRACTICES,MONTANA,MT,30,FLATHEAD,029,COUNTY,WHEAT,"SPRING, (EXCL DURUM)",ALL UTILIZATION PRACTICES,YIELD,"WHEAT, SPRING, (EXCL DURUM) - YIELD, MEASURED IN BU / ACRE",BU / ACRE,46.5,0.00
2023,YEAR,ALL PRODUCTION PRACTICES,MONTANA,MT,30,LAKE,047,COUNTY,WHEAT,"SPRING, (EXCL DURUM)",ALL UTILIZATION PRACTICES,YIELD,"WHEAT, SPRING, (EXCL DURUM) - YIELD, MEASURED IN BU / ACRE",BU / ACRE,46.9,18.6
2022,YEAR,ALL PRODUCTION PRACTICES,MONTANA,MT,30,LAKE,047,COUNTY,WHEAT,"SPRING, (EXCL DURUM)",ALL UTILIZATION PRACTICES,YIELD,"WHEAT, SPRING, (EXCL DURUM) - YIELD, MEASURED IN BU / ACRE",BU / ACRE,69.6,13.5
2021,YEAR,ALL PRODUCTION PRACTICES,MONTANA,MT,30,LAKE,047,COUNTY,WHEAT,"SPRING, (EXCL DURUM)",ALL UTILIZATION PRACTICES,YIELD,"WHEAT, SPRING, (EXCL DURUM) - YIELD, MEASURED IN BU / ACRE",BU / ACRE,64.2,0.00
2023,YEAR,ALL PRODUCTION PRACTICES,MONTANA,MT,30,BLAINE,005,COUNTY,WHEAT,"SPRING, (EXCL DURUM)",ALL UTILIZATION PRACTICES,YIELD,"WHEAT, SPRING, (EXCL DURUM) - YIELD, MEASURED IN BU / ACRE",BU / ACRE,20.4,4.7
2022,YEAR,ALL PRODUCTION PRACTICES,MONTANA,MT,30,BLAINE,005,COUNTY,WHEAT,"SPRING, (EXCL DURUM)",ALL UTILIZATION PRACTICES,YIELD,"WHEAT, SPRING, (EXCL DURUM) - YIELD, MEASURED IN BU / ACRE",BU / ACRE,23.3,12.2
2021,YEAR,ALL PRODUCTION PRACTICES,MONTANA,MT,30,BLAINE,005,COUNTY,WHEAT,"SPRING, (EXCL DURUM)",ALL UTILIZATION PRACTICES,YIELD,"WHEAT, SPRING, (EXCL DURUM) - YIELD, MEASURED IN BU / ACRE",BU / ACRE,13.8,0.00
2023,YEAR,ALL PRODUCTION PRACTICES,MONTANA,MT,30,CHOUTEAU,015,COUNTY,WHEAT,"SPRING, (EXCL DURUM)",ALL UTILIZATION PRACTICES,YIELD,"WHEAT, SPRING, (EXCL DURUM) - YIELD, MEASURED IN BU / ACRE",BU / ACRE,36.5,7.2
2022,YEAR,ALL PRODUCTION PRACTICES,MONTANA,MT,30,CHOUTEAU,015,COUNTY,WHEAT,"SPRING, (EXCL DURUM)",ALL UTILIZATION PRACTICES,YIELD,"WHEAT, SPRING, (EXCL DURUM) - YIELD, MEASURED IN BU / ACRE",BU / ACRE,20.9,14.2
2021,YEAR,ALL PRODUCTION PRACTICES,MONTANA,MT,30,CHOUTEAU,015,COUNTY,WHEAT,"SPRING, (EXCL DURUM)",ALL UTILIZATION PRACTICES,YIELD,"WHEAT, SPRING, (EXCL DURUM) - YIELD, MEASURED IN BU / ACRE",BU / ACRE,21.9,0.00
2023,YEAR,ALL PRODUCTION PRACTICES,MONTANA,MT,30,GLACIER,035,COUNTY,WHEAT,"SPRING, (EXCL DURUM)",ALL UTILIZATION PRACTICES,YIELD,"WHEAT, SPRING, (EXCL DURUM) - YIELD, MEASURED IN BU / ACRE",BU / ACRE,23.8,6.1
2022,YEAR,ALL PRODUCTION PRACTICES,MONTANA,MT,30,GLACIER,035,COUNTY,WHEAT,"SPRING, (EXCL DURUM)",ALL UTILIZATION PRACTICES,YIELD,"WHEAT, SPRING, (EXCL DURUM) - YIELD, MEASURED IN BU / ACRE",BU / ACRE,27.5,12.2
2021,YEAR,ALL PRODUCTION PRACTICES,MONTANA,MT,30,GLACIER,035,COUNTY,WHEAT,"SPRING, (EXCL DURUM)",ALL UTILIZATION PRACTICES,YIELD,"WHEAT, SPRING, (EXCL DURUM) - YIELD, MEASURED IN BU / ACRE",BU / ACRE,20.8,0.00
2023,YEAR,ALL PRODUCTION PRACTICES,MONTANA,MT,30,HILL,041,COUNTY,WHEAT,"SPRING, (EXCL DURUM)",ALL UTILIZATION PRACTICES,YIELD,"WHEAT, SPRING, (EXCL DURUM) - YIELD, MEASURED IN BU / ACRE",BU / ACRE,31.3,7.7
2022,YEAR,ALL PRODUCTION PRACTICES,MONTANA,MT,30,HILL,041,COUNTY,WHEAT,"SPRING, (EXCL DURUM)",ALL UTILIZATION PRACTICES,YIELD,"WHEAT, SPRING, (EXCL DURUM) - YIELD, MEASURED IN BU / ACRE",BU / ACRE,22.9,10.5
2021,YEAR,ALL PRODUCTION PRACTICES,MONTANA,MT,30,HILL,041,COUNTY,WHEAT,"SPRING, (EXCL DURUM)",ALL UTILIZATION PRACTICES,YIELD,"WHEAT, SPRING, (EXCL DURUM) - YIELD, MEASURED IN BU / ACRE",BU / ACRE,19.2,0.00
2023,YEAR,ALL PRODUCTION PRACTICES,MONTANA,MT,30,LIBERTY,051,COUNTY,WHEAT,"SPRING, (EXCL DURUM)",ALL UTILIZATION PRACTICES,YIELD,"WHEAT, SPRING, (EXCL DURUM) - YIELD, MEASURED IN BU / ACRE",BU / ACRE,28.2,6.3
2022,YEAR,ALL PRODUCTION PRACTICES,MONTANA,MT,30,LIBERTY,051,COUNTY,WHEAT,"SPRING, (EXCL DURUM)",ALL UTILIZATION PRACTICES,YIELD,"WHEAT, SPRING, (EXCL DURUM) - YIELD, MEASURED IN BU / ACRE",BU / ACRE,19.9,6.1
2021,YEAR,ALL PRODUCTION PRACTICES,MONTANA,MT,30,LIBERTY,051,COUNTY,WHEAT,"SPRING, (EXCL DURUM)",ALL UTILIZATION PRACTICES,YIELD,"WHEAT, SPRING, (EXCL DURUM) - YIELD, MEASURED IN BU / ACRE",BU / ACRE,19.9,0.00
2023,YEAR,ALL PRODUCTION PRACTICES,MONTANA,MT,30,PHILLIPS,071,COUNTY,WHEAT,"SPRING, (EXCL DURUM)",ALL UTILIZATION PRACTICES,YIELD,"WHEAT, SPRING, (EXCL DURUM) - YIELD, MEASURED IN BU / ACRE",BU / ACRE,22.6,5.2
2022,YEAR,ALL PRODUCTION PRACTICES,MONTANA,MT,30,PHILLIPS,071,COUNTY,WHEAT,"SPRING, (EXCL DURUM)",ALL UTILIZATION PRACTICES,YIELD,"WHEAT, SPRING, (EXCL DURUM) - YIELD, MEASURED IN BU / ACRE",BU / ACRE,11.3,19.6
2021,YEAR,ALL PRODUCTION PRACTICES,MONTANA,MT,30,PHILLIPS,071,COUNTY,WHEAT,"SPRING, (EXCL DURUM)",ALL UTILIZATION PRACTICES,YIELD,"WHEAT, SPRING, (EXCL DURUM) - YIELD, MEASURED IN BU / ACRE",BU / ACRE,5.6,0.00
2023,YEAR,ALL PRODUCTION PRACTICES,MONTANA,MT,30,PONDERA,073,COUNTY,WHEAT,"SPRING, (EXCL DURUM)",ALL UTILIZATION PRACTICES,YIELD,"WHEAT, SPRING, (EXCL DURUM) - YIELD, MEASURED IN BU / ACRE",BU / ACRE,41.7,22.0
2022,YEAR,ALL PRODUCTION PRACTICES,MONTANA,MT,30,PONDERA,073,COUNTY,WHEAT,"SPRING, (EXCL DURUM)",ALL UTILIZATION PRACTICES,YIELD,"WHEAT, SPRING, (EXCL DURUM) - YIELD, MEASURED IN BU / ACRE",BU / ACRE,24.0,9.5
2021,YEAR,ALL PRODUCTION PRACTICES,MONTANA,MT,30,PONDERA,073,COUNTY,WHEAT,"SPRING, (EXCL DURUM)",ALL UTILIZATION PRACTICES,YIELD,"WHEAT, SPRING, (EXCL DURUM) - YIELD, MEASURED IN BU / ACRE",BU / ACRE,31.1,0.00
2023,YEAR,ALL PRODUCTION PRACTICES,MONTANA,MT,30,TETON,099,COUNTY,WHEAT,"SPRING, (EXCL DURUM)",ALL UTILIZATION PRACTICES,YIELD,"WHEAT, SPRING, (EXCL DURUM) - YIELD, MEASURED IN BU / ACRE",BU / ACRE,37.3,10.6
2022,YEAR,ALL PRODUCTION PRACTICES,MONTANA,MT,30,TETON,099,COUNTY,WHEAT,"SPRING, (EXCL DURUM)",ALL UTILIZATION PRACTICES,YIELD,"WHEAT, SPRING, (EXCL DURUM) - YIELD, MEASURED IN BU / ACRE",BU / ACRE,23.8,15.2
2021,YEAR,ALL PRODUCTION PRACTICES,MONTANA,MT,30,TETON,099,COUNTY,WHEAT,"SPRING, (EXCL DURUM)",ALL UTILIZATION PRACTICES,YIELD,"WHEAT, SPRING, (EXCL DURUM) - YIELD, MEASURED IN BU / ACRE",BU / ACRE,35.7,0.00
2023,YEAR,ALL PRODUCTION PRACTICES,MONTANA,MT,30,TOOLE,101,COUNTY,WHEAT,"SPRING, (EXCL DURUM)",ALL UTILIZATION PRACTICES,YIELD,"WHEAT, SPRING, (EXCL DURUM) - YIELD, MEASURED IN BU / ACRE",BU / ACRE,19.1,12.9
2022,YEAR,ALL PRODUCTION PRACTICES,MONTANA,MT,30,TOOLE,101,COUNTY,WHEAT,"SPRING, (EXCL DURUM)",ALL UTILIZATION PRACTICES,YIELD,"WHEAT, SPRING, (EXCL DURUM) - YIELD, MEASURED IN BU / ACRE",BU / ACRE,23.4,8.2
2021,YEAR,ALL PRODUCTION PRACTICES,MONTANA,MT,30,TOOLE,101,COUNTY,WHEAT,"SPRING, (EXCL DURUM)",ALL UTILIZATION PRACTICES,YIELD,"WHEAT, SPRING, (EXCL DURUM) - YIELD, MEASURED IN BU / ACRE",BU / ACRE,21.3,0.00
2023,YEAR,ALL PRODUCTION PRACTICES,MONTANA,MT,30,DANIELS,019,COUNTY,WHEAT,"SPRING, (EXCL DURUM)",ALL UTILIZATION PRACTICES,YIELD,"WHEAT, SPRING, (EXCL DURUM) - YIELD, MEASURED IN BU / ACRE",BU / ACRE,26.7,23.4
2022,YEAR,ALL PRODUCTION PRACTICES,MONTANA,MT,30,DANIELS,019,COUNTY,WHEAT,"SPRING, (EXCL DURUM)",ALL UTILIZATION PRACTICES,YIELD,"WHEAT, SPRING, (EXCL DURUM) - YIELD, MEASURED IN BU / ACRE",BU / ACRE,26.1,6.1
2021,YEAR,ALL PRODUCTION PRACTICES,MONTANA,MT,30,DANIELS,019,COUNTY,WHEAT,"SPRING, (EXCL DURUM)",ALL UTILIZATION PRACTICES,YIELD,"WHEAT, SPRING, (EXCL DURUM) - YIELD, MEASURED IN BU / ACRE",BU / ACRE,13.6,0.00
2023,YEAR,ALL PRODUCTION PRACTICES,MONTANA,MT,30,DAWSON,021,COUNTY,WHEAT,"SPRING, (EXCL DURUM)",ALL UTILIZATION PRACTICES,YIELD,"WHEAT, SPRING, (EXCL DURUM) - YIELD, MEASURED IN BU / ACRE",BU / ACRE,33.5,6.2
2022,YEAR,ALL PRODUCTION PRACTICES,MONTANA,MT,30,DAWSON,021,COUNTY,WHEAT,"SPRING, (EXCL DURUM)",ALL UTILIZATION PRACTICES,YIELD,"WHEAT, SPRING, (EXCL DURUM) - YIELD, MEASURED IN BU / ACRE",BU / ACRE,29.7,8.5
2021,YEAR,ALL PRODUCTION PRACTICES,MONTANA,MT,30,DAWSON,021,COUNTY,WHEAT,"SPRING, (EXCL DURUM)",ALL UTILIZATION PRACTICES,YIELD,"WHEAT, SPRING, (EXCL DURUM) - YIELD, MEASURED IN BU / ACRE",BU / ACRE,8.8,0.00
2023,YEAR,ALL PRODUCTION PRACTICES,MONTANA,MT,30,MCCONE,055,COUNTY,WHEAT,"SPRING, (EXCL DURUM)",ALL UTILIZATION PRACTICES,YIELD,"WHEAT, SPRING, (EXCL DURUM) - YIELD, MEASURED IN BU / ACRE",BU / ACRE,29.8,9.5
2022,YEAR,ALL PRODUCTION PRACTICES,MONTANA,MT,30,MCCONE,055,COUNTY,WHEAT,"SPRING, (EXCL DURUM)",ALL UTILIZATION PRACTICES,YIELD,"WHEAT, SPRING, (EXCL DURUM) - YIELD, MEASURED IN BU / ACRE",BU / ACRE,25.9,8.9
2021,YEAR,ALL PRODUCTION PRACTICES,MONTANA,MT,30,MCCONE,055,COUNTY,WHEAT,"SPRING, (EXCL DURUM)",ALL UTILIZATION PRACTICES,YIELD,"WHEAT, SPRING, (EXCL DURUM) - YIELD, MEASURED IN BU / ACRE",BU / ACRE,9.7,0.00
2023,YEAR,ALL PRODUCTION PRACTICES,MONTANA,MT,30,RICHLAND,083,COUNTY,WHEAT,"SPRING, (EXCL DURUM)",ALL UTILIZATION PRACTICES,YIELD,"WHEAT, SPRING, (EXCL DURUM) - YIELD, MEASURED IN BU / ACRE",BU / ACRE,37.2,5.9
2022,YEAR,ALL PRODUCTION PRACTICES,MONTANA,MT,30,RICHLAND,083,COUNTY,WHEAT,"SPRING, (EXCL DURUM)",ALL UTILIZATION PRACTICES,YIELD,"WHEAT, SPRING, (EXCL DURUM) - YIELD, MEASURED IN BU / ACRE",BU / ACRE,28.7,13.4
2021,YEAR,ALL PRODUCTION PRACTICES,MONTANA,MT,30,RICHLAND,083,COUNTY,WHEAT,"SPRING, (EXCL DURUM)",ALL UTILIZATION PRACTICES,YIELD,"WHEAT, SPRING, (EXCL DURUM) - YIELD, MEASURED IN BU / ACRE",BU / ACRE,10.8,0.00
2023,YEAR,ALL PRODUCTION PRACTICES,MONTANA,MT,30,ROOSEVELT,085,COUNTY,WHEAT,"SPRING, (EXCL DURUM)",ALL UTILIZATION PRACTICES,YIELD,"WHEAT, SPRING, (EXCL DURUM) - YIELD, MEASURED IN BU / ACRE",BU / ACRE,27.6,5.0
2022,YEAR,ALL PRODUCTION PRACTICES,MONTANA,MT,30,ROOSEVELT,085,COUNTY,WHEAT,"SPRING, (EXCL DURUM)",ALL UTILIZATION PRACTICES,YIELD,"WHEAT, SPRING, (EXCL DURUM) - YIELD, MEASURED IN BU / ACRE",BU / ACRE,26.3,8.4
2021,YEAR,ALL PRODUCTION PRACTICES,MONTANA,MT,30,ROOSEVELT,085,COUNTY,WHEAT,"SPRING, (EXCL DURUM)",ALL UTILIZATION PRACTICES,YIELD,"WHEAT, SPRING, (EXCL DURUM) - YIELD, MEASURED IN BU / ACRE",BU / ACRE,14.6,0.00
2023,YEAR,ALL PRODUCTION PRACTICES,MONTANA,MT,30,SHERIDAN,091,COUNTY,WHEAT,"SPRING, (EXCL DURUM)",ALL UTILIZATION PRACTICES,YIELD,"WHEAT, SPRING, (EXCL DURUM) - YIELD, MEASURED IN BU / ACRE",BU / ACRE,33.6,7.4
2021,YEAR,ALL PRODUCTION PRACTICES,MONTANA,MT,30,SHERIDAN,091,COUNTY,WHEAT,"SPRING, (EXCL DURUM)",ALL UTILIZATION PRACTICES,YIELD,"WHEAT, SPRING, (EXCL DURUM) - YIELD, MEASURED IN BU / ACRE",BU / ACRE,14.8,0.00
2023,YEAR,ALL PRODUCTION PRACTICES,MONTANA,MT,30,VALLEY,105,COUNTY,WHEAT,"SPRING, (EXCL DURUM)",ALL UTILIZATION PRACTICES,YIELD,"WHEAT, SPRING, (EXCL DURUM) - YIELD, MEASURED IN BU / ACRE",BU / ACRE,27.9,5.0
2022,YEAR,ALL PRODUCTION PRACTICES,MONTANA,MT,30,VALLEY,105,COUNTY,WHEAT,"SPRING, (EXCL DURUM)",ALL UTILIZATION PRACTICES,YIELD,"WHEAT, SPRING, (EXCL DURUM) - YIELD, MEASURED IN BU / ACRE",BU / ACRE,18.7,5.3
2021,YEAR,ALL PRODUCTION PRACTICES,MONTANA,MT,30,VALLEY,105,COUNTY,WHEAT,"SPRING, (EXCL DURUM)",ALL UTILIZATION PRACTICES,YIELD,"WHEAT, SPRING, (EXCL DURUM) - YIELD, MEASURED IN BU / ACRE",BU / ACRE,7.7,0.00
2022,YEAR,ALL PRODUCTION PRACTICES,MONTANA,MT,30,BROADWATER,007,COUNTY,WHEAT,"SPRING, (EXCL DURUM)",ALL UTILIZATION PRACTICES,YIELD,"WHEAT, SPRING, (EXCL DURUM) - YIELD, MEASURED IN BU / ACRE",BU / ACRE,32.0,30.7
2021,YEAR,ALL PRODUCTION PRACTICES,MONTANA,MT,30,BROADWATER,007,COUNTY,WHEAT,"SPRING, (EXCL DURUM)",ALL UTILIZATION PRACTICES,YIELD,"WHEAT, SPRING, (EXCL DURUM) - YIELD, MEASURED IN BU / ACRE",BU / ACRE,31.0,0.00
2022,YEAR,ALL PRODUCTION PRACTICES,MONTANA,MT,30,CASCADE,013,COUNTY,WHEAT,"SPRING, (EXCL DURUM)",ALL UTILIZATION PRACTICES,YIELD,"WHEAT, SPRING, (EXCL DURUM) - YIELD, MEASURED IN BU / ACRE",BU / ACRE,17.8,16.0
2021,YEAR,ALL PRODUCTION PRACTICES,MONTANA,MT,30,CASCADE,013,COUNTY,WHEAT,"SPRING, (EXCL DURUM)",ALL UTILIZATION PRACTICES,YIELD,"WHEAT, SPRING, (EXCL DURUM) - YIELD, MEASURED IN BU / ACRE",BU / ACRE,35.5,0.00
2023,YEAR,ALL PRODUCTION PRACTICES,MONTANA,MT,30,FERGUS,027,COUNTY,WHEAT,"SPRING, (EXCL DURUM)",ALL UTILIZATION PRACTICES,YIELD,"WHEAT, SPRING, (EXCL DURUM) - YIELD, MEASURED IN BU / ACRE",BU / ACRE,39.1,14.6
2022,YEAR,ALL PRODUCTION PRACTICES,MONTANA,MT,30,FERGUS,027,COUNTY,WHEAT,"SPRING, (EXCL DURUM)",ALL UTILIZATION PRACTICES,YIELD,"WHEAT, SPRING, (EXCL DURUM) - YIELD, MEASURED IN BU / ACRE",BU / ACRE,20.5,10.9
2021,YEAR,ALL PRODUCTION PRACTICES,MONTANA,MT,30,FERGUS,027,COUNTY,WHEAT,"SPRING, (EXCL DURUM)",ALL UTILIZATION PRACTICES,YIELD,"WHEAT, SPRING, (EXCL DURUM) - YIELD, MEASURED IN BU / ACRE",BU / ACRE,14.2,0.00
2022,YEAR,ALL PRODUCTION PRACTICES,MONTANA,MT,30,JUDITH BASIN,045,COUNTY,WHEAT,"SPRING, (EXCL DURUM)",ALL UTILIZATION PRACTICES,YIELD,"WHEAT, SPRING, (EXCL DURUM) - YIELD, MEASURED IN BU / ACRE",BU / ACRE,28.1,19.2
2022,YEAR,ALL PRODUCTION PRACTICES,MONTANA,MT,30,LEWIS AND CLARK,049,COUNTY,WHEAT,"SPRING, (EXCL DURUM)",ALL UTILIZATION PRACTICES,YIELD,"WHEAT, SPRING, (EXCL DURUM) - YIELD, MEASURED IN BU / ACRE",BU / ACRE,23.0,36.7
2021,YEAR,ALL PRODUCTION PRACTICES,MONTANA,MT,30,LEWIS AND CLARK,049,COUNTY,WHEAT,"SPRING, (EXCL DURUM)",ALL UTILIZATION PRACTICES,YIELD,"WHEAT, SPRING, (EXCL DURUM) - YIELD, MEASURED IN BU / ACRE",BU / ACRE,24.3,0.00
2022,YEAR,ALL PRODUCTION PRACTICES,MONTANA,MT,30,MEAGHER,059,COUNTY,WHEAT,"SPRING, (EXCL DURUM)",ALL UTILIZATION PRACTICES,YIELD,"WHEAT, SPRING, (EXCL DURUM) - YIELD, MEASURED IN BU / ACRE",BU / ACRE,49.2,10.2
2021,YEAR,ALL PRODUCTION PRACTICES,MONTANA,MT,30,MEAGHER,059,COUNTY,WHEAT,"SPRING, (EXCL DURUM)",ALL UTILIZATION PRACTICES,YIELD,"WHEAT, SPRING, (EXCL DURUM) - YIELD, MEASURED IN BU / ACRE",BU / ACRE,48.3,0.00
2021,YEAR,ALL PRODUCTION PRACTICES,MONTANA,MT,30,MUSSELSHELL,065,COUNTY,WHEAT,"SPRING, (EXCL DURUM)",ALL UTILIZATION PRACTICES,YIELD,"WHEAT, SPRING, (EXCL DURUM) - YIELD, MEASURED IN BU / ACRE",BU / ACRE,12.4,0.00
2023,YEAR,ALL PRODUCTION PRACTICES,MONTANA,MT,30,WHEATLAND,107,COUNTY,WHEAT,"SPRING, (EXCL DURUM)",ALL UTILIZATION PRACTICES,YIELD,"WHEAT, SPRING, (EXCL DURUM) - YIELD, MEASURED IN BU / ACRE",BU / ACRE,46.9,8.5
2021,YEAR,ALL PRODUCTION PRACTICES,MONTANA,MT,30,BEAVERHEAD,001,COUNTY,WHEAT,"SPRING, (EXCL DURUM)",ALL UTILIZATION PRACTICES,YIELD,"WHEAT, SPRING, (EXCL DURUM) - YIELD, MEASURED IN BU / ACRE",BU / ACRE,94.9,0.00
2023,YEAR,ALL PRODUCTION PRACTICES,MONTANA,MT,30,GALLATIN,031,COUNTY,WHEAT,"SPRING, (EXCL DURUM)",ALL UTILIZATION PRACTICES,YIELD,"WHEAT, SPRING, (EXCL DURUM) - YIELD, MEASURED IN BU / ACRE",BU / ACRE,70.8,16.6
2022,YEAR,ALL PRODUCTION PRACTICES,MONTANA,MT,30,GALLATIN,031,COUNTY,WHEAT,"SPRING, (EXCL DURUM)",ALL UTILIZATION PRACTICES,YIELD,"WHEAT, SPRING, (EXCL DURUM) - YIELD, MEASURED IN BU / ACRE",BU / ACRE,79.7,9.3
2021,YEAR,ALL PRODUCTION PRACTICES,MONTANA,MT,30,GALLATIN,031,COUNTY,WHEAT,"SPRING, (EXCL DURUM)",ALL UTILIZATION PRACTICES,YIELD,"WHEAT, SPRING, (EXCL DURUM) - YIELD, MEASURED IN BU / ACRE",BU / ACRE,49.5,0.00
2023,YEAR,ALL PRODUCTION PRACTICES,MONTANA,MT,30,MADISON,057,COUNTY,WHEAT,"SPRING, (EXCL DURUM)",ALL UTILIZATION PRACTICES,YIELD,"WHEAT, SPRING, (EXCL DURUM) - YIELD, MEASURED IN BU / ACRE",BU / ACRE,82.4,12.7
2021,YEAR,ALL PRODUCTION PRACTICES,MONTANA,MT,30,MADISON,057,COUNTY,WHEAT,"SPRING, (EXCL DURUM)",ALL UTILIZATION PRACTICES,YIELD,"WHEAT, SPRING, (EXCL DURUM) - YIELD, MEASURED IN BU / ACRE",BU / ACRE,72.3,0.00
2023,YEAR,ALL PRODUCTION PRACTICES,MONTANA,MT,30,BIG HORN,003,COUNTY,WHEAT,"SPRING, (EXCL DURUM)",ALL UTILIZATION PRACTICES,YIELD,"WHEAT, SPRING, (EXCL DURUM) - YIELD, MEASURED IN BU / ACRE",BU / ACRE,60.0,6.3
2022,YEAR,ALL PRODUCTION PRACTICES,MONTANA,MT,30,BIG HORN,003,COUNTY,WHEAT,"SPRING, (EXCL DURUM)",ALL UTILIZATION PRACTICES,YIELD,"WHEAT, SPRING, (EXCL DURUM) - YIELD, MEASURED IN BU / ACRE",BU / ACRE,37.5,42.7
2021,YEAR,ALL PRODUCTION PRACTICES,MONTANA,MT,30,BIG HORN,003,COUNTY,WHEAT,"SPRING, (EXCL DURUM)",ALL UTILIZATION PRACTICES,YIELD,"WHEAT, SPRING, (EXCL DURUM) - YIELD, MEASURED IN BU / ACRE",BU / ACRE,28.5,0.00
2022,YEAR,ALL PRODUCTION PRACTICES,MONTANA,MT,30,PARK,067,COUNTY,WHEAT,"SPRING, (EXCL DURUM)",ALL UTILIZATION PRACTICES,YIELD,"WHEAT, SPRING, (EXCL DURUM) - YIELD, MEASURED IN BU / ACRE",BU / ACRE,38.9,35.0
2021,YEAR,ALL PRODUCTION PRACTICES,MONTANA,MT,30,PARK,067,COUNTY,WHEAT,"SPRING, (EXCL DURUM)",ALL UTILIZATION PRACTICES,YIELD,"WHEAT, SPRING, (EXCL DURUM) - YIELD, MEASURED IN BU / ACRE",BU / ACRE,37.9,0.00
2022,YEAR,ALL PRODUCTION PRACTICES,MONTANA,MT,30,STILLWATER,095,COUNTY,WHEAT,"SPRING, (EXCL DURUM)",ALL UTILIZATION PRACTICES,YIELD,"WHEAT, SPRING, (EXCL DURUM) - YIELD, MEASURED IN BU / ACRE",BU / ACRE,22.4,15.0
2022,YEAR,ALL PRODUCTION PRACTICES,MONTANA,MT,30,TREASURE,103,COUNTY,WHEAT,"SPRING, (EXCL DURUM)",ALL UTILIZATION PRACTICES,YIELD,"WHEAT, SPRING, (EXCL DURUM) - YIELD, MEASURED IN BU / ACRE",BU / ACRE,52.6,6.8
2022,YEAR,ALL PRODUCTION PRACTICES,MONTANA,MT,30,YELLOWSTONE,111,COUNTY,WHEAT,"SPRING, (EXCL DURUM)",ALL UTILIZATION PRACTICES,YIELD,"WHEAT, SPRING, (EXCL DURUM) - YIELD, MEASURED IN BU / ACRE",BU / ACRE,42.3,16.9
2021,YEAR,ALL PRODUCTION PRACTICES,MONTANA,MT,30,YELLOWSTONE,111,COUNTY,WHEAT,"SPRING, (EXCL DURUM)",ALL UTILIZATION PRACTICES,YIELD,"WHEAT, SPRING, (EXCL DURUM) - YIELD, MEASURED IN BU / ACRE",BU / ACRE,11.9,0.00
2022,YEAR,ALL PRODUCTION PRACTICES,MONTANA,MT,30,CUSTER,017,COUNTY,WHEAT,"SPRING, (EXCL DURUM)",ALL UTILIZATION PRACTICES,YIELD,"WHEAT, SPRING, (EXCL DURUM) - YIELD, MEASURED IN BU / ACRE",BU / ACRE,16.8,25.4
2022,YEAR,ALL PRODUCTION PRACTICES,MONTANA,MT,30,FALLON,025,COUNTY,WHEAT,"SPRING, (EXCL DURUM)",ALL UTILIZATION PRACTICES,YIELD,"WHEAT, SPRING, (EXCL DURUM) - YIELD, MEASURED IN BU / ACRE",BU / ACRE,31.7,8.9
2021,YEAR,ALL PRODUCTION PRACTICES,MONTANA,MT,30,FALLON,025,COUNTY,WHEAT,"SPRING, (EXCL DURUM)",ALL UTILIZATION PRACTICES,YIELD,"WHEAT, SPRING, (EXCL DURUM) - YIELD, MEASURED IN BU / ACRE",BU / ACRE,13.0,0.00
2022,YEAR,ALL PRODUCTION PRACTICES,MONTANA,MT,30,POWDER RIVER,075,COUNTY,WHEAT,"SPRING, (EXCL DURUM)",ALL UTILIZATION PRACTICES,YIELD,"WHEAT, SPRING, (EXCL DURUM) - YIELD, MEASURED IN BU / ACRE",BU / ACRE,20.7,13.5
2022,YEAR,ALL PRODUCTION PRACTICES,MONTANA,MT,30,ROSEBUD,087,COUNTY,WHEAT,"SPRING, (EXCL DURUM)",ALL UTILIZATION PRACTICES,YIELD,"WHEAT, SPRING, (EXCL DURUM) - YIELD, MEASURED IN BU / ACRE",BU / ACRE,15.3,53.1
2023,YEAR,ALL PRODUCTION PRACTICES,MONTANA,MT,30,OTHER COUNTIES,,COUNTY,WHEAT,"SPRING, (EXCL DURUM)",ALL UTILIZATION PRACTICES,YIELD,"WHEAT, SPRING, (EXCL DURUM) - YIELD, MEASURED IN BU / ACRE",BU / ACRE,37.4,3.8
2022,YEAR,ALL PRODUCTION PRACTICES,MONTANA,MT,30,OTHER COUNTIES,,COUNTY,WHEAT,"SPRING, (EXCL DURUM)",ALL UTILIZATION PRACTICES,YIELD,"WHEAT, SPRING, (EXCL DURUM) - YIELD, MEASURED IN BU / ACRE",BU / ACRE,28.3,4.5
2021,YEAR,ALL PRODUCTION PRACTICES,MONTANA,MT,30,OTHER COUNTIES,,COUNTY,WHEAT,"SPRING, (EXCL DURUM)",ALL UTILIZATION PRACTICES,YIELD,"WHEAT, SPRING, (EXCL DURUM) - YIELD, MEASURED IN BU / ACRE",BU / ACRE,15.3,8.90
2023,YEAR,ALL PRODUCTION PRACTICES,NORTH DAKOTA,ND,38,BURKE,013,COUNTY,WHEAT,"SPRING, (EXCL DURUM)",ALL UTILIZATION PRACTICES,YIELD,"WHEAT, SPRING, (EXCL DURUM) - YIELD, MEASURED IN BU / ACRE",BU / ACRE,35.0,7.9
2022,YEAR,ALL PRODUCTION PRACTICES,NORTH DAKOTA,ND,38,BURKE,013,COUNTY,WHEAT,"SPRING, (EXCL DURUM)",ALL UTILIZATION PRACTICES,YIELD,"WHEAT, SPRING, (EXCL DURUM) - YIELD, MEASURED IN BU / ACRE",BU / ACRE,42.3,4.2
2021,YEAR,ALL PRODUCTION PRACTICES,NORTH DAKOTA,ND,38,BURKE,013,COUNTY,WHEAT,"SPRING, (EXCL DURUM)",ALL UTILIZATION PRACTICES,YIELD,"WHEAT, SPRING, (EXCL DURUM) - YIELD, MEASURED IN BU / ACRE",BU / ACRE,40.4,9.10
2023,YEAR,ALL PRODUCTION PRACTICES,NORTH DAKOTA,ND,38,DIVIDE,023,COUNTY,WHEAT,"SPRING, (EXCL DURUM)",ALL UTILIZATION PRACTICES,YIELD,"WHEAT, SPRING, (EXCL DURUM) - YIELD, MEASURED IN BU / ACRE",BU / ACRE,32.3,9.3
2022,YEAR,ALL PRODUCTION PRACTICES,NORTH DAKOTA,ND,38,DIVIDE,023,COUNTY,WHEAT,"SPRING, (EXCL DURUM)",ALL UTILIZATION PRACTICES,YIELD,"WHEAT, SPRING, (EXCL DURUM) - YIELD, MEASURED IN BU / ACRE",BU / ACRE,41.6,7.0
2021,YEAR,ALL PRODUCTION PRACTICES,NORTH DAKOTA,ND,38,DIVIDE,023,COUNTY,WHEAT,"SPRING, (EXCL DURUM)",ALL UTILIZATION PRACTICES,YIELD,"WHEAT, SPRING, (EXCL DURUM) - YIELD, MEASURED IN BU / ACRE",BU / ACRE,32.2,4.50
2022,YEAR,ALL PRODUCTION PRACTICES,NORTH DAKOTA,ND,38,MOUNTRAIL,061,COUNTY,WHEAT,"SPRING, (EXCL DURUM)",ALL UTILIZATION PRACTICES,YIELD,"WHEAT, SPRING, (EXCL DURUM) - YIELD, MEASURED IN BU / ACRE",BU / ACRE,46.3,4.1
2023,YEAR,ALL PRODUCTION PRACTICES,NORTH DAKOTA,ND,38,RENVILLE,075,COUNTY,WHEAT,"SPRING, (EXCL DURUM)",ALL UTILIZATION PRACTICES,YIELD,"WHEAT, SPRING, (EXCL DURUM) - YIELD, MEASURED IN BU / ACRE",BU / ACRE,47.5,4.6
2022,YEAR,ALL PRODUCTION PRACTICES,NORTH DAKOTA,ND,38,RENVILLE,075,COUNTY,WHEAT,"SPRING, (EXCL DURUM)",ALL UTILIZATION PRACTICES,YIELD,"WHEAT, SPRING, (EXCL DURUM) - YIELD, MEASURED IN BU / ACRE",BU / ACRE,51.3,4.8
2021,YEAR,ALL PRODUCTION PRACTICES,NORTH DAKOTA,ND,38,RENVILLE,075,COUNTY,WHEAT,"SPRING, (EXCL DURUM)",ALL UTILIZATION PRACTICES,YIELD,"WHEAT, SPRING, (EXCL DURUM) - YIELD, MEASURED IN BU / ACRE",BU / ACRE,40.2,11.30
2023,YEAR,ALL PRODUCTION PRACTICES,NORTH DAKOTA,ND,38,WARD,101,COUNTY,WHEAT,"SPRING, (EXCL DURUM)",ALL UTILIZATION PRACTICES,YIELD,"WHEAT, SPRING, (EXCL DURUM) - YIELD, MEASURED IN BU / ACRE",BU / ACRE,44.1,5.2
2022,YEAR,ALL PRODUCTION PRACTICES,NORTH DAKOTA,ND,38,WARD,101,COUNTY,WHEAT,"SPRING, (EXCL DURUM)",ALL UTILIZATION PRACTICES,YIELD,"WHEAT, SPRING, (EXCL DURUM) - YIELD, MEASURED IN BU / ACRE",BU / ACRE,51.2,2.0
2021,YEAR,ALL PRODUCTION PRACTICES,NORTH DAKOTA,ND,38,WARD,101,COUNTY,WHEAT,"SPRING, (EXCL DURUM)",ALL UTILIZATION PRACTICES,YIELD,"WHEAT, SPRING, (EXCL DURUM) - YIELD, MEASURED IN BU / ACRE",BU / ACRE,28.8,9.10
2023,YEAR,ALL PRODUCTION PRACTICES,NORTH DAKOTA,ND,38,WILLIAMS,105,COUNTY,WHEAT,"SPRING, (EXCL DURUM)",ALL UTILIZATION PRACTICES,YIELD,"WHEAT, SPRING, (EXCL DURUM) - YIELD, MEASURED IN BU / ACRE",BU / ACRE,29.2,7.6
2022,YEAR,ALL PRODUCTION PRACTICES,NORTH DAKOTA,ND,38,WILLIAMS,105,COUNTY,WHEAT,"SPRING, (EXCL DURUM)",ALL UTILIZATION PRACTICES,YIELD,"WHEAT, SPRING, (EXCL DURUM) - YIELD, MEASURED IN BU / ACRE",BU / ACRE,36.5,5.8
2021,YEAR,ALL PRODUCTION PRACTICES,NORTH DAKOTA,ND,38,WILLIAMS,105,COUNTY,WHEAT,"SPRING, (EXCL DURUM)",ALL UTILIZATION PRACTICES,YIELD,"WHEAT, SPRING, (EXCL DURUM) - YIELD, MEASURED IN BU / ACRE",BU / ACRE,25.7,17.00
2023,YEAR,ALL PRODUCTION PRACTICES,NORTH DAKOTA,ND,38,BENSON,005,COUNTY,WHEAT,"SPRING, (EXCL DURUM)",ALL UTILIZATION PRACTICES,YIELD,"WHEAT, SPRING, (EXCL DURUM) - YIELD, MEASURED IN BU / ACRE",BU / ACRE,47.4,4.3
2022,YEAR,ALL PRODUCTION PRACTICES,NORTH DAKOTA,ND,38,BENSON,005,COUNTY,WHEAT,"SPRING, (EXCL DURUM)",ALL UTILIZATION PRACTICES,YIELD,"WHEAT, SPRING, (EXCL DURUM) - YIELD, MEASURED IN BU / ACRE",BU / ACRE,57.4,4.8
2021,YEAR,ALL PRODUCTION PRACTICES,NORTH DAKOTA,ND,38,BENSON,005,COUNTY,WHEAT,"SPRING, (EXCL DURUM)",ALL UTILIZATION PRACTICES,YIELD,"WHEAT, SPRING, (EXCL DURUM) - YIELD, MEASURED IN BU / ACRE",BU / ACRE,39.6,3.90
2023,YEAR,ALL PRODUCTION PRACTICES,NORTH DAKOTA,ND,38,BOTTINEAU,009,COUNTY,WHEAT,"SPRING, (EXCL DURUM)",ALL UTILIZATION PRACTICES,YIELD,"WHEAT, SPRING, (EXCL DURUM) - YIELD, MEASURED IN BU / ACRE",BU / ACRE,53.0,3.2
2022,YEAR,ALL PRODUCTION PRACTICES,NORTH DAKOTA,ND,38,BOTTINEAU,009,COUNTY,WHEAT,"SPRING, (EXCL DURUM)",ALL UTILIZATION PRACTICES,YIELD,"WHEAT, SPRING, (EXCL DURUM) - YIELD, MEASURED IN BU / ACRE",BU / ACRE,56.6,3.9
2021,YEAR,ALL PRODUCTION PRACTICES,NORTH DAKOTA,ND,38,BOTTINEAU,009,COUNTY,WHEAT,"SPRING, (EXCL DURUM)",ALL UTILIZATION PRACTICES,YIELD,"WHEAT, SPRING, (EXCL DURUM) - YIELD, MEASURED IN BU / ACRE",BU / ACRE,41.6,7.70
2022,YEAR,ALL PRODUCTION PRACTICES,NORTH DAKOTA,ND,38,MCHENRY,049,COUNTY,WHEAT,"SPRING, (EXCL DURUM)",ALL UTILIZATION PRACTICES,YIELD,"WHEAT, SPRING, (EXCL DURUM) - YIELD, MEASURED IN BU / ACRE",BU / ACRE,50.1,4.8
2021,YEAR,ALL PRODUCTION PRACTICES,NORTH DAKOTA,ND,38,MCHENRY,049,COUNTY,WHEAT,"SPRING, (EXCL DURUM)",ALL UTILIZATION PRACTICES,YIELD,"WHEAT, SPRING, (EXCL DURUM) - YIELD, MEASURED IN BU / ACRE",BU / ACRE,19.2,10.90
2023,YEAR,ALL PRODUCTION PRACTICES,NORTH DAKOTA,ND,38,PIERCE,069,COUNTY,WHEAT,"SPRING, (EXCL DURUM)",ALL UTILIZATION PRACTICES,YIELD,"WHEAT, SPRING, (EXCL DURUM) - YIELD, MEASURED IN BU / ACRE",BU / ACRE,44.8,7.6
2022,YEAR,ALL PRODUCTION PRACTICES,NORTH DAKOTA,ND,38,PIERCE,069,COUNTY,WHEAT,"SPRING, (EXCL DURUM)",ALL UTILIZATION PRACTICES,YIELD,"WHEAT, SPRING, (EXCL DURUM) - YIELD, MEASURED IN BU / ACRE",BU / ACRE,51.1,5.2
2021,YEAR,ALL PRODUCTION PRACTICES,NORTH DAKOTA,ND,38,PIERCE,069,COUNTY,WHEAT,"SPRING, (EXCL DURUM)",ALL UTILIZATION PRACTICES,YIELD,"WHEAT, SPRING, (EXCL DURUM) - YIELD, MEASURED IN BU / ACRE",BU / ACRE,20.5,6.40
2023,YEAR,ALL PRODUCTION PRACTICES,NORTH DAKOTA,ND,38,ROLETTE,079,COUNTY,WHEAT,"SPRING, (EXCL DURUM)",ALL UTILIZATION PRACTICES,YIELD,"WHEAT, SPRING, (EXCL DURUM) - YIELD, MEASURED IN BU / ACRE",BU / ACRE,47.5,6.5
2022,YEAR,ALL PRODUCTION PRACTICES,NORTH DAKOTA,ND,38,ROLETTE,079,COUNTY,WHEAT,"SPRING, (EXCL DURUM)",ALL UTILIZATION PRACTICES,YIELD,"WHEAT, SPRING, (EXCL DURUM) - YIELD, MEASURED IN BU / ACRE",BU / ACRE,53.7,5.1
2021,YEAR,ALL PRODUCTION PRACTICES,NORTH DAKOTA,ND,38,ROLETTE,079,COUNTY,WHEAT,"SPRING, (EXCL DURUM)",ALL UTILIZATION PRACTICES,YIELD,"WHEAT, SPRING, (EXCL DURUM) - YIELD, MEASURED IN BU / ACRE",BU / ACRE,36.1,7.40
2023,YEAR,ALL PRODUCTION PRACTICES,NORTH DAKOTA,ND,38,CAVALIER,019,COUNTY,WHEAT,"SPRING, (EXCL DURUM)",ALL UTILIZATION PRACTICES,YIELD,"WHEAT, SPRING, (EXCL DURUM) - YIELD, MEASURED IN BU / ACRE",BU / ACRE,44.4,4.0
2023,YEAR,ALL PRODUCTION PRACTICES,NORTH DAKOTA,ND,38,GRAND FORKS,035,COUNTY,WHEAT,"SPRING, (EXCL DURUM)",ALL UTILIZATION PRACTICES,YIELD,"WHEAT, SPRING, (EXCL DURUM) - YIELD, MEASURED IN BU / ACRE",BU / ACRE,51.6,5.7
2022,YEAR,ALL PRODUCTION PRACTICES,NORTH DAKOTA,ND,38,GRAND FORKS,035,COUNTY,WHEAT,"SPRING, (EXCL DURUM)",ALL UTILIZATION PRACTICES,YIELD,"WHEAT, SPRING, (EXCL DURUM) - YIELD, MEASURED IN BU / ACRE",BU / ACRE,57.5,4.5
2021,YEAR,ALL PRODUCTION PRACTICES,NORTH DAKOTA,ND,38,GRAND FORKS,035,COUNTY,WHEAT,"SPRING, (EXCL DURUM)",ALL UTILIZATION PRACTICES,YIELD,"WHEAT, SPRING, (EXCL DURUM) - YIELD, MEASURED IN BU / ACRE",BU / ACRE,46.4,5.50
2022,YEAR,ALL PRODUCTION PRACTICES,NORTH DAKOTA,ND,38,NELSON,063,COUNTY,WHEAT,"SPRING, (EXCL DURUM)",ALL UTILIZATION PRACTICES,YIELD,"WHEAT, SPRING, (EXCL DURUM) - YIELD, MEASURED IN BU / ACRE",BU / ACRE,51.5,5.1
2021,YEAR,ALL PRODUCTION PRACTICES,NORTH DAKOTA,ND,38,NELSON,063,COUNTY,WHEAT,"SPRING, (EXCL DURUM)",ALL UTILIZATION PRACTICES,YIELD,"WHEAT, SPRING, (EXCL DURUM) - YIELD, MEASURED IN BU / ACRE",BU / ACRE,39.5,8.40
2023,YEAR,ALL PRODUCTION PRACTICES,NORTH DAKOTA,ND,38,PEMBINA,067,COUNTY,WHEAT,"SPRING, (EXCL DURUM)",ALL UTILIZATION PRACTICES,YIELD,"WHEAT, SPRING, (EXCL DURUM) - YIELD, MEASURED IN BU / ACRE",BU / ACRE,57.8,6.9
2022,YEAR,ALL PRODUCTION PRACTICES,NORTH DAKOTA,ND,38,PEMBINA,067,COUNTY,WHEAT,"SPRING, (EXCL DURUM)",ALL UTILIZATION PRACTICES,YIELD,"WHEAT, SPRING, (EXCL DURUM) - YIELD, MEASURED IN BU / ACRE",BU / ACRE,61.1,5.7
2021,YEAR,ALL PRODUCTION PRACTICES,NORTH DAKOTA,ND,38,PEMBINA,067,COUNTY,WHEAT,"SPRING, (EXCL DURUM)",ALL UTILIZATION PRACTICES,YIELD,"WHEAT, SPRING, (EXCL DURUM) - YIELD, MEASURED IN BU / ACRE",BU / ACRE,35.0,7.30
2023,YEAR,ALL PRODUCTION PRACTICES,NORTH DAKOTA,ND,38,RAMSEY,071,COUNTY,WHEAT,"SPRING, (EXCL DURUM)",ALL UTILIZATION PRACTICES,YIELD,"WHEAT, SPRING, (EXCL DURUM) - YIELD, MEASURED IN BU / ACRE",BU / ACRE,45.9,6.1
2022,YEAR,ALL PRODUCTION PRACTICES,NORTH DAKOTA,ND,38,RAMSEY,071,COUNTY,WHEAT,"SPRING, (EXCL DURUM)",ALL UTILIZATION PRACTICES,YIELD,"WHEAT, SPRING, (EXCL DURUM) - YIELD, MEASURED IN BU / ACRE",BU / ACRE,50.6,4.1
2021,YEAR,ALL PRODUCTION PRACTICES,NORTH DAKOTA,ND,38,RAMSEY,071,COUNTY,WHEAT,"SPRING, (EXCL DURUM)",ALL UTILIZATION PRACTICES,YIELD,"WHEAT, SPRING, (EXCL DURUM) - YIELD, MEASURED IN BU / ACRE",BU / ACRE,40.8,4.50
2023,YEAR,ALL PRODUCTION PRACTICES,NORTH DAKOTA,ND,38,TOWNER,095,COUNTY,WHEAT,"SPRING, (EXCL DURUM)",ALL UTILIZATION PRACTICES,YIELD,"WHEAT, SPRING, (EXCL DURUM) - YIELD, MEASURED IN BU / ACRE",BU / ACRE,48.9,3.4
2022,YEAR,ALL PRODUCTION PRACTICES,NORTH DAKOTA,ND,38,TOWNER,095,COUNTY,WHEAT,"SPRING, (EXCL DURUM)",ALL UTILIZATION PRACTICES,YIELD,"WHEAT, SPRING, (EXCL DURUM) - YIELD, MEASURED IN BU / ACRE",BU / ACRE,54.0,7.7
2021,YEAR,ALL PRODUCTION PRACTICES,NORTH DAKOTA,ND,38,TOWNER,095,COUNTY,WHEAT,"SPRING, (EXCL DURUM)",ALL UTILIZATION PRACTICES,YIELD,"WHEAT, SPRING, (EXCL DURUM) - YIELD, MEASURED IN BU / ACRE",BU / ACRE,43.0,5.00
2023,YEAR,ALL PRODUCTION PRACTICES,NORTH DAKOTA,ND,38,WALSH,099,COUNTY,WHEAT,"SPRING, (EXCL DURUM)",ALL UTILIZATION PRACTICES,YIELD,"WHEAT, SPRING, (EXCL DURUM) - YIELD, MEASURED IN BU / ACRE",BU / ACRE,51.5,5.9
2022,YEAR,ALL PRODUCTION PRACTICES,NORTH DAKOTA,ND,38,WALSH,099,COUNTY,WHEAT,"SPRING, (EXCL DURUM)",ALL UTILIZATION PRACTICES,YIELD,"WHEAT, SPRING, (EXCL DURUM) - YIELD, MEASURED IN BU / ACRE",BU / ACRE,59.9,3.6
2021,YEAR,ALL PRODUCTION PRACTICES,NORTH DAKOTA,ND,38,WALSH,099,COUNTY,WHEAT,"SPRING, (EXCL DURUM)",ALL UTILIZATION PRACTICES,YIELD,"WHEAT, SPRING, (EXCL DURUM) - YIELD, MEASURED IN BU / ACRE",BU / ACRE,42.6,8.50
2023,YEAR,ALL PRODUCTION PRACTICES,NORTH DAKOTA,ND,38,DUNN,025,COUNTY,WHEAT,"SPRING, (EXCL DURUM)",ALL UTILIZATION PRACTICES,YIELD,"WHEAT, SPRING, (EXCL DURUM) - YIELD, MEASURED IN BU / ACRE",BU / ACRE,40.9,6.9
2022,YEAR,ALL PRODUCTION PRACTICES,NORTH DAKOTA,ND,38,DUNN,025,COUNTY,WHEAT,"SPRING, (EXCL DURUM)",ALL UTILIZATION PRACTICES,YIELD,"WHEAT, SPRING, (EXCL DURUM) - YIELD, MEASURED IN BU / ACRE",BU / ACRE,41.0,2.2
2021,YEAR,ALL PRODUCTION PRACTICES,NORTH DAKOTA,ND,38,DUNN,025,COUNTY,WHEAT,"SPRING, (EXCL DURUM)",ALL UTILIZATION PRACTICES,YIELD,"WHEAT, SPRING, (EXCL DURUM) - YIELD, MEASURED IN BU / ACRE",BU / ACRE,26.2,12.30
2023,YEAR,ALL PRODUCTION PRACTICES,NORTH DAKOTA,ND,38,MCKENZIE,053,COUNTY,WHEAT,"SPRING, (EXCL DURUM)",ALL UTILIZATION PRACTICES,YIELD,"WHEAT, SPRING, (EXCL DURUM) - YIELD, MEASURED IN BU / ACRE",BU / ACRE,32.4,8.8
2022,YEAR,ALL PRODUCTION PRACTICES,NORTH DAKOTA,ND,38,MCKENZIE,053,COUNTY,WHEAT,"SPRING, (EXCL DURUM)",ALL UTILIZATION PRACTICES,YIELD,"WHEAT, SPRING, (EXCL DURUM) - YIELD, MEASURED IN BU / ACRE",BU / ACRE,37.6,8.2
2021,YEAR,ALL PRODUCTION PRACTICES,NORTH DAKOTA,ND,38,MCKENZIE,053,COUNTY,WHEAT,"SPRING, (EXCL DURUM)",ALL UTILIZATION PRACTICES,YIELD,"WHEAT, SPRING, (EXCL DURUM) - YIELD, MEASURED IN BU / ACRE",BU / ACRE,13.3,10.50
2022,YEAR,ALL PRODUCTION PRACTICES,NORTH DAKOTA,ND,38,MCLEAN,055,COUNTY,WHEAT,"SPRING, (EXCL DURUM)",ALL UTILIZATION PRACTICES,YIELD,"WHEAT, SPRING, (EXCL DURUM) - YIELD, MEASURED IN BU / ACRE",BU / ACRE,49.5,5.4
2021,YEAR,ALL PRODUCTION PRACTICES,NORTH DAKOTA,ND,38,MCLEAN,055,COUNTY,WHEAT,"SPRING, (EXCL DURUM)",ALL UTILIZATION PRACTICES,YIELD,"WHEAT, SPRING, (EXCL DURUM) - YIELD, MEASURED IN BU / ACRE",BU / ACRE,25.3,17.00
2021,YEAR,ALL PRODUCTION PRACTICES,NORTH DAKOTA,ND,38,MERCER,057,COUNTY,WHEAT,"SPRING, (EXCL DURUM)",ALL UTILIZATION PRACTICES,YIELD,"WHEAT, SPRING, (EXCL DURUM) - YIELD, MEASURED IN BU / ACRE",BU / ACRE,15.1,11.40
2022,YEAR,ALL PRODUCTION PRACTICES,NORTH DAKOTA,ND,38,OLIVER,065,COUNTY,WHEAT,"SPRING, (EXCL DURUM)",ALL UTILIZATION PRACTICES,YIELD,"WHEAT, SPRING, (EXCL DURUM) - YIELD, MEASURED IN BU / ACRE",BU / ACRE,49.4,4.8
2021,YEAR,ALL PRODUCTION PRACTICES,NORTH DAKOTA,ND,38,OLIVER,065,COUNTY,WHEAT,"SPRING, (EXCL DURUM)",ALL UTILIZATION PRACTICES,YIELD,"WHEAT, SPRING, (EXCL DURUM) - YIELD, MEASURED IN BU / ACRE",BU / ACRE,17.4,11.80
2023,YEAR,ALL PRODUCTION PRACTICES,NORTH DAKOTA,ND,38,EDDY,027,COUNTY,WHEAT,"SPRING, (EXCL DURUM)",ALL UTILIZATION PRACTICES,YIELD,"WHEAT, SPRING, (EXCL DURUM) - YIELD, MEASURED IN BU / ACRE",BU / ACRE,46.7,9.5
2022,YEAR,ALL PRODUCTION PRACTICES,NORTH DAKOTA,ND,38,EDDY,027,COUNTY,WHEAT,"SPRING, (EXCL DURUM)",ALL UTILIZATION PRACTICES,YIELD,"WHEAT, SPRING, (EXCL DURUM) - YIELD, MEASURED IN BU / ACRE",BU / ACRE,41.8,5.2
2021,YEAR,ALL PRODUCTION PRACTICES,NORTH DAKOTA,ND,38,EDDY,027,COUNTY,WHEAT,"SPRING, (EXCL DURUM)",ALL UTILIZATION PRACTICES,YIELD,"WHEAT, SPRING, (EXCL DURUM) - YIELD, MEASURED IN BU / ACRE",BU / ACRE,26.5,11.80
2023,YEAR,ALL PRODUCTION PRACTICES,NORTH DAKOTA,ND,38,FOSTER,031,COUNTY,WHEAT,"SPRING, (EXCL DURUM)",ALL UTILIZATION PRACTICES,YIELD,"WHEAT, SPRING, (EXCL DURUM) - YIELD, MEASURED IN BU / ACRE",BU / ACRE,50.8,6.4
2022,YEAR,ALL PRODUCTION PRACTICES,NORTH DAKOTA,ND,38,FOSTER,031,COUNTY,WHEAT,"SPRING, (EXCL DURUM)",ALL UTILIZATION PRACTICES,YIELD,"WHEAT, SPRING, (EXCL DURUM) - YIELD, MEASURED IN BU / ACRE",BU / ACRE,53.3,4.9
2021,YEAR,ALL PRODUCTION PRACTICES,NORTH DAKOTA,ND,38,FOSTER,031,COUNTY,WHEAT,"SPRING, (EXCL DURUM)",ALL UTILIZATION PRACTICES,YIELD,"WHEAT, SPRING, (EXCL DURUM) - YIELD, MEASURED IN BU / ACRE",BU / ACRE,37.4,7.50
2023,YEAR,ALL PRODUCTION PRACTICES,NORTH DAKOTA,ND,38,KIDDER,043,COUNTY,WHEAT,"SPRING, (EXCL DURUM)",ALL UTILIZATION PRACTICES,YIELD,"WHEAT, SPRING, (EXCL DURUM) - YIELD, MEASURED IN BU / ACRE",BU / ACRE,44.0,12.7
2022,YEAR,ALL PRODUCTION PRACTICES,NORTH DAKOTA,ND,38,KIDDER,043,COUNTY,WHEAT,"SPRING, (EXCL DURUM)",ALL UTILIZATION PRACTICES,YIELD,"WHEAT, SPRING, (EXCL DURUM) - YIELD, MEASURED IN BU / ACRE",BU / ACRE,35.0,9.2
2021,YEAR,ALL PRODUCTION PRACTICES,NORTH DAKOTA,ND,38,KIDDER,043,COUNTY,WHEAT,"SPRING, (EXCL DURUM)",ALL UTILIZATION PRACTICES,YIELD,"WHEAT, SPRING, (EXCL DURUM) - YIELD, MEASURED IN BU / ACRE",BU / ACRE,29.0,5.40
2023,YEAR,ALL PRODUCTION PRACTICES,NORTH DAKOTA,ND,38,SHERIDAN,083,COUNTY,WHEAT,"SPRING, (EXCL DURUM)",ALL UTILIZATION PRACTICES,YIELD,"WHEAT, SPRING, (EXCL DURUM) - YIELD, MEASURED IN BU / ACRE",BU / ACRE,52.6,6.7
2022,YEAR,ALL PRODUCTION PRACTICES,NORTH DAKOTA,ND,38,SHERIDAN,083,COUNTY,WHEAT,"SPRING, (EXCL DURUM)",ALL UTILIZATION PRACTICES,YIELD,"WHEAT, SPRING, (EXCL DURUM) - YIELD, MEASURED IN BU / ACRE",BU / ACRE,46.7,2.8
2021,YEAR,ALL PRODUCTION PRACTICES,NORTH DAKOTA,ND,38,SHERIDAN,083,COUNTY,WHEAT,"SPRING, (EXCL DURUM)",ALL UTILIZATION PRACTICES,YIELD,"WHEAT, SPRING, (EXCL DURUM) - YIELD, MEASURED IN BU / ACRE",BU / ACRE,26.5,7.10
2023,YEAR,ALL PRODUCTION PRACTICES,NORTH DAKOTA,ND,38,STUTSMAN,093,COUNTY,WHEAT,"SPRING, (EXCL DURUM)",ALL UTILIZATION PRACTICES,YIELD,"WHEAT, SPRING, (EXCL DURUM) - YIELD, MEASURED IN BU / ACRE",BU / ACRE,45.5,3.9
2022,YEAR,ALL PRODUCTION PRACTICES,NORTH DAKOTA,ND,38,STUTSMAN,093,COUNTY,WHEAT,"SPRING, (EXCL DURUM)",ALL UTILIZATION PRACTICES,YIELD,"WHEAT, SPRING, (EXCL DURUM) - YIELD, MEASURED IN BU / ACRE",BU / ACRE,47.4,7.2
2021,YEAR,ALL PRODUCTION PRACTICES,NORTH DAKOTA,ND,38,STUTSMAN,093,COUNTY,WHEAT,"SPRING, (EXCL DURUM)",ALL UTILIZATION PRACTICES,YIELD,"WHEAT, SPRING, (EXCL DURUM) - YIELD, MEASURED IN BU / ACRE",BU / ACRE,39.7,15.60
2022,YEAR,ALL PRODUCTION PRACTICES,NORTH DAKOTA,ND,38,WELLS,103,COUNTY,WHEAT,"SPRING, (EXCL DURUM)",ALL UTILIZATION PRACTICES,YIELD,"WHEAT, SPRING, (EXCL DURUM) - YIELD, MEASURED IN BU / ACRE",BU / ACRE,51.7,4.5
2021,YEAR,ALL PRODUCTION PRACTICES,NORTH DAKOTA,ND,38,WELLS,103,COUNTY,WHEAT,"SPRING, (EXCL DURUM)",ALL UTILIZATION PRACTICES,YIELD,"WHEAT, SPRING, (EXCL DURUM) - YIELD, MEASURED IN BU / ACRE",BU / ACRE,33.9,6.60
2023,YEAR,ALL PRODUCTION PRACTICES,NORTH DAKOTA,ND,38,BARNES,003,COUNTY,WHEAT,"SPRING, (EXCL DURUM)",ALL UTILIZATION PRACTICES,YIELD,"WHEAT, SPRING, (EXCL DURUM) - YIELD, MEASURED IN BU / ACRE",BU / ACRE,59.6,3.5
2022,YEAR,ALL PRODUCTION PRACTICES,NORTH DAKOTA,ND,38,BARNES,003,COUNTY,WHEAT,"SPRING, (EXCL DURUM)",ALL UTILIZATION PRACTICES,YIELD,"WHEAT, SPRING, (EXCL DURUM) - YIELD, MEASURED IN BU / ACRE",BU / ACRE,60.7,3.9
2021,YEAR,ALL PRODUCTION PRACTICES,NORTH DAKOTA,ND,38,BARNES,003,COUNTY,WHEAT,"SPRING, (EXCL DURUM)",ALL UTILIZATION PRACTICES,YIELD,"WHEAT, SPRING, (EXCL DURUM) - YIELD, MEASURED IN BU / ACRE",BU / ACRE,55.5,6.70
2023,YEAR,ALL PRODUCTION PRACTICES,NORTH DAKOTA,ND,38,CASS,017,COUNTY,WHEAT,"SPRING, (EXCL DURUM)",ALL UTILIZATION PRACTICES,YIELD,"WHEAT, SPRING, (EXCL DURUM) - YIELD, MEASURED IN BU / ACRE",BU / ACRE,66.5,4.4
2022,YEAR,ALL PRODUCTION PRACTICES,NORTH DAKOTA,ND,38,CASS,017,COUNTY,WHEAT,"SPRING, (EXCL DURUM)",ALL UTILIZATION PRACTICES,YIELD,"WHEAT, SPRING, (EXCL DURUM) - YIELD, MEASURED IN BU / ACRE",BU / ACRE,61.4,3.8
2021,YEAR,ALL PRODUCTION PRACTICES,NORTH DAKOTA,ND,38,CASS,017,COUNTY,WHEAT,"SPRING, (EXCL DURUM)",ALL UTILIZATION PRACTICES,YIELD,"WHEAT, SPRING, (EXCL DURUM) - YIELD, MEASURED IN BU / ACRE",BU / ACRE,59.7,4.20
2023,YEAR,ALL PRODUCTION PRACTICES,NORTH DAKOTA,ND,38,GRIGGS,039,COUNTY,WHEAT,"SPRING, (EXCL DURUM)",ALL UTILIZATION PRACTICES,YIELD,"WHEAT, SPRING, (EXCL DURUM) - YIELD, MEASURED IN BU / ACRE",BU / ACRE,59.1,4.0
2022,YEAR,ALL PRODUCTION PRACTICES,NORTH DAKOTA,ND,38,GRIGGS,039,COUNTY,WHEAT,"SPRING, (EXCL DURUM)",ALL UTILIZATION PRACTICES,YIELD,"WHEAT, SPRING, (EXCL DURUM) - YIELD, MEASURED IN BU / ACRE",BU / ACRE,57.0,6.4
2021,YEAR,ALL PRODUCTION PRACTICES,NORTH DAKOTA,ND,38,GRIGGS,039,COUNTY,WHEAT,"SPRING, (EXCL DURUM)",ALL UTILIZATION PRACTICES,YIELD,"WHEAT, SPRING, (EXCL DURUM) - YIELD, MEASURED IN BU / ACRE",BU / ACRE,46.1,7.80
2023,YEAR,ALL PRODUCTION PRACTICES,NORTH DAKOTA,ND,38,STEELE,091,COUNTY,WHEAT,"SPRING, (EXCL DURUM)",ALL UTILIZATION PRACTICES,YIELD,"WHEAT, SPRING, (EXCL DURUM) - YIELD, MEASURED IN BU / ACRE",BU / ACRE,61.9,4.9
2022,YEAR,ALL PRODUCTION PRACTICES,NORTH DAKOTA,ND,38,STEELE,091,COUNTY,WHEAT,"SPRING, (EXCL DURUM)",ALL UTILIZATION PRACTICES,YIELD,"WHEAT, SPRING, (EXCL DURUM) - YIELD, MEASURED IN BU / ACRE",BU / ACRE,57.8,3.0
2021,YEAR,ALL PRODUCTION PRACTICES,NORTH DAKOTA,ND,38,STEELE,091,COUNTY,WHEAT,"SPRING, (EXCL DURUM)",ALL UTILIZATION PRACTICES,YIELD,"WHEAT, SPRING, (EXCL DURUM) - YIELD, MEASURED IN BU / ACRE",BU / ACRE,49.9,5.30
2023,YEAR,ALL PRODUCTION PRACTICES,NORTH DAKOTA,ND,38,TRAILL,097,COUNTY,WHEAT,"SPRING, (EXCL DURUM)",ALL UTILIZATION PRACTICES,YIELD,"WHEAT, SPRING, (EXCL DURUM) - YIELD, MEASURED IN BU / ACRE",BU / ACRE,62.8,6.2
2022,YEAR,ALL PRODUCTION PRACTICES,NORTH DAKOTA,ND,38,TRAILL,097,COUNTY,WHEAT,"SPRING, (EXCL DURUM)",ALL UTILIZATION PRACTICES,YIELD,"WHEAT, SPRING, (EXCL DURUM) - YIELD, MEASURED IN BU / ACRE",BU / ACRE,59.4,5.2
2021,YEAR,ALL PRODUCTION PRACTICES,NORTH DAKOTA,ND,38,TRAILL,097,COUNTY,WHEAT,"SPRING, (EXCL DURUM)",ALL UTILIZATION PRACTICES,YIELD,"WHEAT, SPRING, (EXCL DURUM) - YIELD, MEASURED IN BU / ACRE",BU / ACRE,57.8,5.10
2023,YEAR,ALL PRODUCTION PRACTICES,NORTH DAKOTA,ND,38,ADAMS,001,COUNTY,WHEAT,"SPRING, (EXCL DURUM)",ALL UTILIZATION PRACTICES,YIELD,"WHEAT, SPRING, (EXCL DURUM) - YIELD, MEASURED IN BU / ACRE",BU / ACRE,49.1,6.7
2022,YEAR,ALL PRODUCTION PRACTICES,NORTH DAKOTA,ND,38,ADAMS,001,COUNTY,WHEAT,"SPRING, (EXCL DURUM)",ALL UTILIZATION PRACTICES,YIELD,"WHEAT, SPRING, (EXCL DURUM) - YIELD, MEASURED IN BU / ACRE",BU / ACRE,43.9,4.8
2021,YEAR,ALL PRODUCTION PRACTICES,NORTH DAKOTA,ND,38,ADAMS,001,COUNTY,WHEAT,"SPRING, (EXCL DURUM)",ALL UTILIZATION PRACTICES,YIELD,"WHEAT, SPRING, (EXCL DURUM) - YIELD, MEASURED IN BU / ACRE",BU / ACRE,19.9,6.70
2022,YEAR,ALL PRODUCTION PRACTICES,NORTH DAKOTA,ND,38,BILLINGS,007,COUNTY,WHEAT,"SPRING, (EXCL DURUM)",ALL UTILIZATION PRACTICES,YIELD,"WHEAT, SPRING, (EXCL DURUM) - YIELD, MEASURED IN BU / ACRE",BU / ACRE,39.0,9.6
2021,YEAR,ALL PRODUCTION PRACTICES,NORTH DAKOTA,ND,38,BILLINGS,007,COUNTY,WHEAT,"SPRING, (EXCL DURUM)",ALL UTILIZATION PRACTICES,YIELD,"WHEAT, SPRING, (EXCL DURUM) - YIELD, MEASURED IN BU / ACRE",BU / ACRE,14.1,19.10
2023,YEAR,ALL PRODUCTION PRACTICES,NORTH DAKOTA,ND,38,BOWMAN,011,COUNTY,WHEAT,"SPRING, (EXCL DURUM)",ALL UTILIZATION PRACTICES,YIELD,"WHEAT, SPRING, (EXCL DURUM) - YIELD, MEASURED IN BU / ACRE",BU / ACRE,52.0,6.9
2022,YEAR,ALL PRODUCTION PRACTICES,NORTH DAKOTA,ND,38,BOWMAN,011,COUNTY,WHEAT,"SPRING, (EXCL DURUM)",ALL UTILIZATION PRACTICES,YIELD,"WHEAT, SPRING, (EXCL DURUM) - YIELD, MEASURED IN BU / ACRE",BU / ACRE,39.3,6.0
2021,YEAR,ALL PRODUCTION PRACTICES,NORTH DAKOTA,ND,38,BOWMAN,011,COUNTY,WHEAT,"SPRING, (EXCL DURUM)",ALL UTILIZATION PRACTICES,YIELD,"WHEAT, SPRING, (EXCL DURUM) - YIELD, MEASURED IN BU / ACRE",BU / ACRE,13.3,17.90
2023,YEAR,ALL PRODUCTION PRACTICES,NORTH DAKOTA,ND,38,HETTINGER,041,COUNTY,WHEAT,"SPRING, (EXCL DURUM)",ALL UTILIZATION PRACTICES,YIELD,"WHEAT, SPRING, (EXCL DURUM) - YIELD, MEASURED IN BU / ACRE",BU / ACRE,53.5,5.3
2022,YEAR,ALL PRODUCTION PRACTICES,NORTH DAKOTA,ND,38,HETTINGER,041,COUNTY,WHEAT,"SPRING, (EXCL DURUM)",ALL UTILIZATION PRACTICES,YIELD,"WHEAT, SPRING, (EXCL DURUM) - YIELD, MEASURED IN BU / ACRE",BU / ACRE,48.5,5.0
2021,YEAR,ALL PRODUCTION PRACTICES,NORTH DAKOTA,ND,38,HETTINGER,041,COUNTY,WHEAT,"SPRING, (EXCL DURUM)",ALL UTILIZATION PRACTICES,YIELD,"WHEAT, SPRING, (EXCL DURUM) - YIELD, MEASURED IN BU / ACRE",BU / ACRE,27.5,9.50
2023,YEAR,ALL PRODUCTION PRACTICES,NORTH DAKOTA,ND,38,SLOPE,087,COUNTY,WHEAT,"SPRING, (EXCL DURUM)",ALL UTILIZATION PRACTICES,YIELD,"WHEAT, SPRING, (EXCL DURUM) - YIELD, MEASURED IN BU / ACRE",BU / ACRE,52.7,5.2
2022,YEAR,ALL PRODUCTION PRACTICES,NORTH DAKOTA,ND,38,SLOPE,087,COUNTY,WHEAT,"SPRING, (EXCL DURUM)",ALL UTILIZATION PRACTICES,YIELD,"WHEAT, SPRING, (EXCL DURUM) - YIELD, MEASURED IN BU / ACRE",BU / ACRE,39.9,4.0
2021,YEAR,ALL PRODUCTION PRACTICES,NORTH DAKOTA,ND,38,SLOPE,087,COUNTY,WHEAT,"SPRING, (EXCL DURUM)",ALL UTILIZATION PRACTICES,YIELD,"WHEAT, SPRING, (EXCL DURUM) - YIELD, MEASURED IN BU / ACRE",BU / ACRE,16.9,7.20
2023,YEAR,ALL PRODUCTION PRACTICES,NORTH DAKOTA,ND,38,STARK,089,COUNTY,WHEAT,"SPRING, (EXCL DURUM)",ALL UTILIZATION PRACTICES,YIELD,"WHEAT, SPRING, (EXCL DURUM) - YIELD, MEASURED IN BU / ACRE",BU / ACRE,47.9,3.3
2021,YEAR,ALL PRODUCTION PRACTICES,NORTH DAKOTA,ND,38,STARK,089,COUNTY,WHEAT,"SPRING, (EXCL DURUM)",ALL UTILIZATION PRACTICES,YIELD,"WHEAT, SPRING, (EXCL DURUM) - YIELD, MEASURED IN BU / ACRE",BU / ACRE,27.9,14.30
2023,YEAR,ALL PRODUCTION PRACTICES,NORTH DAKOTA,ND,38,BURLEIGH,015,COUNTY,WHEAT,"SPRING, (EXCL DURUM)",ALL UTILIZATION PRACTICES,YIELD,"WHEAT, SPRING, (EXCL DURUM) - YIELD, MEASURED IN BU / ACRE",BU / ACRE,54.8,7.5
2022,YEAR,ALL PRODUCTION PRACTICES,NORTH DAKOTA,ND,38,BURLEIGH,015,COUNTY,WHEAT,"SPRING, (EXCL DURUM)",ALL UTILIZATION PRACTICES,YIELD,"WHEAT, SPRING, (EXCL DURUM) - YIELD, MEASURED IN BU / ACRE",BU / ACRE,38.0,6.6
2021,YEAR,ALL PRODUCTION PRACTICES,NORTH DAKOTA,ND,38,BURLEIGH,015,COUNTY,WHEAT,"SPRING, (EXCL DURUM)",ALL UTILIZATION PRACTICES,YIELD,"WHEAT, SPRING, (EXCL DURUM) - YIELD, MEASURED IN BU / ACRE",BU / ACRE,17.5,16.00
2023,YEAR,ALL PRODUCTION PRACTICES,NORTH DAKOTA,ND,38,EMMONS,029,COUNTY,WHEAT,"SPRING, (EXCL DURUM)",ALL UTILIZATION PRACTICES,YIELD,"WHEAT, SPRING, (EXCL DURUM) - YIELD, MEASURED IN BU / ACRE",BU / ACRE,45.0,12.1
2022,YEAR,ALL PRODUCTION PRACTICES,NORTH DAKOTA,ND,38,EMMONS,029,COUNTY,WHEAT,"SPRING, (EXCL DURUM)",ALL UTILIZATION PRACTICES,YIELD,"WHEAT, SPRING, (EXCL DURUM) - YIELD, MEASURED IN BU / ACRE",BU / ACRE,35.0,12.5
2021,YEAR,ALL PRODUCTION PRACTICES,NORTH DAKOTA,ND,38,EMMONS,029,COUNTY,WHEAT,"SPRING, (EXCL DURUM)",ALL UTILIZATION PRACTICES,YIELD,"WHEAT, SPRING, (EXCL DURUM) - YIELD, MEASURED IN BU / ACRE",BU / ACRE,18.5,16.50
2023,YEAR,ALL PRODUCTION PRACTICES,NORTH DAKOTA,ND,38,GRANT,037,COUNTY,WHEAT,"SPRING, (EXCL DURUM)",ALL UTILIZATION PRACTICES,YIELD,"WHEAT, SPRING, (EXCL DURUM) - YIELD, MEASURED IN BU / ACRE",BU / ACRE,41.2,4.3
2022,YEAR,ALL PRODUCTION PRACTICES,NORTH DAKOTA,ND,38,GRANT,037,COUNTY,WHEAT,"SPRING, (EXCL DURUM)",ALL UTILIZATION PRACTICES,YIELD,"WHEAT, SPRING, (EXCL DURUM) - YIELD, MEASURED IN BU / ACRE",BU / ACRE,35.3,10.3
2021,YEAR,ALL PRODUCTION PRACTICES,NORTH DAKOTA,ND,38,GRANT,037,COUNTY,WHEAT,"SPRING, (EXCL DURUM)",ALL UTILIZATION PRACTICES,YIELD,"WHEAT, SPRING, (EXCL DURUM) - YIELD, MEASURED IN BU / ACRE",BU / ACRE,14.5,11.40
2023,YEAR,ALL PRODUCTION PRACTICES,NORTH DAKOTA,ND,38,MORTON,059,COUNTY,WHEAT,"SPRING, (EXCL DURUM)",ALL UTILIZATION PRACTICES,YIELD,"WHEAT, SPRING, (EXCL DURUM) - YIELD, MEASURED IN BU / ACRE",BU / ACRE,51.8,5.4
2022,YEAR,ALL PRODUCTION PRACTICES,NORTH DAKOTA,ND,38,MORTON,059,COUNTY,WHEAT,"SPRING, (EXCL DURUM)",ALL UTILIZATION PRACTICES,YIELD,"WHEAT, SPRING, (EXCL DURUM) - YIELD, MEASURED IN BU / ACRE",BU / ACRE,41.8,5.7
2021,YEAR,ALL PRODUCTION PRACTICES,NORTH DAKOTA,ND,38,MORTON,059,COUNTY,WHEAT,"SPRING, (EXCL DURUM)",ALL UTILIZATION PRACTICES,YIELD,"WHEAT, SPRING, (EXCL DURUM) - YIELD, MEASURED IN BU / ACRE",BU / ACRE,16.8,5.70
2023,YEAR,ALL PRODUCTION PRACTICES,NORTH DAKOTA,ND,38,DICKEY,021,COUNTY,WHEAT,"SPRING, (EXCL DURUM)",ALL UTILIZATION PRACTICES,YIELD,"WHEAT, SPRING, (EXCL DURUM) - YIELD, MEASURED IN BU / ACRE",BU / ACRE,56.8,5.4
2022,YEAR,ALL PRODUCTION PRACTICES,NORTH DAKOTA,ND,38,DICKEY,021,COUNTY,WHEAT,"SPRING, (EXCL DURUM)",ALL UTILIZATION PRACTICES,YIELD,"WHEAT, SPRING, (EXCL DURUM) - YIELD, MEASURED IN BU / ACRE",BU / ACRE,53.7,6.9
2023,YEAR,ALL PRODUCTION PRACTICES,NORTH DAKOTA,ND,38,LA MOURE,045,COUNTY,WHEAT,"SPRING, (EXCL DURUM)",ALL UTILIZATION PRACTICES,YIELD,"WHEAT, SPRING, (EXCL DURUM) - YIELD, MEASURED IN BU / ACRE",BU / ACRE,60.9,4.0
2022,YEAR,ALL PRODUCTION PRACTICES,NORTH DAKOTA,ND,38,LA MOURE,045,COUNTY,WHEAT,"SPRING, (EXCL DURUM)",ALL UTILIZATION PRACTICES,YIELD,"WHEAT, SPRING, (EXCL DURUM) - YIELD, MEASURED IN BU / ACRE",BU / ACRE,57.5,6.7
2021,YEAR,ALL PRODUCTION PRACTICES,NORTH DAKOTA,ND,38,LA MOURE,045,COUNTY,WHEAT,"SPRING, (EXCL DURUM)",ALL UTILIZATION PRACTICES,YIELD,"WHEAT, SPRING, (EXCL DURUM) - YIELD, MEASURED IN BU / ACRE",BU / ACRE,37.2,10.90
2023,YEAR,ALL PRODUCTION PRACTICES,NORTH DAKOTA,ND,38,LOGAN,047,COUNTY,WHEAT,"SPRING, (EXCL DURUM)",ALL UTILIZATION PRACTICES,YIELD,"WHEAT, SPRING, (EXCL DURUM) - YIELD, MEASURED IN BU / ACRE",BU / ACRE,45.0,8.0
2022,YEAR,ALL PRODUCTION PRACTICES,NORTH DAKOTA,ND,38,LOGAN,047,COUNTY,WHEAT,"SPRING, (EXCL DURUM)",ALL UTILIZATION PRACTICES,YIELD,"WHEAT, SPRING, (EXCL DURUM) - YIELD, MEASURED IN BU / ACRE",BU / ACRE,50.9,7.2
2021,YEAR,ALL PRODUCTION PRACTICES,NORTH DAKOTA,ND,38,LOGAN,047,COUNTY,WHEAT,"SPRING, (EXCL DURUM)",ALL UTILIZATION PRACTICES,YIELD,"WHEAT, SPRING, (EXCL DURUM) - YIELD, MEASURED IN BU / ACRE",BU / ACRE,24.4,8.90
2023,YEAR,ALL PRODUCTION PRACTICES,NORTH DAKOTA,ND,38,MCINTOSH,051,COUNTY,WHEAT,"SPRING, (EXCL DURUM)",ALL UTILIZATION PRACTICES,YIELD,"WHEAT, SPRING, (EXCL DURUM) - YIELD, MEASURED IN BU / ACRE",BU / ACRE,48.4,7.6
2022,YEAR,ALL PRODUCTION PRACTICES,NORTH DAKOTA,ND,38,MCINTOSH,051,COUNTY,WHEAT,"SPRING, (EXCL DURUM)",ALL UTILIZATION PRACTICES,YIELD,"WHEAT, SPRING, (EXCL DURUM) - YIELD, MEASURED IN BU / ACRE",BU / ACRE,46.6,8.2
2021,YEAR,ALL PRODUCTION PRACTICES,NORTH DAKOTA,ND,38,MCINTOSH,051,COUNTY,WHEAT,"SPRING, (EXCL DURUM)",ALL UTILIZATION PRACTICES,YIELD,"WHEAT, SPRING, (EXCL DURUM) - YIELD, MEASURED IN BU / ACRE",BU / ACRE,27.2,9.30
2023,YEAR,ALL PRODUCTION PRACTICES,NORTH DAKOTA,ND,38,RANSOM,073,COUNTY,WHEAT,"SPRING, (EXCL DURUM)",ALL UTILIZATION PRACTICES,YIELD,"WHEAT, SPRING, (EXCL DURUM) - YIELD, MEASURED IN BU / ACRE",BU / ACRE,61.5,3.3
2022,YEAR,ALL PRODUCTION PRACTICES,NORTH DAKOTA,ND,38,RANSOM,073,COUNTY,WHEAT,"SPRING, (EXCL DURUM)",ALL UTILIZATION PRACTICES,YIELD,"WHEAT, SPRING, (EXCL DURUM) - YIELD, MEASURED IN BU / ACRE",BU / ACRE,57.4,5.3
2021,YEAR,ALL PRODUCTION PRACTICES,NORTH DAKOTA,ND,38,RANSOM,073,COUNTY,WHEAT,"SPRING, (EXCL DURUM)",ALL UTILIZATION PRACTICES,YIELD,"WHEAT, SPRING, (EXCL DURUM) - YIELD, MEASURED IN BU / ACRE",BU / ACRE,59.7,3.80
2023,YEAR,ALL PRODUCTION PRACTICES,NORTH DAKOTA,ND,38,RICHLAND,077,COUNTY,WHEAT,"SPRING, (EXCL DURUM)",ALL UTILIZATION PRACTICES,YIELD,"WHEAT, SPRING, (EXCL DURUM) - YIELD, MEASURED IN BU / ACRE",BU / ACRE,53.5,2.8
2022,YEAR,ALL PRODUCTION PRACTICES,NORTH DAKOTA,ND,38,RICHLAND,077,COUNTY,WHEAT,"SPRING, (EXCL DURUM)",ALL UTILIZATION PRACTICES,YIELD,"WHEAT, SPRING, (EXCL DURUM) - YIELD, MEASURED IN BU / ACRE",BU / ACRE,52.4,5.6
2021,YEAR,ALL PRODUCTION PRACTICES,NORTH DAKOTA,ND,38,RICHLAND,077,COUNTY,WHEAT,"SPRING, (EXCL DURUM)",ALL UTILIZATION PRACTICES,YIELD,"WHEAT, SPRING, (EXCL DURUM) - YIELD, MEASURED IN BU / ACRE",BU / ACRE,60.1,4.80
2022,YEAR,ALL PRODUCTION PRACTICES,NORTH DAKOTA,ND,38,SARGENT,081,COUNTY,WHEAT,"SPRING, (EXCL DURUM)",ALL UTILIZATION PRACTICES,YIELD,"WHEAT, SPRING, (EXCL DURUM) - YIELD, MEASURED IN BU / ACRE",BU / ACRE,54.6,4.4
2023,YEAR,ALL PRODUCTION PRACTICES,NORTH DAKOTA,ND,38,OTHER COUNTIES,,COUNTY,WHEAT,"SPRING, (EXCL DURUM)",ALL UTILIZATION PRACTICES,YIELD,"WHEAT, SPRING, (EXCL DURUM) - YIELD, MEASURED IN BU / ACRE",BU / ACRE,48.1,2.4
2022,YEAR,ALL PRODUCTION PRACTICES,NORTH DAKOTA,ND,38,OTHER COUNTIES,,COUNTY,WHEAT,"SPRING, (EXCL DURUM)",ALL UTILIZATION PRACTICES,YIELD,"WHEAT, SPRING, (EXCL DURUM) - YIELD, MEASURED IN BU / ACRE",BU / ACRE,51.8,2.5
2021,YEAR,ALL PRODUCTION PRACTICES,NORTH DAKOTA,ND,38,OTHER COUNTIES,,COUNTY,WHEAT,"SPRING, (EXCL DURUM)",ALL UTILIZATION PRACTICES,YIELD,"WHEAT, SPRING, (EXCL DURUM) - YIELD, MEASURED IN BU / ACRE",BU / ACRE,40.4,5.60
2022,YEAR,ALL PRODUCTION PRACTICES,SOUTH DAKOTA,SD,46,CORSON,031,COUNTY,WHEAT,"SPRING, (EXCL DURUM)",ALL UTILIZATION PRACTICES,YIELD,"WHEAT, SPRING, (EXCL DURUM) - YIELD, MEASURED IN BU / ACRE",BU / ACRE,47.3,9.2
2021,YEAR,ALL PRODUCTION PRACTICES,SOUTH DAKOTA,SD,46,CORSON,031,COUNTY,WHEAT,"SPRING, (EXCL DURUM)",ALL UTILIZATION PRACTICES,YIELD,"WHEAT, SPRING, (EXCL DURUM) - YIELD, MEASURED IN BU / ACRE",BU / ACRE,28.5,10.40
2023,YEAR,ALL PRODUCTION PRACTICES,SOUTH DAKOTA,SD,46,ZIEBACH,137,COUNTY,WHEAT,"SPRING, (EXCL DURUM)",ALL UTILIZATION PRACTICES,YIELD,"WHEAT, SPRING, (EXCL DURUM) - YIELD, MEASURED IN BU / ACRE",BU / ACRE,34.6,7.9
2022,YEAR,ALL PRODUCTION PRACTICES,SOUTH DAKOTA,SD,46,ZIEBACH,137,COUNTY,WHEAT,"SPRING, (EXCL DURUM)",ALL UTILIZATION PRACTICES,YIELD,"WHEAT, SPRING, (EXCL DURUM) - YIELD, MEASURED IN BU / ACRE",BU / ACRE,33.4,4.1
2021,YEAR,ALL PRODUCTION PRACTICES,SOUTH DAKOTA,SD,46,ZIEBACH,137,COUNTY,WHEAT,"SPRING, (EXCL DURUM)",ALL UTILIZATION PRACTICES,YIELD,"WHEAT, SPRING, (EXCL DURUM) - YIELD, MEASURED IN BU / ACRE",BU / ACRE,31.5,3.20
2023,YEAR,ALL PRODUCTION PRACTICES,SOUTH DAKOTA,SD,46,BROWN,013,COUNTY,WHEAT,"SPRING, (EXCL DURUM)",ALL UTILIZATION PRACTICES,YIELD,"WHEAT, SPRING, (EXCL DURUM) - YIELD, MEASURED IN BU / ACRE",BU / ACRE,52.0,11.2
2022,YEAR,ALL PRODUCTION PRACTICES,SOUTH DAKOTA,SD,46,BROWN,013,COUNTY,WHEAT,"SPRING, (EXCL DURUM)",ALL UTILIZATION PRACTICES,YIELD,"WHEAT, SPRING, (EXCL DURUM) - YIELD, MEASURED IN BU / ACRE",BU / ACRE,56.9,4.5
2021,YEAR,ALL PRODUCTION PRACTICES,SOUTH DAKOTA,SD,46,BROWN,013,COUNTY,WHEAT,"SPRING, (EXCL DURUM)",ALL UTILIZATION PRACTICES,YIELD,"WHEAT, SPRING, (EXCL DURUM) - YIELD, MEASURED IN BU / ACRE",BU / ACRE,41.5,7.00
2022,YEAR,ALL PRODUCTION PRACTICES,SOUTH DAKOTA,SD,46,CAMPBELL,021,COUNTY,WHEAT,"SPRING, (EXCL DURUM)",ALL UTILIZATION PRACTICES,YIELD,"WHEAT, SPRING, (EXCL DURUM) - YIELD, MEASURED IN BU / ACRE",BU / ACRE,52.7,7.9
2021,YEAR,ALL PRODUCTION PRACTICES,SOUTH DAKOTA,SD,46,CAMPBELL,021,COUNTY,WHEAT,"SPRING, (EXCL DURUM)",ALL UTILIZATION PRACTICES,YIELD,"WHEAT, SPRING, (EXCL DURUM) - YIELD, MEASURED IN BU / ACRE",BU / ACRE,35.9,20.60
2022,YEAR,ALL PRODUCTION PRACTICES,SOUTH DAKOTA,SD,46,EDMUNDS,045,COUNTY,WHEAT,"SPRING, (EXCL DURUM)",ALL UTILIZATION PRACTICES,YIELD,"WHEAT, SPRING, (EXCL DURUM) - YIELD, MEASURED IN BU / ACRE",BU / ACRE,55.7,3.5
2021,YEAR,ALL PRODUCTION PRACTICES,SOUTH DAKOTA,SD,46,EDMUNDS,045,COUNTY,WHEAT,"SPRING, (EXCL DURUM)",ALL UTILIZATION PRACTICES,YIELD,"WHEAT, SPRING, (EXCL DURUM) - YIELD, MEASURED IN BU / ACRE",BU / ACRE,32.2,15.50
2023,YEAR,ALL PRODUCTION PRACTICES,SOUTH DAKOTA,SD,46,POTTER,107,COUNTY,WHEAT,"SPRING, (EXCL DURUM)",ALL UTILIZATION PRACTICES,YIELD,"WHEAT, SPRING, (EXCL DURUM) - YIELD, MEASURED IN BU / ACRE",BU / ACRE,45.3,8.2
2022,YEAR,ALL PRODUCTION PRACTICES,SOUTH DAKOTA,SD,46,POTTER,107,COUNTY,WHEAT,"SPRING, (EXCL DURUM)",ALL UTILIZATION PRACTICES,YIELD,"WHEAT, SPRING, (EXCL DURUM) - YIELD, MEASURED IN BU / ACRE",BU / ACRE,60.0,5.3
2022,YEAR,ALL PRODUCTION PRACTICES,SOUTH DAKOTA,SD,46,SPINK,115,COUNTY,WHEAT,"SPRING, (EXCL DURUM)",ALL UTILIZATION PRACTICES,YIELD,"WHEAT, SPRING, (EXCL DURUM) - YIELD, MEASURED IN BU / ACRE",BU / ACRE,54.5,6.1
2021,YEAR,ALL PRODUCTION PRACTICES,SOUTH DAKOTA,SD,46,SPINK,115,COUNTY,WHEAT,"SPRING, (EXCL DURUM)",ALL UTILIZATION PRACTICES,YIELD,"WHEAT, SPRING, (EXCL DURUM) - YIELD, MEASURED IN BU / ACRE",BU / ACRE,36.8,10.30
2022,YEAR,ALL PRODUCTION PRACTICES,SOUTH DAKOTA,SD,46,WALWORTH,129,COUNTY,WHEAT,"SPRING, (EXCL DURUM)",ALL UTILIZATION PRACTICES,YIELD,"WHEAT, SPRING, (EXCL DURUM) - YIELD, MEASURED IN BU / ACRE",BU / ACRE,63.0,7.5
2021,YEAR,ALL PRODUCTION PRACTICES,SOUTH DAKOTA,SD,46,WALWORTH,129,COUNTY,WHEAT,"SPRING, (EXCL DURUM)",ALL UTILIZATION PRACTICES,YIELD,"WHEAT, SPRING, (EXCL DURUM) - YIELD, MEASURED IN BU / ACRE",BU / ACRE,34.7,6.50
2021,YEAR,ALL PRODUCTION PRACTICES,SOUTH DAKOTA,SD,46,CLARK,025,COUNTY,WHEAT,"SPRING, (EXCL DURUM)",ALL UTILIZATION PRACTICES,YIELD,"WHEAT, SPRING, (EXCL DURUM) - YIELD, MEASURED IN BU / ACRE",BU / ACRE,58.1,8.00
2022,YEAR,ALL PRODUCTION PRACTICES,SOUTH DAKOTA,SD,46,CODINGTON,029,COUNTY,WHEAT,"SPRING, (EXCL DURUM)",ALL UTILIZATION PRACTICES,YIELD,"WHEAT, SPRING, (EXCL DURUM) - YIELD, MEASURED IN BU / ACRE",BU / ACRE,57.8,6.2
2023,YEAR,ALL PRODUCTION PRACTICES,SOUTH DAKOTA,SD,46,DAY,037,COUNTY,WHEAT,"SPRING, (EXCL DURUM)",ALL UTILIZATION PRACTICES,YIELD,"WHEAT, SPRING, (EXCL DURUM) - YIELD, MEASURED IN BU / ACRE",BU / ACRE,58.6,7.1
2021,YEAR,ALL PRODUCTION PRACTICES,SOUTH DAKOTA,SD,46,DAY,037,COUNTY,WHEAT,"SPRING, (EXCL DURUM)",ALL UTILIZATION PRACTICES,YIELD,"WHEAT, SPRING, (EXCL DURUM) - YIELD, MEASURED IN BU / ACRE",BU / ACRE,49.2,6.20
2023,YEAR,ALL PRODUCTION PRACTICES,SOUTH DAKOTA,SD,46,DEUEL,039,COUNTY,WHEAT,"SPRING, (EXCL DURUM)",ALL UTILIZATION PRACTICES,YIELD,"WHEAT, SPRING, (EXCL DURUM) - YIELD, MEASURED IN BU / ACRE",BU / ACRE,63.7,7.4
2022,YEAR,ALL PRODUCTION PRACTICES,SOUTH DAKOTA,SD,46,DEUEL,039,COUNTY,WHEAT,"SPRING, (EXCL DURUM)",ALL UTILIZATION PRACTICES,YIELD,"WHEAT, SPRING, (EXCL DURUM) - YIELD, MEASURED IN BU / ACRE",BU / ACRE,69.5,5.0
2021,YEAR,ALL PRODUCTION PRACTICES,SOUTH DAKOTA,SD,46,DEUEL,039,COUNTY,WHEAT,"SPRING, (EXCL DURUM)",ALL UTILIZATION PRACTICES,YIELD,"WHEAT, SPRING, (EXCL DURUM) - YIELD, MEASURED IN BU / ACRE",BU / ACRE,61.7,5.40
2023,YEAR,ALL PRODUCTION PRACTICES,SOUTH DAKOTA,SD,46,GRANT,051,COUNTY,WHEAT,"SPRING, (EXCL DURUM)",ALL UTILIZATION PRACTICES,YIELD,"WHEAT, SPRING, (EXCL DURUM) - YIELD, MEASURED IN BU / ACRE",BU / ACRE,50.4,6.7
2022,YEAR,ALL PRODUCTION PRACTICES,SOUTH DAKOTA,SD,46,GRANT,051,COUNTY,WHEAT,"SPRING, (EXCL DURUM)",ALL UTILIZATION PRACTICES,YIELD,"WHEAT, SPRING, (EXCL DURUM) - YIELD, MEASURED IN BU / ACRE",BU / ACRE,54.9,11.3
2021,YEAR,ALL PRODUCTION PRACTICES,SOUTH DAKOTA,SD,46,GRANT,051,COUNTY,WHEAT,"SPRING, (EXCL DURUM)",ALL UTILIZATION PRACTICES,YIELD,"WHEAT, SPRING, (EXCL DURUM) - YIELD, MEASURED IN BU / ACRE",BU / ACRE,49.1,4.70
2023,YEAR,ALL PRODUCTION PRACTICES,SOUTH DAKOTA,SD,46,HAMLIN,057,COUNTY,WHEAT,"SPRING, (EXCL DURUM)",ALL UTILIZATION PRACTICES,YIELD,"WHEAT, SPRING, (EXCL DURUM) - YIELD, MEASURED IN BU / ACRE",BU / ACRE,64.4,5.5
2022,YEAR,ALL PRODUCTION PRACTICES,SOUTH DAKOTA,SD,46,HAMLIN,057,COUNTY,WHEAT,"SPRING, (EXCL DURUM)",ALL UTILIZATION PRACTICES,YIELD,"WHEAT, SPRING, (EXCL DURUM) - YIELD, MEASURED IN BU / ACRE",BU / ACRE,65.9,7.7
2021,YEAR,ALL PRODUCTION PRACTICES,SOUTH DAKOTA,SD,46,HAMLIN,057,COUNTY,WHEAT,"SPRING, (EXCL DURUM)",ALL UTILIZATION PRACTICES,YIELD,"WHEAT, SPRING, (EXCL DURUM) - YIELD, MEASURED IN BU / ACRE",BU / ACRE,64.3,10.40
2023,YEAR,ALL PRODUCTION PRACTICES,SOUTH DAKOTA,SD,46,MARSHALL,091,COUNTY,WHEAT,"SPRING, (EXCL DURUM)",ALL UTILIZATION PRACTICES,YIELD,"WHEAT, SPRING, (EXCL DURUM) - YIELD, MEASURED IN BU / ACRE",BU / ACRE,53.7,13.7
2022,YEAR,ALL PRODUCTION PRACTICES,SOUTH DAKOTA,SD,46,MARSHALL,091,COUNTY,WHEAT,"SPRING, (EXCL DURUM)",ALL UTILIZATION PRACTICES,YIELD,"WHEAT, SPRING, (EXCL DURUM) - YIELD, MEASURED IN BU / ACRE",BU / ACRE,52.2,9.4
2021,YEAR,ALL PRODUCTION PRACTICES,SOUTH DAKOTA,SD,46,MARSHALL,091,COUNTY,WHEAT,"SPRING, (EXCL DURUM)",ALL UTILIZATION PRACTICES,YIELD,"WHEAT, SPRING, (EXCL DURUM) - YIELD, MEASURED IN BU / ACRE",BU / ACRE,52.5,5.70
2023,YEAR,ALL PRODUCTION PRACTICES,SOUTH DAKOTA,SD,46,ROBERTS,109,COUNTY,WHEAT,"SPRING, (EXCL DURUM)",ALL UTILIZATION PRACTICES,YIELD,"WHEAT, SPRING, (EXCL DURUM) - YIELD, MEASURED IN BU / ACRE",BU / ACRE,48.7,9.2
2022,YEAR,ALL PRODUCTION PRACTICES,SOUTH DAKOTA,SD,46,ROBERTS,109,COUNTY,WHEAT,"SPRING, (EXCL DURUM)",ALL UTILIZATION PRACTICES,YIELD,"WHEAT, SPRING, (EXCL DURUM) - YIELD, MEASURED IN BU / ACRE",BU / ACRE,48.8,4.9
2021,YEAR,ALL PRODUCTION PRACTICES,SOUTH DAKOTA,SD,46,ROBERTS,109,COUNTY,WHEAT,"SPRING, (EXCL DURUM)",ALL UTILIZATION PRACTICES,YIELD,"WHEAT, SPRING, (EXCL DURUM) - YIELD, MEASURED IN BU / ACRE",BU / ACRE,47.1,9.20
2022,YEAR,ALL PRODUCTION PRACTICES,SOUTH DAKOTA,SD,46,JACKSON,071,COUNTY,WHEAT,"SPRING, (EXCL DURUM)",ALL UTILIZATION PRACTICES,YIELD,"WHEAT, SPRING, (EXCL DURUM) - YIELD, MEASURED IN BU / ACRE",BU / ACRE,25.4,20.9
2021,YEAR,ALL PRODUCTION PRACTICES,SOUTH DAKOTA,SD,46,JACKSON,071,COUNTY,WHEAT,"SPRING, (EXCL DURUM)",ALL UTILIZATION PRACTICES,YIELD,"WHEAT, SPRING, (EXCL DURUM) - YIELD, MEASURED IN BU / ACRE",BU / ACRE,14.7,4.30
2022,YEAR,ALL PRODUCTION PRACTICES,SOUTH DAKOTA,SD,46,MEADE,093,COUNTY,WHEAT,"SPRING, (EXCL DURUM)",ALL UTILIZATION PRACTICES,YIELD,"WHEAT, SPRING, (EXCL DURUM) - YIELD, MEASURED IN BU / ACRE",BU / ACRE,24.1,3.5
2021,YEAR,ALL PRODUCTION PRACTICES,SOUTH DAKOTA,SD,46,MEADE,093,COUNTY,WHEAT,"SPRING, (EXCL DURUM)",ALL UTILIZATION PRACTICES,YIELD,"WHEAT, SPRING, (EXCL DURUM) - YIELD, MEASURED IN BU / ACRE",BU / ACRE,11.2,4.00
2021,YEAR,ALL PRODUCTION PRACTICES,SOUTH DAKOTA,SD,46,PENNINGTON,103,COUNTY,WHEAT,"SPRING, (EXCL DURUM)",ALL UTILIZATION PRACTICES,YIELD,"WHEAT, SPRING, (EXCL DURUM) - YIELD, MEASURED IN BU / ACRE",BU / ACRE,12.9,21.60
2022,YEAR,ALL PRODUCTION PRACTICES,SOUTH DAKOTA,SD,46,BUFFALO,017,COUNTY,WHEAT,"SPRING, (EXCL DURUM)",ALL UTILIZATION PRACTICES,YIELD,"WHEAT, SPRING, (EXCL DURUM) - YIELD, MEASURED IN BU / ACRE",BU / ACRE,49.1,7.2
2021,YEAR,ALL PRODUCTION PRACTICES,SOUTH DAKOTA,SD,46,BUFFALO,017,COUNTY,WHEAT,"SPRING, (EXCL DURUM)",ALL UTILIZATION PRACTICES,YIELD,"WHEAT, SPRING, (EXCL DURUM) - YIELD, MEASURED IN BU / ACRE",BU / ACRE,27.8,13.10
2023,YEAR,ALL PRODUCTION PRACTICES,SOUTH DAKOTA,SD,46,HAND,059,COUNTY,WHEAT,"SPRING, (EXCL DURUM)",ALL UTILIZATION PRACTICES,YIELD,"WHEAT, SPRING, (EXCL DURUM) - YIELD, MEASURED IN BU / ACRE",BU / ACRE,40.2,14.5
2022,YEAR,ALL PRODUCTION PRACTICES,SOUTH DAKOTA,SD,46,HAND,059,COUNTY,WHEAT,"SPRING, (EXCL DURUM)",ALL UTILIZATION PRACTICES,YIELD,"WHEAT, SPRING, (EXCL DURUM) - YIELD, MEASURED IN BU / ACRE",BU / ACRE,50.3,4.8
2021,YEAR,ALL PRODUCTION PRACTICES,SOUTH DAKOTA,SD,46,HAND,059,COUNTY,WHEAT,"SPRING, (EXCL DURUM)",ALL UTILIZATION PRACTICES,YIELD,"WHEAT, SPRING, (EXCL DURUM) - YIELD, MEASURED IN BU / ACRE",BU / ACRE,42.2,8.90
2022,YEAR,ALL PRODUCTION PRACTICES,SOUTH DAKOTA,SD,46,HUGHES,065,COUNTY,WHEAT,"SPRING, (EXCL DURUM)",ALL UTILIZATION PRACTICES,YIELD,"WHEAT, SPRING, (EXCL DURUM) - YIELD, MEASURED IN BU / ACRE",BU / ACRE,48.6,6.2
2022,YEAR,ALL PRODUCTION PRACTICES,SOUTH DAKOTA,SD,46,SULLY,119,COUNTY,WHEAT,"SPRING, (EXCL DURUM)",ALL UTILIZATION PRACTICES,YIELD,"WHEAT, SPRING, (EXCL DURUM) - YIELD, MEASURED IN BU / ACRE",BU / ACRE,54.2,4.2
2023,YEAR,ALL PRODUCTION PRACTICES,SOUTH DAKOTA,SD,46,BROOKINGS,011,COUNTY,WHEAT,"SPRING, (EXCL DURUM)",ALL UTILIZATION PRACTICES,YIELD,"WHEAT, SPRING, (EXCL DURUM) - YIELD, MEASURED IN BU / ACRE",BU / ACRE,57.4,7.7
2022,YEAR,ALL PRODUCTION PRACTICES,SOUTH DAKOTA,SD,46,BROOKINGS,011,COUNTY,WHEAT,"SPRING, (EXCL DURUM)",ALL UTILIZATION PRACTICES,YIELD,"WHEAT, SPRING, (EXCL DURUM) - YIELD, MEASURED IN BU / ACRE",BU / ACRE,63.1,4.7
2021,YEAR,ALL PRODUCTION PRACTICES,SOUTH DAKOTA,SD,46,BROOKINGS,011,COUNTY,WHEAT,"SPRING, (EXCL DURUM)",ALL UTILIZATION PRACTICES,YIELD,"WHEAT, SPRING, (EXCL DURUM) - YIELD, MEASURED IN BU / ACRE",BU / ACRE,61.7,4.20
2022,YEAR,ALL PRODUCTION PRACTICES,SOUTH DAKOTA,SD,46,KINGSBURY,077,COUNTY,WHEAT,"SPRING, (EXCL DURUM)",ALL UTILIZATION PRACTICES,YIELD,"WHEAT, SPRING, (EXCL DURUM) - YIELD, MEASURED IN BU / ACRE",BU / ACRE,51.5,9.6
2021,YEAR,ALL PRODUCTION PRACTICES,SOUTH DAKOTA,SD,46,KINGSBURY,077,COUNTY,WHEAT,"SPRING, (EXCL DURUM)",ALL UTILIZATION PRACTICES,YIELD,"WHEAT, SPRING, (EXCL DURUM) - YIELD, MEASURED IN BU / ACRE",BU / ACRE,49.6,4.80
2021,YEAR,ALL PRODUCTION PRACTICES,SOUTH DAKOTA,SD,46,JONES,075,COUNTY,WHEAT,"SPRING, (EXCL DURUM)",ALL UTILIZATION PRACTICES,YIELD,"WHEAT, SPRING, (EXCL DURUM) - YIELD, MEASURED IN BU / ACRE",BU / ACRE,20.9,6.00
2023,YEAR,ALL PRODUCTION PRACTICES,SOUTH DAKOTA,SD,46,LYMAN,085,COUNTY,WHEAT,"SPRING, (EXCL DURUM)",ALL UTILIZATION PRACTICES,YIELD,"WHEAT, SPRING, (EXCL DURUM) - YIELD, MEASURED IN BU / ACRE",BU / ACRE,44.8,10.5
2022,YEAR,ALL PRODUCTION PRACTICES,SOUTH DAKOTA,SD,46,LYMAN,085,COUNTY,WHEAT,"SPRING, (EXCL DURUM)",ALL UTILIZATION PRACTICES,YIELD,"WHEAT, SPRING, (EXCL DURUM) - YIELD, MEASURED IN BU / ACRE",BU / ACRE,49.1,4.2
2021,YEAR,ALL PRODUCTION PRACTICES,SOUTH DAKOTA,SD,46,LYMAN,085,COUNTY,WHEAT,"SPRING, (EXCL DURUM)",ALL UTILIZATION PRACTICES,YIELD,"WHEAT, SPRING, (EXCL DURUM) - YIELD, MEASURED IN BU / ACRE",BU / ACRE,31.0,13.20
2022,YEAR,ALL PRODUCTION PRACTICES,SOUTH DAKOTA,SD,46,MELLETTE,095,COUNTY,WHEAT,"SPRING, (EXCL DURUM)",ALL UTILIZATION PRACTICES,YIELD,"WHEAT, SPRING, (EXCL DURUM) - YIELD, MEASURED IN BU / ACRE",BU / ACRE,32.8,5.6
2023,YEAR,ALL PRODUCTION PRACTICES,SOUTH DAKOTA,SD,46,TRIPP,123,COUNTY,WHEAT,"SPRING, (EXCL DURUM)",ALL UTILIZATION PRACTICES,YIELD,"WHEAT, SPRING, (EXCL DURUM) - YIELD, MEASURED IN BU / ACRE",BU / ACRE,46.3,7.5
2022,YEAR,ALL PRODUCTION PRACTICES,SOUTH DAKOTA,SD,46,TRIPP,123,COUNTY,WHEAT,"SPRING, (EXCL DURUM)",ALL UTILIZATION PRACTICES,YIELD,"WHEAT, SPRING, (EXCL DURUM) - YIELD, MEASURED IN BU / ACRE",BU / ACRE,39.0,7.2
2022,YEAR,ALL PRODUCTION PRACTICES,SOUTH DAKOTA,SD,46,HUTCHINSON,067,COUNTY,WHEAT,"SPRING, (EXCL DURUM)",ALL UTILIZATION PRACTICES,YIELD,"WHEAT, SPRING, (EXCL DURUM) - YIELD, MEASURED IN BU / ACRE",BU / ACRE,37.9,6.4
2023,YEAR,ALL PRODUCTION PRACTICES,SOUTH DAKOTA,SD,46,OTHER COUNTIES,,COUNTY,WHEAT,"SPRING, (EXCL DURUM)",ALL UTILIZATION PRACTICES,YIELD,"WHEAT, SPRING, (EXCL DURUM) - YIELD, MEASURED IN BU / ACRE",BU / ACRE,41.8,1.2
2022,YEAR,ALL PRODUCTION PRACTICES,SOUTH DAKOTA,SD,46,OTHER COUNTIES,,COUNTY,WHEAT,"SPRING, (EXCL DURUM)",ALL UTILIZATION PRACTICES,YIELD,"WHEAT, SPRING, (EXCL DURUM) - YIELD, MEASURED IN BU / ACRE",BU / ACRE,40.2,2.5
2021,YEAR,ALL PRODUCTION PRACTICES,SOUTH DAKOTA,SD,46,OTHER COUNTIES,,COUNTY,WHEAT,"SPRING, (EXCL DURUM)",ALL UTILIZATION PRACTICES,YIELD,"WHEAT, SPRING, (EXCL DURUM) - YIELD, MEASURED IN BU / ACRE",BU / ACRE,24.0,2.20
2023,YEAR,ALL PRODUCTION PRACTICES,WASHINGTON,WA,53,BENTON,005,COUNTY,WHEAT,"SPRING, (EXCL DURUM)",ALL UTILIZATION PRACTICES,YIELD,"WHEAT, SPRING, (EXCL DURUM) - YIELD, MEASURED IN BU / ACRE",BU / ACRE,10.5,5.9
2022,YEAR,ALL PRODUCTION PRACTICES,WASHINGTON,WA,53,BENTON,005,COUNTY,WHEAT,"SPRING, (EXCL DURUM)",ALL UTILIZATION PRACTICES,YIELD,"WHEAT, SPRING, (EXCL DURUM) - YIELD, MEASURED IN BU / ACRE",BU / ACRE,23.7,25.4
2023,YEAR,ALL PRODUCTION PRACTICES,WASHINGTON,WA,53,KITTITAS,037,COUNTY,WHEAT,"SPRING, (EXCL DURUM)",ALL UTILIZATION PRACTICES,YIELD,"WHEAT, SPRING, (EXCL DURUM) - YIELD, MEASURED IN BU / ACRE",BU / ACRE,87.6,10.7
2023,YEAR,ALL PRODUCTION PRACTICES,WASHINGTON,WA,53,KLICKITAT,039,COUNTY,WHEAT,"SPRING, (EXCL DURUM)",ALL UTILIZATION PRACTICES,YIELD,"WHEAT, SPRING, (EXCL DURUM) - YIELD, MEASURED IN BU / ACRE",BU / ACRE,26.5,12.4
2022,YEAR,ALL PRODUCTION PRACTICES,WASHINGTON,WA,53,KLICKITAT,039,COUNTY,WHEAT,"SPRING, (EXCL DURUM)",ALL UTILIZATION PRACTICES,YIELD,"WHEAT, SPRING, (EXCL DURUM) - YIELD, MEASURED IN BU / ACRE",BU / ACRE,29.6,9.6
2021,YEAR,ALL PRODUCTION PRACTICES,WASHINGTON,WA,53,KLICKITAT,039,COUNTY,WHEAT,"SPRING, (EXCL DURUM)",ALL UTILIZATION PRACTICES,YIELD,"WHEAT, SPRING, (EXCL DURUM) - YIELD, MEASURED IN BU / ACRE",BU / ACRE,13.2,12.70
2022,YEAR,ALL PRODUCTION PRACTICES,WASHINGTON,WA,53,OKANOGAN,047,COUNTY,WHEAT,"SPRING, (EXCL DURUM)",ALL UTILIZATION PRACTICES,YIELD,"WHEAT, SPRING, (EXCL DURUM) - YIELD, MEASURED IN BU / ACRE",BU / ACRE,27.9,17.7
2021,YEAR,ALL PRODUCTION PRACTICES,WASHINGTON,WA,53,OKANOGAN,047,COUNTY,WHEAT,"SPRING, (EXCL DURUM)",ALL UTILIZATION PRACTICES,YIELD,"WHEAT, SPRING, (EXCL DURUM) - YIELD, MEASURED IN BU / ACRE",BU / ACRE,13.3,30.00
2021,YEAR,ALL PRODUCTION PRACTICES,WASHINGTON,WA,53,YAKIMA,077,COUNTY,WHEAT,"SPRING, (EXCL DURUM)",ALL UTILIZATION PRACTICES,YIELD,"WHEAT, SPRING, (EXCL DURUM) - YIELD, MEASURED IN BU / ACRE",BU / ACRE,41.2,59.20
2023,YEAR,ALL PRODUCTION PRACTICES,WASHINGTON,WA,53,SPOKANE,063,COUNTY,WHEAT,"SPRING, (EXCL DURUM)",ALL UTILIZATION PRACTICES,YIELD,"WHEAT, SPRING, (EXCL DURUM) - YIELD, MEASURED IN BU / ACRE",BU / ACRE,39.0,10.1
2022,YEAR,ALL PRODUCTION PRACTICES,WASHINGTON,WA,53,SPOKANE,063,COUNTY,WHEAT,"SPRING, (EXCL DURUM)",ALL UTILIZATION PRACTICES,YIELD,"WHEAT, SPRING, (EXCL DURUM) - YIELD, MEASURED IN BU / ACRE",BU / ACRE,39.0,12.9
2021,YEAR,ALL PRODUCTION PRACTICES,WASHINGTON,WA,53,SPOKANE,063,COUNTY,WHEAT,"SPRING, (EXCL DURUM)",ALL UTILIZATION PRACTICES,YIELD,"WHEAT, SPRING, (EXCL DURUM) - YIELD, MEASURED IN BU / ACRE",BU / ACRE,28.4,16.10
2023,YEAR,ALL PRODUCTION PRACTICES,WASHINGTON,WA,53,ADAMS,001,COUNTY,WHEAT,"SPRING, (EXCL DURUM)",ALL UTILIZATION PRACTICES,YIELD,"WHEAT, SPRING, (EXCL DURUM) - YIELD, MEASURED IN BU / ACRE",BU / ACRE,12.4,9.3
2022,YEAR,ALL PRODUCTION PRACTICES,WASHINGTON,WA,53,DOUGLAS,017,COUNTY,WHEAT,"SPRING, (EXCL DURUM)",ALL UTILIZATION PRACTICES,YIELD,"WHEAT, SPRING, (EXCL DURUM) - YIELD, MEASURED IN BU / ACRE",BU / ACRE,25.9,3.9
2021,YEAR,ALL PRODUCTION PRACTICES,WASHINGTON,WA,53,DOUGLAS,017,COUNTY,WHEAT,"SPRING, (EXCL DURUM)",ALL UTILIZATION PRACTICES,YIELD,"WHEAT, SPRING, (EXCL DURUM) - YIELD, MEASURED IN BU / ACRE",BU / ACRE,15.0,23.60
2023,YEAR,ALL PRODUCTION PRACTICES,WASHINGTON,WA,53,FRANKLIN,021,COUNTY,WHEAT,"SPRING, (EXCL DURUM)",ALL UTILIZATION PRACTICES,YIELD,"WHEAT, SPRING, (EXCL DURUM) - YIELD, MEASURED IN BU / ACRE",BU / ACRE,29.9,8.1
2021,YEAR,ALL PRODUCTION PRACTICES,WASHINGTON,WA,53,FRANKLIN,021,COUNTY,WHEAT,"SPRING, (EXCL DURUM)",ALL UTILIZATION PRACTICES,YIELD,"WHEAT, SPRING, (EXCL DURUM) - YIELD, MEASURED IN BU / ACRE",BU / ACRE,70.5,40.90
2023,YEAR,ALL PRODUCTION PRACTICES,WASHINGTON,WA,53,GRANT,025,COUNTY,WHEAT,"SPRING, (EXCL DURUM)",ALL UTILIZATION PRACTICES,YIELD,"WHEAT, SPRING, (EXCL DURUM) - YIELD, MEASURED IN BU / ACRE",BU / ACRE,64.0,25.4
2021,YEAR,ALL PRODUCTION PRACTICES,WASHINGTON,WA,53,GRANT,025,COUNTY,WHEAT,"SPRING, (EXCL DURUM)",ALL UTILIZATION PRACTICES,YIELD,"WHEAT, SPRING, (EXCL DURUM) - YIELD, MEASURED IN BU / ACRE",BU / ACRE,100.6,8.60
2022,YEAR,ALL PRODUCTION PRACTICES,WASHINGTON,WA,53,LINCOLN,043,COUNTY,WHEAT,"SPRING, (EXCL DURUM)",ALL UTILIZATION PRACTICES,YIELD,"WHEAT, SPRING, (EXCL DURUM) - YIELD, MEASURED IN BU / ACRE",BU / ACRE,37.0,6.1
2021,YEAR,ALL PRODUCTION PRACTICES,WASHINGTON,WA,53,LINCOLN,043,COUNTY,WHEAT,"SPRING, (EXCL DURUM)",ALL UTILIZATION PRACTICES,YIELD,"WHEAT, SPRING, (EXCL DURUM) - YIELD, MEASURED IN BU / ACRE",BU / ACRE,24.0,6.30
2021,YEAR,ALL PRODUCTION PRACTICES,WASHINGTON,WA,53,ASOTIN,003,COUNTY,WHEAT,"SPRING, (EXCL DURUM)",ALL UTILIZATION PRACTICES,YIELD,"WHEAT, SPRING, (EXCL DURUM) - YIELD, MEASURED IN BU / ACRE",BU / ACRE,16.9,14.00
2023,YEAR,ALL PRODUCTION PRACTICES,WASHINGTON,WA,53,COLUMBIA,013,COUNTY,WHEAT,"SPRING, (EXCL DURUM)",ALL UTILIZATION PRACTICES,YIELD,"WHEAT, SPRING, (EXCL DURUM) - YIELD, MEASURED IN BU / ACRE",BU / ACRE,39.2,5.9
2022,YEAR,ALL PRODUCTION PRACTICES,WASHINGTON,WA,53,COLUMBIA,013,COUNTY,WHEAT,"SPRING, (EXCL DURUM)",ALL UTILIZATION PRACTICES,YIELD,"WHEAT, SPRING, (EXCL DURUM) - YIELD, MEASURED IN BU / ACRE",BU / ACRE,64.7,9.8
2021,YEAR,ALL PRODUCTION PRACTICES,WASHINGTON,WA,53,COLUMBIA,013,COUNTY,WHEAT,"SPRING, (EXCL DURUM)",ALL UTILIZATION PRACTICES,YIELD,"WHEAT, SPRING, (EXCL DURUM) - YIELD, MEASURED IN BU / ACRE",BU / ACRE,31.6,6.20
2021,YEAR,ALL PRODUCTION PRACTICES,WASHINGTON,WA,53,GARFIELD,023,COUNTY,WHEAT,"SPRING, (EXCL DURUM)",ALL UTILIZATION PRACTICES,YIELD,"WHEAT, SPRING, (EXCL DURUM) - YIELD, MEASURED IN BU / ACRE",BU / ACRE,25.1,12.50
2023,YEAR,ALL PRODUCTION PRACTICES,WASHINGTON,WA,53,WALLA WALLA,071,COUNTY,WHEAT,"SPRING, (EXCL DURUM)",ALL UTILIZATION PRACTICES,YIELD,"WHEAT, SPRING, (EXCL DURUM) - YIELD, MEASURED IN BU / ACRE",BU / ACRE,38.3,16.6
2021,YEAR,ALL PRODUCTION PRACTICES,WASHINGTON,WA,53,WALLA WALLA,071,COUNTY,WHEAT,"SPRING, (EXCL DURUM)",ALL UTILIZATION PRACTICES,YIELD,"WHEAT, SPRING, (EXCL DURUM) - YIELD, MEASURED IN BU / ACRE",BU / ACRE,48.8,16.80
2023,YEAR,ALL PRODUCTION PRACTICES,WASHINGTON,WA,53,WHITMAN,075,COUNTY,WHEAT,"SPRING, (EXCL DURUM)",ALL UTILIZATION PRACTICES,YIELD,"WHEAT, SPRING, (EXCL DURUM) - YIELD, MEASURED IN BU / ACRE",BU / ACRE,43.2,3.0
2022,YEAR,ALL PRODUCTION PRACTICES,WASHINGTON,WA,53,WHITMAN,075,COUNTY,WHEAT,"SPRING, (EXCL DURUM)",ALL UTILIZATION PRACTICES,YIELD,"WHEAT, SPRING, (EXCL DURUM) - YIELD, MEASURED IN BU / ACRE",BU / ACRE,50.4,2.9
2021,YEAR,ALL PRODUCTION PRACTICES,WASHINGTON,WA,53,WHITMAN,075,COUNTY,WHEAT,"SPRING, (EXCL DURUM)",ALL UTILIZATION PRACTICES,YIELD,"WHEAT, SPRING, (EXCL DURUM) - YIELD, MEASURED IN BU / ACRE",BU / ACRE,33.3,6.40
2023,YEAR,ALL PRODUCTION PRACTICES,WASHINGTON,WA,53,OTHER COUNTIES,,COUNTY,WHEAT,"SPRING, (EXCL DURUM)",ALL UTILIZATION PRACTICES,YIELD,"WHEAT, SPRING, (EXCL DURUM) - YIELD, MEASURED IN BU / ACRE",BU / ACRE,35.2,3.9
2022,YEAR,ALL PRODUCTION PRACTICES,WASHINGTON,WA,53,OTHER COUNTIES,,COUNTY,WHEAT,"SPRING, (EXCL DURUM)",ALL UTILIZATION PRACTICES,YIELD,"WHEAT, SPRING, (EXCL DURUM) - YIELD, MEASURED IN BU / ACRE",BU / ACRE,53.3,4.2
2021,YEAR,ALL PRODUCTION PRACTICES,WASHINGTON,WA,53,OTHER COUNTIES,,COUNTY,WHEAT,"SPRING, (EXCL DURUM)",ALL UTILIZATION PRACTICES,YIELD,"WHEAT, SPRING, (EXCL DURUM) - YIELD, MEASURED IN BU / ACRE",BU / ACRE,19.4,19.70
2021,YEAR,ALL PRODUCTION PRACTICES,IDAHO,ID,16,BENEWAH,009,COUNTY,WHEAT,"SPRING, (EXCL DURUM)",ALL UTILIZATION PRACTICES,AREA PLANTED,"WHEAT, SPRING, (EXCL DURUM) - ACRES PLANTED",ACRES,7400,0.30
2021,YEAR,ALL PRODUCTION PRACTICES,IDAHO,ID,16,CLEARWATER,035,COUNTY,WHEAT,"SPRING, (EXCL DURUM)",ALL UTILIZATION PRACTICES,AREA PLANTED,"WHEAT, SPRING, (EXCL DURUM) - ACRES PLANTED",ACRES,2000,0.70
2023,YEAR,ALL PRODUCTION PRACTICES,IDAHO,ID,16,IDAHO,049,COUNTY,WHEAT,"SPRING, (EXCL DURUM)",ALL UTILIZATION PRACTICES,AREA PLANTED,"WHEAT, SPRING, (EXCL DURUM) - ACRES PLANTED",ACRES,13000,0.3
2022,YEAR,ALL PRODUCTION PRACTICES,IDAHO,ID,16,IDAHO,049,COUNTY,WHEAT,"SPRING, (EXCL DURUM)",ALL UTILIZATION PRACTICES,AREA PLANTED,"WHEAT, SPRING, (EXCL DURUM) - ACRES PLANTED",ACRES,13300,4.0
2021,YEAR,ALL PRODUCTION PRACTICES,IDAHO,ID,16,IDAHO,049,COUNTY,WHEAT,"SPRING, (EXCL DURUM)",ALL UTILIZATION PRACTICES,AREA PLANTED,"WHEAT, SPRING, (EXCL DURUM) - ACRES PLANTED",ACRES,26700,0.50
2023,YEAR,ALL PRODUCTION PRACTICES,IDAHO,ID,16,LATAH,057,COUNTY,WHEAT,"SPRING, (EXCL DURUM)",ALL UTILIZATION PRACTICES,AREA PLANTED,"WHEAT, SPRING, (EXCL DURUM) - ACRES PLANTED",ACRES,22000,0.2
2021,YEAR,ALL PRODUCTION PRACTICES,IDAHO,ID,16,LATAH,057,COUNTY,WHEAT,"SPRING, (EXCL DURUM)",ALL UTILIZATION PRACTICES,AREA PLANTED,"WHEAT, SPRING, (EXCL DURUM) - ACRES PLANTED",ACRES,32900,2.00
2023,YEAR,ALL PRODUCTION PRACTICES,IDAHO,ID,16,LEWIS,061,COUNTY,WHEAT,"SPRING, (EXCL DURUM)",ALL UTILIZATION PRACTICES,AREA PLANTED,"WHEAT, SPRING, (EXCL DURUM) - ACRES PLANTED",ACRES,11700,0.3
2021,YEAR,ALL PRODUCTION PRACTICES,IDAHO,ID,16,LEWIS,061,COUNTY,WHEAT,"SPRING, (EXCL DURUM)",ALL UTILIZATION PRACTICES,AREA PLANTED,"WHEAT, SPRING, (EXCL DURUM) - ACRES PLANTED",ACRES,20600,0.30
2023,YEAR,ALL PRODUCTION PRACTICES,IDAHO,ID,16,NEZ PERCE,069,COUNTY,WHEAT,"SPRING, (EXCL DURUM)",ALL UTILIZATION PRACTICES,AREA PLANTED,"WHEAT, SPRING, (EXCL DURUM) - ACRES PLANTED",ACRES,16900,0.2
2021,YEAR,ALL PRODUCTION PRACTICES,IDAHO,ID,16,NEZ PERCE,069,COUNTY,WHEAT,"SPRING, (EXCL DURUM)",ALL UTILIZATION PRACTICES,AREA PLANTED,"WHEAT, SPRING, (EXCL DURUM) - ACRES PLANTED",ACRES,30300,1.30
2023,YEAR,ALL PRODUCTION PRACTICES,IDAHO,ID,16,ADA,001,COUNTY,WHEAT,"SPRING, (EXCL DURUM)",ALL UTILIZATION PRACTICES,AREA PLANTED,"WHEAT, SPRING, (EXCL DURUM) - ACRES PLANTED",ACRES,2700,1.5
2022,YEAR,ALL PRODUCTION PRACTICES,IDAHO,ID,16,ADA,001,COUNTY,WHEAT,"SPRING, (EXCL DURUM)",ALL UTILIZATION PRACTICES,AREA PLANTED,"WHEAT, SPRING, (EXCL DURUM) - ACRES PLANTED",ACRES,1800,4.7
2023,YEAR,ALL PRODUCTION PRACTICES,IDAHO,ID,16,CANYON,027,COUNTY,WHEAT,"SPRING, (EXCL DURUM)",ALL UTILIZATION PRACTICES,AREA PLANTED,"WHEAT, SPRING, (EXCL DURUM) - ACRES PLANTED",ACRES,3400,0.9
2022,YEAR,ALL PRODUCTION PRACTICES,IDAHO,ID,16,CANYON,027,COUNTY,WHEAT,"SPRING, (EXCL DURUM)",ALL UTILIZATION PRACTICES,AREA PLANTED,"WHEAT, SPRING, (EXCL DURUM) - ACRES PLANTED",ACRES,4600,4.0
2021,YEAR,ALL PRODUCTION PRACTICES,IDAHO,ID,16,CANYON,027,COUNTY,WHEAT,"SPRING, (EXCL DURUM)",ALL UTILIZATION PRACTICES,AREA PLANTED,"WHEAT, SPRING, (EXCL DURUM) - ACRES PLANTED",ACRES,5100,0.80
2022,YEAR,ALL PRODUCTION PRACTICES,IDAHO,ID,16,WASHINGTON,087,COUNTY,WHEAT,"SPRING, (EXCL DURUM)",ALL UTILIZATION PRACTICES,AREA PLANTED,"WHEAT, SPRING, (EXCL DURUM) - ACRES PLANTED",ACRES,700,6.7
2021,YEAR,ALL PRODUCTION PRACTICES,IDAHO,ID,16,WASHINGTON,087,COUNTY,WHEAT,"SPRING, (EXCL DURUM)",ALL UTILIZATION PRACTICES,AREA PLANTED,"WHEAT, SPRING, (EXCL DURUM) - ACRES PLANTED",ACRES,600,3.80
2022,YEAR,ALL PRODUCTION PRACTICES,IDAHO,ID,16,CAMAS,025,COUNTY,WHEAT,"SPRING, (EXCL DURUM)",ALL UTILIZATION PRACTICES,AREA PLANTED,"WHEAT, SPRING, (EXCL DURUM) - ACRES PLANTED",ACRES,3900,4.1
2023,YEAR,ALL PRODUCTION PRACTICES,IDAHO,ID,16,CASSIA,031,COUNTY,WHEAT,"SPRING, (EXCL DURUM)",ALL UTILIZATION PRACTICES,AREA PLANTED,"WHEAT, SPRING, (EXCL DURUM) - ACRES PLANTED",ACRES,15700,0.2
2021,YEAR,ALL PRODUCTION PRACTICES,IDAHO,ID,16,CASSIA,031,COUNTY,WHEAT,"SPRING, (EXCL DURUM)",ALL UTILIZATION PRACTICES,AREA PLANTED,"WHEAT, SPRING, (EXCL DURUM) - ACRES PLANTED",ACRES,12800,4.20
2023,YEAR,ALL PRODUCTION PRACTICES,IDAHO,ID,16,GOODING,047,COUNTY,WHEAT,"SPRING, (EXCL DURUM)",ALL UTILIZATION PRACTICES,AREA PLANTED,"WHEAT, SPRING, (EXCL DURUM) - ACRES PLANTED",ACRES,1000,3.7
2021,YEAR,ALL PRODUCTION PRACTICES,IDAHO,ID,16,GOODING,047,COUNTY,WHEAT,"SPRING, (EXCL DURUM)",ALL UTILIZATION PRACTICES,AREA PLANTED,"WHEAT, SPRING, (EXCL DURUM) - ACRES PLANTED",ACRES,1000,0.90
2023,YEAR,ALL PRODUCTION PRACTICES,IDAHO,ID,16,LINCOLN,063,COUNTY,WHEAT,"SPRING, (EXCL DURUM)",ALL UTILIZATION PRACTICES,AREA PLANTED,"WHEAT, SPRING, (EXCL DURUM) - ACRES PLANTED",ACRES,2300,2.9
2021,YEAR,ALL PRODUCTION PRACTICES,IDAHO,ID,16,LINCOLN,063,COUNTY,WHEAT,"SPRING, (EXCL DURUM)",ALL UTILIZATION PRACTICES,AREA PLANTED,"WHEAT, SPRING, (EXCL DURUM) - ACRES PLANTED",ACRES,3600,0.40
2023,YEAR,ALL PRODUCTION PRACTICES,IDAHO,ID,16,MINIDOKA,067,COUNTY,WHEAT,"SPRING, (EXCL DURUM)",ALL UTILIZATION PRACTICES,AREA PLANTED,"WHEAT, SPRING, (EXCL DURUM) - ACRES PLANTED",ACRES,7000,1.2
2021,YEAR,ALL PRODUCTION PRACTICES,IDAHO,ID,16,MINIDOKA,067,COUNTY,WHEAT,"SPRING, (EXCL DURUM)",ALL UTILIZATION PRACTICES,AREA PLANTED,"WHEAT, SPRING, (EXCL DURUM) - ACRES PLANTED",ACRES,11300,0.30
2023,YEAR,ALL PRODUCTION PRACTICES,IDAHO,ID,16,TWIN FALLS,083,COUNTY,WHEAT,"SPRING, (EXCL DURUM)",ALL UTILIZATION PRACTICES,AREA PLANTED,"WHEAT, SPRING, (EXCL DURUM) - ACRES PLANTED",ACRES,2300,3.5
2022,YEAR,ALL PRODUCTION PRACTICES,IDAHO,ID,16,TWIN FALLS,083,COUNTY,WHEAT,"SPRING, (EXCL DURUM)",ALL UTILIZATION PRACTICES,AREA PLANTED,"WHEAT, SPRING, (EXCL DURUM) - ACRES PLANTED",ACRES,3300,11.3
2021,YEAR,ALL PRODUCTION PRACTICES,IDAHO,ID,16,TWIN FALLS,083,COUNTY,WHEAT,"SPRING, (EXCL DURUM)",ALL UTILIZATION PRACTICES,AREA PLANTED,"WHEAT, SPRING, (EXCL DURUM) - ACRES PLANTED",ACRES,1700,0.80
2023,YEAR,ALL PRODUCTION PRACTICES,IDAHO,ID,16,BANNOCK,005,COUNTY,WHEAT,"SPRING, (EXCL DURUM)",ALL UTILIZATION PRACTICES,AREA PLANTED,"WHEAT, SPRING, (EXCL DURUM) - ACRES PLANTED",ACRES,14300,0.4
2023,YEAR,ALL PRODUCTION PRACTICES,IDAHO,ID,16,BINGHAM,011,COUNTY,WHEAT,"SPRING, (EXCL DURUM)",ALL UTILIZATION PRACTICES,AREA PLANTED,"WHEAT, SPRING, (EXCL DURUM) - ACRES PLANTED",ACRES,53500,0.5
2022,YEAR,ALL PRODUCTION PRACTICES,IDAHO,ID,16,BINGHAM,011,COUNTY,WHEAT,"SPRING, (EXCL DURUM)",ALL UTILIZATION PRACTICES,AREA PLANTED,"WHEAT, SPRING, (EXCL DURUM) - ACRES PLANTED",ACRES,40200,23.0
2021,YEAR,ALL PRODUCTION PRACTICES,IDAHO,ID,16,BINGHAM,011,COUNTY,WHEAT,"SPRING, (EXCL DURUM)",ALL UTILIZATION PRACTICES,AREA PLANTED,"WHEAT, SPRING, (EXCL DURUM) - ACRES PLANTED",ACRES,45100,0.80
2023,YEAR,ALL PRODUCTION PRACTICES,IDAHO,ID,16,BONNEVILLE,019,COUNTY,WHEAT,"SPRING, (EXCL DURUM)",ALL UTILIZATION PRACTICES,AREA PLANTED,"WHEAT, SPRING, (EXCL DURUM) - ACRES PLANTED",ACRES,41700,0.3
2022,YEAR,ALL PRODUCTION PRACTICES,IDAHO,ID,16,BONNEVILLE,019,COUNTY,WHEAT,"SPRING, (EXCL DURUM)",ALL UTILIZATION PRACTICES,AREA PLANTED,"WHEAT, SPRING, (EXCL DURUM) - ACRES PLANTED",ACRES,35800,4.0
2021,YEAR,ALL PRODUCTION PRACTICES,IDAHO,ID,16,BONNEVILLE,019,COUNTY,WHEAT,"SPRING, (EXCL DURUM)",ALL UTILIZATION PRACTICES,AREA PLANTED,"WHEAT, SPRING, (EXCL DURUM) - ACRES PLANTED",ACRES,52200,0.50
2023,YEAR,ALL PRODUCTION PRACTICES,IDAHO,ID,16,BUTTE,023,COUNTY,WHEAT,"SPRING, (EXCL DURUM)",ALL UTILIZATION PRACTICES,AREA PLANTED,"WHEAT, SPRING, (EXCL DURUM) - ACRES PLANTED",ACRES,4700,1.6
2023,YEAR,ALL PRODUCTION PRACTICES,IDAHO,ID,16,CARIBOU,029,COUNTY,WHEAT,"SPRING, (EXCL DURUM)",ALL UTILIZATION PRACTICES,AREA PLANTED,"WHEAT, SPRING, (EXCL DURUM) - ACRES PLANTED",ACRES,15500,0.4
2022,YEAR,ALL PRODUCTION PRACTICES,IDAHO,ID,16,CARIBOU,029,COUNTY,WHEAT,"SPRING, (EXCL DURUM)",ALL UTILIZATION PRACTICES,AREA PLANTED,"WHEAT, SPRING, (EXCL DURUM) - ACRES PLANTED",ACRES,18700,4.0
2021,YEAR,ALL PRODUCTION PRACTICES,IDAHO,ID,16,CARIBOU,029,COUNTY,WHEAT,"SPRING, (EXCL DURUM)",ALL UTILIZATION PRACTICES,AREA PLANTED,"WHEAT, SPRING, (EXCL DURUM) - ACRES PLANTED",ACRES,28700,0.30
2022,YEAR,ALL PRODUCTION PRACTICES,IDAHO,ID,16,CLARK,033,COUNTY,WHEAT,"SPRING, (EXCL DURUM)",ALL UTILIZATION PRACTICES,AREA PLANTED,"WHEAT, SPRING, (EXCL DURUM) - ACRES PLANTED",ACRES,6100,4.2
2023,YEAR,ALL PRODUCTION PRACTICES,IDAHO,ID,16,FRANKLIN,041,COUNTY,WHEAT,"SPRING, (EXCL DURUM)",ALL UTILIZATION PRACTICES,AREA PLANTED,"WHEAT, SPRING, (EXCL DURUM) - ACRES PLANTED",ACRES,1900,5.1
2022,YEAR,ALL PRODUCTION PRACTICES,IDAHO,ID,16,FRANKLIN,041,COUNTY,WHEAT,"SPRING, (EXCL DURUM)",ALL UTILIZATION PRACTICES,AREA PLANTED,"WHEAT, SPRING, (EXCL DURUM) - ACRES PLANTED",ACRES,3600,4.4
2023,YEAR,ALL PRODUCTION PRACTICES,IDAHO,ID,16,JEFFERSON,051,COUNTY,WHEAT,"SPRING, (EXCL DURUM)",ALL UTILIZATION PRACTICES,AREA PLANTED,"WHEAT, SPRING, (EXCL DURUM) - ACRES PLANTED",ACRES,20700,0.3
2022,YEAR,ALL PRODUCTION PRACTICES,IDAHO,ID,16,JEFFERSON,051,COUNTY,WHEAT,"SPRING, (EXCL DURUM)",ALL UTILIZATION PRACTICES,AREA PLANTED,"WHEAT, SPRING, (EXCL DURUM) - ACRES PLANTED",ACRES,23300,4.0
2021,YEAR,ALL PRODUCTION PRACTICES,IDAHO,ID,16,JEFFERSON,051,COUNTY,WHEAT,"SPRING, (EXCL DURUM)",ALL UTILIZATION PRACTICES,AREA PLANTED,"WHEAT, SPRING, (EXCL DURUM) - ACRES PLANTED",ACRES,24700,0.30
2023,YEAR,ALL PRODUCTION PRACTICES,IDAHO,ID,16,MADISON,065,COUNTY,WHEAT,"SPRING, (EXCL DURUM)",ALL UTILIZATION PRACTICES,AREA PLANTED,"WHEAT, SPRING, (EXCL DURUM) - ACRES PLANTED",ACRES,43600,0.3
2022,YEAR,ALL PRODUCTION PRACTICES,IDAHO,ID,16,MADISON,065,COUNTY,WHEAT,"SPRING, (EXCL DURUM)",ALL UTILIZATION PRACTICES,AREA PLANTED,"WHEAT, SPRING, (EXCL DURUM) - ACRES PLANTED",ACRES,44100,4.0
2021,YEAR,ALL PRODUCTION PRACTICES,IDAHO,ID,16,MADISON,065,COUNTY,WHEAT,"SPRING, (EXCL DURUM)",ALL UTILIZATION PRACTICES,AREA PLANTED,"WHEAT, SPRING, (EXCL DURUM) - ACRES PLANTED",ACRES,49800,0.30
2023,YEAR,ALL PRODUCTION PRACTICES,IDAHO,ID,16,POWER,077,COUNTY,WHEAT,"SPRING, (EXCL DURUM)",ALL UTILIZATION PRACTICES,AREA PLANTED,"WHEAT, SPRING, (EXCL DURUM) - ACRES PLANTED",ACRES,31800,0.2
2023,YEAR,ALL PRODUCTION PRACTICES,IDAHO,ID,16,OTHER COUNTIES,,COUNTY,WHEAT,"SPRING, (EXCL DURUM)",ALL UTILIZATION PRACTICES,AREA PLANTED,"WHEAT, SPRING, (EXCL DURUM) - ACRES PLANTED",ACRES,84300,0.3
2022,YEAR,ALL PRODUCTION PRACTICES,IDAHO,ID,16,OTHER COUNTIES,,COUNTY,WHEAT,"SPRING, (EXCL DURUM)",ALL UTILIZATION PRACTICES,AREA PLANTED,"WHEAT, SPRING, (EXCL DURUM) - ACRES PLANTED",ACRES,180600,1.9
2021,YEAR,ALL PRODUCTION PRACTICES,IDAHO,ID,16,OTHER COUNTIES,,COUNTY,WHEAT,"SPRING, (EXCL DURUM)",ALL UTILIZATION PRACTICES,AREA PLANTED,"WHEAT, SPRING, (EXCL DURUM) - ACRES PLANTED",ACRES,153500,0.30
2023,YEAR,ALL PRODUCTION PRACTICES,MINNESOTA,MN,27,BECKER,005,COUNTY,WHEAT,"SPRING, (EXCL DURUM)",ALL UTILIZATION PRACTICES,AREA PLANTED,"WHEAT, SPRING, (EXCL DURUM) - ACRES PLANTED",ACRES,22600,0.0
2022,YEAR,ALL PRODUCTION PRACTICES,MINNESOTA,MN,27,BECKER,005,COUNTY,WHEAT,"SPRING, (EXCL DURUM)",ALL UTILIZATION PRACTICES,AREA PLANTED,"WHEAT, SPRING, (EXCL DURUM) - ACRES PLANTED",ACRES,24600,0.3
2021,YEAR,ALL PRODUCTION PRACTICES,MINNESOTA,MN,27,BECKER,005,COUNTY,WHEAT,"SPRING, (EXCL DURUM)",ALL UTILIZATION PRACTICES,AREA PLANTED,"WHEAT, SPRING, (EXCL DURUM) - ACRES PLANTED",ACRES,21400,0.00
2023,YEAR,ALL PRODUCTION PRACTICES,MINNESOTA,MN,27,CLAY,027,COUNTY,WHEAT,"SPRING, (EXCL DURUM)",ALL UTILIZATION PRACTICES,AREA PLANTED,"WHEAT, SPRING, (EXCL DURUM) - ACRES PLANTED",ACRES,59100,0.0
2022,YEAR,ALL PRODUCTION PRACTICES,MINNESOTA,MN,27,CLAY,027,COUNTY,WHEAT,"SPRING, (EXCL DURUM)",ALL UTILIZATION PRACTICES,AREA PLANTED,"WHEAT, SPRING, (EXCL DURUM) - ACRES PLANTED",ACRES,69400,0.3
2021,YEAR,ALL PRODUCTION PRACTICES,MINNESOTA,MN,27,CLAY,027,COUNTY,WHEAT,"SPRING, (EXCL DURUM)",ALL UTILIZATION PRACTICES,AREA PLANTED,"WHEAT, SPRING, (EXCL DURUM) - ACRES PLANTED",ACRES,57700,0.00
2022,YEAR,ALL PRODUCTION PRACTICES,MINNESOTA,MN,27,KITTSON,069,COUNTY,WHEAT,"SPRING, (EXCL DURUM)",ALL UTILIZATION PRACTICES,AREA PLANTED,"WHEAT, SPRING, (EXCL DURUM) - ACRES PLANTED",ACRES,136000,0.3
2021,YEAR,ALL PRODUCTION PRACTICES,MINNESOTA,MN,27,KITTSON,069,COUNTY,WHEAT,"SPRING, (EXCL DURUM)",ALL UTILIZATION PRACTICES,AREA PLANTED,"WHEAT, SPRING, (EXCL DURUM) - ACRES PLANTED",ACRES,124500,0.00
2023,YEAR,ALL PRODUCTION PRACTICES,MINNESOTA,MN,27,MAHNOMEN,087,COUNTY,WHEAT,"SPRING, (EXCL DURUM)",ALL UTILIZATION PRACTICES,AREA PLANTED,"WHEAT, SPRING, (EXCL DURUM) - ACRES PLANTED",ACRES,27100,0.0
2022,YEAR,ALL PRODUCTION PRACTICES,MINNESOTA,MN,27,MAHNOMEN,087,COUNTY,WHEAT,"SPRING, (EXCL DURUM)",ALL UTILIZATION PRACTICES,AREA PLANTED,"WHEAT, SPRING, (EXCL DURUM) - ACRES PLANTED",ACRES,35900,0.3
2023,YEAR,ALL PRODUCTION PRACTICES,MINNESOTA,MN,27,MARSHALL,089,COUNTY,WHEAT,"SPRING, (EXCL DURUM)",ALL UTILIZATION PRACTICES,AREA PLANTED,"WHEAT, SPRING, (EXCL DURUM) - ACRES PLANTED",ACRES,238500,0.0
2022,YEAR,ALL PRODUCTION PRACTICES,MINNESOTA,MN,27,MARSHALL,089,COUNTY,WHEAT,"SPRING, (EXCL DURUM)",ALL UTILIZATION PRACTICES,AREA PLANTED,"WHEAT, SPRING, (EXCL DURUM) - ACRES PLANTED",ACRES,196000,0.3
2021,YEAR,ALL PRODUCTION PRACTICES,MINNESOTA,MN,27,MARSHALL,089,COUNTY,WHEAT,"SPRING, (EXCL DURUM)",ALL UTILIZATION PRACTICES,AREA PLANTED,"WHEAT, SPRING, (EXCL DURUM) - ACRES PLANTED",ACRES,216000,0.00
2023,YEAR,ALL PRODUCTION PRACTICES,MINNESOTA,MN,27,NORMAN,107,COUNTY,WHEAT,"SPRING, (EXCL DURUM)",ALL UTILIZATION PRACTICES,AREA PLANTED,"WHEAT, SPRING, (EXCL DURUM) - ACRES PLANTED",ACRES,95100,0.0
2022,YEAR,ALL PRODUCTION PRACTICES,MINNESOTA,MN,27,NORMAN,107,COUNTY,WHEAT,"SPRING, (EXCL DURUM)",ALL UTILIZATION PRACTICES,AREA PLANTED,"WHEAT, SPRING, (EXCL DURUM) - ACRES PLANTED",ACRES,92100,0.3
2021,YEAR,ALL PRODUCTION PRACTICES,MINNESOTA,MN,27,NORMAN,107,COUNTY,WHEAT,"SPRING, (EXCL DURUM)",ALL UTILIZATION PRACTICES,AREA PLANTED,"WHEAT, SPRING, (EXCL DURUM) - ACRES PLANTED",ACRES,87700,0.00
2021,YEAR,ALL PRODUCTION PRACTICES,MINNESOTA,MN,27,PENNINGTON,113,COUNTY,WHEAT,"SPRING, (EXCL DURUM)",ALL UTILIZATION PRACTICES,AREA PLANTED,"WHEAT, SPRING, (EXCL DURUM) - ACRES PLANTED",ACRES,84100,0.00
2023,YEAR,ALL PRODUCTION PRACTICES,MINNESOTA,MN,27,POLK,119,COUNTY,WHEAT,"SPRING, (EXCL DURUM)",ALL UTILIZATION PRACTICES,AREA PLANTED,"WHEAT, SPRING, (EXCL DURUM) - ACRES PLANTED",ACRES,267000,0.0
2022,YEAR,ALL PRODUCTION PRACTICES,MINNESOTA,MN,27,POLK,119,COUNTY,WHEAT,"SPRING, (EXCL DURUM)",ALL UTILIZATION PRACTICES,AREA PLANTED,"WHEAT, SPRING, (EXCL DURUM) - ACRES PLANTED",ACRES,272000,0.4
2021,YEAR,ALL PRODUCTION PRACTICES,MINNESOTA,MN,27,POLK,119,COUNTY,WHEAT,"SPRING, (EXCL DURUM)",ALL UTILIZATION PRACTICES,AREA PLANTED,"WHEAT, SPRING, (EXCL DURUM) - ACRES PLANTED",ACRES,260000,0.00
2023,YEAR,ALL PRODUCTION PRACTICES,MINNESOTA,MN,27,RED LAKE,125,COUNTY,WHEAT,"SPRING, (EXCL DURUM)",ALL UTILIZATION PRACTICES,AREA PLANTED,"WHEAT, SPRING, (EXCL DURUM) - ACRES PLANTED",ACRES,60000,0.0
2022,YEAR,ALL PRODUCTION PRACTICES,MINNESOTA,MN,27,RED LAKE,125,COUNTY,WHEAT,"SPRING, (EXCL DURUM)",ALL UTILIZATION PRACTICES,AREA PLANTED,"WHEAT, SPRING, (EXCL DURUM) - ACRES PLANTED",ACRES,62200,0.3
2021,YEAR,ALL PRODUCTION PRACTICES,MINNESOTA,MN,27,RED LAKE,125,COUNTY,WHEAT,"SPRING, (EXCL DURUM)",ALL UTILIZATION PRACTICES,AREA PLANTED,"WHEAT, SPRING, (EXCL DURUM) - ACRES PLANTED",ACRES,58400,0.00
2022,YEAR,ALL PRODUCTION PRACTICES,MINNESOTA,MN,27,ROSEAU,135,COUNTY,WHEAT,"SPRING, (EXCL DURUM)",ALL UTILIZATION PRACTICES,AREA PLANTED,"WHEAT, SPRING, (EXCL DURUM) - ACRES PLANTED",ACRES,99700,0.3
2021,YEAR,ALL PRODUCTION PRACTICES,MINNESOTA,MN,27,ROSEAU,135,COUNTY,WHEAT,"SPRING, (EXCL DURUM)",ALL UTILIZATION PRACTICES,AREA PLANTED,"WHEAT, SPRING, (EXCL DURUM) - ACRES PLANTED",ACRES,99400,0.00
2023,YEAR,ALL PRODUCTION PRACTICES,MINNESOTA,MN,27,BELTRAMI,007,COUNTY,WHEAT,"SPRING, (EXCL DURUM)",ALL UTILIZATION PRACTICES,AREA PLANTED,"WHEAT, SPRING, (EXCL DURUM) - ACRES PLANTED",ACRES,13000,0.1
2022,YEAR,ALL PRODUCTION PRACTICES,MINNESOTA,MN,27,BELTRAMI,007,COUNTY,WHEAT,"SPRING, (EXCL DURUM)",ALL UTILIZATION PRACTICES,AREA PLANTED,"WHEAT, SPRING, (EXCL DURUM) - ACRES PLANTED",ACRES,9400,0.4
2021,YEAR,ALL PRODUCTION PRACTICES,MINNESOTA,MN,27,BELTRAMI,007,COUNTY,WHEAT,"SPRING, (EXCL DURUM)",ALL UTILIZATION PRACTICES,AREA PLANTED,"WHEAT, SPRING, (EXCL DURUM) - ACRES PLANTED",ACRES,12200,0.00
2023,YEAR,ALL PRODUCTION PRACTICES,MINNESOTA,MN,27,KOOCHICHING,071,COUNTY,WHEAT,"SPRING, (EXCL DURUM)",ALL UTILIZATION PRACTICES,AREA PLANTED,"WHEAT, SPRING, (EXCL DURUM) - ACRES PLANTED",ACRES,1600,0.1
2021,YEAR,ALL PRODUCTION PRACTICES,MINNESOTA,MN,27,KOOCHICHING,071,COUNTY,WHEAT,"SPRING, (EXCL DURUM)",ALL UTILIZATION PRACTICES,AREA PLANTED,"WHEAT, SPRING, (EXCL DURUM) - ACRES PLANTED",ACRES,1200,0.10
2023,YEAR,ALL PRODUCTION PRACTICES,MINNESOTA,MN,27,LAKE OF THE WOODS,077,COUNTY,WHEAT,"SPRING, (EXCL DURUM)",ALL UTILIZATION PRACTICES,AREA PLANTED,"WHEAT, SPRING, (EXCL DURUM) - ACRES PLANTED",ACRES,9200,0.0
2022,YEAR,ALL PRODUCTION PRACTICES,MINNESOTA,MN,27,LAKE OF THE WOODS,077,COUNTY,WHEAT,"SPRING, (EXCL DURUM)",ALL UTILIZATION PRACTICES,AREA PLANTED,"WHEAT, SPRING, (EXCL DURUM) - ACRES PLANTED",ACRES,7800,0.4
2023,YEAR,ALL PRODUCTION PRACTICES,MINNESOTA,MN,27,BIG STONE,011,COUNTY,WHEAT,"SPRING, (EXCL DURUM)",ALL UTILIZATION PRACTICES,AREA PLANTED,"WHEAT, SPRING, (EXCL DURUM) - ACRES PLANTED",ACRES,3000,0.1
2022,YEAR,ALL PRODUCTION PRACTICES,MINNESOTA,MN,27,BIG STONE,011,COUNTY,WHEAT,"SPRING, (EXCL DURUM)",ALL UTILIZATION PRACTICES,AREA PLANTED,"WHEAT, SPRING, (EXCL DURUM) - ACRES PLANTED",ACRES,2000,0.5
2021,YEAR,ALL PRODUCTION PRACTICES,MINNESOTA,MN,27,BIG STONE,011,COUNTY,WHEAT,"SPRING, (EXCL DURUM)",ALL UTILIZATION PRACTICES,AREA PLANTED,"WHEAT, SPRING, (EXCL DURUM) - ACRES PLANTED",ACRES,4500,0.10
2023,YEAR,ALL PRODUCTION PRACTICES,MINNESOTA,MN,27,CHIPPEWA,023,COUNTY,WHEAT,"SPRING, (EXCL DURUM)",ALL UTILIZATION PRACTICES,AREA PLANTED,"WHEAT, SPRING, (EXCL DURUM) - ACRES PLANTED",ACRES,900,0.1
2022,YEAR,ALL PRODUCTION PRACTICES,MINNESOTA,MN,27,CHIPPEWA,023,COUNTY,WHEAT,"SPRING, (EXCL DURUM)",ALL UTILIZATION PRACTICES,AREA PLANTED,"WHEAT, SPRING, (EXCL DURUM) - ACRES PLANTED",ACRES,1400,0.7
2021,YEAR,ALL PRODUCTION PRACTICES,MINNESOTA,MN,27,CHIPPEWA,023,COUNTY,WHEAT,"SPRING, (EXCL DURUM)",ALL UTILIZATION PRACTICES,AREA PLANTED,"WHEAT, SPRING, (EXCL DURUM) - ACRES PLANTED",ACRES,700,2.90
2023,YEAR,ALL PRODUCTION PRACTICES,MINNESOTA,MN,27,DOUGLAS,041,COUNTY,WHEAT,"SPRING, (EXCL DURUM)",ALL UTILIZATION PRACTICES,AREA PLANTED,"WHEAT, SPRING, (EXCL DURUM) - ACRES PLANTED",ACRES,5500,0.0
2022,YEAR,ALL PRODUCTION PRACTICES,MINNESOTA,MN,27,DOUGLAS,041,COUNTY,WHEAT,"SPRING, (EXCL DURUM)",ALL UTILIZATION PRACTICES,AREA PLANTED,"WHEAT, SPRING, (EXCL DURUM) - ACRES PLANTED",ACRES,7100,0.3
2021,YEAR,ALL PRODUCTION PRACTICES,MINNESOTA,MN,27,DOUGLAS,041,COUNTY,WHEAT,"SPRING, (EXCL DURUM)",ALL UTILIZATION PRACTICES,AREA PLANTED,"WHEAT, SPRING, (EXCL DURUM) - ACRES PLANTED",ACRES,4800,0.10
2021,YEAR,ALL PRODUCTION PRACTICES,MINNESOTA,MN,27,GRANT,051,COUNTY,WHEAT,"SPRING, (EXCL DURUM)",ALL UTILIZATION PRACTICES,AREA PLANTED,"WHEAT, SPRING, (EXCL DURUM) - ACRES PLANTED",ACRES,7800,0.00
2023,YEAR,ALL PRODUCTION PRACTICES,MINNESOTA,MN,27,LAC QUI PARLE,073,COUNTY,WHEAT,"SPRING, (EXCL DURUM)",ALL UTILIZATION PRACTICES,AREA PLANTED,"WHEAT, SPRING, (EXCL DURUM) - ACRES PLANTED",ACRES,1200,0.1
2021,YEAR,ALL PRODUCTION PRACTICES,MINNESOTA,MN,27,LAC QUI PARLE,073,COUNTY,WHEAT,"SPRING, (EXCL DURUM)",ALL UTILIZATION PRACTICES,AREA PLANTED,"WHEAT, SPRING, (EXCL DURUM) - ACRES PLANTED",ACRES,1400,0.00
2023,YEAR,ALL PRODUCTION PRACTICES,MINNESOTA,MN,27,OTTER TAIL,111,COUNTY,WHEAT,"SPRING, (EXCL DURUM)",ALL UTILIZATION PRACTICES,AREA PLANTED,"WHEAT, SPRING, (EXCL DURUM) - ACRES PLANTED",ACRES,18800,0.0
2022,YEAR,ALL PRODUCTION PRACTICES,MINNESOTA,MN,27,OTTER TAIL,111,COUNTY,WHEAT,"SPRING, (EXCL DURUM)",ALL UTILIZATION PRACTICES,AREA PLANTED,"WHEAT, SPRING, (EXCL DURUM) - ACRES PLANTED",ACRES,21900,0.3
2021,YEAR,ALL PRODUCTION PRACTICES,MINNESOTA,MN,27,OTTER TAIL,111,COUNTY,WHEAT,"SPRING, (EXCL DURUM)",ALL UTILIZATION PRACTICES,AREA PLANTED,"WHEAT, SPRING, (EXCL DURUM) - ACRES PLANTED",ACRES,17200,0.00
2023,YEAR,ALL PRODUCTION PRACTICES,MINNESOTA,MN,27,POPE,121,COUNTY,WHEAT,"SPRING, (EXCL DURUM)",ALL UTILIZATION PRACTICES,AREA PLANTED,"WHEAT, SPRING, (EXCL DURUM) - ACRES PLANTED",ACRES,3000,0.0
2022,YEAR,ALL PRODUCTION PRACTICES,MINNESOTA,MN,27,POPE,121,COUNTY,WHEAT,"SPRING, (EXCL DURUM)",ALL UTILIZATION PRACTICES,AREA PLANTED,"WHEAT, SPRING, (EXCL DURUM) - ACRES PLANTED",ACRES,4900,0.3
2023,YEAR,ALL PRODUCTION PRACTICES,MINNESOTA,MN,27,STEVENS,149,COUNTY,WHEAT,"SPRING, (EXCL DURUM)",ALL UTILIZATION PRACTICES,AREA PLANTED,"WHEAT, SPRING, (EXCL DURUM) - ACRES PLANTED",ACRES,4100,0.0
2022,YEAR,ALL PRODUCTION PRACTICES,MINNESOTA,MN,27,STEVENS,149,COUNTY,WHEAT,"SPRING, (EXCL DURUM)",ALL UTILIZATION PRACTICES,AREA PLANTED,"WHEAT, SPRING, (EXCL DURUM) - ACRES PLANTED",ACRES,3300,0.3
2021,YEAR,ALL PRODUCTION PRACTICES,MINNESOTA,MN,27,STEVENS,149,COUNTY,WHEAT,"SPRING, (EXCL DURUM)",ALL UTILIZATION PRACTICES,AREA PLANTED,"WHEAT, SPRING, (EXCL DURUM) - ACRES PLANTED",ACRES,4100,0.00
2021,YEAR,ALL PRODUCTION PRACTICES,MINNESOTA,MN,27,SWIFT,151,COUNTY,WHEAT,"SPRING, (EXCL DURUM)",ALL UTILIZATION PRACTICES,AREA PLANTED,"WHEAT, SPRING, (EXCL DURUM) - ACRES PLANTED",ACRES,3200,0.00
2023,YEAR,ALL PRODUCTION PRACTICES,MINNESOTA,MN,27,TRAVERSE,155,COUNTY,WHEAT,"SPRING, (EXCL DURUM)",ALL UTILIZATION PRACTICES,AREA PLANTED,"WHEAT, SPRING, (EXCL DURUM) - ACRES PLANTED",ACRES,7500,0.0
2021,YEAR,ALL PRODUCTION PRACTICES,MINNESOTA,MN,27,TRAVERSE,155,COUNTY,WHEAT,"SPRING, (EXCL DURUM)",ALL UTILIZATION PRACTICES,AREA PLANTED,"WHEAT, SPRING, (EXCL DURUM) - ACRES PLANTED",ACRES,6800,0.00
2023,YEAR,ALL PRODUCTION PRACTICES,MINNESOTA,MN,27,WILKIN,167,COUNTY,WHEAT,"SPRING, (EXCL DURUM)",ALL UTILIZATION PRACTICES,AREA PLANTED,"WHEAT, SPRING, (EXCL DURUM) - ACRES PLANTED",ACRES,64200,0.1
2022,YEAR,ALL PRODUCTION PRACTICES,MINNESOTA,MN,27,WILKIN,167,COUNTY,WHEAT,"SPRING, (EXCL DURUM)",ALL UTILIZATION PRACTICES,AREA PLANTED,"WHEAT, SPRING, (EXCL DURUM) - ACRES PLANTED",ACRES,59600,5.5
2021,YEAR,ALL PRODUCTION PRACTICES,MINNESOTA,MN,27,WILKIN,167,COUNTY,WHEAT,"SPRING, (EXCL DURUM)",ALL UTILIZATION PRACTICES,AREA PLANTED,"WHEAT, SPRING, (EXCL DURUM) - ACRES PLANTED",ACRES,57500,0.10
2021,YEAR,ALL PRODUCTION PRACTICES,MINNESOTA,MN,27,YELLOW MEDICINE,173,COUNTY,WHEAT,"SPRING, (EXCL DURUM)",ALL UTILIZATION PRACTICES,AREA PLANTED,"WHEAT, SPRING, (EXCL DURUM) - ACRES PLANTED",ACRES,1600,0.00
2023,YEAR,ALL PRODUCTION PRACTICES,MINNESOTA,MN,27,CARVER,019,COUNTY,WHEAT,"SPRING, (EXCL DURUM)",ALL UTILIZATION PRACTICES,AREA PLANTED,"WHEAT, SPRING, (EXCL DURUM) - ACRES PLANTED",ACRES,600,0.1
2022,YEAR,ALL PRODUCTION PRACTICES,MINNESOTA,MN,27,CARVER,019,COUNTY,WHEAT,"SPRING, (EXCL DURUM)",ALL UTILIZATION PRACTICES,AREA PLANTED,"WHEAT, SPRING, (EXCL DURUM) - ACRES PLANTED",ACRES,700,0.4
2023,YEAR,ALL PRODUCTION PRACTICES,MINNESOTA,MN,27,KANDIYOHI,067,COUNTY,WHEAT,"SPRING, (EXCL DURUM)",ALL UTILIZATION PRACTICES,AREA PLANTED,"WHEAT, SPRING, (EXCL DURUM) - ACRES PLANTED",ACRES,900,0.1
2022,YEAR,ALL PRODUCTION PRACTICES,MINNESOTA,MN,27,KANDIYOHI,067,COUNTY,WHEAT,"SPRING, (EXCL DURUM)",ALL UTILIZATION PRACTICES,AREA PLANTED,"WHEAT, SPRING, (EXCL DURUM) - ACRES PLANTED",ACRES,1200,0.4
2021,YEAR,ALL PRODUCTION PRACTICES,MINNESOTA,MN,27,KANDIYOHI,067,COUNTY,WHEAT,"SPRING, (EXCL DURUM)",ALL UTILIZATION PRACTICES,AREA PLANTED,"WHEAT, SPRING, (EXCL DURUM) - ACRES PLANTED",ACRES,1000,0.00
2023,YEAR,ALL PRODUCTION PRACTICES,MINNESOTA,MN,27,MCLEOD,085,COUNTY,WHEAT,"SPRING, (EXCL DURUM)",ALL UTILIZATION PRACTICES,AREA PLANTED,"WHEAT, SPRING, (EXCL DURUM) - ACRES PLANTED",ACRES,900,0.1
2021,YEAR,ALL PRODUCTION PRACTICES,MINNESOTA,MN,27,MCLEOD,085,COUNTY,WHEAT,"SPRING, (EXCL DURUM)",ALL UTILIZATION PRACTICES,AREA PLANTED,"WHEAT, SPRING, (EXCL DURUM) - ACRES PLANTED",ACRES,900,0.10
2021,YEAR,ALL PRODUCTION PRACTICES,MINNESOTA,MN,27,MEEKER,093,COUNTY,WHEAT,"SPRING, (EXCL DURUM)",ALL UTILIZATION PRACTICES,AREA PLANTED,"WHEAT, SPRING, (EXCL DURUM) - ACRES PLANTED",ACRES,400,0.20
2023,YEAR,ALL PRODUCTION PRACTICES,MINNESOTA,MN,27,MORRISON,097,COUNTY,WHEAT,"SPRING, (EXCL DURUM)",ALL UTILIZATION PRACTICES,AREA PLANTED,"WHEAT, SPRING, (EXCL DURUM) - ACRES PLANTED",ACRES,700,0.1
2022,YEAR,ALL PRODUCTION PRACTICES,MINNESOTA,MN,27,MORRISON,097,COUNTY,WHEAT,"SPRING, (EXCL DURUM)",ALL UTILIZATION PRACTICES,AREA PLANTED,"WHEAT, SPRING, (EXCL DURUM) - ACRES PLANTED",ACRES,1400,0.4
2021,YEAR,ALL PRODUCTION PRACTICES,MINNESOTA,MN,27,MORRISON,097,COUNTY,WHEAT,"SPRING, (EXCL DURUM)",ALL UTILIZATION PRACTICES,AREA PLANTED,"WHEAT, SPRING, (EXCL DURUM) - ACRES PLANTED",ACRES,700,0.20
2023,YEAR,ALL PRODUCTION PRACTICES,MINNESOTA,MN,27,RENVILLE,129,COUNTY,WHEAT,"SPRING, (EXCL DURUM)",ALL UTILIZATION PRACTICES,AREA PLANTED,"WHEAT, SPRING, (EXCL DURUM) - ACRES PLANTED",ACRES,1500,0.0
2022,YEAR,ALL PRODUCTION PRACTICES,MINNESOTA,MN,27,RENVILLE,129,COUNTY,WHEAT,"SPRING, (EXCL DURUM)",ALL UTILIZATION PRACTICES,AREA PLANTED,"WHEAT, SPRING, (EXCL DURUM) - ACRES PLANTED",ACRES,1700,0.4
2021,YEAR,ALL PRODUCTION PRACTICES,MINNESOTA,MN,27,RENVILLE,129,COUNTY,WHEAT,"SPRING, (EXCL DURUM)",ALL UTILIZATION PRACTICES,AREA PLANTED,"WHEAT, SPRING, (EXCL DURUM) - ACRES PLANTED",ACRES,1400,0.10
2021,YEAR,ALL PRODUCTION PRACTICES,MINNESOTA,MN,27,SCOTT,139,COUNTY,WHEAT,"SPRING, (EXCL DURUM)",ALL UTILIZATION PRACTICES,AREA PLANTED,"WHEAT, SPRING, (EXCL DURUM) - ACRES PLANTED",ACRES,100,0.70
2023,YEAR,ALL PRODUCTION PRACTICES,MINNESOTA,MN,27,SIBLEY,143,COUNTY,WHEAT,"SPRING, (EXCL DURUM)",ALL UTILIZATION PRACTICES,AREA PLANTED,"WHEAT, SPRING, (EXCL DURUM) - ACRES PLANTED",ACRES,500,0.2
2022,YEAR,ALL PRODUCTION PRACTICES,MINNESOTA,MN,27,SIBLEY,143,COUNTY,WHEAT,"SPRING, (EXCL DURUM)",ALL UTILIZATION PRACTICES,AREA PLANTED,"WHEAT, SPRING, (EXCL DURUM) - ACRES PLANTED",ACRES,700,0.6
2021,YEAR,ALL PRODUCTION PRACTICES,MINNESOTA,MN,27,SIBLEY,143,COUNTY,WHEAT,"SPRING, (EXCL DURUM)",ALL UTILIZATION PRACTICES,AREA PLANTED,"WHEAT, SPRING, (EXCL DURUM) - ACRES PLANTED",ACRES,400,0.20
2021,YEAR,ALL PRODUCTION PRACTICES,MINNESOTA,MN,27,STEARNS,145,COUNTY,WHEAT,"SPRING, (EXCL DURUM)",ALL UTILIZATION PRACTICES,AREA PLANTED,"WHEAT, SPRING, (EXCL DURUM) - ACRES PLANTED",ACRES,2000,0.10
2023,YEAR,ALL PRODUCTION PRACTICES,MINNESOTA,MN,27,TODD,153,COUNTY,WHEAT,"SPRING, (EXCL DURUM)",ALL UTILIZATION PRACTICES,AREA PLANTED,"WHEAT, SPRING, (EXCL DURUM) - ACRES PLANTED",ACRES,2400,0.0
2022,YEAR,ALL PRODUCTION PRACTICES,MINNESOTA,MN,27,TODD,153,COUNTY,WHEAT,"SPRING, (EXCL DURUM)",ALL UTILIZATION PRACTICES,AREA PLANTED,"WHEAT, SPRING, (EXCL DURUM) - ACRES PLANTED",ACRES,2300,0.4
2021,YEAR,ALL PRODUCTION PRACTICES,MINNESOTA,MN,27,TODD,153,COUNTY,WHEAT,"SPRING, (EXCL DURUM)",ALL UTILIZATION PRACTICES,AREA PLANTED,"WHEAT, SPRING, (EXCL DURUM) - ACRES PLANTED",ACRES,2200,0.10
2022,YEAR,ALL PRODUCTION PRACTICES,MINNESOTA,MN,27,WADENA,159,COUNTY,WHEAT,"SPRING, (EXCL DURUM)",ALL UTILIZATION PRACTICES,AREA PLANTED,"WHEAT, SPRING, (EXCL DURUM) - ACRES PLANTED",ACRES,900,0.5
2021,YEAR,ALL PRODUCTION PRACTICES,MINNESOTA,MN,27,WADENA,159,COUNTY,WHEAT,"SPRING, (EXCL DURUM)",ALL UTILIZATION PRACTICES,AREA PLANTED,"WHEAT, SPRING, (EXCL DURUM) - ACRES PLANTED",ACRES,1300,0.10
2022,YEAR,ALL PRODUCTION PRACTICES,MINNESOTA,MN,27,WRIGHT,171,COUNTY,WHEAT,"SPRING, (EXCL DURUM)",ALL UTILIZATION PRACTICES,AREA PLANTED,"WHEAT, SPRING, (EXCL DURUM) - ACRES PLANTED",ACRES,2100,0.4
2021,YEAR,ALL PRODUCTION PRACTICES,MINNESOTA,MN,27,WRIGHT,171,COUNTY,WHEAT,"SPRING, (EXCL DURUM)",ALL UTILIZATION PRACTICES,AREA PLANTED,"WHEAT, SPRING, (EXCL DURUM) - ACRES PLANTED",ACRES,1200,0.10
2021,YEAR,ALL PRODUCTION PRACTICES,MINNESOTA,MN,27,KANABEC,065,COUNTY,WHEAT,"SPRING, (EXCL DURUM)",ALL UTILIZATION PRACTICES,AREA PLANTED,"WHEAT, SPRING, (EXCL DURUM) - ACRES PLANTED",ACRES,300,0.20
2023,YEAR,ALL PRODUCTION PRACTICES,MINNESOTA,MN,27,COTTONWOOD,033,COUNTY,WHEAT,"SPRING, (EXCL DURUM)",ALL UTILIZATION PRACTICES,AREA PLANTED,"WHEAT, SPRING, (EXCL DURUM) - ACRES PLANTED",ACRES,500,0.1
2022,YEAR,ALL PRODUCTION PRACTICES,MINNESOTA,MN,27,COTTONWOOD,033,COUNTY,WHEAT,"SPRING, (EXCL DURUM)",ALL UTILIZATION PRACTICES,AREA PLANTED,"WHEAT, SPRING, (EXCL DURUM) - ACRES PLANTED",ACRES,1000,0.4
2021,YEAR,ALL PRODUCTION PRACTICES,MINNESOTA,MN,27,COTTONWOOD,033,COUNTY,WHEAT,"SPRING, (EXCL DURUM)",ALL UTILIZATION PRACTICES,AREA PLANTED,"WHEAT, SPRING, (EXCL DURUM) - ACRES PLANTED",ACRES,900,0.00
2023,YEAR,ALL PRODUCTION PRACTICES,MINNESOTA,MN,27,JACKSON,063,COUNTY,WHEAT,"SPRING, (EXCL DURUM)",ALL UTILIZATION PRACTICES,AREA PLANTED,"WHEAT, SPRING, (EXCL DURUM) - ACRES PLANTED",ACRES,300,0.2
2021,YEAR,ALL PRODUCTION PRACTICES,MINNESOTA,MN,27,LINCOLN,081,COUNTY,WHEAT,"SPRING, (EXCL DURUM)",ALL UTILIZATION PRACTICES,AREA PLANTED,"WHEAT, SPRING, (EXCL DURUM) - ACRES PLANTED",ACRES,2000,0.00
2023,YEAR,ALL PRODUCTION PRACTICES,MINNESOTA,MN,27,LYON,083,COUNTY,WHEAT,"SPRING, (EXCL DURUM)",ALL UTILIZATION PRACTICES,AREA PLANTED,"WHEAT, SPRING, (EXCL DURUM) - ACRES PLANTED",ACRES,1700,0.0
2022,YEAR,ALL PRODUCTION PRACTICES,MINNESOTA,MN,27,LYON,083,COUNTY,WHEAT,"SPRING, (EXCL DURUM)",ALL UTILIZATION PRACTICES,AREA PLANTED,"WHEAT, SPRING, (EXCL DURUM) - ACRES PLANTED",ACRES,1600,0.4
2021,YEAR,ALL PRODUCTION PRACTICES,MINNESOTA,MN,27,LYON,083,COUNTY,WHEAT,"SPRING, (EXCL DURUM)",ALL UTILIZATION PRACTICES,AREA PLANTED,"WHEAT, SPRING, (EXCL DURUM) - ACRES PLANTED",ACRES,1700,0.00
2023,YEAR,ALL PRODUCTION PRACTICES,MINNESOTA,MN,27,REDWOOD,127,COUNTY,WHEAT,"SPRING, (EXCL DURUM)",ALL UTILIZATION PRACTICES,AREA PLANTED,"WHEAT, SPRING, (EXCL DURUM) - ACRES PLANTED",ACRES,800,0.1
2023,YEAR,ALL PRODUCTION PRACTICES,MINNESOTA,MN,27,BLUE EARTH,013,COUNTY,WHEAT,"SPRING, (EXCL DURUM)",ALL UTILIZATION PRACTICES,AREA PLANTED,"WHEAT, SPRING, (EXCL DURUM) - ACRES PLANTED",ACRES,300,0.6
2022,YEAR,ALL PRODUCTION PRACTICES,MINNESOTA,MN,27,BLUE EARTH,013,COUNTY,WHEAT,"SPRING, (EXCL DURUM)",ALL UTILIZATION PRACTICES,AREA PLANTED,"WHEAT, SPRING, (EXCL DURUM) - ACRES PLANTED",ACRES,300,0.8
2023,YEAR,ALL PRODUCTION PRACTICES,MINNESOTA,MN,27,BROWN,015,COUNTY,WHEAT,"SPRING, (EXCL DURUM)",ALL UTILIZATION PRACTICES,AREA PLANTED,"WHEAT, SPRING, (EXCL DURUM) - ACRES PLANTED",ACRES,600,0.1
2022,YEAR,ALL PRODUCTION PRACTICES,MINNESOTA,MN,27,LE SUEUR,079,COUNTY,WHEAT,"SPRING, (EXCL DURUM)",ALL UTILIZATION PRACTICES,AREA PLANTED,"WHEAT, SPRING, (EXCL DURUM) - ACRES PLANTED",ACRES,500,0.5
2023,YEAR,ALL PRODUCTION PRACTICES,MINNESOTA,MN,27,NICOLLET,103,COUNTY,WHEAT,"SPRING, (EXCL DURUM)",ALL UTILIZATION PRACTICES,AREA PLANTED,"WHEAT, SPRING, (EXCL DURUM) - ACRES PLANTED",ACRES,300,0.3
2022,YEAR,ALL PRODUCTION PRACTICES,MINNESOTA,MN,27,NICOLLET,103,COUNTY,WHEAT,"SPRING, (EXCL DURUM)",ALL UTILIZATION PRACTICES,AREA PLANTED,"WHEAT, SPRING, (EXCL DURUM) - ACRES PLANTED",ACRES,400,0.6
2021,YEAR,ALL PRODUCTION PRACTICES,MINNESOTA,MN,27,NICOLLET,103,COUNTY,WHEAT,"SPRING, (EXCL DURUM)",ALL UTILIZATION PRACTICES,AREA PLANTED,"WHEAT, SPRING, (EXCL DURUM) - ACRES PLANTED",ACRES,400,0.10
2022,YEAR,ALL PRODUCTION PRACTICES,MINNESOTA,MN,27,RICE,131,COUNTY,WHEAT,"SPRING, (EXCL DURUM)",ALL UTILIZATION PRACTICES,AREA PLANTED,"WHEAT, SPRING, (EXCL DURUM) - ACRES PLANTED",ACRES,500,0.5
2023,YEAR,ALL PRODUCTION PRACTICES,MINNESOTA,MN,27,WATONWAN,165,COUNTY,WHEAT,"SPRING, (EXCL DURUM)",ALL UTILIZATION PRACTICES,AREA PLANTED,"WHEAT, SPRING, (EXCL DURUM) - ACRES PLANTED",ACRES,300,0.3
2022,YEAR,ALL PRODUCTION PRACTICES,MINNESOTA,MN,27,WATONWAN,165,COUNTY,WHEAT,"SPRING, (EXCL DURUM)",ALL UTILIZATION PRACTICES,AREA PLANTED,"WHEAT, SPRING, (EXCL DURUM) - ACRES PLANTED",ACRES,300,0.9
2023,YEAR,ALL PRODUCTION PRACTICES,MINNESOTA,MN,27,DAKOTA,037,COUNTY,WHEAT,"SPRING, (EXCL DURUM)",ALL UTILIZATION PRACTICES,AREA PLANTED,"WHEAT, SPRING, (EXCL DURUM) - ACRES PLANTED",ACRES,900,0.1
2022,YEAR,ALL PRODUCTION PRACTICES,MINNESOTA,MN,27,DAKOTA,037,COUNTY,WHEAT,"SPRING, (EXCL DURUM)",ALL UTILIZATION PRACTICES,AREA PLANTED,"WHEAT, SPRING, (EXCL DURUM) - ACRES PLANTED",ACRES,700,0.4
2021,YEAR,ALL PRODUCTION PRACTICES,MINNESOTA,MN,27,DAKOTA,037,COUNTY,WHEAT,"SPRING, (EXCL DURUM)",ALL UTILIZATION PRACTICES,AREA PLANTED,"WHEAT, SPRING, (EXCL DURUM) - ACRES PLANTED",ACRES,700,0.00
2023,YEAR,ALL PRODUCTION PRACTICES,MINNESOTA,MN,27,WINONA,169,COUNTY,WHEAT,"SPRING, (EXCL DURUM)",ALL UTILIZATION PRACTICES,AREA PLANTED,"WHEAT, SPRING, (EXCL DURUM) - ACRES PLANTED",ACRES,400,0.3
2022,YEAR,ALL PRODUCTION PRACTICES,MINNESOTA,MN,27,WINONA,169,COUNTY,WHEAT,"SPRING, (EXCL DURUM)",ALL UTILIZATION PRACTICES,AREA PLANTED,"WHEAT, SPRING, (EXCL DURUM) - ACRES PLANTED",ACRES,400,1.5
2023,YEAR,ALL PRODUCTION PRACTICES,MINNESOTA,MN,27,OTHER COUNTIES,,COUNTY,WHEAT,"SPRING, (EXCL DURUM)",ALL UTILIZATION PRACTICES,AREA PLANTED,"WHEAT, SPRING, (EXCL DURUM) - ACRES PLANTED",ACRES,385000,
2022,YEAR,ALL PRODUCTION PRACTICES,MINNESOTA,MN,27,OTHER COUNTIES,,COUNTY,WHEAT,"SPRING, (EXCL DURUM)",ALL UTILIZATION PRACTICES,AREA PLANTED,"WHEAT, SPRING, (EXCL DURUM) - ACRES PLANTED",ACRES,128000,0.3
2021,YEAR,ALL PRODUCTION PRACTICES,MINNESOTA,MN,27,OTHER COUNTIES,,COUNTY,WHEAT,"SPRING, (EXCL DURUM)",ALL UTILIZATION PRACTICES,AREA PLANTED,"WHEAT, SPRING, (EXCL DURUM) - ACRES PLANTED",ACRES,60200,0.00
2023,YEAR,ALL PRODUCTION PRACTICES,MONTANA,MT,30,FLATHEAD,029,COUNTY,WHEAT,"SPRING, (EXCL DURUM)",ALL UTILIZATION PRACTICES,AREA PLANTED,"WHEAT, SPRING, (EXCL DURUM) - ACRES PLANTED",ACRES,3000,0.2
2022,YEAR,ALL PRODUCTION PRACTICES,MONTANA,MT,30,FLATHEAD,029,COUNTY,WHEAT,"SPRING, (EXCL DURUM)",ALL UTILIZATION PRACTICES,AREA PLANTED,"WHEAT, SPRING, (EXCL DURUM) - ACRES PLANTED",ACRES,6800,0.2
2021,YEAR,ALL PRODUCTION PRACTICES,MONTANA,MT,30,FLATHEAD,029,COUNTY,WHEAT,"SPRING, (EXCL DURUM)",ALL UTILIZATION PRACTICES,AREA PLANTED,"WHEAT, SPRING, (EXCL DURUM) - ACRES PLANTED",ACRES,9300,0.00
2023,YEAR,ALL PRODUCTION PRACTICES,MONTANA,MT,30,LAKE,047,COUNTY,WHEAT,"SPRING, (EXCL DURUM)",ALL UTILIZATION PRACTICES,AREA PLANTED,"WHEAT, SPRING, (EXCL DURUM) - ACRES PLANTED",ACRES,4800,0.2
2022,YEAR,ALL PRODUCTION PRACTICES,MONTANA,MT,30,LAKE,047,COUNTY,WHEAT,"SPRING, (EXCL DURUM)",ALL UTILIZATION PRACTICES,AREA PLANTED,"WHEAT, SPRING, (EXCL DURUM) - ACRES PLANTED",ACRES,5500,0.3
2021,YEAR,ALL PRODUCTION PRACTICES,MONTANA,MT,30,LAKE,047,COUNTY,WHEAT,"SPRING, (EXCL DURUM)",ALL UTILIZATION PRACTICES,AREA PLANTED,"WHEAT, SPRING, (EXCL DURUM) - ACRES PLANTED",ACRES,6300,0.00
2023,YEAR,ALL PRODUCTION PRACTICES,MONTANA,MT,30,BLAINE,005,COUNTY,WHEAT,"SPRING, (EXCL DURUM)",ALL UTILIZATION PRACTICES,AREA PLANTED,"WHEAT, SPRING, (EXCL DURUM) - ACRES PLANTED",ACRES,176500,0.1
2022,YEAR,ALL PRODUCTION PRACTICES,MONTANA,MT,30,BLAINE,005,COUNTY,WHEAT,"SPRING, (EXCL DURUM)",ALL UTILIZATION PRACTICES,AREA PLANTED,"WHEAT, SPRING, (EXCL DURUM) - ACRES PLANTED",ACRES,167000,0.1
2021,YEAR,ALL PRODUCTION PRACTICES,MONTANA,MT,30,BLAINE,005,COUNTY,WHEAT,"SPRING, (EXCL DURUM)",ALL UTILIZATION PRACTICES,AREA PLANTED,"WHEAT, SPRING, (EXCL DURUM) - ACRES PLANTED",ACRES,176000,0.00
2023,YEAR,ALL PRODUCTION PRACTICES,MONTANA,MT,30,CHOUTEAU,015,COUNTY,WHEAT,"SPRING, (EXCL DURUM)",ALL UTILIZATION PRACTICES,AREA PLANTED,"WHEAT, SPRING, (EXCL DURUM) - ACRES PLANTED",ACRES,107000,0.1
2022,YEAR,ALL PRODUCTION PRACTICES,MONTANA,MT,30,CHOUTEAU,015,COUNTY,WHEAT,"SPRING, (EXCL DURUM)",ALL UTILIZATION PRACTICES,AREA PLANTED,"WHEAT, SPRING, (EXCL DURUM) - ACRES PLANTED",ACRES,111500,0.1
2021,YEAR,ALL PRODUCTION PRACTICES,MONTANA,MT,30,CHOUTEAU,015,COUNTY,WHEAT,"SPRING, (EXCL DURUM)",ALL UTILIZATION PRACTICES,AREA PLANTED,"WHEAT, SPRING, (EXCL DURUM) - ACRES PLANTED",ACRES,168500,0.00
2023,YEAR,ALL PRODUCTION PRACTICES,MONTANA,MT,30,GLACIER,035,COUNTY,WHEAT,"SPRING, (EXCL DURUM)",ALL UTILIZATION PRACTICES,AREA PLANTED,"WHEAT, SPRING, (EXCL DURUM) - ACRES PLANTED",ACRES,30400,0.1
2022,YEAR,ALL PRODUCTION PRACTICES,MONTANA,MT,30,GLACIER,035,COUNTY,WHEAT,"SPRING, (EXCL DURUM)",ALL UTILIZATION PRACTICES,AREA PLANTED,"WHEAT, SPRING, (EXCL DURUM) - ACRES PLANTED",ACRES,29800,0.1
2021,YEAR,ALL PRODUCTION PRACTICES,MONTANA,MT,30,GLACIER,035,COUNTY,WHEAT,"SPRING, (EXCL DURUM)",ALL UTILIZATION PRACTICES,AREA PLANTED,"WHEAT, SPRING, (EXCL DURUM) - ACRES PLANTED",ACRES,39700,0.00
2023,YEAR,ALL PRODUCTION PRACTICES,MONTANA,MT,30,HILL,041,COUNTY,WHEAT,"SPRING, (EXCL DURUM)",ALL UTILIZATION PRACTICES,AREA PLANTED,"WHEAT, SPRING, (EXCL DURUM) - ACRES PLANTED",ACRES,287500,0.2
2022,YEAR,ALL PRODUCTION PRACTICES,MONTANA,MT,30,HILL,041,COUNTY,WHEAT,"SPRING, (EXCL DURUM)",ALL UTILIZATION PRACTICES,AREA PLANTED,"WHEAT, SPRING, (EXCL DURUM) - ACRES PLANTED",ACRES,221500,0.1
2021,YEAR,ALL PRODUCTION PRACTICES,MONTANA,MT,30,HILL,041,COUNTY,WHEAT,"SPRING, (EXCL DURUM)",ALL UTILIZATION PRACTICES,AREA PLANTED,"WHEAT, SPRING, (EXCL DURUM) - ACRES PLANTED",ACRES,253500,0.00
2023,YEAR,ALL PRODUCTION PRACTICES,MONTANA,MT,30,LIBERTY,051,COUNTY,WHEAT,"SPRING, (EXCL DURUM)",ALL UTILIZATION PRACTICES,AREA PLANTED,"WHEAT, SPRING, (EXCL DURUM) - ACRES PLANTED",ACRES,156500,0.1
2022,YEAR,ALL PRODUCTION PRACTICES,MONTANA,MT,30,LIBERTY,051,COUNTY,WHEAT,"SPRING, (EXCL DURUM)",ALL UTILIZATION PRACTICES,AREA PLANTED,"WHEAT, SPRING, (EXCL DURUM) - ACRES PLANTED",ACRES,108000,0.1
2021,YEAR,ALL PRODUCTION PRACTICES,MONTANA,MT,30,LIBERTY,051,COUNTY,WHEAT,"SPRING, (EXCL DURUM)",ALL UTILIZATION PRACTICES,AREA PLANTED,"WHEAT, SPRING, (EXCL DURUM) - ACRES PLANTED",ACRES,115500,0.00
2023,YEAR,ALL PRODUCTION PRACTICES,MONTANA,MT,30,PHILLIPS,071,COUNTY,WHEAT,"SPRING, (EXCL DURUM)",ALL UTILIZATION PRACTICES,AREA PLANTED,"WHEAT, SPRING, (EXCL DURUM) - ACRES PLANTED",ACRES,105500,0.1
2022,YEAR,ALL PRODUCTION PRACTICES,MONTANA,MT,30,PHILLIPS,071,COUNTY,WHEAT,"SPRING, (EXCL DURUM)",ALL UTILIZATION PRACTICES,AREA PLANTED,"WHEAT, SPRING, (EXCL DURUM) - ACRES PLANTED",ACRES,120000,0.1
2021,YEAR,ALL PRODUCTION PRACTICES,MONTANA,MT,30,PHILLIPS,071,COUNTY,WHEAT,"SPRING, (EXCL DURUM)",ALL UTILIZATION PRACTICES,AREA PLANTED,"WHEAT, SPRING, (EXCL DURUM) - ACRES PLANTED",ACRES,114000,0.00
2023,YEAR,ALL PRODUCTION PRACTICES,MONTANA,MT,30,PONDERA,073,COUNTY,WHEAT,"SPRING, (EXCL DURUM)",ALL UTILIZATION PRACTICES,AREA PLANTED,"WHEAT, SPRING, (EXCL DURUM) - ACRES PLANTED",ACRES,51300,0.1
2022,YEAR,ALL PRODUCTION PRACTICES,MONTANA,MT,30,PONDERA,073,COUNTY,WHEAT,"SPRING, (EXCL DURUM)",ALL UTILIZATION PRACTICES,AREA PLANTED,"WHEAT, SPRING, (EXCL DURUM) - ACRES PLANTED",ACRES,52400,1.0
2021,YEAR,ALL PRODUCTION PRACTICES,MONTANA,MT,30,PONDERA,073,COUNTY,WHEAT,"SPRING, (EXCL DURUM)",ALL UTILIZATION PRACTICES,AREA PLANTED,"WHEAT, SPRING, (EXCL DURUM) - ACRES PLANTED",ACRES,78700,0.00
2023,YEAR,ALL PRODUCTION PRACTICES,MONTANA,MT,30,TETON,099,COUNTY,WHEAT,"SPRING, (EXCL DURUM)",ALL UTILIZATION PRACTICES,AREA PLANTED,"WHEAT, SPRING, (EXCL DURUM) - ACRES PLANTED",ACRES,21500,15.2
2022,YEAR,ALL PRODUCTION PRACTICES,MONTANA,MT,30,TETON,099,COUNTY,WHEAT,"SPRING, (EXCL DURUM)",ALL UTILIZATION PRACTICES,AREA PLANTED,"WHEAT, SPRING, (EXCL DURUM) - ACRES PLANTED",ACRES,26600,9.7
2021,YEAR,ALL PRODUCTION PRACTICES,MONTANA,MT,30,TETON,099,COUNTY,WHEAT,"SPRING, (EXCL DURUM)",ALL UTILIZATION PRACTICES,AREA PLANTED,"WHEAT, SPRING, (EXCL DURUM) - ACRES PLANTED",ACRES,38800,0.00
2023,YEAR,ALL PRODUCTION PRACTICES,MONTANA,MT,30,TOOLE,101,COUNTY,WHEAT,"SPRING, (EXCL DURUM)",ALL UTILIZATION PRACTICES,AREA PLANTED,"WHEAT, SPRING, (EXCL DURUM) - ACRES PLANTED",ACRES,179500,0.1
2022,YEAR,ALL PRODUCTION PRACTICES,MONTANA,MT,30,TOOLE,101,COUNTY,WHEAT,"SPRING, (EXCL DURUM)",ALL UTILIZATION PRACTICES,AREA PLANTED,"WHEAT, SPRING, (EXCL DURUM) - ACRES PLANTED",ACRES,162500,0.1
2021,YEAR,ALL PRODUCTION PRACTICES,MONTANA,MT,30,TOOLE,101,COUNTY,WHEAT,"SPRING, (EXCL DURUM)",ALL UTILIZATION PRACTICES,AREA PLANTED,"WHEAT, SPRING, (EXCL DURUM) - ACRES PLANTED",ACRES,181000,0.00
2023,YEAR,ALL PRODUCTION PRACTICES,MONTANA,MT,30,DANIELS,019,COUNTY,WHEAT,"SPRING, (EXCL DURUM)",ALL UTILIZATION PRACTICES,AREA PLANTED,"WHEAT, SPRING, (EXCL DURUM) - ACRES PLANTED",ACRES,159500,0.1
2022,YEAR,ALL PRODUCTION PRACTICES,MONTANA,MT,30,DANIELS,019,COUNTY,WHEAT,"SPRING, (EXCL DURUM)",ALL UTILIZATION PRACTICES,AREA PLANTED,"WHEAT, SPRING, (EXCL DURUM) - ACRES PLANTED",ACRES,148500,0.1
2021,YEAR,ALL PRODUCTION PRACTICES,MONTANA,MT,30,DANIELS,019,COUNTY,WHEAT,"SPRING, (EXCL DURUM)",ALL UTILIZATION PRACTICES,AREA PLANTED,"WHEAT, SPRING, (EXCL DURUM) - ACRES PLANTED",ACRES,161500,0.00
2023,YEAR,ALL PRODUCTION PRACTICES,MONTANA,MT,30,DAWSON,021,COUNTY,WHEAT,"SPRING, (EXCL DURUM)",ALL UTILIZATION PRACTICES,AREA PLANTED,"WHEAT, SPRING, (EXCL DURUM) - ACRES PLANTED",ACRES,164500,0.1
2022,YEAR,ALL PRODUCTION PRACTICES,MONTANA,MT,30,DAWSON,021,COUNTY,WHEAT,"SPRING, (EXCL DURUM)",ALL UTILIZATION PRACTICES,AREA PLANTED,"WHEAT, SPRING, (EXCL DURUM) - ACRES PLANTED",ACRES,179000,0.1
2021,YEAR,ALL PRODUCTION PRACTICES,MONTANA,MT,30,DAWSON,021,COUNTY,WHEAT,"SPRING, (EXCL DURUM)",ALL UTILIZATION PRACTICES,AREA PLANTED,"WHEAT, SPRING, (EXCL DURUM) - ACRES PLANTED",ACRES,168500,0.00
2023,YEAR,ALL PRODUCTION PRACTICES,MONTANA,MT,30,MCCONE,055,COUNTY,WHEAT,"SPRING, (EXCL DURUM)",ALL UTILIZATION PRACTICES,AREA PLANTED,"WHEAT, SPRING, (EXCL DURUM) - ACRES PLANTED",ACRES,204500,0.1
2022,YEAR,ALL PRODUCTION PRACTICES,MONTANA,MT,30,MCCONE,055,COUNTY,WHEAT,"SPRING, (EXCL DURUM)",ALL UTILIZATION PRACTICES,AREA PLANTED,"WHEAT, SPRING, (EXCL DURUM) - ACRES PLANTED",ACRES,205000,0.2
2021,YEAR,ALL PRODUCTION PRACTICES,MONTANA,MT,30,MCCONE,055,COUNTY,WHEAT,"SPRING, (EXCL DURUM)",ALL UTILIZATION PRACTICES,AREA PLANTED,"WHEAT, SPRING, (EXCL DURUM) - ACRES PLANTED",ACRES,193000,0.00
2023,YEAR,ALL PRODUCTION PRACTICES,MONTANA,MT,30,RICHLAND,083,COUNTY,WHEAT,"SPRING, (EXCL DURUM)",ALL UTILIZATION PRACTICES,AREA PLANTED,"WHEAT, SPRING, (EXCL DURUM) - ACRES PLANTED",ACRES,157500,0.1
2022,YEAR,ALL PRODUCTION PRACTICES,MONTANA,MT,30,RICHLAND,083,COUNTY,WHEAT,"SPRING, (EXCL DURUM)",ALL UTILIZATION PRACTICES,AREA PLANTED,"WHEAT, SPRING, (EXCL DURUM) - ACRES PLANTED",ACRES,173000,0.1
2021,YEAR,ALL PRODUCTION PRACTICES,MONTANA,MT,30,RICHLAND,083,COUNTY,WHEAT,"SPRING, (EXCL DURUM)",ALL UTILIZATION PRACTICES,AREA PLANTED,"WHEAT, SPRING, (EXCL DURUM) - ACRES PLANTED",ACRES,169000,0.00
2023,YEAR,ALL PRODUCTION PRACTICES,MONTANA,MT,30,ROOSEVELT,085,COUNTY,WHEAT,"SPRING, (EXCL DURUM)",ALL UTILIZATION PRACTICES,AREA PLANTED,"WHEAT, SPRING, (EXCL DURUM) - ACRES PLANTED",ACRES,301000,0.1
2022,YEAR,ALL PRODUCTION PRACTICES,MONTANA,MT,30,ROOSEVELT,085,COUNTY,WHEAT,"SPRING, (EXCL DURUM)",ALL UTILIZATION PRACTICES,AREA PLANTED,"WHEAT, SPRING, (EXCL DURUM) - ACRES PLANTED",ACRES,298000,0.2
2021,YEAR,ALL PRODUCTION PRACTICES,MONTANA,MT,30,ROOSEVELT,085,COUNTY,WHEAT,"SPRING, (EXCL DURUM)",ALL UTILIZATION PRACTICES,AREA PLANTED,"WHEAT, SPRING, (EXCL DURUM) - ACRES PLANTED",ACRES,315000,0.00
2023,YEAR,ALL PRODUCTION PRACTICES,MONTANA,MT,30,SHERIDAN,091,COUNTY,WHEAT,"SPRING, (EXCL DURUM)",ALL UTILIZATION PRACTICES,AREA PLANTED,"WHEAT, SPRING, (EXCL DURUM) - ACRES PLANTED",ACRES,25400,0.1
2021,YEAR,ALL PRODUCTION PRACTICES,MONTANA,MT,30,SHERIDAN,091,COUNTY,WHEAT,"SPRING, (EXCL DURUM)",ALL UTILIZATION PRACTICES,AREA PLANTED,"WHEAT, SPRING, (EXCL DURUM) - ACRES PLANTED",ACRES,32600,0.00
2023,YEAR,ALL PRODUCTION PRACTICES,MONTANA,MT,30,VALLEY,105,COUNTY,WHEAT,"SPRING, (EXCL DURUM)",ALL UTILIZATION PRACTICES,AREA PLANTED,"WHEAT, SPRING, (EXCL DURUM) - ACRES PLANTED",ACRES,293500,0.1
2022,YEAR,ALL PRODUCTION PRACTICES,MONTANA,MT,30,VALLEY,105,COUNTY,WHEAT,"SPRING, (EXCL DURUM)",ALL UTILIZATION PRACTICES,AREA PLANTED,"WHEAT, SPRING, (EXCL DURUM) - ACRES PLANTED",ACRES,320500,0.3
2021,YEAR,ALL PRODUCTION PRACTICES,MONTANA,MT,30,VALLEY,105,COUNTY,WHEAT,"SPRING, (EXCL DURUM)",ALL UTILIZATION PRACTICES,AREA PLANTED,"WHEAT, SPRING, (EXCL DURUM) - ACRES PLANTED",ACRES,312000,0.00
2022,YEAR,ALL PRODUCTION PRACTICES,MONTANA,MT,30,BROADWATER,007,COUNTY,WHEAT,"SPRING, (EXCL DURUM)",ALL UTILIZATION PRACTICES,AREA PLANTED,"WHEAT, SPRING, (EXCL DURUM) - ACRES PLANTED",ACRES,9200,4.0
2021,YEAR,ALL PRODUCTION PRACTICES,MONTANA,MT,30,BROADWATER,007,COUNTY,WHEAT,"SPRING, (EXCL DURUM)",ALL UTILIZATION PRACTICES,AREA PLANTED,"WHEAT, SPRING, (EXCL DURUM) - ACRES PLANTED",ACRES,8900,0.00
2022,YEAR,ALL PRODUCTION PRACTICES,MONTANA,MT,30,CASCADE,013,COUNTY,WHEAT,"SPRING, (EXCL DURUM)",ALL UTILIZATION PRACTICES,AREA PLANTED,"WHEAT, SPRING, (EXCL DURUM) - ACRES PLANTED",ACRES,21000,0.3
2021,YEAR,ALL PRODUCTION PRACTICES,MONTANA,MT,30,CASCADE,013,COUNTY,WHEAT,"SPRING, (EXCL DURUM)",ALL UTILIZATION PRACTICES,AREA PLANTED,"WHEAT, SPRING, (EXCL DURUM) - ACRES PLANTED",ACRES,28400,0.00
2023,YEAR,ALL PRODUCTION PRACTICES,MONTANA,MT,30,FERGUS,027,COUNTY,WHEAT,"SPRING, (EXCL DURUM)",ALL UTILIZATION PRACTICES,AREA PLANTED,"WHEAT, SPRING, (EXCL DURUM) - ACRES PLANTED",ACRES,23600,0.1
2022,YEAR,ALL PRODUCTION PRACTICES,MONTANA,MT,30,FERGUS,027,COUNTY,WHEAT,"SPRING, (EXCL DURUM)",ALL UTILIZATION PRACTICES,AREA PLANTED,"WHEAT, SPRING, (EXCL DURUM) - ACRES PLANTED",ACRES,41200,0.1
2021,YEAR,ALL PRODUCTION PRACTICES,MONTANA,MT,30,FERGUS,027,COUNTY,WHEAT,"SPRING, (EXCL DURUM)",ALL UTILIZATION PRACTICES,AREA PLANTED,"WHEAT, SPRING, (EXCL DURUM) - ACRES PLANTED",ACRES,48000,0.00
2022,YEAR,ALL PRODUCTION PRACTICES,MONTANA,MT,30,JUDITH BASIN,045,COUNTY,WHEAT,"SPRING, (EXCL DURUM)",ALL UTILIZATION PRACTICES,AREA PLANTED,"WHEAT, SPRING, (EXCL DURUM) - ACRES PLANTED",ACRES,15100,0.2
2022,YEAR,ALL PRODUCTION PRACTICES,MONTANA,MT,30,LEWIS AND CLARK,049,COUNTY,WHEAT,"SPRING, (EXCL DURUM)",ALL UTILIZATION PRACTICES,AREA PLANTED,"WHEAT, SPRING, (EXCL DURUM) - ACRES PLANTED",ACRES,3700,1.0
2021,YEAR,ALL PRODUCTION PRACTICES,MONTANA,MT,30,LEWIS AND CLARK,049,COUNTY,WHEAT,"SPRING, (EXCL DURUM)",ALL UTILIZATION PRACTICES,AREA PLANTED,"WHEAT, SPRING, (EXCL DURUM) - ACRES PLANTED",ACRES,3700,0.00
2022,YEAR,ALL PRODUCTION PRACTICES,MONTANA,MT,30,MEAGHER,059,COUNTY,WHEAT,"SPRING, (EXCL DURUM)",ALL UTILIZATION PRACTICES,AREA PLANTED,"WHEAT, SPRING, (EXCL DURUM) - ACRES PLANTED",ACRES,600,4.4
2021,YEAR,ALL PRODUCTION PRACTICES,MONTANA,MT,30,MEAGHER,059,COUNTY,WHEAT,"SPRING, (EXCL DURUM)",ALL UTILIZATION PRACTICES,AREA PLANTED,"WHEAT, SPRING, (EXCL DURUM) - ACRES PLANTED",ACRES,2300,0.00
2021,YEAR,ALL PRODUCTION PRACTICES,MONTANA,MT,30,MUSSELSHELL,065,COUNTY,WHEAT,"SPRING, (EXCL DURUM)",ALL UTILIZATION PRACTICES,AREA PLANTED,"WHEAT, SPRING, (EXCL DURUM) - ACRES PLANTED",ACRES,7600,0.00
2023,YEAR,ALL PRODUCTION PRACTICES,MONTANA,MT,30,WHEATLAND,107,COUNTY,WHEAT,"SPRING, (EXCL DURUM)",ALL UTILIZATION PRACTICES,AREA PLANTED,"WHEAT, SPRING, (EXCL DURUM) - ACRES PLANTED",ACRES,5500,0.2
2021,YEAR,ALL PRODUCTION PRACTICES,MONTANA,MT,30,BEAVERHEAD,001,COUNTY,WHEAT,"SPRING, (EXCL DURUM)",ALL UTILIZATION PRACTICES,AREA PLANTED,"WHEAT, SPRING, (EXCL DURUM) - ACRES PLANTED",ACRES,6800,0.00
2023,YEAR,ALL PRODUCTION PRACTICES,MONTANA,MT,30,GALLATIN,031,COUNTY,WHEAT,"SPRING, (EXCL DURUM)",ALL UTILIZATION PRACTICES,AREA PLANTED,"WHEAT, SPRING, (EXCL DURUM) - ACRES PLANTED",ACRES,19700,0.1
2022,YEAR,ALL PRODUCTION PRACTICES,MONTANA,MT,30,GALLATIN,031,COUNTY,WHEAT,"SPRING, (EXCL DURUM)",ALL UTILIZATION PRACTICES,AREA PLANTED,"WHEAT, SPRING, (EXCL DURUM) - ACRES PLANTED",ACRES,22400,0.2
2021,YEAR,ALL PRODUCTION PRACTICES,MONTANA,MT,30,GALLATIN,031,COUNTY,WHEAT,"SPRING, (EXCL DURUM)",ALL UTILIZATION PRACTICES,AREA PLANTED,"WHEAT, SPRING, (EXCL DURUM) - ACRES PLANTED",ACRES,27000,0.00
2023,YEAR,ALL PRODUCTION PRACTICES,MONTANA,MT,30,MADISON,057,COUNTY,WHEAT,"SPRING, (EXCL DURUM)",ALL UTILIZATION PRACTICES,AREA PLANTED,"WHEAT, SPRING, (EXCL DURUM) - ACRES PLANTED",ACRES,3400,0.3
2021,YEAR,ALL PRODUCTION PRACTICES,MONTANA,MT,30,MADISON,057,COUNTY,WHEAT,"SPRING, (EXCL DURUM)",ALL UTILIZATION PRACTICES,AREA PLANTED,"WHEAT, SPRING, (EXCL DURUM) - ACRES PLANTED",ACRES,5900,0.00
2023,YEAR,ALL PRODUCTION PRACTICES,MONTANA,MT,30,BIG HORN,003,COUNTY,WHEAT,"SPRING, (EXCL DURUM)",ALL UTILIZATION PRACTICES,AREA PLANTED,"WHEAT, SPRING, (EXCL DURUM) - ACRES PLANTED",ACRES,7900,0.2
2022,YEAR,ALL PRODUCTION PRACTICES,MONTANA,MT,30,BIG HORN,003,COUNTY,WHEAT,"SPRING, (EXCL DURUM)",ALL UTILIZATION PRACTICES,AREA PLANTED,"WHEAT, SPRING, (EXCL DURUM) - ACRES PLANTED",ACRES,7900,0.2
2021,YEAR,ALL PRODUCTION PRACTICES,MONTANA,MT,30,BIG HORN,003,COUNTY,WHEAT,"SPRING, (EXCL DURUM)",ALL UTILIZATION PRACTICES,AREA PLANTED,"WHEAT, SPRING, (EXCL DURUM) - ACRES PLANTED",ACRES,19400,0.00
2022,YEAR,ALL PRODUCTION PRACTICES,MONTANA,MT,30,PARK,067,COUNTY,WHEAT,"SPRING, (EXCL DURUM)",ALL UTILIZATION PRACTICES,AREA PLANTED,"WHEAT, SPRING, (EXCL DURUM) - ACRES PLANTED",ACRES,2800,0.6
2021,YEAR,ALL PRODUCTION PRACTICES,MONTANA,MT,30,PARK,067,COUNTY,WHEAT,"SPRING, (EXCL DURUM)",ALL UTILIZATION PRACTICES,AREA PLANTED,"WHEAT, SPRING, (EXCL DURUM) - ACRES PLANTED",ACRES,4200,0.00
2022,YEAR,ALL PRODUCTION PRACTICES,MONTANA,MT,30,STILLWATER,095,COUNTY,WHEAT,"SPRING, (EXCL DURUM)",ALL UTILIZATION PRACTICES,AREA PLANTED,"WHEAT, SPRING, (EXCL DURUM) - ACRES PLANTED",ACRES,1300,1.5
2022,YEAR,ALL PRODUCTION PRACTICES,MONTANA,MT,30,TREASURE,103,COUNTY,WHEAT,"SPRING, (EXCL DURUM)",ALL UTILIZATION PRACTICES,AREA PLANTED,"WHEAT, SPRING, (EXCL DURUM) - ACRES PLANTED",ACRES,2000,1.0
2022,YEAR,ALL PRODUCTION PRACTICES,MONTANA,MT,30,YELLOWSTONE,111,COUNTY,WHEAT,"SPRING, (EXCL DURUM)",ALL UTILIZATION PRACTICES,AREA PLANTED,"WHEAT, SPRING, (EXCL DURUM) - ACRES PLANTED",ACRES,12200,0.2
2021,YEAR,ALL PRODUCTION PRACTICES,MONTANA,MT,30,YELLOWSTONE,111,COUNTY,WHEAT,"SPRING, (EXCL DURUM)",ALL UTILIZATION PRACTICES,AREA PLANTED,"WHEAT, SPRING, (EXCL DURUM) - ACRES PLANTED",ACRES,19400,0.00
2022,YEAR,ALL PRODUCTION PRACTICES,MONTANA,MT,30,CUSTER,017,COUNTY,WHEAT,"SPRING, (EXCL DURUM)",ALL UTILIZATION PRACTICES,AREA PLANTED,"WHEAT, SPRING, (EXCL DURUM) - ACRES PLANTED",ACRES,3900,0.6
2022,YEAR,ALL PRODUCTION PRACTICES,MONTANA,MT,30,FALLON,025,COUNTY,WHEAT,"SPRING, (EXCL DURUM)",ALL UTILIZATION PRACTICES,AREA PLANTED,"WHEAT, SPRING, (EXCL DURUM) - ACRES PLANTED",ACRES,20500,0.2
2021,YEAR,ALL PRODUCTION PRACTICES,MONTANA,MT,30,FALLON,025,COUNTY,WHEAT,"SPRING, (EXCL DURUM)",ALL UTILIZATION PRACTICES,AREA PLANTED,"WHEAT, SPRING, (EXCL DURUM) - ACRES PLANTED",ACRES,15400,0.00
2022,YEAR,ALL PRODUCTION PRACTICES,MONTANA,MT,30,POWDER RIVER,075,COUNTY,WHEAT,"SPRING, (EXCL DURUM)",ALL UTILIZATION PRACTICES,AREA PLANTED,"WHEAT, SPRING, (EXCL DURUM) - ACRES PLANTED",ACRES,2100,0.6
2022,YEAR,ALL PRODUCTION PRACTICES,MONTANA,MT,30,ROSEBUD,087,COUNTY,WHEAT,"SPRING, (EXCL DURUM)",ALL UTILIZATION PRACTICES,AREA PLANTED,"WHEAT, SPRING, (EXCL DURUM) - ACRES PLANTED",ACRES,17300,0.5
2023,YEAR,ALL PRODUCTION PRACTICES,MONTANA,MT,30,OTHER COUNTIES,,COUNTY,WHEAT,"SPRING, (EXCL DURUM)",ALL UTILIZATION PRACTICES,AREA PLANTED,"WHEAT, SPRING, (EXCL DURUM) - ACRES PLANTED",ACRES,210500,0.1
2022,YEAR,ALL PRODUCTION PRACTICES,MONTANA,MT,30,OTHER COUNTIES,,COUNTY,WHEAT,"SPRING, (EXCL DURUM)",ALL UTILIZATION PRACTICES,AREA PLANTED,"WHEAT, SPRING, (EXCL DURUM) - ACRES PLANTED",ACRES,181200,0.4
2021,YEAR,ALL PRODUCTION PRACTICES,MONTANA,MT,30,OTHER COUNTIES,,COUNTY,WHEAT,"SPRING, (EXCL DURUM)",ALL UTILIZATION PRACTICES,AREA PLANTED,"WHEAT, SPRING, (EXCL DURUM) - ACRES PLANTED",ACRES,170100,0.20
2023,YEAR,ALL PRODUCTION PRACTICES,NORTH DAKOTA,ND,38,BURKE,013,COUNTY,WHEAT,"SPRING, (EXCL DURUM)",ALL UTILIZATION PRACTICES,AREA PLANTED,"WHEAT, SPRING, (EXCL DURUM) - ACRES PLANTED",ACRES,119000,0.3
2022,YEAR,ALL PRODUCTION PRACTICES,NORTH DAKOTA,ND,38,BURKE,013,COUNTY,WHEAT,"SPRING, (EXCL DURUM)",ALL UTILIZATION PRACTICES,AREA PLANTED,"WHEAT, SPRING, (EXCL DURUM) - ACRES PLANTED",ACRES,73300,1.4
2021,YEAR,ALL PRODUCTION PRACTICES,NORTH DAKOTA,ND,38,BURKE,013,COUNTY,WHEAT,"SPRING, (EXCL DURUM)",ALL UTILIZATION PRACTICES,AREA PLANTED,"WHEAT, SPRING, (EXCL DURUM) - ACRES PLANTED",ACRES,125500,0.50
2023,YEAR,ALL PRODUCTION PRACTICES,NORTH DAKOTA,ND,38,DIVIDE,023,COUNTY,WHEAT,"SPRING, (EXCL DURUM)",ALL UTILIZATION PRACTICES,AREA PLANTED,"WHEAT, SPRING, (EXCL DURUM) - ACRES PLANTED",ACRES,75200,0.6
2022,YEAR,ALL PRODUCTION PRACTICES,NORTH DAKOTA,ND,38,DIVIDE,023,COUNTY,WHEAT,"SPRING, (EXCL DURUM)",ALL UTILIZATION PRACTICES,AREA PLANTED,"WHEAT, SPRING, (EXCL DURUM) - ACRES PLANTED",ACRES,80000,1.0
2021,YEAR,ALL PRODUCTION PRACTICES,NORTH DAKOTA,ND,38,DIVIDE,023,COUNTY,WHEAT,"SPRING, (EXCL DURUM)",ALL UTILIZATION PRACTICES,AREA PLANTED,"WHEAT, SPRING, (EXCL DURUM) - ACRES PLANTED",ACRES,95200,1.30
2022,YEAR,ALL PRODUCTION PRACTICES,NORTH DAKOTA,ND,38,MOUNTRAIL,061,COUNTY,WHEAT,"SPRING, (EXCL DURUM)",ALL UTILIZATION PRACTICES,AREA PLANTED,"WHEAT, SPRING, (EXCL DURUM) - ACRES PLANTED",ACRES,168000,0.9
2023,YEAR,ALL PRODUCTION PRACTICES,NORTH DAKOTA,ND,38,RENVILLE,075,COUNTY,WHEAT,"SPRING, (EXCL DURUM)",ALL UTILIZATION PRACTICES,AREA PLANTED,"WHEAT, SPRING, (EXCL DURUM) - ACRES PLANTED",ACRES,139000,0.2
2022,YEAR,ALL PRODUCTION PRACTICES,NORTH DAKOTA,ND,38,RENVILLE,075,COUNTY,WHEAT,"SPRING, (EXCL DURUM)",ALL UTILIZATION PRACTICES,AREA PLANTED,"WHEAT, SPRING, (EXCL DURUM) - ACRES PLANTED",ACRES,111000,0.9
2021,YEAR,ALL PRODUCTION PRACTICES,NORTH DAKOTA,ND,38,RENVILLE,075,COUNTY,WHEAT,"SPRING, (EXCL DURUM)",ALL UTILIZATION PRACTICES,AREA PLANTED,"WHEAT, SPRING, (EXCL DURUM) - ACRES PLANTED",ACRES,131500,0.50
2023,YEAR,ALL PRODUCTION PRACTICES,NORTH DAKOTA,ND,38,WARD,101,COUNTY,WHEAT,"SPRING, (EXCL DURUM)",ALL UTILIZATION PRACTICES,AREA PLANTED,"WHEAT, SPRING, (EXCL DURUM) - ACRES PLANTED",ACRES,286500,1.1
2022,YEAR,ALL PRODUCTION PRACTICES,NORTH DAKOTA,ND,38,WARD,101,COUNTY,WHEAT,"SPRING, (EXCL DURUM)",ALL UTILIZATION PRACTICES,AREA PLANTED,"WHEAT, SPRING, (EXCL DURUM) - ACRES PLANTED",ACRES,293000,5.5
2021,YEAR,ALL PRODUCTION PRACTICES,NORTH DAKOTA,ND,38,WARD,101,COUNTY,WHEAT,"SPRING, (EXCL DURUM)",ALL UTILIZATION PRACTICES,AREA PLANTED,"WHEAT, SPRING, (EXCL DURUM) - ACRES PLANTED",ACRES,286000,1.30
2023,YEAR,ALL PRODUCTION PRACTICES,NORTH DAKOTA,ND,38,WILLIAMS,105,COUNTY,WHEAT,"SPRING, (EXCL DURUM)",ALL UTILIZATION PRACTICES,AREA PLANTED,"WHEAT, SPRING, (EXCL DURUM) - ACRES PLANTED",ACRES,78400,0.7
2022,YEAR,ALL PRODUCTION PRACTICES,NORTH DAKOTA,ND,38,WILLIAMS,105,COUNTY,WHEAT,"SPRING, (EXCL DURUM)",ALL UTILIZATION PRACTICES,AREA PLANTED,"WHEAT, SPRING, (EXCL DURUM) - ACRES PLANTED",ACRES,77400,1.1
2021,YEAR,ALL PRODUCTION PRACTICES,NORTH DAKOTA,ND,38,WILLIAMS,105,COUNTY,WHEAT,"SPRING, (EXCL DURUM)",ALL UTILIZATION PRACTICES,AREA PLANTED,"WHEAT, SPRING, (EXCL DURUM) - ACRES PLANTED",ACRES,85100,1.70
2023,YEAR,ALL PRODUCTION PRACTICES,NORTH DAKOTA,ND,38,BENSON,005,COUNTY,WHEAT,"SPRING, (EXCL DURUM)",ALL UTILIZATION PRACTICES,AREA PLANTED,"WHEAT, SPRING, (EXCL DURUM) - ACRES PLANTED",ACRES,131500,0.2
2022,YEAR,ALL PRODUCTION PRACTICES,NORTH DAKOTA,ND,38,BENSON,005,COUNTY,WHEAT,"SPRING, (EXCL DURUM)",ALL UTILIZATION PRACTICES,AREA PLANTED,"WHEAT, SPRING, (EXCL DURUM) - ACRES PLANTED",ACRES,143000,0.8
2021,YEAR,ALL PRODUCTION PRACTICES,NORTH DAKOTA,ND,38,BENSON,005,COUNTY,WHEAT,"SPRING, (EXCL DURUM)",ALL UTILIZATION PRACTICES,AREA PLANTED,"WHEAT, SPRING, (EXCL DURUM) - ACRES PLANTED",ACRES,138500,0.40
2023,YEAR,ALL PRODUCTION PRACTICES,NORTH DAKOTA,ND,38,BOTTINEAU,009,COUNTY,WHEAT,"SPRING, (EXCL DURUM)",ALL UTILIZATION PRACTICES,AREA PLANTED,"WHEAT, SPRING, (EXCL DURUM) - ACRES PLANTED",ACRES,251000,1.3
2022,YEAR,ALL PRODUCTION PRACTICES,NORTH DAKOTA,ND,38,BOTTINEAU,009,COUNTY,WHEAT,"SPRING, (EXCL DURUM)",ALL UTILIZATION PRACTICES,AREA PLANTED,"WHEAT, SPRING, (EXCL DURUM) - ACRES PLANTED",ACRES,230500,1.2
2021,YEAR,ALL PRODUCTION PRACTICES,NORTH DAKOTA,ND,38,BOTTINEAU,009,COUNTY,WHEAT,"SPRING, (EXCL DURUM)",ALL UTILIZATION PRACTICES,AREA PLANTED,"WHEAT, SPRING, (EXCL DURUM) - ACRES PLANTED",ACRES,240000,0.80
2022,YEAR,ALL PRODUCTION PRACTICES,NORTH DAKOTA,ND,38,MCHENRY,049,COUNTY,WHEAT,"SPRING, (EXCL DURUM)",ALL UTILIZATION PRACTICES,AREA PLANTED,"WHEAT, SPRING, (EXCL DURUM) - ACRES PLANTED",ACRES,125000,0.8
2021,YEAR,ALL PRODUCTION PRACTICES,NORTH DAKOTA,ND,38,MCHENRY,049,COUNTY,WHEAT,"SPRING, (EXCL DURUM)",ALL UTILIZATION PRACTICES,AREA PLANTED,"WHEAT, SPRING, (EXCL DURUM) - ACRES PLANTED",ACRES,112000,0.50
2023,YEAR,ALL PRODUCTION PRACTICES,NORTH DAKOTA,ND,38,PIERCE,069,COUNTY,WHEAT,"SPRING, (EXCL DURUM)",ALL UTILIZATION PRACTICES,AREA PLANTED,"WHEAT, SPRING, (EXCL DURUM) - ACRES PLANTED",ACRES,122000,0.2
2022,YEAR,ALL PRODUCTION PRACTICES,NORTH DAKOTA,ND,38,PIERCE,069,COUNTY,WHEAT,"SPRING, (EXCL DURUM)",ALL UTILIZATION PRACTICES,AREA PLANTED,"WHEAT, SPRING, (EXCL DURUM) - ACRES PLANTED",ACRES,117500,0.8
2021,YEAR,ALL PRODUCTION PRACTICES,NORTH DAKOTA,ND,38,PIERCE,069,COUNTY,WHEAT,"SPRING, (EXCL DURUM)",ALL UTILIZATION PRACTICES,AREA PLANTED,"WHEAT, SPRING, (EXCL DURUM) - ACRES PLANTED",ACRES,117500,0.50
2023,YEAR,ALL PRODUCTION PRACTICES,NORTH DAKOTA,ND,38,ROLETTE,079,COUNTY,WHEAT,"SPRING, (EXCL DURUM)",ALL UTILIZATION PRACTICES,AREA PLANTED,"WHEAT, SPRING, (EXCL DURUM) - ACRES PLANTED",ACRES,106000,0.3
2022,YEAR,ALL PRODUCTION PRACTICES,NORTH DAKOTA,ND,38,ROLETTE,079,COUNTY,WHEAT,"SPRING, (EXCL DURUM)",ALL UTILIZATION PRACTICES,AREA PLANTED,"WHEAT, SPRING, (EXCL DURUM) - ACRES PLANTED",ACRES,90800,0.9
2021,YEAR,ALL PRODUCTION PRACTICES,NORTH DAKOTA,ND,38,ROLETTE,079,COUNTY,WHEAT,"SPRING, (EXCL DURUM)",ALL UTILIZATION PRACTICES,AREA PLANTED,"WHEAT, SPRING, (EXCL DURUM) - ACRES PLANTED",ACRES,96400,0.60
2023,YEAR,ALL PRODUCTION PRACTICES,NORTH DAKOTA,ND,38,CAVALIER,019,COUNTY,WHEAT,"SPRING, (EXCL DURUM)",ALL UTILIZATION PRACTICES,AREA PLANTED,"WHEAT, SPRING, (EXCL DURUM) - ACRES PLANTED",ACRES,305000,0.4
2023,YEAR,ALL PRODUCTION PRACTICES,NORTH DAKOTA,ND,38,GRAND FORKS,035,COUNTY,WHEAT,"SPRING, (EXCL DURUM)",ALL UTILIZATION PRACTICES,AREA PLANTED,"WHEAT, SPRING, (EXCL DURUM) - ACRES PLANTED",ACRES,135500,0.2
2022,YEAR,ALL PRODUCTION PRACTICES,NORTH DAKOTA,ND,38,GRAND FORKS,035,COUNTY,WHEAT,"SPRING, (EXCL DURUM)",ALL UTILIZATION PRACTICES,AREA PLANTED,"WHEAT, SPRING, (EXCL DURUM) - ACRES PLANTED",ACRES,125500,0.7
2021,YEAR,ALL PRODUCTION PRACTICES,NORTH DAKOTA,ND,38,GRAND FORKS,035,COUNTY,WHEAT,"SPRING, (EXCL DURUM)",ALL UTILIZATION PRACTICES,AREA PLANTED,"WHEAT, SPRING, (EXCL DURUM) - ACRES PLANTED",ACRES,128000,0.40
2022,YEAR,ALL PRODUCTION PRACTICES,NORTH DAKOTA,ND,38,NELSON,063,COUNTY,WHEAT,"SPRING, (EXCL DURUM)",ALL UTILIZATION PRACTICES,AREA PLANTED,"WHEAT, SPRING, (EXCL DURUM) - ACRES PLANTED",ACRES,93200,0.8
2021,YEAR,ALL PRODUCTION PRACTICES,NORTH DAKOTA,ND,38,NELSON,063,COUNTY,WHEAT,"SPRING, (EXCL DURUM)",ALL UTILIZATION PRACTICES,AREA PLANTED,"WHEAT, SPRING, (EXCL DURUM) - ACRES PLANTED",ACRES,106000,0.60
2023,YEAR,ALL PRODUCTION PRACTICES,NORTH DAKOTA,ND,38,PEMBINA,067,COUNTY,WHEAT,"SPRING, (EXCL DURUM)",ALL UTILIZATION PRACTICES,AREA PLANTED,"WHEAT, SPRING, (EXCL DURUM) - ACRES PLANTED",ACRES,210000,0.2
2022,YEAR,ALL PRODUCTION PRACTICES,NORTH DAKOTA,ND,38,PEMBINA,067,COUNTY,WHEAT,"SPRING, (EXCL DURUM)",ALL UTILIZATION PRACTICES,AREA PLANTED,"WHEAT, SPRING, (EXCL DURUM) - ACRES PLANTED",ACRES,205000,0.7
2021,YEAR,ALL PRODUCTION PRACTICES,NORTH DAKOTA,ND,38,PEMBINA,067,COUNTY,WHEAT,"SPRING, (EXCL DURUM)",ALL UTILIZATION PRACTICES,AREA PLANTED,"WHEAT, SPRING, (EXCL DURUM) - ACRES PLANTED",ACRES,195500,0.40
2023,YEAR,ALL PRODUCTION PRACTICES,NORTH DAKOTA,ND,38,RAMSEY,071,COUNTY,WHEAT,"SPRING, (EXCL DURUM)",ALL UTILIZATION PRACTICES,AREA PLANTED,"WHEAT, SPRING, (EXCL DURUM) - ACRES PLANTED",ACRES,133500,0.2
2022,YEAR,ALL PRODUCTION PRACTICES,NORTH DAKOTA,ND,38,RAMSEY,071,COUNTY,WHEAT,"SPRING, (EXCL DURUM)",ALL UTILIZATION PRACTICES,AREA PLANTED,"WHEAT, SPRING, (EXCL DURUM) - ACRES PLANTED",ACRES,128000,0.7
2021,YEAR,ALL PRODUCTION PRACTICES,NORTH DAKOTA,ND,38,RAMSEY,071,COUNTY,WHEAT,"SPRING, (EXCL DURUM)",ALL UTILIZATION PRACTICES,AREA PLANTED,"WHEAT, SPRING, (EXCL DURUM) - ACRES PLANTED",ACRES,150000,0.40
2023,YEAR,ALL PRODUCTION PRACTICES,NORTH DAKOTA,ND,38,TOWNER,095,COUNTY,WHEAT,"SPRING, (EXCL DURUM)",ALL UTILIZATION PRACTICES,AREA PLANTED,"WHEAT, SPRING, (EXCL DURUM) - ACRES PLANTED",ACRES,186500,0.2
2022,YEAR,ALL PRODUCTION PRACTICES,NORTH DAKOTA,ND,38,TOWNER,095,COUNTY,WHEAT,"SPRING, (EXCL DURUM)",ALL UTILIZATION PRACTICES,AREA PLANTED,"WHEAT, SPRING, (EXCL DURUM) - ACRES PLANTED",ACRES,154000,0.7
2021,YEAR,ALL PRODUCTION PRACTICES,NORTH DAKOTA,ND,38,TOWNER,095,COUNTY,WHEAT,"SPRING, (EXCL DURUM)",ALL UTILIZATION PRACTICES,AREA PLANTED,"WHEAT, SPRING, (EXCL DURUM) - ACRES PLANTED",ACRES,185000,0.40
2023,YEAR,ALL PRODUCTION PRACTICES,NORTH DAKOTA,ND,38,WALSH,099,COUNTY,WHEAT,"SPRING, (EXCL DURUM)",ALL UTILIZATION PRACTICES,AREA PLANTED,"WHEAT, SPRING, (EXCL DURUM) - ACRES PLANTED",ACRES,194500,0.2
2022,YEAR,ALL PRODUCTION PRACTICES,NORTH DAKOTA,ND,38,WALSH,099,COUNTY,WHEAT,"SPRING, (EXCL DURUM)",ALL UTILIZATION PRACTICES,AREA PLANTED,"WHEAT, SPRING, (EXCL DURUM) - ACRES PLANTED",ACRES,190000,0.7
2021,YEAR,ALL PRODUCTION PRACTICES,NORTH DAKOTA,ND,38,WALSH,099,COUNTY,WHEAT,"SPRING, (EXCL DURUM)",ALL UTILIZATION PRACTICES,AREA PLANTED,"WHEAT, SPRING, (EXCL DURUM) - ACRES PLANTED",ACRES,189000,0.40
2023,YEAR,ALL PRODUCTION PRACTICES,NORTH DAKOTA,ND,38,DUNN,025,COUNTY,WHEAT,"SPRING, (EXCL DURUM)",ALL UTILIZATION PRACTICES,AREA PLANTED,"WHEAT, SPRING, (EXCL DURUM) - ACRES PLANTED",ACRES,142000,0.2
2022,YEAR,ALL PRODUCTION PRACTICES,NORTH DAKOTA,ND,38,DUNN,025,COUNTY,WHEAT,"SPRING, (EXCL DURUM)",ALL UTILIZATION PRACTICES,AREA PLANTED,"WHEAT, SPRING, (EXCL DURUM) - ACRES PLANTED",ACRES,126000,0.7
2021,YEAR,ALL PRODUCTION PRACTICES,NORTH DAKOTA,ND,38,DUNN,025,COUNTY,WHEAT,"SPRING, (EXCL DURUM)",ALL UTILIZATION PRACTICES,AREA PLANTED,"WHEAT, SPRING, (EXCL DURUM) - ACRES PLANTED",ACRES,147000,0.60
2023,YEAR,ALL PRODUCTION PRACTICES,NORTH DAKOTA,ND,38,MCKENZIE,053,COUNTY,WHEAT,"SPRING, (EXCL DURUM)",ALL UTILIZATION PRACTICES,AREA PLANTED,"WHEAT, SPRING, (EXCL DURUM) - ACRES PLANTED",ACRES,111500,0.2
2022,YEAR,ALL PRODUCTION PRACTICES,NORTH DAKOTA,ND,38,MCKENZIE,053,COUNTY,WHEAT,"SPRING, (EXCL DURUM)",ALL UTILIZATION PRACTICES,AREA PLANTED,"WHEAT, SPRING, (EXCL DURUM) - ACRES PLANTED",ACRES,102500,0.7
2021,YEAR,ALL PRODUCTION PRACTICES,NORTH DAKOTA,ND,38,MCKENZIE,053,COUNTY,WHEAT,"SPRING, (EXCL DURUM)",ALL UTILIZATION PRACTICES,AREA PLANTED,"WHEAT, SPRING, (EXCL DURUM) - ACRES PLANTED",ACRES,102000,0.50
2022,YEAR,ALL PRODUCTION PRACTICES,NORTH DAKOTA,ND,38,MCLEAN,055,COUNTY,WHEAT,"SPRING, (EXCL DURUM)",ALL UTILIZATION PRACTICES,AREA PLANTED,"WHEAT, SPRING, (EXCL DURUM) - ACRES PLANTED",ACRES,261000,6.4
2021,YEAR,ALL PRODUCTION PRACTICES,NORTH DAKOTA,ND,38,MCLEAN,055,COUNTY,WHEAT,"SPRING, (EXCL DURUM)",ALL UTILIZATION PRACTICES,AREA PLANTED,"WHEAT, SPRING, (EXCL DURUM) - ACRES PLANTED",ACRES,229500,2.50
2021,YEAR,ALL PRODUCTION PRACTICES,NORTH DAKOTA,ND,38,MERCER,057,COUNTY,WHEAT,"SPRING, (EXCL DURUM)",ALL UTILIZATION PRACTICES,AREA PLANTED,"WHEAT, SPRING, (EXCL DURUM) - ACRES PLANTED",ACRES,50100,0.60
2022,YEAR,ALL PRODUCTION PRACTICES,NORTH DAKOTA,ND,38,OLIVER,065,COUNTY,WHEAT,"SPRING, (EXCL DURUM)",ALL UTILIZATION PRACTICES,AREA PLANTED,"WHEAT, SPRING, (EXCL DURUM) - ACRES PLANTED",ACRES,52600,0.9
2021,YEAR,ALL PRODUCTION PRACTICES,NORTH DAKOTA,ND,38,OLIVER,065,COUNTY,WHEAT,"SPRING, (EXCL DURUM)",ALL UTILIZATION PRACTICES,AREA PLANTED,"WHEAT, SPRING, (EXCL DURUM) - ACRES PLANTED",ACRES,50000,0.70
2023,YEAR,ALL PRODUCTION PRACTICES,NORTH DAKOTA,ND,38,EDDY,027,COUNTY,WHEAT,"SPRING, (EXCL DURUM)",ALL UTILIZATION PRACTICES,AREA PLANTED,"WHEAT, SPRING, (EXCL DURUM) - ACRES PLANTED",ACRES,19400,2.1
2022,YEAR,ALL PRODUCTION PRACTICES,NORTH DAKOTA,ND,38,EDDY,027,COUNTY,WHEAT,"SPRING, (EXCL DURUM)",ALL UTILIZATION PRACTICES,AREA PLANTED,"WHEAT, SPRING, (EXCL DURUM) - ACRES PLANTED",ACRES,29600,1.9
2021,YEAR,ALL PRODUCTION PRACTICES,NORTH DAKOTA,ND,38,EDDY,027,COUNTY,WHEAT,"SPRING, (EXCL DURUM)",ALL UTILIZATION PRACTICES,AREA PLANTED,"WHEAT, SPRING, (EXCL DURUM) - ACRES PLANTED",ACRES,33200,1.00
2023,YEAR,ALL PRODUCTION PRACTICES,NORTH DAKOTA,ND,38,FOSTER,031,COUNTY,WHEAT,"SPRING, (EXCL DURUM)",ALL UTILIZATION PRACTICES,AREA PLANTED,"WHEAT, SPRING, (EXCL DURUM) - ACRES PLANTED",ACRES,26100,0.9
2022,YEAR,ALL PRODUCTION PRACTICES,NORTH DAKOTA,ND,38,FOSTER,031,COUNTY,WHEAT,"SPRING, (EXCL DURUM)",ALL UTILIZATION PRACTICES,AREA PLANTED,"WHEAT, SPRING, (EXCL DURUM) - ACRES PLANTED",ACRES,31200,1.4
2021,YEAR,ALL PRODUCTION PRACTICES,NORTH DAKOTA,ND,38,FOSTER,031,COUNTY,WHEAT,"SPRING, (EXCL DURUM)",ALL UTILIZATION PRACTICES,AREA PLANTED,"WHEAT, SPRING, (EXCL DURUM) - ACRES PLANTED",ACRES,32500,1.00
2023,YEAR,ALL PRODUCTION PRACTICES,NORTH DAKOTA,ND,38,KIDDER,043,COUNTY,WHEAT,"SPRING, (EXCL DURUM)",ALL UTILIZATION PRACTICES,AREA PLANTED,"WHEAT, SPRING, (EXCL DURUM) - ACRES PLANTED",ACRES,47300,0.4
2022,YEAR,ALL PRODUCTION PRACTICES,NORTH DAKOTA,ND,38,KIDDER,043,COUNTY,WHEAT,"SPRING, (EXCL DURUM)",ALL UTILIZATION PRACTICES,AREA PLANTED,"WHEAT, SPRING, (EXCL DURUM) - ACRES PLANTED",ACRES,50100,0.9
2021,YEAR,ALL PRODUCTION PRACTICES,NORTH DAKOTA,ND,38,KIDDER,043,COUNTY,WHEAT,"SPRING, (EXCL DURUM)",ALL UTILIZATION PRACTICES,AREA PLANTED,"WHEAT, SPRING, (EXCL DURUM) - ACRES PLANTED",ACRES,41000,0.90
2023,YEAR,ALL PRODUCTION PRACTICES,NORTH DAKOTA,ND,38,SHERIDAN,083,COUNTY,WHEAT,"SPRING, (EXCL DURUM)",ALL UTILIZATION PRACTICES,AREA PLANTED,"WHEAT, SPRING, (EXCL DURUM) - ACRES PLANTED",ACRES,85600,0.2
2022,YEAR,ALL PRODUCTION PRACTICES,NORTH DAKOTA,ND,38,SHERIDAN,083,COUNTY,WHEAT,"SPRING, (EXCL DURUM)",ALL UTILIZATION PRACTICES,AREA PLANTED,"WHEAT, SPRING, (EXCL DURUM) - ACRES PLANTED",ACRES,87500,0.8
2021,YEAR,ALL PRODUCTION PRACTICES,NORTH DAKOTA,ND,38,SHERIDAN,083,COUNTY,WHEAT,"SPRING, (EXCL DURUM)",ALL UTILIZATION PRACTICES,AREA PLANTED,"WHEAT, SPRING, (EXCL DURUM) - ACRES PLANTED",ACRES,79600,0.50
2023,YEAR,ALL PRODUCTION PRACTICES,NORTH DAKOTA,ND,38,STUTSMAN,093,COUNTY,WHEAT,"SPRING, (EXCL DURUM)",ALL UTILIZATION PRACTICES,AREA PLANTED,"WHEAT, SPRING, (EXCL DURUM) - ACRES PLANTED",ACRES,63700,0.3
2022,YEAR,ALL PRODUCTION PRACTICES,NORTH DAKOTA,ND,38,STUTSMAN,093,COUNTY,WHEAT,"SPRING, (EXCL DURUM)",ALL UTILIZATION PRACTICES,AREA PLANTED,"WHEAT, SPRING, (EXCL DURUM) - ACRES PLANTED",ACRES,87700,0.8
2021,YEAR,ALL PRODUCTION PRACTICES,NORTH DAKOTA,ND,38,STUTSMAN,093,COUNTY,WHEAT,"SPRING, (EXCL DURUM)",ALL UTILIZATION PRACTICES,AREA PLANTED,"WHEAT, SPRING, (EXCL DURUM) - ACRES PLANTED",ACRES,59400,0.60
2022,YEAR,ALL PRODUCTION PRACTICES,NORTH DAKOTA,ND,38,WELLS,103,COUNTY,WHEAT,"SPRING, (EXCL DURUM)",ALL UTILIZATION PRACTICES,AREA PLANTED,"WHEAT, SPRING, (EXCL DURUM) - ACRES PLANTED",ACRES,126000,0.8
2021,YEAR,ALL PRODUCTION PRACTICES,NORTH DAKOTA,ND,38,WELLS,103,COUNTY,WHEAT,"SPRING, (EXCL DURUM)",ALL UTILIZATION PRACTICES,AREA PLANTED,"WHEAT, SPRING, (EXCL DURUM) - ACRES PLANTED",ACRES,117500,0.50
2023,YEAR,ALL PRODUCTION PRACTICES,NORTH DAKOTA,ND,38,BARNES,003,COUNTY,WHEAT,"SPRING, (EXCL DURUM)",ALL UTILIZATION PRACTICES,AREA PLANTED,"WHEAT, SPRING, (EXCL DURUM) - ACRES PLANTED",ACRES,65400,0.5
2022,YEAR,ALL PRODUCTION PRACTICES,NORTH DAKOTA,ND,38,BARNES,003,COUNTY,WHEAT,"SPRING, (EXCL DURUM)",ALL UTILIZATION PRACTICES,AREA PLANTED,"WHEAT, SPRING, (EXCL DURUM) - ACRES PLANTED",ACRES,61200,1.1
2021,YEAR,ALL PRODUCTION PRACTICES,NORTH DAKOTA,ND,38,BARNES,003,COUNTY,WHEAT,"SPRING, (EXCL DURUM)",ALL UTILIZATION PRACTICES,AREA PLANTED,"WHEAT, SPRING, (EXCL DURUM) - ACRES PLANTED",ACRES,71500,0.70
2023,YEAR,ALL PRODUCTION PRACTICES,NORTH DAKOTA,ND,38,CASS,017,COUNTY,WHEAT,"SPRING, (EXCL DURUM)",ALL UTILIZATION PRACTICES,AREA PLANTED,"WHEAT, SPRING, (EXCL DURUM) - ACRES PLANTED",ACRES,79900,0.2
2022,YEAR,ALL PRODUCTION PRACTICES,NORTH DAKOTA,ND,38,CASS,017,COUNTY,WHEAT,"SPRING, (EXCL DURUM)",ALL UTILIZATION PRACTICES,AREA PLANTED,"WHEAT, SPRING, (EXCL DURUM) - ACRES PLANTED",ACRES,84100,1.1
2021,YEAR,ALL PRODUCTION PRACTICES,NORTH DAKOTA,ND,38,CASS,017,COUNTY,WHEAT,"SPRING, (EXCL DURUM)",ALL UTILIZATION PRACTICES,AREA PLANTED,"WHEAT, SPRING, (EXCL DURUM) - ACRES PLANTED",ACRES,86100,0.40
2023,YEAR,ALL PRODUCTION PRACTICES,NORTH DAKOTA,ND,38,GRIGGS,039,COUNTY,WHEAT,"SPRING, (EXCL DURUM)",ALL UTILIZATION PRACTICES,AREA PLANTED,"WHEAT, SPRING, (EXCL DURUM) - ACRES PLANTED",ACRES,54400,1.0
2022,YEAR,ALL PRODUCTION PRACTICES,NORTH DAKOTA,ND,38,GRIGGS,039,COUNTY,WHEAT,"SPRING, (EXCL DURUM)",ALL UTILIZATION PRACTICES,AREA PLANTED,"WHEAT, SPRING, (EXCL DURUM) - ACRES PLANTED",ACRES,55300,1.2
2021,YEAR,ALL PRODUCTION PRACTICES,NORTH DAKOTA,ND,38,GRIGGS,039,COUNTY,WHEAT,"SPRING, (EXCL DURUM)",ALL UTILIZATION PRACTICES,AREA PLANTED,"WHEAT, SPRING, (EXCL DURUM) - ACRES PLANTED",ACRES,58100,1.00
2023,YEAR,ALL PRODUCTION PRACTICES,NORTH DAKOTA,ND,38,STEELE,091,COUNTY,WHEAT,"SPRING, (EXCL DURUM)",ALL UTILIZATION PRACTICES,AREA PLANTED,"WHEAT, SPRING, (EXCL DURUM) - ACRES PLANTED",ACRES,42800,1.6
2022,YEAR,ALL PRODUCTION PRACTICES,NORTH DAKOTA,ND,38,STEELE,091,COUNTY,WHEAT,"SPRING, (EXCL DURUM)",ALL UTILIZATION PRACTICES,AREA PLANTED,"WHEAT, SPRING, (EXCL DURUM) - ACRES PLANTED",ACRES,46500,1.9
2021,YEAR,ALL PRODUCTION PRACTICES,NORTH DAKOTA,ND,38,STEELE,091,COUNTY,WHEAT,"SPRING, (EXCL DURUM)",ALL UTILIZATION PRACTICES,AREA PLANTED,"WHEAT, SPRING, (EXCL DURUM) - ACRES PLANTED",ACRES,41100,2.20
2023,YEAR,ALL PRODUCTION PRACTICES,NORTH DAKOTA,ND,38,TRAILL,097,COUNTY,WHEAT,"SPRING, (EXCL DURUM)",ALL UTILIZATION PRACTICES,AREA PLANTED,"WHEAT, SPRING, (EXCL DURUM) - ACRES PLANTED",ACRES,75600,0.3
2022,YEAR,ALL PRODUCTION PRACTICES,NORTH DAKOTA,ND,38,TRAILL,097,COUNTY,WHEAT,"SPRING, (EXCL DURUM)",ALL UTILIZATION PRACTICES,AREA PLANTED,"WHEAT, SPRING, (EXCL DURUM) - ACRES PLANTED",ACRES,73900,1.3
2021,YEAR,ALL PRODUCTION PRACTICES,NORTH DAKOTA,ND,38,TRAILL,097,COUNTY,WHEAT,"SPRING, (EXCL DURUM)",ALL UTILIZATION PRACTICES,AREA PLANTED,"WHEAT, SPRING, (EXCL DURUM) - ACRES PLANTED",ACRES,69100,0.60
2023,YEAR,ALL PRODUCTION PRACTICES,NORTH DAKOTA,ND,38,ADAMS,001,COUNTY,WHEAT,"SPRING, (EXCL DURUM)",ALL UTILIZATION PRACTICES,AREA PLANTED,"WHEAT, SPRING, (EXCL DURUM) - ACRES PLANTED",ACRES,126500,0.2
2022,YEAR,ALL PRODUCTION PRACTICES,NORTH DAKOTA,ND,38,ADAMS,001,COUNTY,WHEAT,"SPRING, (EXCL DURUM)",ALL UTILIZATION PRACTICES,AREA PLANTED,"WHEAT, SPRING, (EXCL DURUM) - ACRES PLANTED",ACRES,112000,0.8
2021,YEAR,ALL PRODUCTION PRACTICES,NORTH DAKOTA,ND,38,ADAMS,001,COUNTY,WHEAT,"SPRING, (EXCL DURUM)",ALL UTILIZATION PRACTICES,AREA PLANTED,"WHEAT, SPRING, (EXCL DURUM) - ACRES PLANTED",ACRES,120000,0.40
2022,YEAR,ALL PRODUCTION PRACTICES,NORTH DAKOTA,ND,38,BILLINGS,007,COUNTY,WHEAT,"SPRING, (EXCL DURUM)",ALL UTILIZATION PRACTICES,AREA PLANTED,"WHEAT, SPRING, (EXCL DURUM) - ACRES PLANTED",ACRES,27900,6.4
2021,YEAR,ALL PRODUCTION PRACTICES,NORTH DAKOTA,ND,38,BILLINGS,007,COUNTY,WHEAT,"SPRING, (EXCL DURUM)",ALL UTILIZATION PRACTICES,AREA PLANTED,"WHEAT, SPRING, (EXCL DURUM) - ACRES PLANTED",ACRES,30600,0.90
2023,YEAR,ALL PRODUCTION PRACTICES,NORTH DAKOTA,ND,38,BOWMAN,011,COUNTY,WHEAT,"SPRING, (EXCL DURUM)",ALL UTILIZATION PRACTICES,AREA PLANTED,"WHEAT, SPRING, (EXCL DURUM) - ACRES PLANTED",ACRES,88200,0.2
2022,YEAR,ALL PRODUCTION PRACTICES,NORTH DAKOTA,ND,38,BOWMAN,011,COUNTY,WHEAT,"SPRING, (EXCL DURUM)",ALL UTILIZATION PRACTICES,AREA PLANTED,"WHEAT, SPRING, (EXCL DURUM) - ACRES PLANTED",ACRES,79500,0.8
2021,YEAR,ALL PRODUCTION PRACTICES,NORTH DAKOTA,ND,38,BOWMAN,011,COUNTY,WHEAT,"SPRING, (EXCL DURUM)",ALL UTILIZATION PRACTICES,AREA PLANTED,"WHEAT, SPRING, (EXCL DURUM) - ACRES PLANTED",ACRES,80500,0.50
2023,YEAR,ALL PRODUCTION PRACTICES,NORTH DAKOTA,ND,38,HETTINGER,041,COUNTY,WHEAT,"SPRING, (EXCL DURUM)",ALL UTILIZATION PRACTICES,AREA PLANTED,"WHEAT, SPRING, (EXCL DURUM) - ACRES PLANTED",ACRES,240500,0.2
2022,YEAR,ALL PRODUCTION PRACTICES,NORTH DAKOTA,ND,38,HETTINGER,041,COUNTY,WHEAT,"SPRING, (EXCL DURUM)",ALL UTILIZATION PRACTICES,AREA PLANTED,"WHEAT, SPRING, (EXCL DURUM) - ACRES PLANTED",ACRES,219500,1.0
2021,YEAR,ALL PRODUCTION PRACTICES,NORTH DAKOTA,ND,38,HETTINGER,041,COUNTY,WHEAT,"SPRING, (EXCL DURUM)",ALL UTILIZATION PRACTICES,AREA PLANTED,"WHEAT, SPRING, (EXCL DURUM) - ACRES PLANTED",ACRES,259500,1.00
2023,YEAR,ALL PRODUCTION PRACTICES,NORTH DAKOTA,ND,38,SLOPE,087,COUNTY,WHEAT,"SPRING, (EXCL DURUM)",ALL UTILIZATION PRACTICES,AREA PLANTED,"WHEAT, SPRING, (EXCL DURUM) - ACRES PLANTED",ACRES,110000,0.2
2022,YEAR,ALL PRODUCTION PRACTICES,NORTH DAKOTA,ND,38,SLOPE,087,COUNTY,WHEAT,"SPRING, (EXCL DURUM)",ALL UTILIZATION PRACTICES,AREA PLANTED,"WHEAT, SPRING, (EXCL DURUM) - ACRES PLANTED",ACRES,104000,0.8
2021,YEAR,ALL PRODUCTION PRACTICES,NORTH DAKOTA,ND,38,SLOPE,087,COUNTY,WHEAT,"SPRING, (EXCL DURUM)",ALL UTILIZATION PRACTICES,AREA PLANTED,"WHEAT, SPRING, (EXCL DURUM) - ACRES PLANTED",ACRES,111500,0.40
2023,YEAR,ALL PRODUCTION PRACTICES,NORTH DAKOTA,ND,38,STARK,089,COUNTY,WHEAT,"SPRING, (EXCL DURUM)",ALL UTILIZATION PRACTICES,AREA PLANTED,"WHEAT, SPRING, (EXCL DURUM) - ACRES PLANTED",ACRES,208500,0.1
2021,YEAR,ALL PRODUCTION PRACTICES,NORTH DAKOTA,ND,38,STARK,089,COUNTY,WHEAT,"SPRING, (EXCL DURUM)",ALL UTILIZATION PRACTICES,AREA PLANTED,"WHEAT, SPRING, (EXCL DURUM) - ACRES PLANTED",ACRES,214500,0.40
2023,YEAR,ALL PRODUCTION PRACTICES,NORTH DAKOTA,ND,38,BURLEIGH,015,COUNTY,WHEAT,"SPRING, (EXCL DURUM)",ALL UTILIZATION PRACTICES,AREA PLANTED,"WHEAT, SPRING, (EXCL DURUM) - ACRES PLANTED",ACRES,53000,0.4
2022,YEAR,ALL PRODUCTION PRACTICES,NORTH DAKOTA,ND,38,BURLEIGH,015,COUNTY,WHEAT,"SPRING, (EXCL DURUM)",ALL UTILIZATION PRACTICES,AREA PLANTED,"WHEAT, SPRING, (EXCL DURUM) - ACRES PLANTED",ACRES,58500,1.0
2021,YEAR,ALL PRODUCTION PRACTICES,NORTH DAKOTA,ND,38,BURLEIGH,015,COUNTY,WHEAT,"SPRING, (EXCL DURUM)",ALL UTILIZATION PRACTICES,AREA PLANTED,"WHEAT, SPRING, (EXCL DURUM) - ACRES PLANTED",ACRES,44900,0.80
2023,YEAR,ALL PRODUCTION PRACTICES,NORTH DAKOTA,ND,38,EMMONS,029,COUNTY,WHEAT,"SPRING, (EXCL DURUM)",ALL UTILIZATION PRACTICES,AREA PLANTED,"WHEAT, SPRING, (EXCL DURUM) - ACRES PLANTED",ACRES,54100,0.4
2022,YEAR,ALL PRODUCTION PRACTICES,NORTH DAKOTA,ND,38,EMMONS,029,COUNTY,WHEAT,"SPRING, (EXCL DURUM)",ALL UTILIZATION PRACTICES,AREA PLANTED,"WHEAT, SPRING, (EXCL DURUM) - ACRES PLANTED",ACRES,56200,1.0
2021,YEAR,ALL PRODUCTION PRACTICES,NORTH DAKOTA,ND,38,EMMONS,029,COUNTY,WHEAT,"SPRING, (EXCL DURUM)",ALL UTILIZATION PRACTICES,AREA PLANTED,"WHEAT, SPRING, (EXCL DURUM) - ACRES PLANTED",ACRES,52500,0.70
2023,YEAR,ALL PRODUCTION PRACTICES,NORTH DAKOTA,ND,38,GRANT,037,COUNTY,WHEAT,"SPRING, (EXCL DURUM)",ALL UTILIZATION PRACTICES,AREA PLANTED,"WHEAT, SPRING, (EXCL DURUM) - ACRES PLANTED",ACRES,101000,0.2
2022,YEAR,ALL PRODUCTION PRACTICES,NORTH DAKOTA,ND,38,GRANT,037,COUNTY,WHEAT,"SPRING, (EXCL DURUM)",ALL UTILIZATION PRACTICES,AREA PLANTED,"WHEAT, SPRING, (EXCL DURUM) - ACRES PLANTED",ACRES,93900,1.0
2021,YEAR,ALL PRODUCTION PRACTICES,NORTH DAKOTA,ND,38,GRANT,037,COUNTY,WHEAT,"SPRING, (EXCL DURUM)",ALL UTILIZATION PRACTICES,AREA PLANTED,"WHEAT, SPRING, (EXCL DURUM) - ACRES PLANTED",ACRES,101500,0.50
2023,YEAR,ALL PRODUCTION PRACTICES,NORTH DAKOTA,ND,38,MORTON,059,COUNTY,WHEAT,"SPRING, (EXCL DURUM)",ALL UTILIZATION PRACTICES,AREA PLANTED,"WHEAT, SPRING, (EXCL DURUM) - ACRES PLANTED",ACRES,142000,0.2
2022,YEAR,ALL PRODUCTION PRACTICES,NORTH DAKOTA,ND,38,MORTON,059,COUNTY,WHEAT,"SPRING, (EXCL DURUM)",ALL UTILIZATION PRACTICES,AREA PLANTED,"WHEAT, SPRING, (EXCL DURUM) - ACRES PLANTED",ACRES,128500,1.3
2021,YEAR,ALL PRODUCTION PRACTICES,NORTH DAKOTA,ND,38,MORTON,059,COUNTY,WHEAT,"SPRING, (EXCL DURUM)",ALL UTILIZATION PRACTICES,AREA PLANTED,"WHEAT, SPRING, (EXCL DURUM) - ACRES PLANTED",ACRES,125000,0.60
2023,YEAR,ALL PRODUCTION PRACTICES,NORTH DAKOTA,ND,38,DICKEY,021,COUNTY,WHEAT,"SPRING, (EXCL DURUM)",ALL UTILIZATION PRACTICES,AREA PLANTED,"WHEAT, SPRING, (EXCL DURUM) - ACRES PLANTED",ACRES,8300,2.0
2022,YEAR,ALL PRODUCTION PRACTICES,NORTH DAKOTA,ND,38,DICKEY,021,COUNTY,WHEAT,"SPRING, (EXCL DURUM)",ALL UTILIZATION PRACTICES,AREA PLANTED,"WHEAT, SPRING, (EXCL DURUM) - ACRES PLANTED",ACRES,7600,3.4
2023,YEAR,ALL PRODUCTION PRACTICES,NORTH DAKOTA,ND,38,LA MOURE,045,COUNTY,WHEAT,"SPRING, (EXCL DURUM)",ALL UTILIZATION PRACTICES,AREA PLANTED,"WHEAT, SPRING, (EXCL DURUM) - ACRES PLANTED",ACRES,20300,1.2
2022,YEAR,ALL PRODUCTION PRACTICES,NORTH DAKOTA,ND,38,LA MOURE,045,COUNTY,WHEAT,"SPRING, (EXCL DURUM)",ALL UTILIZATION PRACTICES,AREA PLANTED,"WHEAT, SPRING, (EXCL DURUM) - ACRES PLANTED",ACRES,24400,1.7
2021,YEAR,ALL PRODUCTION PRACTICES,NORTH DAKOTA,ND,38,LA MOURE,045,COUNTY,WHEAT,"SPRING, (EXCL DURUM)",ALL UTILIZATION PRACTICES,AREA PLANTED,"WHEAT, SPRING, (EXCL DURUM) - ACRES PLANTED",ACRES,24700,1.20
2023,YEAR,ALL PRODUCTION PRACTICES,NORTH DAKOTA,ND,38,LOGAN,047,COUNTY,WHEAT,"SPRING, (EXCL DURUM)",ALL UTILIZATION PRACTICES,AREA PLANTED,"WHEAT, SPRING, (EXCL DURUM) - ACRES PLANTED",ACRES,31500,0.6
2022,YEAR,ALL PRODUCTION PRACTICES,NORTH DAKOTA,ND,38,LOGAN,047,COUNTY,WHEAT,"SPRING, (EXCL DURUM)",ALL UTILIZATION PRACTICES,AREA PLANTED,"WHEAT, SPRING, (EXCL DURUM) - ACRES PLANTED",ACRES,31600,1.3
2021,YEAR,ALL PRODUCTION PRACTICES,NORTH DAKOTA,ND,38,LOGAN,047,COUNTY,WHEAT,"SPRING, (EXCL DURUM)",ALL UTILIZATION PRACTICES,AREA PLANTED,"WHEAT, SPRING, (EXCL DURUM) - ACRES PLANTED",ACRES,28700,0.60
2023,YEAR,ALL PRODUCTION PRACTICES,NORTH DAKOTA,ND,38,MCINTOSH,051,COUNTY,WHEAT,"SPRING, (EXCL DURUM)",ALL UTILIZATION PRACTICES,AREA PLANTED,"WHEAT, SPRING, (EXCL DURUM) - ACRES PLANTED",ACRES,61200,0.3
2022,YEAR,ALL PRODUCTION PRACTICES,NORTH DAKOTA,ND,38,MCINTOSH,051,COUNTY,WHEAT,"SPRING, (EXCL DURUM)",ALL UTILIZATION PRACTICES,AREA PLANTED,"WHEAT, SPRING, (EXCL DURUM) - ACRES PLANTED",ACRES,53900,0.9
2021,YEAR,ALL PRODUCTION PRACTICES,NORTH DAKOTA,ND,38,MCINTOSH,051,COUNTY,WHEAT,"SPRING, (EXCL DURUM)",ALL UTILIZATION PRACTICES,AREA PLANTED,"WHEAT, SPRING, (EXCL DURUM) - ACRES PLANTED",ACRES,48900,0.60
2023,YEAR,ALL PRODUCTION PRACTICES,NORTH DAKOTA,ND,38,RANSOM,073,COUNTY,WHEAT,"SPRING, (EXCL DURUM)",ALL UTILIZATION PRACTICES,AREA PLANTED,"WHEAT, SPRING, (EXCL DURUM) - ACRES PLANTED",ACRES,16500,1.4
2022,YEAR,ALL PRODUCTION PRACTICES,NORTH DAKOTA,ND,38,RANSOM,073,COUNTY,WHEAT,"SPRING, (EXCL DURUM)",ALL UTILIZATION PRACTICES,AREA PLANTED,"WHEAT, SPRING, (EXCL DURUM) - ACRES PLANTED",ACRES,20900,1.6
2021,YEAR,ALL PRODUCTION PRACTICES,NORTH DAKOTA,ND,38,RANSOM,073,COUNTY,WHEAT,"SPRING, (EXCL DURUM)",ALL UTILIZATION PRACTICES,AREA PLANTED,"WHEAT, SPRING, (EXCL DURUM) - ACRES PLANTED",ACRES,20900,1.60
2023,YEAR,ALL PRODUCTION PRACTICES,NORTH DAKOTA,ND,38,RICHLAND,077,COUNTY,WHEAT,"SPRING, (EXCL DURUM)",ALL UTILIZATION PRACTICES,AREA PLANTED,"WHEAT, SPRING, (EXCL DURUM) - ACRES PLANTED",ACRES,44900,0.6
2022,YEAR,ALL PRODUCTION PRACTICES,NORTH DAKOTA,ND,38,RICHLAND,077,COUNTY,WHEAT,"SPRING, (EXCL DURUM)",ALL UTILIZATION PRACTICES,AREA PLANTED,"WHEAT, SPRING, (EXCL DURUM) - ACRES PLANTED",ACRES,43800,1.0
2021,YEAR,ALL PRODUCTION PRACTICES,NORTH DAKOTA,ND,38,RICHLAND,077,COUNTY,WHEAT,"SPRING, (EXCL DURUM)",ALL UTILIZATION PRACTICES,AREA PLANTED,"WHEAT, SPRING, (EXCL DURUM) - ACRES PLANTED",ACRES,43800,0.80
2022,YEAR,ALL PRODUCTION PRACTICES,NORTH DAKOTA,ND,38,SARGENT,081,COUNTY,WHEAT,"SPRING, (EXCL DURUM)",ALL UTILIZATION PRACTICES,AREA PLANTED,"WHEAT, SPRING, (EXCL DURUM) - ACRES PLANTED",ACRES,8100,5.4
2023,YEAR,ALL PRODUCTION PRACTICES,NORTH DAKOTA,ND,38,OTHER COUNTIES,,COUNTY,WHEAT,"SPRING, (EXCL DURUM)",ALL UTILIZATION PRACTICES,AREA PLANTED,"WHEAT, SPRING, (EXCL DURUM) - ACRES PLANTED",ACRES,956200,0.2
2022,YEAR,ALL PRODUCTION PRACTICES,NORTH DAKOTA,ND,38,OTHER COUNTIES,,COUNTY,WHEAT,"SPRING, (EXCL DURUM)",ALL UTILIZATION PRACTICES,AREA PLANTED,"WHEAT, SPRING, (EXCL DURUM) - ACRES PLANTED",ACRES,549300,1.0
2021,YEAR,ALL PRODUCTION PRACTICES,NORTH DAKOTA,ND,38,OTHER COUNTIES,,COUNTY,WHEAT,"SPRING, (EXCL DURUM)",ALL UTILIZATION PRACTICES,AREA PLANTED,"WHEAT, SPRING, (EXCL DURUM) - ACRES PLANTED",ACRES,543600,1.50
2022,YEAR,ALL PRODUCTION PRACTICES,SOUTH DAKOTA,SD,46,CORSON,031,COUNTY,WHEAT,"SPRING, (EXCL DURUM)",ALL UTILIZATION PRACTICES,AREA PLANTED,"WHEAT, SPRING, (EXCL DURUM) - ACRES PLANTED",ACRES,60300,0.4
2021,YEAR,ALL PRODUCTION PRACTICES,SOUTH DAKOTA,SD,46,CORSON,031,COUNTY,WHEAT,"SPRING, (EXCL DURUM)",ALL UTILIZATION PRACTICES,AREA PLANTED,"WHEAT, SPRING, (EXCL DURUM) - ACRES PLANTED",ACRES,67000,0.10
2023,YEAR,ALL PRODUCTION PRACTICES,SOUTH DAKOTA,SD,46,ZIEBACH,137,COUNTY,WHEAT,"SPRING, (EXCL DURUM)",ALL UTILIZATION PRACTICES,AREA PLANTED,"WHEAT, SPRING, (EXCL DURUM) - ACRES PLANTED",ACRES,16800,0.1
2022,YEAR,ALL PRODUCTION PRACTICES,SOUTH DAKOTA,SD,46,ZIEBACH,137,COUNTY,WHEAT,"SPRING, (EXCL DURUM)",ALL UTILIZATION PRACTICES,AREA PLANTED,"WHEAT, SPRING, (EXCL DURUM) - ACRES PLANTED",ACRES,18300,0.3
2021,YEAR,ALL PRODUCTION PRACTICES,SOUTH DAKOTA,SD,46,ZIEBACH,137,COUNTY,WHEAT,"SPRING, (EXCL DURUM)",ALL UTILIZATION PRACTICES,AREA PLANTED,"WHEAT, SPRING, (EXCL DURUM) - ACRES PLANTED",ACRES,16500,0.10
2023,YEAR,ALL PRODUCTION PRACTICES,SOUTH DAKOTA,SD,46,BROWN,013,COUNTY,WHEAT,"SPRING, (EXCL DURUM)",ALL UTILIZATION PRACTICES,AREA PLANTED,"WHEAT, SPRING, (EXCL DURUM) - ACRES PLANTED",ACRES,7000,1.7
2022,YEAR,ALL PRODUCTION PRACTICES,SOUTH DAKOTA,SD,46,BROWN,013,COUNTY,WHEAT,"SPRING, (EXCL DURUM)",ALL UTILIZATION PRACTICES,AREA PLANTED,"WHEAT, SPRING, (EXCL DURUM) - ACRES PLANTED",ACRES,8200,2.6
2021,YEAR,ALL PRODUCTION PRACTICES,SOUTH DAKOTA,SD,46,BROWN,013,COUNTY,WHEAT,"SPRING, (EXCL DURUM)",ALL UTILIZATION PRACTICES,AREA PLANTED,"WHEAT, SPRING, (EXCL DURUM) - ACRES PLANTED",ACRES,12000,1.10
2022,YEAR,ALL PRODUCTION PRACTICES,SOUTH DAKOTA,SD,46,CAMPBELL,021,COUNTY,WHEAT,"SPRING, (EXCL DURUM)",ALL UTILIZATION PRACTICES,AREA PLANTED,"WHEAT, SPRING, (EXCL DURUM) - ACRES PLANTED",ACRES,23200,0.3
2021,YEAR,ALL PRODUCTION PRACTICES,SOUTH DAKOTA,SD,46,CAMPBELL,021,COUNTY,WHEAT,"SPRING, (EXCL DURUM)",ALL UTILIZATION PRACTICES,AREA PLANTED,"WHEAT, SPRING, (EXCL DURUM) - ACRES PLANTED",ACRES,13500,0.60
2022,YEAR,ALL PRODUCTION PRACTICES,SOUTH DAKOTA,SD,46,EDMUNDS,045,COUNTY,WHEAT,"SPRING, (EXCL DURUM)",ALL UTILIZATION PRACTICES,AREA PLANTED,"WHEAT, SPRING, (EXCL DURUM) - ACRES PLANTED",ACRES,26900,0.3
2021,YEAR,ALL PRODUCTION PRACTICES,SOUTH DAKOTA,SD,46,EDMUNDS,045,COUNTY,WHEAT,"SPRING, (EXCL DURUM)",ALL UTILIZATION PRACTICES,AREA PLANTED,"WHEAT, SPRING, (EXCL DURUM) - ACRES PLANTED",ACRES,29600,0.10
2023,YEAR,ALL PRODUCTION PRACTICES,SOUTH DAKOTA,SD,46,POTTER,107,COUNTY,WHEAT,"SPRING, (EXCL DURUM)",ALL UTILIZATION PRACTICES,AREA PLANTED,"WHEAT, SPRING, (EXCL DURUM) - ACRES PLANTED",ACRES,64000,0.1
2022,YEAR,ALL PRODUCTION PRACTICES,SOUTH DAKOTA,SD,46,POTTER,107,COUNTY,WHEAT,"SPRING, (EXCL DURUM)",ALL UTILIZATION PRACTICES,AREA PLANTED,"WHEAT, SPRING, (EXCL DURUM) - ACRES PLANTED",ACRES,62500,3.2
2022,YEAR,ALL PRODUCTION PRACTICES,SOUTH DAKOTA,SD,46,SPINK,115,COUNTY,WHEAT,"SPRING, (EXCL DURUM)",ALL UTILIZATION PRACTICES,AREA PLANTED,"WHEAT, SPRING, (EXCL DURUM) - ACRES PLANTED",ACRES,14100,0.3
2021,YEAR,ALL PRODUCTION PRACTICES,SOUTH DAKOTA,SD,46,SPINK,115,COUNTY,WHEAT,"SPRING, (EXCL DURUM)",ALL UTILIZATION PRACTICES,AREA PLANTED,"WHEAT, SPRING, (EXCL DURUM) - ACRES PLANTED",ACRES,12600,0.90
2022,YEAR,ALL PRODUCTION PRACTICES,SOUTH DAKOTA,SD,46,WALWORTH,129,COUNTY,WHEAT,"SPRING, (EXCL DURUM)",ALL UTILIZATION PRACTICES,AREA PLANTED,"WHEAT, SPRING, (EXCL DURUM) - ACRES PLANTED",ACRES,29100,0.3
2021,YEAR,ALL PRODUCTION PRACTICES,SOUTH DAKOTA,SD,46,WALWORTH,129,COUNTY,WHEAT,"SPRING, (EXCL DURUM)",ALL UTILIZATION PRACTICES,AREA PLANTED,"WHEAT, SPRING, (EXCL DURUM) - ACRES PLANTED",ACRES,25100,0.10
2021,YEAR,ALL PRODUCTION PRACTICES,SOUTH DAKOTA,SD,46,CLARK,025,COUNTY,WHEAT,"SPRING, (EXCL DURUM)",ALL UTILIZATION PRACTICES,AREA PLANTED,"WHEAT, SPRING, (EXCL DURUM) - ACRES PLANTED",ACRES,6900,0.40
2022,YEAR,ALL PRODUCTION PRACTICES,SOUTH DAKOTA,SD,46,CODINGTON,029,COUNTY,WHEAT,"SPRING, (EXCL DURUM)",ALL UTILIZATION PRACTICES,AREA PLANTED,"WHEAT, SPRING, (EXCL DURUM) - ACRES PLANTED",ACRES,8300,0.4
2023,YEAR,ALL PRODUCTION PRACTICES,SOUTH DAKOTA,SD,46,DAY,037,COUNTY,WHEAT,"SPRING, (EXCL DURUM)",ALL UTILIZATION PRACTICES,AREA PLANTED,"WHEAT, SPRING, (EXCL DURUM) - ACRES PLANTED",ACRES,14600,0.1
2021,YEAR,ALL PRODUCTION PRACTICES,SOUTH DAKOTA,SD,46,DAY,037,COUNTY,WHEAT,"SPRING, (EXCL DURUM)",ALL UTILIZATION PRACTICES,AREA PLANTED,"WHEAT, SPRING, (EXCL DURUM) - ACRES PLANTED",ACRES,17900,0.30
2023,YEAR,ALL PRODUCTION PRACTICES,SOUTH DAKOTA,SD,46,DEUEL,039,COUNTY,WHEAT,"SPRING, (EXCL DURUM)",ALL UTILIZATION PRACTICES,AREA PLANTED,"WHEAT, SPRING, (EXCL DURUM) - ACRES PLANTED",ACRES,5000,0.1
2022,YEAR,ALL PRODUCTION PRACTICES,SOUTH DAKOTA,SD,46,DEUEL,039,COUNTY,WHEAT,"SPRING, (EXCL DURUM)",ALL UTILIZATION PRACTICES,AREA PLANTED,"WHEAT, SPRING, (EXCL DURUM) - ACRES PLANTED",ACRES,4900,0.4
2021,YEAR,ALL PRODUCTION PRACTICES,SOUTH DAKOTA,SD,46,DEUEL,039,COUNTY,WHEAT,"SPRING, (EXCL DURUM)",ALL UTILIZATION PRACTICES,AREA PLANTED,"WHEAT, SPRING, (EXCL DURUM) - ACRES PLANTED",ACRES,5200,1.20
2023,YEAR,ALL PRODUCTION PRACTICES,SOUTH DAKOTA,SD,46,GRANT,051,COUNTY,WHEAT,"SPRING, (EXCL DURUM)",ALL UTILIZATION PRACTICES,AREA PLANTED,"WHEAT, SPRING, (EXCL DURUM) - ACRES PLANTED",ACRES,7200,0.1
2022,YEAR,ALL PRODUCTION PRACTICES,SOUTH DAKOTA,SD,46,GRANT,051,COUNTY,WHEAT,"SPRING, (EXCL DURUM)",ALL UTILIZATION PRACTICES,AREA PLANTED,"WHEAT, SPRING, (EXCL DURUM) - ACRES PLANTED",ACRES,7400,0.4
2021,YEAR,ALL PRODUCTION PRACTICES,SOUTH DAKOTA,SD,46,GRANT,051,COUNTY,WHEAT,"SPRING, (EXCL DURUM)",ALL UTILIZATION PRACTICES,AREA PLANTED,"WHEAT, SPRING, (EXCL DURUM) - ACRES PLANTED",ACRES,10900,0.20
2023,YEAR,ALL PRODUCTION PRACTICES,SOUTH DAKOTA,SD,46,HAMLIN,057,COUNTY,WHEAT,"SPRING, (EXCL DURUM)",ALL UTILIZATION PRACTICES,AREA PLANTED,"WHEAT, SPRING, (EXCL DURUM) - ACRES PLANTED",ACRES,2700,1.0
2022,YEAR,ALL PRODUCTION PRACTICES,SOUTH DAKOTA,SD,46,HAMLIN,057,COUNTY,WHEAT,"SPRING, (EXCL DURUM)",ALL UTILIZATION PRACTICES,AREA PLANTED,"WHEAT, SPRING, (EXCL DURUM) - ACRES PLANTED",ACRES,2300,1.6
2021,YEAR,ALL PRODUCTION PRACTICES,SOUTH DAKOTA,SD,46,HAMLIN,057,COUNTY,WHEAT,"SPRING, (EXCL DURUM)",ALL UTILIZATION PRACTICES,AREA PLANTED,"WHEAT, SPRING, (EXCL DURUM) - ACRES PLANTED",ACRES,2700,2.40
2023,YEAR,ALL PRODUCTION PRACTICES,SOUTH DAKOTA,SD,46,MARSHALL,091,COUNTY,WHEAT,"SPRING, (EXCL DURUM)",ALL UTILIZATION PRACTICES,AREA PLANTED,"WHEAT, SPRING, (EXCL DURUM) - ACRES PLANTED",ACRES,3500,0.2
2022,YEAR,ALL PRODUCTION PRACTICES,SOUTH DAKOTA,SD,46,MARSHALL,091,COUNTY,WHEAT,"SPRING, (EXCL DURUM)",ALL UTILIZATION PRACTICES,AREA PLANTED,"WHEAT, SPRING, (EXCL DURUM) - ACRES PLANTED",ACRES,3000,0.5
2021,YEAR,ALL PRODUCTION PRACTICES,SOUTH DAKOTA,SD,46,MARSHALL,091,COUNTY,WHEAT,"SPRING, (EXCL DURUM)",ALL UTILIZATION PRACTICES,AREA PLANTED,"WHEAT, SPRING, (EXCL DURUM) - ACRES PLANTED",ACRES,5100,1.00
2023,YEAR,ALL PRODUCTION PRACTICES,SOUTH DAKOTA,SD,46,ROBERTS,109,COUNTY,WHEAT,"SPRING, (EXCL DURUM)",ALL UTILIZATION PRACTICES,AREA PLANTED,"WHEAT, SPRING, (EXCL DURUM) - ACRES PLANTED",ACRES,5400,0.2
2022,YEAR,ALL PRODUCTION PRACTICES,SOUTH DAKOTA,SD,46,ROBERTS,109,COUNTY,WHEAT,"SPRING, (EXCL DURUM)",ALL UTILIZATION PRACTICES,AREA PLANTED,"WHEAT, SPRING, (EXCL DURUM) - ACRES PLANTED",ACRES,4900,0.4
2021,YEAR,ALL PRODUCTION PRACTICES,SOUTH DAKOTA,SD,46,ROBERTS,109,COUNTY,WHEAT,"SPRING, (EXCL DURUM)",ALL UTILIZATION PRACTICES,AREA PLANTED,"WHEAT, SPRING, (EXCL DURUM) - ACRES PLANTED",ACRES,13000,0.20
2022,YEAR,ALL PRODUCTION PRACTICES,SOUTH DAKOTA,SD,46,JACKSON,071,COUNTY,WHEAT,"SPRING, (EXCL DURUM)",ALL UTILIZATION PRACTICES,AREA PLANTED,"WHEAT, SPRING, (EXCL DURUM) - ACRES PLANTED",ACRES,7600,0.3
2021,YEAR,ALL PRODUCTION PRACTICES,SOUTH DAKOTA,SD,46,JACKSON,071,COUNTY,WHEAT,"SPRING, (EXCL DURUM)",ALL UTILIZATION PRACTICES,AREA PLANTED,"WHEAT, SPRING, (EXCL DURUM) - ACRES PLANTED",ACRES,8100,0.20
2022,YEAR,ALL PRODUCTION PRACTICES,SOUTH DAKOTA,SD,46,MEADE,093,COUNTY,WHEAT,"SPRING, (EXCL DURUM)",ALL UTILIZATION PRACTICES,AREA PLANTED,"WHEAT, SPRING, (EXCL DURUM) - ACRES PLANTED",ACRES,9000,0.3
2021,YEAR,ALL PRODUCTION PRACTICES,SOUTH DAKOTA,SD,46,MEADE,093,COUNTY,WHEAT,"SPRING, (EXCL DURUM)",ALL UTILIZATION PRACTICES,AREA PLANTED,"WHEAT, SPRING, (EXCL DURUM) - ACRES PLANTED",ACRES,7100,0.30
2021,YEAR,ALL PRODUCTION PRACTICES,SOUTH DAKOTA,SD,46,PENNINGTON,103,COUNTY,WHEAT,"SPRING, (EXCL DURUM)",ALL UTILIZATION PRACTICES,AREA PLANTED,"WHEAT, SPRING, (EXCL DURUM) - ACRES PLANTED",ACRES,18500,0.10
2022,YEAR,ALL PRODUCTION PRACTICES,SOUTH DAKOTA,SD,46,BUFFALO,017,COUNTY,WHEAT,"SPRING, (EXCL DURUM)",ALL UTILIZATION PRACTICES,AREA PLANTED,"WHEAT, SPRING, (EXCL DURUM) - ACRES PLANTED",ACRES,5500,0.3
2021,YEAR,ALL PRODUCTION PRACTICES,SOUTH DAKOTA,SD,46,BUFFALO,017,COUNTY,WHEAT,"SPRING, (EXCL DURUM)",ALL UTILIZATION PRACTICES,AREA PLANTED,"WHEAT, SPRING, (EXCL DURUM) - ACRES PLANTED",ACRES,4300,0.30
2023,YEAR,ALL PRODUCTION PRACTICES,SOUTH DAKOTA,SD,46,HAND,059,COUNTY,WHEAT,"SPRING, (EXCL DURUM)",ALL UTILIZATION PRACTICES,AREA PLANTED,"WHEAT, SPRING, (EXCL DURUM) - ACRES PLANTED",ACRES,5200,0.1
2022,YEAR,ALL PRODUCTION PRACTICES,SOUTH DAKOTA,SD,46,HAND,059,COUNTY,WHEAT,"SPRING, (EXCL DURUM)",ALL UTILIZATION PRACTICES,AREA PLANTED,"WHEAT, SPRING, (EXCL DURUM) - ACRES PLANTED",ACRES,15800,0.3
2021,YEAR,ALL PRODUCTION PRACTICES,SOUTH DAKOTA,SD,46,HAND,059,COUNTY,WHEAT,"SPRING, (EXCL DURUM)",ALL UTILIZATION PRACTICES,AREA PLANTED,"WHEAT, SPRING, (EXCL DURUM) - ACRES PLANTED",ACRES,10800,0.10
2022,YEAR,ALL PRODUCTION PRACTICES,SOUTH DAKOTA,SD,46,HUGHES,065,COUNTY,WHEAT,"SPRING, (EXCL DURUM)",ALL UTILIZATION PRACTICES,AREA PLANTED,"WHEAT, SPRING, (EXCL DURUM) - ACRES PLANTED",ACRES,43300,0.3
2022,YEAR,ALL PRODUCTION PRACTICES,SOUTH DAKOTA,SD,46,SULLY,119,COUNTY,WHEAT,"SPRING, (EXCL DURUM)",ALL UTILIZATION PRACTICES,AREA PLANTED,"WHEAT, SPRING, (EXCL DURUM) - ACRES PLANTED",ACRES,83900,0.3
2023,YEAR,ALL PRODUCTION PRACTICES,SOUTH DAKOTA,SD,46,BROOKINGS,011,COUNTY,WHEAT,"SPRING, (EXCL DURUM)",ALL UTILIZATION PRACTICES,AREA PLANTED,"WHEAT, SPRING, (EXCL DURUM) - ACRES PLANTED",ACRES,2200,0.2
2022,YEAR,ALL PRODUCTION PRACTICES,SOUTH DAKOTA,SD,46,BROOKINGS,011,COUNTY,WHEAT,"SPRING, (EXCL DURUM)",ALL UTILIZATION PRACTICES,AREA PLANTED,"WHEAT, SPRING, (EXCL DURUM) - ACRES PLANTED",ACRES,3000,0.3
2021,YEAR,ALL PRODUCTION PRACTICES,SOUTH DAKOTA,SD,46,BROOKINGS,011,COUNTY,WHEAT,"SPRING, (EXCL DURUM)",ALL UTILIZATION PRACTICES,AREA PLANTED,"WHEAT, SPRING, (EXCL DURUM) - ACRES PLANTED",ACRES,2200,0.40
2022,YEAR,ALL PRODUCTION PRACTICES,SOUTH DAKOTA,SD,46,KINGSBURY,077,COUNTY,WHEAT,"SPRING, (EXCL DURUM)",ALL UTILIZATION PRACTICES,AREA PLANTED,"WHEAT, SPRING, (EXCL DURUM) - ACRES PLANTED",ACRES,1900,0.3
2021,YEAR,ALL PRODUCTION PRACTICES,SOUTH DAKOTA,SD,46,KINGSBURY,077,COUNTY,WHEAT,"SPRING, (EXCL DURUM)",ALL UTILIZATION PRACTICES,AREA PLANTED,"WHEAT, SPRING, (EXCL DURUM) - ACRES PLANTED",ACRES,1700,0.40
2021,YEAR,ALL PRODUCTION PRACTICES,SOUTH DAKOTA,SD,46,JONES,075,COUNTY,WHEAT,"SPRING, (EXCL DURUM)",ALL UTILIZATION PRACTICES,AREA PLANTED,"WHEAT, SPRING, (EXCL DURUM) - ACRES PLANTED",ACRES,6200,0.30
2023,YEAR,ALL PRODUCTION PRACTICES,SOUTH DAKOTA,SD,46,LYMAN,085,COUNTY,WHEAT,"SPRING, (EXCL DURUM)",ALL UTILIZATION PRACTICES,AREA PLANTED,"WHEAT, SPRING, (EXCL DURUM) - ACRES PLANTED",ACRES,20100,0.3
2022,YEAR,ALL PRODUCTION PRACTICES,SOUTH DAKOTA,SD,46,LYMAN,085,COUNTY,WHEAT,"SPRING, (EXCL DURUM)",ALL UTILIZATION PRACTICES,AREA PLANTED,"WHEAT, SPRING, (EXCL DURUM) - ACRES PLANTED",ACRES,23600,0.1
2021,YEAR,ALL PRODUCTION PRACTICES,SOUTH DAKOTA,SD,46,LYMAN,085,COUNTY,WHEAT,"SPRING, (EXCL DURUM)",ALL UTILIZATION PRACTICES,AREA PLANTED,"WHEAT, SPRING, (EXCL DURUM) - ACRES PLANTED",ACRES,8400,2.40
2022,YEAR,ALL PRODUCTION PRACTICES,SOUTH DAKOTA,SD,46,MELLETTE,095,COUNTY,WHEAT,"SPRING, (EXCL DURUM)",ALL UTILIZATION PRACTICES,AREA PLANTED,"WHEAT, SPRING, (EXCL DURUM) - ACRES PLANTED",ACRES,3600,0.3
2023,YEAR,ALL PRODUCTION PRACTICES,SOUTH DAKOTA,SD,46,TRIPP,123,COUNTY,WHEAT,"SPRING, (EXCL DURUM)",ALL UTILIZATION PRACTICES,AREA PLANTED,"WHEAT, SPRING, (EXCL DURUM) - ACRES PLANTED",ACRES,3600,0.1
2022,YEAR,ALL PRODUCTION PRACTICES,SOUTH DAKOTA,SD,46,TRIPP,123,COUNTY,WHEAT,"SPRING, (EXCL DURUM)",ALL UTILIZATION PRACTICES,AREA PLANTED,"WHEAT, SPRING, (EXCL DURUM) - ACRES PLANTED",ACRES,5000,0.3
2022,YEAR,ALL PRODUCTION PRACTICES,SOUTH DAKOTA,SD,46,HUTCHINSON,067,COUNTY,WHEAT,"SPRING, (EXCL DURUM)",ALL UTILIZATION PRACTICES,AREA PLANTED,"WHEAT, SPRING, (EXCL DURUM) - ACRES PLANTED",ACRES,400,0.6
2023,YEAR,ALL PRODUCTION PRACTICES,SOUTH DAKOTA,SD,46,OTHER COUNTIES,,COUNTY,WHEAT,"SPRING, (EXCL DURUM)",ALL UTILIZATION PRACTICES,AREA PLANTED,"WHEAT, SPRING, (EXCL DURUM) - ACRES PLANTED",ACRES,582700,
2022,YEAR,ALL PRODUCTION PRACTICES,SOUTH DAKOTA,SD,46,OTHER COUNTIES,,COUNTY,WHEAT,"SPRING, (EXCL DURUM)",ALL UTILIZATION PRACTICES,AREA PLANTED,"WHEAT, SPRING, (EXCL DURUM) - ACRES PLANTED",ACRES,274000,0.3
2021,YEAR,ALL PRODUCTION PRACTICES,SOUTH DAKOTA,SD,46,OTHER COUNTIES,,COUNTY,WHEAT,"SPRING, (EXCL DURUM)",ALL UTILIZATION PRACTICES,AREA PLANTED,"WHEAT, SPRING, (EXCL DURUM) - ACRES PLANTED",ACRES,414700,0.10
2023,YEAR,ALL PRODUCTION PRACTICES,WASHINGTON,WA,53,BENTON,005,COUNTY,WHEAT,"SPRING, (EXCL DURUM)",ALL UTILIZATION PRACTICES,AREA PLANTED,"WHEAT, SPRING, (EXCL DURUM) - ACRES PLANTED",ACRES,7300,0.2
2022,YEAR,ALL PRODUCTION PRACTICES,WASHINGTON,WA,53,BENTON,005,COUNTY,WHEAT,"SPRING, (EXCL DURUM)",ALL UTILIZATION PRACTICES,AREA PLANTED,"WHEAT, SPRING, (EXCL DURUM) - ACRES PLANTED",ACRES,5700,0.5
2023,YEAR,ALL PRODUCTION PRACTICES,WASHINGTON,WA,53,KITTITAS,037,COUNTY,WHEAT,"SPRING, (EXCL DURUM)",ALL UTILIZATION PRACTICES,AREA PLANTED,"WHEAT, SPRING, (EXCL DURUM) - ACRES PLANTED",ACRES,900,2.0
2023,YEAR,ALL PRODUCTION PRACTICES,WASHINGTON,WA,53,KLICKITAT,039,COUNTY,WHEAT,"SPRING, (EXCL DURUM)",ALL UTILIZATION PRACTICES,AREA PLANTED,"WHEAT, SPRING, (EXCL DURUM) - ACRES PLANTED",ACRES,22800,0.2
2022,YEAR,ALL PRODUCTION PRACTICES,WASHINGTON,WA,53,KLICKITAT,039,COUNTY,WHEAT,"SPRING, (EXCL DURUM)",ALL UTILIZATION PRACTICES,AREA PLANTED,"WHEAT, SPRING, (EXCL DURUM) - ACRES PLANTED",ACRES,20300,0.2
2021,YEAR,ALL PRODUCTION PRACTICES,WASHINGTON,WA,53,KLICKITAT,039,COUNTY,WHEAT,"SPRING, (EXCL DURUM)",ALL UTILIZATION PRACTICES,AREA PLANTED,"WHEAT, SPRING, (EXCL DURUM) - ACRES PLANTED",ACRES,19500,0.10
2022,YEAR,ALL PRODUCTION PRACTICES,WASHINGTON,WA,53,OKANOGAN,047,COUNTY,WHEAT,"SPRING, (EXCL DURUM)",ALL UTILIZATION PRACTICES,AREA PLANTED,"WHEAT, SPRING, (EXCL DURUM) - ACRES PLANTED",ACRES,3400,0.9
2021,YEAR,ALL PRODUCTION PRACTICES,WASHINGTON,WA,53,OKANOGAN,047,COUNTY,WHEAT,"SPRING, (EXCL DURUM)",ALL UTILIZATION PRACTICES,AREA PLANTED,"WHEAT, SPRING, (EXCL DURUM) - ACRES PLANTED",ACRES,3800,0.10
2021,YEAR,ALL PRODUCTION PRACTICES,WASHINGTON,WA,53,YAKIMA,077,COUNTY,WHEAT,"SPRING, (EXCL DURUM)",ALL UTILIZATION PRACTICES,AREA PLANTED,"WHEAT, SPRING, (EXCL DURUM) - ACRES PLANTED",ACRES,5200,0.10
2023,YEAR,ALL PRODUCTION PRACTICES,WASHINGTON,WA,53,SPOKANE,063,COUNTY,WHEAT,"SPRING, (EXCL DURUM)",ALL UTILIZATION PRACTICES,AREA PLANTED,"WHEAT, SPRING, (EXCL DURUM) - ACRES PLANTED",ACRES,50700,0.2
2022,YEAR,ALL PRODUCTION PRACTICES,WASHINGTON,WA,53,SPOKANE,063,COUNTY,WHEAT,"SPRING, (EXCL DURUM)",ALL UTILIZATION PRACTICES,AREA PLANTED,"WHEAT, SPRING, (EXCL DURUM) - ACRES PLANTED",ACRES,52600,0.3
2021,YEAR,ALL PRODUCTION PRACTICES,WASHINGTON,WA,53,SPOKANE,063,COUNTY,WHEAT,"SPRING, (EXCL DURUM)",ALL UTILIZATION PRACTICES,AREA PLANTED,"WHEAT, SPRING, (EXCL DURUM) - ACRES PLANTED",ACRES,68500,0.40
2023,YEAR,ALL PRODUCTION PRACTICES,WASHINGTON,WA,53,ADAMS,001,COUNTY,WHEAT,"SPRING, (EXCL DURUM)",ALL UTILIZATION PRACTICES,AREA PLANTED,"WHEAT, SPRING, (EXCL DURUM) - ACRES PLANTED",ACRES,18400,0.2
2022,YEAR,ALL PRODUCTION PRACTICES,WASHINGTON,WA,53,DOUGLAS,017,COUNTY,WHEAT,"SPRING, (EXCL DURUM)",ALL UTILIZATION PRACTICES,AREA PLANTED,"WHEAT, SPRING, (EXCL DURUM) - ACRES PLANTED",ACRES,2800,1.1
2021,YEAR,ALL PRODUCTION PRACTICES,WASHINGTON,WA,53,DOUGLAS,017,COUNTY,WHEAT,"SPRING, (EXCL DURUM)",ALL UTILIZATION PRACTICES,AREA PLANTED,"WHEAT, SPRING, (EXCL DURUM) - ACRES PLANTED",ACRES,7200,0.10
2023,YEAR,ALL PRODUCTION PRACTICES,WASHINGTON,WA,53,FRANKLIN,021,COUNTY,WHEAT,"SPRING, (EXCL DURUM)",ALL UTILIZATION PRACTICES,AREA PLANTED,"WHEAT, SPRING, (EXCL DURUM) - ACRES PLANTED",ACRES,3400,0.5
2021,YEAR,ALL PRODUCTION PRACTICES,WASHINGTON,WA,53,FRANKLIN,021,COUNTY,WHEAT,"SPRING, (EXCL DURUM)",ALL UTILIZATION PRACTICES,AREA PLANTED,"WHEAT, SPRING, (EXCL DURUM) - ACRES PLANTED",ACRES,2600,0.20
2023,YEAR,ALL PRODUCTION PRACTICES,WASHINGTON,WA,53,GRANT,025,COUNTY,WHEAT,"SPRING, (EXCL DURUM)",ALL UTILIZATION PRACTICES,AREA PLANTED,"WHEAT, SPRING, (EXCL DURUM) - ACRES PLANTED",ACRES,8400,0.2
2021,YEAR,ALL PRODUCTION PRACTICES,WASHINGTON,WA,53,GRANT,025,COUNTY,WHEAT,"SPRING, (EXCL DURUM)",ALL UTILIZATION PRACTICES,AREA PLANTED,"WHEAT, SPRING, (EXCL DURUM) - ACRES PLANTED",ACRES,8400,0.10
2022,YEAR,ALL PRODUCTION PRACTICES,WASHINGTON,WA,53,LINCOLN,043,COUNTY,WHEAT,"SPRING, (EXCL DURUM)",ALL UTILIZATION PRACTICES,AREA PLANTED,"WHEAT, SPRING, (EXCL DURUM) - ACRES PLANTED",ACRES,102500,0.3
2021,YEAR,ALL PRODUCTION PRACTICES,WASHINGTON,WA,53,LINCOLN,043,COUNTY,WHEAT,"SPRING, (EXCL DURUM)",ALL UTILIZATION PRACTICES,AREA PLANTED,"WHEAT, SPRING, (EXCL DURUM) - ACRES PLANTED",ACRES,125000,0.10
2021,YEAR,ALL PRODUCTION PRACTICES,WASHINGTON,WA,53,ASOTIN,003,COUNTY,WHEAT,"SPRING, (EXCL DURUM)",ALL UTILIZATION PRACTICES,AREA PLANTED,"WHEAT, SPRING, (EXCL DURUM) - ACRES PLANTED",ACRES,3900,4.60
2023,YEAR,ALL PRODUCTION PRACTICES,WASHINGTON,WA,53,COLUMBIA,013,COUNTY,WHEAT,"SPRING, (EXCL DURUM)",ALL UTILIZATION PRACTICES,AREA PLANTED,"WHEAT, SPRING, (EXCL DURUM) - ACRES PLANTED",ACRES,32500,0.2
2022,YEAR,ALL PRODUCTION PRACTICES,WASHINGTON,WA,53,COLUMBIA,013,COUNTY,WHEAT,"SPRING, (EXCL DURUM)",ALL UTILIZATION PRACTICES,AREA PLANTED,"WHEAT, SPRING, (EXCL DURUM) - ACRES PLANTED",ACRES,23200,0.4
2021,YEAR,ALL PRODUCTION PRACTICES,WASHINGTON,WA,53,COLUMBIA,013,COUNTY,WHEAT,"SPRING, (EXCL DURUM)",ALL UTILIZATION PRACTICES,AREA PLANTED,"WHEAT, SPRING, (EXCL DURUM) - ACRES PLANTED",ACRES,25700,0.10
2021,YEAR,ALL PRODUCTION PRACTICES,WASHINGTON,WA,53,GARFIELD,023,COUNTY,WHEAT,"SPRING, (EXCL DURUM)",ALL UTILIZATION PRACTICES,AREA PLANTED,"WHEAT, SPRING, (EXCL DURUM) - ACRES PLANTED",ACRES,29500,0.10
2023,YEAR,ALL PRODUCTION PRACTICES,WASHINGTON,WA,53,WALLA WALLA,071,COUNTY,WHEAT,"SPRING, (EXCL DURUM)",ALL UTILIZATION PRACTICES,AREA PLANTED,"WHEAT, SPRING, (EXCL DURUM) - ACRES PLANTED",ACRES,29000,0.2
2021,YEAR,ALL PRODUCTION PRACTICES,WASHINGTON,WA,53,WALLA WALLA,071,COUNTY,WHEAT,"SPRING, (EXCL DURUM)",ALL UTILIZATION PRACTICES,AREA PLANTED,"WHEAT, SPRING, (EXCL DURUM) - ACRES PLANTED",ACRES,26000,0.10
2023,YEAR,ALL PRODUCTION PRACTICES,WASHINGTON,WA,53,WHITMAN,075,COUNTY,WHEAT,"SPRING, (EXCL DURUM)",ALL UTILIZATION PRACTICES,AREA PLANTED,"WHEAT, SPRING, (EXCL DURUM) - ACRES PLANTED",ACRES,179000,0.3
2022,YEAR,ALL PRODUCTION PRACTICES,WASHINGTON,WA,53,WHITMAN,075,COUNTY,WHEAT,"SPRING, (EXCL DURUM)",ALL UTILIZATION PRACTICES,AREA PLANTED,"WHEAT, SPRING, (EXCL DURUM) - ACRES PLANTED",ACRES,174000,0.3
2021,YEAR,ALL PRODUCTION PRACTICES,WASHINGTON,WA,53,WHITMAN,075,COUNTY,WHEAT,"SPRING, (EXCL DURUM)",ALL UTILIZATION PRACTICES,AREA PLANTED,"WHEAT, SPRING, (EXCL DURUM) - ACRES PLANTED",ACRES,210000,0.10
2023,YEAR,ALL PRODUCTION PRACTICES,WASHINGTON,WA,53,OTHER COUNTIES,,COUNTY,WHEAT,"SPRING, (EXCL DURUM)",ALL UTILIZATION PRACTICES,AREA PLANTED,"WHEAT, SPRING, (EXCL DURUM) - ACRES PLANTED",ACRES,147600,0.2
2022,YEAR,ALL PRODUCTION PRACTICES,WASHINGTON,WA,53,OTHER COUNTIES,,COUNTY,WHEAT,"SPRING, (EXCL DURUM)",ALL UTILIZATION PRACTICES,AREA PLANTED,"WHEAT, SPRING, (EXCL DURUM) - ACRES PLANTED",ACRES,90500,0.5
2021,YEAR,ALL PRODUCTION PRACTICES,WASHINGTON,WA,53,OTHER COUNTIES,,COUNTY,WHEAT,"SPRING, (EXCL DURUM)",ALL UTILIZATION PRACTICES,AREA PLANTED,"WHEAT, SPRING, (EXCL DURUM) - ACRES PLANTED",ACRES,44700,0.10
2021,YEAR,ALL PRODUCTION PRACTICES,IDAHO,ID,16,BENEWAH,009,COUNTY,WHEAT,"SPRING, (EXCL DURUM)",ALL UTILIZATION PRACTICES,AREA HARVESTED,"WHEAT, SPRING, (EXCL DURUM) - ACRES HARVESTED",ACRES,7150,2.60
2021,YEAR,ALL PRODUCTION PRACTICES,IDAHO,ID,16,CLEARWATER,035,COUNTY,WHEAT,"SPRING, (EXCL DURUM)",ALL UTILIZATION PRACTICES,AREA HARVESTED,"WHEAT, SPRING, (EXCL DURUM) - ACRES HARVESTED",ACRES,1900,2.40
2023,YEAR,ALL PRODUCTION PRACTICES,IDAHO,ID,16,IDAHO,049,COUNTY,WHEAT,"SPRING, (EXCL DURUM)",ALL UTILIZATION PRACTICES,AREA HARVESTED,"WHEAT, SPRING, (EXCL DURUM) - ACRES HARVESTED",ACRES,12600,1.6
2022,YEAR,ALL PRODUCTION PRACTICES,IDAHO,ID,16,IDAHO,049,COUNTY,WHEAT,"SPRING, (EXCL DURUM)",ALL UTILIZATION PRACTICES,AREA HARVESTED,"WHEAT, SPRING, (EXCL DURUM) - ACRES HARVESTED",ACRES,12600,4.2
2021,YEAR,ALL PRODUCTION PRACTICES,IDAHO,ID,16,IDAHO,049,COUNTY,WHEAT,"SPRING, (EXCL DURUM)",ALL UTILIZATION PRACTICES,AREA HARVESTED,"WHEAT, SPRING, (EXCL DURUM) - ACRES HARVESTED",ACRES,25800,2.40
2023,YEAR,ALL PRODUCTION PRACTICES,IDAHO,ID,16,LATAH,057,COUNTY,WHEAT,"SPRING, (EXCL DURUM)",ALL UTILIZATION PRACTICES,AREA HARVESTED,"WHEAT, SPRING, (EXCL DURUM) - ACRES HARVESTED",ACRES,21400,1.6
2021,YEAR,ALL PRODUCTION PRACTICES,IDAHO,ID,16,LATAH,057,COUNTY,WHEAT,"SPRING, (EXCL DURUM)",ALL UTILIZATION PRACTICES,AREA HARVESTED,"WHEAT, SPRING, (EXCL DURUM) - ACRES HARVESTED",ACRES,31700,2.90
2023,YEAR,ALL PRODUCTION PRACTICES,IDAHO,ID,16,LEWIS,061,COUNTY,WHEAT,"SPRING, (EXCL DURUM)",ALL UTILIZATION PRACTICES,AREA HARVESTED,"WHEAT, SPRING, (EXCL DURUM) - ACRES HARVESTED",ACRES,11400,1.6
2021,YEAR,ALL PRODUCTION PRACTICES,IDAHO,ID,16,LEWIS,061,COUNTY,WHEAT,"SPRING, (EXCL DURUM)",ALL UTILIZATION PRACTICES,AREA HARVESTED,"WHEAT, SPRING, (EXCL DURUM) - ACRES HARVESTED",ACRES,19900,2.50
2023,YEAR,ALL PRODUCTION PRACTICES,IDAHO,ID,16,NEZ PERCE,069,COUNTY,WHEAT,"SPRING, (EXCL DURUM)",ALL UTILIZATION PRACTICES,AREA HARVESTED,"WHEAT, SPRING, (EXCL DURUM) - ACRES HARVESTED",ACRES,16500,1.5
2021,YEAR,ALL PRODUCTION PRACTICES,IDAHO,ID,16,NEZ PERCE,069,COUNTY,WHEAT,"SPRING, (EXCL DURUM)",ALL UTILIZATION PRACTICES,AREA HARVESTED,"WHEAT, SPRING, (EXCL DURUM) - ACRES HARVESTED",ACRES,29300,2.70
2023,YEAR,ALL PRODUCTION PRACTICES,IDAHO,ID,16,ADA,001,COUNTY,WHEAT,"SPRING, (EXCL DURUM)",ALL UTILIZATION PRACTICES,AREA HARVESTED,"WHEAT, SPRING, (EXCL DURUM) - ACRES HARVESTED",ACRES,2600,2.3
2022,YEAR,ALL PRODUCTION PRACTICES,IDAHO,ID,16,ADA,001,COUNTY,WHEAT,"SPRING, (EXCL DURUM)",ALL UTILIZATION PRACTICES,AREA HARVESTED,"WHEAT, SPRING, (EXCL DURUM) - ACRES HARVESTED",ACRES,1710,5.1
2023,YEAR,ALL PRODUCTION PRACTICES,IDAHO,ID,16,CANYON,027,COUNTY,WHEAT,"SPRING, (EXCL DURUM)",ALL UTILIZATION PRACTICES,AREA HARVESTED,"WHEAT, SPRING, (EXCL DURUM) - ACRES HARVESTED",ACRES,3370,1.8
2022,YEAR,ALL PRODUCTION PRACTICES,IDAHO,ID,16,CANYON,027,COUNTY,WHEAT,"SPRING, (EXCL DURUM)",ALL UTILIZATION PRACTICES,AREA HARVESTED,"WHEAT, SPRING, (EXCL DURUM) - ACRES HARVESTED",ACRES,4360,4.4
2021,YEAR,ALL PRODUCTION PRACTICES,IDAHO,ID,16,CANYON,027,COUNTY,WHEAT,"SPRING, (EXCL DURUM)",ALL UTILIZATION PRACTICES,AREA HARVESTED,"WHEAT, SPRING, (EXCL DURUM) - ACRES HARVESTED",ACRES,4930,2.60
2022,YEAR,ALL PRODUCTION PRACTICES,IDAHO,ID,16,WASHINGTON,087,COUNTY,WHEAT,"SPRING, (EXCL DURUM)",ALL UTILIZATION PRACTICES,AREA HARVESTED,"WHEAT, SPRING, (EXCL DURUM) - ACRES HARVESTED",ACRES,570,6.6
2021,YEAR,ALL PRODUCTION PRACTICES,IDAHO,ID,16,WASHINGTON,087,COUNTY,WHEAT,"SPRING, (EXCL DURUM)",ALL UTILIZATION PRACTICES,AREA HARVESTED,"WHEAT, SPRING, (EXCL DURUM) - ACRES HARVESTED",ACRES,290,64.50
2022,YEAR,ALL PRODUCTION PRACTICES,IDAHO,ID,16,CAMAS,025,COUNTY,WHEAT,"SPRING, (EXCL DURUM)",ALL UTILIZATION PRACTICES,AREA HARVESTED,"WHEAT, SPRING, (EXCL DURUM) - ACRES HARVESTED",ACRES,3700,4.5
2023,YEAR,ALL PRODUCTION PRACTICES,IDAHO,ID,16,CASSIA,031,COUNTY,WHEAT,"SPRING, (EXCL DURUM)",ALL UTILIZATION PRACTICES,AREA HARVESTED,"WHEAT, SPRING, (EXCL DURUM) - ACRES HARVESTED",ACRES,15100,1.6
2021,YEAR,ALL PRODUCTION PRACTICES,IDAHO,ID,16,CASSIA,031,COUNTY,WHEAT,"SPRING, (EXCL DURUM)",ALL UTILIZATION PRACTICES,AREA HARVESTED,"WHEAT, SPRING, (EXCL DURUM) - ACRES HARVESTED",ACRES,11800,5.00
2023,YEAR,ALL PRODUCTION PRACTICES,IDAHO,ID,16,GOODING,047,COUNTY,WHEAT,"SPRING, (EXCL DURUM)",ALL UTILIZATION PRACTICES,AREA HARVESTED,"WHEAT, SPRING, (EXCL DURUM) - ACRES HARVESTED",ACRES,960,4.0
2021,YEAR,ALL PRODUCTION PRACTICES,IDAHO,ID,16,GOODING,047,COUNTY,WHEAT,"SPRING, (EXCL DURUM)",ALL UTILIZATION PRACTICES,AREA HARVESTED,"WHEAT, SPRING, (EXCL DURUM) - ACRES HARVESTED",ACRES,960,2.70
2023,YEAR,ALL PRODUCTION PRACTICES,IDAHO,ID,16,LINCOLN,063,COUNTY,WHEAT,"SPRING, (EXCL DURUM)",ALL UTILIZATION PRACTICES,AREA HARVESTED,"WHEAT, SPRING, (EXCL DURUM) - ACRES HARVESTED",ACRES,2220,3.3
2021,YEAR,ALL PRODUCTION PRACTICES,IDAHO,ID,16,LINCOLN,063,COUNTY,WHEAT,"SPRING, (EXCL DURUM)",ALL UTILIZATION PRACTICES,AREA HARVESTED,"WHEAT, SPRING, (EXCL DURUM) - ACRES HARVESTED",ACRES,3200,32.30
2023,YEAR,ALL PRODUCTION PRACTICES,IDAHO,ID,16,MINIDOKA,067,COUNTY,WHEAT,"SPRING, (EXCL DURUM)",ALL UTILIZATION PRACTICES,AREA HARVESTED,"WHEAT, SPRING, (EXCL DURUM) - ACRES HARVESTED",ACRES,6700,1.8
2021,YEAR,ALL PRODUCTION PRACTICES,IDAHO,ID,16,MINIDOKA,067,COUNTY,WHEAT,"SPRING, (EXCL DURUM)",ALL UTILIZATION PRACTICES,AREA HARVESTED,"WHEAT, SPRING, (EXCL DURUM) - ACRES HARVESTED",ACRES,10700,2.30
2023,YEAR,ALL PRODUCTION PRACTICES,IDAHO,ID,16,TWIN FALLS,083,COUNTY,WHEAT,"SPRING, (EXCL DURUM)",ALL UTILIZATION PRACTICES,AREA HARVESTED,"WHEAT, SPRING, (EXCL DURUM) - ACRES HARVESTED",ACRES,2200,4.1
2022,YEAR,ALL PRODUCTION PRACTICES,IDAHO,ID,16,TWIN FALLS,083,COUNTY,WHEAT,"SPRING, (EXCL DURUM)",ALL UTILIZATION PRACTICES,AREA HARVESTED,"WHEAT, SPRING, (EXCL DURUM) - ACRES HARVESTED",ACRES,3100,11.6
2021,YEAR,ALL PRODUCTION PRACTICES,IDAHO,ID,16,TWIN FALLS,083,COUNTY,WHEAT,"SPRING, (EXCL DURUM)",ALL UTILIZATION PRACTICES,AREA HARVESTED,"WHEAT, SPRING, (EXCL DURUM) - ACRES HARVESTED",ACRES,1640,2.70
2023,YEAR,ALL PRODUCTION PRACTICES,IDAHO,ID,16,BANNOCK,005,COUNTY,WHEAT,"SPRING, (EXCL DURUM)",ALL UTILIZATION PRACTICES,AREA HARVESTED,"WHEAT, SPRING, (EXCL DURUM) - ACRES HARVESTED",ACRES,14000,1.6
2023,YEAR,ALL PRODUCTION PRACTICES,IDAHO,ID,16,BINGHAM,011,COUNTY,WHEAT,"SPRING, (EXCL DURUM)",ALL UTILIZATION PRACTICES,AREA HARVESTED,"WHEAT, SPRING, (EXCL DURUM) - ACRES HARVESTED",ACRES,51000,1.4
2022,YEAR,ALL PRODUCTION PRACTICES,IDAHO,ID,16,BINGHAM,011,COUNTY,WHEAT,"SPRING, (EXCL DURUM)",ALL UTILIZATION PRACTICES,AREA HARVESTED,"WHEAT, SPRING, (EXCL DURUM) - ACRES HARVESTED",ACRES,38200,23.0
2021,YEAR,ALL PRODUCTION PRACTICES,IDAHO,ID,16,BINGHAM,011,COUNTY,WHEAT,"SPRING, (EXCL DURUM)",ALL UTILIZATION PRACTICES,AREA HARVESTED,"WHEAT, SPRING, (EXCL DURUM) - ACRES HARVESTED",ACRES,43200,2.50
2023,YEAR,ALL PRODUCTION PRACTICES,IDAHO,ID,16,BONNEVILLE,019,COUNTY,WHEAT,"SPRING, (EXCL DURUM)",ALL UTILIZATION PRACTICES,AREA HARVESTED,"WHEAT, SPRING, (EXCL DURUM) - ACRES HARVESTED",ACRES,40000,1.5
2022,YEAR,ALL PRODUCTION PRACTICES,IDAHO,ID,16,BONNEVILLE,019,COUNTY,WHEAT,"SPRING, (EXCL DURUM)",ALL UTILIZATION PRACTICES,AREA HARVESTED,"WHEAT, SPRING, (EXCL DURUM) - ACRES HARVESTED",ACRES,33300,4.1
2021,YEAR,ALL PRODUCTION PRACTICES,IDAHO,ID,16,BONNEVILLE,019,COUNTY,WHEAT,"SPRING, (EXCL DURUM)",ALL UTILIZATION PRACTICES,AREA HARVESTED,"WHEAT, SPRING, (EXCL DURUM) - ACRES HARVESTED",ACRES,49600,2.10
2023,YEAR,ALL PRODUCTION PRACTICES,IDAHO,ID,16,BUTTE,023,COUNTY,WHEAT,"SPRING, (EXCL DURUM)",ALL UTILIZATION PRACTICES,AREA HARVESTED,"WHEAT, SPRING, (EXCL DURUM) - ACRES HARVESTED",ACRES,4600,2.3
2023,YEAR,ALL PRODUCTION PRACTICES,IDAHO,ID,16,CARIBOU,029,COUNTY,WHEAT,"SPRING, (EXCL DURUM)",ALL UTILIZATION PRACTICES,AREA HARVESTED,"WHEAT, SPRING, (EXCL DURUM) - ACRES HARVESTED",ACRES,15100,1.6
2022,YEAR,ALL PRODUCTION PRACTICES,IDAHO,ID,16,CARIBOU,029,COUNTY,WHEAT,"SPRING, (EXCL DURUM)",ALL UTILIZATION PRACTICES,AREA HARVESTED,"WHEAT, SPRING, (EXCL DURUM) - ACRES HARVESTED",ACRES,17800,4.4
2021,YEAR,ALL PRODUCTION PRACTICES,IDAHO,ID,16,CARIBOU,029,COUNTY,WHEAT,"SPRING, (EXCL DURUM)",ALL UTILIZATION PRACTICES,AREA HARVESTED,"WHEAT, SPRING, (EXCL DURUM) - ACRES HARVESTED",ACRES,27700,2.20
2022,YEAR,ALL PRODUCTION PRACTICES,IDAHO,ID,16,CLARK,033,COUNTY,WHEAT,"SPRING, (EXCL DURUM)",ALL UTILIZATION PRACTICES,AREA HARVESTED,"WHEAT, SPRING, (EXCL DURUM) - ACRES HARVESTED",ACRES,5790,4.6
2023,YEAR,ALL PRODUCTION PRACTICES,IDAHO,ID,16,FRANKLIN,041,COUNTY,WHEAT,"SPRING, (EXCL DURUM)",ALL UTILIZATION PRACTICES,AREA HARVESTED,"WHEAT, SPRING, (EXCL DURUM) - ACRES HARVESTED",ACRES,1800,5.5
2022,YEAR,ALL PRODUCTION PRACTICES,IDAHO,ID,16,FRANKLIN,041,COUNTY,WHEAT,"SPRING, (EXCL DURUM)",ALL UTILIZATION PRACTICES,AREA HARVESTED,"WHEAT, SPRING, (EXCL DURUM) - ACRES HARVESTED",ACRES,3390,4.6
2023,YEAR,ALL PRODUCTION PRACTICES,IDAHO,ID,16,JEFFERSON,051,COUNTY,WHEAT,"SPRING, (EXCL DURUM)",ALL UTILIZATION PRACTICES,AREA HARVESTED,"WHEAT, SPRING, (EXCL DURUM) - ACRES HARVESTED",ACRES,19700,1.4
2022,YEAR,ALL PRODUCTION PRACTICES,IDAHO,ID,16,JEFFERSON,051,COUNTY,WHEAT,"SPRING, (EXCL DURUM)",ALL UTILIZATION PRACTICES,AREA HARVESTED,"WHEAT, SPRING, (EXCL DURUM) - ACRES HARVESTED",ACRES,22200,4.5
2021,YEAR,ALL PRODUCTION PRACTICES,IDAHO,ID,16,JEFFERSON,051,COUNTY,WHEAT,"SPRING, (EXCL DURUM)",ALL UTILIZATION PRACTICES,AREA HARVESTED,"WHEAT, SPRING, (EXCL DURUM) - ACRES HARVESTED",ACRES,23900,2.50
2023,YEAR,ALL PRODUCTION PRACTICES,IDAHO,ID,16,MADISON,065,COUNTY,WHEAT,"SPRING, (EXCL DURUM)",ALL UTILIZATION PRACTICES,AREA HARVESTED,"WHEAT, SPRING, (EXCL DURUM) - ACRES HARVESTED",ACRES,42000,1.3
2022,YEAR,ALL PRODUCTION PRACTICES,IDAHO,ID,16,MADISON,065,COUNTY,WHEAT,"SPRING, (EXCL DURUM)",ALL UTILIZATION PRACTICES,AREA HARVESTED,"WHEAT, SPRING, (EXCL DURUM) - ACRES HARVESTED",ACRES,41800,4.4
2021,YEAR,ALL PRODUCTION PRACTICES,IDAHO,ID,16,MADISON,065,COUNTY,WHEAT,"SPRING, (EXCL DURUM)",ALL UTILIZATION PRACTICES,AREA HARVESTED,"WHEAT, SPRING, (EXCL DURUM) - ACRES HARVESTED",ACRES,47700,2.40
2023,YEAR,ALL PRODUCTION PRACTICES,IDAHO,ID,16,POWER,077,COUNTY,WHEAT,"SPRING, (EXCL DURUM)",ALL UTILIZATION PRACTICES,AREA HARVESTED,"WHEAT, SPRING, (EXCL DURUM) - ACRES HARVESTED",ACRES,31000,1.5
2023,YEAR,ALL PRODUCTION PRACTICES,IDAHO,ID,16,OTHER COUNTIES,,COUNTY,WHEAT,"SPRING, (EXCL DURUM)",ALL UTILIZATION PRACTICES,AREA HARVESTED,"WHEAT, SPRING, (EXCL DURUM) - ACRES HARVESTED",ACRES,80750,0.6
2022,YEAR,ALL PRODUCTION PRACTICES,IDAHO,ID,16,OTHER COUNTIES,,COUNTY,WHEAT,"SPRING, (EXCL DURUM)",ALL UTILIZATION PRACTICES,AREA HARVESTED,"WHEAT, SPRING, (EXCL DURUM) - ACRES HARVESTED",ACRES,171480,2.0
2021,YEAR,ALL PRODUCTION PRACTICES,IDAHO,ID,16,OTHER COUNTIES,,COUNTY,WHEAT,"SPRING, (EXCL DURUM)",ALL UTILIZATION PRACTICES,AREA HARVESTED,"WHEAT, SPRING, (EXCL DURUM) - ACRES HARVESTED",ACRES,143630,2.20
2023,YEAR,ALL PRODUCTION PRACTICES,MINNESOTA,MN,27,BECKER,005,COUNTY,WHEAT,"SPRING, (EXCL DURUM)",ALL UTILIZATION PRACTICES,AREA HARVESTED,"WHEAT, SPRING, (EXCL DURUM) - ACRES HARVESTED",ACRES,21900,0.5
2022,YEAR,ALL PRODUCTION PRACTICES,MINNESOTA,MN,27,BECKER,005,COUNTY,WHEAT,"SPRING, (EXCL DURUM)",ALL UTILIZATION PRACTICES,AREA HARVESTED,"WHEAT, SPRING, (EXCL DURUM) - ACRES HARVESTED",ACRES,23800,0.7
2021,YEAR,ALL PRODUCTION PRACTICES,MINNESOTA,MN,27,BECKER,005,COUNTY,WHEAT,"SPRING, (EXCL DURUM)",ALL UTILIZATION PRACTICES,AREA HARVESTED,"WHEAT, SPRING, (EXCL DURUM) - ACRES HARVESTED",ACRES,20500,1.10
2023,YEAR,ALL PRODUCTION PRACTICES,MINNESOTA,MN,27,CLAY,027,COUNTY,WHEAT,"SPRING, (EXCL DURUM)",ALL UTILIZATION PRACTICES,AREA HARVESTED,"WHEAT, SPRING, (EXCL DURUM) - ACRES HARVESTED",ACRES,57400,0.5
2022,YEAR,ALL PRODUCTION PRACTICES,MINNESOTA,MN,27,CLAY,027,COUNTY,WHEAT,"SPRING, (EXCL DURUM)",ALL UTILIZATION PRACTICES,AREA HARVESTED,"WHEAT, SPRING, (EXCL DURUM) - ACRES HARVESTED",ACRES,67100,0.7
2021,YEAR,ALL PRODUCTION PRACTICES,MINNESOTA,MN,27,CLAY,027,COUNTY,WHEAT,"SPRING, (EXCL DURUM)",ALL UTILIZATION PRACTICES,AREA HARVESTED,"WHEAT, SPRING, (EXCL DURUM) - ACRES HARVESTED",ACRES,55400,1.20
2022,YEAR,ALL PRODUCTION PRACTICES,MINNESOTA,MN,27,KITTSON,069,COUNTY,WHEAT,"SPRING, (EXCL DURUM)",ALL UTILIZATION PRACTICES,AREA HARVESTED,"WHEAT, SPRING, (EXCL DURUM) - ACRES HARVESTED",ACRES,132000,0.7
2021,YEAR,ALL PRODUCTION PRACTICES,MINNESOTA,MN,27,KITTSON,069,COUNTY,WHEAT,"SPRING, (EXCL DURUM)",ALL UTILIZATION PRACTICES,AREA HARVESTED,"WHEAT, SPRING, (EXCL DURUM) - ACRES HARVESTED",ACRES,119600,1.20
2023,YEAR,ALL PRODUCTION PRACTICES,MINNESOTA,MN,27,MAHNOMEN,087,COUNTY,WHEAT,"SPRING, (EXCL DURUM)",ALL UTILIZATION PRACTICES,AREA HARVESTED,"WHEAT, SPRING, (EXCL DURUM) - ACRES HARVESTED",ACRES,26300,0.6
2022,YEAR,ALL PRODUCTION PRACTICES,MINNESOTA,MN,27,MAHNOMEN,087,COUNTY,WHEAT,"SPRING, (EXCL DURUM)",ALL UTILIZATION PRACTICES,AREA HARVESTED,"WHEAT, SPRING, (EXCL DURUM) - ACRES HARVESTED",ACRES,34700,0.7
2023,YEAR,ALL PRODUCTION PRACTICES,MINNESOTA,MN,27,MARSHALL,089,COUNTY,WHEAT,"SPRING, (EXCL DURUM)",ALL UTILIZATION PRACTICES,AREA HARVESTED,"WHEAT, SPRING, (EXCL DURUM) - ACRES HARVESTED",ACRES,232000,0.5
2022,YEAR,ALL PRODUCTION PRACTICES,MINNESOTA,MN,27,MARSHALL,089,COUNTY,WHEAT,"SPRING, (EXCL DURUM)",ALL UTILIZATION PRACTICES,AREA HARVESTED,"WHEAT, SPRING, (EXCL DURUM) - ACRES HARVESTED",ACRES,190500,0.6
2021,YEAR,ALL PRODUCTION PRACTICES,MINNESOTA,MN,27,MARSHALL,089,COUNTY,WHEAT,"SPRING, (EXCL DURUM)",ALL UTILIZATION PRACTICES,AREA HARVESTED,"WHEAT, SPRING, (EXCL DURUM) - ACRES HARVESTED",ACRES,208000,1.10
2023,YEAR,ALL PRODUCTION PRACTICES,MINNESOTA,MN,27,NORMAN,107,COUNTY,WHEAT,"SPRING, (EXCL DURUM)",ALL UTILIZATION PRACTICES,AREA HARVESTED,"WHEAT, SPRING, (EXCL DURUM) - ACRES HARVESTED",ACRES,92300,0.5
2022,YEAR,ALL PRODUCTION PRACTICES,MINNESOTA,MN,27,NORMAN,107,COUNTY,WHEAT,"SPRING, (EXCL DURUM)",ALL UTILIZATION PRACTICES,AREA HARVESTED,"WHEAT, SPRING, (EXCL DURUM) - ACRES HARVESTED",ACRES,89100,0.7
2021,YEAR,ALL PRODUCTION PRACTICES,MINNESOTA,MN,27,NORMAN,107,COUNTY,WHEAT,"SPRING, (EXCL DURUM)",ALL UTILIZATION PRACTICES,AREA HARVESTED,"WHEAT, SPRING, (EXCL DURUM) - ACRES HARVESTED",ACRES,84300,1.20
2021,YEAR,ALL PRODUCTION PRACTICES,MINNESOTA,MN,27,PENNINGTON,113,COUNTY,WHEAT,"SPRING, (EXCL DURUM)",ALL UTILIZATION PRACTICES,AREA HARVESTED,"WHEAT, SPRING, (EXCL DURUM) - ACRES HARVESTED",ACRES,80800,1.20
2023,YEAR,ALL PRODUCTION PRACTICES,MINNESOTA,MN,27,POLK,119,COUNTY,WHEAT,"SPRING, (EXCL DURUM)",ALL UTILIZATION PRACTICES,AREA HARVESTED,"WHEAT, SPRING, (EXCL DURUM) - ACRES HARVESTED",ACRES,258500,0.4
2022,YEAR,ALL PRODUCTION PRACTICES,MINNESOTA,MN,27,POLK,119,COUNTY,WHEAT,"SPRING, (EXCL DURUM)",ALL UTILIZATION PRACTICES,AREA HARVESTED,"WHEAT, SPRING, (EXCL DURUM) - ACRES HARVESTED",ACRES,263000,0.6
2021,YEAR,ALL PRODUCTION PRACTICES,MINNESOTA,MN,27,POLK,119,COUNTY,WHEAT,"SPRING, (EXCL DURUM)",ALL UTILIZATION PRACTICES,AREA HARVESTED,"WHEAT, SPRING, (EXCL DURUM) - ACRES HARVESTED",ACRES,250500,0.90
2023,YEAR,ALL PRODUCTION PRACTICES,MINNESOTA,MN,27,RED LAKE,125,COUNTY,WHEAT,"SPRING, (EXCL DURUM)",ALL UTILIZATION PRACTICES,AREA HARVESTED,"WHEAT, SPRING, (EXCL DURUM) - ACRES HARVESTED",ACRES,58200,0.6
2022,YEAR,ALL PRODUCTION PRACTICES,MINNESOTA,MN,27,RED LAKE,125,COUNTY,WHEAT,"SPRING, (EXCL DURUM)",ALL UTILIZATION PRACTICES,AREA HARVESTED,"WHEAT, SPRING, (EXCL DURUM) - ACRES HARVESTED",ACRES,60100,0.7
2021,YEAR,ALL PRODUCTION PRACTICES,MINNESOTA,MN,27,RED LAKE,125,COUNTY,WHEAT,"SPRING, (EXCL DURUM)",ALL UTILIZATION PRACTICES,AREA HARVESTED,"WHEAT, SPRING, (EXCL DURUM) - ACRES HARVESTED",ACRES,56000,1.10
2022,YEAR,ALL PRODUCTION PRACTICES,MINNESOTA,MN,27,ROSEAU,135,COUNTY,WHEAT,"SPRING, (EXCL DURUM)",ALL UTILIZATION PRACTICES,AREA HARVESTED,"WHEAT, SPRING, (EXCL DURUM) - ACRES HARVESTED",ACRES,96400,0.7
2021,YEAR,ALL PRODUCTION PRACTICES,MINNESOTA,MN,27,ROSEAU,135,COUNTY,WHEAT,"SPRING, (EXCL DURUM)",ALL UTILIZATION PRACTICES,AREA HARVESTED,"WHEAT, SPRING, (EXCL DURUM) - ACRES HARVESTED",ACRES,95400,1.20
2023,YEAR,ALL PRODUCTION PRACTICES,MINNESOTA,MN,27,BELTRAMI,007,COUNTY,WHEAT,"SPRING, (EXCL DURUM)",ALL UTILIZATION PRACTICES,AREA HARVESTED,"WHEAT, SPRING, (EXCL DURUM) - ACRES HARVESTED",ACRES,12600,0.6
2022,YEAR,ALL PRODUCTION PRACTICES,MINNESOTA,MN,27,BELTRAMI,007,COUNTY,WHEAT,"SPRING, (EXCL DURUM)",ALL UTILIZATION PRACTICES,AREA HARVESTED,"WHEAT, SPRING, (EXCL DURUM) - ACRES HARVESTED",ACRES,9110,0.8
2021,YEAR,ALL PRODUCTION PRACTICES,MINNESOTA,MN,27,BELTRAMI,007,COUNTY,WHEAT,"SPRING, (EXCL DURUM)",ALL UTILIZATION PRACTICES,AREA HARVESTED,"WHEAT, SPRING, (EXCL DURUM) - ACRES HARVESTED",ACRES,11400,1.00
2023,YEAR,ALL PRODUCTION PRACTICES,MINNESOTA,MN,27,KOOCHICHING,071,COUNTY,WHEAT,"SPRING, (EXCL DURUM)",ALL UTILIZATION PRACTICES,AREA HARVESTED,"WHEAT, SPRING, (EXCL DURUM) - ACRES HARVESTED",ACRES,1550,0.6
2021,YEAR,ALL PRODUCTION PRACTICES,MINNESOTA,MN,27,KOOCHICHING,071,COUNTY,WHEAT,"SPRING, (EXCL DURUM)",ALL UTILIZATION PRACTICES,AREA HARVESTED,"WHEAT, SPRING, (EXCL DURUM) - ACRES HARVESTED",ACRES,1150,1.40
2023,YEAR,ALL PRODUCTION PRACTICES,MINNESOTA,MN,27,LAKE OF THE WOODS,077,COUNTY,WHEAT,"SPRING, (EXCL DURUM)",ALL UTILIZATION PRACTICES,AREA HARVESTED,"WHEAT, SPRING, (EXCL DURUM) - ACRES HARVESTED",ACRES,8950,0.6
2022,YEAR,ALL PRODUCTION PRACTICES,MINNESOTA,MN,27,LAKE OF THE WOODS,077,COUNTY,WHEAT,"SPRING, (EXCL DURUM)",ALL UTILIZATION PRACTICES,AREA HARVESTED,"WHEAT, SPRING, (EXCL DURUM) - ACRES HARVESTED",ACRES,7550,0.7
2023,YEAR,ALL PRODUCTION PRACTICES,MINNESOTA,MN,27,BIG STONE,011,COUNTY,WHEAT,"SPRING, (EXCL DURUM)",ALL UTILIZATION PRACTICES,AREA HARVESTED,"WHEAT, SPRING, (EXCL DURUM) - ACRES HARVESTED",ACRES,2900,0.5
2022,YEAR,ALL PRODUCTION PRACTICES,MINNESOTA,MN,27,BIG STONE,011,COUNTY,WHEAT,"SPRING, (EXCL DURUM)",ALL UTILIZATION PRACTICES,AREA HARVESTED,"WHEAT, SPRING, (EXCL DURUM) - ACRES HARVESTED",ACRES,1940,0.8
2021,YEAR,ALL PRODUCTION PRACTICES,MINNESOTA,MN,27,BIG STONE,011,COUNTY,WHEAT,"SPRING, (EXCL DURUM)",ALL UTILIZATION PRACTICES,AREA HARVESTED,"WHEAT, SPRING, (EXCL DURUM) - ACRES HARVESTED",ACRES,4320,1.30
2023,YEAR,ALL PRODUCTION PRACTICES,MINNESOTA,MN,27,CHIPPEWA,023,COUNTY,WHEAT,"SPRING, (EXCL DURUM)",ALL UTILIZATION PRACTICES,AREA HARVESTED,"WHEAT, SPRING, (EXCL DURUM) - ACRES HARVESTED",ACRES,870,0.6
2022,YEAR,ALL PRODUCTION PRACTICES,MINNESOTA,MN,27,CHIPPEWA,023,COUNTY,WHEAT,"SPRING, (EXCL DURUM)",ALL UTILIZATION PRACTICES,AREA HARVESTED,"WHEAT, SPRING, (EXCL DURUM) - ACRES HARVESTED",ACRES,1360,0.9
2021,YEAR,ALL PRODUCTION PRACTICES,MINNESOTA,MN,27,CHIPPEWA,023,COUNTY,WHEAT,"SPRING, (EXCL DURUM)",ALL UTILIZATION PRACTICES,AREA HARVESTED,"WHEAT, SPRING, (EXCL DURUM) - ACRES HARVESTED",ACRES,670,3.30
2023,YEAR,ALL PRODUCTION PRACTICES,MINNESOTA,MN,27,DOUGLAS,041,COUNTY,WHEAT,"SPRING, (EXCL DURUM)",ALL UTILIZATION PRACTICES,AREA HARVESTED,"WHEAT, SPRING, (EXCL DURUM) - ACRES HARVESTED",ACRES,5340,0.6
2022,YEAR,ALL PRODUCTION PRACTICES,MINNESOTA,MN,27,DOUGLAS,041,COUNTY,WHEAT,"SPRING, (EXCL DURUM)",ALL UTILIZATION PRACTICES,AREA HARVESTED,"WHEAT, SPRING, (EXCL DURUM) - ACRES HARVESTED",ACRES,6870,0.7
2021,YEAR,ALL PRODUCTION PRACTICES,MINNESOTA,MN,27,DOUGLAS,041,COUNTY,WHEAT,"SPRING, (EXCL DURUM)",ALL UTILIZATION PRACTICES,AREA HARVESTED,"WHEAT, SPRING, (EXCL DURUM) - ACRES HARVESTED",ACRES,4500,1.10
2021,YEAR,ALL PRODUCTION PRACTICES,MINNESOTA,MN,27,GRANT,051,COUNTY,WHEAT,"SPRING, (EXCL DURUM)",ALL UTILIZATION PRACTICES,AREA HARVESTED,"WHEAT, SPRING, (EXCL DURUM) - ACRES HARVESTED",ACRES,7450,1.10
2023,YEAR,ALL PRODUCTION PRACTICES,MINNESOTA,MN,27,LAC QUI PARLE,073,COUNTY,WHEAT,"SPRING, (EXCL DURUM)",ALL UTILIZATION PRACTICES,AREA HARVESTED,"WHEAT, SPRING, (EXCL DURUM) - ACRES HARVESTED",ACRES,1160,0.5
2021,YEAR,ALL PRODUCTION PRACTICES,MINNESOTA,MN,27,LAC QUI PARLE,073,COUNTY,WHEAT,"SPRING, (EXCL DURUM)",ALL UTILIZATION PRACTICES,AREA HARVESTED,"WHEAT, SPRING, (EXCL DURUM) - ACRES HARVESTED",ACRES,980,2.30
2023,YEAR,ALL PRODUCTION PRACTICES,MINNESOTA,MN,27,OTTER TAIL,111,COUNTY,WHEAT,"SPRING, (EXCL DURUM)",ALL UTILIZATION PRACTICES,AREA HARVESTED,"WHEAT, SPRING, (EXCL DURUM) - ACRES HARVESTED",ACRES,18100,0.5
2022,YEAR,ALL PRODUCTION PRACTICES,MINNESOTA,MN,27,OTTER TAIL,111,COUNTY,WHEAT,"SPRING, (EXCL DURUM)",ALL UTILIZATION PRACTICES,AREA HARVESTED,"WHEAT, SPRING, (EXCL DURUM) - ACRES HARVESTED",ACRES,21200,0.7
2021,YEAR,ALL PRODUCTION PRACTICES,MINNESOTA,MN,27,OTTER TAIL,111,COUNTY,WHEAT,"SPRING, (EXCL DURUM)",ALL UTILIZATION PRACTICES,AREA HARVESTED,"WHEAT, SPRING, (EXCL DURUM) - ACRES HARVESTED",ACRES,15800,1.10
2023,YEAR,ALL PRODUCTION PRACTICES,MINNESOTA,MN,27,POPE,121,COUNTY,WHEAT,"SPRING, (EXCL DURUM)",ALL UTILIZATION PRACTICES,AREA HARVESTED,"WHEAT, SPRING, (EXCL DURUM) - ACRES HARVESTED",ACRES,2910,0.6
2022,YEAR,ALL PRODUCTION PRACTICES,MINNESOTA,MN,27,POPE,121,COUNTY,WHEAT,"SPRING, (EXCL DURUM)",ALL UTILIZATION PRACTICES,AREA HARVESTED,"WHEAT, SPRING, (EXCL DURUM) - ACRES HARVESTED",ACRES,4750,0.7
2023,YEAR,ALL PRODUCTION PRACTICES,MINNESOTA,MN,27,STEVENS,149,COUNTY,WHEAT,"SPRING, (EXCL DURUM)",ALL UTILIZATION PRACTICES,AREA HARVESTED,"WHEAT, SPRING, (EXCL DURUM) - ACRES HARVESTED",ACRES,3920,0.4
2022,YEAR,ALL PRODUCTION PRACTICES,MINNESOTA,MN,27,STEVENS,149,COUNTY,WHEAT,"SPRING, (EXCL DURUM)",ALL UTILIZATION PRACTICES,AREA HARVESTED,"WHEAT, SPRING, (EXCL DURUM) - ACRES HARVESTED",ACRES,3210,0.4
2021,YEAR,ALL PRODUCTION PRACTICES,MINNESOTA,MN,27,STEVENS,149,COUNTY,WHEAT,"SPRING, (EXCL DURUM)",ALL UTILIZATION PRACTICES,AREA HARVESTED,"WHEAT, SPRING, (EXCL DURUM) - ACRES HARVESTED",ACRES,3940,1.40
2021,YEAR,ALL PRODUCTION PRACTICES,MINNESOTA,MN,27,SWIFT,151,COUNTY,WHEAT,"SPRING, (EXCL DURUM)",ALL UTILIZATION PRACTICES,AREA HARVESTED,"WHEAT, SPRING, (EXCL DURUM) - ACRES HARVESTED",ACRES,2980,1.10
2023,YEAR,ALL PRODUCTION PRACTICES,MINNESOTA,MN,27,TRAVERSE,155,COUNTY,WHEAT,"SPRING, (EXCL DURUM)",ALL UTILIZATION PRACTICES,AREA HARVESTED,"WHEAT, SPRING, (EXCL DURUM) - ACRES HARVESTED",ACRES,7280,0.6
2021,YEAR,ALL PRODUCTION PRACTICES,MINNESOTA,MN,27,TRAVERSE,155,COUNTY,WHEAT,"SPRING, (EXCL DURUM)",ALL UTILIZATION PRACTICES,AREA HARVESTED,"WHEAT, SPRING, (EXCL DURUM) - ACRES HARVESTED",ACRES,6530,1.30
2023,YEAR,ALL PRODUCTION PRACTICES,MINNESOTA,MN,27,WILKIN,167,COUNTY,WHEAT,"SPRING, (EXCL DURUM)",ALL UTILIZATION PRACTICES,AREA HARVESTED,"WHEAT, SPRING, (EXCL DURUM) - ACRES HARVESTED",ACRES,62300,0.5
2022,YEAR,ALL PRODUCTION PRACTICES,MINNESOTA,MN,27,WILKIN,167,COUNTY,WHEAT,"SPRING, (EXCL DURUM)",ALL UTILIZATION PRACTICES,AREA HARVESTED,"WHEAT, SPRING, (EXCL DURUM) - ACRES HARVESTED",ACRES,57500,5.5
2021,YEAR,ALL PRODUCTION PRACTICES,MINNESOTA,MN,27,WILKIN,167,COUNTY,WHEAT,"SPRING, (EXCL DURUM)",ALL UTILIZATION PRACTICES,AREA HARVESTED,"WHEAT, SPRING, (EXCL DURUM) - ACRES HARVESTED",ACRES,55200,1.40
2021,YEAR,ALL PRODUCTION PRACTICES,MINNESOTA,MN,27,YELLOW MEDICINE,173,COUNTY,WHEAT,"SPRING, (EXCL DURUM)",ALL UTILIZATION PRACTICES,AREA HARVESTED,"WHEAT, SPRING, (EXCL DURUM) - ACRES HARVESTED",ACRES,1530,1.20
2023,YEAR,ALL PRODUCTION PRACTICES,MINNESOTA,MN,27,CARVER,019,COUNTY,WHEAT,"SPRING, (EXCL DURUM)",ALL UTILIZATION PRACTICES,AREA HARVESTED,"WHEAT, SPRING, (EXCL DURUM) - ACRES HARVESTED",ACRES,580,0.5
2022,YEAR,ALL PRODUCTION PRACTICES,MINNESOTA,MN,27,CARVER,019,COUNTY,WHEAT,"SPRING, (EXCL DURUM)",ALL UTILIZATION PRACTICES,AREA HARVESTED,"WHEAT, SPRING, (EXCL DURUM) - ACRES HARVESTED",ACRES,680,0.7
2023,YEAR,ALL PRODUCTION PRACTICES,MINNESOTA,MN,27,KANDIYOHI,067,COUNTY,WHEAT,"SPRING, (EXCL DURUM)",ALL UTILIZATION PRACTICES,AREA HARVESTED,"WHEAT, SPRING, (EXCL DURUM) - ACRES HARVESTED",ACRES,870,0.6
2022,YEAR,ALL PRODUCTION PRACTICES,MINNESOTA,MN,27,KANDIYOHI,067,COUNTY,WHEAT,"SPRING, (EXCL DURUM)",ALL UTILIZATION PRACTICES,AREA HARVESTED,"WHEAT, SPRING, (EXCL DURUM) - ACRES HARVESTED",ACRES,1140,0.7
2021,YEAR,ALL PRODUCTION PRACTICES,MINNESOTA,MN,27,KANDIYOHI,067,COUNTY,WHEAT,"SPRING, (EXCL DURUM)",ALL UTILIZATION PRACTICES,AREA HARVESTED,"WHEAT, SPRING, (EXCL DURUM) - ACRES HARVESTED",ACRES,960,1.30
2023,YEAR,ALL PRODUCTION PRACTICES,MINNESOTA,MN,27,MCLEOD,085,COUNTY,WHEAT,"SPRING, (EXCL DURUM)",ALL UTILIZATION PRACTICES,AREA HARVESTED,"WHEAT, SPRING, (EXCL DURUM) - ACRES HARVESTED",ACRES,870,0.5
2021,YEAR,ALL PRODUCTION PRACTICES,MINNESOTA,MN,27,MCLEOD,085,COUNTY,WHEAT,"SPRING, (EXCL DURUM)",ALL UTILIZATION PRACTICES,AREA HARVESTED,"WHEAT, SPRING, (EXCL DURUM) - ACRES HARVESTED",ACRES,860,1.30
2021,YEAR,ALL PRODUCTION PRACTICES,MINNESOTA,MN,27,MEEKER,093,COUNTY,WHEAT,"SPRING, (EXCL DURUM)",ALL UTILIZATION PRACTICES,AREA HARVESTED,"WHEAT, SPRING, (EXCL DURUM) - ACRES HARVESTED",ACRES,380,1.30
2023,YEAR,ALL PRODUCTION PRACTICES,MINNESOTA,MN,27,MORRISON,097,COUNTY,WHEAT,"SPRING, (EXCL DURUM)",ALL UTILIZATION PRACTICES,AREA HARVESTED,"WHEAT, SPRING, (EXCL DURUM) - ACRES HARVESTED",ACRES,630,0.4
2022,YEAR,ALL PRODUCTION PRACTICES,MINNESOTA,MN,27,MORRISON,097,COUNTY,WHEAT,"SPRING, (EXCL DURUM)",ALL UTILIZATION PRACTICES,AREA HARVESTED,"WHEAT, SPRING, (EXCL DURUM) - ACRES HARVESTED",ACRES,1360,0.7
2021,YEAR,ALL PRODUCTION PRACTICES,MINNESOTA,MN,27,MORRISON,097,COUNTY,WHEAT,"SPRING, (EXCL DURUM)",ALL UTILIZATION PRACTICES,AREA HARVESTED,"WHEAT, SPRING, (EXCL DURUM) - ACRES HARVESTED",ACRES,560,2.40
2023,YEAR,ALL PRODUCTION PRACTICES,MINNESOTA,MN,27,RENVILLE,129,COUNTY,WHEAT,"SPRING, (EXCL DURUM)",ALL UTILIZATION PRACTICES,AREA HARVESTED,"WHEAT, SPRING, (EXCL DURUM) - ACRES HARVESTED",ACRES,1460,0.6
2022,YEAR,ALL PRODUCTION PRACTICES,MINNESOTA,MN,27,RENVILLE,129,COUNTY,WHEAT,"SPRING, (EXCL DURUM)",ALL UTILIZATION PRACTICES,AREA HARVESTED,"WHEAT, SPRING, (EXCL DURUM) - ACRES HARVESTED",ACRES,1650,0.8
2021,YEAR,ALL PRODUCTION PRACTICES,MINNESOTA,MN,27,RENVILLE,129,COUNTY,WHEAT,"SPRING, (EXCL DURUM)",ALL UTILIZATION PRACTICES,AREA HARVESTED,"WHEAT, SPRING, (EXCL DURUM) - ACRES HARVESTED",ACRES,1350,1.30
2021,YEAR,ALL PRODUCTION PRACTICES,MINNESOTA,MN,27,SCOTT,139,COUNTY,WHEAT,"SPRING, (EXCL DURUM)",ALL UTILIZATION PRACTICES,AREA HARVESTED,"WHEAT, SPRING, (EXCL DURUM) - ACRES HARVESTED",ACRES,100,1.40
2023,YEAR,ALL PRODUCTION PRACTICES,MINNESOTA,MN,27,SIBLEY,143,COUNTY,WHEAT,"SPRING, (EXCL DURUM)",ALL UTILIZATION PRACTICES,AREA HARVESTED,"WHEAT, SPRING, (EXCL DURUM) - ACRES HARVESTED",ACRES,480,0.5
2022,YEAR,ALL PRODUCTION PRACTICES,MINNESOTA,MN,27,SIBLEY,143,COUNTY,WHEAT,"SPRING, (EXCL DURUM)",ALL UTILIZATION PRACTICES,AREA HARVESTED,"WHEAT, SPRING, (EXCL DURUM) - ACRES HARVESTED",ACRES,680,0.9
2021,YEAR,ALL PRODUCTION PRACTICES,MINNESOTA,MN,27,SIBLEY,143,COUNTY,WHEAT,"SPRING, (EXCL DURUM)",ALL UTILIZATION PRACTICES,AREA HARVESTED,"WHEAT, SPRING, (EXCL DURUM) - ACRES HARVESTED",ACRES,380,1.40
2021,YEAR,ALL PRODUCTION PRACTICES,MINNESOTA,MN,27,STEARNS,145,COUNTY,WHEAT,"SPRING, (EXCL DURUM)",ALL UTILIZATION PRACTICES,AREA HARVESTED,"WHEAT, SPRING, (EXCL DURUM) - ACRES HARVESTED",ACRES,1810,1.30
2023,YEAR,ALL PRODUCTION PRACTICES,MINNESOTA,MN,27,TODD,153,COUNTY,WHEAT,"SPRING, (EXCL DURUM)",ALL UTILIZATION PRACTICES,AREA HARVESTED,"WHEAT, SPRING, (EXCL DURUM) - ACRES HARVESTED",ACRES,2260,0.4
2022,YEAR,ALL PRODUCTION PRACTICES,MINNESOTA,MN,27,TODD,153,COUNTY,WHEAT,"SPRING, (EXCL DURUM)",ALL UTILIZATION PRACTICES,AREA HARVESTED,"WHEAT, SPRING, (EXCL DURUM) - ACRES HARVESTED",ACRES,2230,0.8
2021,YEAR,ALL PRODUCTION PRACTICES,MINNESOTA,MN,27,TODD,153,COUNTY,WHEAT,"SPRING, (EXCL DURUM)",ALL UTILIZATION PRACTICES,AREA HARVESTED,"WHEAT, SPRING, (EXCL DURUM) - ACRES HARVESTED",ACRES,1980,1.30
2022,YEAR,ALL PRODUCTION PRACTICES,MINNESOTA,MN,27,WADENA,159,COUNTY,WHEAT,"SPRING, (EXCL DURUM)",ALL UTILIZATION PRACTICES,AREA HARVESTED,"WHEAT, SPRING, (EXCL DURUM) - ACRES HARVESTED",ACRES,860,0.6
2021,YEAR,ALL PRODUCTION PRACTICES,MINNESOTA,MN,27,WADENA,159,COUNTY,WHEAT,"SPRING, (EXCL DURUM)",ALL UTILIZATION PRACTICES,AREA HARVESTED,"WHEAT, SPRING, (EXCL DURUM) - ACRES HARVESTED",ACRES,1240,1.10
2022,YEAR,ALL PRODUCTION PRACTICES,MINNESOTA,MN,27,WRIGHT,171,COUNTY,WHEAT,"SPRING, (EXCL DURUM)",ALL UTILIZATION PRACTICES,AREA HARVESTED,"WHEAT, SPRING, (EXCL DURUM) - ACRES HARVESTED",ACRES,2020,0.6
2021,YEAR,ALL PRODUCTION PRACTICES,MINNESOTA,MN,27,WRIGHT,171,COUNTY,WHEAT,"SPRING, (EXCL DURUM)",ALL UTILIZATION PRACTICES,AREA HARVESTED,"WHEAT, SPRING, (EXCL DURUM) - ACRES HARVESTED",ACRES,1110,1.10
2021,YEAR,ALL PRODUCTION PRACTICES,MINNESOTA,MN,27,KANABEC,065,COUNTY,WHEAT,"SPRING, (EXCL DURUM)",ALL UTILIZATION PRACTICES,AREA HARVESTED,"WHEAT, SPRING, (EXCL DURUM) - ACRES HARVESTED",ACRES,140,7.80
2023,YEAR,ALL PRODUCTION PRACTICES,MINNESOTA,MN,27,COTTONWOOD,033,COUNTY,WHEAT,"SPRING, (EXCL DURUM)",ALL UTILIZATION PRACTICES,AREA HARVESTED,"WHEAT, SPRING, (EXCL DURUM) - ACRES HARVESTED",ACRES,470,0.4
2022,YEAR,ALL PRODUCTION PRACTICES,MINNESOTA,MN,27,COTTONWOOD,033,COUNTY,WHEAT,"SPRING, (EXCL DURUM)",ALL UTILIZATION PRACTICES,AREA HARVESTED,"WHEAT, SPRING, (EXCL DURUM) - ACRES HARVESTED",ACRES,970,0.8
2021,YEAR,ALL PRODUCTION PRACTICES,MINNESOTA,MN,27,COTTONWOOD,033,COUNTY,WHEAT,"SPRING, (EXCL DURUM)",ALL UTILIZATION PRACTICES,AREA HARVESTED,"WHEAT, SPRING, (EXCL DURUM) - ACRES HARVESTED",ACRES,860,1.30
2023,YEAR,ALL PRODUCTION PRACTICES,MINNESOTA,MN,27,JACKSON,063,COUNTY,WHEAT,"SPRING, (EXCL DURUM)",ALL UTILIZATION PRACTICES,AREA HARVESTED,"WHEAT, SPRING, (EXCL DURUM) - ACRES HARVESTED",ACRES,290,0.6
2021,YEAR,ALL PRODUCTION PRACTICES,MINNESOTA,MN,27,LINCOLN,081,COUNTY,WHEAT,"SPRING, (EXCL DURUM)",ALL UTILIZATION PRACTICES,AREA HARVESTED,"WHEAT, SPRING, (EXCL DURUM) - ACRES HARVESTED",ACRES,1920,1.30
2023,YEAR,ALL PRODUCTION PRACTICES,MINNESOTA,MN,27,LYON,083,COUNTY,WHEAT,"SPRING, (EXCL DURUM)",ALL UTILIZATION PRACTICES,AREA HARVESTED,"WHEAT, SPRING, (EXCL DURUM) - ACRES HARVESTED",ACRES,1550,0.4
2022,YEAR,ALL PRODUCTION PRACTICES,MINNESOTA,MN,27,LYON,083,COUNTY,WHEAT,"SPRING, (EXCL DURUM)",ALL UTILIZATION PRACTICES,AREA HARVESTED,"WHEAT, SPRING, (EXCL DURUM) - ACRES HARVESTED",ACRES,1550,0.8
2021,YEAR,ALL PRODUCTION PRACTICES,MINNESOTA,MN,27,LYON,083,COUNTY,WHEAT,"SPRING, (EXCL DURUM)",ALL UTILIZATION PRACTICES,AREA HARVESTED,"WHEAT, SPRING, (EXCL DURUM) - ACRES HARVESTED",ACRES,1630,1.30
2023,YEAR,ALL PRODUCTION PRACTICES,MINNESOTA,MN,27,REDWOOD,127,COUNTY,WHEAT,"SPRING, (EXCL DURUM)",ALL UTILIZATION PRACTICES,AREA HARVESTED,"WHEAT, SPRING, (EXCL DURUM) - ACRES HARVESTED",ACRES,780,0.6
2023,YEAR,ALL PRODUCTION PRACTICES,MINNESOTA,MN,27,BLUE EARTH,013,COUNTY,WHEAT,"SPRING, (EXCL DURUM)",ALL UTILIZATION PRACTICES,AREA HARVESTED,"WHEAT, SPRING, (EXCL DURUM) - ACRES HARVESTED",ACRES,280,0.7
2022,YEAR,ALL PRODUCTION PRACTICES,MINNESOTA,MN,27,BLUE EARTH,013,COUNTY,WHEAT,"SPRING, (EXCL DURUM)",ALL UTILIZATION PRACTICES,AREA HARVESTED,"WHEAT, SPRING, (EXCL DURUM) - ACRES HARVESTED",ACRES,290,1.0
2023,YEAR,ALL PRODUCTION PRACTICES,MINNESOTA,MN,27,BROWN,015,COUNTY,WHEAT,"SPRING, (EXCL DURUM)",ALL UTILIZATION PRACTICES,AREA HARVESTED,"WHEAT, SPRING, (EXCL DURUM) - ACRES HARVESTED",ACRES,580,0.6
2022,YEAR,ALL PRODUCTION PRACTICES,MINNESOTA,MN,27,LE SUEUR,079,COUNTY,WHEAT,"SPRING, (EXCL DURUM)",ALL UTILIZATION PRACTICES,AREA HARVESTED,"WHEAT, SPRING, (EXCL DURUM) - ACRES HARVESTED",ACRES,480,0.8
2023,YEAR,ALL PRODUCTION PRACTICES,MINNESOTA,MN,27,NICOLLET,103,COUNTY,WHEAT,"SPRING, (EXCL DURUM)",ALL UTILIZATION PRACTICES,AREA HARVESTED,"WHEAT, SPRING, (EXCL DURUM) - ACRES HARVESTED",ACRES,290,0.6
2022,YEAR,ALL PRODUCTION PRACTICES,MINNESOTA,MN,27,NICOLLET,103,COUNTY,WHEAT,"SPRING, (EXCL DURUM)",ALL UTILIZATION PRACTICES,AREA HARVESTED,"WHEAT, SPRING, (EXCL DURUM) - ACRES HARVESTED",ACRES,390,0.9
2021,YEAR,ALL PRODUCTION PRACTICES,MINNESOTA,MN,27,NICOLLET,103,COUNTY,WHEAT,"SPRING, (EXCL DURUM)",ALL UTILIZATION PRACTICES,AREA HARVESTED,"WHEAT, SPRING, (EXCL DURUM) - ACRES HARVESTED",ACRES,380,1.50
2022,YEAR,ALL PRODUCTION PRACTICES,MINNESOTA,MN,27,RICE,131,COUNTY,WHEAT,"SPRING, (EXCL DURUM)",ALL UTILIZATION PRACTICES,AREA HARVESTED,"WHEAT, SPRING, (EXCL DURUM) - ACRES HARVESTED",ACRES,490,0.8
2023,YEAR,ALL PRODUCTION PRACTICES,MINNESOTA,MN,27,WATONWAN,165,COUNTY,WHEAT,"SPRING, (EXCL DURUM)",ALL UTILIZATION PRACTICES,AREA HARVESTED,"WHEAT, SPRING, (EXCL DURUM) - ACRES HARVESTED",ACRES,290,0.7
2022,YEAR,ALL PRODUCTION PRACTICES,MINNESOTA,MN,27,WATONWAN,165,COUNTY,WHEAT,"SPRING, (EXCL DURUM)",ALL UTILIZATION PRACTICES,AREA HARVESTED,"WHEAT, SPRING, (EXCL DURUM) - ACRES HARVESTED",ACRES,290,1.2
2023,YEAR,ALL PRODUCTION PRACTICES,MINNESOTA,MN,27,DAKOTA,037,COUNTY,WHEAT,"SPRING, (EXCL DURUM)",ALL UTILIZATION PRACTICES,AREA HARVESTED,"WHEAT, SPRING, (EXCL DURUM) - ACRES HARVESTED",ACRES,870,0.6
2022,YEAR,ALL PRODUCTION PRACTICES,MINNESOTA,MN,27,DAKOTA,037,COUNTY,WHEAT,"SPRING, (EXCL DURUM)",ALL UTILIZATION PRACTICES,AREA HARVESTED,"WHEAT, SPRING, (EXCL DURUM) - ACRES HARVESTED",ACRES,680,0.8
2021,YEAR,ALL PRODUCTION PRACTICES,MINNESOTA,MN,27,DAKOTA,037,COUNTY,WHEAT,"SPRING, (EXCL DURUM)",ALL UTILIZATION PRACTICES,AREA HARVESTED,"WHEAT, SPRING, (EXCL DURUM) - ACRES HARVESTED",ACRES,670,1.40
2023,YEAR,ALL PRODUCTION PRACTICES,MINNESOTA,MN,27,WINONA,169,COUNTY,WHEAT,"SPRING, (EXCL DURUM)",ALL UTILIZATION PRACTICES,AREA HARVESTED,"WHEAT, SPRING, (EXCL DURUM) - ACRES HARVESTED",ACRES,390,0.6
2022,YEAR,ALL PRODUCTION PRACTICES,MINNESOTA,MN,27,WINONA,169,COUNTY,WHEAT,"SPRING, (EXCL DURUM)",ALL UTILIZATION PRACTICES,AREA HARVESTED,"WHEAT, SPRING, (EXCL DURUM) - ACRES HARVESTED",ACRES,320,2.0
2023,YEAR,ALL PRODUCTION PRACTICES,MINNESOTA,MN,27,OTHER COUNTIES,,COUNTY,WHEAT,"SPRING, (EXCL DURUM)",ALL UTILIZATION PRACTICES,AREA HARVESTED,"WHEAT, SPRING, (EXCL DURUM) - ACRES HARVESTED",ACRES,372580,0.3
2022,YEAR,ALL PRODUCTION PRACTICES,MINNESOTA,MN,27,OTHER COUNTIES,,COUNTY,WHEAT,"SPRING, (EXCL DURUM)",ALL UTILIZATION PRACTICES,AREA HARVESTED,"WHEAT, SPRING, (EXCL DURUM) - ACRES HARVESTED",ACRES,123730,0.5
2021,YEAR,ALL PRODUCTION PRACTICES,MINNESOTA,MN,27,OTHER COUNTIES,,COUNTY,WHEAT,"SPRING, (EXCL DURUM)",ALL UTILIZATION PRACTICES,AREA HARVESTED,"WHEAT, SPRING, (EXCL DURUM) - ACRES HARVESTED",ACRES,56720,0.70
2023,YEAR,ALL PRODUCTION PRACTICES,MONTANA,MT,30,FLATHEAD,029,COUNTY,WHEAT,"SPRING, (EXCL DURUM)",ALL UTILIZATION PRACTICES,AREA HARVESTED,"WHEAT, SPRING, (EXCL DURUM) - ACRES HARVESTED",ACRES,3000,2.9
2022,YEAR,ALL PRODUCTION PRACTICES,MONTANA,MT,30,FLATHEAD,029,COUNTY,WHEAT,"SPRING, (EXCL DURUM)",ALL UTILIZATION PRACTICES,AREA HARVESTED,"WHEAT, SPRING, (EXCL DURUM) - ACRES HARVESTED",ACRES,6550,3.9
2021,YEAR,ALL PRODUCTION PRACTICES,MONTANA,MT,30,FLATHEAD,029,COUNTY,WHEAT,"SPRING, (EXCL DURUM)",ALL UTILIZATION PRACTICES,AREA HARVESTED,"WHEAT, SPRING, (EXCL DURUM) - ACRES HARVESTED",ACRES,9300,0.00
2023,YEAR,ALL PRODUCTION PRACTICES,MONTANA,MT,30,LAKE,047,COUNTY,WHEAT,"SPRING, (EXCL DURUM)",ALL UTILIZATION PRACTICES,AREA HARVESTED,"WHEAT, SPRING, (EXCL DURUM) - ACRES HARVESTED",ACRES,4800,2.9
2022,YEAR,ALL PRODUCTION PRACTICES,MONTANA,MT,30,LAKE,047,COUNTY,WHEAT,"SPRING, (EXCL DURUM)",ALL UTILIZATION PRACTICES,AREA HARVESTED,"WHEAT, SPRING, (EXCL DURUM) - ACRES HARVESTED",ACRES,4800,4.3
2021,YEAR,ALL PRODUCTION PRACTICES,MONTANA,MT,30,LAKE,047,COUNTY,WHEAT,"SPRING, (EXCL DURUM)",ALL UTILIZATION PRACTICES,AREA HARVESTED,"WHEAT, SPRING, (EXCL DURUM) - ACRES HARVESTED",ACRES,6200,0.00
2023,YEAR,ALL PRODUCTION PRACTICES,MONTANA,MT,30,BLAINE,005,COUNTY,WHEAT,"SPRING, (EXCL DURUM)",ALL UTILIZATION PRACTICES,AREA HARVESTED,"WHEAT, SPRING, (EXCL DURUM) - ACRES HARVESTED",ACRES,172400,0.9
2022,YEAR,ALL PRODUCTION PRACTICES,MONTANA,MT,30,BLAINE,005,COUNTY,WHEAT,"SPRING, (EXCL DURUM)",ALL UTILIZATION PRACTICES,AREA HARVESTED,"WHEAT, SPRING, (EXCL DURUM) - ACRES HARVESTED",ACRES,150000,2.5
2021,YEAR,ALL PRODUCTION PRACTICES,MONTANA,MT,30,BLAINE,005,COUNTY,WHEAT,"SPRING, (EXCL DURUM)",ALL UTILIZATION PRACTICES,AREA HARVESTED,"WHEAT, SPRING, (EXCL DURUM) - ACRES HARVESTED",ACRES,129400,0.00
2023,YEAR,ALL PRODUCTION PRACTICES,MONTANA,MT,30,CHOUTEAU,015,COUNTY,WHEAT,"SPRING, (EXCL DURUM)",ALL UTILIZATION PRACTICES,AREA HARVESTED,"WHEAT, SPRING, (EXCL DURUM) - ACRES HARVESTED",ACRES,106400,1.8
2022,YEAR,ALL PRODUCTION PRACTICES,MONTANA,MT,30,CHOUTEAU,015,COUNTY,WHEAT,"SPRING, (EXCL DURUM)",ALL UTILIZATION PRACTICES,AREA HARVESTED,"WHEAT, SPRING, (EXCL DURUM) - ACRES HARVESTED",ACRES,94700,3.4
2021,YEAR,ALL PRODUCTION PRACTICES,MONTANA,MT,30,CHOUTEAU,015,COUNTY,WHEAT,"SPRING, (EXCL DURUM)",ALL UTILIZATION PRACTICES,AREA HARVESTED,"WHEAT, SPRING, (EXCL DURUM) - ACRES HARVESTED",ACRES,137000,0.00
2023,YEAR,ALL PRODUCTION PRACTICES,MONTANA,MT,30,GLACIER,035,COUNTY,WHEAT,"SPRING, (EXCL DURUM)",ALL UTILIZATION PRACTICES,AREA HARVESTED,"WHEAT, SPRING, (EXCL DURUM) - ACRES HARVESTED",ACRES,28000,0.8
2022,YEAR,ALL PRODUCTION PRACTICES,MONTANA,MT,30,GLACIER,035,COUNTY,WHEAT,"SPRING, (EXCL DURUM)",ALL UTILIZATION PRACTICES,AREA HARVESTED,"WHEAT, SPRING, (EXCL DURUM) - ACRES HARVESTED",ACRES,26500,3.8
2021,YEAR,ALL PRODUCTION PRACTICES,MONTANA,MT,30,GLACIER,035,COUNTY,WHEAT,"SPRING, (EXCL DURUM)",ALL UTILIZATION PRACTICES,AREA HARVESTED,"WHEAT, SPRING, (EXCL DURUM) - ACRES HARVESTED",ACRES,30300,0.00
2023,YEAR,ALL PRODUCTION PRACTICES,MONTANA,MT,30,HILL,041,COUNTY,WHEAT,"SPRING, (EXCL DURUM)",ALL UTILIZATION PRACTICES,AREA HARVESTED,"WHEAT, SPRING, (EXCL DURUM) - ACRES HARVESTED",ACRES,284500,1.4
2022,YEAR,ALL PRODUCTION PRACTICES,MONTANA,MT,30,HILL,041,COUNTY,WHEAT,"SPRING, (EXCL DURUM)",ALL UTILIZATION PRACTICES,AREA HARVESTED,"WHEAT, SPRING, (EXCL DURUM) - ACRES HARVESTED",ACRES,195500,2.9
2021,YEAR,ALL PRODUCTION PRACTICES,MONTANA,MT,30,HILL,041,COUNTY,WHEAT,"SPRING, (EXCL DURUM)",ALL UTILIZATION PRACTICES,AREA HARVESTED,"WHEAT, SPRING, (EXCL DURUM) - ACRES HARVESTED",ACRES,213500,0.00
2023,YEAR,ALL PRODUCTION PRACTICES,MONTANA,MT,30,LIBERTY,051,COUNTY,WHEAT,"SPRING, (EXCL DURUM)",ALL UTILIZATION PRACTICES,AREA HARVESTED,"WHEAT, SPRING, (EXCL DURUM) - ACRES HARVESTED",ACRES,154000,1.8
2022,YEAR,ALL PRODUCTION PRACTICES,MONTANA,MT,30,LIBERTY,051,COUNTY,WHEAT,"SPRING, (EXCL DURUM)",ALL UTILIZATION PRACTICES,AREA HARVESTED,"WHEAT, SPRING, (EXCL DURUM) - ACRES HARVESTED",ACRES,87700,6.5
2021,YEAR,ALL PRODUCTION PRACTICES,MONTANA,MT,30,LIBERTY,051,COUNTY,WHEAT,"SPRING, (EXCL DURUM)",ALL UTILIZATION PRACTICES,AREA HARVESTED,"WHEAT, SPRING, (EXCL DURUM) - ACRES HARVESTED",ACRES,114500,0.00
2023,YEAR,ALL PRODUCTION PRACTICES,MONTANA,MT,30,PHILLIPS,071,COUNTY,WHEAT,"SPRING, (EXCL DURUM)",ALL UTILIZATION PRACTICES,AREA HARVESTED,"WHEAT, SPRING, (EXCL DURUM) - ACRES HARVESTED",ACRES,102100,0.9
2022,YEAR,ALL PRODUCTION PRACTICES,MONTANA,MT,30,PHILLIPS,071,COUNTY,WHEAT,"SPRING, (EXCL DURUM)",ALL UTILIZATION PRACTICES,AREA HARVESTED,"WHEAT, SPRING, (EXCL DURUM) - ACRES HARVESTED",ACRES,60000,12.0
2021,YEAR,ALL PRODUCTION PRACTICES,MONTANA,MT,30,PHILLIPS,071,COUNTY,WHEAT,"SPRING, (EXCL DURUM)",ALL UTILIZATION PRACTICES,AREA HARVESTED,"WHEAT, SPRING, (EXCL DURUM) - ACRES HARVESTED",ACRES,56000,0.00
2023,YEAR,ALL PRODUCTION PRACTICES,MONTANA,MT,30,PONDERA,073,COUNTY,WHEAT,"SPRING, (EXCL DURUM)",ALL UTILIZATION PRACTICES,AREA HARVESTED,"WHEAT, SPRING, (EXCL DURUM) - ACRES HARVESTED",ACRES,50400,1.2
2022,YEAR,ALL PRODUCTION PRACTICES,MONTANA,MT,30,PONDERA,073,COUNTY,WHEAT,"SPRING, (EXCL DURUM)",ALL UTILIZATION PRACTICES,AREA HARVESTED,"WHEAT, SPRING, (EXCL DURUM) - ACRES HARVESTED",ACRES,45800,3.0
2021,YEAR,ALL PRODUCTION PRACTICES,MONTANA,MT,30,PONDERA,073,COUNTY,WHEAT,"SPRING, (EXCL DURUM)",ALL UTILIZATION PRACTICES,AREA HARVESTED,"WHEAT, SPRING, (EXCL DURUM) - ACRES HARVESTED",ACRES,78600,0.00
2023,YEAR,ALL PRODUCTION PRACTICES,MONTANA,MT,30,TETON,099,COUNTY,WHEAT,"SPRING, (EXCL DURUM)",ALL UTILIZATION PRACTICES,AREA HARVESTED,"WHEAT, SPRING, (EXCL DURUM) - ACRES HARVESTED",ACRES,21100,2.2
2022,YEAR,ALL PRODUCTION PRACTICES,MONTANA,MT,30,TETON,099,COUNTY,WHEAT,"SPRING, (EXCL DURUM)",ALL UTILIZATION PRACTICES,AREA HARVESTED,"WHEAT, SPRING, (EXCL DURUM) - ACRES HARVESTED",ACRES,26200,9.8
2021,YEAR,ALL PRODUCTION PRACTICES,MONTANA,MT,30,TETON,099,COUNTY,WHEAT,"SPRING, (EXCL DURUM)",ALL UTILIZATION PRACTICES,AREA HARVESTED,"WHEAT, SPRING, (EXCL DURUM) - ACRES HARVESTED",ACRES,38800,0.00
2023,YEAR,ALL PRODUCTION PRACTICES,MONTANA,MT,30,TOOLE,101,COUNTY,WHEAT,"SPRING, (EXCL DURUM)",ALL UTILIZATION PRACTICES,AREA HARVESTED,"WHEAT, SPRING, (EXCL DURUM) - ACRES HARVESTED",ACRES,174100,0.8
2022,YEAR,ALL PRODUCTION PRACTICES,MONTANA,MT,30,TOOLE,101,COUNTY,WHEAT,"SPRING, (EXCL DURUM)",ALL UTILIZATION PRACTICES,AREA HARVESTED,"WHEAT, SPRING, (EXCL DURUM) - ACRES HARVESTED",ACRES,154600,2.8
2021,YEAR,ALL PRODUCTION PRACTICES,MONTANA,MT,30,TOOLE,101,COUNTY,WHEAT,"SPRING, (EXCL DURUM)",ALL UTILIZATION PRACTICES,AREA HARVESTED,"WHEAT, SPRING, (EXCL DURUM) - ACRES HARVESTED",ACRES,140000,0.00
2023,YEAR,ALL PRODUCTION PRACTICES,MONTANA,MT,30,DANIELS,019,COUNTY,WHEAT,"SPRING, (EXCL DURUM)",ALL UTILIZATION PRACTICES,AREA HARVESTED,"WHEAT, SPRING, (EXCL DURUM) - ACRES HARVESTED",ACRES,155000,0.9
2022,YEAR,ALL PRODUCTION PRACTICES,MONTANA,MT,30,DANIELS,019,COUNTY,WHEAT,"SPRING, (EXCL DURUM)",ALL UTILIZATION PRACTICES,AREA HARVESTED,"WHEAT, SPRING, (EXCL DURUM) - ACRES HARVESTED",ACRES,137500,2.8
2021,YEAR,ALL PRODUCTION PRACTICES,MONTANA,MT,30,DANIELS,019,COUNTY,WHEAT,"SPRING, (EXCL DURUM)",ALL UTILIZATION PRACTICES,AREA HARVESTED,"WHEAT, SPRING, (EXCL DURUM) - ACRES HARVESTED",ACRES,132000,0.00
2023,YEAR,ALL PRODUCTION PRACTICES,MONTANA,MT,30,DAWSON,021,COUNTY,WHEAT,"SPRING, (EXCL DURUM)",ALL UTILIZATION PRACTICES,AREA HARVESTED,"WHEAT, SPRING, (EXCL DURUM) - ACRES HARVESTED",ACRES,162600,2.2
2022,YEAR,ALL PRODUCTION PRACTICES,MONTANA,MT,30,DAWSON,021,COUNTY,WHEAT,"SPRING, (EXCL DURUM)",ALL UTILIZATION PRACTICES,AREA HARVESTED,"WHEAT, SPRING, (EXCL DURUM) - ACRES HARVESTED",ACRES,176400,3.0
2021,YEAR,ALL PRODUCTION PRACTICES,MONTANA,MT,30,DAWSON,021,COUNTY,WHEAT,"SPRING, (EXCL DURUM)",ALL UTILIZATION PRACTICES,AREA HARVESTED,"WHEAT, SPRING, (EXCL DURUM) - ACRES HARVESTED",ACRES,129300,0.00
2023,YEAR,ALL PRODUCTION PRACTICES,MONTANA,MT,30,MCCONE,055,COUNTY,WHEAT,"SPRING, (EXCL DURUM)",ALL UTILIZATION PRACTICES,AREA HARVESTED,"WHEAT, SPRING, (EXCL DURUM) - ACRES HARVESTED",ACRES,198900,1.0
2022,YEAR,ALL PRODUCTION PRACTICES,MONTANA,MT,30,MCCONE,055,COUNTY,WHEAT,"SPRING, (EXCL DURUM)",ALL UTILIZATION PRACTICES,AREA HARVESTED,"WHEAT, SPRING, (EXCL DURUM) - ACRES HARVESTED",ACRES,191000,2.4
2021,YEAR,ALL PRODUCTION PRACTICES,MONTANA,MT,30,MCCONE,055,COUNTY,WHEAT,"SPRING, (EXCL DURUM)",ALL UTILIZATION PRACTICES,AREA HARVESTED,"WHEAT, SPRING, (EXCL DURUM) - ACRES HARVESTED",ACRES,149000,0.00
2023,YEAR,ALL PRODUCTION PRACTICES,MONTANA,MT,30,RICHLAND,083,COUNTY,WHEAT,"SPRING, (EXCL DURUM)",ALL UTILIZATION PRACTICES,AREA HARVESTED,"WHEAT, SPRING, (EXCL DURUM) - ACRES HARVESTED",ACRES,154500,1.0
2022,YEAR,ALL PRODUCTION PRACTICES,MONTANA,MT,30,RICHLAND,083,COUNTY,WHEAT,"SPRING, (EXCL DURUM)",ALL UTILIZATION PRACTICES,AREA HARVESTED,"WHEAT, SPRING, (EXCL DURUM) - ACRES HARVESTED",ACRES,170500,3.2
2021,YEAR,ALL PRODUCTION PRACTICES,MONTANA,MT,30,RICHLAND,083,COUNTY,WHEAT,"SPRING, (EXCL DURUM)",ALL UTILIZATION PRACTICES,AREA HARVESTED,"WHEAT, SPRING, (EXCL DURUM) - ACRES HARVESTED",ACRES,122000,0.00
2023,YEAR,ALL PRODUCTION PRACTICES,MONTANA,MT,30,ROOSEVELT,085,COUNTY,WHEAT,"SPRING, (EXCL DURUM)",ALL UTILIZATION PRACTICES,AREA HARVESTED,"WHEAT, SPRING, (EXCL DURUM) - ACRES HARVESTED",ACRES,287000,0.7
2022,YEAR,ALL PRODUCTION PRACTICES,MONTANA,MT,30,ROOSEVELT,085,COUNTY,WHEAT,"SPRING, (EXCL DURUM)",ALL UTILIZATION PRACTICES,AREA HARVESTED,"WHEAT, SPRING, (EXCL DURUM) - ACRES HARVESTED",ACRES,288500,2.3
2021,YEAR,ALL PRODUCTION PRACTICES,MONTANA,MT,30,ROOSEVELT,085,COUNTY,WHEAT,"SPRING, (EXCL DURUM)",ALL UTILIZATION PRACTICES,AREA HARVESTED,"WHEAT, SPRING, (EXCL DURUM) - ACRES HARVESTED",ACRES,259000,0.00
2023,YEAR,ALL PRODUCTION PRACTICES,MONTANA,MT,30,SHERIDAN,091,COUNTY,WHEAT,"SPRING, (EXCL DURUM)",ALL UTILIZATION PRACTICES,AREA HARVESTED,"WHEAT, SPRING, (EXCL DURUM) - ACRES HARVESTED",ACRES,23900,0.8
2021,YEAR,ALL PRODUCTION PRACTICES,MONTANA,MT,30,SHERIDAN,091,COUNTY,WHEAT,"SPRING, (EXCL DURUM)",ALL UTILIZATION PRACTICES,AREA HARVESTED,"WHEAT, SPRING, (EXCL DURUM) - ACRES HARVESTED",ACRES,31500,0.00
2023,YEAR,ALL PRODUCTION PRACTICES,MONTANA,MT,30,VALLEY,105,COUNTY,WHEAT,"SPRING, (EXCL DURUM)",ALL UTILIZATION PRACTICES,AREA HARVESTED,"WHEAT, SPRING, (EXCL DURUM) - ACRES HARVESTED",ACRES,285500,0.9
2022,YEAR,ALL PRODUCTION PRACTICES,MONTANA,MT,30,VALLEY,105,COUNTY,WHEAT,"SPRING, (EXCL DURUM)",ALL UTILIZATION PRACTICES,AREA HARVESTED,"WHEAT, SPRING, (EXCL DURUM) - ACRES HARVESTED",ACRES,305500,2.4
2021,YEAR,ALL PRODUCTION PRACTICES,MONTANA,MT,30,VALLEY,105,COUNTY,WHEAT,"SPRING, (EXCL DURUM)",ALL UTILIZATION PRACTICES,AREA HARVESTED,"WHEAT, SPRING, (EXCL DURUM) - ACRES HARVESTED",ACRES,169900,0.00
2022,YEAR,ALL PRODUCTION PRACTICES,MONTANA,MT,30,BROADWATER,007,COUNTY,WHEAT,"SPRING, (EXCL DURUM)",ALL UTILIZATION PRACTICES,AREA HARVESTED,"WHEAT, SPRING, (EXCL DURUM) - ACRES HARVESTED",ACRES,9100,5.3
2021,YEAR,ALL PRODUCTION PRACTICES,MONTANA,MT,30,BROADWATER,007,COUNTY,WHEAT,"SPRING, (EXCL DURUM)",ALL UTILIZATION PRACTICES,AREA HARVESTED,"WHEAT, SPRING, (EXCL DURUM) - ACRES HARVESTED",ACRES,8900,0.00
2022,YEAR,ALL PRODUCTION PRACTICES,MONTANA,MT,30,CASCADE,013,COUNTY,WHEAT,"SPRING, (EXCL DURUM)",ALL UTILIZATION PRACTICES,AREA HARVESTED,"WHEAT, SPRING, (EXCL DURUM) - ACRES HARVESTED",ACRES,21000,3.7
2021,YEAR,ALL PRODUCTION PRACTICES,MONTANA,MT,30,CASCADE,013,COUNTY,WHEAT,"SPRING, (EXCL DURUM)",ALL UTILIZATION PRACTICES,AREA HARVESTED,"WHEAT, SPRING, (EXCL DURUM) - ACRES HARVESTED",ACRES,22000,0.00
2023,YEAR,ALL PRODUCTION PRACTICES,MONTANA,MT,30,FERGUS,027,COUNTY,WHEAT,"SPRING, (EXCL DURUM)",ALL UTILIZATION PRACTICES,AREA HARVESTED,"WHEAT, SPRING, (EXCL DURUM) - ACRES HARVESTED",ACRES,23500,2.4
2022,YEAR,ALL PRODUCTION PRACTICES,MONTANA,MT,30,FERGUS,027,COUNTY,WHEAT,"SPRING, (EXCL DURUM)",ALL UTILIZATION PRACTICES,AREA HARVESTED,"WHEAT, SPRING, (EXCL DURUM) - ACRES HARVESTED",ACRES,39800,2.6
2021,YEAR,ALL PRODUCTION PRACTICES,MONTANA,MT,30,FERGUS,027,COUNTY,WHEAT,"SPRING, (EXCL DURUM)",ALL UTILIZATION PRACTICES,AREA HARVESTED,"WHEAT, SPRING, (EXCL DURUM) - ACRES HARVESTED",ACRES,37000,0.00
2022,YEAR,ALL PRODUCTION PRACTICES,MONTANA,MT,30,JUDITH BASIN,045,COUNTY,WHEAT,"SPRING, (EXCL DURUM)",ALL UTILIZATION PRACTICES,AREA HARVESTED,"WHEAT, SPRING, (EXCL DURUM) - ACRES HARVESTED",ACRES,15100,3.7
2022,YEAR,ALL PRODUCTION PRACTICES,MONTANA,MT,30,LEWIS AND CLARK,049,COUNTY,WHEAT,"SPRING, (EXCL DURUM)",ALL UTILIZATION PRACTICES,AREA HARVESTED,"WHEAT, SPRING, (EXCL DURUM) - ACRES HARVESTED",ACRES,3700,2.2
2021,YEAR,ALL PRODUCTION PRACTICES,MONTANA,MT,30,LEWIS AND CLARK,049,COUNTY,WHEAT,"SPRING, (EXCL DURUM)",ALL UTILIZATION PRACTICES,AREA HARVESTED,"WHEAT, SPRING, (EXCL DURUM) - ACRES HARVESTED",ACRES,3700,0.00
2022,YEAR,ALL PRODUCTION PRACTICES,MONTANA,MT,30,MEAGHER,059,COUNTY,WHEAT,"SPRING, (EXCL DURUM)",ALL UTILIZATION PRACTICES,AREA HARVESTED,"WHEAT, SPRING, (EXCL DURUM) - ACRES HARVESTED",ACRES,600,5.6
2021,YEAR,ALL PRODUCTION PRACTICES,MONTANA,MT,30,MEAGHER,059,COUNTY,WHEAT,"SPRING, (EXCL DURUM)",ALL UTILIZATION PRACTICES,AREA HARVESTED,"WHEAT, SPRING, (EXCL DURUM) - ACRES HARVESTED",ACRES,2300,0.00
2021,YEAR,ALL PRODUCTION PRACTICES,MONTANA,MT,30,MUSSELSHELL,065,COUNTY,WHEAT,"SPRING, (EXCL DURUM)",ALL UTILIZATION PRACTICES,AREA HARVESTED,"WHEAT, SPRING, (EXCL DURUM) - ACRES HARVESTED",ACRES,3700,0.00
2023,YEAR,ALL PRODUCTION PRACTICES,MONTANA,MT,30,WHEATLAND,107,COUNTY,WHEAT,"SPRING, (EXCL DURUM)",ALL UTILIZATION PRACTICES,AREA HARVESTED,"WHEAT, SPRING, (EXCL DURUM) - ACRES HARVESTED",ACRES,5400,1.5
2021,YEAR,ALL PRODUCTION PRACTICES,MONTANA,MT,30,BEAVERHEAD,001,COUNTY,WHEAT,"SPRING, (EXCL DURUM)",ALL UTILIZATION PRACTICES,AREA HARVESTED,"WHEAT, SPRING, (EXCL DURUM) - ACRES HARVESTED",ACRES,5700,0.00
2023,YEAR,ALL PRODUCTION PRACTICES,MONTANA,MT,30,GALLATIN,031,COUNTY,WHEAT,"SPRING, (EXCL DURUM)",ALL UTILIZATION PRACTICES,AREA HARVESTED,"WHEAT, SPRING, (EXCL DURUM) - ACRES HARVESTED",ACRES,19500,1.6
2022,YEAR,ALL PRODUCTION PRACTICES,MONTANA,MT,30,GALLATIN,031,COUNTY,WHEAT,"SPRING, (EXCL DURUM)",ALL UTILIZATION PRACTICES,AREA HARVESTED,"WHEAT, SPRING, (EXCL DURUM) - ACRES HARVESTED",ACRES,22400,3.6
2021,YEAR,ALL PRODUCTION PRACTICES,MONTANA,MT,30,GALLATIN,031,COUNTY,WHEAT,"SPRING, (EXCL DURUM)",ALL UTILIZATION PRACTICES,AREA HARVESTED,"WHEAT, SPRING, (EXCL DURUM) - ACRES HARVESTED",ACRES,24000,0.00
2023,YEAR,ALL PRODUCTION PRACTICES,MONTANA,MT,30,MADISON,057,COUNTY,WHEAT,"SPRING, (EXCL DURUM)",ALL UTILIZATION PRACTICES,AREA HARVESTED,"WHEAT, SPRING, (EXCL DURUM) - ACRES HARVESTED",ACRES,3350,1.6
2021,YEAR,ALL PRODUCTION PRACTICES,MONTANA,MT,30,MADISON,057,COUNTY,WHEAT,"SPRING, (EXCL DURUM)",ALL UTILIZATION PRACTICES,AREA HARVESTED,"WHEAT, SPRING, (EXCL DURUM) - ACRES HARVESTED",ACRES,5700,0.00
2023,YEAR,ALL PRODUCTION PRACTICES,MONTANA,MT,30,BIG HORN,003,COUNTY,WHEAT,"SPRING, (EXCL DURUM)",ALL UTILIZATION PRACTICES,AREA HARVESTED,"WHEAT, SPRING, (EXCL DURUM) - ACRES HARVESTED",ACRES,7100,2.0
2022,YEAR,ALL PRODUCTION PRACTICES,MONTANA,MT,30,BIG HORN,003,COUNTY,WHEAT,"SPRING, (EXCL DURUM)",ALL UTILIZATION PRACTICES,AREA HARVESTED,"WHEAT, SPRING, (EXCL DURUM) - ACRES HARVESTED",ACRES,6800,3.4
2021,YEAR,ALL PRODUCTION PRACTICES,MONTANA,MT,30,BIG HORN,003,COUNTY,WHEAT,"SPRING, (EXCL DURUM)",ALL UTILIZATION PRACTICES,AREA HARVESTED,"WHEAT, SPRING, (EXCL DURUM) - ACRES HARVESTED",ACRES,16000,0.00
2022,YEAR,ALL PRODUCTION PRACTICES,MONTANA,MT,30,PARK,067,COUNTY,WHEAT,"SPRING, (EXCL DURUM)",ALL UTILIZATION PRACTICES,AREA HARVESTED,"WHEAT, SPRING, (EXCL DURUM) - ACRES HARVESTED",ACRES,2800,3.8
2021,YEAR,ALL PRODUCTION PRACTICES,MONTANA,MT,30,PARK,067,COUNTY,WHEAT,"SPRING, (EXCL DURUM)",ALL UTILIZATION PRACTICES,AREA HARVESTED,"WHEAT, SPRING, (EXCL DURUM) - ACRES HARVESTED",ACRES,3800,0.00
2022,YEAR,ALL PRODUCTION PRACTICES,MONTANA,MT,30,STILLWATER,095,COUNTY,WHEAT,"SPRING, (EXCL DURUM)",ALL UTILIZATION PRACTICES,AREA HARVESTED,"WHEAT, SPRING, (EXCL DURUM) - ACRES HARVESTED",ACRES,800,13.9
2022,YEAR,ALL PRODUCTION PRACTICES,MONTANA,MT,30,TREASURE,103,COUNTY,WHEAT,"SPRING, (EXCL DURUM)",ALL UTILIZATION PRACTICES,AREA HARVESTED,"WHEAT, SPRING, (EXCL DURUM) - ACRES HARVESTED",ACRES,1900,2.9
2022,YEAR,ALL PRODUCTION PRACTICES,MONTANA,MT,30,YELLOWSTONE,111,COUNTY,WHEAT,"SPRING, (EXCL DURUM)",ALL UTILIZATION PRACTICES,AREA HARVESTED,"WHEAT, SPRING, (EXCL DURUM) - ACRES HARVESTED",ACRES,12200,3.7
2021,YEAR,ALL PRODUCTION PRACTICES,MONTANA,MT,30,YELLOWSTONE,111,COUNTY,WHEAT,"SPRING, (EXCL DURUM)",ALL UTILIZATION PRACTICES,AREA HARVESTED,"WHEAT, SPRING, (EXCL DURUM) - ACRES HARVESTED",ACRES,14400,0.00
2022,YEAR,ALL PRODUCTION PRACTICES,MONTANA,MT,30,CUSTER,017,COUNTY,WHEAT,"SPRING, (EXCL DURUM)",ALL UTILIZATION PRACTICES,AREA HARVESTED,"WHEAT, SPRING, (EXCL DURUM) - ACRES HARVESTED",ACRES,3700,2.6
2022,YEAR,ALL PRODUCTION PRACTICES,MONTANA,MT,30,FALLON,025,COUNTY,WHEAT,"SPRING, (EXCL DURUM)",ALL UTILIZATION PRACTICES,AREA HARVESTED,"WHEAT, SPRING, (EXCL DURUM) - ACRES HARVESTED",ACRES,18500,3.4
2021,YEAR,ALL PRODUCTION PRACTICES,MONTANA,MT,30,FALLON,025,COUNTY,WHEAT,"SPRING, (EXCL DURUM)",ALL UTILIZATION PRACTICES,AREA HARVESTED,"WHEAT, SPRING, (EXCL DURUM) - ACRES HARVESTED",ACRES,2700,0.00
2022,YEAR,ALL PRODUCTION PRACTICES,MONTANA,MT,30,POWDER RIVER,075,COUNTY,WHEAT,"SPRING, (EXCL DURUM)",ALL UTILIZATION PRACTICES,AREA HARVESTED,"WHEAT, SPRING, (EXCL DURUM) - ACRES HARVESTED",ACRES,2100,3.8
2022,YEAR,ALL PRODUCTION PRACTICES,MONTANA,MT,30,ROSEBUD,087,COUNTY,WHEAT,"SPRING, (EXCL DURUM)",ALL UTILIZATION PRACTICES,AREA HARVESTED,"WHEAT, SPRING, (EXCL DURUM) - ACRES HARVESTED",ACRES,5500,23.0
2023,YEAR,ALL PRODUCTION PRACTICES,MONTANA,MT,30,OTHER COUNTIES,,COUNTY,WHEAT,"SPRING, (EXCL DURUM)",ALL UTILIZATION PRACTICES,AREA HARVESTED,"WHEAT, SPRING, (EXCL DURUM) - ACRES HARVESTED",ACRES,202950,0.6
2022,YEAR,ALL PRODUCTION PRACTICES,MONTANA,MT,30,OTHER COUNTIES,,COUNTY,WHEAT,"SPRING, (EXCL DURUM)",ALL UTILIZATION PRACTICES,AREA HARVESTED,"WHEAT, SPRING, (EXCL DURUM) - ACRES HARVESTED",ACRES,152250,1.7
2021,YEAR,ALL PRODUCTION PRACTICES,MONTANA,MT,30,OTHER COUNTIES,,COUNTY,WHEAT,"SPRING, (EXCL DURUM)",ALL UTILIZATION PRACTICES,AREA HARVESTED,"WHEAT, SPRING, (EXCL DURUM) - ACRES HARVESTED",ACRES,83800,4.10
2023,YEAR,ALL PRODUCTION PRACTICES,NORTH DAKOTA,ND,38,BURKE,013,COUNTY,WHEAT,"SPRING, (EXCL DURUM)",ALL UTILIZATION PRACTICES,AREA HARVESTED,"WHEAT, SPRING, (EXCL DURUM) - ACRES HARVESTED",ACRES,114500,0.8
2022,YEAR,ALL PRODUCTION PRACTICES,NORTH DAKOTA,ND,38,BURKE,013,COUNTY,WHEAT,"SPRING, (EXCL DURUM)",ALL UTILIZATION PRACTICES,AREA HARVESTED,"WHEAT, SPRING, (EXCL DURUM) - ACRES HARVESTED",ACRES,72700,2.0
2021,YEAR,ALL PRODUCTION PRACTICES,NORTH DAKOTA,ND,38,BURKE,013,COUNTY,WHEAT,"SPRING, (EXCL DURUM)",ALL UTILIZATION PRACTICES,AREA HARVESTED,"WHEAT, SPRING, (EXCL DURUM) - ACRES HARVESTED",ACRES,124500,2.00
2023,YEAR,ALL PRODUCTION PRACTICES,NORTH DAKOTA,ND,38,DIVIDE,023,COUNTY,WHEAT,"SPRING, (EXCL DURUM)",ALL UTILIZATION PRACTICES,AREA HARVESTED,"WHEAT, SPRING, (EXCL DURUM) - ACRES HARVESTED",ACRES,71200,1.1
2022,YEAR,ALL PRODUCTION PRACTICES,NORTH DAKOTA,ND,38,DIVIDE,023,COUNTY,WHEAT,"SPRING, (EXCL DURUM)",ALL UTILIZATION PRACTICES,AREA HARVESTED,"WHEAT, SPRING, (EXCL DURUM) - ACRES HARVESTED",ACRES,79500,1.6
2021,YEAR,ALL PRODUCTION PRACTICES,NORTH DAKOTA,ND,38,DIVIDE,023,COUNTY,WHEAT,"SPRING, (EXCL DURUM)",ALL UTILIZATION PRACTICES,AREA HARVESTED,"WHEAT, SPRING, (EXCL DURUM) - ACRES HARVESTED",ACRES,93500,2.20
2022,YEAR,ALL PRODUCTION PRACTICES,NORTH DAKOTA,ND,38,MOUNTRAIL,061,COUNTY,WHEAT,"SPRING, (EXCL DURUM)",ALL UTILIZATION PRACTICES,AREA HARVESTED,"WHEAT, SPRING, (EXCL DURUM) - ACRES HARVESTED",ACRES,167000,1.5
2023,YEAR,ALL PRODUCTION PRACTICES,NORTH DAKOTA,ND,38,RENVILLE,075,COUNTY,WHEAT,"SPRING, (EXCL DURUM)",ALL UTILIZATION PRACTICES,AREA HARVESTED,"WHEAT, SPRING, (EXCL DURUM) - ACRES HARVESTED",ACRES,136800,0.9
2022,YEAR,ALL PRODUCTION PRACTICES,NORTH DAKOTA,ND,38,RENVILLE,075,COUNTY,WHEAT,"SPRING, (EXCL DURUM)",ALL UTILIZATION PRACTICES,AREA HARVESTED,"WHEAT, SPRING, (EXCL DURUM) - ACRES HARVESTED",ACRES,108200,1.8
2021,YEAR,ALL PRODUCTION PRACTICES,NORTH DAKOTA,ND,38,RENVILLE,075,COUNTY,WHEAT,"SPRING, (EXCL DURUM)",ALL UTILIZATION PRACTICES,AREA HARVESTED,"WHEAT, SPRING, (EXCL DURUM) - ACRES HARVESTED",ACRES,130400,2.00
2023,YEAR,ALL PRODUCTION PRACTICES,NORTH DAKOTA,ND,38,WARD,101,COUNTY,WHEAT,"SPRING, (EXCL DURUM)",ALL UTILIZATION PRACTICES,AREA HARVESTED,"WHEAT, SPRING, (EXCL DURUM) - ACRES HARVESTED",ACRES,284500,1.0
2022,YEAR,ALL PRODUCTION PRACTICES,NORTH DAKOTA,ND,38,WARD,101,COUNTY,WHEAT,"SPRING, (EXCL DURUM)",ALL UTILIZATION PRACTICES,AREA HARVESTED,"WHEAT, SPRING, (EXCL DURUM) - ACRES HARVESTED",ACRES,292000,5.6
2021,YEAR,ALL PRODUCTION PRACTICES,NORTH DAKOTA,ND,38,WARD,101,COUNTY,WHEAT,"SPRING, (EXCL DURUM)",ALL UTILIZATION PRACTICES,AREA HARVESTED,"WHEAT, SPRING, (EXCL DURUM) - ACRES HARVESTED",ACRES,272000,1.80
2023,YEAR,ALL PRODUCTION PRACTICES,NORTH DAKOTA,ND,38,WILLIAMS,105,COUNTY,WHEAT,"SPRING, (EXCL DURUM)",ALL UTILIZATION PRACTICES,AREA HARVESTED,"WHEAT, SPRING, (EXCL DURUM) - ACRES HARVESTED",ACRES,73200,1.0
2022,YEAR,ALL PRODUCTION PRACTICES,NORTH DAKOTA,ND,38,WILLIAMS,105,COUNTY,WHEAT,"SPRING, (EXCL DURUM)",ALL UTILIZATION PRACTICES,AREA HARVESTED,"WHEAT, SPRING, (EXCL DURUM) - ACRES HARVESTED",ACRES,76500,1.6
2021,YEAR,ALL PRODUCTION PRACTICES,NORTH DAKOTA,ND,38,WILLIAMS,105,COUNTY,WHEAT,"SPRING, (EXCL DURUM)",ALL UTILIZATION PRACTICES,AREA HARVESTED,"WHEAT, SPRING, (EXCL DURUM) - ACRES HARVESTED",ACRES,80500,2.10
2023,YEAR,ALL PRODUCTION PRACTICES,NORTH DAKOTA,ND,38,BENSON,005,COUNTY,WHEAT,"SPRING, (EXCL DURUM)",ALL UTILIZATION PRACTICES,AREA HARVESTED,"WHEAT, SPRING, (EXCL DURUM) - ACRES HARVESTED",ACRES,131300,1.3
2022,YEAR,ALL PRODUCTION PRACTICES,NORTH DAKOTA,ND,38,BENSON,005,COUNTY,WHEAT,"SPRING, (EXCL DURUM)",ALL UTILIZATION PRACTICES,AREA HARVESTED,"WHEAT, SPRING, (EXCL DURUM) - ACRES HARVESTED",ACRES,142100,1.4
2021,YEAR,ALL PRODUCTION PRACTICES,NORTH DAKOTA,ND,38,BENSON,005,COUNTY,WHEAT,"SPRING, (EXCL DURUM)",ALL UTILIZATION PRACTICES,AREA HARVESTED,"WHEAT, SPRING, (EXCL DURUM) - ACRES HARVESTED",ACRES,133500,1.40
2023,YEAR,ALL PRODUCTION PRACTICES,NORTH DAKOTA,ND,38,BOTTINEAU,009,COUNTY,WHEAT,"SPRING, (EXCL DURUM)",ALL UTILIZATION PRACTICES,AREA HARVESTED,"WHEAT, SPRING, (EXCL DURUM) - ACRES HARVESTED",ACRES,249500,1.0
2022,YEAR,ALL PRODUCTION PRACTICES,NORTH DAKOTA,ND,38,BOTTINEAU,009,COUNTY,WHEAT,"SPRING, (EXCL DURUM)",ALL UTILIZATION PRACTICES,AREA HARVESTED,"WHEAT, SPRING, (EXCL DURUM) - ACRES HARVESTED",ACRES,229000,1.6
2021,YEAR,ALL PRODUCTION PRACTICES,NORTH DAKOTA,ND,38,BOTTINEAU,009,COUNTY,WHEAT,"SPRING, (EXCL DURUM)",ALL UTILIZATION PRACTICES,AREA HARVESTED,"WHEAT, SPRING, (EXCL DURUM) - ACRES HARVESTED",ACRES,237000,1.90
2022,YEAR,ALL PRODUCTION PRACTICES,NORTH DAKOTA,ND,38,MCHENRY,049,COUNTY,WHEAT,"SPRING, (EXCL DURUM)",ALL UTILIZATION PRACTICES,AREA HARVESTED,"WHEAT, SPRING, (EXCL DURUM) - ACRES HARVESTED",ACRES,124500,1.6
2021,YEAR,ALL PRODUCTION PRACTICES,NORTH DAKOTA,ND,38,MCHENRY,049,COUNTY,WHEAT,"SPRING, (EXCL DURUM)",ALL UTILIZATION PRACTICES,AREA HARVESTED,"WHEAT, SPRING, (EXCL DURUM) - ACRES HARVESTED",ACRES,103000,1.20
2023,YEAR,ALL PRODUCTION PRACTICES,NORTH DAKOTA,ND,38,PIERCE,069,COUNTY,WHEAT,"SPRING, (EXCL DURUM)",ALL UTILIZATION PRACTICES,AREA HARVESTED,"WHEAT, SPRING, (EXCL DURUM) - ACRES HARVESTED",ACRES,121900,1.2
2022,YEAR,ALL PRODUCTION PRACTICES,NORTH DAKOTA,ND,38,PIERCE,069,COUNTY,WHEAT,"SPRING, (EXCL DURUM)",ALL UTILIZATION PRACTICES,AREA HARVESTED,"WHEAT, SPRING, (EXCL DURUM) - ACRES HARVESTED",ACRES,116800,1.3
2021,YEAR,ALL PRODUCTION PRACTICES,NORTH DAKOTA,ND,38,PIERCE,069,COUNTY,WHEAT,"SPRING, (EXCL DURUM)",ALL UTILIZATION PRACTICES,AREA HARVESTED,"WHEAT, SPRING, (EXCL DURUM) - ACRES HARVESTED",ACRES,108000,1.30
2023,YEAR,ALL PRODUCTION PRACTICES,NORTH DAKOTA,ND,38,ROLETTE,079,COUNTY,WHEAT,"SPRING, (EXCL DURUM)",ALL UTILIZATION PRACTICES,AREA HARVESTED,"WHEAT, SPRING, (EXCL DURUM) - ACRES HARVESTED",ACRES,105400,1.1
2022,YEAR,ALL PRODUCTION PRACTICES,NORTH DAKOTA,ND,38,ROLETTE,079,COUNTY,WHEAT,"SPRING, (EXCL DURUM)",ALL UTILIZATION PRACTICES,AREA HARVESTED,"WHEAT, SPRING, (EXCL DURUM) - ACRES HARVESTED",ACRES,90100,1.6
2021,YEAR,ALL PRODUCTION PRACTICES,NORTH DAKOTA,ND,38,ROLETTE,079,COUNTY,WHEAT,"SPRING, (EXCL DURUM)",ALL UTILIZATION PRACTICES,AREA HARVESTED,"WHEAT, SPRING, (EXCL DURUM) - ACRES HARVESTED",ACRES,94200,1.60
2023,YEAR,ALL PRODUCTION PRACTICES,NORTH DAKOTA,ND,38,CAVALIER,019,COUNTY,WHEAT,"SPRING, (EXCL DURUM)",ALL UTILIZATION PRACTICES,AREA HARVESTED,"WHEAT, SPRING, (EXCL DURUM) - ACRES HARVESTED",ACRES,302000,1.0
2023,YEAR,ALL PRODUCTION PRACTICES,NORTH DAKOTA,ND,38,GRAND FORKS,035,COUNTY,WHEAT,"SPRING, (EXCL DURUM)",ALL UTILIZATION PRACTICES,AREA HARVESTED,"WHEAT, SPRING, (EXCL DURUM) - ACRES HARVESTED",ACRES,135400,1.4
2022,YEAR,ALL PRODUCTION PRACTICES,NORTH DAKOTA,ND,38,GRAND FORKS,035,COUNTY,WHEAT,"SPRING, (EXCL DURUM)",ALL UTILIZATION PRACTICES,AREA HARVESTED,"WHEAT, SPRING, (EXCL DURUM) - ACRES HARVESTED",ACRES,124500,1.6
2021,YEAR,ALL PRODUCTION PRACTICES,NORTH DAKOTA,ND,38,GRAND FORKS,035,COUNTY,WHEAT,"SPRING, (EXCL DURUM)",ALL UTILIZATION PRACTICES,AREA HARVESTED,"WHEAT, SPRING, (EXCL DURUM) - ACRES HARVESTED",ACRES,126800,1.90
2022,YEAR,ALL PRODUCTION PRACTICES,NORTH DAKOTA,ND,38,NELSON,063,COUNTY,WHEAT,"SPRING, (EXCL DURUM)",ALL UTILIZATION PRACTICES,AREA HARVESTED,"WHEAT, SPRING, (EXCL DURUM) - ACRES HARVESTED",ACRES,92400,1.6
2021,YEAR,ALL PRODUCTION PRACTICES,NORTH DAKOTA,ND,38,NELSON,063,COUNTY,WHEAT,"SPRING, (EXCL DURUM)",ALL UTILIZATION PRACTICES,AREA HARVESTED,"WHEAT, SPRING, (EXCL DURUM) - ACRES HARVESTED",ACRES,104300,2.00
2023,YEAR,ALL PRODUCTION PRACTICES,NORTH DAKOTA,ND,38,PEMBINA,067,COUNTY,WHEAT,"SPRING, (EXCL DURUM)",ALL UTILIZATION PRACTICES,AREA HARVESTED,"WHEAT, SPRING, (EXCL DURUM) - ACRES HARVESTED",ACRES,209500,1.3
2022,YEAR,ALL PRODUCTION PRACTICES,NORTH DAKOTA,ND,38,PEMBINA,067,COUNTY,WHEAT,"SPRING, (EXCL DURUM)",ALL UTILIZATION PRACTICES,AREA HARVESTED,"WHEAT, SPRING, (EXCL DURUM) - ACRES HARVESTED",ACRES,203500,1.5
2021,YEAR,ALL PRODUCTION PRACTICES,NORTH DAKOTA,ND,38,PEMBINA,067,COUNTY,WHEAT,"SPRING, (EXCL DURUM)",ALL UTILIZATION PRACTICES,AREA HARVESTED,"WHEAT, SPRING, (EXCL DURUM) - ACRES HARVESTED",ACRES,193500,1.90
2023,YEAR,ALL PRODUCTION PRACTICES,NORTH DAKOTA,ND,38,RAMSEY,071,COUNTY,WHEAT,"SPRING, (EXCL DURUM)",ALL UTILIZATION PRACTICES,AREA HARVESTED,"WHEAT, SPRING, (EXCL DURUM) - ACRES HARVESTED",ACRES,133300,1.2
2022,YEAR,ALL PRODUCTION PRACTICES,NORTH DAKOTA,ND,38,RAMSEY,071,COUNTY,WHEAT,"SPRING, (EXCL DURUM)",ALL UTILIZATION PRACTICES,AREA HARVESTED,"WHEAT, SPRING, (EXCL DURUM) - ACRES HARVESTED",ACRES,126900,1.5
2021,YEAR,ALL PRODUCTION PRACTICES,NORTH DAKOTA,ND,38,RAMSEY,071,COUNTY,WHEAT,"SPRING, (EXCL DURUM)",ALL UTILIZATION PRACTICES,AREA HARVESTED,"WHEAT, SPRING, (EXCL DURUM) - ACRES HARVESTED",ACRES,148600,1.90
2023,YEAR,ALL PRODUCTION PRACTICES,NORTH DAKOTA,ND,38,TOWNER,095,COUNTY,WHEAT,"SPRING, (EXCL DURUM)",ALL UTILIZATION PRACTICES,AREA HARVESTED,"WHEAT, SPRING, (EXCL DURUM) - ACRES HARVESTED",ACRES,185200,1.1
2022,YEAR,ALL PRODUCTION PRACTICES,NORTH DAKOTA,ND,38,TOWNER,095,COUNTY,WHEAT,"SPRING, (EXCL DURUM)",ALL UTILIZATION PRACTICES,AREA HARVESTED,"WHEAT, SPRING, (EXCL DURUM) - ACRES HARVESTED",ACRES,152800,1.5
2021,YEAR,ALL PRODUCTION PRACTICES,NORTH DAKOTA,ND,38,TOWNER,095,COUNTY,WHEAT,"SPRING, (EXCL DURUM)",ALL UTILIZATION PRACTICES,AREA HARVESTED,"WHEAT, SPRING, (EXCL DURUM) - ACRES HARVESTED",ACRES,183000,1.90
2023,YEAR,ALL PRODUCTION PRACTICES,NORTH DAKOTA,ND,38,WALSH,099,COUNTY,WHEAT,"SPRING, (EXCL DURUM)",ALL UTILIZATION PRACTICES,AREA HARVESTED,"WHEAT, SPRING, (EXCL DURUM) - ACRES HARVESTED",ACRES,194000,1.2
2022,YEAR,ALL PRODUCTION PRACTICES,NORTH DAKOTA,ND,38,WALSH,099,COUNTY,WHEAT,"SPRING, (EXCL DURUM)",ALL UTILIZATION PRACTICES,AREA HARVESTED,"WHEAT, SPRING, (EXCL DURUM) - ACRES HARVESTED",ACRES,188200,1.5
2021,YEAR,ALL PRODUCTION PRACTICES,NORTH DAKOTA,ND,38,WALSH,099,COUNTY,WHEAT,"SPRING, (EXCL DURUM)",ALL UTILIZATION PRACTICES,AREA HARVESTED,"WHEAT, SPRING, (EXCL DURUM) - ACRES HARVESTED",ACRES,186900,1.80
2023,YEAR,ALL PRODUCTION PRACTICES,NORTH DAKOTA,ND,38,DUNN,025,COUNTY,WHEAT,"SPRING, (EXCL DURUM)",ALL UTILIZATION PRACTICES,AREA HARVESTED,"WHEAT, SPRING, (EXCL DURUM) - ACRES HARVESTED",ACRES,137900,0.8
2022,YEAR,ALL PRODUCTION PRACTICES,NORTH DAKOTA,ND,38,DUNN,025,COUNTY,WHEAT,"SPRING, (EXCL DURUM)",ALL UTILIZATION PRACTICES,AREA HARVESTED,"WHEAT, SPRING, (EXCL DURUM) - ACRES HARVESTED",ACRES,125000,1.4
2021,YEAR,ALL PRODUCTION PRACTICES,NORTH DAKOTA,ND,38,DUNN,025,COUNTY,WHEAT,"SPRING, (EXCL DURUM)",ALL UTILIZATION PRACTICES,AREA HARVESTED,"WHEAT, SPRING, (EXCL DURUM) - ACRES HARVESTED",ACRES,138000,1.40
2023,YEAR,ALL PRODUCTION PRACTICES,NORTH DAKOTA,ND,38,MCKENZIE,053,COUNTY,WHEAT,"SPRING, (EXCL DURUM)",ALL UTILIZATION PRACTICES,AREA HARVESTED,"WHEAT, SPRING, (EXCL DURUM) - ACRES HARVESTED",ACRES,110000,1.0
2022,YEAR,ALL PRODUCTION PRACTICES,NORTH DAKOTA,ND,38,MCKENZIE,053,COUNTY,WHEAT,"SPRING, (EXCL DURUM)",ALL UTILIZATION PRACTICES,AREA HARVESTED,"WHEAT, SPRING, (EXCL DURUM) - ACRES HARVESTED",ACRES,101800,1.3
2021,YEAR,ALL PRODUCTION PRACTICES,NORTH DAKOTA,ND,38,MCKENZIE,053,COUNTY,WHEAT,"SPRING, (EXCL DURUM)",ALL UTILIZATION PRACTICES,AREA HARVESTED,"WHEAT, SPRING, (EXCL DURUM) - ACRES HARVESTED",ACRES,89800,1.30
2022,YEAR,ALL PRODUCTION PRACTICES,NORTH DAKOTA,ND,38,MCLEAN,055,COUNTY,WHEAT,"SPRING, (EXCL DURUM)",ALL UTILIZATION PRACTICES,AREA HARVESTED,"WHEAT, SPRING, (EXCL DURUM) - ACRES HARVESTED",ACRES,259500,6.5
2021,YEAR,ALL PRODUCTION PRACTICES,NORTH DAKOTA,ND,38,MCLEAN,055,COUNTY,WHEAT,"SPRING, (EXCL DURUM)",ALL UTILIZATION PRACTICES,AREA HARVESTED,"WHEAT, SPRING, (EXCL DURUM) - ACRES HARVESTED",ACRES,215000,2.80
2021,YEAR,ALL PRODUCTION PRACTICES,NORTH DAKOTA,ND,38,MERCER,057,COUNTY,WHEAT,"SPRING, (EXCL DURUM)",ALL UTILIZATION PRACTICES,AREA HARVESTED,"WHEAT, SPRING, (EXCL DURUM) - ACRES HARVESTED",ACRES,42000,1.40
2022,YEAR,ALL PRODUCTION PRACTICES,NORTH DAKOTA,ND,38,OLIVER,065,COUNTY,WHEAT,"SPRING, (EXCL DURUM)",ALL UTILIZATION PRACTICES,AREA HARVESTED,"WHEAT, SPRING, (EXCL DURUM) - ACRES HARVESTED",ACRES,52200,1.5
2021,YEAR,ALL PRODUCTION PRACTICES,NORTH DAKOTA,ND,38,OLIVER,065,COUNTY,WHEAT,"SPRING, (EXCL DURUM)",ALL UTILIZATION PRACTICES,AREA HARVESTED,"WHEAT, SPRING, (EXCL DURUM) - ACRES HARVESTED",ACRES,44000,1.40
2023,YEAR,ALL PRODUCTION PRACTICES,NORTH DAKOTA,ND,38,EDDY,027,COUNTY,WHEAT,"SPRING, (EXCL DURUM)",ALL UTILIZATION PRACTICES,AREA HARVESTED,"WHEAT, SPRING, (EXCL DURUM) - ACRES HARVESTED",ACRES,19100,1.4
2022,YEAR,ALL PRODUCTION PRACTICES,NORTH DAKOTA,ND,38,EDDY,027,COUNTY,WHEAT,"SPRING, (EXCL DURUM)",ALL UTILIZATION PRACTICES,AREA HARVESTED,"WHEAT, SPRING, (EXCL DURUM) - ACRES HARVESTED",ACRES,29400,2.3
2021,YEAR,ALL PRODUCTION PRACTICES,NORTH DAKOTA,ND,38,EDDY,027,COUNTY,WHEAT,"SPRING, (EXCL DURUM)",ALL UTILIZATION PRACTICES,AREA HARVESTED,"WHEAT, SPRING, (EXCL DURUM) - ACRES HARVESTED",ACRES,31000,1.60
2023,YEAR,ALL PRODUCTION PRACTICES,NORTH DAKOTA,ND,38,FOSTER,031,COUNTY,WHEAT,"SPRING, (EXCL DURUM)",ALL UTILIZATION PRACTICES,AREA HARVESTED,"WHEAT, SPRING, (EXCL DURUM) - ACRES HARVESTED",ACRES,26000,1.4
2022,YEAR,ALL PRODUCTION PRACTICES,NORTH DAKOTA,ND,38,FOSTER,031,COUNTY,WHEAT,"SPRING, (EXCL DURUM)",ALL UTILIZATION PRACTICES,AREA HARVESTED,"WHEAT, SPRING, (EXCL DURUM) - ACRES HARVESTED",ACRES,31000,2.0
2021,YEAR,ALL PRODUCTION PRACTICES,NORTH DAKOTA,ND,38,FOSTER,031,COUNTY,WHEAT,"SPRING, (EXCL DURUM)",ALL UTILIZATION PRACTICES,AREA HARVESTED,"WHEAT, SPRING, (EXCL DURUM) - ACRES HARVESTED",ACRES,31900,2.00
2023,YEAR,ALL PRODUCTION PRACTICES,NORTH DAKOTA,ND,38,KIDDER,043,COUNTY,WHEAT,"SPRING, (EXCL DURUM)",ALL UTILIZATION PRACTICES,AREA HARVESTED,"WHEAT, SPRING, (EXCL DURUM) - ACRES HARVESTED",ACRES,45400,0.8
2022,YEAR,ALL PRODUCTION PRACTICES,NORTH DAKOTA,ND,38,KIDDER,043,COUNTY,WHEAT,"SPRING, (EXCL DURUM)",ALL UTILIZATION PRACTICES,AREA HARVESTED,"WHEAT, SPRING, (EXCL DURUM) - ACRES HARVESTED",ACRES,49800,1.4
2021,YEAR,ALL PRODUCTION PRACTICES,NORTH DAKOTA,ND,38,KIDDER,043,COUNTY,WHEAT,"SPRING, (EXCL DURUM)",ALL UTILIZATION PRACTICES,AREA HARVESTED,"WHEAT, SPRING, (EXCL DURUM) - ACRES HARVESTED",ACRES,31000,1.80
2023,YEAR,ALL PRODUCTION PRACTICES,NORTH DAKOTA,ND,38,SHERIDAN,083,COUNTY,WHEAT,"SPRING, (EXCL DURUM)",ALL UTILIZATION PRACTICES,AREA HARVESTED,"WHEAT, SPRING, (EXCL DURUM) - ACRES HARVESTED",ACRES,84200,0.8
2022,YEAR,ALL PRODUCTION PRACTICES,NORTH DAKOTA,ND,38,SHERIDAN,083,COUNTY,WHEAT,"SPRING, (EXCL DURUM)",ALL UTILIZATION PRACTICES,AREA HARVESTED,"WHEAT, SPRING, (EXCL DURUM) - ACRES HARVESTED",ACRES,86800,1.5
2021,YEAR,ALL PRODUCTION PRACTICES,NORTH DAKOTA,ND,38,SHERIDAN,083,COUNTY,WHEAT,"SPRING, (EXCL DURUM)",ALL UTILIZATION PRACTICES,AREA HARVESTED,"WHEAT, SPRING, (EXCL DURUM) - ACRES HARVESTED",ACRES,70600,1.20
2023,YEAR,ALL PRODUCTION PRACTICES,NORTH DAKOTA,ND,38,STUTSMAN,093,COUNTY,WHEAT,"SPRING, (EXCL DURUM)",ALL UTILIZATION PRACTICES,AREA HARVESTED,"WHEAT, SPRING, (EXCL DURUM) - ACRES HARVESTED",ACRES,63600,1.3
2022,YEAR,ALL PRODUCTION PRACTICES,NORTH DAKOTA,ND,38,STUTSMAN,093,COUNTY,WHEAT,"SPRING, (EXCL DURUM)",ALL UTILIZATION PRACTICES,AREA HARVESTED,"WHEAT, SPRING, (EXCL DURUM) - ACRES HARVESTED",ACRES,87200,1.3
2021,YEAR,ALL PRODUCTION PRACTICES,NORTH DAKOTA,ND,38,STUTSMAN,093,COUNTY,WHEAT,"SPRING, (EXCL DURUM)",ALL UTILIZATION PRACTICES,AREA HARVESTED,"WHEAT, SPRING, (EXCL DURUM) - ACRES HARVESTED",ACRES,58200,1.80
2022,YEAR,ALL PRODUCTION PRACTICES,NORTH DAKOTA,ND,38,WELLS,103,COUNTY,WHEAT,"SPRING, (EXCL DURUM)",ALL UTILIZATION PRACTICES,AREA HARVESTED,"WHEAT, SPRING, (EXCL DURUM) - ACRES HARVESTED",ACRES,125500,1.6
2021,YEAR,ALL PRODUCTION PRACTICES,NORTH DAKOTA,ND,38,WELLS,103,COUNTY,WHEAT,"SPRING, (EXCL DURUM)",ALL UTILIZATION PRACTICES,AREA HARVESTED,"WHEAT, SPRING, (EXCL DURUM) - ACRES HARVESTED",ACRES,114200,1.70
2023,YEAR,ALL PRODUCTION PRACTICES,NORTH DAKOTA,ND,38,BARNES,003,COUNTY,WHEAT,"SPRING, (EXCL DURUM)",ALL UTILIZATION PRACTICES,AREA HARVESTED,"WHEAT, SPRING, (EXCL DURUM) - ACRES HARVESTED",ACRES,65300,1.4
2022,YEAR,ALL PRODUCTION PRACTICES,NORTH DAKOTA,ND,38,BARNES,003,COUNTY,WHEAT,"SPRING, (EXCL DURUM)",ALL UTILIZATION PRACTICES,AREA HARVESTED,"WHEAT, SPRING, (EXCL DURUM) - ACRES HARVESTED",ACRES,60700,1.8
2021,YEAR,ALL PRODUCTION PRACTICES,NORTH DAKOTA,ND,38,BARNES,003,COUNTY,WHEAT,"SPRING, (EXCL DURUM)",ALL UTILIZATION PRACTICES,AREA HARVESTED,"WHEAT, SPRING, (EXCL DURUM) - ACRES HARVESTED",ACRES,71400,2.10
2023,YEAR,ALL PRODUCTION PRACTICES,NORTH DAKOTA,ND,38,CASS,017,COUNTY,WHEAT,"SPRING, (EXCL DURUM)",ALL UTILIZATION PRACTICES,AREA HARVESTED,"WHEAT, SPRING, (EXCL DURUM) - ACRES HARVESTED",ACRES,79800,1.4
2022,YEAR,ALL PRODUCTION PRACTICES,NORTH DAKOTA,ND,38,CASS,017,COUNTY,WHEAT,"SPRING, (EXCL DURUM)",ALL UTILIZATION PRACTICES,AREA HARVESTED,"WHEAT, SPRING, (EXCL DURUM) - ACRES HARVESTED",ACRES,83500,1.7
2021,YEAR,ALL PRODUCTION PRACTICES,NORTH DAKOTA,ND,38,CASS,017,COUNTY,WHEAT,"SPRING, (EXCL DURUM)",ALL UTILIZATION PRACTICES,AREA HARVESTED,"WHEAT, SPRING, (EXCL DURUM) - ACRES HARVESTED",ACRES,85000,1.90
2023,YEAR,ALL PRODUCTION PRACTICES,NORTH DAKOTA,ND,38,GRIGGS,039,COUNTY,WHEAT,"SPRING, (EXCL DURUM)",ALL UTILIZATION PRACTICES,AREA HARVESTED,"WHEAT, SPRING, (EXCL DURUM) - ACRES HARVESTED",ACRES,54300,1.4
2022,YEAR,ALL PRODUCTION PRACTICES,NORTH DAKOTA,ND,38,GRIGGS,039,COUNTY,WHEAT,"SPRING, (EXCL DURUM)",ALL UTILIZATION PRACTICES,AREA HARVESTED,"WHEAT, SPRING, (EXCL DURUM) - ACRES HARVESTED",ACRES,54900,1.8
2021,YEAR,ALL PRODUCTION PRACTICES,NORTH DAKOTA,ND,38,GRIGGS,039,COUNTY,WHEAT,"SPRING, (EXCL DURUM)",ALL UTILIZATION PRACTICES,AREA HARVESTED,"WHEAT, SPRING, (EXCL DURUM) - ACRES HARVESTED",ACRES,56200,1.60
2023,YEAR,ALL PRODUCTION PRACTICES,NORTH DAKOTA,ND,38,STEELE,091,COUNTY,WHEAT,"SPRING, (EXCL DURUM)",ALL UTILIZATION PRACTICES,AREA HARVESTED,"WHEAT, SPRING, (EXCL DURUM) - ACRES HARVESTED",ACRES,42700,1.4
2022,YEAR,ALL PRODUCTION PRACTICES,NORTH DAKOTA,ND,38,STEELE,091,COUNTY,WHEAT,"SPRING, (EXCL DURUM)",ALL UTILIZATION PRACTICES,AREA HARVESTED,"WHEAT, SPRING, (EXCL DURUM) - ACRES HARVESTED",ACRES,46100,2.3
2021,YEAR,ALL PRODUCTION PRACTICES,NORTH DAKOTA,ND,38,STEELE,091,COUNTY,WHEAT,"SPRING, (EXCL DURUM)",ALL UTILIZATION PRACTICES,AREA HARVESTED,"WHEAT, SPRING, (EXCL DURUM) - ACRES HARVESTED",ACRES,40500,2.90
2023,YEAR,ALL PRODUCTION PRACTICES,NORTH DAKOTA,ND,38,TRAILL,097,COUNTY,WHEAT,"SPRING, (EXCL DURUM)",ALL UTILIZATION PRACTICES,AREA HARVESTED,"WHEAT, SPRING, (EXCL DURUM) - ACRES HARVESTED",ACRES,75600,1.4
2022,YEAR,ALL PRODUCTION PRACTICES,NORTH DAKOTA,ND,38,TRAILL,097,COUNTY,WHEAT,"SPRING, (EXCL DURUM)",ALL UTILIZATION PRACTICES,AREA HARVESTED,"WHEAT, SPRING, (EXCL DURUM) - ACRES HARVESTED",ACRES,73300,1.9
2021,YEAR,ALL PRODUCTION PRACTICES,NORTH DAKOTA,ND,38,TRAILL,097,COUNTY,WHEAT,"SPRING, (EXCL DURUM)",ALL UTILIZATION PRACTICES,AREA HARVESTED,"WHEAT, SPRING, (EXCL DURUM) - ACRES HARVESTED",ACRES,67800,1.80
2023,YEAR,ALL PRODUCTION PRACTICES,NORTH DAKOTA,ND,38,ADAMS,001,COUNTY,WHEAT,"SPRING, (EXCL DURUM)",ALL UTILIZATION PRACTICES,AREA HARVESTED,"WHEAT, SPRING, (EXCL DURUM) - ACRES HARVESTED",ACRES,126100,1.2
2022,YEAR,ALL PRODUCTION PRACTICES,NORTH DAKOTA,ND,38,ADAMS,001,COUNTY,WHEAT,"SPRING, (EXCL DURUM)",ALL UTILIZATION PRACTICES,AREA HARVESTED,"WHEAT, SPRING, (EXCL DURUM) - ACRES HARVESTED",ACRES,111300,1.3
2021,YEAR,ALL PRODUCTION PRACTICES,NORTH DAKOTA,ND,38,ADAMS,001,COUNTY,WHEAT,"SPRING, (EXCL DURUM)",ALL UTILIZATION PRACTICES,AREA HARVESTED,"WHEAT, SPRING, (EXCL DURUM) - ACRES HARVESTED",ACRES,114800,1.40
2022,YEAR,ALL PRODUCTION PRACTICES,NORTH DAKOTA,ND,38,BILLINGS,007,COUNTY,WHEAT,"SPRING, (EXCL DURUM)",ALL UTILIZATION PRACTICES,AREA HARVESTED,"WHEAT, SPRING, (EXCL DURUM) - ACRES HARVESTED",ACRES,27700,6.6
2021,YEAR,ALL PRODUCTION PRACTICES,NORTH DAKOTA,ND,38,BILLINGS,007,COUNTY,WHEAT,"SPRING, (EXCL DURUM)",ALL UTILIZATION PRACTICES,AREA HARVESTED,"WHEAT, SPRING, (EXCL DURUM) - ACRES HARVESTED",ACRES,24500,1.60
2023,YEAR,ALL PRODUCTION PRACTICES,NORTH DAKOTA,ND,38,BOWMAN,011,COUNTY,WHEAT,"SPRING, (EXCL DURUM)",ALL UTILIZATION PRACTICES,AREA HARVESTED,"WHEAT, SPRING, (EXCL DURUM) - ACRES HARVESTED",ACRES,87800,1.1
2022,YEAR,ALL PRODUCTION PRACTICES,NORTH DAKOTA,ND,38,BOWMAN,011,COUNTY,WHEAT,"SPRING, (EXCL DURUM)",ALL UTILIZATION PRACTICES,AREA HARVESTED,"WHEAT, SPRING, (EXCL DURUM) - ACRES HARVESTED",ACRES,79000,1.3
2021,YEAR,ALL PRODUCTION PRACTICES,NORTH DAKOTA,ND,38,BOWMAN,011,COUNTY,WHEAT,"SPRING, (EXCL DURUM)",ALL UTILIZATION PRACTICES,AREA HARVESTED,"WHEAT, SPRING, (EXCL DURUM) - ACRES HARVESTED",ACRES,62300,1.70
2023,YEAR,ALL PRODUCTION PRACTICES,NORTH DAKOTA,ND,38,HETTINGER,041,COUNTY,WHEAT,"SPRING, (EXCL DURUM)",ALL UTILIZATION PRACTICES,AREA HARVESTED,"WHEAT, SPRING, (EXCL DURUM) - ACRES HARVESTED",ACRES,240000,1.2
2022,YEAR,ALL PRODUCTION PRACTICES,NORTH DAKOTA,ND,38,HETTINGER,041,COUNTY,WHEAT,"SPRING, (EXCL DURUM)",ALL UTILIZATION PRACTICES,AREA HARVESTED,"WHEAT, SPRING, (EXCL DURUM) - ACRES HARVESTED",ACRES,218500,1.4
2021,YEAR,ALL PRODUCTION PRACTICES,NORTH DAKOTA,ND,38,HETTINGER,041,COUNTY,WHEAT,"SPRING, (EXCL DURUM)",ALL UTILIZATION PRACTICES,AREA HARVESTED,"WHEAT, SPRING, (EXCL DURUM) - ACRES HARVESTED",ACRES,252000,1.70
2023,YEAR,ALL PRODUCTION PRACTICES,NORTH DAKOTA,ND,38,SLOPE,087,COUNTY,WHEAT,"SPRING, (EXCL DURUM)",ALL UTILIZATION PRACTICES,AREA HARVESTED,"WHEAT, SPRING, (EXCL DURUM) - ACRES HARVESTED",ACRES,110000,1.4
2022,YEAR,ALL PRODUCTION PRACTICES,NORTH DAKOTA,ND,38,SLOPE,087,COUNTY,WHEAT,"SPRING, (EXCL DURUM)",ALL UTILIZATION PRACTICES,AREA HARVESTED,"WHEAT, SPRING, (EXCL DURUM) - ACRES HARVESTED",ACRES,102800,1.3
2021,YEAR,ALL PRODUCTION PRACTICES,NORTH DAKOTA,ND,38,SLOPE,087,COUNTY,WHEAT,"SPRING, (EXCL DURUM)",ALL UTILIZATION PRACTICES,AREA HARVESTED,"WHEAT, SPRING, (EXCL DURUM) - ACRES HARVESTED",ACRES,94000,1.40
2023,YEAR,ALL PRODUCTION PRACTICES,NORTH DAKOTA,ND,38,STARK,089,COUNTY,WHEAT,"SPRING, (EXCL DURUM)",ALL UTILIZATION PRACTICES,AREA HARVESTED,"WHEAT, SPRING, (EXCL DURUM) - ACRES HARVESTED",ACRES,207000,1.0
2021,YEAR,ALL PRODUCTION PRACTICES,NORTH DAKOTA,ND,38,STARK,089,COUNTY,WHEAT,"SPRING, (EXCL DURUM)",ALL UTILIZATION PRACTICES,AREA HARVESTED,"WHEAT, SPRING, (EXCL DURUM) - ACRES HARVESTED",ACRES,205500,1.30
2023,YEAR,ALL PRODUCTION PRACTICES,NORTH DAKOTA,ND,38,BURLEIGH,015,COUNTY,WHEAT,"SPRING, (EXCL DURUM)",ALL UTILIZATION PRACTICES,AREA HARVESTED,"WHEAT, SPRING, (EXCL DURUM) - ACRES HARVESTED",ACRES,52700,1.1
2022,YEAR,ALL PRODUCTION PRACTICES,NORTH DAKOTA,ND,38,BURLEIGH,015,COUNTY,WHEAT,"SPRING, (EXCL DURUM)",ALL UTILIZATION PRACTICES,AREA HARVESTED,"WHEAT, SPRING, (EXCL DURUM) - ACRES HARVESTED",ACRES,58000,1.7
2021,YEAR,ALL PRODUCTION PRACTICES,NORTH DAKOTA,ND,38,BURLEIGH,015,COUNTY,WHEAT,"SPRING, (EXCL DURUM)",ALL UTILIZATION PRACTICES,AREA HARVESTED,"WHEAT, SPRING, (EXCL DURUM) - ACRES HARVESTED",ACRES,39600,1.50
2023,YEAR,ALL PRODUCTION PRACTICES,NORTH DAKOTA,ND,38,EMMONS,029,COUNTY,WHEAT,"SPRING, (EXCL DURUM)",ALL UTILIZATION PRACTICES,AREA HARVESTED,"WHEAT, SPRING, (EXCL DURUM) - ACRES HARVESTED",ACRES,53300,1.0
2022,YEAR,ALL PRODUCTION PRACTICES,NORTH DAKOTA,ND,38,EMMONS,029,COUNTY,WHEAT,"SPRING, (EXCL DURUM)",ALL UTILIZATION PRACTICES,AREA HARVESTED,"WHEAT, SPRING, (EXCL DURUM) - ACRES HARVESTED",ACRES,55800,1.5
2021,YEAR,ALL PRODUCTION PRACTICES,NORTH DAKOTA,ND,38,EMMONS,029,COUNTY,WHEAT,"SPRING, (EXCL DURUM)",ALL UTILIZATION PRACTICES,AREA HARVESTED,"WHEAT, SPRING, (EXCL DURUM) - ACRES HARVESTED",ACRES,37400,2.00
2023,YEAR,ALL PRODUCTION PRACTICES,NORTH DAKOTA,ND,38,GRANT,037,COUNTY,WHEAT,"SPRING, (EXCL DURUM)",ALL UTILIZATION PRACTICES,AREA HARVESTED,"WHEAT, SPRING, (EXCL DURUM) - ACRES HARVESTED",ACRES,97900,0.8
2022,YEAR,ALL PRODUCTION PRACTICES,NORTH DAKOTA,ND,38,GRANT,037,COUNTY,WHEAT,"SPRING, (EXCL DURUM)",ALL UTILIZATION PRACTICES,AREA HARVESTED,"WHEAT, SPRING, (EXCL DURUM) - ACRES HARVESTED",ACRES,93400,1.5
2021,YEAR,ALL PRODUCTION PRACTICES,NORTH DAKOTA,ND,38,GRANT,037,COUNTY,WHEAT,"SPRING, (EXCL DURUM)",ALL UTILIZATION PRACTICES,AREA HARVESTED,"WHEAT, SPRING, (EXCL DURUM) - ACRES HARVESTED",ACRES,92400,1.20
2023,YEAR,ALL PRODUCTION PRACTICES,NORTH DAKOTA,ND,38,MORTON,059,COUNTY,WHEAT,"SPRING, (EXCL DURUM)",ALL UTILIZATION PRACTICES,AREA HARVESTED,"WHEAT, SPRING, (EXCL DURUM) - ACRES HARVESTED",ACRES,141400,1.2
2022,YEAR,ALL PRODUCTION PRACTICES,NORTH DAKOTA,ND,38,MORTON,059,COUNTY,WHEAT,"SPRING, (EXCL DURUM)",ALL UTILIZATION PRACTICES,AREA HARVESTED,"WHEAT, SPRING, (EXCL DURUM) - ACRES HARVESTED",ACRES,126100,2.6
2021,YEAR,ALL PRODUCTION PRACTICES,NORTH DAKOTA,ND,38,MORTON,059,COUNTY,WHEAT,"SPRING, (EXCL DURUM)",ALL UTILIZATION PRACTICES,AREA HARVESTED,"WHEAT, SPRING, (EXCL DURUM) - ACRES HARVESTED",ACRES,104300,1.40
2023,YEAR,ALL PRODUCTION PRACTICES,NORTH DAKOTA,ND,38,DICKEY,021,COUNTY,WHEAT,"SPRING, (EXCL DURUM)",ALL UTILIZATION PRACTICES,AREA HARVESTED,"WHEAT, SPRING, (EXCL DURUM) - ACRES HARVESTED",ACRES,8290,1.4
2022,YEAR,ALL PRODUCTION PRACTICES,NORTH DAKOTA,ND,38,DICKEY,021,COUNTY,WHEAT,"SPRING, (EXCL DURUM)",ALL UTILIZATION PRACTICES,AREA HARVESTED,"WHEAT, SPRING, (EXCL DURUM) - ACRES HARVESTED",ACRES,7540,3.7
2023,YEAR,ALL PRODUCTION PRACTICES,NORTH DAKOTA,ND,38,LA MOURE,045,COUNTY,WHEAT,"SPRING, (EXCL DURUM)",ALL UTILIZATION PRACTICES,AREA HARVESTED,"WHEAT, SPRING, (EXCL DURUM) - ACRES HARVESTED",ACRES,20200,1.2
2022,YEAR,ALL PRODUCTION PRACTICES,NORTH DAKOTA,ND,38,LA MOURE,045,COUNTY,WHEAT,"SPRING, (EXCL DURUM)",ALL UTILIZATION PRACTICES,AREA HARVESTED,"WHEAT, SPRING, (EXCL DURUM) - ACRES HARVESTED",ACRES,24200,2.2
2021,YEAR,ALL PRODUCTION PRACTICES,NORTH DAKOTA,ND,38,LA MOURE,045,COUNTY,WHEAT,"SPRING, (EXCL DURUM)",ALL UTILIZATION PRACTICES,AREA HARVESTED,"WHEAT, SPRING, (EXCL DURUM) - ACRES HARVESTED",ACRES,24100,2.10
2023,YEAR,ALL PRODUCTION PRACTICES,NORTH DAKOTA,ND,38,LOGAN,047,COUNTY,WHEAT,"SPRING, (EXCL DURUM)",ALL UTILIZATION PRACTICES,AREA HARVESTED,"WHEAT, SPRING, (EXCL DURUM) - ACRES HARVESTED",ACRES,31100,1.0
2022,YEAR,ALL PRODUCTION PRACTICES,NORTH DAKOTA,ND,38,LOGAN,047,COUNTY,WHEAT,"SPRING, (EXCL DURUM)",ALL UTILIZATION PRACTICES,AREA HARVESTED,"WHEAT, SPRING, (EXCL DURUM) - ACRES HARVESTED",ACRES,31400,1.7
2021,YEAR,ALL PRODUCTION PRACTICES,NORTH DAKOTA,ND,38,LOGAN,047,COUNTY,WHEAT,"SPRING, (EXCL DURUM)",ALL UTILIZATION PRACTICES,AREA HARVESTED,"WHEAT, SPRING, (EXCL DURUM) - ACRES HARVESTED",ACRES,25900,1.30
2023,YEAR,ALL PRODUCTION PRACTICES,NORTH DAKOTA,ND,38,MCINTOSH,051,COUNTY,WHEAT,"SPRING, (EXCL DURUM)",ALL UTILIZATION PRACTICES,AREA HARVESTED,"WHEAT, SPRING, (EXCL DURUM) - ACRES HARVESTED",ACRES,60600,1.0
2022,YEAR,ALL PRODUCTION PRACTICES,NORTH DAKOTA,ND,38,MCINTOSH,051,COUNTY,WHEAT,"SPRING, (EXCL DURUM)",ALL UTILIZATION PRACTICES,AREA HARVESTED,"WHEAT, SPRING, (EXCL DURUM) - ACRES HARVESTED",ACRES,53600,1.4
2021,YEAR,ALL PRODUCTION PRACTICES,NORTH DAKOTA,ND,38,MCINTOSH,051,COUNTY,WHEAT,"SPRING, (EXCL DURUM)",ALL UTILIZATION PRACTICES,AREA HARVESTED,"WHEAT, SPRING, (EXCL DURUM) - ACRES HARVESTED",ACRES,40000,1.40
2023,YEAR,ALL PRODUCTION PRACTICES,NORTH DAKOTA,ND,38,RANSOM,073,COUNTY,WHEAT,"SPRING, (EXCL DURUM)",ALL UTILIZATION PRACTICES,AREA HARVESTED,"WHEAT, SPRING, (EXCL DURUM) - ACRES HARVESTED",ACRES,16400,1.4
2022,YEAR,ALL PRODUCTION PRACTICES,NORTH DAKOTA,ND,38,RANSOM,073,COUNTY,WHEAT,"SPRING, (EXCL DURUM)",ALL UTILIZATION PRACTICES,AREA HARVESTED,"WHEAT, SPRING, (EXCL DURUM) - ACRES HARVESTED",ACRES,20700,2.0
2021,YEAR,ALL PRODUCTION PRACTICES,NORTH DAKOTA,ND,38,RANSOM,073,COUNTY,WHEAT,"SPRING, (EXCL DURUM)",ALL UTILIZATION PRACTICES,AREA HARVESTED,"WHEAT, SPRING, (EXCL DURUM) - ACRES HARVESTED",ACRES,20500,2.40
2023,YEAR,ALL PRODUCTION PRACTICES,NORTH DAKOTA,ND,38,RICHLAND,077,COUNTY,WHEAT,"SPRING, (EXCL DURUM)",ALL UTILIZATION PRACTICES,AREA HARVESTED,"WHEAT, SPRING, (EXCL DURUM) - ACRES HARVESTED",ACRES,44800,1.3
2022,YEAR,ALL PRODUCTION PRACTICES,NORTH DAKOTA,ND,38,RICHLAND,077,COUNTY,WHEAT,"SPRING, (EXCL DURUM)",ALL UTILIZATION PRACTICES,AREA HARVESTED,"WHEAT, SPRING, (EXCL DURUM) - ACRES HARVESTED",ACRES,43500,1.7
2021,YEAR,ALL PRODUCTION PRACTICES,NORTH DAKOTA,ND,38,RICHLAND,077,COUNTY,WHEAT,"SPRING, (EXCL DURUM)",ALL UTILIZATION PRACTICES,AREA HARVESTED,"WHEAT, SPRING, (EXCL DURUM) - ACRES HARVESTED",ACRES,43500,2.10
2022,YEAR,ALL PRODUCTION PRACTICES,NORTH DAKOTA,ND,38,SARGENT,081,COUNTY,WHEAT,"SPRING, (EXCL DURUM)",ALL UTILIZATION PRACTICES,AREA HARVESTED,"WHEAT, SPRING, (EXCL DURUM) - ACRES HARVESTED",ACRES,7960,5.7
2023,YEAR,ALL PRODUCTION PRACTICES,NORTH DAKOTA,ND,38,OTHER COUNTIES,,COUNTY,WHEAT,"SPRING, (EXCL DURUM)",ALL UTILIZATION PRACTICES,AREA HARVESTED,"WHEAT, SPRING, (EXCL DURUM) - ACRES HARVESTED",ACRES,940810,0.3
2022,YEAR,ALL PRODUCTION PRACTICES,NORTH DAKOTA,ND,38,OTHER COUNTIES,,COUNTY,WHEAT,"SPRING, (EXCL DURUM)",ALL UTILIZATION PRACTICES,AREA HARVESTED,"WHEAT, SPRING, (EXCL DURUM) - ACRES HARVESTED",ACRES,545100,1.2
2021,YEAR,ALL PRODUCTION PRACTICES,NORTH DAKOTA,ND,38,OTHER COUNTIES,,COUNTY,WHEAT,"SPRING, (EXCL DURUM)",ALL UTILIZATION PRACTICES,AREA HARVESTED,"WHEAT, SPRING, (EXCL DURUM) - ACRES HARVESTED",ACRES,522900,1.80
2022,YEAR,ALL PRODUCTION PRACTICES,SOUTH DAKOTA,SD,46,CORSON,031,COUNTY,WHEAT,"SPRING, (EXCL DURUM)",ALL UTILIZATION PRACTICES,AREA HARVESTED,"WHEAT, SPRING, (EXCL DURUM) - ACRES HARVESTED",ACRES,57100,0.9
2021,YEAR,ALL PRODUCTION PRACTICES,SOUTH DAKOTA,SD,46,CORSON,031,COUNTY,WHEAT,"SPRING, (EXCL DURUM)",ALL UTILIZATION PRACTICES,AREA HARVESTED,"WHEAT, SPRING, (EXCL DURUM) - ACRES HARVESTED",ACRES,57500,1.20
2023,YEAR,ALL PRODUCTION PRACTICES,SOUTH DAKOTA,SD,46,ZIEBACH,137,COUNTY,WHEAT,"SPRING, (EXCL DURUM)",ALL UTILIZATION PRACTICES,AREA HARVESTED,"WHEAT, SPRING, (EXCL DURUM) - ACRES HARVESTED",ACRES,14400,1.0
2022,YEAR,ALL PRODUCTION PRACTICES,SOUTH DAKOTA,SD,46,ZIEBACH,137,COUNTY,WHEAT,"SPRING, (EXCL DURUM)",ALL UTILIZATION PRACTICES,AREA HARVESTED,"WHEAT, SPRING, (EXCL DURUM) - ACRES HARVESTED",ACRES,18000,1.2
2021,YEAR,ALL PRODUCTION PRACTICES,SOUTH DAKOTA,SD,46,ZIEBACH,137,COUNTY,WHEAT,"SPRING, (EXCL DURUM)",ALL UTILIZATION PRACTICES,AREA HARVESTED,"WHEAT, SPRING, (EXCL DURUM) - ACRES HARVESTED",ACRES,11200,1.00
2023,YEAR,ALL PRODUCTION PRACTICES,SOUTH DAKOTA,SD,46,BROWN,013,COUNTY,WHEAT,"SPRING, (EXCL DURUM)",ALL UTILIZATION PRACTICES,AREA HARVESTED,"WHEAT, SPRING, (EXCL DURUM) - ACRES HARVESTED",ACRES,6520,3.2
2022,YEAR,ALL PRODUCTION PRACTICES,SOUTH DAKOTA,SD,46,BROWN,013,COUNTY,WHEAT,"SPRING, (EXCL DURUM)",ALL UTILIZATION PRACTICES,AREA HARVESTED,"WHEAT, SPRING, (EXCL DURUM) - ACRES HARVESTED",ACRES,8120,2.9
2021,YEAR,ALL PRODUCTION PRACTICES,SOUTH DAKOTA,SD,46,BROWN,013,COUNTY,WHEAT,"SPRING, (EXCL DURUM)",ALL UTILIZATION PRACTICES,AREA HARVESTED,"WHEAT, SPRING, (EXCL DURUM) - ACRES HARVESTED",ACRES,11400,1.80
2022,YEAR,ALL PRODUCTION PRACTICES,SOUTH DAKOTA,SD,46,CAMPBELL,021,COUNTY,WHEAT,"SPRING, (EXCL DURUM)",ALL UTILIZATION PRACTICES,AREA HARVESTED,"WHEAT, SPRING, (EXCL DURUM) - ACRES HARVESTED",ACRES,22900,1.4
2021,YEAR,ALL PRODUCTION PRACTICES,SOUTH DAKOTA,SD,46,CAMPBELL,021,COUNTY,WHEAT,"SPRING, (EXCL DURUM)",ALL UTILIZATION PRACTICES,AREA HARVESTED,"WHEAT, SPRING, (EXCL DURUM) - ACRES HARVESTED",ACRES,8610,1.20
2022,YEAR,ALL PRODUCTION PRACTICES,SOUTH DAKOTA,SD,46,EDMUNDS,045,COUNTY,WHEAT,"SPRING, (EXCL DURUM)",ALL UTILIZATION PRACTICES,AREA HARVESTED,"WHEAT, SPRING, (EXCL DURUM) - ACRES HARVESTED",ACRES,26600,1.5
2021,YEAR,ALL PRODUCTION PRACTICES,SOUTH DAKOTA,SD,46,EDMUNDS,045,COUNTY,WHEAT,"SPRING, (EXCL DURUM)",ALL UTILIZATION PRACTICES,AREA HARVESTED,"WHEAT, SPRING, (EXCL DURUM) - ACRES HARVESTED",ACRES,24100,1.10
2023,YEAR,ALL PRODUCTION PRACTICES,SOUTH DAKOTA,SD,46,POTTER,107,COUNTY,WHEAT,"SPRING, (EXCL DURUM)",ALL UTILIZATION PRACTICES,AREA HARVESTED,"WHEAT, SPRING, (EXCL DURUM) - ACRES HARVESTED",ACRES,57900,1.2
2022,YEAR,ALL PRODUCTION PRACTICES,SOUTH DAKOTA,SD,46,POTTER,107,COUNTY,WHEAT,"SPRING, (EXCL DURUM)",ALL UTILIZATION PRACTICES,AREA HARVESTED,"WHEAT, SPRING, (EXCL DURUM) - ACRES HARVESTED",ACRES,61400,3.4
2022,YEAR,ALL PRODUCTION PRACTICES,SOUTH DAKOTA,SD,46,SPINK,115,COUNTY,WHEAT,"SPRING, (EXCL DURUM)",ALL UTILIZATION PRACTICES,AREA HARVESTED,"WHEAT, SPRING, (EXCL DURUM) - ACRES HARVESTED",ACRES,13900,1.5
2021,YEAR,ALL PRODUCTION PRACTICES,SOUTH DAKOTA,SD,46,SPINK,115,COUNTY,WHEAT,"SPRING, (EXCL DURUM)",ALL UTILIZATION PRACTICES,AREA HARVESTED,"WHEAT, SPRING, (EXCL DURUM) - ACRES HARVESTED",ACRES,12200,2.10
2022,YEAR,ALL PRODUCTION PRACTICES,SOUTH DAKOTA,SD,46,WALWORTH,129,COUNTY,WHEAT,"SPRING, (EXCL DURUM)",ALL UTILIZATION PRACTICES,AREA HARVESTED,"WHEAT, SPRING, (EXCL DURUM) - ACRES HARVESTED",ACRES,28800,1.5
2021,YEAR,ALL PRODUCTION PRACTICES,SOUTH DAKOTA,SD,46,WALWORTH,129,COUNTY,WHEAT,"SPRING, (EXCL DURUM)",ALL UTILIZATION PRACTICES,AREA HARVESTED,"WHEAT, SPRING, (EXCL DURUM) - ACRES HARVESTED",ACRES,16200,1.00
2021,YEAR,ALL PRODUCTION PRACTICES,SOUTH DAKOTA,SD,46,CLARK,025,COUNTY,WHEAT,"SPRING, (EXCL DURUM)",ALL UTILIZATION PRACTICES,AREA HARVESTED,"WHEAT, SPRING, (EXCL DURUM) - ACRES HARVESTED",ACRES,6700,3.20
2022,YEAR,ALL PRODUCTION PRACTICES,SOUTH DAKOTA,SD,46,CODINGTON,029,COUNTY,WHEAT,"SPRING, (EXCL DURUM)",ALL UTILIZATION PRACTICES,AREA HARVESTED,"WHEAT, SPRING, (EXCL DURUM) - ACRES HARVESTED",ACRES,8110,1.6
2023,YEAR,ALL PRODUCTION PRACTICES,SOUTH DAKOTA,SD,46,DAY,037,COUNTY,WHEAT,"SPRING, (EXCL DURUM)",ALL UTILIZATION PRACTICES,AREA HARVESTED,"WHEAT, SPRING, (EXCL DURUM) - ACRES HARVESTED",ACRES,13500,1.6
2021,YEAR,ALL PRODUCTION PRACTICES,SOUTH DAKOTA,SD,46,DAY,037,COUNTY,WHEAT,"SPRING, (EXCL DURUM)",ALL UTILIZATION PRACTICES,AREA HARVESTED,"WHEAT, SPRING, (EXCL DURUM) - ACRES HARVESTED",ACRES,17000,1.80
2023,YEAR,ALL PRODUCTION PRACTICES,SOUTH DAKOTA,SD,46,DEUEL,039,COUNTY,WHEAT,"SPRING, (EXCL DURUM)",ALL UTILIZATION PRACTICES,AREA HARVESTED,"WHEAT, SPRING, (EXCL DURUM) - ACRES HARVESTED",ACRES,4600,1.6
2022,YEAR,ALL PRODUCTION PRACTICES,SOUTH DAKOTA,SD,46,DEUEL,039,COUNTY,WHEAT,"SPRING, (EXCL DURUM)",ALL UTILIZATION PRACTICES,AREA HARVESTED,"WHEAT, SPRING, (EXCL DURUM) - ACRES HARVESTED",ACRES,4820,1.5
2021,YEAR,ALL PRODUCTION PRACTICES,SOUTH DAKOTA,SD,46,DEUEL,039,COUNTY,WHEAT,"SPRING, (EXCL DURUM)",ALL UTILIZATION PRACTICES,AREA HARVESTED,"WHEAT, SPRING, (EXCL DURUM) - ACRES HARVESTED",ACRES,4960,2.10
2023,YEAR,ALL PRODUCTION PRACTICES,SOUTH DAKOTA,SD,46,GRANT,051,COUNTY,WHEAT,"SPRING, (EXCL DURUM)",ALL UTILIZATION PRACTICES,AREA HARVESTED,"WHEAT, SPRING, (EXCL DURUM) - ACRES HARVESTED",ACRES,6610,1.5
2022,YEAR,ALL PRODUCTION PRACTICES,SOUTH DAKOTA,SD,46,GRANT,051,COUNTY,WHEAT,"SPRING, (EXCL DURUM)",ALL UTILIZATION PRACTICES,AREA HARVESTED,"WHEAT, SPRING, (EXCL DURUM) - ACRES HARVESTED",ACRES,7250,1.3
2021,YEAR,ALL PRODUCTION PRACTICES,SOUTH DAKOTA,SD,46,GRANT,051,COUNTY,WHEAT,"SPRING, (EXCL DURUM)",ALL UTILIZATION PRACTICES,AREA HARVESTED,"WHEAT, SPRING, (EXCL DURUM) - ACRES HARVESTED",ACRES,10300,1.80
2023,YEAR,ALL PRODUCTION PRACTICES,SOUTH DAKOTA,SD,46,HAMLIN,057,COUNTY,WHEAT,"SPRING, (EXCL DURUM)",ALL UTILIZATION PRACTICES,AREA HARVESTED,"WHEAT, SPRING, (EXCL DURUM) - ACRES HARVESTED",ACRES,2360,1.4
2022,YEAR,ALL PRODUCTION PRACTICES,SOUTH DAKOTA,SD,46,HAMLIN,057,COUNTY,WHEAT,"SPRING, (EXCL DURUM)",ALL UTILIZATION PRACTICES,AREA HARVESTED,"WHEAT, SPRING, (EXCL DURUM) - ACRES HARVESTED",ACRES,2260,2.2
2021,YEAR,ALL PRODUCTION PRACTICES,SOUTH DAKOTA,SD,46,HAMLIN,057,COUNTY,WHEAT,"SPRING, (EXCL DURUM)",ALL UTILIZATION PRACTICES,AREA HARVESTED,"WHEAT, SPRING, (EXCL DURUM) - ACRES HARVESTED",ACRES,2630,3.00
2023,YEAR,ALL PRODUCTION PRACTICES,SOUTH DAKOTA,SD,46,MARSHALL,091,COUNTY,WHEAT,"SPRING, (EXCL DURUM)",ALL UTILIZATION PRACTICES,AREA HARVESTED,"WHEAT, SPRING, (EXCL DURUM) - ACRES HARVESTED",ACRES,3260,2.6
2022,YEAR,ALL PRODUCTION PRACTICES,SOUTH DAKOTA,SD,46,MARSHALL,091,COUNTY,WHEAT,"SPRING, (EXCL DURUM)",ALL UTILIZATION PRACTICES,AREA HARVESTED,"WHEAT, SPRING, (EXCL DURUM) - ACRES HARVESTED",ACRES,2950,1.5
2021,YEAR,ALL PRODUCTION PRACTICES,SOUTH DAKOTA,SD,46,MARSHALL,091,COUNTY,WHEAT,"SPRING, (EXCL DURUM)",ALL UTILIZATION PRACTICES,AREA HARVESTED,"WHEAT, SPRING, (EXCL DURUM) - ACRES HARVESTED",ACRES,4860,1.80
2023,YEAR,ALL PRODUCTION PRACTICES,SOUTH DAKOTA,SD,46,ROBERTS,109,COUNTY,WHEAT,"SPRING, (EXCL DURUM)",ALL UTILIZATION PRACTICES,AREA HARVESTED,"WHEAT, SPRING, (EXCL DURUM) - ACRES HARVESTED",ACRES,5030,2.6
2022,YEAR,ALL PRODUCTION PRACTICES,SOUTH DAKOTA,SD,46,ROBERTS,109,COUNTY,WHEAT,"SPRING, (EXCL DURUM)",ALL UTILIZATION PRACTICES,AREA HARVESTED,"WHEAT, SPRING, (EXCL DURUM) - ACRES HARVESTED",ACRES,4820,1.6
2021,YEAR,ALL PRODUCTION PRACTICES,SOUTH DAKOTA,SD,46,ROBERTS,109,COUNTY,WHEAT,"SPRING, (EXCL DURUM)",ALL UTILIZATION PRACTICES,AREA HARVESTED,"WHEAT, SPRING, (EXCL DURUM) - ACRES HARVESTED",ACRES,12600,2.70
2022,YEAR,ALL PRODUCTION PRACTICES,SOUTH DAKOTA,SD,46,JACKSON,071,COUNTY,WHEAT,"SPRING, (EXCL DURUM)",ALL UTILIZATION PRACTICES,AREA HARVESTED,"WHEAT, SPRING, (EXCL DURUM) - ACRES HARVESTED",ACRES,4410,1.0
2021,YEAR,ALL PRODUCTION PRACTICES,SOUTH DAKOTA,SD,46,JACKSON,071,COUNTY,WHEAT,"SPRING, (EXCL DURUM)",ALL UTILIZATION PRACTICES,AREA HARVESTED,"WHEAT, SPRING, (EXCL DURUM) - ACRES HARVESTED",ACRES,7540,1.70
2022,YEAR,ALL PRODUCTION PRACTICES,SOUTH DAKOTA,SD,46,MEADE,093,COUNTY,WHEAT,"SPRING, (EXCL DURUM)",ALL UTILIZATION PRACTICES,AREA HARVESTED,"WHEAT, SPRING, (EXCL DURUM) - ACRES HARVESTED",ACRES,5350,1.0
2021,YEAR,ALL PRODUCTION PRACTICES,SOUTH DAKOTA,SD,46,MEADE,093,COUNTY,WHEAT,"SPRING, (EXCL DURUM)",ALL UTILIZATION PRACTICES,AREA HARVESTED,"WHEAT, SPRING, (EXCL DURUM) - ACRES HARVESTED",ACRES,6000,1.20
2021,YEAR,ALL PRODUCTION PRACTICES,SOUTH DAKOTA,SD,46,PENNINGTON,103,COUNTY,WHEAT,"SPRING, (EXCL DURUM)",ALL UTILIZATION PRACTICES,AREA HARVESTED,"WHEAT, SPRING, (EXCL DURUM) - ACRES HARVESTED",ACRES,9000,1.20
2022,YEAR,ALL PRODUCTION PRACTICES,SOUTH DAKOTA,SD,46,BUFFALO,017,COUNTY,WHEAT,"SPRING, (EXCL DURUM)",ALL UTILIZATION PRACTICES,AREA HARVESTED,"WHEAT, SPRING, (EXCL DURUM) - ACRES HARVESTED",ACRES,5460,1.5
2021,YEAR,ALL PRODUCTION PRACTICES,SOUTH DAKOTA,SD,46,BUFFALO,017,COUNTY,WHEAT,"SPRING, (EXCL DURUM)",ALL UTILIZATION PRACTICES,AREA HARVESTED,"WHEAT, SPRING, (EXCL DURUM) - ACRES HARVESTED",ACRES,1990,1.20
2023,YEAR,ALL PRODUCTION PRACTICES,SOUTH DAKOTA,SD,46,HAND,059,COUNTY,WHEAT,"SPRING, (EXCL DURUM)",ALL UTILIZATION PRACTICES,AREA HARVESTED,"WHEAT, SPRING, (EXCL DURUM) - ACRES HARVESTED",ACRES,3830,0.9
2022,YEAR,ALL PRODUCTION PRACTICES,SOUTH DAKOTA,SD,46,HAND,059,COUNTY,WHEAT,"SPRING, (EXCL DURUM)",ALL UTILIZATION PRACTICES,AREA HARVESTED,"WHEAT, SPRING, (EXCL DURUM) - ACRES HARVESTED",ACRES,15500,1.4
2021,YEAR,ALL PRODUCTION PRACTICES,SOUTH DAKOTA,SD,46,HAND,059,COUNTY,WHEAT,"SPRING, (EXCL DURUM)",ALL UTILIZATION PRACTICES,AREA HARVESTED,"WHEAT, SPRING, (EXCL DURUM) - ACRES HARVESTED",ACRES,9280,1.30
2022,YEAR,ALL PRODUCTION PRACTICES,SOUTH DAKOTA,SD,46,HUGHES,065,COUNTY,WHEAT,"SPRING, (EXCL DURUM)",ALL UTILIZATION PRACTICES,AREA HARVESTED,"WHEAT, SPRING, (EXCL DURUM) - ACRES HARVESTED",ACRES,43000,1.4
2022,YEAR,ALL PRODUCTION PRACTICES,SOUTH DAKOTA,SD,46,SULLY,119,COUNTY,WHEAT,"SPRING, (EXCL DURUM)",ALL UTILIZATION PRACTICES,AREA HARVESTED,"WHEAT, SPRING, (EXCL DURUM) - ACRES HARVESTED",ACRES,82000,1.1
2023,YEAR,ALL PRODUCTION PRACTICES,SOUTH DAKOTA,SD,46,BROOKINGS,011,COUNTY,WHEAT,"SPRING, (EXCL DURUM)",ALL UTILIZATION PRACTICES,AREA HARVESTED,"WHEAT, SPRING, (EXCL DURUM) - ACRES HARVESTED",ACRES,2040,2.0
2022,YEAR,ALL PRODUCTION PRACTICES,SOUTH DAKOTA,SD,46,BROOKINGS,011,COUNTY,WHEAT,"SPRING, (EXCL DURUM)",ALL UTILIZATION PRACTICES,AREA HARVESTED,"WHEAT, SPRING, (EXCL DURUM) - ACRES HARVESTED",ACRES,2950,1.5
2021,YEAR,ALL PRODUCTION PRACTICES,SOUTH DAKOTA,SD,46,BROOKINGS,011,COUNTY,WHEAT,"SPRING, (EXCL DURUM)",ALL UTILIZATION PRACTICES,AREA HARVESTED,"WHEAT, SPRING, (EXCL DURUM) - ACRES HARVESTED",ACRES,1960,1.40
2022,YEAR,ALL PRODUCTION PRACTICES,SOUTH DAKOTA,SD,46,KINGSBURY,077,COUNTY,WHEAT,"SPRING, (EXCL DURUM)",ALL UTILIZATION PRACTICES,AREA HARVESTED,"WHEAT, SPRING, (EXCL DURUM) - ACRES HARVESTED",ACRES,1870,1.6
2021,YEAR,ALL PRODUCTION PRACTICES,SOUTH DAKOTA,SD,46,KINGSBURY,077,COUNTY,WHEAT,"SPRING, (EXCL DURUM)",ALL UTILIZATION PRACTICES,AREA HARVESTED,"WHEAT, SPRING, (EXCL DURUM) - ACRES HARVESTED",ACRES,1530,1.40
2021,YEAR,ALL PRODUCTION PRACTICES,SOUTH DAKOTA,SD,46,JONES,075,COUNTY,WHEAT,"SPRING, (EXCL DURUM)",ALL UTILIZATION PRACTICES,AREA HARVESTED,"WHEAT, SPRING, (EXCL DURUM) - ACRES HARVESTED",ACRES,5070,1.10
2023,YEAR,ALL PRODUCTION PRACTICES,SOUTH DAKOTA,SD,46,LYMAN,085,COUNTY,WHEAT,"SPRING, (EXCL DURUM)",ALL UTILIZATION PRACTICES,AREA HARVESTED,"WHEAT, SPRING, (EXCL DURUM) - ACRES HARVESTED",ACRES,18000,1.2
2022,YEAR,ALL PRODUCTION PRACTICES,SOUTH DAKOTA,SD,46,LYMAN,085,COUNTY,WHEAT,"SPRING, (EXCL DURUM)",ALL UTILIZATION PRACTICES,AREA HARVESTED,"WHEAT, SPRING, (EXCL DURUM) - ACRES HARVESTED",ACRES,23000,2.4
2021,YEAR,ALL PRODUCTION PRACTICES,SOUTH DAKOTA,SD,46,LYMAN,085,COUNTY,WHEAT,"SPRING, (EXCL DURUM)",ALL UTILIZATION PRACTICES,AREA HARVESTED,"WHEAT, SPRING, (EXCL DURUM) - ACRES HARVESTED",ACRES,8040,1.90
2022,YEAR,ALL PRODUCTION PRACTICES,SOUTH DAKOTA,SD,46,MELLETTE,095,COUNTY,WHEAT,"SPRING, (EXCL DURUM)",ALL UTILIZATION PRACTICES,AREA HARVESTED,"WHEAT, SPRING, (EXCL DURUM) - ACRES HARVESTED",ACRES,3350,0.9
2023,YEAR,ALL PRODUCTION PRACTICES,SOUTH DAKOTA,SD,46,TRIPP,123,COUNTY,WHEAT,"SPRING, (EXCL DURUM)",ALL UTILIZATION PRACTICES,AREA HARVESTED,"WHEAT, SPRING, (EXCL DURUM) - ACRES HARVESTED",ACRES,3350,2.5
2022,YEAR,ALL PRODUCTION PRACTICES,SOUTH DAKOTA,SD,46,TRIPP,123,COUNTY,WHEAT,"SPRING, (EXCL DURUM)",ALL UTILIZATION PRACTICES,AREA HARVESTED,"WHEAT, SPRING, (EXCL DURUM) - ACRES HARVESTED",ACRES,4900,1.2
2022,YEAR,ALL PRODUCTION PRACTICES,SOUTH DAKOTA,SD,46,HUTCHINSON,067,COUNTY,WHEAT,"SPRING, (EXCL DURUM)",ALL UTILIZATION PRACTICES,AREA HARVESTED,"WHEAT, SPRING, (EXCL DURUM) - ACRES HARVESTED",ACRES,390,1.6
2023,YEAR,ALL PRODUCTION PRACTICES,SOUTH DAKOTA,SD,46,OTHER COUNTIES,,COUNTY,WHEAT,"SPRING, (EXCL DURUM)",ALL UTILIZATION PRACTICES,AREA HARVESTED,"WHEAT, SPRING, (EXCL DURUM) - ACRES HARVESTED",ACRES,508600,0.2
2022,YEAR,ALL PRODUCTION PRACTICES,SOUTH DAKOTA,SD,46,OTHER COUNTIES,,COUNTY,WHEAT,"SPRING, (EXCL DURUM)",ALL UTILIZATION PRACTICES,AREA HARVESTED,"WHEAT, SPRING, (EXCL DURUM) - ACRES HARVESTED",ACRES,250790,0.4
2021,YEAR,ALL PRODUCTION PRACTICES,SOUTH DAKOTA,SD,46,OTHER COUNTIES,,COUNTY,WHEAT,"SPRING, (EXCL DURUM)",ALL UTILIZATION PRACTICES,AREA HARVESTED,"WHEAT, SPRING, (EXCL DURUM) - ACRES HARVESTED",ACRES,329330,0.30
2023,YEAR,ALL PRODUCTION PRACTICES,WASHINGTON,WA,53,BENTON,005,COUNTY,WHEAT,"SPRING, (EXCL DURUM)",ALL UTILIZATION PRACTICES,AREA HARVESTED,"WHEAT, SPRING, (EXCL DURUM) - ACRES HARVESTED",ACRES,6280,6.9
2022,YEAR,ALL PRODUCTION PRACTICES,WASHINGTON,WA,53,BENTON,005,COUNTY,WHEAT,"SPRING, (EXCL DURUM)",ALL UTILIZATION PRACTICES,AREA HARVESTED,"WHEAT, SPRING, (EXCL DURUM) - ACRES HARVESTED",ACRES,5660,3.3
2023,YEAR,ALL PRODUCTION PRACTICES,WASHINGTON,WA,53,KITTITAS,037,COUNTY,WHEAT,"SPRING, (EXCL DURUM)",ALL UTILIZATION PRACTICES,AREA HARVESTED,"WHEAT, SPRING, (EXCL DURUM) - ACRES HARVESTED",ACRES,790,4.1
2023,YEAR,ALL PRODUCTION PRACTICES,WASHINGTON,WA,53,KLICKITAT,039,COUNTY,WHEAT,"SPRING, (EXCL DURUM)",ALL UTILIZATION PRACTICES,AREA HARVESTED,"WHEAT, SPRING, (EXCL DURUM) - ACRES HARVESTED",ACRES,20500,4.3
2022,YEAR,ALL PRODUCTION PRACTICES,WASHINGTON,WA,53,KLICKITAT,039,COUNTY,WHEAT,"SPRING, (EXCL DURUM)",ALL UTILIZATION PRACTICES,AREA HARVESTED,"WHEAT, SPRING, (EXCL DURUM) - ACRES HARVESTED",ACRES,20100,3.2
2021,YEAR,ALL PRODUCTION PRACTICES,WASHINGTON,WA,53,KLICKITAT,039,COUNTY,WHEAT,"SPRING, (EXCL DURUM)",ALL UTILIZATION PRACTICES,AREA HARVESTED,"WHEAT, SPRING, (EXCL DURUM) - ACRES HARVESTED",ACRES,16800,13.80
2022,YEAR,ALL PRODUCTION PRACTICES,WASHINGTON,WA,53,OKANOGAN,047,COUNTY,WHEAT,"SPRING, (EXCL DURUM)",ALL UTILIZATION PRACTICES,AREA HARVESTED,"WHEAT, SPRING, (EXCL DURUM) - ACRES HARVESTED",ACRES,3370,3.3
2021,YEAR,ALL PRODUCTION PRACTICES,WASHINGTON,WA,53,OKANOGAN,047,COUNTY,WHEAT,"SPRING, (EXCL DURUM)",ALL UTILIZATION PRACTICES,AREA HARVESTED,"WHEAT, SPRING, (EXCL DURUM) - ACRES HARVESTED",ACRES,3530,10.50
2021,YEAR,ALL PRODUCTION PRACTICES,WASHINGTON,WA,53,YAKIMA,077,COUNTY,WHEAT,"SPRING, (EXCL DURUM)",ALL UTILIZATION PRACTICES,AREA HARVESTED,"WHEAT, SPRING, (EXCL DURUM) - ACRES HARVESTED",ACRES,4320,16.00
2023,YEAR,ALL PRODUCTION PRACTICES,WASHINGTON,WA,53,SPOKANE,063,COUNTY,WHEAT,"SPRING, (EXCL DURUM)",ALL UTILIZATION PRACTICES,AREA HARVESTED,"WHEAT, SPRING, (EXCL DURUM) - ACRES HARVESTED",ACRES,50000,3.2
2022,YEAR,ALL PRODUCTION PRACTICES,WASHINGTON,WA,53,SPOKANE,063,COUNTY,WHEAT,"SPRING, (EXCL DURUM)",ALL UTILIZATION PRACTICES,AREA HARVESTED,"WHEAT, SPRING, (EXCL DURUM) - ACRES HARVESTED",ACRES,51400,10.5
2021,YEAR,ALL PRODUCTION PRACTICES,WASHINGTON,WA,53,SPOKANE,063,COUNTY,WHEAT,"SPRING, (EXCL DURUM)",ALL UTILIZATION PRACTICES,AREA HARVESTED,"WHEAT, SPRING, (EXCL DURUM) - ACRES HARVESTED",ACRES,64100,9.00
2023,YEAR,ALL PRODUCTION PRACTICES,WASHINGTON,WA,53,ADAMS,001,COUNTY,WHEAT,"SPRING, (EXCL DURUM)",ALL UTILIZATION PRACTICES,AREA HARVESTED,"WHEAT, SPRING, (EXCL DURUM) - ACRES HARVESTED",ACRES,16800,4.7
2022,YEAR,ALL PRODUCTION PRACTICES,WASHINGTON,WA,53,DOUGLAS,017,COUNTY,WHEAT,"SPRING, (EXCL DURUM)",ALL UTILIZATION PRACTICES,AREA HARVESTED,"WHEAT, SPRING, (EXCL DURUM) - ACRES HARVESTED",ACRES,2780,3.4
2021,YEAR,ALL PRODUCTION PRACTICES,WASHINGTON,WA,53,DOUGLAS,017,COUNTY,WHEAT,"SPRING, (EXCL DURUM)",ALL UTILIZATION PRACTICES,AREA HARVESTED,"WHEAT, SPRING, (EXCL DURUM) - ACRES HARVESTED",ACRES,6480,7.00
2023,YEAR,ALL PRODUCTION PRACTICES,WASHINGTON,WA,53,FRANKLIN,021,COUNTY,WHEAT,"SPRING, (EXCL DURUM)",ALL UTILIZATION PRACTICES,AREA HARVESTED,"WHEAT, SPRING, (EXCL DURUM) - ACRES HARVESTED",ACRES,3100,3.9
2021,YEAR,ALL PRODUCTION PRACTICES,WASHINGTON,WA,53,FRANKLIN,021,COUNTY,WHEAT,"SPRING, (EXCL DURUM)",ALL UTILIZATION PRACTICES,AREA HARVESTED,"WHEAT, SPRING, (EXCL DURUM) - ACRES HARVESTED",ACRES,2340,6.90
2023,YEAR,ALL PRODUCTION PRACTICES,WASHINGTON,WA,53,GRANT,025,COUNTY,WHEAT,"SPRING, (EXCL DURUM)",ALL UTILIZATION PRACTICES,AREA HARVESTED,"WHEAT, SPRING, (EXCL DURUM) - ACRES HARVESTED",ACRES,8230,3.7
2021,YEAR,ALL PRODUCTION PRACTICES,WASHINGTON,WA,53,GRANT,025,COUNTY,WHEAT,"SPRING, (EXCL DURUM)",ALL UTILIZATION PRACTICES,AREA HARVESTED,"WHEAT, SPRING, (EXCL DURUM) - ACRES HARVESTED",ACRES,7850,7.50
2022,YEAR,ALL PRODUCTION PRACTICES,WASHINGTON,WA,53,LINCOLN,043,COUNTY,WHEAT,"SPRING, (EXCL DURUM)",ALL UTILIZATION PRACTICES,AREA HARVESTED,"WHEAT, SPRING, (EXCL DURUM) - ACRES HARVESTED",ACRES,101600,2.9
2021,YEAR,ALL PRODUCTION PRACTICES,WASHINGTON,WA,53,LINCOLN,043,COUNTY,WHEAT,"SPRING, (EXCL DURUM)",ALL UTILIZATION PRACTICES,AREA HARVESTED,"WHEAT, SPRING, (EXCL DURUM) - ACRES HARVESTED",ACRES,117900,7.70
2021,YEAR,ALL PRODUCTION PRACTICES,WASHINGTON,WA,53,ASOTIN,003,COUNTY,WHEAT,"SPRING, (EXCL DURUM)",ALL UTILIZATION PRACTICES,AREA HARVESTED,"WHEAT, SPRING, (EXCL DURUM) - ACRES HARVESTED",ACRES,3480,8.50
2023,YEAR,ALL PRODUCTION PRACTICES,WASHINGTON,WA,53,COLUMBIA,013,COUNTY,WHEAT,"SPRING, (EXCL DURUM)",ALL UTILIZATION PRACTICES,AREA HARVESTED,"WHEAT, SPRING, (EXCL DURUM) - ACRES HARVESTED",ACRES,32300,3.4
2022,YEAR,ALL PRODUCTION PRACTICES,WASHINGTON,WA,53,COLUMBIA,013,COUNTY,WHEAT,"SPRING, (EXCL DURUM)",ALL UTILIZATION PRACTICES,AREA HARVESTED,"WHEAT, SPRING, (EXCL DURUM) - ACRES HARVESTED",ACRES,22900,3.3
2021,YEAR,ALL PRODUCTION PRACTICES,WASHINGTON,WA,53,COLUMBIA,013,COUNTY,WHEAT,"SPRING, (EXCL DURUM)",ALL UTILIZATION PRACTICES,AREA HARVESTED,"WHEAT, SPRING, (EXCL DURUM) - ACRES HARVESTED",ACRES,24200,9.70
2021,YEAR,ALL PRODUCTION PRACTICES,WASHINGTON,WA,53,GARFIELD,023,COUNTY,WHEAT,"SPRING, (EXCL DURUM)",ALL UTILIZATION PRACTICES,AREA HARVESTED,"WHEAT, SPRING, (EXCL DURUM) - ACRES HARVESTED",ACRES,28000,8.40
2023,YEAR,ALL PRODUCTION PRACTICES,WASHINGTON,WA,53,WALLA WALLA,071,COUNTY,WHEAT,"SPRING, (EXCL DURUM)",ALL UTILIZATION PRACTICES,AREA HARVESTED,"WHEAT, SPRING, (EXCL DURUM) - ACRES HARVESTED",ACRES,28800,3.4
2021,YEAR,ALL PRODUCTION PRACTICES,WASHINGTON,WA,53,WALLA WALLA,071,COUNTY,WHEAT,"SPRING, (EXCL DURUM)",ALL UTILIZATION PRACTICES,AREA HARVESTED,"WHEAT, SPRING, (EXCL DURUM) - ACRES HARVESTED",ACRES,24700,7.50
2023,YEAR,ALL PRODUCTION PRACTICES,WASHINGTON,WA,53,WHITMAN,075,COUNTY,WHEAT,"SPRING, (EXCL DURUM)",ALL UTILIZATION PRACTICES,AREA HARVESTED,"WHEAT, SPRING, (EXCL DURUM) - ACRES HARVESTED",ACRES,178300,2.1
2022,YEAR,ALL PRODUCTION PRACTICES,WASHINGTON,WA,53,WHITMAN,075,COUNTY,WHEAT,"SPRING, (EXCL DURUM)",ALL UTILIZATION PRACTICES,AREA HARVESTED,"WHEAT, SPRING, (EXCL DURUM) - ACRES HARVESTED",ACRES,172600,2.3
2021,YEAR,ALL PRODUCTION PRACTICES,WASHINGTON,WA,53,WHITMAN,075,COUNTY,WHEAT,"SPRING, (EXCL DURUM)",ALL UTILIZATION PRACTICES,AREA HARVESTED,"WHEAT, SPRING, (EXCL DURUM) - ACRES HARVESTED",ACRES,197000,6.20
2023,YEAR,ALL PRODUCTION PRACTICES,WASHINGTON,WA,53,OTHER COUNTIES,,COUNTY,WHEAT,"SPRING, (EXCL DURUM)",ALL UTILIZATION PRACTICES,AREA HARVESTED,"WHEAT, SPRING, (EXCL DURUM) - ACRES HARVESTED",ACRES,144900,2.0
2022,YEAR,ALL PRODUCTION PRACTICES,WASHINGTON,WA,53,OTHER COUNTIES,,COUNTY,WHEAT,"SPRING, (EXCL DURUM)",ALL UTILIZATION PRACTICES,AREA HARVESTED,"WHEAT, SPRING, (EXCL DURUM) - ACRES HARVESTED",ACRES,89590,2.1
2021,YEAR,ALL PRODUCTION PRACTICES,WASHINGTON,WA,53,OTHER COUNTIES,,COUNTY,WHEAT,"SPRING, (EXCL DURUM)",ALL UTILIZATION PRACTICES,AREA HARVESTED,"WHEAT, SPRING, (EXCL DURUM) - ACRES HARVESTED",ACRES,39300,5.90
2021,YEAR,ALL PRODUCTION PRACTICES,IDAHO,ID,16,BENEWAH,009,COUNTY,WHEAT,"SPRING, (EXCL DURUM)",ALL UTILIZATION PRACTICES,PRODUCTION,"WHEAT, SPRING, (EXCL DURUM) - PRODUCTION, MEASURED IN BU",BU,220000,10.10
2021,YEAR,ALL PRODUCTION PRACTICES,IDAHO,ID,16,CLEARWATER,035,COUNTY,WHEAT,"SPRING, (EXCL DURUM)",ALL UTILIZATION PRACTICES,PRODUCTION,"WHEAT, SPRING, (EXCL DURUM) - PRODUCTION, MEASURED IN BU",BU,46700,13.30
2023,YEAR,ALL PRODUCTION PRACTICES,IDAHO,ID,16,IDAHO,049,COUNTY,WHEAT,"SPRING, (EXCL DURUM)",ALL UTILIZATION PRACTICES,PRODUCTION,"WHEAT, SPRING, (EXCL DURUM) - PRODUCTION, MEASURED IN BU",BU,742000,10.9
2022,YEAR,ALL PRODUCTION PRACTICES,IDAHO,ID,16,IDAHO,049,COUNTY,WHEAT,"SPRING, (EXCL DURUM)",ALL UTILIZATION PRACTICES,PRODUCTION,"WHEAT, SPRING, (EXCL DURUM) - PRODUCTION, MEASURED IN BU",BU,616000,19.0
2021,YEAR,ALL PRODUCTION PRACTICES,IDAHO,ID,16,IDAHO,049,COUNTY,WHEAT,"SPRING, (EXCL DURUM)",ALL UTILIZATION PRACTICES,PRODUCTION,"WHEAT, SPRING, (EXCL DURUM) - PRODUCTION, MEASURED IN BU",BU,735000,10.20
2023,YEAR,ALL PRODUCTION PRACTICES,IDAHO,ID,16,LATAH,057,COUNTY,WHEAT,"SPRING, (EXCL DURUM)",ALL UTILIZATION PRACTICES,PRODUCTION,"WHEAT, SPRING, (EXCL DURUM) - PRODUCTION, MEASURED IN BU",BU,1350000,4.9
2021,YEAR,ALL PRODUCTION PRACTICES,IDAHO,ID,16,LATAH,057,COUNTY,WHEAT,"SPRING, (EXCL DURUM)",ALL UTILIZATION PRACTICES,PRODUCTION,"WHEAT, SPRING, (EXCL DURUM) - PRODUCTION, MEASURED IN BU",BU,1062000,7.50
2023,YEAR,ALL PRODUCTION PRACTICES,IDAHO,ID,16,LEWIS,061,COUNTY,WHEAT,"SPRING, (EXCL DURUM)",ALL UTILIZATION PRACTICES,PRODUCTION,"WHEAT, SPRING, (EXCL DURUM) - PRODUCTION, MEASURED IN BU",BU,650000,10.5
2021,YEAR,ALL PRODUCTION PRACTICES,IDAHO,ID,16,LEWIS,061,COUNTY,WHEAT,"SPRING, (EXCL DURUM)",ALL UTILIZATION PRACTICES,PRODUCTION,"WHEAT, SPRING, (EXCL DURUM) - PRODUCTION, MEASURED IN BU",BU,567000,8.40
2023,YEAR,ALL PRODUCTION PRACTICES,IDAHO,ID,16,NEZ PERCE,069,COUNTY,WHEAT,"SPRING, (EXCL DURUM)",ALL UTILIZATION PRACTICES,PRODUCTION,"WHEAT, SPRING, (EXCL DURUM) - PRODUCTION, MEASURED IN BU",BU,800000,9.3
2021,YEAR,ALL PRODUCTION PRACTICES,IDAHO,ID,16,NEZ PERCE,069,COUNTY,WHEAT,"SPRING, (EXCL DURUM)",ALL UTILIZATION PRACTICES,PRODUCTION,"WHEAT, SPRING, (EXCL DURUM) - PRODUCTION, MEASURED IN BU",BU,1151000,9.50
2023,YEAR,ALL PRODUCTION PRACTICES,IDAHO,ID,16,ADA,001,COUNTY,WHEAT,"SPRING, (EXCL DURUM)",ALL UTILIZATION PRACTICES,PRODUCTION,"WHEAT, SPRING, (EXCL DURUM) - PRODUCTION, MEASURED IN BU",BU,250000,25.3
2022,YEAR,ALL PRODUCTION PRACTICES,IDAHO,ID,16,ADA,001,COUNTY,WHEAT,"SPRING, (EXCL DURUM)",ALL UTILIZATION PRACTICES,PRODUCTION,"WHEAT, SPRING, (EXCL DURUM) - PRODUCTION, MEASURED IN BU",BU,181000,8.7
2023,YEAR,ALL PRODUCTION PRACTICES,IDAHO,ID,16,CANYON,027,COUNTY,WHEAT,"SPRING, (EXCL DURUM)",ALL UTILIZATION PRACTICES,PRODUCTION,"WHEAT, SPRING, (EXCL DURUM) - PRODUCTION, MEASURED IN BU",BU,302000,9.8
2022,YEAR,ALL PRODUCTION PRACTICES,IDAHO,ID,16,CANYON,027,COUNTY,WHEAT,"SPRING, (EXCL DURUM)",ALL UTILIZATION PRACTICES,PRODUCTION,"WHEAT, SPRING, (EXCL DURUM) - PRODUCTION, MEASURED IN BU",BU,401000,18.4
2021,YEAR,ALL PRODUCTION PRACTICES,IDAHO,ID,16,CANYON,027,COUNTY,WHEAT,"SPRING, (EXCL DURUM)",ALL UTILIZATION PRACTICES,PRODUCTION,"WHEAT, SPRING, (EXCL DURUM) - PRODUCTION, MEASURED IN BU",BU,456000,7.80
2022,YEAR,ALL PRODUCTION PRACTICES,IDAHO,ID,16,WASHINGTON,087,COUNTY,WHEAT,"SPRING, (EXCL DURUM)",ALL UTILIZATION PRACTICES,PRODUCTION,"WHEAT, SPRING, (EXCL DURUM) - PRODUCTION, MEASURED IN BU",BU,44300,9.5
2021,YEAR,ALL PRODUCTION PRACTICES,IDAHO,ID,16,WASHINGTON,087,COUNTY,WHEAT,"SPRING, (EXCL DURUM)",ALL UTILIZATION PRACTICES,PRODUCTION,"WHEAT, SPRING, (EXCL DURUM) - PRODUCTION, MEASURED IN BU",BU,24200,65.20
2022,YEAR,ALL PRODUCTION PRACTICES,IDAHO,ID,16,CAMAS,025,COUNTY,WHEAT,"SPRING, (EXCL DURUM)",ALL UTILIZATION PRACTICES,PRODUCTION,"WHEAT, SPRING, (EXCL DURUM) - PRODUCTION, MEASURED IN BU",BU,200000,35.9
2023,YEAR,ALL PRODUCTION PRACTICES,IDAHO,ID,16,CASSIA,031,COUNTY,WHEAT,"SPRING, (EXCL DURUM)",ALL UTILIZATION PRACTICES,PRODUCTION,"WHEAT, SPRING, (EXCL DURUM) - PRODUCTION, MEASURED IN BU",BU,1884000,4.1
2021,YEAR,ALL PRODUCTION PRACTICES,IDAHO,ID,16,CASSIA,031,COUNTY,WHEAT,"SPRING, (EXCL DURUM)",ALL UTILIZATION PRACTICES,PRODUCTION,"WHEAT, SPRING, (EXCL DURUM) - PRODUCTION, MEASURED IN BU",BU,1189000,7.00
2023,YEAR,ALL PRODUCTION PRACTICES,IDAHO,ID,16,GOODING,047,COUNTY,WHEAT,"SPRING, (EXCL DURUM)",ALL UTILIZATION PRACTICES,PRODUCTION,"WHEAT, SPRING, (EXCL DURUM) - PRODUCTION, MEASURED IN BU",BU,131000,4.8
2021,YEAR,ALL PRODUCTION PRACTICES,IDAHO,ID,16,GOODING,047,COUNTY,WHEAT,"SPRING, (EXCL DURUM)",ALL UTILIZATION PRACTICES,PRODUCTION,"WHEAT, SPRING, (EXCL DURUM) - PRODUCTION, MEASURED IN BU",BU,108000,5.20
2023,YEAR,ALL PRODUCTION PRACTICES,IDAHO,ID,16,LINCOLN,063,COUNTY,WHEAT,"SPRING, (EXCL DURUM)",ALL UTILIZATION PRACTICES,PRODUCTION,"WHEAT, SPRING, (EXCL DURUM) - PRODUCTION, MEASURED IN BU",BU,208000,21.0
2021,YEAR,ALL PRODUCTION PRACTICES,IDAHO,ID,16,LINCOLN,063,COUNTY,WHEAT,"SPRING, (EXCL DURUM)",ALL UTILIZATION PRACTICES,PRODUCTION,"WHEAT, SPRING, (EXCL DURUM) - PRODUCTION, MEASURED IN BU",BU,230000,31.10
2023,YEAR,ALL PRODUCTION PRACTICES,IDAHO,ID,16,MINIDOKA,067,COUNTY,WHEAT,"SPRING, (EXCL DURUM)",ALL UTILIZATION PRACTICES,PRODUCTION,"WHEAT, SPRING, (EXCL DURUM) - PRODUCTION, MEASURED IN BU",BU,764000,7.2
2021,YEAR,ALL PRODUCTION PRACTICES,IDAHO,ID,16,MINIDOKA,067,COUNTY,WHEAT,"SPRING, (EXCL DURUM)",ALL UTILIZATION PRACTICES,PRODUCTION,"WHEAT, SPRING, (EXCL DURUM) - PRODUCTION, MEASURED IN BU",BU,1156000,6.40
2023,YEAR,ALL PRODUCTION PRACTICES,IDAHO,ID,16,TWIN FALLS,083,COUNTY,WHEAT,"SPRING, (EXCL DURUM)",ALL UTILIZATION PRACTICES,PRODUCTION,"WHEAT, SPRING, (EXCL DURUM) - PRODUCTION, MEASURED IN BU",BU,270000,5.3
2022,YEAR,ALL PRODUCTION PRACTICES,IDAHO,ID,16,TWIN FALLS,083,COUNTY,WHEAT,"SPRING, (EXCL DURUM)",ALL UTILIZATION PRACTICES,PRODUCTION,"WHEAT, SPRING, (EXCL DURUM) - PRODUCTION, MEASURED IN BU",BU,381000,12.8
2021,YEAR,ALL PRODUCTION PRACTICES,IDAHO,ID,16,TWIN FALLS,083,COUNTY,WHEAT,"SPRING, (EXCL DURUM)",ALL UTILIZATION PRACTICES,PRODUCTION,"WHEAT, SPRING, (EXCL DURUM) - PRODUCTION, MEASURED IN BU",BU,180000,7.80
2023,YEAR,ALL PRODUCTION PRACTICES,IDAHO,ID,16,BANNOCK,005,COUNTY,WHEAT,"SPRING, (EXCL DURUM)",ALL UTILIZATION PRACTICES,PRODUCTION,"WHEAT, SPRING, (EXCL DURUM) - PRODUCTION, MEASURED IN BU",BU,695000,7.2
2023,YEAR,ALL PRODUCTION PRACTICES,IDAHO,ID,16,BINGHAM,011,COUNTY,WHEAT,"SPRING, (EXCL DURUM)",ALL UTILIZATION PRACTICES,PRODUCTION,"WHEAT, SPRING, (EXCL DURUM) - PRODUCTION, MEASURED IN BU",BU,5500000,3.3
2022,YEAR,ALL PRODUCTION PRACTICES,IDAHO,ID,16,BINGHAM,011,COUNTY,WHEAT,"SPRING, (EXCL DURUM)",ALL UTILIZATION PRACTICES,PRODUCTION,"WHEAT, SPRING, (EXCL DURUM) - PRODUCTION, MEASURED IN BU",BU,4133000,22.4
2021,YEAR,ALL PRODUCTION PRACTICES,IDAHO,ID,16,BINGHAM,011,COUNTY,WHEAT,"SPRING, (EXCL DURUM)",ALL UTILIZATION PRACTICES,PRODUCTION,"WHEAT, SPRING, (EXCL DURUM) - PRODUCTION, MEASURED IN BU",BU,4575000,5.20
2023,YEAR,ALL PRODUCTION PRACTICES,IDAHO,ID,16,BONNEVILLE,019,COUNTY,WHEAT,"SPRING, (EXCL DURUM)",ALL UTILIZATION PRACTICES,PRODUCTION,"WHEAT, SPRING, (EXCL DURUM) - PRODUCTION, MEASURED IN BU",BU,1820000,19.1
2022,YEAR,ALL PRODUCTION PRACTICES,IDAHO,ID,16,BONNEVILLE,019,COUNTY,WHEAT,"SPRING, (EXCL DURUM)",ALL UTILIZATION PRACTICES,PRODUCTION,"WHEAT, SPRING, (EXCL DURUM) - PRODUCTION, MEASURED IN BU",BU,2011000,27.1
2021,YEAR,ALL PRODUCTION PRACTICES,IDAHO,ID,16,BONNEVILLE,019,COUNTY,WHEAT,"SPRING, (EXCL DURUM)",ALL UTILIZATION PRACTICES,PRODUCTION,"WHEAT, SPRING, (EXCL DURUM) - PRODUCTION, MEASURED IN BU",BU,3184000,24.90
2023,YEAR,ALL PRODUCTION PRACTICES,IDAHO,ID,16,BUTTE,023,COUNTY,WHEAT,"SPRING, (EXCL DURUM)",ALL UTILIZATION PRACTICES,PRODUCTION,"WHEAT, SPRING, (EXCL DURUM) - PRODUCTION, MEASURED IN BU",BU,507000,7.1
2023,YEAR,ALL PRODUCTION PRACTICES,IDAHO,ID,16,CARIBOU,029,COUNTY,WHEAT,"SPRING, (EXCL DURUM)",ALL UTILIZATION PRACTICES,PRODUCTION,"WHEAT, SPRING, (EXCL DURUM) - PRODUCTION, MEASURED IN BU",BU,749000,13.9
2022,YEAR,ALL PRODUCTION PRACTICES,IDAHO,ID,16,CARIBOU,029,COUNTY,WHEAT,"SPRING, (EXCL DURUM)",ALL UTILIZATION PRACTICES,PRODUCTION,"WHEAT, SPRING, (EXCL DURUM) - PRODUCTION, MEASURED IN BU",BU,684000,16.4
2021,YEAR,ALL PRODUCTION PRACTICES,IDAHO,ID,16,CARIBOU,029,COUNTY,WHEAT,"SPRING, (EXCL DURUM)",ALL UTILIZATION PRACTICES,PRODUCTION,"WHEAT, SPRING, (EXCL DURUM) - PRODUCTION, MEASURED IN BU",BU,759000,25.20
2022,YEAR,ALL PRODUCTION PRACTICES,IDAHO,ID,16,CLARK,033,COUNTY,WHEAT,"SPRING, (EXCL DURUM)",ALL UTILIZATION PRACTICES,PRODUCTION,"WHEAT, SPRING, (EXCL DURUM) - PRODUCTION, MEASURED IN BU",BU,570000,6.2
2023,YEAR,ALL PRODUCTION PRACTICES,IDAHO,ID,16,FRANKLIN,041,COUNTY,WHEAT,"SPRING, (EXCL DURUM)",ALL UTILIZATION PRACTICES,PRODUCTION,"WHEAT, SPRING, (EXCL DURUM) - PRODUCTION, MEASURED IN BU",BU,157000,37.4
2022,YEAR,ALL PRODUCTION PRACTICES,IDAHO,ID,16,FRANKLIN,041,COUNTY,WHEAT,"SPRING, (EXCL DURUM)",ALL UTILIZATION PRACTICES,PRODUCTION,"WHEAT, SPRING, (EXCL DURUM) - PRODUCTION, MEASURED IN BU",BU,192000,14.8
2023,YEAR,ALL PRODUCTION PRACTICES,IDAHO,ID,16,JEFFERSON,051,COUNTY,WHEAT,"SPRING, (EXCL DURUM)",ALL UTILIZATION PRACTICES,PRODUCTION,"WHEAT, SPRING, (EXCL DURUM) - PRODUCTION, MEASURED IN BU",BU,2147000,12.7
2022,YEAR,ALL PRODUCTION PRACTICES,IDAHO,ID,16,JEFFERSON,051,COUNTY,WHEAT,"SPRING, (EXCL DURUM)",ALL UTILIZATION PRACTICES,PRODUCTION,"WHEAT, SPRING, (EXCL DURUM) - PRODUCTION, MEASURED IN BU",BU,2145000,8.1
2021,YEAR,ALL PRODUCTION PRACTICES,IDAHO,ID,16,JEFFERSON,051,COUNTY,WHEAT,"SPRING, (EXCL DURUM)",ALL UTILIZATION PRACTICES,PRODUCTION,"WHEAT, SPRING, (EXCL DURUM) - PRODUCTION, MEASURED IN BU",BU,2590000,7.90
2023,YEAR,ALL PRODUCTION PRACTICES,IDAHO,ID,16,MADISON,065,COUNTY,WHEAT,"SPRING, (EXCL DURUM)",ALL UTILIZATION PRACTICES,PRODUCTION,"WHEAT, SPRING, (EXCL DURUM) - PRODUCTION, MEASURED IN BU",BU,5242000,3.0
2022,YEAR,ALL PRODUCTION PRACTICES,IDAHO,ID,16,MADISON,065,COUNTY,WHEAT,"SPRING, (EXCL DURUM)",ALL UTILIZATION PRACTICES,PRODUCTION,"WHEAT, SPRING, (EXCL DURUM) - PRODUCTION, MEASURED IN BU",BU,4289000,8.2
2021,YEAR,ALL PRODUCTION PRACTICES,IDAHO,ID,16,MADISON,065,COUNTY,WHEAT,"SPRING, (EXCL DURUM)",ALL UTILIZATION PRACTICES,PRODUCTION,"WHEAT, SPRING, (EXCL DURUM) - PRODUCTION, MEASURED IN BU",BU,4031000,10.50
2023,YEAR,ALL PRODUCTION PRACTICES,IDAHO,ID,16,POWER,077,COUNTY,WHEAT,"SPRING, (EXCL DURUM)",ALL UTILIZATION PRACTICES,PRODUCTION,"WHEAT, SPRING, (EXCL DURUM) - PRODUCTION, MEASURED IN BU",BU,2821000,15.3
2023,YEAR,ALL PRODUCTION PRACTICES,IDAHO,ID,16,OTHER COUNTIES,,COUNTY,WHEAT,"SPRING, (EXCL DURUM)",ALL UTILIZATION PRACTICES,PRODUCTION,"WHEAT, SPRING, (EXCL DURUM) - PRODUCTION, MEASURED IN BU",BU,5401000,3.0
2022,YEAR,ALL PRODUCTION PRACTICES,IDAHO,ID,16,OTHER COUNTIES,,COUNTY,WHEAT,"SPRING, (EXCL DURUM)",ALL UTILIZATION PRACTICES,PRODUCTION,"WHEAT, SPRING, (EXCL DURUM) - PRODUCTION, MEASURED IN BU",BU,13312700,4.0
2021,YEAR,ALL PRODUCTION PRACTICES,IDAHO,ID,16,OTHER COUNTIES,,COUNTY,WHEAT,"SPRING, (EXCL DURUM)",ALL UTILIZATION PRACTICES,PRODUCTION,"WHEAT, SPRING, (EXCL DURUM) - PRODUCTION, MEASURED IN BU",BU,8291100,7.10
2023,YEAR,ALL PRODUCTION PRACTICES,MINNESOTA,MN,27,BECKER,005,COUNTY,WHEAT,"SPRING, (EXCL DURUM)",ALL UTILIZATION PRACTICES,PRODUCTION,"WHEAT, SPRING, (EXCL DURUM) - PRODUCTION, MEASURED IN BU",BU,1321000,6.1
2022,YEAR,ALL PRODUCTION PRACTICES,MINNESOTA,MN,27,BECKER,005,COUNTY,WHEAT,"SPRING, (EXCL DURUM)",ALL UTILIZATION PRACTICES,PRODUCTION,"WHEAT, SPRING, (EXCL DURUM) - PRODUCTION, MEASURED IN BU",BU,1428000,5.8
2021,YEAR,ALL PRODUCTION PRACTICES,MINNESOTA,MN,27,BECKER,005,COUNTY,WHEAT,"SPRING, (EXCL DURUM)",ALL UTILIZATION PRACTICES,PRODUCTION,"WHEAT, SPRING, (EXCL DURUM) - PRODUCTION, MEASURED IN BU",BU,1156000,5.70
2023,YEAR,ALL PRODUCTION PRACTICES,MINNESOTA,MN,27,CLAY,027,COUNTY,WHEAT,"SPRING, (EXCL DURUM)",ALL UTILIZATION PRACTICES,PRODUCTION,"WHEAT, SPRING, (EXCL DURUM) - PRODUCTION, MEASURED IN BU",BU,3461000,5.9
2022,YEAR,ALL PRODUCTION PRACTICES,MINNESOTA,MN,27,CLAY,027,COUNTY,WHEAT,"SPRING, (EXCL DURUM)",ALL UTILIZATION PRACTICES,PRODUCTION,"WHEAT, SPRING, (EXCL DURUM) - PRODUCTION, MEASURED IN BU",BU,4227000,4.5
2021,YEAR,ALL PRODUCTION PRACTICES,MINNESOTA,MN,27,CLAY,027,COUNTY,WHEAT,"SPRING, (EXCL DURUM)",ALL UTILIZATION PRACTICES,PRODUCTION,"WHEAT, SPRING, (EXCL DURUM) - PRODUCTION, MEASURED IN BU",BU,3263000,8.40
2022,YEAR,ALL PRODUCTION PRACTICES,MINNESOTA,MN,27,KITTSON,069,COUNTY,WHEAT,"SPRING, (EXCL DURUM)",ALL UTILIZATION PRACTICES,PRODUCTION,"WHEAT, SPRING, (EXCL DURUM) - PRODUCTION, MEASURED IN BU",BU,7995000,3.7
2021,YEAR,ALL PRODUCTION PRACTICES,MINNESOTA,MN,27,KITTSON,069,COUNTY,WHEAT,"SPRING, (EXCL DURUM)",ALL UTILIZATION PRACTICES,PRODUCTION,"WHEAT, SPRING, (EXCL DURUM) - PRODUCTION, MEASURED IN BU",BU,6028000,3.70
2023,YEAR,ALL PRODUCTION PRACTICES,MINNESOTA,MN,27,MAHNOMEN,087,COUNTY,WHEAT,"SPRING, (EXCL DURUM)",ALL UTILIZATION PRACTICES,PRODUCTION,"WHEAT, SPRING, (EXCL DURUM) - PRODUCTION, MEASURED IN BU",BU,1767000,3.1
2022,YEAR,ALL PRODUCTION PRACTICES,MINNESOTA,MN,27,MAHNOMEN,087,COUNTY,WHEAT,"SPRING, (EXCL DURUM)",ALL UTILIZATION PRACTICES,PRODUCTION,"WHEAT, SPRING, (EXCL DURUM) - PRODUCTION, MEASURED IN BU",BU,2158000,3.9
2023,YEAR,ALL PRODUCTION PRACTICES,MINNESOTA,MN,27,MARSHALL,089,COUNTY,WHEAT,"SPRING, (EXCL DURUM)",ALL UTILIZATION PRACTICES,PRODUCTION,"WHEAT, SPRING, (EXCL DURUM) - PRODUCTION, MEASURED IN BU",BU,14996000,2.9
2022,YEAR,ALL PRODUCTION PRACTICES,MINNESOTA,MN,27,MARSHALL,089,COUNTY,WHEAT,"SPRING, (EXCL DURUM)",ALL UTILIZATION PRACTICES,PRODUCTION,"WHEAT, SPRING, (EXCL DURUM) - PRODUCTION, MEASURED IN BU",BU,11414000,2.8
2021,YEAR,ALL PRODUCTION PRACTICES,MINNESOTA,MN,27,MARSHALL,089,COUNTY,WHEAT,"SPRING, (EXCL DURUM)",ALL UTILIZATION PRACTICES,PRODUCTION,"WHEAT, SPRING, (EXCL DURUM) - PRODUCTION, MEASURED IN BU",BU,10296000,5.20
2023,YEAR,ALL PRODUCTION PRACTICES,MINNESOTA,MN,27,NORMAN,107,COUNTY,WHEAT,"SPRING, (EXCL DURUM)",ALL UTILIZATION PRACTICES,PRODUCTION,"WHEAT, SPRING, (EXCL DURUM) - PRODUCTION, MEASURED IN BU",BU,6378000,3.3
2022,YEAR,ALL PRODUCTION PRACTICES,MINNESOTA,MN,27,NORMAN,107,COUNTY,WHEAT,"SPRING, (EXCL DURUM)",ALL UTILIZATION PRACTICES,PRODUCTION,"WHEAT, SPRING, (EXCL DURUM) - PRODUCTION, MEASURED IN BU",BU,5658000,3.2
2021,YEAR,ALL PRODUCTION PRACTICES,MINNESOTA,MN,27,NORMAN,107,COUNTY,WHEAT,"SPRING, (EXCL DURUM)",ALL UTILIZATION PRACTICES,PRODUCTION,"WHEAT, SPRING, (EXCL DURUM) - PRODUCTION, MEASURED IN BU",BU,4072000,4.90
2021,YEAR,ALL PRODUCTION PRACTICES,MINNESOTA,MN,27,PENNINGTON,113,COUNTY,WHEAT,"SPRING, (EXCL DURUM)",ALL UTILIZATION PRACTICES,PRODUCTION,"WHEAT, SPRING, (EXCL DURUM) - PRODUCTION, MEASURED IN BU",BU,2998000,5.70
2023,YEAR,ALL PRODUCTION PRACTICES,MINNESOTA,MN,27,POLK,119,COUNTY,WHEAT,"SPRING, (EXCL DURUM)",ALL UTILIZATION PRACTICES,PRODUCTION,"WHEAT, SPRING, (EXCL DURUM) - PRODUCTION, MEASURED IN BU",BU,16305000,3.2
2022,YEAR,ALL PRODUCTION PRACTICES,MINNESOTA,MN,27,POLK,119,COUNTY,WHEAT,"SPRING, (EXCL DURUM)",ALL UTILIZATION PRACTICES,PRODUCTION,"WHEAT, SPRING, (EXCL DURUM) - PRODUCTION, MEASURED IN BU",BU,17262000,2.9
2021,YEAR,ALL PRODUCTION PRACTICES,MINNESOTA,MN,27,POLK,119,COUNTY,WHEAT,"SPRING, (EXCL DURUM)",ALL UTILIZATION PRACTICES,PRODUCTION,"WHEAT, SPRING, (EXCL DURUM) - PRODUCTION, MEASURED IN BU",BU,11377000,3.20
2023,YEAR,ALL PRODUCTION PRACTICES,MINNESOTA,MN,27,RED LAKE,125,COUNTY,WHEAT,"SPRING, (EXCL DURUM)",ALL UTILIZATION PRACTICES,PRODUCTION,"WHEAT, SPRING, (EXCL DURUM) - PRODUCTION, MEASURED IN BU",BU,3620000,6.4
2022,YEAR,ALL PRODUCTION PRACTICES,MINNESOTA,MN,27,RED LAKE,125,COUNTY,WHEAT,"SPRING, (EXCL DURUM)",ALL UTILIZATION PRACTICES,PRODUCTION,"WHEAT, SPRING, (EXCL DURUM) - PRODUCTION, MEASURED IN BU",BU,3612000,4.7
2021,YEAR,ALL PRODUCTION PRACTICES,MINNESOTA,MN,27,RED LAKE,125,COUNTY,WHEAT,"SPRING, (EXCL DURUM)",ALL UTILIZATION PRACTICES,PRODUCTION,"WHEAT, SPRING, (EXCL DURUM) - PRODUCTION, MEASURED IN BU",BU,2414000,5.80
2022,YEAR,ALL PRODUCTION PRACTICES,MINNESOTA,MN,27,ROSEAU,135,COUNTY,WHEAT,"SPRING, (EXCL DURUM)",ALL UTILIZATION PRACTICES,PRODUCTION,"WHEAT, SPRING, (EXCL DURUM) - PRODUCTION, MEASURED IN BU",BU,6243000,6.0
2021,YEAR,ALL PRODUCTION PRACTICES,MINNESOTA,MN,27,ROSEAU,135,COUNTY,WHEAT,"SPRING, (EXCL DURUM)",ALL UTILIZATION PRACTICES,PRODUCTION,"WHEAT, SPRING, (EXCL DURUM) - PRODUCTION, MEASURED IN BU",BU,4159000,5.20
2023,YEAR,ALL PRODUCTION PRACTICES,MINNESOTA,MN,27,BELTRAMI,007,COUNTY,WHEAT,"SPRING, (EXCL DURUM)",ALL UTILIZATION PRACTICES,PRODUCTION,"WHEAT, SPRING, (EXCL DURUM) - PRODUCTION, MEASURED IN BU",BU,698000,11.3
2022,YEAR,ALL PRODUCTION PRACTICES,MINNESOTA,MN,27,BELTRAMI,007,COUNTY,WHEAT,"SPRING, (EXCL DURUM)",ALL UTILIZATION PRACTICES,PRODUCTION,"WHEAT, SPRING, (EXCL DURUM) - PRODUCTION, MEASURED IN BU",BU,553000,4.7
2021,YEAR,ALL PRODUCTION PRACTICES,MINNESOTA,MN,27,BELTRAMI,007,COUNTY,WHEAT,"SPRING, (EXCL DURUM)",ALL UTILIZATION PRACTICES,PRODUCTION,"WHEAT, SPRING, (EXCL DURUM) - PRODUCTION, MEASURED IN BU",BU,447000,12.00
2023,YEAR,ALL PRODUCTION PRACTICES,MINNESOTA,MN,27,KOOCHICHING,071,COUNTY,WHEAT,"SPRING, (EXCL DURUM)",ALL UTILIZATION PRACTICES,PRODUCTION,"WHEAT, SPRING, (EXCL DURUM) - PRODUCTION, MEASURED IN BU",BU,74700,18.7
2021,YEAR,ALL PRODUCTION PRACTICES,MINNESOTA,MN,27,KOOCHICHING,071,COUNTY,WHEAT,"SPRING, (EXCL DURUM)",ALL UTILIZATION PRACTICES,PRODUCTION,"WHEAT, SPRING, (EXCL DURUM) - PRODUCTION, MEASURED IN BU",BU,47400,27.80
2023,YEAR,ALL PRODUCTION PRACTICES,MINNESOTA,MN,27,LAKE OF THE WOODS,077,COUNTY,WHEAT,"SPRING, (EXCL DURUM)",ALL UTILIZATION PRACTICES,PRODUCTION,"WHEAT, SPRING, (EXCL DURUM) - PRODUCTION, MEASURED IN BU",BU,586000,3.8
2022,YEAR,ALL PRODUCTION PRACTICES,MINNESOTA,MN,27,LAKE OF THE WOODS,077,COUNTY,WHEAT,"SPRING, (EXCL DURUM)",ALL UTILIZATION PRACTICES,PRODUCTION,"WHEAT, SPRING, (EXCL DURUM) - PRODUCTION, MEASURED IN BU",BU,453000,5.8
2023,YEAR,ALL PRODUCTION PRACTICES,MINNESOTA,MN,27,BIG STONE,011,COUNTY,WHEAT,"SPRING, (EXCL DURUM)",ALL UTILIZATION PRACTICES,PRODUCTION,"WHEAT, SPRING, (EXCL DURUM) - PRODUCTION, MEASURED IN BU",BU,139000,15.5
2022,YEAR,ALL PRODUCTION PRACTICES,MINNESOTA,MN,27,BIG STONE,011,COUNTY,WHEAT,"SPRING, (EXCL DURUM)",ALL UTILIZATION PRACTICES,PRODUCTION,"WHEAT, SPRING, (EXCL DURUM) - PRODUCTION, MEASURED IN BU",BU,80300,7.4
2021,YEAR,ALL PRODUCTION PRACTICES,MINNESOTA,MN,27,BIG STONE,011,COUNTY,WHEAT,"SPRING, (EXCL DURUM)",ALL UTILIZATION PRACTICES,PRODUCTION,"WHEAT, SPRING, (EXCL DURUM) - PRODUCTION, MEASURED IN BU",BU,243000,4.80
2023,YEAR,ALL PRODUCTION PRACTICES,MINNESOTA,MN,27,CHIPPEWA,023,COUNTY,WHEAT,"SPRING, (EXCL DURUM)",ALL UTILIZATION PRACTICES,PRODUCTION,"WHEAT, SPRING, (EXCL DURUM) - PRODUCTION, MEASURED IN BU",BU,50900,11.5
2022,YEAR,ALL PRODUCTION PRACTICES,MINNESOTA,MN,27,CHIPPEWA,023,COUNTY,WHEAT,"SPRING, (EXCL DURUM)",ALL UTILIZATION PRACTICES,PRODUCTION,"WHEAT, SPRING, (EXCL DURUM) - PRODUCTION, MEASURED IN BU",BU,60100,8.5
2021,YEAR,ALL PRODUCTION PRACTICES,MINNESOTA,MN,27,CHIPPEWA,023,COUNTY,WHEAT,"SPRING, (EXCL DURUM)",ALL UTILIZATION PRACTICES,PRODUCTION,"WHEAT, SPRING, (EXCL DURUM) - PRODUCTION, MEASURED IN BU",BU,33600,16.20
2023,YEAR,ALL PRODUCTION PRACTICES,MINNESOTA,MN,27,DOUGLAS,041,COUNTY,WHEAT,"SPRING, (EXCL DURUM)",ALL UTILIZATION PRACTICES,PRODUCTION,"WHEAT, SPRING, (EXCL DURUM) - PRODUCTION, MEASURED IN BU",BU,261000,8.3
2022,YEAR,ALL PRODUCTION PRACTICES,MINNESOTA,MN,27,DOUGLAS,041,COUNTY,WHEAT,"SPRING, (EXCL DURUM)",ALL UTILIZATION PRACTICES,PRODUCTION,"WHEAT, SPRING, (EXCL DURUM) - PRODUCTION, MEASURED IN BU",BU,301000,9.1
2021,YEAR,ALL PRODUCTION PRACTICES,MINNESOTA,MN,27,DOUGLAS,041,COUNTY,WHEAT,"SPRING, (EXCL DURUM)",ALL UTILIZATION PRACTICES,PRODUCTION,"WHEAT, SPRING, (EXCL DURUM) - PRODUCTION, MEASURED IN BU",BU,163000,18.40
2021,YEAR,ALL PRODUCTION PRACTICES,MINNESOTA,MN,27,GRANT,051,COUNTY,WHEAT,"SPRING, (EXCL DURUM)",ALL UTILIZATION PRACTICES,PRODUCTION,"WHEAT, SPRING, (EXCL DURUM) - PRODUCTION, MEASURED IN BU",BU,446000,9.20
2023,YEAR,ALL PRODUCTION PRACTICES,MINNESOTA,MN,27,LAC QUI PARLE,073,COUNTY,WHEAT,"SPRING, (EXCL DURUM)",ALL UTILIZATION PRACTICES,PRODUCTION,"WHEAT, SPRING, (EXCL DURUM) - PRODUCTION, MEASURED IN BU",BU,76600,8.9
2021,YEAR,ALL PRODUCTION PRACTICES,MINNESOTA,MN,27,LAC QUI PARLE,073,COUNTY,WHEAT,"SPRING, (EXCL DURUM)",ALL UTILIZATION PRACTICES,PRODUCTION,"WHEAT, SPRING, (EXCL DURUM) - PRODUCTION, MEASURED IN BU",BU,43600,3.20
2023,YEAR,ALL PRODUCTION PRACTICES,MINNESOTA,MN,27,OTTER TAIL,111,COUNTY,WHEAT,"SPRING, (EXCL DURUM)",ALL UTILIZATION PRACTICES,PRODUCTION,"WHEAT, SPRING, (EXCL DURUM) - PRODUCTION, MEASURED IN BU",BU,851000,8.3
2022,YEAR,ALL PRODUCTION PRACTICES,MINNESOTA,MN,27,OTTER TAIL,111,COUNTY,WHEAT,"SPRING, (EXCL DURUM)",ALL UTILIZATION PRACTICES,PRODUCTION,"WHEAT, SPRING, (EXCL DURUM) - PRODUCTION, MEASURED IN BU",BU,1002000,6.4
2021,YEAR,ALL PRODUCTION PRACTICES,MINNESOTA,MN,27,OTTER TAIL,111,COUNTY,WHEAT,"SPRING, (EXCL DURUM)",ALL UTILIZATION PRACTICES,PRODUCTION,"WHEAT, SPRING, (EXCL DURUM) - PRODUCTION, MEASURED IN BU",BU,860000,5.50
2023,YEAR,ALL PRODUCTION PRACTICES,MINNESOTA,MN,27,POPE,121,COUNTY,WHEAT,"SPRING, (EXCL DURUM)",ALL UTILIZATION PRACTICES,PRODUCTION,"WHEAT, SPRING, (EXCL DURUM) - PRODUCTION, MEASURED IN BU",BU,154000,4.6
2022,YEAR,ALL PRODUCTION PRACTICES,MINNESOTA,MN,27,POPE,121,COUNTY,WHEAT,"SPRING, (EXCL DURUM)",ALL UTILIZATION PRACTICES,PRODUCTION,"WHEAT, SPRING, (EXCL DURUM) - PRODUCTION, MEASURED IN BU",BU,192000,10.5
2023,YEAR,ALL PRODUCTION PRACTICES,MINNESOTA,MN,27,STEVENS,149,COUNTY,WHEAT,"SPRING, (EXCL DURUM)",ALL UTILIZATION PRACTICES,PRODUCTION,"WHEAT, SPRING, (EXCL DURUM) - PRODUCTION, MEASURED IN BU",BU,226000,6.6
2022,YEAR,ALL PRODUCTION PRACTICES,MINNESOTA,MN,27,STEVENS,149,COUNTY,WHEAT,"SPRING, (EXCL DURUM)",ALL UTILIZATION PRACTICES,PRODUCTION,"WHEAT, SPRING, (EXCL DURUM) - PRODUCTION, MEASURED IN BU",BU,165000,8.7
2021,YEAR,ALL PRODUCTION PRACTICES,MINNESOTA,MN,27,STEVENS,149,COUNTY,WHEAT,"SPRING, (EXCL DURUM)",ALL UTILIZATION PRACTICES,PRODUCTION,"WHEAT, SPRING, (EXCL DURUM) - PRODUCTION, MEASURED IN BU",BU,230000,4.70
2021,YEAR,ALL PRODUCTION PRACTICES,MINNESOTA,MN,27,SWIFT,151,COUNTY,WHEAT,"SPRING, (EXCL DURUM)",ALL UTILIZATION PRACTICES,PRODUCTION,"WHEAT, SPRING, (EXCL DURUM) - PRODUCTION, MEASURED IN BU",BU,192000,4.70
2023,YEAR,ALL PRODUCTION PRACTICES,MINNESOTA,MN,27,TRAVERSE,155,COUNTY,WHEAT,"SPRING, (EXCL DURUM)",ALL UTILIZATION PRACTICES,PRODUCTION,"WHEAT, SPRING, (EXCL DURUM) - PRODUCTION, MEASURED IN BU",BU,333000,9.8
2021,YEAR,ALL PRODUCTION PRACTICES,MINNESOTA,MN,27,TRAVERSE,155,COUNTY,WHEAT,"SPRING, (EXCL DURUM)",ALL UTILIZATION PRACTICES,PRODUCTION,"WHEAT, SPRING, (EXCL DURUM) - PRODUCTION, MEASURED IN BU",BU,343000,9.50
2023,YEAR,ALL PRODUCTION PRACTICES,MINNESOTA,MN,27,WILKIN,167,COUNTY,WHEAT,"SPRING, (EXCL DURUM)",ALL UTILIZATION PRACTICES,PRODUCTION,"WHEAT, SPRING, (EXCL DURUM) - PRODUCTION, MEASURED IN BU",BU,2764000,5.2
2022,YEAR,ALL PRODUCTION PRACTICES,MINNESOTA,MN,27,WILKIN,167,COUNTY,WHEAT,"SPRING, (EXCL DURUM)",ALL UTILIZATION PRACTICES,PRODUCTION,"WHEAT, SPRING, (EXCL DURUM) - PRODUCTION, MEASURED IN BU",BU,3088000,6.7
2021,YEAR,ALL PRODUCTION PRACTICES,MINNESOTA,MN,27,WILKIN,167,COUNTY,WHEAT,"SPRING, (EXCL DURUM)",ALL UTILIZATION PRACTICES,PRODUCTION,"WHEAT, SPRING, (EXCL DURUM) - PRODUCTION, MEASURED IN BU",BU,3141000,6.00
2021,YEAR,ALL PRODUCTION PRACTICES,MINNESOTA,MN,27,YELLOW MEDICINE,173,COUNTY,WHEAT,"SPRING, (EXCL DURUM)",ALL UTILIZATION PRACTICES,PRODUCTION,"WHEAT, SPRING, (EXCL DURUM) - PRODUCTION, MEASURED IN BU",BU,81400,4.90
2023,YEAR,ALL PRODUCTION PRACTICES,MINNESOTA,MN,27,CARVER,019,COUNTY,WHEAT,"SPRING, (EXCL DURUM)",ALL UTILIZATION PRACTICES,PRODUCTION,"WHEAT, SPRING, (EXCL DURUM) - PRODUCTION, MEASURED IN BU",BU,25300,7.9
2022,YEAR,ALL PRODUCTION PRACTICES,MINNESOTA,MN,27,CARVER,019,COUNTY,WHEAT,"SPRING, (EXCL DURUM)",ALL UTILIZATION PRACTICES,PRODUCTION,"WHEAT, SPRING, (EXCL DURUM) - PRODUCTION, MEASURED IN BU",BU,26500,13.1
2023,YEAR,ALL PRODUCTION PRACTICES,MINNESOTA,MN,27,KANDIYOHI,067,COUNTY,WHEAT,"SPRING, (EXCL DURUM)",ALL UTILIZATION PRACTICES,PRODUCTION,"WHEAT, SPRING, (EXCL DURUM) - PRODUCTION, MEASURED IN BU",BU,50200,6.7
2022,YEAR,ALL PRODUCTION PRACTICES,MINNESOTA,MN,27,KANDIYOHI,067,COUNTY,WHEAT,"SPRING, (EXCL DURUM)",ALL UTILIZATION PRACTICES,PRODUCTION,"WHEAT, SPRING, (EXCL DURUM) - PRODUCTION, MEASURED IN BU",BU,43800,15.9
2021,YEAR,ALL PRODUCTION PRACTICES,MINNESOTA,MN,27,KANDIYOHI,067,COUNTY,WHEAT,"SPRING, (EXCL DURUM)",ALL UTILIZATION PRACTICES,PRODUCTION,"WHEAT, SPRING, (EXCL DURUM) - PRODUCTION, MEASURED IN BU",BU,43700,9.40
2023,YEAR,ALL PRODUCTION PRACTICES,MINNESOTA,MN,27,MCLEOD,085,COUNTY,WHEAT,"SPRING, (EXCL DURUM)",ALL UTILIZATION PRACTICES,PRODUCTION,"WHEAT, SPRING, (EXCL DURUM) - PRODUCTION, MEASURED IN BU",BU,54800,6.5
2021,YEAR,ALL PRODUCTION PRACTICES,MINNESOTA,MN,27,MCLEOD,085,COUNTY,WHEAT,"SPRING, (EXCL DURUM)",ALL UTILIZATION PRACTICES,PRODUCTION,"WHEAT, SPRING, (EXCL DURUM) - PRODUCTION, MEASURED IN BU",BU,51000,6.20
2021,YEAR,ALL PRODUCTION PRACTICES,MINNESOTA,MN,27,MEEKER,093,COUNTY,WHEAT,"SPRING, (EXCL DURUM)",ALL UTILIZATION PRACTICES,PRODUCTION,"WHEAT, SPRING, (EXCL DURUM) - PRODUCTION, MEASURED IN BU",BU,11900,14.60
2023,YEAR,ALL PRODUCTION PRACTICES,MINNESOTA,MN,27,MORRISON,097,COUNTY,WHEAT,"SPRING, (EXCL DURUM)",ALL UTILIZATION PRACTICES,PRODUCTION,"WHEAT, SPRING, (EXCL DURUM) - PRODUCTION, MEASURED IN BU",BU,19100,9.0
2022,YEAR,ALL PRODUCTION PRACTICES,MINNESOTA,MN,27,MORRISON,097,COUNTY,WHEAT,"SPRING, (EXCL DURUM)",ALL UTILIZATION PRACTICES,PRODUCTION,"WHEAT, SPRING, (EXCL DURUM) - PRODUCTION, MEASURED IN BU",BU,50900,12.6
2021,YEAR,ALL PRODUCTION PRACTICES,MINNESOTA,MN,27,MORRISON,097,COUNTY,WHEAT,"SPRING, (EXCL DURUM)",ALL UTILIZATION PRACTICES,PRODUCTION,"WHEAT, SPRING, (EXCL DURUM) - PRODUCTION, MEASURED IN BU",BU,13900,15.60
2023,YEAR,ALL PRODUCTION PRACTICES,MINNESOTA,MN,27,RENVILLE,129,COUNTY,WHEAT,"SPRING, (EXCL DURUM)",ALL UTILIZATION PRACTICES,PRODUCTION,"WHEAT, SPRING, (EXCL DURUM) - PRODUCTION, MEASURED IN BU",BU,89500,8.9
2022,YEAR,ALL PRODUCTION PRACTICES,MINNESOTA,MN,27,RENVILLE,129,COUNTY,WHEAT,"SPRING, (EXCL DURUM)",ALL UTILIZATION PRACTICES,PRODUCTION,"WHEAT, SPRING, (EXCL DURUM) - PRODUCTION, MEASURED IN BU",BU,81800,7.0
2021,YEAR,ALL PRODUCTION PRACTICES,MINNESOTA,MN,27,RENVILLE,129,COUNTY,WHEAT,"SPRING, (EXCL DURUM)",ALL UTILIZATION PRACTICES,PRODUCTION,"WHEAT, SPRING, (EXCL DURUM) - PRODUCTION, MEASURED IN BU",BU,77600,13.90
2021,YEAR,ALL PRODUCTION PRACTICES,MINNESOTA,MN,27,SCOTT,139,COUNTY,WHEAT,"SPRING, (EXCL DURUM)",ALL UTILIZATION PRACTICES,PRODUCTION,"WHEAT, SPRING, (EXCL DURUM) - PRODUCTION, MEASURED IN BU",BU,4300,6.10
2023,YEAR,ALL PRODUCTION PRACTICES,MINNESOTA,MN,27,SIBLEY,143,COUNTY,WHEAT,"SPRING, (EXCL DURUM)",ALL UTILIZATION PRACTICES,PRODUCTION,"WHEAT, SPRING, (EXCL DURUM) - PRODUCTION, MEASURED IN BU",BU,31900,5.3
2022,YEAR,ALL PRODUCTION PRACTICES,MINNESOTA,MN,27,SIBLEY,143,COUNTY,WHEAT,"SPRING, (EXCL DURUM)",ALL UTILIZATION PRACTICES,PRODUCTION,"WHEAT, SPRING, (EXCL DURUM) - PRODUCTION, MEASURED IN BU",BU,35100,2.0
2021,YEAR,ALL PRODUCTION PRACTICES,MINNESOTA,MN,27,SIBLEY,143,COUNTY,WHEAT,"SPRING, (EXCL DURUM)",ALL UTILIZATION PRACTICES,PRODUCTION,"WHEAT, SPRING, (EXCL DURUM) - PRODUCTION, MEASURED IN BU",BU,22300,6.50
2021,YEAR,ALL PRODUCTION PRACTICES,MINNESOTA,MN,27,STEARNS,145,COUNTY,WHEAT,"SPRING, (EXCL DURUM)",ALL UTILIZATION PRACTICES,PRODUCTION,"WHEAT, SPRING, (EXCL DURUM) - PRODUCTION, MEASURED IN BU",BU,67500,16.40
2023,YEAR,ALL PRODUCTION PRACTICES,MINNESOTA,MN,27,TODD,153,COUNTY,WHEAT,"SPRING, (EXCL DURUM)",ALL UTILIZATION PRACTICES,PRODUCTION,"WHEAT, SPRING, (EXCL DURUM) - PRODUCTION, MEASURED IN BU",BU,71200,14.1
2022,YEAR,ALL PRODUCTION PRACTICES,MINNESOTA,MN,27,TODD,153,COUNTY,WHEAT,"SPRING, (EXCL DURUM)",ALL UTILIZATION PRACTICES,PRODUCTION,"WHEAT, SPRING, (EXCL DURUM) - PRODUCTION, MEASURED IN BU",BU,85200,7.8
2021,YEAR,ALL PRODUCTION PRACTICES,MINNESOTA,MN,27,TODD,153,COUNTY,WHEAT,"SPRING, (EXCL DURUM)",ALL UTILIZATION PRACTICES,PRODUCTION,"WHEAT, SPRING, (EXCL DURUM) - PRODUCTION, MEASURED IN BU",BU,49900,21.50
2022,YEAR,ALL PRODUCTION PRACTICES,MINNESOTA,MN,27,WADENA,159,COUNTY,WHEAT,"SPRING, (EXCL DURUM)",ALL UTILIZATION PRACTICES,PRODUCTION,"WHEAT, SPRING, (EXCL DURUM) - PRODUCTION, MEASURED IN BU",BU,32900,16.0
2021,YEAR,ALL PRODUCTION PRACTICES,MINNESOTA,MN,27,WADENA,159,COUNTY,WHEAT,"SPRING, (EXCL DURUM)",ALL UTILIZATION PRACTICES,PRODUCTION,"WHEAT, SPRING, (EXCL DURUM) - PRODUCTION, MEASURED IN BU",BU,19300,13.90
2022,YEAR,ALL PRODUCTION PRACTICES,MINNESOTA,MN,27,WRIGHT,171,COUNTY,WHEAT,"SPRING, (EXCL DURUM)",ALL UTILIZATION PRACTICES,PRODUCTION,"WHEAT, SPRING, (EXCL DURUM) - PRODUCTION, MEASURED IN BU",BU,77000,4.1
2021,YEAR,ALL PRODUCTION PRACTICES,MINNESOTA,MN,27,WRIGHT,171,COUNTY,WHEAT,"SPRING, (EXCL DURUM)",ALL UTILIZATION PRACTICES,PRODUCTION,"WHEAT, SPRING, (EXCL DURUM) - PRODUCTION, MEASURED IN BU",BU,51200,13.50
2021,YEAR,ALL PRODUCTION PRACTICES,MINNESOTA,MN,27,KANABEC,065,COUNTY,WHEAT,"SPRING, (EXCL DURUM)",ALL UTILIZATION PRACTICES,PRODUCTION,"WHEAT, SPRING, (EXCL DURUM) - PRODUCTION, MEASURED IN BU",BU,5900,10.80
2023,YEAR,ALL PRODUCTION PRACTICES,MINNESOTA,MN,27,COTTONWOOD,033,COUNTY,WHEAT,"SPRING, (EXCL DURUM)",ALL UTILIZATION PRACTICES,PRODUCTION,"WHEAT, SPRING, (EXCL DURUM) - PRODUCTION, MEASURED IN BU",BU,27300,12.1
2022,YEAR,ALL PRODUCTION PRACTICES,MINNESOTA,MN,27,COTTONWOOD,033,COUNTY,WHEAT,"SPRING, (EXCL DURUM)",ALL UTILIZATION PRACTICES,PRODUCTION,"WHEAT, SPRING, (EXCL DURUM) - PRODUCTION, MEASURED IN BU",BU,50300,9.3
2021,YEAR,ALL PRODUCTION PRACTICES,MINNESOTA,MN,27,COTTONWOOD,033,COUNTY,WHEAT,"SPRING, (EXCL DURUM)",ALL UTILIZATION PRACTICES,PRODUCTION,"WHEAT, SPRING, (EXCL DURUM) - PRODUCTION, MEASURED IN BU",BU,49700,7.20
2023,YEAR,ALL PRODUCTION PRACTICES,MINNESOTA,MN,27,JACKSON,063,COUNTY,WHEAT,"SPRING, (EXCL DURUM)",ALL UTILIZATION PRACTICES,PRODUCTION,"WHEAT, SPRING, (EXCL DURUM) - PRODUCTION, MEASURED IN BU",BU,17800,5.4
2021,YEAR,ALL PRODUCTION PRACTICES,MINNESOTA,MN,27,LINCOLN,081,COUNTY,WHEAT,"SPRING, (EXCL DURUM)",ALL UTILIZATION PRACTICES,PRODUCTION,"WHEAT, SPRING, (EXCL DURUM) - PRODUCTION, MEASURED IN BU",BU,122000,5.30
2023,YEAR,ALL PRODUCTION PRACTICES,MINNESOTA,MN,27,LYON,083,COUNTY,WHEAT,"SPRING, (EXCL DURUM)",ALL UTILIZATION PRACTICES,PRODUCTION,"WHEAT, SPRING, (EXCL DURUM) - PRODUCTION, MEASURED IN BU",BU,96400,2.3
2022,YEAR,ALL PRODUCTION PRACTICES,MINNESOTA,MN,27,LYON,083,COUNTY,WHEAT,"SPRING, (EXCL DURUM)",ALL UTILIZATION PRACTICES,PRODUCTION,"WHEAT, SPRING, (EXCL DURUM) - PRODUCTION, MEASURED IN BU",BU,81200,7.1
2021,YEAR,ALL PRODUCTION PRACTICES,MINNESOTA,MN,27,LYON,083,COUNTY,WHEAT,"SPRING, (EXCL DURUM)",ALL UTILIZATION PRACTICES,PRODUCTION,"WHEAT, SPRING, (EXCL DURUM) - PRODUCTION, MEASURED IN BU",BU,98600,4.20
2023,YEAR,ALL PRODUCTION PRACTICES,MINNESOTA,MN,27,REDWOOD,127,COUNTY,WHEAT,"SPRING, (EXCL DURUM)",ALL UTILIZATION PRACTICES,PRODUCTION,"WHEAT, SPRING, (EXCL DURUM) - PRODUCTION, MEASURED IN BU",BU,48000,2.9
2023,YEAR,ALL PRODUCTION PRACTICES,MINNESOTA,MN,27,BLUE EARTH,013,COUNTY,WHEAT,"SPRING, (EXCL DURUM)",ALL UTILIZATION PRACTICES,PRODUCTION,"WHEAT, SPRING, (EXCL DURUM) - PRODUCTION, MEASURED IN BU",BU,12000,7.9
2022,YEAR,ALL PRODUCTION PRACTICES,MINNESOTA,MN,27,BLUE EARTH,013,COUNTY,WHEAT,"SPRING, (EXCL DURUM)",ALL UTILIZATION PRACTICES,PRODUCTION,"WHEAT, SPRING, (EXCL DURUM) - PRODUCTION, MEASURED IN BU",BU,14400,14.1
2023,YEAR,ALL PRODUCTION PRACTICES,MINNESOTA,MN,27,BROWN,015,COUNTY,WHEAT,"SPRING, (EXCL DURUM)",ALL UTILIZATION PRACTICES,PRODUCTION,"WHEAT, SPRING, (EXCL DURUM) - PRODUCTION, MEASURED IN BU",BU,25400,12.2
2022,YEAR,ALL PRODUCTION PRACTICES,MINNESOTA,MN,27,LE SUEUR,079,COUNTY,WHEAT,"SPRING, (EXCL DURUM)",ALL UTILIZATION PRACTICES,PRODUCTION,"WHEAT, SPRING, (EXCL DURUM) - PRODUCTION, MEASURED IN BU",BU,23800,3.2
2023,YEAR,ALL PRODUCTION PRACTICES,MINNESOTA,MN,27,NICOLLET,103,COUNTY,WHEAT,"SPRING, (EXCL DURUM)",ALL UTILIZATION PRACTICES,PRODUCTION,"WHEAT, SPRING, (EXCL DURUM) - PRODUCTION, MEASURED IN BU",BU,16800,7.3
2022,YEAR,ALL PRODUCTION PRACTICES,MINNESOTA,MN,27,NICOLLET,103,COUNTY,WHEAT,"SPRING, (EXCL DURUM)",ALL UTILIZATION PRACTICES,PRODUCTION,"WHEAT, SPRING, (EXCL DURUM) - PRODUCTION, MEASURED IN BU",BU,20300,6.0
2021,YEAR,ALL PRODUCTION PRACTICES,MINNESOTA,MN,27,NICOLLET,103,COUNTY,WHEAT,"SPRING, (EXCL DURUM)",ALL UTILIZATION PRACTICES,PRODUCTION,"WHEAT, SPRING, (EXCL DURUM) - PRODUCTION, MEASURED IN BU",BU,22200,8.50
2022,YEAR,ALL PRODUCTION PRACTICES,MINNESOTA,MN,27,RICE,131,COUNTY,WHEAT,"SPRING, (EXCL DURUM)",ALL UTILIZATION PRACTICES,PRODUCTION,"WHEAT, SPRING, (EXCL DURUM) - PRODUCTION, MEASURED IN BU",BU,24700,6.1
2023,YEAR,ALL PRODUCTION PRACTICES,MINNESOTA,MN,27,WATONWAN,165,COUNTY,WHEAT,"SPRING, (EXCL DURUM)",ALL UTILIZATION PRACTICES,PRODUCTION,"WHEAT, SPRING, (EXCL DURUM) - PRODUCTION, MEASURED IN BU",BU,12500,11.2
2022,YEAR,ALL PRODUCTION PRACTICES,MINNESOTA,MN,27,WATONWAN,165,COUNTY,WHEAT,"SPRING, (EXCL DURUM)",ALL UTILIZATION PRACTICES,PRODUCTION,"WHEAT, SPRING, (EXCL DURUM) - PRODUCTION, MEASURED IN BU",BU,13100,7.0
2023,YEAR,ALL PRODUCTION PRACTICES,MINNESOTA,MN,27,DAKOTA,037,COUNTY,WHEAT,"SPRING, (EXCL DURUM)",ALL UTILIZATION PRACTICES,PRODUCTION,"WHEAT, SPRING, (EXCL DURUM) - PRODUCTION, MEASURED IN BU",BU,40300,9.1
2022,YEAR,ALL PRODUCTION PRACTICES,MINNESOTA,MN,27,DAKOTA,037,COUNTY,WHEAT,"SPRING, (EXCL DURUM)",ALL UTILIZATION PRACTICES,PRODUCTION,"WHEAT, SPRING, (EXCL DURUM) - PRODUCTION, MEASURED IN BU",BU,25900,5.3
2021,YEAR,ALL PRODUCTION PRACTICES,MINNESOTA,MN,27,DAKOTA,037,COUNTY,WHEAT,"SPRING, (EXCL DURUM)",ALL UTILIZATION PRACTICES,PRODUCTION,"WHEAT, SPRING, (EXCL DURUM) - PRODUCTION, MEASURED IN BU",BU,25700,5.90
2023,YEAR,ALL PRODUCTION PRACTICES,MINNESOTA,MN,27,WINONA,169,COUNTY,WHEAT,"SPRING, (EXCL DURUM)",ALL UTILIZATION PRACTICES,PRODUCTION,"WHEAT, SPRING, (EXCL DURUM) - PRODUCTION, MEASURED IN BU",BU,20200,10.1
2022,YEAR,ALL PRODUCTION PRACTICES,MINNESOTA,MN,27,WINONA,169,COUNTY,WHEAT,"SPRING, (EXCL DURUM)",ALL UTILIZATION PRACTICES,PRODUCTION,"WHEAT, SPRING, (EXCL DURUM) - PRODUCTION, MEASURED IN BU",BU,12800,11.2
2023,YEAR,ALL PRODUCTION PRACTICES,MINNESOTA,MN,27,OTHER COUNTIES,,COUNTY,WHEAT,"SPRING, (EXCL DURUM)",ALL UTILIZATION PRACTICES,PRODUCTION,"WHEAT, SPRING, (EXCL DURUM) - PRODUCTION, MEASURED IN BU",BU,23399100,2.7
2022,YEAR,ALL PRODUCTION PRACTICES,MINNESOTA,MN,27,OTHER COUNTIES,,COUNTY,WHEAT,"SPRING, (EXCL DURUM)",ALL UTILIZATION PRACTICES,PRODUCTION,"WHEAT, SPRING, (EXCL DURUM) - PRODUCTION, MEASURED IN BU",BU,7218900,3.5
2021,YEAR,ALL PRODUCTION PRACTICES,MINNESOTA,MN,27,OTHER COUNTIES,,COUNTY,WHEAT,"SPRING, (EXCL DURUM)",ALL UTILIZATION PRACTICES,PRODUCTION,"WHEAT, SPRING, (EXCL DURUM) - PRODUCTION, MEASURED IN BU",BU,2909300,4.90
2023,YEAR,ALL PRODUCTION PRACTICES,MONTANA,MT,30,FLATHEAD,029,COUNTY,WHEAT,"SPRING, (EXCL DURUM)",ALL UTILIZATION PRACTICES,PRODUCTION,"WHEAT, SPRING, (EXCL DURUM) - PRODUCTION, MEASURED IN BU",BU,143000,24.0
2022,YEAR,ALL PRODUCTION PRACTICES,MONTANA,MT,30,FLATHEAD,029,COUNTY,WHEAT,"SPRING, (EXCL DURUM)",ALL UTILIZATION PRACTICES,PRODUCTION,"WHEAT, SPRING, (EXCL DURUM) - PRODUCTION, MEASURED IN BU",BU,354000,6.5
2021,YEAR,ALL PRODUCTION PRACTICES,MONTANA,MT,30,FLATHEAD,029,COUNTY,WHEAT,"SPRING, (EXCL DURUM)",ALL UTILIZATION PRACTICES,PRODUCTION,"WHEAT, SPRING, (EXCL DURUM) - PRODUCTION, MEASURED IN BU",BU,432000,0.00
2023,YEAR,ALL PRODUCTION PRACTICES,MONTANA,MT,30,LAKE,047,COUNTY,WHEAT,"SPRING, (EXCL DURUM)",ALL UTILIZATION PRACTICES,PRODUCTION,"WHEAT, SPRING, (EXCL DURUM) - PRODUCTION, MEASURED IN BU",BU,225000,16.6
2022,YEAR,ALL PRODUCTION PRACTICES,MONTANA,MT,30,LAKE,047,COUNTY,WHEAT,"SPRING, (EXCL DURUM)",ALL UTILIZATION PRACTICES,PRODUCTION,"WHEAT, SPRING, (EXCL DURUM) - PRODUCTION, MEASURED IN BU",BU,334000,13.9
2021,YEAR,ALL PRODUCTION PRACTICES,MONTANA,MT,30,LAKE,047,COUNTY,WHEAT,"SPRING, (EXCL DURUM)",ALL UTILIZATION PRACTICES,PRODUCTION,"WHEAT, SPRING, (EXCL DURUM) - PRODUCTION, MEASURED IN BU",BU,398000,0.00
2023,YEAR,ALL PRODUCTION PRACTICES,MONTANA,MT,30,BLAINE,005,COUNTY,WHEAT,"SPRING, (EXCL DURUM)",ALL UTILIZATION PRACTICES,PRODUCTION,"WHEAT, SPRING, (EXCL DURUM) - PRODUCTION, MEASURED IN BU",BU,3509000,4.6
2022,YEAR,ALL PRODUCTION PRACTICES,MONTANA,MT,30,BLAINE,005,COUNTY,WHEAT,"SPRING, (EXCL DURUM)",ALL UTILIZATION PRACTICES,PRODUCTION,"WHEAT, SPRING, (EXCL DURUM) - PRODUCTION, MEASURED IN BU",BU,3498000,12.4
2021,YEAR,ALL PRODUCTION PRACTICES,MONTANA,MT,30,BLAINE,005,COUNTY,WHEAT,"SPRING, (EXCL DURUM)",ALL UTILIZATION PRACTICES,PRODUCTION,"WHEAT, SPRING, (EXCL DURUM) - PRODUCTION, MEASURED IN BU",BU,1786000,0.00
2023,YEAR,ALL PRODUCTION PRACTICES,MONTANA,MT,30,CHOUTEAU,015,COUNTY,WHEAT,"SPRING, (EXCL DURUM)",ALL UTILIZATION PRACTICES,PRODUCTION,"WHEAT, SPRING, (EXCL DURUM) - PRODUCTION, MEASURED IN BU",BU,3879000,7.0
2022,YEAR,ALL PRODUCTION PRACTICES,MONTANA,MT,30,CHOUTEAU,015,COUNTY,WHEAT,"SPRING, (EXCL DURUM)",ALL UTILIZATION PRACTICES,PRODUCTION,"WHEAT, SPRING, (EXCL DURUM) - PRODUCTION, MEASURED IN BU",BU,1979000,14.7
2021,YEAR,ALL PRODUCTION PRACTICES,MONTANA,MT,30,CHOUTEAU,015,COUNTY,WHEAT,"SPRING, (EXCL DURUM)",ALL UTILIZATION PRACTICES,PRODUCTION,"WHEAT, SPRING, (EXCL DURUM) - PRODUCTION, MEASURED IN BU",BU,3000000,0.00
2023,YEAR,ALL PRODUCTION PRACTICES,MONTANA,MT,30,GLACIER,035,COUNTY,WHEAT,"SPRING, (EXCL DURUM)",ALL UTILIZATION PRACTICES,PRODUCTION,"WHEAT, SPRING, (EXCL DURUM) - PRODUCTION, MEASURED IN BU",BU,665000,5.9
2022,YEAR,ALL PRODUCTION PRACTICES,MONTANA,MT,30,GLACIER,035,COUNTY,WHEAT,"SPRING, (EXCL DURUM)",ALL UTILIZATION PRACTICES,PRODUCTION,"WHEAT, SPRING, (EXCL DURUM) - PRODUCTION, MEASURED IN BU",BU,729000,12.6
2021,YEAR,ALL PRODUCTION PRACTICES,MONTANA,MT,30,GLACIER,035,COUNTY,WHEAT,"SPRING, (EXCL DURUM)",ALL UTILIZATION PRACTICES,PRODUCTION,"WHEAT, SPRING, (EXCL DURUM) - PRODUCTION, MEASURED IN BU",BU,630000,0.00
2023,YEAR,ALL PRODUCTION PRACTICES,MONTANA,MT,30,HILL,041,COUNTY,WHEAT,"SPRING, (EXCL DURUM)",ALL UTILIZATION PRACTICES,PRODUCTION,"WHEAT, SPRING, (EXCL DURUM) - PRODUCTION, MEASURED IN BU",BU,8892000,7.5
2022,YEAR,ALL PRODUCTION PRACTICES,MONTANA,MT,30,HILL,041,COUNTY,WHEAT,"SPRING, (EXCL DURUM)",ALL UTILIZATION PRACTICES,PRODUCTION,"WHEAT, SPRING, (EXCL DURUM) - PRODUCTION, MEASURED IN BU",BU,4477000,11.0
2021,YEAR,ALL PRODUCTION PRACTICES,MONTANA,MT,30,HILL,041,COUNTY,WHEAT,"SPRING, (EXCL DURUM)",ALL UTILIZATION PRACTICES,PRODUCTION,"WHEAT, SPRING, (EXCL DURUM) - PRODUCTION, MEASURED IN BU",BU,4099000,0.00
2023,YEAR,ALL PRODUCTION PRACTICES,MONTANA,MT,30,LIBERTY,051,COUNTY,WHEAT,"SPRING, (EXCL DURUM)",ALL UTILIZATION PRACTICES,PRODUCTION,"WHEAT, SPRING, (EXCL DURUM) - PRODUCTION, MEASURED IN BU",BU,4336000,6.1
2022,YEAR,ALL PRODUCTION PRACTICES,MONTANA,MT,30,LIBERTY,051,COUNTY,WHEAT,"SPRING, (EXCL DURUM)",ALL UTILIZATION PRACTICES,PRODUCTION,"WHEAT, SPRING, (EXCL DURUM) - PRODUCTION, MEASURED IN BU",BU,1745000,9.3
2021,YEAR,ALL PRODUCTION PRACTICES,MONTANA,MT,30,LIBERTY,051,COUNTY,WHEAT,"SPRING, (EXCL DURUM)",ALL UTILIZATION PRACTICES,PRODUCTION,"WHEAT, SPRING, (EXCL DURUM) - PRODUCTION, MEASURED IN BU",BU,2279000,0.00
2023,YEAR,ALL PRODUCTION PRACTICES,MONTANA,MT,30,PHILLIPS,071,COUNTY,WHEAT,"SPRING, (EXCL DURUM)",ALL UTILIZATION PRACTICES,PRODUCTION,"WHEAT, SPRING, (EXCL DURUM) - PRODUCTION, MEASURED IN BU",BU,2303000,5.2
2022,YEAR,ALL PRODUCTION PRACTICES,MONTANA,MT,30,PHILLIPS,071,COUNTY,WHEAT,"SPRING, (EXCL DURUM)",ALL UTILIZATION PRACTICES,PRODUCTION,"WHEAT, SPRING, (EXCL DURUM) - PRODUCTION, MEASURED IN BU",BU,678000,23.3
2021,YEAR,ALL PRODUCTION PRACTICES,MONTANA,MT,30,PHILLIPS,071,COUNTY,WHEAT,"SPRING, (EXCL DURUM)",ALL UTILIZATION PRACTICES,PRODUCTION,"WHEAT, SPRING, (EXCL DURUM) - PRODUCTION, MEASURED IN BU",BU,314000,0.00
2023,YEAR,ALL PRODUCTION PRACTICES,MONTANA,MT,30,PONDERA,073,COUNTY,WHEAT,"SPRING, (EXCL DURUM)",ALL UTILIZATION PRACTICES,PRODUCTION,"WHEAT, SPRING, (EXCL DURUM) - PRODUCTION, MEASURED IN BU",BU,2100000,18.5
2022,YEAR,ALL PRODUCTION PRACTICES,MONTANA,MT,30,PONDERA,073,COUNTY,WHEAT,"SPRING, (EXCL DURUM)",ALL UTILIZATION PRACTICES,PRODUCTION,"WHEAT, SPRING, (EXCL DURUM) - PRODUCTION, MEASURED IN BU",BU,1099000,10.0
2021,YEAR,ALL PRODUCTION PRACTICES,MONTANA,MT,30,PONDERA,073,COUNTY,WHEAT,"SPRING, (EXCL DURUM)",ALL UTILIZATION PRACTICES,PRODUCTION,"WHEAT, SPRING, (EXCL DURUM) - PRODUCTION, MEASURED IN BU",BU,2447000,0.00
2023,YEAR,ALL PRODUCTION PRACTICES,MONTANA,MT,30,TETON,099,COUNTY,WHEAT,"SPRING, (EXCL DURUM)",ALL UTILIZATION PRACTICES,PRODUCTION,"WHEAT, SPRING, (EXCL DURUM) - PRODUCTION, MEASURED IN BU",BU,786000,10.1
2022,YEAR,ALL PRODUCTION PRACTICES,MONTANA,MT,30,TETON,099,COUNTY,WHEAT,"SPRING, (EXCL DURUM)",ALL UTILIZATION PRACTICES,PRODUCTION,"WHEAT, SPRING, (EXCL DURUM) - PRODUCTION, MEASURED IN BU",BU,624000,17.7
2021,YEAR,ALL PRODUCTION PRACTICES,MONTANA,MT,30,TETON,099,COUNTY,WHEAT,"SPRING, (EXCL DURUM)",ALL UTILIZATION PRACTICES,PRODUCTION,"WHEAT, SPRING, (EXCL DURUM) - PRODUCTION, MEASURED IN BU",BU,1385000,0.00
2023,YEAR,ALL PRODUCTION PRACTICES,MONTANA,MT,30,TOOLE,101,COUNTY,WHEAT,"SPRING, (EXCL DURUM)",ALL UTILIZATION PRACTICES,PRODUCTION,"WHEAT, SPRING, (EXCL DURUM) - PRODUCTION, MEASURED IN BU",BU,3318000,12.2
2022,YEAR,ALL PRODUCTION PRACTICES,MONTANA,MT,30,TOOLE,101,COUNTY,WHEAT,"SPRING, (EXCL DURUM)",ALL UTILIZATION PRACTICES,PRODUCTION,"WHEAT, SPRING, (EXCL DURUM) - PRODUCTION, MEASURED IN BU",BU,3618000,8.6
2021,YEAR,ALL PRODUCTION PRACTICES,MONTANA,MT,30,TOOLE,101,COUNTY,WHEAT,"SPRING, (EXCL DURUM)",ALL UTILIZATION PRACTICES,PRODUCTION,"WHEAT, SPRING, (EXCL DURUM) - PRODUCTION, MEASURED IN BU",BU,2982000,0.00
2023,YEAR,ALL PRODUCTION PRACTICES,MONTANA,MT,30,DANIELS,019,COUNTY,WHEAT,"SPRING, (EXCL DURUM)",ALL UTILIZATION PRACTICES,PRODUCTION,"WHEAT, SPRING, (EXCL DURUM) - PRODUCTION, MEASURED IN BU",BU,4131000,21.0
2022,YEAR,ALL PRODUCTION PRACTICES,MONTANA,MT,30,DANIELS,019,COUNTY,WHEAT,"SPRING, (EXCL DURUM)",ALL UTILIZATION PRACTICES,PRODUCTION,"WHEAT, SPRING, (EXCL DURUM) - PRODUCTION, MEASURED IN BU",BU,3589000,6.7
2021,YEAR,ALL PRODUCTION PRACTICES,MONTANA,MT,30,DANIELS,019,COUNTY,WHEAT,"SPRING, (EXCL DURUM)",ALL UTILIZATION PRACTICES,PRODUCTION,"WHEAT, SPRING, (EXCL DURUM) - PRODUCTION, MEASURED IN BU",BU,1795000,0.00
2023,YEAR,ALL PRODUCTION PRACTICES,MONTANA,MT,30,DAWSON,021,COUNTY,WHEAT,"SPRING, (EXCL DURUM)",ALL UTILIZATION PRACTICES,PRODUCTION,"WHEAT, SPRING, (EXCL DURUM) - PRODUCTION, MEASURED IN BU",BU,5439000,6.4
2022,YEAR,ALL PRODUCTION PRACTICES,MONTANA,MT,30,DAWSON,021,COUNTY,WHEAT,"SPRING, (EXCL DURUM)",ALL UTILIZATION PRACTICES,PRODUCTION,"WHEAT, SPRING, (EXCL DURUM) - PRODUCTION, MEASURED IN BU",BU,5239000,8.9
2021,YEAR,ALL PRODUCTION PRACTICES,MONTANA,MT,30,DAWSON,021,COUNTY,WHEAT,"SPRING, (EXCL DURUM)",ALL UTILIZATION PRACTICES,PRODUCTION,"WHEAT, SPRING, (EXCL DURUM) - PRODUCTION, MEASURED IN BU",BU,1138000,0.00
2023,YEAR,ALL PRODUCTION PRACTICES,MONTANA,MT,30,MCCONE,055,COUNTY,WHEAT,"SPRING, (EXCL DURUM)",ALL UTILIZATION PRACTICES,PRODUCTION,"WHEAT, SPRING, (EXCL DURUM) - PRODUCTION, MEASURED IN BU",BU,5918000,8.9
2022,YEAR,ALL PRODUCTION PRACTICES,MONTANA,MT,30,MCCONE,055,COUNTY,WHEAT,"SPRING, (EXCL DURUM)",ALL UTILIZATION PRACTICES,PRODUCTION,"WHEAT, SPRING, (EXCL DURUM) - PRODUCTION, MEASURED IN BU",BU,4947000,9.2
2021,YEAR,ALL PRODUCTION PRACTICES,MONTANA,MT,30,MCCONE,055,COUNTY,WHEAT,"SPRING, (EXCL DURUM)",ALL UTILIZATION PRACTICES,PRODUCTION,"WHEAT, SPRING, (EXCL DURUM) - PRODUCTION, MEASURED IN BU",BU,1445000,0.00
2023,YEAR,ALL PRODUCTION PRACTICES,MONTANA,MT,30,RICHLAND,083,COUNTY,WHEAT,"SPRING, (EXCL DURUM)",ALL UTILIZATION PRACTICES,PRODUCTION,"WHEAT, SPRING, (EXCL DURUM) - PRODUCTION, MEASURED IN BU",BU,5740000,5.7
2022,YEAR,ALL PRODUCTION PRACTICES,MONTANA,MT,30,RICHLAND,083,COUNTY,WHEAT,"SPRING, (EXCL DURUM)",ALL UTILIZATION PRACTICES,PRODUCTION,"WHEAT, SPRING, (EXCL DURUM) - PRODUCTION, MEASURED IN BU",BU,4900000,13.6
2021,YEAR,ALL PRODUCTION PRACTICES,MONTANA,MT,30,RICHLAND,083,COUNTY,WHEAT,"SPRING, (EXCL DURUM)",ALL UTILIZATION PRACTICES,PRODUCTION,"WHEAT, SPRING, (EXCL DURUM) - PRODUCTION, MEASURED IN BU",BU,1318000,0.00
2023,YEAR,ALL PRODUCTION PRACTICES,MONTANA,MT,30,ROOSEVELT,085,COUNTY,WHEAT,"SPRING, (EXCL DURUM)",ALL UTILIZATION PRACTICES,PRODUCTION,"WHEAT, SPRING, (EXCL DURUM) - PRODUCTION, MEASURED IN BU",BU,7907000,4.8
2022,YEAR,ALL PRODUCTION PRACTICES,MONTANA,MT,30,ROOSEVELT,085,COUNTY,WHEAT,"SPRING, (EXCL DURUM)",ALL UTILIZATION PRACTICES,PRODUCTION,"WHEAT, SPRING, (EXCL DURUM) - PRODUCTION, MEASURED IN BU",BU,7589000,8.6
2021,YEAR,ALL PRODUCTION PRACTICES,MONTANA,MT,30,ROOSEVELT,085,COUNTY,WHEAT,"SPRING, (EXCL DURUM)",ALL UTILIZATION PRACTICES,PRODUCTION,"WHEAT, SPRING, (EXCL DURUM) - PRODUCTION, MEASURED IN BU",BU,3781000,0.00
2023,YEAR,ALL PRODUCTION PRACTICES,MONTANA,MT,30,SHERIDAN,091,COUNTY,WHEAT,"SPRING, (EXCL DURUM)",ALL UTILIZATION PRACTICES,PRODUCTION,"WHEAT, SPRING, (EXCL DURUM) - PRODUCTION, MEASURED IN BU",BU,804000,7.1
2021,YEAR,ALL PRODUCTION PRACTICES,MONTANA,MT,30,SHERIDAN,091,COUNTY,WHEAT,"SPRING, (EXCL DURUM)",ALL UTILIZATION PRACTICES,PRODUCTION,"WHEAT, SPRING, (EXCL DURUM) - PRODUCTION, MEASURED IN BU",BU,466000,0.00
2023,YEAR,ALL PRODUCTION PRACTICES,MONTANA,MT,30,VALLEY,105,COUNTY,WHEAT,"SPRING, (EXCL DURUM)",ALL UTILIZATION PRACTICES,PRODUCTION,"WHEAT, SPRING, (EXCL DURUM) - PRODUCTION, MEASURED IN BU",BU,7952000,4.9
2022,YEAR,ALL PRODUCTION PRACTICES,MONTANA,MT,30,VALLEY,105,COUNTY,WHEAT,"SPRING, (EXCL DURUM)",ALL UTILIZATION PRACTICES,PRODUCTION,"WHEAT, SPRING, (EXCL DURUM) - PRODUCTION, MEASURED IN BU",BU,5713000,5.9
2021,YEAR,ALL PRODUCTION PRACTICES,MONTANA,MT,30,VALLEY,105,COUNTY,WHEAT,"SPRING, (EXCL DURUM)",ALL UTILIZATION PRACTICES,PRODUCTION,"WHEAT, SPRING, (EXCL DURUM) - PRODUCTION, MEASURED IN BU",BU,1308000,0.00
2022,YEAR,ALL PRODUCTION PRACTICES,MONTANA,MT,30,BROADWATER,007,COUNTY,WHEAT,"SPRING, (EXCL DURUM)",ALL UTILIZATION PRACTICES,PRODUCTION,"WHEAT, SPRING, (EXCL DURUM) - PRODUCTION, MEASURED IN BU",BU,291000,31.2
2021,YEAR,ALL PRODUCTION PRACTICES,MONTANA,MT,30,BROADWATER,007,COUNTY,WHEAT,"SPRING, (EXCL DURUM)",ALL UTILIZATION PRACTICES,PRODUCTION,"WHEAT, SPRING, (EXCL DURUM) - PRODUCTION, MEASURED IN BU",BU,276000,0.00
2022,YEAR,ALL PRODUCTION PRACTICES,MONTANA,MT,30,CASCADE,013,COUNTY,WHEAT,"SPRING, (EXCL DURUM)",ALL UTILIZATION PRACTICES,PRODUCTION,"WHEAT, SPRING, (EXCL DURUM) - PRODUCTION, MEASURED IN BU",BU,374000,16.3
2021,YEAR,ALL PRODUCTION PRACTICES,MONTANA,MT,30,CASCADE,013,COUNTY,WHEAT,"SPRING, (EXCL DURUM)",ALL UTILIZATION PRACTICES,PRODUCTION,"WHEAT, SPRING, (EXCL DURUM) - PRODUCTION, MEASURED IN BU",BU,781000,0.00
2023,YEAR,ALL PRODUCTION PRACTICES,MONTANA,MT,30,FERGUS,027,COUNTY,WHEAT,"SPRING, (EXCL DURUM)",ALL UTILIZATION PRACTICES,PRODUCTION,"WHEAT, SPRING, (EXCL DURUM) - PRODUCTION, MEASURED IN BU",BU,919000,13.7
2022,YEAR,ALL PRODUCTION PRACTICES,MONTANA,MT,30,FERGUS,027,COUNTY,WHEAT,"SPRING, (EXCL DURUM)",ALL UTILIZATION PRACTICES,PRODUCTION,"WHEAT, SPRING, (EXCL DURUM) - PRODUCTION, MEASURED IN BU",BU,816000,11.1
2021,YEAR,ALL PRODUCTION PRACTICES,MONTANA,MT,30,FERGUS,027,COUNTY,WHEAT,"SPRING, (EXCL DURUM)",ALL UTILIZATION PRACTICES,PRODUCTION,"WHEAT, SPRING, (EXCL DURUM) - PRODUCTION, MEASURED IN BU",BU,525000,0.00
2022,YEAR,ALL PRODUCTION PRACTICES,MONTANA,MT,30,JUDITH BASIN,045,COUNTY,WHEAT,"SPRING, (EXCL DURUM)",ALL UTILIZATION PRACTICES,PRODUCTION,"WHEAT, SPRING, (EXCL DURUM) - PRODUCTION, MEASURED IN BU",BU,424000,19.5
2022,YEAR,ALL PRODUCTION PRACTICES,MONTANA,MT,30,LEWIS AND CLARK,049,COUNTY,WHEAT,"SPRING, (EXCL DURUM)",ALL UTILIZATION PRACTICES,PRODUCTION,"WHEAT, SPRING, (EXCL DURUM) - PRODUCTION, MEASURED IN BU",BU,85100,36.7
2021,YEAR,ALL PRODUCTION PRACTICES,MONTANA,MT,30,LEWIS AND CLARK,049,COUNTY,WHEAT,"SPRING, (EXCL DURUM)",ALL UTILIZATION PRACTICES,PRODUCTION,"WHEAT, SPRING, (EXCL DURUM) - PRODUCTION, MEASURED IN BU",BU,90000,0.00
2022,YEAR,ALL PRODUCTION PRACTICES,MONTANA,MT,30,MEAGHER,059,COUNTY,WHEAT,"SPRING, (EXCL DURUM)",ALL UTILIZATION PRACTICES,PRODUCTION,"WHEAT, SPRING, (EXCL DURUM) - PRODUCTION, MEASURED IN BU",BU,29500,11.7
2021,YEAR,ALL PRODUCTION PRACTICES,MONTANA,MT,30,MEAGHER,059,COUNTY,WHEAT,"SPRING, (EXCL DURUM)",ALL UTILIZATION PRACTICES,PRODUCTION,"WHEAT, SPRING, (EXCL DURUM) - PRODUCTION, MEASURED IN BU",BU,111000,0.00
2021,YEAR,ALL PRODUCTION PRACTICES,MONTANA,MT,30,MUSSELSHELL,065,COUNTY,WHEAT,"SPRING, (EXCL DURUM)",ALL UTILIZATION PRACTICES,PRODUCTION,"WHEAT, SPRING, (EXCL DURUM) - PRODUCTION, MEASURED IN BU",BU,45900,0.00
2023,YEAR,ALL PRODUCTION PRACTICES,MONTANA,MT,30,WHEATLAND,107,COUNTY,WHEAT,"SPRING, (EXCL DURUM)",ALL UTILIZATION PRACTICES,PRODUCTION,"WHEAT, SPRING, (EXCL DURUM) - PRODUCTION, MEASURED IN BU",BU,253000,8.4
2021,YEAR,ALL PRODUCTION PRACTICES,MONTANA,MT,30,BEAVERHEAD,001,COUNTY,WHEAT,"SPRING, (EXCL DURUM)",ALL UTILIZATION PRACTICES,PRODUCTION,"WHEAT, SPRING, (EXCL DURUM) - PRODUCTION, MEASURED IN BU",BU,541000,0.00
2023,YEAR,ALL PRODUCTION PRACTICES,MONTANA,MT,30,GALLATIN,031,COUNTY,WHEAT,"SPRING, (EXCL DURUM)",ALL UTILIZATION PRACTICES,PRODUCTION,"WHEAT, SPRING, (EXCL DURUM) - PRODUCTION, MEASURED IN BU",BU,1380000,14.9
2022,YEAR,ALL PRODUCTION PRACTICES,MONTANA,MT,30,GALLATIN,031,COUNTY,WHEAT,"SPRING, (EXCL DURUM)",ALL UTILIZATION PRACTICES,PRODUCTION,"WHEAT, SPRING, (EXCL DURUM) - PRODUCTION, MEASURED IN BU",BU,1785000,9.9
2021,YEAR,ALL PRODUCTION PRACTICES,MONTANA,MT,30,GALLATIN,031,COUNTY,WHEAT,"SPRING, (EXCL DURUM)",ALL UTILIZATION PRACTICES,PRODUCTION,"WHEAT, SPRING, (EXCL DURUM) - PRODUCTION, MEASURED IN BU",BU,1188000,0.00
2023,YEAR,ALL PRODUCTION PRACTICES,MONTANA,MT,30,MADISON,057,COUNTY,WHEAT,"SPRING, (EXCL DURUM)",ALL UTILIZATION PRACTICES,PRODUCTION,"WHEAT, SPRING, (EXCL DURUM) - PRODUCTION, MEASURED IN BU",BU,276000,11.9
2021,YEAR,ALL PRODUCTION PRACTICES,MONTANA,MT,30,MADISON,057,COUNTY,WHEAT,"SPRING, (EXCL DURUM)",ALL UTILIZATION PRACTICES,PRODUCTION,"WHEAT, SPRING, (EXCL DURUM) - PRODUCTION, MEASURED IN BU",BU,412000,0.00
2023,YEAR,ALL PRODUCTION PRACTICES,MONTANA,MT,30,BIG HORN,003,COUNTY,WHEAT,"SPRING, (EXCL DURUM)",ALL UTILIZATION PRACTICES,PRODUCTION,"WHEAT, SPRING, (EXCL DURUM) - PRODUCTION, MEASURED IN BU",BU,426000,6.7
2022,YEAR,ALL PRODUCTION PRACTICES,MONTANA,MT,30,BIG HORN,003,COUNTY,WHEAT,"SPRING, (EXCL DURUM)",ALL UTILIZATION PRACTICES,PRODUCTION,"WHEAT, SPRING, (EXCL DURUM) - PRODUCTION, MEASURED IN BU",BU,255000,42.7
2021,YEAR,ALL PRODUCTION PRACTICES,MONTANA,MT,30,BIG HORN,003,COUNTY,WHEAT,"SPRING, (EXCL DURUM)",ALL UTILIZATION PRACTICES,PRODUCTION,"WHEAT, SPRING, (EXCL DURUM) - PRODUCTION, MEASURED IN BU",BU,456000,0.00
2022,YEAR,ALL PRODUCTION PRACTICES,MONTANA,MT,30,PARK,067,COUNTY,WHEAT,"SPRING, (EXCL DURUM)",ALL UTILIZATION PRACTICES,PRODUCTION,"WHEAT, SPRING, (EXCL DURUM) - PRODUCTION, MEASURED IN BU",BU,109000,35.1
2021,YEAR,ALL PRODUCTION PRACTICES,MONTANA,MT,30,PARK,067,COUNTY,WHEAT,"SPRING, (EXCL DURUM)",ALL UTILIZATION PRACTICES,PRODUCTION,"WHEAT, SPRING, (EXCL DURUM) - PRODUCTION, MEASURED IN BU",BU,144000,0.00
2022,YEAR,ALL PRODUCTION PRACTICES,MONTANA,MT,30,STILLWATER,095,COUNTY,WHEAT,"SPRING, (EXCL DURUM)",ALL UTILIZATION PRACTICES,PRODUCTION,"WHEAT, SPRING, (EXCL DURUM) - PRODUCTION, MEASURED IN BU",BU,17900,20.9
2022,YEAR,ALL PRODUCTION PRACTICES,MONTANA,MT,30,TREASURE,103,COUNTY,WHEAT,"SPRING, (EXCL DURUM)",ALL UTILIZATION PRACTICES,PRODUCTION,"WHEAT, SPRING, (EXCL DURUM) - PRODUCTION, MEASURED IN BU",BU,100000,7.9
2022,YEAR,ALL PRODUCTION PRACTICES,MONTANA,MT,30,YELLOWSTONE,111,COUNTY,WHEAT,"SPRING, (EXCL DURUM)",ALL UTILIZATION PRACTICES,PRODUCTION,"WHEAT, SPRING, (EXCL DURUM) - PRODUCTION, MEASURED IN BU",BU,516000,17.3
2021,YEAR,ALL PRODUCTION PRACTICES,MONTANA,MT,30,YELLOWSTONE,111,COUNTY,WHEAT,"SPRING, (EXCL DURUM)",ALL UTILIZATION PRACTICES,PRODUCTION,"WHEAT, SPRING, (EXCL DURUM) - PRODUCTION, MEASURED IN BU",BU,171000,0.00
2022,YEAR,ALL PRODUCTION PRACTICES,MONTANA,MT,30,CUSTER,017,COUNTY,WHEAT,"SPRING, (EXCL DURUM)",ALL UTILIZATION PRACTICES,PRODUCTION,"WHEAT, SPRING, (EXCL DURUM) - PRODUCTION, MEASURED IN BU",BU,62100,25.4
2022,YEAR,ALL PRODUCTION PRACTICES,MONTANA,MT,30,FALLON,025,COUNTY,WHEAT,"SPRING, (EXCL DURUM)",ALL UTILIZATION PRACTICES,PRODUCTION,"WHEAT, SPRING, (EXCL DURUM) - PRODUCTION, MEASURED IN BU",BU,586000,9.5
2021,YEAR,ALL PRODUCTION PRACTICES,MONTANA,MT,30,FALLON,025,COUNTY,WHEAT,"SPRING, (EXCL DURUM)",ALL UTILIZATION PRACTICES,PRODUCTION,"WHEAT, SPRING, (EXCL DURUM) - PRODUCTION, MEASURED IN BU",BU,35100,0.00
2022,YEAR,ALL PRODUCTION PRACTICES,MONTANA,MT,30,POWDER RIVER,075,COUNTY,WHEAT,"SPRING, (EXCL DURUM)",ALL UTILIZATION PRACTICES,PRODUCTION,"WHEAT, SPRING, (EXCL DURUM) - PRODUCTION, MEASURED IN BU",BU,43500,14.1
2022,YEAR,ALL PRODUCTION PRACTICES,MONTANA,MT,30,ROSEBUD,087,COUNTY,WHEAT,"SPRING, (EXCL DURUM)",ALL UTILIZATION PRACTICES,PRODUCTION,"WHEAT, SPRING, (EXCL DURUM) - PRODUCTION, MEASURED IN BU",BU,84000,59.1
2023,YEAR,ALL PRODUCTION PRACTICES,MONTANA,MT,30,OTHER COUNTIES,,COUNTY,WHEAT,"SPRING, (EXCL DURUM)",ALL UTILIZATION PRACTICES,PRODUCTION,"WHEAT, SPRING, (EXCL DURUM) - PRODUCTION, MEASURED IN BU",BU,7599000,3.8
2022,YEAR,ALL PRODUCTION PRACTICES,MONTANA,MT,30,OTHER COUNTIES,,COUNTY,WHEAT,"SPRING, (EXCL DURUM)",ALL UTILIZATION PRACTICES,PRODUCTION,"WHEAT, SPRING, (EXCL DURUM) - PRODUCTION, MEASURED IN BU",BU,4309900,4.6
2021,YEAR,ALL PRODUCTION PRACTICES,MONTANA,MT,30,OTHER COUNTIES,,COUNTY,WHEAT,"SPRING, (EXCL DURUM)",ALL UTILIZATION PRACTICES,PRODUCTION,"WHEAT, SPRING, (EXCL DURUM) - PRODUCTION, MEASURED IN BU",BU,1281000,9.30
2023,YEAR,ALL PRODUCTION PRACTICES,NORTH DAKOTA,ND,38,BURKE,013,COUNTY,WHEAT,"SPRING, (EXCL DURUM)",ALL UTILIZATION PRACTICES,PRODUCTION,"WHEAT, SPRING, (EXCL DURUM) - PRODUCTION, MEASURED IN BU",BU,4005000,8.2
2022,YEAR,ALL PRODUCTION PRACTICES,NORTH DAKOTA,ND,38,BURKE,013,COUNTY,WHEAT,"SPRING, (EXCL DURUM)",ALL UTILIZATION PRACTICES,PRODUCTION,"WHEAT, SPRING, (EXCL DURUM) - PRODUCTION, MEASURED IN BU",BU,3075000,4.6
2021,YEAR,ALL PRODUCTION PRACTICES,NORTH DAKOTA,ND,38,BURKE,013,COUNTY,WHEAT,"SPRING, (EXCL DURUM)",ALL UTILIZATION PRACTICES,PRODUCTION,"WHEAT, SPRING, (EXCL DURUM) - PRODUCTION, MEASURED IN BU",BU,5030000,9.40
2023,YEAR,ALL PRODUCTION PRACTICES,NORTH DAKOTA,ND,38,DIVIDE,023,COUNTY,WHEAT,"SPRING, (EXCL DURUM)",ALL UTILIZATION PRACTICES,PRODUCTION,"WHEAT, SPRING, (EXCL DURUM) - PRODUCTION, MEASURED IN BU",BU,2300000,9.7
2022,YEAR,ALL PRODUCTION PRACTICES,NORTH DAKOTA,ND,38,DIVIDE,023,COUNTY,WHEAT,"SPRING, (EXCL DURUM)",ALL UTILIZATION PRACTICES,PRODUCTION,"WHEAT, SPRING, (EXCL DURUM) - PRODUCTION, MEASURED IN BU",BU,3307000,7.2
2021,YEAR,ALL PRODUCTION PRACTICES,NORTH DAKOTA,ND,38,DIVIDE,023,COUNTY,WHEAT,"SPRING, (EXCL DURUM)",ALL UTILIZATION PRACTICES,PRODUCTION,"WHEAT, SPRING, (EXCL DURUM) - PRODUCTION, MEASURED IN BU",BU,3011000,5.00
2022,YEAR,ALL PRODUCTION PRACTICES,NORTH DAKOTA,ND,38,MOUNTRAIL,061,COUNTY,WHEAT,"SPRING, (EXCL DURUM)",ALL UTILIZATION PRACTICES,PRODUCTION,"WHEAT, SPRING, (EXCL DURUM) - PRODUCTION, MEASURED IN BU",BU,7732000,4.3
2023,YEAR,ALL PRODUCTION PRACTICES,NORTH DAKOTA,ND,38,RENVILLE,075,COUNTY,WHEAT,"SPRING, (EXCL DURUM)",ALL UTILIZATION PRACTICES,PRODUCTION,"WHEAT, SPRING, (EXCL DURUM) - PRODUCTION, MEASURED IN BU",BU,6503000,4.8
2022,YEAR,ALL PRODUCTION PRACTICES,NORTH DAKOTA,ND,38,RENVILLE,075,COUNTY,WHEAT,"SPRING, (EXCL DURUM)",ALL UTILIZATION PRACTICES,PRODUCTION,"WHEAT, SPRING, (EXCL DURUM) - PRODUCTION, MEASURED IN BU",BU,5551000,5.1
2021,YEAR,ALL PRODUCTION PRACTICES,NORTH DAKOTA,ND,38,RENVILLE,075,COUNTY,WHEAT,"SPRING, (EXCL DURUM)",ALL UTILIZATION PRACTICES,PRODUCTION,"WHEAT, SPRING, (EXCL DURUM) - PRODUCTION, MEASURED IN BU",BU,5242000,11.40
2023,YEAR,ALL PRODUCTION PRACTICES,NORTH DAKOTA,ND,38,WARD,101,COUNTY,WHEAT,"SPRING, (EXCL DURUM)",ALL UTILIZATION PRACTICES,PRODUCTION,"WHEAT, SPRING, (EXCL DURUM) - PRODUCTION, MEASURED IN BU",BU,12550000,5.1
2022,YEAR,ALL PRODUCTION PRACTICES,NORTH DAKOTA,ND,38,WARD,101,COUNTY,WHEAT,"SPRING, (EXCL DURUM)",ALL UTILIZATION PRACTICES,PRODUCTION,"WHEAT, SPRING, (EXCL DURUM) - PRODUCTION, MEASURED IN BU",BU,14950000,6.0
2021,YEAR,ALL PRODUCTION PRACTICES,NORTH DAKOTA,ND,38,WARD,101,COUNTY,WHEAT,"SPRING, (EXCL DURUM)",ALL UTILIZATION PRACTICES,PRODUCTION,"WHEAT, SPRING, (EXCL DURUM) - PRODUCTION, MEASURED IN BU",BU,7834000,9.20
2023,YEAR,ALL PRODUCTION PRACTICES,NORTH DAKOTA,ND,38,WILLIAMS,105,COUNTY,WHEAT,"SPRING, (EXCL DURUM)",ALL UTILIZATION PRACTICES,PRODUCTION,"WHEAT, SPRING, (EXCL DURUM) - PRODUCTION, MEASURED IN BU",BU,2137000,8.0
2022,YEAR,ALL PRODUCTION PRACTICES,NORTH DAKOTA,ND,38,WILLIAMS,105,COUNTY,WHEAT,"SPRING, (EXCL DURUM)",ALL UTILIZATION PRACTICES,PRODUCTION,"WHEAT, SPRING, (EXCL DURUM) - PRODUCTION, MEASURED IN BU",BU,2792000,6.0
2021,YEAR,ALL PRODUCTION PRACTICES,NORTH DAKOTA,ND,38,WILLIAMS,105,COUNTY,WHEAT,"SPRING, (EXCL DURUM)",ALL UTILIZATION PRACTICES,PRODUCTION,"WHEAT, SPRING, (EXCL DURUM) - PRODUCTION, MEASURED IN BU",BU,2069000,17.20
2023,YEAR,ALL PRODUCTION PRACTICES,NORTH DAKOTA,ND,38,BENSON,005,COUNTY,WHEAT,"SPRING, (EXCL DURUM)",ALL UTILIZATION PRACTICES,PRODUCTION,"WHEAT, SPRING, (EXCL DURUM) - PRODUCTION, MEASURED IN BU",BU,6221000,4.5
2022,YEAR,ALL PRODUCTION PRACTICES,NORTH DAKOTA,ND,38,BENSON,005,COUNTY,WHEAT,"SPRING, (EXCL DURUM)",ALL UTILIZATION PRACTICES,PRODUCTION,"WHEAT, SPRING, (EXCL DURUM) - PRODUCTION, MEASURED IN BU",BU,8157000,5.0
2021,YEAR,ALL PRODUCTION PRACTICES,NORTH DAKOTA,ND,38,BENSON,005,COUNTY,WHEAT,"SPRING, (EXCL DURUM)",ALL UTILIZATION PRACTICES,PRODUCTION,"WHEAT, SPRING, (EXCL DURUM) - PRODUCTION, MEASURED IN BU",BU,5287000,4.10
2023,YEAR,ALL PRODUCTION PRACTICES,NORTH DAKOTA,ND,38,BOTTINEAU,009,COUNTY,WHEAT,"SPRING, (EXCL DURUM)",ALL UTILIZATION PRACTICES,PRODUCTION,"WHEAT, SPRING, (EXCL DURUM) - PRODUCTION, MEASURED IN BU",BU,13229000,3.3
2022,YEAR,ALL PRODUCTION PRACTICES,NORTH DAKOTA,ND,38,BOTTINEAU,009,COUNTY,WHEAT,"SPRING, (EXCL DURUM)",ALL UTILIZATION PRACTICES,PRODUCTION,"WHEAT, SPRING, (EXCL DURUM) - PRODUCTION, MEASURED IN BU",BU,12961000,4.2
2021,YEAR,ALL PRODUCTION PRACTICES,NORTH DAKOTA,ND,38,BOTTINEAU,009,COUNTY,WHEAT,"SPRING, (EXCL DURUM)",ALL UTILIZATION PRACTICES,PRODUCTION,"WHEAT, SPRING, (EXCL DURUM) - PRODUCTION, MEASURED IN BU",BU,9859000,8.00
2022,YEAR,ALL PRODUCTION PRACTICES,NORTH DAKOTA,ND,38,MCHENRY,049,COUNTY,WHEAT,"SPRING, (EXCL DURUM)",ALL UTILIZATION PRACTICES,PRODUCTION,"WHEAT, SPRING, (EXCL DURUM) - PRODUCTION, MEASURED IN BU",BU,6237000,5.1
2021,YEAR,ALL PRODUCTION PRACTICES,NORTH DAKOTA,ND,38,MCHENRY,049,COUNTY,WHEAT,"SPRING, (EXCL DURUM)",ALL UTILIZATION PRACTICES,PRODUCTION,"WHEAT, SPRING, (EXCL DURUM) - PRODUCTION, MEASURED IN BU",BU,1978000,11.00
2023,YEAR,ALL PRODUCTION PRACTICES,NORTH DAKOTA,ND,38,PIERCE,069,COUNTY,WHEAT,"SPRING, (EXCL DURUM)",ALL UTILIZATION PRACTICES,PRODUCTION,"WHEAT, SPRING, (EXCL DURUM) - PRODUCTION, MEASURED IN BU",BU,5461000,7.7
2022,YEAR,ALL PRODUCTION PRACTICES,NORTH DAKOTA,ND,38,PIERCE,069,COUNTY,WHEAT,"SPRING, (EXCL DURUM)",ALL UTILIZATION PRACTICES,PRODUCTION,"WHEAT, SPRING, (EXCL DURUM) - PRODUCTION, MEASURED IN BU",BU,5968000,5.3
2021,YEAR,ALL PRODUCTION PRACTICES,NORTH DAKOTA,ND,38,PIERCE,069,COUNTY,WHEAT,"SPRING, (EXCL DURUM)",ALL UTILIZATION PRACTICES,PRODUCTION,"WHEAT, SPRING, (EXCL DURUM) - PRODUCTION, MEASURED IN BU",BU,2214000,6.60
2023,YEAR,ALL PRODUCTION PRACTICES,NORTH DAKOTA,ND,38,ROLETTE,079,COUNTY,WHEAT,"SPRING, (EXCL DURUM)",ALL UTILIZATION PRACTICES,PRODUCTION,"WHEAT, SPRING, (EXCL DURUM) - PRODUCTION, MEASURED IN BU",BU,5002000,6.6
2022,YEAR,ALL PRODUCTION PRACTICES,NORTH DAKOTA,ND,38,ROLETTE,079,COUNTY,WHEAT,"SPRING, (EXCL DURUM)",ALL UTILIZATION PRACTICES,PRODUCTION,"WHEAT, SPRING, (EXCL DURUM) - PRODUCTION, MEASURED IN BU",BU,4838000,5.3
2021,YEAR,ALL PRODUCTION PRACTICES,NORTH DAKOTA,ND,38,ROLETTE,079,COUNTY,WHEAT,"SPRING, (EXCL DURUM)",ALL UTILIZATION PRACTICES,PRODUCTION,"WHEAT, SPRING, (EXCL DURUM) - PRODUCTION, MEASURED IN BU",BU,3401000,7.70
2023,YEAR,ALL PRODUCTION PRACTICES,NORTH DAKOTA,ND,38,CAVALIER,019,COUNTY,WHEAT,"SPRING, (EXCL DURUM)",ALL UTILIZATION PRACTICES,PRODUCTION,"WHEAT, SPRING, (EXCL DURUM) - PRODUCTION, MEASURED IN BU",BU,13414000,4.0
2023,YEAR,ALL PRODUCTION PRACTICES,NORTH DAKOTA,ND,38,GRAND FORKS,035,COUNTY,WHEAT,"SPRING, (EXCL DURUM)",ALL UTILIZATION PRACTICES,PRODUCTION,"WHEAT, SPRING, (EXCL DURUM) - PRODUCTION, MEASURED IN BU",BU,6986000,5.8
2022,YEAR,ALL PRODUCTION PRACTICES,NORTH DAKOTA,ND,38,GRAND FORKS,035,COUNTY,WHEAT,"SPRING, (EXCL DURUM)",ALL UTILIZATION PRACTICES,PRODUCTION,"WHEAT, SPRING, (EXCL DURUM) - PRODUCTION, MEASURED IN BU",BU,7159000,4.8
2021,YEAR,ALL PRODUCTION PRACTICES,NORTH DAKOTA,ND,38,GRAND FORKS,035,COUNTY,WHEAT,"SPRING, (EXCL DURUM)",ALL UTILIZATION PRACTICES,PRODUCTION,"WHEAT, SPRING, (EXCL DURUM) - PRODUCTION, MEASURED IN BU",BU,5884000,5.80
2022,YEAR,ALL PRODUCTION PRACTICES,NORTH DAKOTA,ND,38,NELSON,063,COUNTY,WHEAT,"SPRING, (EXCL DURUM)",ALL UTILIZATION PRACTICES,PRODUCTION,"WHEAT, SPRING, (EXCL DURUM) - PRODUCTION, MEASURED IN BU",BU,4759000,5.3
2021,YEAR,ALL PRODUCTION PRACTICES,NORTH DAKOTA,ND,38,NELSON,063,COUNTY,WHEAT,"SPRING, (EXCL DURUM)",ALL UTILIZATION PRACTICES,PRODUCTION,"WHEAT, SPRING, (EXCL DURUM) - PRODUCTION, MEASURED IN BU",BU,4120000,8.70
2023,YEAR,ALL PRODUCTION PRACTICES,NORTH DAKOTA,ND,38,PEMBINA,067,COUNTY,WHEAT,"SPRING, (EXCL DURUM)",ALL UTILIZATION PRACTICES,PRODUCTION,"WHEAT, SPRING, (EXCL DURUM) - PRODUCTION, MEASURED IN BU",BU,12105000,6.9
2022,YEAR,ALL PRODUCTION PRACTICES,NORTH DAKOTA,ND,38,PEMBINA,067,COUNTY,WHEAT,"SPRING, (EXCL DURUM)",ALL UTILIZATION PRACTICES,PRODUCTION,"WHEAT, SPRING, (EXCL DURUM) - PRODUCTION, MEASURED IN BU",BU,12434000,6.0
2021,YEAR,ALL PRODUCTION PRACTICES,NORTH DAKOTA,ND,38,PEMBINA,067,COUNTY,WHEAT,"SPRING, (EXCL DURUM)",ALL UTILIZATION PRACTICES,PRODUCTION,"WHEAT, SPRING, (EXCL DURUM) - PRODUCTION, MEASURED IN BU",BU,6773000,7.60
2023,YEAR,ALL PRODUCTION PRACTICES,NORTH DAKOTA,ND,38,RAMSEY,071,COUNTY,WHEAT,"SPRING, (EXCL DURUM)",ALL UTILIZATION PRACTICES,PRODUCTION,"WHEAT, SPRING, (EXCL DURUM) - PRODUCTION, MEASURED IN BU",BU,6122000,6.2
2022,YEAR,ALL PRODUCTION PRACTICES,NORTH DAKOTA,ND,38,RAMSEY,071,COUNTY,WHEAT,"SPRING, (EXCL DURUM)",ALL UTILIZATION PRACTICES,PRODUCTION,"WHEAT, SPRING, (EXCL DURUM) - PRODUCTION, MEASURED IN BU",BU,6421000,4.3
2021,YEAR,ALL PRODUCTION PRACTICES,NORTH DAKOTA,ND,38,RAMSEY,071,COUNTY,WHEAT,"SPRING, (EXCL DURUM)",ALL UTILIZATION PRACTICES,PRODUCTION,"WHEAT, SPRING, (EXCL DURUM) - PRODUCTION, MEASURED IN BU",BU,6063000,4.80
2023,YEAR,ALL PRODUCTION PRACTICES,NORTH DAKOTA,ND,38,TOWNER,095,COUNTY,WHEAT,"SPRING, (EXCL DURUM)",ALL UTILIZATION PRACTICES,PRODUCTION,"WHEAT, SPRING, (EXCL DURUM) - PRODUCTION, MEASURED IN BU",BU,9056000,3.4
2022,YEAR,ALL PRODUCTION PRACTICES,NORTH DAKOTA,ND,38,TOWNER,095,COUNTY,WHEAT,"SPRING, (EXCL DURUM)",ALL UTILIZATION PRACTICES,PRODUCTION,"WHEAT, SPRING, (EXCL DURUM) - PRODUCTION, MEASURED IN BU",BU,8251000,7.8
2021,YEAR,ALL PRODUCTION PRACTICES,NORTH DAKOTA,ND,38,TOWNER,095,COUNTY,WHEAT,"SPRING, (EXCL DURUM)",ALL UTILIZATION PRACTICES,PRODUCTION,"WHEAT, SPRING, (EXCL DURUM) - PRODUCTION, MEASURED IN BU",BU,7869000,5.30
2023,YEAR,ALL PRODUCTION PRACTICES,NORTH DAKOTA,ND,38,WALSH,099,COUNTY,WHEAT,"SPRING, (EXCL DURUM)",ALL UTILIZATION PRACTICES,PRODUCTION,"WHEAT, SPRING, (EXCL DURUM) - PRODUCTION, MEASURED IN BU",BU,9999000,5.8
2022,YEAR,ALL PRODUCTION PRACTICES,NORTH DAKOTA,ND,38,WALSH,099,COUNTY,WHEAT,"SPRING, (EXCL DURUM)",ALL UTILIZATION PRACTICES,PRODUCTION,"WHEAT, SPRING, (EXCL DURUM) - PRODUCTION, MEASURED IN BU",BU,11273000,3.9
2021,YEAR,ALL PRODUCTION PRACTICES,NORTH DAKOTA,ND,38,WALSH,099,COUNTY,WHEAT,"SPRING, (EXCL DURUM)",ALL UTILIZATION PRACTICES,PRODUCTION,"WHEAT, SPRING, (EXCL DURUM) - PRODUCTION, MEASURED IN BU",BU,7962000,8.70
2023,YEAR,ALL PRODUCTION PRACTICES,NORTH DAKOTA,ND,38,DUNN,025,COUNTY,WHEAT,"SPRING, (EXCL DURUM)",ALL UTILIZATION PRACTICES,PRODUCTION,"WHEAT, SPRING, (EXCL DURUM) - PRODUCTION, MEASURED IN BU",BU,5641000,7.0
2022,YEAR,ALL PRODUCTION PRACTICES,NORTH DAKOTA,ND,38,DUNN,025,COUNTY,WHEAT,"SPRING, (EXCL DURUM)",ALL UTILIZATION PRACTICES,PRODUCTION,"WHEAT, SPRING, (EXCL DURUM) - PRODUCTION, MEASURED IN BU",BU,5125000,2.6
2021,YEAR,ALL PRODUCTION PRACTICES,NORTH DAKOTA,ND,38,DUNN,025,COUNTY,WHEAT,"SPRING, (EXCL DURUM)",ALL UTILIZATION PRACTICES,PRODUCTION,"WHEAT, SPRING, (EXCL DURUM) - PRODUCTION, MEASURED IN BU",BU,3616000,12.40
2023,YEAR,ALL PRODUCTION PRACTICES,NORTH DAKOTA,ND,38,MCKENZIE,053,COUNTY,WHEAT,"SPRING, (EXCL DURUM)",ALL UTILIZATION PRACTICES,PRODUCTION,"WHEAT, SPRING, (EXCL DURUM) - PRODUCTION, MEASURED IN BU",BU,3559000,8.7
2022,YEAR,ALL PRODUCTION PRACTICES,NORTH DAKOTA,ND,38,MCKENZIE,053,COUNTY,WHEAT,"SPRING, (EXCL DURUM)",ALL UTILIZATION PRACTICES,PRODUCTION,"WHEAT, SPRING, (EXCL DURUM) - PRODUCTION, MEASURED IN BU",BU,3828000,8.3
2021,YEAR,ALL PRODUCTION PRACTICES,NORTH DAKOTA,ND,38,MCKENZIE,053,COUNTY,WHEAT,"SPRING, (EXCL DURUM)",ALL UTILIZATION PRACTICES,PRODUCTION,"WHEAT, SPRING, (EXCL DURUM) - PRODUCTION, MEASURED IN BU",BU,1194000,10.60
2022,YEAR,ALL PRODUCTION PRACTICES,NORTH DAKOTA,ND,38,MCLEAN,055,COUNTY,WHEAT,"SPRING, (EXCL DURUM)",ALL UTILIZATION PRACTICES,PRODUCTION,"WHEAT, SPRING, (EXCL DURUM) - PRODUCTION, MEASURED IN BU",BU,12845000,8.5
2021,YEAR,ALL PRODUCTION PRACTICES,NORTH DAKOTA,ND,38,MCLEAN,055,COUNTY,WHEAT,"SPRING, (EXCL DURUM)",ALL UTILIZATION PRACTICES,PRODUCTION,"WHEAT, SPRING, (EXCL DURUM) - PRODUCTION, MEASURED IN BU",BU,5440000,17.30
2021,YEAR,ALL PRODUCTION PRACTICES,NORTH DAKOTA,ND,38,MERCER,057,COUNTY,WHEAT,"SPRING, (EXCL DURUM)",ALL UTILIZATION PRACTICES,PRODUCTION,"WHEAT, SPRING, (EXCL DURUM) - PRODUCTION, MEASURED IN BU",BU,634000,11.50
2022,YEAR,ALL PRODUCTION PRACTICES,NORTH DAKOTA,ND,38,OLIVER,065,COUNTY,WHEAT,"SPRING, (EXCL DURUM)",ALL UTILIZATION PRACTICES,PRODUCTION,"WHEAT, SPRING, (EXCL DURUM) - PRODUCTION, MEASURED IN BU",BU,2579000,5.1
2021,YEAR,ALL PRODUCTION PRACTICES,NORTH DAKOTA,ND,38,OLIVER,065,COUNTY,WHEAT,"SPRING, (EXCL DURUM)",ALL UTILIZATION PRACTICES,PRODUCTION,"WHEAT, SPRING, (EXCL DURUM) - PRODUCTION, MEASURED IN BU",BU,766000,11.90
2023,YEAR,ALL PRODUCTION PRACTICES,NORTH DAKOTA,ND,38,EDDY,027,COUNTY,WHEAT,"SPRING, (EXCL DURUM)",ALL UTILIZATION PRACTICES,PRODUCTION,"WHEAT, SPRING, (EXCL DURUM) - PRODUCTION, MEASURED IN BU",BU,892000,9.5
2022,YEAR,ALL PRODUCTION PRACTICES,NORTH DAKOTA,ND,38,EDDY,027,COUNTY,WHEAT,"SPRING, (EXCL DURUM)",ALL UTILIZATION PRACTICES,PRODUCTION,"WHEAT, SPRING, (EXCL DURUM) - PRODUCTION, MEASURED IN BU",BU,1229000,5.7
2021,YEAR,ALL PRODUCTION PRACTICES,NORTH DAKOTA,ND,38,EDDY,027,COUNTY,WHEAT,"SPRING, (EXCL DURUM)",ALL UTILIZATION PRACTICES,PRODUCTION,"WHEAT, SPRING, (EXCL DURUM) - PRODUCTION, MEASURED IN BU",BU,822000,11.90
2023,YEAR,ALL PRODUCTION PRACTICES,NORTH DAKOTA,ND,38,FOSTER,031,COUNTY,WHEAT,"SPRING, (EXCL DURUM)",ALL UTILIZATION PRACTICES,PRODUCTION,"WHEAT, SPRING, (EXCL DURUM) - PRODUCTION, MEASURED IN BU",BU,1321000,6.4
2022,YEAR,ALL PRODUCTION PRACTICES,NORTH DAKOTA,ND,38,FOSTER,031,COUNTY,WHEAT,"SPRING, (EXCL DURUM)",ALL UTILIZATION PRACTICES,PRODUCTION,"WHEAT, SPRING, (EXCL DURUM) - PRODUCTION, MEASURED IN BU",BU,1652000,5.3
2021,YEAR,ALL PRODUCTION PRACTICES,NORTH DAKOTA,ND,38,FOSTER,031,COUNTY,WHEAT,"SPRING, (EXCL DURUM)",ALL UTILIZATION PRACTICES,PRODUCTION,"WHEAT, SPRING, (EXCL DURUM) - PRODUCTION, MEASURED IN BU",BU,1193000,7.80
2023,YEAR,ALL PRODUCTION PRACTICES,NORTH DAKOTA,ND,38,KIDDER,043,COUNTY,WHEAT,"SPRING, (EXCL DURUM)",ALL UTILIZATION PRACTICES,PRODUCTION,"WHEAT, SPRING, (EXCL DURUM) - PRODUCTION, MEASURED IN BU",BU,1997000,12.6
2022,YEAR,ALL PRODUCTION PRACTICES,NORTH DAKOTA,ND,38,KIDDER,043,COUNTY,WHEAT,"SPRING, (EXCL DURUM)",ALL UTILIZATION PRACTICES,PRODUCTION,"WHEAT, SPRING, (EXCL DURUM) - PRODUCTION, MEASURED IN BU",BU,1743000,9.3
2021,YEAR,ALL PRODUCTION PRACTICES,NORTH DAKOTA,ND,38,KIDDER,043,COUNTY,WHEAT,"SPRING, (EXCL DURUM)",ALL UTILIZATION PRACTICES,PRODUCTION,"WHEAT, SPRING, (EXCL DURUM) - PRODUCTION, MEASURED IN BU",BU,899000,5.70
2023,YEAR,ALL PRODUCTION PRACTICES,NORTH DAKOTA,ND,38,SHERIDAN,083,COUNTY,WHEAT,"SPRING, (EXCL DURUM)",ALL UTILIZATION PRACTICES,PRODUCTION,"WHEAT, SPRING, (EXCL DURUM) - PRODUCTION, MEASURED IN BU",BU,4428000,6.7
2022,YEAR,ALL PRODUCTION PRACTICES,NORTH DAKOTA,ND,38,SHERIDAN,083,COUNTY,WHEAT,"SPRING, (EXCL DURUM)",ALL UTILIZATION PRACTICES,PRODUCTION,"WHEAT, SPRING, (EXCL DURUM) - PRODUCTION, MEASURED IN BU",BU,4054000,3.2
2021,YEAR,ALL PRODUCTION PRACTICES,NORTH DAKOTA,ND,38,SHERIDAN,083,COUNTY,WHEAT,"SPRING, (EXCL DURUM)",ALL UTILIZATION PRACTICES,PRODUCTION,"WHEAT, SPRING, (EXCL DURUM) - PRODUCTION, MEASURED IN BU",BU,1871000,7.20
2023,YEAR,ALL PRODUCTION PRACTICES,NORTH DAKOTA,ND,38,STUTSMAN,093,COUNTY,WHEAT,"SPRING, (EXCL DURUM)",ALL UTILIZATION PRACTICES,PRODUCTION,"WHEAT, SPRING, (EXCL DURUM) - PRODUCTION, MEASURED IN BU",BU,2891000,4.1
2022,YEAR,ALL PRODUCTION PRACTICES,NORTH DAKOTA,ND,38,STUTSMAN,093,COUNTY,WHEAT,"SPRING, (EXCL DURUM)",ALL UTILIZATION PRACTICES,PRODUCTION,"WHEAT, SPRING, (EXCL DURUM) - PRODUCTION, MEASURED IN BU",BU,4133000,7.4
2021,YEAR,ALL PRODUCTION PRACTICES,NORTH DAKOTA,ND,38,STUTSMAN,093,COUNTY,WHEAT,"SPRING, (EXCL DURUM)",ALL UTILIZATION PRACTICES,PRODUCTION,"WHEAT, SPRING, (EXCL DURUM) - PRODUCTION, MEASURED IN BU",BU,2311000,15.70
2022,YEAR,ALL PRODUCTION PRACTICES,NORTH DAKOTA,ND,38,WELLS,103,COUNTY,WHEAT,"SPRING, (EXCL DURUM)",ALL UTILIZATION PRACTICES,PRODUCTION,"WHEAT, SPRING, (EXCL DURUM) - PRODUCTION, MEASURED IN BU",BU,6488000,4.8
2021,YEAR,ALL PRODUCTION PRACTICES,NORTH DAKOTA,ND,38,WELLS,103,COUNTY,WHEAT,"SPRING, (EXCL DURUM)",ALL UTILIZATION PRACTICES,PRODUCTION,"WHEAT, SPRING, (EXCL DURUM) - PRODUCTION, MEASURED IN BU",BU,3871000,6.90
2023,YEAR,ALL PRODUCTION PRACTICES,NORTH DAKOTA,ND,38,BARNES,003,COUNTY,WHEAT,"SPRING, (EXCL DURUM)",ALL UTILIZATION PRACTICES,PRODUCTION,"WHEAT, SPRING, (EXCL DURUM) - PRODUCTION, MEASURED IN BU",BU,3894000,3.7
2022,YEAR,ALL PRODUCTION PRACTICES,NORTH DAKOTA,ND,38,BARNES,003,COUNTY,WHEAT,"SPRING, (EXCL DURUM)",ALL UTILIZATION PRACTICES,PRODUCTION,"WHEAT, SPRING, (EXCL DURUM) - PRODUCTION, MEASURED IN BU",BU,3684000,4.2
2021,YEAR,ALL PRODUCTION PRACTICES,NORTH DAKOTA,ND,38,BARNES,003,COUNTY,WHEAT,"SPRING, (EXCL DURUM)",ALL UTILIZATION PRACTICES,PRODUCTION,"WHEAT, SPRING, (EXCL DURUM) - PRODUCTION, MEASURED IN BU",BU,3963000,7.00
2023,YEAR,ALL PRODUCTION PRACTICES,NORTH DAKOTA,ND,38,CASS,017,COUNTY,WHEAT,"SPRING, (EXCL DURUM)",ALL UTILIZATION PRACTICES,PRODUCTION,"WHEAT, SPRING, (EXCL DURUM) - PRODUCTION, MEASURED IN BU",BU,5304000,4.6
2022,YEAR,ALL PRODUCTION PRACTICES,NORTH DAKOTA,ND,38,CASS,017,COUNTY,WHEAT,"SPRING, (EXCL DURUM)",ALL UTILIZATION PRACTICES,PRODUCTION,"WHEAT, SPRING, (EXCL DURUM) - PRODUCTION, MEASURED IN BU",BU,5127000,4.1
2021,YEAR,ALL PRODUCTION PRACTICES,NORTH DAKOTA,ND,38,CASS,017,COUNTY,WHEAT,"SPRING, (EXCL DURUM)",ALL UTILIZATION PRACTICES,PRODUCTION,"WHEAT, SPRING, (EXCL DURUM) - PRODUCTION, MEASURED IN BU",BU,5075000,4.60
2023,YEAR,ALL PRODUCTION PRACTICES,NORTH DAKOTA,ND,38,GRIGGS,039,COUNTY,WHEAT,"SPRING, (EXCL DURUM)",ALL UTILIZATION PRACTICES,PRODUCTION,"WHEAT, SPRING, (EXCL DURUM) - PRODUCTION, MEASURED IN BU",BU,3208000,4.1
2022,YEAR,ALL PRODUCTION PRACTICES,NORTH DAKOTA,ND,38,GRIGGS,039,COUNTY,WHEAT,"SPRING, (EXCL DURUM)",ALL UTILIZATION PRACTICES,PRODUCTION,"WHEAT, SPRING, (EXCL DURUM) - PRODUCTION, MEASURED IN BU",BU,3129000,6.6
2021,YEAR,ALL PRODUCTION PRACTICES,NORTH DAKOTA,ND,38,GRIGGS,039,COUNTY,WHEAT,"SPRING, (EXCL DURUM)",ALL UTILIZATION PRACTICES,PRODUCTION,"WHEAT, SPRING, (EXCL DURUM) - PRODUCTION, MEASURED IN BU",BU,2591000,8.00
2023,YEAR,ALL PRODUCTION PRACTICES,NORTH DAKOTA,ND,38,STEELE,091,COUNTY,WHEAT,"SPRING, (EXCL DURUM)",ALL UTILIZATION PRACTICES,PRODUCTION,"WHEAT, SPRING, (EXCL DURUM) - PRODUCTION, MEASURED IN BU",BU,2644000,5.1
2022,YEAR,ALL PRODUCTION PRACTICES,NORTH DAKOTA,ND,38,STEELE,091,COUNTY,WHEAT,"SPRING, (EXCL DURUM)",ALL UTILIZATION PRACTICES,PRODUCTION,"WHEAT, SPRING, (EXCL DURUM) - PRODUCTION, MEASURED IN BU",BU,2665000,3.8
2021,YEAR,ALL PRODUCTION PRACTICES,NORTH DAKOTA,ND,38,STEELE,091,COUNTY,WHEAT,"SPRING, (EXCL DURUM)",ALL UTILIZATION PRACTICES,PRODUCTION,"WHEAT, SPRING, (EXCL DURUM) - PRODUCTION, MEASURED IN BU",BU,2021000,6.00
2023,YEAR,ALL PRODUCTION PRACTICES,NORTH DAKOTA,ND,38,TRAILL,097,COUNTY,WHEAT,"SPRING, (EXCL DURUM)",ALL UTILIZATION PRACTICES,PRODUCTION,"WHEAT, SPRING, (EXCL DURUM) - PRODUCTION, MEASURED IN BU",BU,4745000,6.4
2022,YEAR,ALL PRODUCTION PRACTICES,NORTH DAKOTA,ND,38,TRAILL,097,COUNTY,WHEAT,"SPRING, (EXCL DURUM)",ALL UTILIZATION PRACTICES,PRODUCTION,"WHEAT, SPRING, (EXCL DURUM) - PRODUCTION, MEASURED IN BU",BU,4354000,5.6
2021,YEAR,ALL PRODUCTION PRACTICES,NORTH DAKOTA,ND,38,TRAILL,097,COUNTY,WHEAT,"SPRING, (EXCL DURUM)",ALL UTILIZATION PRACTICES,PRODUCTION,"WHEAT, SPRING, (EXCL DURUM) - PRODUCTION, MEASURED IN BU",BU,3919000,5.30
2023,YEAR,ALL PRODUCTION PRACTICES,NORTH DAKOTA,ND,38,ADAMS,001,COUNTY,WHEAT,"SPRING, (EXCL DURUM)",ALL UTILIZATION PRACTICES,PRODUCTION,"WHEAT, SPRING, (EXCL DURUM) - PRODUCTION, MEASURED IN BU",BU,6197000,6.9
2022,YEAR,ALL PRODUCTION PRACTICES,NORTH DAKOTA,ND,38,ADAMS,001,COUNTY,WHEAT,"SPRING, (EXCL DURUM)",ALL UTILIZATION PRACTICES,PRODUCTION,"WHEAT, SPRING, (EXCL DURUM) - PRODUCTION, MEASURED IN BU",BU,4886000,4.9
2021,YEAR,ALL PRODUCTION PRACTICES,NORTH DAKOTA,ND,38,ADAMS,001,COUNTY,WHEAT,"SPRING, (EXCL DURUM)",ALL UTILIZATION PRACTICES,PRODUCTION,"WHEAT, SPRING, (EXCL DURUM) - PRODUCTION, MEASURED IN BU",BU,2285000,6.90
2022,YEAR,ALL PRODUCTION PRACTICES,NORTH DAKOTA,ND,38,BILLINGS,007,COUNTY,WHEAT,"SPRING, (EXCL DURUM)",ALL UTILIZATION PRACTICES,PRODUCTION,"WHEAT, SPRING, (EXCL DURUM) - PRODUCTION, MEASURED IN BU",BU,1080000,11.7
2021,YEAR,ALL PRODUCTION PRACTICES,NORTH DAKOTA,ND,38,BILLINGS,007,COUNTY,WHEAT,"SPRING, (EXCL DURUM)",ALL UTILIZATION PRACTICES,PRODUCTION,"WHEAT, SPRING, (EXCL DURUM) - PRODUCTION, MEASURED IN BU",BU,345000,19.20
2023,YEAR,ALL PRODUCTION PRACTICES,NORTH DAKOTA,ND,38,BOWMAN,011,COUNTY,WHEAT,"SPRING, (EXCL DURUM)",ALL UTILIZATION PRACTICES,PRODUCTION,"WHEAT, SPRING, (EXCL DURUM) - PRODUCTION, MEASURED IN BU",BU,4569000,6.9
2022,YEAR,ALL PRODUCTION PRACTICES,NORTH DAKOTA,ND,38,BOWMAN,011,COUNTY,WHEAT,"SPRING, (EXCL DURUM)",ALL UTILIZATION PRACTICES,PRODUCTION,"WHEAT, SPRING, (EXCL DURUM) - PRODUCTION, MEASURED IN BU",BU,3105000,6.2
2021,YEAR,ALL PRODUCTION PRACTICES,NORTH DAKOTA,ND,38,BOWMAN,011,COUNTY,WHEAT,"SPRING, (EXCL DURUM)",ALL UTILIZATION PRACTICES,PRODUCTION,"WHEAT, SPRING, (EXCL DURUM) - PRODUCTION, MEASURED IN BU",BU,829000,18.00
2023,YEAR,ALL PRODUCTION PRACTICES,NORTH DAKOTA,ND,38,HETTINGER,041,COUNTY,WHEAT,"SPRING, (EXCL DURUM)",ALL UTILIZATION PRACTICES,PRODUCTION,"WHEAT, SPRING, (EXCL DURUM) - PRODUCTION, MEASURED IN BU",BU,12839000,5.5
2022,YEAR,ALL PRODUCTION PRACTICES,NORTH DAKOTA,ND,38,HETTINGER,041,COUNTY,WHEAT,"SPRING, (EXCL DURUM)",ALL UTILIZATION PRACTICES,PRODUCTION,"WHEAT, SPRING, (EXCL DURUM) - PRODUCTION, MEASURED IN BU",BU,10591000,5.2
2021,YEAR,ALL PRODUCTION PRACTICES,NORTH DAKOTA,ND,38,HETTINGER,041,COUNTY,WHEAT,"SPRING, (EXCL DURUM)",ALL UTILIZATION PRACTICES,PRODUCTION,"WHEAT, SPRING, (EXCL DURUM) - PRODUCTION, MEASURED IN BU",BU,6930000,9.70
2023,YEAR,ALL PRODUCTION PRACTICES,NORTH DAKOTA,ND,38,SLOPE,087,COUNTY,WHEAT,"SPRING, (EXCL DURUM)",ALL UTILIZATION PRACTICES,PRODUCTION,"WHEAT, SPRING, (EXCL DURUM) - PRODUCTION, MEASURED IN BU",BU,5793000,5.2
2022,YEAR,ALL PRODUCTION PRACTICES,NORTH DAKOTA,ND,38,SLOPE,087,COUNTY,WHEAT,"SPRING, (EXCL DURUM)",ALL UTILIZATION PRACTICES,PRODUCTION,"WHEAT, SPRING, (EXCL DURUM) - PRODUCTION, MEASURED IN BU",BU,4102000,4.2
2021,YEAR,ALL PRODUCTION PRACTICES,NORTH DAKOTA,ND,38,SLOPE,087,COUNTY,WHEAT,"SPRING, (EXCL DURUM)",ALL UTILIZATION PRACTICES,PRODUCTION,"WHEAT, SPRING, (EXCL DURUM) - PRODUCTION, MEASURED IN BU",BU,1589000,7.30
2023,YEAR,ALL PRODUCTION PRACTICES,NORTH DAKOTA,ND,38,STARK,089,COUNTY,WHEAT,"SPRING, (EXCL DURUM)",ALL UTILIZATION PRACTICES,PRODUCTION,"WHEAT, SPRING, (EXCL DURUM) - PRODUCTION, MEASURED IN BU",BU,9915000,3.3
2021,YEAR,ALL PRODUCTION PRACTICES,NORTH DAKOTA,ND,38,STARK,089,COUNTY,WHEAT,"SPRING, (EXCL DURUM)",ALL UTILIZATION PRACTICES,PRODUCTION,"WHEAT, SPRING, (EXCL DURUM) - PRODUCTION, MEASURED IN BU",BU,5733000,14.40
2023,YEAR,ALL PRODUCTION PRACTICES,NORTH DAKOTA,ND,38,BURLEIGH,015,COUNTY,WHEAT,"SPRING, (EXCL DURUM)",ALL UTILIZATION PRACTICES,PRODUCTION,"WHEAT, SPRING, (EXCL DURUM) - PRODUCTION, MEASURED IN BU",BU,2888000,7.3
2022,YEAR,ALL PRODUCTION PRACTICES,NORTH DAKOTA,ND,38,BURLEIGH,015,COUNTY,WHEAT,"SPRING, (EXCL DURUM)",ALL UTILIZATION PRACTICES,PRODUCTION,"WHEAT, SPRING, (EXCL DURUM) - PRODUCTION, MEASURED IN BU",BU,2204000,6.7
2021,YEAR,ALL PRODUCTION PRACTICES,NORTH DAKOTA,ND,38,BURLEIGH,015,COUNTY,WHEAT,"SPRING, (EXCL DURUM)",ALL UTILIZATION PRACTICES,PRODUCTION,"WHEAT, SPRING, (EXCL DURUM) - PRODUCTION, MEASURED IN BU",BU,693000,16.10
2023,YEAR,ALL PRODUCTION PRACTICES,NORTH DAKOTA,ND,38,EMMONS,029,COUNTY,WHEAT,"SPRING, (EXCL DURUM)",ALL UTILIZATION PRACTICES,PRODUCTION,"WHEAT, SPRING, (EXCL DURUM) - PRODUCTION, MEASURED IN BU",BU,2399000,11.6
2022,YEAR,ALL PRODUCTION PRACTICES,NORTH DAKOTA,ND,38,EMMONS,029,COUNTY,WHEAT,"SPRING, (EXCL DURUM)",ALL UTILIZATION PRACTICES,PRODUCTION,"WHEAT, SPRING, (EXCL DURUM) - PRODUCTION, MEASURED IN BU",BU,1953000,12.6
2021,YEAR,ALL PRODUCTION PRACTICES,NORTH DAKOTA,ND,38,EMMONS,029,COUNTY,WHEAT,"SPRING, (EXCL DURUM)",ALL UTILIZATION PRACTICES,PRODUCTION,"WHEAT, SPRING, (EXCL DURUM) - PRODUCTION, MEASURED IN BU",BU,692000,16.60
2023,YEAR,ALL PRODUCTION PRACTICES,NORTH DAKOTA,ND,38,GRANT,037,COUNTY,WHEAT,"SPRING, (EXCL DURUM)",ALL UTILIZATION PRACTICES,PRODUCTION,"WHEAT, SPRING, (EXCL DURUM) - PRODUCTION, MEASURED IN BU",BU,4029000,4.4
2022,YEAR,ALL PRODUCTION PRACTICES,NORTH DAKOTA,ND,38,GRANT,037,COUNTY,WHEAT,"SPRING, (EXCL DURUM)",ALL UTILIZATION PRACTICES,PRODUCTION,"WHEAT, SPRING, (EXCL DURUM) - PRODUCTION, MEASURED IN BU",BU,3301000,10.4
2021,YEAR,ALL PRODUCTION PRACTICES,NORTH DAKOTA,ND,38,GRANT,037,COUNTY,WHEAT,"SPRING, (EXCL DURUM)",ALL UTILIZATION PRACTICES,PRODUCTION,"WHEAT, SPRING, (EXCL DURUM) - PRODUCTION, MEASURED IN BU",BU,1340000,11.50
2023,YEAR,ALL PRODUCTION PRACTICES,NORTH DAKOTA,ND,38,MORTON,059,COUNTY,WHEAT,"SPRING, (EXCL DURUM)",ALL UTILIZATION PRACTICES,PRODUCTION,"WHEAT, SPRING, (EXCL DURUM) - PRODUCTION, MEASURED IN BU",BU,7328000,5.5
2022,YEAR,ALL PRODUCTION PRACTICES,NORTH DAKOTA,ND,38,MORTON,059,COUNTY,WHEAT,"SPRING, (EXCL DURUM)",ALL UTILIZATION PRACTICES,PRODUCTION,"WHEAT, SPRING, (EXCL DURUM) - PRODUCTION, MEASURED IN BU",BU,5271000,6.2
2021,YEAR,ALL PRODUCTION PRACTICES,NORTH DAKOTA,ND,38,MORTON,059,COUNTY,WHEAT,"SPRING, (EXCL DURUM)",ALL UTILIZATION PRACTICES,PRODUCTION,"WHEAT, SPRING, (EXCL DURUM) - PRODUCTION, MEASURED IN BU",BU,1752000,5.90
2023,YEAR,ALL PRODUCTION PRACTICES,NORTH DAKOTA,ND,38,DICKEY,021,COUNTY,WHEAT,"SPRING, (EXCL DURUM)",ALL UTILIZATION PRACTICES,PRODUCTION,"WHEAT, SPRING, (EXCL DURUM) - PRODUCTION, MEASURED IN BU",BU,471000,5.3
2022,YEAR,ALL PRODUCTION PRACTICES,NORTH DAKOTA,ND,38,DICKEY,021,COUNTY,WHEAT,"SPRING, (EXCL DURUM)",ALL UTILIZATION PRACTICES,PRODUCTION,"WHEAT, SPRING, (EXCL DURUM) - PRODUCTION, MEASURED IN BU",BU,405000,7.8
2023,YEAR,ALL PRODUCTION PRACTICES,NORTH DAKOTA,ND,38,LA MOURE,045,COUNTY,WHEAT,"SPRING, (EXCL DURUM)",ALL UTILIZATION PRACTICES,PRODUCTION,"WHEAT, SPRING, (EXCL DURUM) - PRODUCTION, MEASURED IN BU",BU,1230000,4.2
2022,YEAR,ALL PRODUCTION PRACTICES,NORTH DAKOTA,ND,38,LA MOURE,045,COUNTY,WHEAT,"SPRING, (EXCL DURUM)",ALL UTILIZATION PRACTICES,PRODUCTION,"WHEAT, SPRING, (EXCL DURUM) - PRODUCTION, MEASURED IN BU",BU,1392000,7.1
2021,YEAR,ALL PRODUCTION PRACTICES,NORTH DAKOTA,ND,38,LA MOURE,045,COUNTY,WHEAT,"SPRING, (EXCL DURUM)",ALL UTILIZATION PRACTICES,PRODUCTION,"WHEAT, SPRING, (EXCL DURUM) - PRODUCTION, MEASURED IN BU",BU,897000,11.10
2023,YEAR,ALL PRODUCTION PRACTICES,NORTH DAKOTA,ND,38,LOGAN,047,COUNTY,WHEAT,"SPRING, (EXCL DURUM)",ALL UTILIZATION PRACTICES,PRODUCTION,"WHEAT, SPRING, (EXCL DURUM) - PRODUCTION, MEASURED IN BU",BU,1398000,8.0
2022,YEAR,ALL PRODUCTION PRACTICES,NORTH DAKOTA,ND,38,LOGAN,047,COUNTY,WHEAT,"SPRING, (EXCL DURUM)",ALL UTILIZATION PRACTICES,PRODUCTION,"WHEAT, SPRING, (EXCL DURUM) - PRODUCTION, MEASURED IN BU",BU,1598000,7.4
2021,YEAR,ALL PRODUCTION PRACTICES,NORTH DAKOTA,ND,38,LOGAN,047,COUNTY,WHEAT,"SPRING, (EXCL DURUM)",ALL UTILIZATION PRACTICES,PRODUCTION,"WHEAT, SPRING, (EXCL DURUM) - PRODUCTION, MEASURED IN BU",BU,632000,9.00
2023,YEAR,ALL PRODUCTION PRACTICES,NORTH DAKOTA,ND,38,MCINTOSH,051,COUNTY,WHEAT,"SPRING, (EXCL DURUM)",ALL UTILIZATION PRACTICES,PRODUCTION,"WHEAT, SPRING, (EXCL DURUM) - PRODUCTION, MEASURED IN BU",BU,2932000,7.2
2022,YEAR,ALL PRODUCTION PRACTICES,NORTH DAKOTA,ND,38,MCINTOSH,051,COUNTY,WHEAT,"SPRING, (EXCL DURUM)",ALL UTILIZATION PRACTICES,PRODUCTION,"WHEAT, SPRING, (EXCL DURUM) - PRODUCTION, MEASURED IN BU",BU,2497000,8.4
2021,YEAR,ALL PRODUCTION PRACTICES,NORTH DAKOTA,ND,38,MCINTOSH,051,COUNTY,WHEAT,"SPRING, (EXCL DURUM)",ALL UTILIZATION PRACTICES,PRODUCTION,"WHEAT, SPRING, (EXCL DURUM) - PRODUCTION, MEASURED IN BU",BU,1088000,9.50
2023,YEAR,ALL PRODUCTION PRACTICES,NORTH DAKOTA,ND,38,RANSOM,073,COUNTY,WHEAT,"SPRING, (EXCL DURUM)",ALL UTILIZATION PRACTICES,PRODUCTION,"WHEAT, SPRING, (EXCL DURUM) - PRODUCTION, MEASURED IN BU",BU,1009000,3.5
2022,YEAR,ALL PRODUCTION PRACTICES,NORTH DAKOTA,ND,38,RANSOM,073,COUNTY,WHEAT,"SPRING, (EXCL DURUM)",ALL UTILIZATION PRACTICES,PRODUCTION,"WHEAT, SPRING, (EXCL DURUM) - PRODUCTION, MEASURED IN BU",BU,1188000,5.7
2021,YEAR,ALL PRODUCTION PRACTICES,NORTH DAKOTA,ND,38,RANSOM,073,COUNTY,WHEAT,"SPRING, (EXCL DURUM)",ALL UTILIZATION PRACTICES,PRODUCTION,"WHEAT, SPRING, (EXCL DURUM) - PRODUCTION, MEASURED IN BU",BU,1224000,4.50
2023,YEAR,ALL PRODUCTION PRACTICES,NORTH DAKOTA,ND,38,RICHLAND,077,COUNTY,WHEAT,"SPRING, (EXCL DURUM)",ALL UTILIZATION PRACTICES,PRODUCTION,"WHEAT, SPRING, (EXCL DURUM) - PRODUCTION, MEASURED IN BU",BU,2395000,3.1
2022,YEAR,ALL PRODUCTION PRACTICES,NORTH DAKOTA,ND,38,RICHLAND,077,COUNTY,WHEAT,"SPRING, (EXCL DURUM)",ALL UTILIZATION PRACTICES,PRODUCTION,"WHEAT, SPRING, (EXCL DURUM) - PRODUCTION, MEASURED IN BU",BU,2279000,5.9
2021,YEAR,ALL PRODUCTION PRACTICES,NORTH DAKOTA,ND,38,RICHLAND,077,COUNTY,WHEAT,"SPRING, (EXCL DURUM)",ALL UTILIZATION PRACTICES,PRODUCTION,"WHEAT, SPRING, (EXCL DURUM) - PRODUCTION, MEASURED IN BU",BU,2614000,5.20
2022,YEAR,ALL PRODUCTION PRACTICES,NORTH DAKOTA,ND,38,SARGENT,081,COUNTY,WHEAT,"SPRING, (EXCL DURUM)",ALL UTILIZATION PRACTICES,PRODUCTION,"WHEAT, SPRING, (EXCL DURUM) - PRODUCTION, MEASURED IN BU",BU,435000,7.1
2023,YEAR,ALL PRODUCTION PRACTICES,NORTH DAKOTA,ND,38,OTHER COUNTIES,,COUNTY,WHEAT,"SPRING, (EXCL DURUM)",ALL UTILIZATION PRACTICES,PRODUCTION,"WHEAT, SPRING, (EXCL DURUM) - PRODUCTION, MEASURED IN BU",BU,45259000,1.9
2022,YEAR,ALL PRODUCTION PRACTICES,NORTH DAKOTA,ND,38,OTHER COUNTIES,,COUNTY,WHEAT,"SPRING, (EXCL DURUM)",ALL UTILIZATION PRACTICES,PRODUCTION,"WHEAT, SPRING, (EXCL DURUM) - PRODUCTION, MEASURED IN BU",BU,28213000,2.8
2021,YEAR,ALL PRODUCTION PRACTICES,NORTH DAKOTA,ND,38,OTHER COUNTIES,,COUNTY,WHEAT,"SPRING, (EXCL DURUM)",ALL UTILIZATION PRACTICES,PRODUCTION,"WHEAT, SPRING, (EXCL DURUM) - PRODUCTION, MEASURED IN BU",BU,21110000,5.90
2022,YEAR,ALL PRODUCTION PRACTICES,SOUTH DAKOTA,SD,46,CORSON,031,COUNTY,WHEAT,"SPRING, (EXCL DURUM)",ALL UTILIZATION PRACTICES,PRODUCTION,"WHEAT, SPRING, (EXCL DURUM) - PRODUCTION, MEASURED IN BU",BU,2699000,8.3
2021,YEAR,ALL PRODUCTION PRACTICES,SOUTH DAKOTA,SD,46,CORSON,031,COUNTY,WHEAT,"SPRING, (EXCL DURUM)",ALL UTILIZATION PRACTICES,PRODUCTION,"WHEAT, SPRING, (EXCL DURUM) - PRODUCTION, MEASURED IN BU",BU,1637000,9.30
2023,YEAR,ALL PRODUCTION PRACTICES,SOUTH DAKOTA,SD,46,ZIEBACH,137,COUNTY,WHEAT,"SPRING, (EXCL DURUM)",ALL UTILIZATION PRACTICES,PRODUCTION,"WHEAT, SPRING, (EXCL DURUM) - PRODUCTION, MEASURED IN BU",BU,498000,8.0
2022,YEAR,ALL PRODUCTION PRACTICES,SOUTH DAKOTA,SD,46,ZIEBACH,137,COUNTY,WHEAT,"SPRING, (EXCL DURUM)",ALL UTILIZATION PRACTICES,PRODUCTION,"WHEAT, SPRING, (EXCL DURUM) - PRODUCTION, MEASURED IN BU",BU,601000,3.9
2021,YEAR,ALL PRODUCTION PRACTICES,SOUTH DAKOTA,SD,46,ZIEBACH,137,COUNTY,WHEAT,"SPRING, (EXCL DURUM)",ALL UTILIZATION PRACTICES,PRODUCTION,"WHEAT, SPRING, (EXCL DURUM) - PRODUCTION, MEASURED IN BU",BU,353000,3.40
2023,YEAR,ALL PRODUCTION PRACTICES,SOUTH DAKOTA,SD,46,BROWN,013,COUNTY,WHEAT,"SPRING, (EXCL DURUM)",ALL UTILIZATION PRACTICES,PRODUCTION,"WHEAT, SPRING, (EXCL DURUM) - PRODUCTION, MEASURED IN BU",BU,339000,11.7
2022,YEAR,ALL PRODUCTION PRACTICES,SOUTH DAKOTA,SD,46,BROWN,013,COUNTY,WHEAT,"SPRING, (EXCL DURUM)",ALL UTILIZATION PRACTICES,PRODUCTION,"WHEAT, SPRING, (EXCL DURUM) - PRODUCTION, MEASURED IN BU",BU,462000,4.9
2021,YEAR,ALL PRODUCTION PRACTICES,SOUTH DAKOTA,SD,46,BROWN,013,COUNTY,WHEAT,"SPRING, (EXCL DURUM)",ALL UTILIZATION PRACTICES,PRODUCTION,"WHEAT, SPRING, (EXCL DURUM) - PRODUCTION, MEASURED IN BU",BU,473000,6.30
2022,YEAR,ALL PRODUCTION PRACTICES,SOUTH DAKOTA,SD,46,CAMPBELL,021,COUNTY,WHEAT,"SPRING, (EXCL DURUM)",ALL UTILIZATION PRACTICES,PRODUCTION,"WHEAT, SPRING, (EXCL DURUM) - PRODUCTION, MEASURED IN BU",BU,1207000,7.2
2021,YEAR,ALL PRODUCTION PRACTICES,SOUTH DAKOTA,SD,46,CAMPBELL,021,COUNTY,WHEAT,"SPRING, (EXCL DURUM)",ALL UTILIZATION PRACTICES,PRODUCTION,"WHEAT, SPRING, (EXCL DURUM) - PRODUCTION, MEASURED IN BU",BU,309000,18.00
2022,YEAR,ALL PRODUCTION PRACTICES,SOUTH DAKOTA,SD,46,EDMUNDS,045,COUNTY,WHEAT,"SPRING, (EXCL DURUM)",ALL UTILIZATION PRACTICES,PRODUCTION,"WHEAT, SPRING, (EXCL DURUM) - PRODUCTION, MEASURED IN BU",BU,1482000,3.5
2021,YEAR,ALL PRODUCTION PRACTICES,SOUTH DAKOTA,SD,46,EDMUNDS,045,COUNTY,WHEAT,"SPRING, (EXCL DURUM)",ALL UTILIZATION PRACTICES,PRODUCTION,"WHEAT, SPRING, (EXCL DURUM) - PRODUCTION, MEASURED IN BU",BU,776000,13.40
2023,YEAR,ALL PRODUCTION PRACTICES,SOUTH DAKOTA,SD,46,POTTER,107,COUNTY,WHEAT,"SPRING, (EXCL DURUM)",ALL UTILIZATION PRACTICES,PRODUCTION,"WHEAT, SPRING, (EXCL DURUM) - PRODUCTION, MEASURED IN BU",BU,2621000,8.3
2022,YEAR,ALL PRODUCTION PRACTICES,SOUTH DAKOTA,SD,46,POTTER,107,COUNTY,WHEAT,"SPRING, (EXCL DURUM)",ALL UTILIZATION PRACTICES,PRODUCTION,"WHEAT, SPRING, (EXCL DURUM) - PRODUCTION, MEASURED IN BU",BU,3684000,5.8
2022,YEAR,ALL PRODUCTION PRACTICES,SOUTH DAKOTA,SD,46,SPINK,115,COUNTY,WHEAT,"SPRING, (EXCL DURUM)",ALL UTILIZATION PRACTICES,PRODUCTION,"WHEAT, SPRING, (EXCL DURUM) - PRODUCTION, MEASURED IN BU",BU,758000,5.6
2021,YEAR,ALL PRODUCTION PRACTICES,SOUTH DAKOTA,SD,46,SPINK,115,COUNTY,WHEAT,"SPRING, (EXCL DURUM)",ALL UTILIZATION PRACTICES,PRODUCTION,"WHEAT, SPRING, (EXCL DURUM) - PRODUCTION, MEASURED IN BU",BU,449000,9.30
2022,YEAR,ALL PRODUCTION PRACTICES,SOUTH DAKOTA,SD,46,WALWORTH,129,COUNTY,WHEAT,"SPRING, (EXCL DURUM)",ALL UTILIZATION PRACTICES,PRODUCTION,"WHEAT, SPRING, (EXCL DURUM) - PRODUCTION, MEASURED IN BU",BU,1814000,6.5
2021,YEAR,ALL PRODUCTION PRACTICES,SOUTH DAKOTA,SD,46,WALWORTH,129,COUNTY,WHEAT,"SPRING, (EXCL DURUM)",ALL UTILIZATION PRACTICES,PRODUCTION,"WHEAT, SPRING, (EXCL DURUM) - PRODUCTION, MEASURED IN BU",BU,562000,5.90
2021,YEAR,ALL PRODUCTION PRACTICES,SOUTH DAKOTA,SD,46,CLARK,025,COUNTY,WHEAT,"SPRING, (EXCL DURUM)",ALL UTILIZATION PRACTICES,PRODUCTION,"WHEAT, SPRING, (EXCL DURUM) - PRODUCTION, MEASURED IN BU",BU,389000,7.60
2022,YEAR,ALL PRODUCTION PRACTICES,SOUTH DAKOTA,SD,46,CODINGTON,029,COUNTY,WHEAT,"SPRING, (EXCL DURUM)",ALL UTILIZATION PRACTICES,PRODUCTION,"WHEAT, SPRING, (EXCL DURUM) - PRODUCTION, MEASURED IN BU",BU,469000,5.8
2023,YEAR,ALL PRODUCTION PRACTICES,SOUTH DAKOTA,SD,46,DAY,037,COUNTY,WHEAT,"SPRING, (EXCL DURUM)",ALL UTILIZATION PRACTICES,PRODUCTION,"WHEAT, SPRING, (EXCL DURUM) - PRODUCTION, MEASURED IN BU",BU,791000,7.3
2021,YEAR,ALL PRODUCTION PRACTICES,SOUTH DAKOTA,SD,46,DAY,037,COUNTY,WHEAT,"SPRING, (EXCL DURUM)",ALL UTILIZATION PRACTICES,PRODUCTION,"WHEAT, SPRING, (EXCL DURUM) - PRODUCTION, MEASURED IN BU",BU,836000,5.80
2023,YEAR,ALL PRODUCTION PRACTICES,SOUTH DAKOTA,SD,46,DEUEL,039,COUNTY,WHEAT,"SPRING, (EXCL DURUM)",ALL UTILIZATION PRACTICES,PRODUCTION,"WHEAT, SPRING, (EXCL DURUM) - PRODUCTION, MEASURED IN BU",BU,293000,7.6
2022,YEAR,ALL PRODUCTION PRACTICES,SOUTH DAKOTA,SD,46,DEUEL,039,COUNTY,WHEAT,"SPRING, (EXCL DURUM)",ALL UTILIZATION PRACTICES,PRODUCTION,"WHEAT, SPRING, (EXCL DURUM) - PRODUCTION, MEASURED IN BU",BU,335000,4.8
2021,YEAR,ALL PRODUCTION PRACTICES,SOUTH DAKOTA,SD,46,DEUEL,039,COUNTY,WHEAT,"SPRING, (EXCL DURUM)",ALL UTILIZATION PRACTICES,PRODUCTION,"WHEAT, SPRING, (EXCL DURUM) - PRODUCTION, MEASURED IN BU",BU,306000,5.70
2023,YEAR,ALL PRODUCTION PRACTICES,SOUTH DAKOTA,SD,46,GRANT,051,COUNTY,WHEAT,"SPRING, (EXCL DURUM)",ALL UTILIZATION PRACTICES,PRODUCTION,"WHEAT, SPRING, (EXCL DURUM) - PRODUCTION, MEASURED IN BU",BU,333000,6.8
2022,YEAR,ALL PRODUCTION PRACTICES,SOUTH DAKOTA,SD,46,GRANT,051,COUNTY,WHEAT,"SPRING, (EXCL DURUM)",ALL UTILIZATION PRACTICES,PRODUCTION,"WHEAT, SPRING, (EXCL DURUM) - PRODUCTION, MEASURED IN BU",BU,398000,9.5
2021,YEAR,ALL PRODUCTION PRACTICES,SOUTH DAKOTA,SD,46,GRANT,051,COUNTY,WHEAT,"SPRING, (EXCL DURUM)",ALL UTILIZATION PRACTICES,PRODUCTION,"WHEAT, SPRING, (EXCL DURUM) - PRODUCTION, MEASURED IN BU",BU,506000,4.40
2023,YEAR,ALL PRODUCTION PRACTICES,SOUTH DAKOTA,SD,46,HAMLIN,057,COUNTY,WHEAT,"SPRING, (EXCL DURUM)",ALL UTILIZATION PRACTICES,PRODUCTION,"WHEAT, SPRING, (EXCL DURUM) - PRODUCTION, MEASURED IN BU",BU,152000,5.7
2022,YEAR,ALL PRODUCTION PRACTICES,SOUTH DAKOTA,SD,46,HAMLIN,057,COUNTY,WHEAT,"SPRING, (EXCL DURUM)",ALL UTILIZATION PRACTICES,PRODUCTION,"WHEAT, SPRING, (EXCL DURUM) - PRODUCTION, MEASURED IN BU",BU,149000,7.1
2021,YEAR,ALL PRODUCTION PRACTICES,SOUTH DAKOTA,SD,46,HAMLIN,057,COUNTY,WHEAT,"SPRING, (EXCL DURUM)",ALL UTILIZATION PRACTICES,PRODUCTION,"WHEAT, SPRING, (EXCL DURUM) - PRODUCTION, MEASURED IN BU",BU,169000,9.70
2023,YEAR,ALL PRODUCTION PRACTICES,SOUTH DAKOTA,SD,46,MARSHALL,091,COUNTY,WHEAT,"SPRING, (EXCL DURUM)",ALL UTILIZATION PRACTICES,PRODUCTION,"WHEAT, SPRING, (EXCL DURUM) - PRODUCTION, MEASURED IN BU",BU,175000,13.8
2022,YEAR,ALL PRODUCTION PRACTICES,SOUTH DAKOTA,SD,46,MARSHALL,091,COUNTY,WHEAT,"SPRING, (EXCL DURUM)",ALL UTILIZATION PRACTICES,PRODUCTION,"WHEAT, SPRING, (EXCL DURUM) - PRODUCTION, MEASURED IN BU",BU,154000,8.5
2021,YEAR,ALL PRODUCTION PRACTICES,SOUTH DAKOTA,SD,46,MARSHALL,091,COUNTY,WHEAT,"SPRING, (EXCL DURUM)",ALL UTILIZATION PRACTICES,PRODUCTION,"WHEAT, SPRING, (EXCL DURUM) - PRODUCTION, MEASURED IN BU",BU,255000,5.30
2023,YEAR,ALL PRODUCTION PRACTICES,SOUTH DAKOTA,SD,46,ROBERTS,109,COUNTY,WHEAT,"SPRING, (EXCL DURUM)",ALL UTILIZATION PRACTICES,PRODUCTION,"WHEAT, SPRING, (EXCL DURUM) - PRODUCTION, MEASURED IN BU",BU,245000,9.6
2022,YEAR,ALL PRODUCTION PRACTICES,SOUTH DAKOTA,SD,46,ROBERTS,109,COUNTY,WHEAT,"SPRING, (EXCL DURUM)",ALL UTILIZATION PRACTICES,PRODUCTION,"WHEAT, SPRING, (EXCL DURUM) - PRODUCTION, MEASURED IN BU",BU,235000,4.7
2021,YEAR,ALL PRODUCTION PRACTICES,SOUTH DAKOTA,SD,46,ROBERTS,109,COUNTY,WHEAT,"SPRING, (EXCL DURUM)",ALL UTILIZATION PRACTICES,PRODUCTION,"WHEAT, SPRING, (EXCL DURUM) - PRODUCTION, MEASURED IN BU",BU,593000,8.50
2022,YEAR,ALL PRODUCTION PRACTICES,SOUTH DAKOTA,SD,46,JACKSON,071,COUNTY,WHEAT,"SPRING, (EXCL DURUM)",ALL UTILIZATION PRACTICES,PRODUCTION,"WHEAT, SPRING, (EXCL DURUM) - PRODUCTION, MEASURED IN BU",BU,112000,18.5
2021,YEAR,ALL PRODUCTION PRACTICES,SOUTH DAKOTA,SD,46,JACKSON,071,COUNTY,WHEAT,"SPRING, (EXCL DURUM)",ALL UTILIZATION PRACTICES,PRODUCTION,"WHEAT, SPRING, (EXCL DURUM) - PRODUCTION, MEASURED IN BU",BU,111000,4.30
2022,YEAR,ALL PRODUCTION PRACTICES,SOUTH DAKOTA,SD,46,MEADE,093,COUNTY,WHEAT,"SPRING, (EXCL DURUM)",ALL UTILIZATION PRACTICES,PRODUCTION,"WHEAT, SPRING, (EXCL DURUM) - PRODUCTION, MEASURED IN BU",BU,129000,3.3
2021,YEAR,ALL PRODUCTION PRACTICES,SOUTH DAKOTA,SD,46,MEADE,093,COUNTY,WHEAT,"SPRING, (EXCL DURUM)",ALL UTILIZATION PRACTICES,PRODUCTION,"WHEAT, SPRING, (EXCL DURUM) - PRODUCTION, MEASURED IN BU",BU,67100,3.60
2021,YEAR,ALL PRODUCTION PRACTICES,SOUTH DAKOTA,SD,46,PENNINGTON,103,COUNTY,WHEAT,"SPRING, (EXCL DURUM)",ALL UTILIZATION PRACTICES,PRODUCTION,"WHEAT, SPRING, (EXCL DURUM) - PRODUCTION, MEASURED IN BU",BU,116000,18.70
2022,YEAR,ALL PRODUCTION PRACTICES,SOUTH DAKOTA,SD,46,BUFFALO,017,COUNTY,WHEAT,"SPRING, (EXCL DURUM)",ALL UTILIZATION PRACTICES,PRODUCTION,"WHEAT, SPRING, (EXCL DURUM) - PRODUCTION, MEASURED IN BU",BU,268000,6.6
2021,YEAR,ALL PRODUCTION PRACTICES,SOUTH DAKOTA,SD,46,BUFFALO,017,COUNTY,WHEAT,"SPRING, (EXCL DURUM)",ALL UTILIZATION PRACTICES,PRODUCTION,"WHEAT, SPRING, (EXCL DURUM) - PRODUCTION, MEASURED IN BU",BU,55300,11.50
2023,YEAR,ALL PRODUCTION PRACTICES,SOUTH DAKOTA,SD,46,HAND,059,COUNTY,WHEAT,"SPRING, (EXCL DURUM)",ALL UTILIZATION PRACTICES,PRODUCTION,"WHEAT, SPRING, (EXCL DURUM) - PRODUCTION, MEASURED IN BU",BU,154000,14.5
2022,YEAR,ALL PRODUCTION PRACTICES,SOUTH DAKOTA,SD,46,HAND,059,COUNTY,WHEAT,"SPRING, (EXCL DURUM)",ALL UTILIZATION PRACTICES,PRODUCTION,"WHEAT, SPRING, (EXCL DURUM) - PRODUCTION, MEASURED IN BU",BU,780000,4.4
2021,YEAR,ALL PRODUCTION PRACTICES,SOUTH DAKOTA,SD,46,HAND,059,COUNTY,WHEAT,"SPRING, (EXCL DURUM)",ALL UTILIZATION PRACTICES,PRODUCTION,"WHEAT, SPRING, (EXCL DURUM) - PRODUCTION, MEASURED IN BU",BU,392000,7.80
2022,YEAR,ALL PRODUCTION PRACTICES,SOUTH DAKOTA,SD,46,HUGHES,065,COUNTY,WHEAT,"SPRING, (EXCL DURUM)",ALL UTILIZATION PRACTICES,PRODUCTION,"WHEAT, SPRING, (EXCL DURUM) - PRODUCTION, MEASURED IN BU",BU,2089000,5.6
2022,YEAR,ALL PRODUCTION PRACTICES,SOUTH DAKOTA,SD,46,SULLY,119,COUNTY,WHEAT,"SPRING, (EXCL DURUM)",ALL UTILIZATION PRACTICES,PRODUCTION,"WHEAT, SPRING, (EXCL DURUM) - PRODUCTION, MEASURED IN BU",BU,4446000,3.9
2023,YEAR,ALL PRODUCTION PRACTICES,SOUTH DAKOTA,SD,46,BROOKINGS,011,COUNTY,WHEAT,"SPRING, (EXCL DURUM)",ALL UTILIZATION PRACTICES,PRODUCTION,"WHEAT, SPRING, (EXCL DURUM) - PRODUCTION, MEASURED IN BU",BU,117000,7.9
2022,YEAR,ALL PRODUCTION PRACTICES,SOUTH DAKOTA,SD,46,BROOKINGS,011,COUNTY,WHEAT,"SPRING, (EXCL DURUM)",ALL UTILIZATION PRACTICES,PRODUCTION,"WHEAT, SPRING, (EXCL DURUM) - PRODUCTION, MEASURED IN BU",BU,186000,4.6
2021,YEAR,ALL PRODUCTION PRACTICES,SOUTH DAKOTA,SD,46,BROOKINGS,011,COUNTY,WHEAT,"SPRING, (EXCL DURUM)",ALL UTILIZATION PRACTICES,PRODUCTION,"WHEAT, SPRING, (EXCL DURUM) - PRODUCTION, MEASURED IN BU",BU,121000,4.00
2022,YEAR,ALL PRODUCTION PRACTICES,SOUTH DAKOTA,SD,46,KINGSBURY,077,COUNTY,WHEAT,"SPRING, (EXCL DURUM)",ALL UTILIZATION PRACTICES,PRODUCTION,"WHEAT, SPRING, (EXCL DURUM) - PRODUCTION, MEASURED IN BU",BU,96300,8.5
2021,YEAR,ALL PRODUCTION PRACTICES,SOUTH DAKOTA,SD,46,KINGSBURY,077,COUNTY,WHEAT,"SPRING, (EXCL DURUM)",ALL UTILIZATION PRACTICES,PRODUCTION,"WHEAT, SPRING, (EXCL DURUM) - PRODUCTION, MEASURED IN BU",BU,75900,4.40
2021,YEAR,ALL PRODUCTION PRACTICES,SOUTH DAKOTA,SD,46,JONES,075,COUNTY,WHEAT,"SPRING, (EXCL DURUM)",ALL UTILIZATION PRACTICES,PRODUCTION,"WHEAT, SPRING, (EXCL DURUM) - PRODUCTION, MEASURED IN BU",BU,106000,5.40
2023,YEAR,ALL PRODUCTION PRACTICES,SOUTH DAKOTA,SD,46,LYMAN,085,COUNTY,WHEAT,"SPRING, (EXCL DURUM)",ALL UTILIZATION PRACTICES,PRODUCTION,"WHEAT, SPRING, (EXCL DURUM) - PRODUCTION, MEASURED IN BU",BU,806000,10.5
2022,YEAR,ALL PRODUCTION PRACTICES,SOUTH DAKOTA,SD,46,LYMAN,085,COUNTY,WHEAT,"SPRING, (EXCL DURUM)",ALL UTILIZATION PRACTICES,PRODUCTION,"WHEAT, SPRING, (EXCL DURUM) - PRODUCTION, MEASURED IN BU",BU,1130000,5.2
2021,YEAR,ALL PRODUCTION PRACTICES,SOUTH DAKOTA,SD,46,LYMAN,085,COUNTY,WHEAT,"SPRING, (EXCL DURUM)",ALL UTILIZATION PRACTICES,PRODUCTION,"WHEAT, SPRING, (EXCL DURUM) - PRODUCTION, MEASURED IN BU",BU,249000,11.60
2022,YEAR,ALL PRODUCTION PRACTICES,SOUTH DAKOTA,SD,46,MELLETTE,095,COUNTY,WHEAT,"SPRING, (EXCL DURUM)",ALL UTILIZATION PRACTICES,PRODUCTION,"WHEAT, SPRING, (EXCL DURUM) - PRODUCTION, MEASURED IN BU",BU,110000,5.5
2023,YEAR,ALL PRODUCTION PRACTICES,SOUTH DAKOTA,SD,46,TRIPP,123,COUNTY,WHEAT,"SPRING, (EXCL DURUM)",ALL UTILIZATION PRACTICES,PRODUCTION,"WHEAT, SPRING, (EXCL DURUM) - PRODUCTION, MEASURED IN BU",BU,155000,8.0
2022,YEAR,ALL PRODUCTION PRACTICES,SOUTH DAKOTA,SD,46,TRIPP,123,COUNTY,WHEAT,"SPRING, (EXCL DURUM)",ALL UTILIZATION PRACTICES,PRODUCTION,"WHEAT, SPRING, (EXCL DURUM) - PRODUCTION, MEASURED IN BU",BU,191000,6.6
2022,YEAR,ALL PRODUCTION PRACTICES,SOUTH DAKOTA,SD,46,HUTCHINSON,067,COUNTY,WHEAT,"SPRING, (EXCL DURUM)",ALL UTILIZATION PRACTICES,PRODUCTION,"WHEAT, SPRING, (EXCL DURUM) - PRODUCTION, MEASURED IN BU",BU,14800,6.2
2023,YEAR,ALL PRODUCTION PRACTICES,SOUTH DAKOTA,SD,46,OTHER COUNTIES,,COUNTY,WHEAT,"SPRING, (EXCL DURUM)",ALL UTILIZATION PRACTICES,PRODUCTION,"WHEAT, SPRING, (EXCL DURUM) - PRODUCTION, MEASURED IN BU",BU,21271000,1.2
2022,YEAR,ALL PRODUCTION PRACTICES,SOUTH DAKOTA,SD,46,OTHER COUNTIES,,COUNTY,WHEAT,"SPRING, (EXCL DURUM)",ALL UTILIZATION PRACTICES,PRODUCTION,"WHEAT, SPRING, (EXCL DURUM) - PRODUCTION, MEASURED IN BU",BU,10080900,2.2
2021,YEAR,ALL PRODUCTION PRACTICES,SOUTH DAKOTA,SD,46,OTHER COUNTIES,,COUNTY,WHEAT,"SPRING, (EXCL DURUM)",ALL UTILIZATION PRACTICES,PRODUCTION,"WHEAT, SPRING, (EXCL DURUM) - PRODUCTION, MEASURED IN BU",BU,7913700,2.10
2023,YEAR,ALL PRODUCTION PRACTICES,WASHINGTON,WA,53,BENTON,005,COUNTY,WHEAT,"SPRING, (EXCL DURUM)",ALL UTILIZATION PRACTICES,PRODUCTION,"WHEAT, SPRING, (EXCL DURUM) - PRODUCTION, MEASURED IN BU",BU,65900,8.4
2022,YEAR,ALL PRODUCTION PRACTICES,WASHINGTON,WA,53,BENTON,005,COUNTY,WHEAT,"SPRING, (EXCL DURUM)",ALL UTILIZATION PRACTICES,PRODUCTION,"WHEAT, SPRING, (EXCL DURUM) - PRODUCTION, MEASURED IN BU",BU,134000,25.7
2023,YEAR,ALL PRODUCTION PRACTICES,WASHINGTON,WA,53,KITTITAS,037,COUNTY,WHEAT,"SPRING, (EXCL DURUM)",ALL UTILIZATION PRACTICES,PRODUCTION,"WHEAT, SPRING, (EXCL DURUM) - PRODUCTION, MEASURED IN BU",BU,69200,11.5
2023,YEAR,ALL PRODUCTION PRACTICES,WASHINGTON,WA,53,KLICKITAT,039,COUNTY,WHEAT,"SPRING, (EXCL DURUM)",ALL UTILIZATION PRACTICES,PRODUCTION,"WHEAT, SPRING, (EXCL DURUM) - PRODUCTION, MEASURED IN BU",BU,543000,13.2
2022,YEAR,ALL PRODUCTION PRACTICES,WASHINGTON,WA,53,KLICKITAT,039,COUNTY,WHEAT,"SPRING, (EXCL DURUM)",ALL UTILIZATION PRACTICES,PRODUCTION,"WHEAT, SPRING, (EXCL DURUM) - PRODUCTION, MEASURED IN BU",BU,595000,10.2
2021,YEAR,ALL PRODUCTION PRACTICES,WASHINGTON,WA,53,KLICKITAT,039,COUNTY,WHEAT,"SPRING, (EXCL DURUM)",ALL UTILIZATION PRACTICES,PRODUCTION,"WHEAT, SPRING, (EXCL DURUM) - PRODUCTION, MEASURED IN BU",BU,222000,19.20
2022,YEAR,ALL PRODUCTION PRACTICES,WASHINGTON,WA,53,OKANOGAN,047,COUNTY,WHEAT,"SPRING, (EXCL DURUM)",ALL UTILIZATION PRACTICES,PRODUCTION,"WHEAT, SPRING, (EXCL DURUM) - PRODUCTION, MEASURED IN BU",BU,94100,18.0
2021,YEAR,ALL PRODUCTION PRACTICES,WASHINGTON,WA,53,OKANOGAN,047,COUNTY,WHEAT,"SPRING, (EXCL DURUM)",ALL UTILIZATION PRACTICES,PRODUCTION,"WHEAT, SPRING, (EXCL DURUM) - PRODUCTION, MEASURED IN BU",BU,46900,31.90
2021,YEAR,ALL PRODUCTION PRACTICES,WASHINGTON,WA,53,YAKIMA,077,COUNTY,WHEAT,"SPRING, (EXCL DURUM)",ALL UTILIZATION PRACTICES,PRODUCTION,"WHEAT, SPRING, (EXCL DURUM) - PRODUCTION, MEASURED IN BU",BU,178000,61.70
2023,YEAR,ALL PRODUCTION PRACTICES,WASHINGTON,WA,53,SPOKANE,063,COUNTY,WHEAT,"SPRING, (EXCL DURUM)",ALL UTILIZATION PRACTICES,PRODUCTION,"WHEAT, SPRING, (EXCL DURUM) - PRODUCTION, MEASURED IN BU",BU,1950000,10.6
2022,YEAR,ALL PRODUCTION PRACTICES,WASHINGTON,WA,53,SPOKANE,063,COUNTY,WHEAT,"SPRING, (EXCL DURUM)",ALL UTILIZATION PRACTICES,PRODUCTION,"WHEAT, SPRING, (EXCL DURUM) - PRODUCTION, MEASURED IN BU",BU,2005000,16.6
2021,YEAR,ALL PRODUCTION PRACTICES,WASHINGTON,WA,53,SPOKANE,063,COUNTY,WHEAT,"SPRING, (EXCL DURUM)",ALL UTILIZATION PRACTICES,PRODUCTION,"WHEAT, SPRING, (EXCL DURUM) - PRODUCTION, MEASURED IN BU",BU,1820000,18.50
2023,YEAR,ALL PRODUCTION PRACTICES,WASHINGTON,WA,53,ADAMS,001,COUNTY,WHEAT,"SPRING, (EXCL DURUM)",ALL UTILIZATION PRACTICES,PRODUCTION,"WHEAT, SPRING, (EXCL DURUM) - PRODUCTION, MEASURED IN BU",BU,208000,10.3
2022,YEAR,ALL PRODUCTION PRACTICES,WASHINGTON,WA,53,DOUGLAS,017,COUNTY,WHEAT,"SPRING, (EXCL DURUM)",ALL UTILIZATION PRACTICES,PRODUCTION,"WHEAT, SPRING, (EXCL DURUM) - PRODUCTION, MEASURED IN BU",BU,72000,5.3
2021,YEAR,ALL PRODUCTION PRACTICES,WASHINGTON,WA,53,DOUGLAS,017,COUNTY,WHEAT,"SPRING, (EXCL DURUM)",ALL UTILIZATION PRACTICES,PRODUCTION,"WHEAT, SPRING, (EXCL DURUM) - PRODUCTION, MEASURED IN BU",BU,97500,24.70
2023,YEAR,ALL PRODUCTION PRACTICES,WASHINGTON,WA,53,FRANKLIN,021,COUNTY,WHEAT,"SPRING, (EXCL DURUM)",ALL UTILIZATION PRACTICES,PRODUCTION,"WHEAT, SPRING, (EXCL DURUM) - PRODUCTION, MEASURED IN BU",BU,92600,9.1
2021,YEAR,ALL PRODUCTION PRACTICES,WASHINGTON,WA,53,FRANKLIN,021,COUNTY,WHEAT,"SPRING, (EXCL DURUM)",ALL UTILIZATION PRACTICES,PRODUCTION,"WHEAT, SPRING, (EXCL DURUM) - PRODUCTION, MEASURED IN BU",BU,165000,41.60
2023,YEAR,ALL PRODUCTION PRACTICES,WASHINGTON,WA,53,GRANT,025,COUNTY,WHEAT,"SPRING, (EXCL DURUM)",ALL UTILIZATION PRACTICES,PRODUCTION,"WHEAT, SPRING, (EXCL DURUM) - PRODUCTION, MEASURED IN BU",BU,527000,25.6
2021,YEAR,ALL PRODUCTION PRACTICES,WASHINGTON,WA,53,GRANT,025,COUNTY,WHEAT,"SPRING, (EXCL DURUM)",ALL UTILIZATION PRACTICES,PRODUCTION,"WHEAT, SPRING, (EXCL DURUM) - PRODUCTION, MEASURED IN BU",BU,790000,11.90
2022,YEAR,ALL PRODUCTION PRACTICES,WASHINGTON,WA,53,LINCOLN,043,COUNTY,WHEAT,"SPRING, (EXCL DURUM)",ALL UTILIZATION PRACTICES,PRODUCTION,"WHEAT, SPRING, (EXCL DURUM) - PRODUCTION, MEASURED IN BU",BU,3759000,6.7
2021,YEAR,ALL PRODUCTION PRACTICES,WASHINGTON,WA,53,LINCOLN,043,COUNTY,WHEAT,"SPRING, (EXCL DURUM)",ALL UTILIZATION PRACTICES,PRODUCTION,"WHEAT, SPRING, (EXCL DURUM) - PRODUCTION, MEASURED IN BU",BU,2830000,10.20
2021,YEAR,ALL PRODUCTION PRACTICES,WASHINGTON,WA,53,ASOTIN,003,COUNTY,WHEAT,"SPRING, (EXCL DURUM)",ALL UTILIZATION PRACTICES,PRODUCTION,"WHEAT, SPRING, (EXCL DURUM) - PRODUCTION, MEASURED IN BU",BU,58800,16.50
2023,YEAR,ALL PRODUCTION PRACTICES,WASHINGTON,WA,53,COLUMBIA,013,COUNTY,WHEAT,"SPRING, (EXCL DURUM)",ALL UTILIZATION PRACTICES,PRODUCTION,"WHEAT, SPRING, (EXCL DURUM) - PRODUCTION, MEASURED IN BU",BU,1266000,6.9
2022,YEAR,ALL PRODUCTION PRACTICES,WASHINGTON,WA,53,COLUMBIA,013,COUNTY,WHEAT,"SPRING, (EXCL DURUM)",ALL UTILIZATION PRACTICES,PRODUCTION,"WHEAT, SPRING, (EXCL DURUM) - PRODUCTION, MEASURED IN BU",BU,1481000,10.3
2021,YEAR,ALL PRODUCTION PRACTICES,WASHINGTON,WA,53,COLUMBIA,013,COUNTY,WHEAT,"SPRING, (EXCL DURUM)",ALL UTILIZATION PRACTICES,PRODUCTION,"WHEAT, SPRING, (EXCL DURUM) - PRODUCTION, MEASURED IN BU",BU,765000,11.50
2021,YEAR,ALL PRODUCTION PRACTICES,WASHINGTON,WA,53,GARFIELD,023,COUNTY,WHEAT,"SPRING, (EXCL DURUM)",ALL UTILIZATION PRACTICES,PRODUCTION,"WHEAT, SPRING, (EXCL DURUM) - PRODUCTION, MEASURED IN BU",BU,703000,15.00
2023,YEAR,ALL PRODUCTION PRACTICES,WASHINGTON,WA,53,WALLA WALLA,071,COUNTY,WHEAT,"SPRING, (EXCL DURUM)",ALL UTILIZATION PRACTICES,PRODUCTION,"WHEAT, SPRING, (EXCL DURUM) - PRODUCTION, MEASURED IN BU",BU,1103000,16.9
2021,YEAR,ALL PRODUCTION PRACTICES,WASHINGTON,WA,53,WALLA WALLA,071,COUNTY,WHEAT,"SPRING, (EXCL DURUM)",ALL UTILIZATION PRACTICES,PRODUCTION,"WHEAT, SPRING, (EXCL DURUM) - PRODUCTION, MEASURED IN BU",BU,1205000,18.30
2023,YEAR,ALL PRODUCTION PRACTICES,WASHINGTON,WA,53,WHITMAN,075,COUNTY,WHEAT,"SPRING, (EXCL DURUM)",ALL UTILIZATION PRACTICES,PRODUCTION,"WHEAT, SPRING, (EXCL DURUM) - PRODUCTION, MEASURED IN BU",BU,7700000,3.6
2022,YEAR,ALL PRODUCTION PRACTICES,WASHINGTON,WA,53,WHITMAN,075,COUNTY,WHEAT,"SPRING, (EXCL DURUM)",ALL UTILIZATION PRACTICES,PRODUCTION,"WHEAT, SPRING, (EXCL DURUM) - PRODUCTION, MEASURED IN BU",BU,8702000,3.5
2021,YEAR,ALL PRODUCTION PRACTICES,WASHINGTON,WA,53,WHITMAN,075,COUNTY,WHEAT,"SPRING, (EXCL DURUM)",ALL UTILIZATION PRACTICES,PRODUCTION,"WHEAT, SPRING, (EXCL DURUM) - PRODUCTION, MEASURED IN BU",BU,6555000,8.70
2023,YEAR,ALL PRODUCTION PRACTICES,WASHINGTON,WA,53,OTHER COUNTIES,,COUNTY,WHEAT,"SPRING, (EXCL DURUM)",ALL UTILIZATION PRACTICES,PRODUCTION,"WHEAT, SPRING, (EXCL DURUM) - PRODUCTION, MEASURED IN BU",BU,5095300,4.6
2022,YEAR,ALL PRODUCTION PRACTICES,WASHINGTON,WA,53,OTHER COUNTIES,,COUNTY,WHEAT,"SPRING, (EXCL DURUM)",ALL UTILIZATION PRACTICES,PRODUCTION,"WHEAT, SPRING, (EXCL DURUM) - PRODUCTION, MEASURED IN BU",BU,4777900,4.6
2021,YEAR,ALL PRODUCTION PRACTICES,WASHINGTON,WA,53,OTHER COUNTIES,,COUNTY,WHEAT,"SPRING, (EXCL DURUM)",ALL UTILIZATION PRACTICES,PRODUCTION,"WHEAT, SPRING, (EXCL DURUM) - PRODUCTION, MEASURED IN BU",BU,763800,20.10
